InventoryId,Store,City,Brand,Description,Size,onHand,Price,startDate
33_HORNSEY_5075,33,HORNSEY,5075,Tuaca Italian Liqueur,750mL,12,21.99,2024-01-01
34_PITMERDEN_6932,34,PITMERDEN,6932,Santa Rita 120 Chard,750mL,12,5.99,2024-01-01
9_BLACKPOOL_1634,9,BLACKPOOL,1634,The Famous Grouse,1.75L,6,27.99,2024-01-01
33_HORNSEY_14983,33,HORNSEY,14983,Ken Wright Clrs Willa Pnt Nr,750mL,12,26.99,2024-01-01
38_GOULCREST_24921,38,GOULCREST,24921,Appolo Vyds Seyval,750mL,11,15.49,2024-01-01
33_HORNSEY_10451,33,HORNSEY,10451,Line 39 Cab Svgn Lake Cnty,750mL,32,9.99,2024-01-01
34_PITMERDEN_41780,34,PITMERDEN,41780,Stoneleigh Svgn Bl Marlboro,750mL,7,9.99,2024-01-01
34_PITMERDEN_13602,34,PITMERDEN,13602,Frescobaldi Mormoreto Cab Sv,750mL,15,43.99,2024-01-01
26_KNIFE'S EDGE_497,26,KNIFE'S EDGE,497,Capt Morgan Spiced Rum,Liter,9,19.99,2024-01-01
22_SHARNWICK_1848,22,SHARNWICK,1848,Oban Little Bay Single Malt,750mL,8,62.99,2024-01-01
11_CARDEND_20533,11,CARDEND,20533,Bread & Butter Chard,750mL,22,12.99,2024-01-01
18_FURNESS_8159,18,FURNESS,8159,Jose Cuervo Especial,1.75L,37,25.99,2024-01-01
20_BREDWARDINE_3754,20,BREDWARDINE,3754,Smirnoff Blueberry Vodka,750mL,10,12.99,2024-01-01
7_STANMORE_28163,7,STANMORE,28163,Villa Maria Svgn Bl Pvt Bin,750mL,1,11.99,2024-01-01
9_BLACKPOOL_3913,9,BLACKPOOL,3913,Svedka Vodka,1.75L,88,17.99,2024-01-01
37_PAETHSMOUTH_8387,37,PAETHSMOUTH,8387,Wild Turkey 101,750mL,13,21.99,2024-01-01
1_HARDERSFIELD_1133,1,HARDERSFIELD,1133,Glenmorangie Collection 4 Pk,100mL 4 Pk,0,31.99,2024-01-01
1_HARDERSFIELD_8474,1,HARDERSFIELD,8474,1800 Reposado Gold Tequila,1.75L,14,41.99,2024-01-01
27_MOUNTMEND_6567,27,MOUNTMEND,6567,Clos du Bois Merlot N Cst,750mL,9,8.99,2024-01-01
30_CULCHETH_34137,30,CULCHETH,34137,Fat Bastard Chard,750mL,15,10.99,2024-01-01
28_LARNWICK_6688,28,LARNWICK,6688,Ch St Jean Chard California,750mL,29,9.99,2024-01-01
1_HARDERSFIELD_21383,1,HARDERSFIELD,21383,Barkan Clsc Chard,750mL,0,13.99,2024-01-01
34_PITMERDEN_8064,34,PITMERDEN,8064,Canadian Club,50mL,64,0.99,2024-01-01
8_ALNERWICK_35670,8,ALNERWICK,35670,Redwood Creek Svgn Bl Cal,1.5L,12,10.99,2024-01-01
18_FURNESS_1474,18,FURNESS,1474,George Dickel #12 Sour Mash,750mL,11,25.99,2024-01-01
7_STANMORE_3890,7,STANMORE,3890,Absolut Peppar,750mL,9,17.99,2024-01-01
37_PAETHSMOUTH_8103,37,PAETHSMOUTH,8103,Sauza Gold Tequila,50mL,146,0.99,2024-01-01
39_EASTHALLOW_5230,39,EASTHALLOW,5230,Bacardi Party Drinks Bahama,1.75L,6,15.99,2024-01-01
38_GOULCREST_23382,38,GOULCREST,23382,Haywood Chamizal Znfdl 09,750mL,58,15.99,2024-01-01
12_LEESIDE_5322,12,LEESIDE,5322,Linie Aquavit,750mL,3,22.99,2024-01-01
34_PITMERDEN_2855,34,PITMERDEN,2855,Master's London Dry Gin,750mL,31,29.99,2024-01-01
35_HALIVAARA_3820,35,HALIVAARA,3820,Smirnoff Citrus Vodka,1.75L,2,17.99,2024-01-01
7_STANMORE_35914,7,STANMORE,35914,Stone Cellars Chard,1.5L,13,8.99,2024-01-01
15_WANBORNE_18304,15,WANBORNE,18304,Satellite Svgn Blanc Marlbor,750mL,10,8.49,2024-01-01
7_STANMORE_8112,7,STANMORE,8112,Stolichnaya,1.75L,42,24.99,2024-01-01
12_LEESIDE_1955,12,LEESIDE,1955,Jack Daniels Tennessee Honey,375mL,22,12.99,2024-01-01
31_HORNSEY_2245,31,HORNSEY,2245,DUKE Kentucky Bourbon,750mL,8,35.99,2024-01-01
6_GOULCREST_3347,6,GOULCREST,3347,Milagro Silver Tequila,1.75L,3,39.99,2024-01-01
40_BULLMAR_4153,40,BULLMAR,4153,Jenkins Rum,1.75L,14,11.99,2024-01-01
7_STANMORE_17297,7,STANMORE,17297,Clos du Bois Rouge,750mL,12,8.99,2024-01-01
9_BLACKPOOL_1060,9,BLACKPOOL,1060,Jack Daniels Bruins Glass Pk,Liter,32,27.99,2024-01-01
38_GOULCREST_1365,38,GOULCREST,1365,Stoli Mini Bar 5/50mLs Pack,50mL 5 Pk,59,7.99,2024-01-01
17_OLDHAM_4179,17,OLDHAM,4179,Bacardi Dragon Berry Rum,1.75L,9,19.99,2024-01-01
14_BROMWICH_1875,14,BROMWICH,1875,Bushmills Black Bush,750mL,4,28.99,2024-01-01
10_HORNSEY_32546,10,HORNSEY,32546,Artesa Carneros Pnt Nr,750mL,76,21.99,2024-01-01
34_PITMERDEN_3227,34,PITMERDEN,3227,Taaka Gin,1.75L,46,8.99,2024-01-01
22_SHARNWICK_19645,22,SHARNWICK,19645,Line 39 Pnt Nr,750mL,14,9.99,2024-01-01
33_HORNSEY_4054,33,HORNSEY,4054,Patron XO Cafe Liqueur,375mL,9,12.99,2024-01-01
2_ASHBORNE_7865,2,ASHBORNE,7865,Moet & Chandon Imperial,750mL,17,34.99,2024-01-01
35_HALIVAARA_5353,35,HALIVAARA,5353,Grand Marnier,375mL,9,18.99,2024-01-01
15_WANBORNE_6650,15,WANBORNE,6650,Simi Chard,750mL,15,14.99,2024-01-01
6_GOULCREST_7279,6,GOULCREST,7279,Yago Sant'Gria Red,1.5L,11,6.99,2024-01-01
15_WANBORNE_6267,15,WANBORNE,6267,Kinky Gold Liqueur,750mL,10,16.99,2024-01-01
31_HORNSEY_6574,31,HORNSEY,6574,Franzia Tap Wh Znfdl Cal,5L,16,16.99,2024-01-01
23_ARBINGTON_9304,23,ARBINGTON,9304,Arak Razzouk,750mL,10,21.99,2024-01-01
17_OLDHAM_1386,17,OLDHAM,1386,George Dickel No 8 Bourbon,750mL,3,19.99,2024-01-01
38_GOULCREST_39413,38,GOULCREST,39413,Mirassou Pnt Nr Cntrl Coast,750mL,24,8.99,2024-01-01
32_MOUNTMEND_18010,32,MOUNTMEND,18010,Cocobon Red,750mL,13,5.99,2024-01-01
41_LARNWICK_283,41,LARNWICK,283,Milagro Tequila Reposado SBR,750mL,2,57.99,2024-01-01
1_HARDERSFIELD_2944,1,HARDERSFIELD,2944,The Glenlivet Founders Res,750mL,13,44.99,2024-01-01
35_HALIVAARA_2117,35,HALIVAARA,2117,Black Velvet Traveler,750mL,7,8.99,2024-01-01
26_KNIFE'S EDGE_10266,26,KNIFE'S EDGE,10266,Klinker Brick Old Vine Znfdl,750mL,5,15.99,2024-01-01
14_BROMWICH_3656,14,BROMWICH,3656,Stolichnaya Vanil,1.75L,16,24.99,2024-01-01
34_PITMERDEN_21502,34,PITMERDEN,21502,Cambridge Chard Carneros,750mL,14,16.99,2024-01-01
15_WANBORNE_11826,15,WANBORNE,11826,Cupcake Chard,750mL,89,7.49,2024-01-01
34_PITMERDEN_676,34,PITMERDEN,676,Pinnacle Whipped Vodka,750mL,15,10.99,2024-01-01
25_CAERSHIRE_21321,25,CAERSHIRE,21321,Rex Goliath Red Sangria,750mL,13,5.99,2024-01-01
20_BREDWARDINE_11827,20,BREDWARDINE,11827,Cupcake Merlot,750mL,34,7.49,2024-01-01
11_CARDEND_38822,11,CARDEND,38822,Castano Yecla Monastrell Red,750mL,13,11.99,2024-01-01
35_HALIVAARA_823,35,HALIVAARA,823,Johnnie Walker Red Label,Liter,3,27.99,2024-01-01
1_HARDERSFIELD_2951,1,HARDERSFIELD,2951,Old Bushmills Irish Whiskey,1.75L,7,37.99,2024-01-01
13_TARMSWORTH_7224,13,TARMSWORTH,7224,Jagermeister Spice,750mL,27,15.99,2024-01-01
28_LARNWICK_1269,28,LARNWICK,1269,Jeffersons Bourbon,750mL,10,25.99,2024-01-01
7_STANMORE_2879,7,STANMORE,2879,Corner Creek Rsv Bourbon,750mL,12,29.99,2024-01-01
8_ALNERWICK_3960,8,ALNERWICK,3960,Tortilla Gold Tequila Liquer,1.75L,18,11.99,2024-01-01
14_BROMWICH_23249,14,BROMWICH,23249,Rosemount Gewurz/Rsl,750mL,8,9.99,2024-01-01
22_SHARNWICK_966,22,SHARNWICK,966,Patron Citronge Orange Liqu,750mL,10,20.99,2024-01-01
29_AYLESBURY_41159,29,AYLESBURY,41159,Phillips Earthquake Ld Znfdl,750mL,14,23.99,2024-01-01
41_LARNWICK_4494,41,LARNWICK,4494,Jenkins French Brandy,1.75L,20,12.99,2024-01-01
15_WANBORNE_1835,15,WANBORNE,1835,Knappogue Castle Irish Whsky,750mL,6,31.99,2024-01-01
14_BROMWICH_45496,14,BROMWICH,45496,Conquista Malbec Mendoza,750mL,19,8.99,2024-01-01
27_MOUNTMEND_15263,27,MOUNTMEND,15263,Bella Sera Moscato,1.5L,9,11.49,2024-01-01
2_ASHBORNE_4703,2,ASHBORNE,4703,Blue Chair Bay Coconut Rum,50mL,81,0.99,2024-01-01
30_CULCHETH_32263,30,CULCHETH,32263,Lindemans Bin 65 Chard,1.5L,42,9.99,2024-01-01
36_LEWES_3362,36,LEWES,3362,Poland Spring Gin,Liter,5,5.99,2024-01-01
41_LARNWICK_6590,41,LARNWICK,6590,Almaden B/B Wh Znfdl Cal,5L,7,14.99,2024-01-01
23_ARBINGTON_6524,23,ARBINGTON,6524,Rosemount Diamond Shiraz,750mL,19,6.99,2024-01-01
36_LEWES_8421,36,LEWES,8421,Beringer Classic Wh Znfdl,750mL,9,5.99,2024-01-01
28_LARNWICK_14475,28,LARNWICK,14475,Belcreme de Lys Chard,750mL,18,9.99,2024-01-01
13_TARMSWORTH_4762,13,TARMSWORTH,4762,Hartley Brandy VS,750mL,15,6.99,2024-01-01
21_BALERNO_23649,21,BALERNO,23649,Tom Gore Cabernet Svgn CA,750mL,9,12.99,2024-01-01
24_PALPERROTH_5124,24,PALPERROTH,5124,Cointreau Liqueur,1.75L,7,66.99,2024-01-01
7_STANMORE_8358,7,STANMORE,8358,Bacardi 151 Proof,750mL,5,19.99,2024-01-01
9_BLACKPOOL_2270,9,BLACKPOOL,2270,Laphroaig Triple Wood,750mL,8,74.99,2024-01-01
38_GOULCREST_16837,38,GOULCREST,16837,Beringer Classic Pink Moscat,750mL,14,5.99,2024-01-01
38_GOULCREST_17293,38,GOULCREST,17293,Defesa Branco White Alentejo,750mL,9,12.99,2024-01-01
34_PITMERDEN_16806,34,PITMERDEN,16806,Apothic Winemakers White,750mL,13,9.99,2024-01-01
23_ARBINGTON_22339,23,ARBINGTON,22339,Heartland Spice Trader Sh/CS,750mL,12,15.99,2024-01-01
12_LEESIDE_28947,12,LEESIDE,28947,R M Woodbridge Merlot Cal,1.5L,54,8.99,2024-01-01
31_HORNSEY_32367,31,HORNSEY,32367,Cavit Pinot Noir Delle Vene,750mL,9,8.99,2024-01-01
23_ARBINGTON_1035,23,ARBINGTON,1035,Pinnacle Vodka Gift Pak,750mL + 3/,0,12.99,2024-01-01
37_PAETHSMOUTH_5378,37,PAETHSMOUTH,5378,Galliano L'Autentico Liqueur,750mL,11,25.99,2024-01-01
34_PITMERDEN_22441,34,PITMERDEN,22441,Omaka Springs Svgn Bl,750mL,5,14.99,2024-01-01
29_AYLESBURY_1060,29,AYLESBURY,1060,Jack Daniels Bruins Glass Pk,Liter,12,27.99,2024-01-01
25_CAERSHIRE_12478,25,CAERSHIRE,12478,Commanderie Bargmn Prov Rose,750mL,0,18.99,2024-01-01
20_BREDWARDINE_3343,20,BREDWARDINE,3343,Bombay Sapphire Gin,375mL,21,12.99,2024-01-01
16_LUNDY_46021,16,LUNDY,46021,Spellbound Cab Svgn Cal,750mL,14,11.99,2024-01-01
6_GOULCREST_45333,6,GOULCREST,45333,Cono Sur Svgn Bl Cntrl Vly,750mL,4,6.99,2024-01-01
38_GOULCREST_41251,38,GOULCREST,41251,Beringer Classic Pnt Grigio,750mL,22,5.99,2024-01-01
38_GOULCREST_2645,38,GOULCREST,2645,Chivas Regal,750mL,43,29.99,2024-01-01
34_PITMERDEN_15315,34,PITMERDEN,15315,Middle Sister Sweet & Sassy,750mL,12,9.99,2024-01-01
39_EASTHALLOW_25603,39,EASTHALLOW,25603,Verrazzano Chianti Clsc,750mL,14,17.99,2024-01-01
38_GOULCREST_192,38,GOULCREST,192,Milagro Anejo Tequila,750mL,7,35.99,2024-01-01
23_ARBINGTON_20912,23,ARBINGTON,20912,Whitehall Tre Leoni Red Napa,750mL,5,23.99,2024-01-01
32_MOUNTMEND_16796,32,MOUNTMEND,16796,Delamotte Brut,750mL,2,34.99,2024-01-01
29_AYLESBURY_15503,29,AYLESBURY,15503,Opici Sangria,3L,6,13.99,2024-01-01
29_AYLESBURY_3326,29,AYLESBURY,3326,Jenkins Gin,1.75L,9,9.49,2024-01-01
11_CARDEND_36199,11,CARDEND,36199,Four Vines Naked Chard,750mL,15,11.99,2024-01-01
18_FURNESS_5669,18,FURNESS,5669,Fabrizia Blood Orange,750mL,2,16.99,2024-01-01
36_LEWES_3826,36,LEWES,3826,Skyy Vodka,1.75L,20,19.99,2024-01-01
34_PITMERDEN_23326,34,PITMERDEN,23326,Ch Bernadotte Haut-Medoc 11,750mL,19,24.99,2024-01-01
16_LUNDY_3821,16,LUNDY,3821,Smirnoff Vanilla Vodka,750mL,3,12.99,2024-01-01
38_GOULCREST_13837,38,GOULCREST,13837,C Y Toro Frontera Pnt Grigio,1.5L,17,10.99,2024-01-01
27_MOUNTMEND_4291,27,MOUNTMEND,4291,Ronrico Gold,1.75L,18,12.99,2024-01-01
34_PITMERDEN_46628,34,PITMERDEN,46628,Paso Creek Cab Svgn,750mL,16,13.99,2024-01-01
17_OLDHAM_2988,17,OLDHAM,2988,Sauza 901 Silver Tequila,750mL,12,24.99,2024-01-01
34_PITMERDEN_810,34,PITMERDEN,810,Bacardi Black Razz,750mL,33,9.99,2024-01-01
14_BROMWICH_857,14,BROMWICH,857,Kahlua,Liter,54,22.99,2024-01-01
7_STANMORE_4149,7,STANMORE,4149,Sailor Jerry Spiced Navy Rum,50mL,17,1.49,2024-01-01
16_LUNDY_26463,16,LUNDY,26463,Ravenswood Vints Blend Znfdl,750mL,20,7.99,2024-01-01
21_BALERNO_12772,21,BALERNO,12772,Joel Gott Chard,750mL,12,13.99,2024-01-01
34_PITMERDEN_35670,34,PITMERDEN,35670,Redwood Creek Svgn Bl Cal,1.5L,9,10.99,2024-01-01
18_FURNESS_3161,18,FURNESS,3161,New Amsterdam Red Berry,750mL,6,8.99,2024-01-01
17_OLDHAM_977,17,OLDHAM,977,McCormick Scotch,Liter,3,11.49,2024-01-01
37_PAETHSMOUTH_3238,37,PAETHSMOUTH,3238,Hendrick's Gin,750mL,15,29.99,2024-01-01
11_CARDEND_2797,11,CARDEND,2797,Wicked 87 Whiskey,50mL,96,0.99,2024-01-01
30_CULCHETH_3696,30,CULCHETH,3696,Gilbeys Vodka,1.75L,13,10.49,2024-01-01
41_LARNWICK_426,41,LARNWICK,426,Crystal Head Vodka,50mL,27,7.99,2024-01-01
39_EASTHALLOW_17016,39,EASTHALLOW,17016,Picpoul d Pinet HB Languedoc,750mL,15,12.99,2024-01-01
2_ASHBORNE_11414,2,ASHBORNE,11414,Beringer Classic Moscato,750mL,23,5.99,2024-01-01
2_ASHBORNE_18142,2,ASHBORNE,18142,Banfi Brunello di Montalcino,750mL,8,59.99,2024-01-01
7_STANMORE_8840,7,STANMORE,8840,Burnetts Gin,1.75L,27,11.99,2024-01-01
20_BREDWARDINE_6396,20,BREDWARDINE,6396,Taylor Dry Sherry,1.5L,6,7.79,2024-01-01
6_GOULCREST_17176,6,GOULCREST,17176,Beringer Classic Chard,1.5L,21,7.99,2024-01-01
15_WANBORNE_1023,15,WANBORNE,1023,Hennessy VSOP Cognac + 50mL,750mL,51,51.99,2024-01-01
38_GOULCREST_31494,38,GOULCREST,31494,Barefoot Merlot Cal,1.5L,17,10.99,2024-01-01
2_ASHBORNE_21271,2,ASHBORNE,21271,Kentia Albarino Rias Baixas,750mL,12,13.99,2024-01-01
23_ARBINGTON_2917,23,ARBINGTON,2917,Paddy's Irish Whiskey,750mL,9,19.99,2024-01-01
27_MOUNTMEND_4806,27,MOUNTMEND,4806,Leroux Blackberry Brandy,1.75L,9,14.99,2024-01-01
4_EANVERNESS_8262,4,EANVERNESS,8262,Metcalfe's Vermont Maple,750mL,7,21.99,2024-01-01
34_PITMERDEN_24766,34,PITMERDEN,24766,Tenshen Red,750mL,47,14.99,2024-01-01
38_GOULCREST_3879,38,GOULCREST,3879,Smirnoff 80 Proof Traveler,750mL,0,10.99,2024-01-01
18_FURNESS_4221,18,FURNESS,4221,Bacardi Gold Rum Traveler,1.75L,18,17.99,2024-01-01
1_HARDERSFIELD_3764,1,HARDERSFIELD,3764,Patron Reposado Tequila,375mL,2,26.99,2024-01-01
41_LARNWICK_2602,41,LARNWICK,2602,Caol Ila 12 Yr Islay Single,750mL,4,56.99,2024-01-01
34_PITMERDEN_25145,34,PITMERDEN,25145,Brewer-Clifton Sta. Rita Cha,750mL,12,34.99,2024-01-01
6_GOULCREST_44912,6,GOULCREST,44912,Broadbent Madeira Rainwater,750mL,8,15.99,2024-01-01
34_PITMERDEN_5447,34,PITMERDEN,5447,Jagermeister Liqueur,375mL,6,9.99,2024-01-01
13_TARMSWORTH_11957,13,TARMSWORTH,11957,Souverain Cab Svgn N Cst,750mL,4,14.99,2024-01-01
6_GOULCREST_41070,6,GOULCREST,41070,Angeline Chard RRV,750mL,35,12.99,2024-01-01
17_OLDHAM_28138,17,OLDHAM,28138,Columbia Crest Grand Chard,750mL,17,9.99,2024-01-01
30_CULCHETH_822,30,CULCHETH,822,Tanqueray,Liter,13,26.99,2024-01-01
33_HORNSEY_46447,33,HORNSEY,46447,Gascon Malbec Mendoza,750mL,27,10.99,2024-01-01
10_HORNSEY_13731,10,HORNSEY,13731,Monkey Bay Svgn Bl,1.5L,4,19.99,2024-01-01
10_HORNSEY_4829,10,HORNSEY,4829,Mr Boston Blackberry Brandy,1.75L,10,13.99,2024-01-01
40_BULLMAR_12534,40,BULLMAR,12534,Ch Beaulieu Grand Vin Brdx,750mL,14,9.99,2024-01-01
10_HORNSEY_3515,10,HORNSEY,3515,Skyy Infusions Citrus Vodka,1.75L,56,19.99,2024-01-01
1_HARDERSFIELD_46379,1,HARDERSFIELD,46379,Ghost Pine Cab Svgn LMartini,750mL,44,16.99,2024-01-01
18_FURNESS_6366,18,FURNESS,6366,Duboeuf Pouilly Fuisse,750mL,0,19.99,2024-01-01
21_BALERNO_23764,21,BALERNO,23764,Cashmore Black Opal Shiraz,750mL,13,7.99,2024-01-01
10_HORNSEY_2043,10,HORNSEY,2043,I.W. Harper Bourbon,750mL,10,29.99,2024-01-01
9_BLACKPOOL_11825,9,BLACKPOOL,11825,Cupcake Cab Svgn,750mL,88,7.49,2024-01-01
36_LEWES_1758,36,LEWES,1758,Aberlour Glenlivet 12 Yr,750mL,7,39.99,2024-01-01
37_PAETHSMOUTH_4149,37,PAETHSMOUTH,4149,Sailor Jerry Spiced Navy Rum,50mL,14,1.49,2024-01-01
12_LEESIDE_26945,12,LEESIDE,26945,Ferrari-Carano Fume Bl,750mL,8,12.99,2024-01-01
38_GOULCREST_21534,38,GOULCREST,21534,Broadbent Vinho Verde Rose,750mL,33,11.99,2024-01-01
30_CULCHETH_10236,30,CULCHETH,10236,Layer Cake Malbec Mendoza,750mL,57,11.95,2024-01-01
28_LARNWICK_3444,28,LARNWICK,3444,Hornitos Plata Tequila,1.75L,4,39.99,2024-01-01
22_SHARNWICK_6535,22,SHARNWICK,6535,Sandeman Tawny Port,750mL,4,11.99,2024-01-01
11_CARDEND_4429,11,CARDEND,4429,Capt Morgan Silver Spicd Rum,1.75L,24,21.99,2024-01-01
22_SHARNWICK_1000,22,SHARNWICK,1000,Goslings Dark'n Stormy VAP,750mL,0,14.99,2024-01-01
19_WINTERVALE_516,19,WINTERVALE,516,Kamora Coffee Liqueur,Liter,14,10.99,2024-01-01
12_LEESIDE_4734,12,LEESIDE,4734,Capt Morgan Cannon Blast,750mL,2,14.99,2024-01-01
23_ARBINGTON_22226,23,ARBINGTON,22226,Geyser Peak Pnt Nr,750mL,0,14.99,2024-01-01
15_WANBORNE_5197,15,WANBORNE,5197,Southern Comfort,375mL,10,7.99,2024-01-01
23_ARBINGTON_44217,23,ARBINGTON,44217,Ruffino Il Ducale Toscana Rd,750mL,9,15.99,2024-01-01
34_PITMERDEN_3529,34,PITMERDEN,3529,U V Vodka,1.75L,48,13.99,2024-01-01
2_ASHBORNE_25716,2,ASHBORNE,25716,Grgich Hills Chard Napa,750mL,10,44.99,2024-01-01
31_HORNSEY_3999,31,HORNSEY,3999,Hornitos Anejo Tequila,750mL,2,21.99,2024-01-01
31_HORNSEY_8032,31,HORNSEY,8032,Ballatore Gran Spumante,750mL,5,7.99,2024-01-01
23_ARBINGTON_36771,23,ARBINGTON,36771,Yellow Tail Merlot Ausl,1.5L,14,8.95,2024-01-01
6_GOULCREST_6150,6,GOULCREST,6150,Midnight Moon Blackberry,750mL,6,19.99,2024-01-01
24_PALPERROTH_3174,24,PALPERROTH,3174,Cold River Vodka,750mL,1,29.99,2024-01-01
9_BLACKPOOL_2530,9,BLACKPOOL,2530,The Macallan 17Yr Old Scotch,750mL,0,229.99,2024-01-01
30_CULCHETH_31320,30,CULCHETH,31320,La Vieille Ferme Rose Vntoux,750mL,7,6.99,2024-01-01
22_SHARNWICK_3595,22,SHARNWICK,3595,Smirnoff Blue 100 Proof,750mL,3,15.99,2024-01-01
38_GOULCREST_5165,38,GOULCREST,5165,Hpnotiq Liqueur,750mL,7,19.99,2024-01-01
23_ARBINGTON_2809,23,ARBINGTON,2809,Full Throttle Blackberry,750mL,12,19.99,2024-01-01
13_TARMSWORTH_7266,13,TARMSWORTH,7266,Fonseca Bin No 27,750mL,4,13.99,2024-01-01
15_WANBORNE_2246,15,WANBORNE,2246,Speyburn Brandan Orach,750mL,7,18.99,2024-01-01
7_STANMORE_5629,7,STANMORE,5629,RumChata Liqueur,3/100mL,32,8.99,2024-01-01
11_CARDEND_27512,11,CARDEND,27512,Warre's Late Bottled Vintage,750mL,14,20.99,2024-01-01
20_BREDWARDINE_18893,20,BREDWARDINE,18893,19 Crimes Red,750mL,38,9.99,2024-01-01
15_WANBORNE_3701,15,WANBORNE,3701,UV Sangria Vodka,50mL,4,0.99,2024-01-01
5_SUTTON_30735,5,SUTTON,30735,Sonoma-Cutrer Cutrer V Chard,750mL,6,31.99,2024-01-01
38_GOULCREST_7977,38,GOULCREST,7977,M & R X Dry Vermouth,1.5L,24,10.49,2024-01-01
1_HARDERSFIELD_3335,1,HARDERSFIELD,3335,Tanqueray Sterling Vodka,750mL,10,10.99,2024-01-01
33_HORNSEY_30656,33,HORNSEY,30656,Steele Pnt Nr,750mL,14,17.99,2024-01-01
15_WANBORNE_8543,15,WANBORNE,8543,Kringle Cream,750mL,4,19.99,2024-01-01
29_AYLESBURY_1174,29,AYLESBURY,1174,Rebel Yell,1.75L,5,19.99,2024-01-01
6_GOULCREST_1920,6,GOULCREST,1920,Bowman Brothers Small Batch,750mL,0,29.99,2024-01-01
2_ASHBORNE_4330,2,ASHBORNE,4330,Capt Morgan Spiced Rum 100,1.75L,29,25.99,2024-01-01
1_HARDERSFIELD_3672,1,HARDERSFIELD,3672,Shady Fruit Real Ruby Red Gr,750mL,10,11.99,2024-01-01
15_WANBORNE_44234,15,WANBORNE,44234,A by Acacia Pnt Nr Cal,750mL,21,13.99,2024-01-01
37_PAETHSMOUTH_32137,37,PAETHSMOUTH,32137,F Coppola Diamond Znfd,750mL,12,14.99,2024-01-01
12_LEESIDE_6174,12,LEESIDE,6174,Columbia Crest Grand Merlot,750mL,16,9.99,2024-01-01
22_SHARNWICK_3863,22,SHARNWICK,3863,Evan Williams Honey Reserve,1.75L,4,19.99,2024-01-01
14_BROMWICH_26530,14,BROMWICH,26530,Corbett Canyon Merlot,1.5L,12,8.99,2024-01-01
25_CAERSHIRE_3808,25,CAERSHIRE,3808,Three Olives Vodka,750mL,18,14.99,2024-01-01
11_CARDEND_6226,11,CARDEND,6226,Marcus James Chard,1.5L,7,7.99,2024-01-01
15_WANBORNE_19682,15,WANBORNE,19682,Ch Lafleur Gazin 10 Pomerol,750mL,4,56.99,2024-01-01
1_HARDERSFIELD_1874,1,HARDERSFIELD,1874,Bruichladdich Octomore 61,750mL,3,109.99,2024-01-01
4_EANVERNESS_28070,4,EANVERNESS,28070,Sutter Home Moscato Cal,1.5L,5,9.99,2024-01-01
7_STANMORE_4278,7,STANMORE,4278,Capt Morgan Parrot Bay Cocnt,750mL,6,11.99,2024-01-01
2_ASHBORNE_6983,2,ASHBORNE,6983,J Lohr Seven Oaks Cab Svgn,750mL,126,14.99,2024-01-01
34_PITMERDEN_20693,34,PITMERDEN,20693,Daou Cab Svgn,750mL,60,19.99,2024-01-01
34_PITMERDEN_47090,34,PITMERDEN,47090,Napa Cellars Cab Svgn Napa,750mL,16,23.99,2024-01-01
1_HARDERSFIELD_21789,1,HARDERSFIELD,21789,Carpene Malvolti Sprklg Rose,750mL,6,19.99,2024-01-01
15_WANBORNE_13723,15,WANBORNE,13723,Big House Red,3L,6,16.99,2024-01-01
16_LUNDY_5713,16,LUNDY,5713,DeKuyper Sour Apple Pucker,1.75L,3,16.99,2024-01-01
25_CAERSHIRE_1376,25,CAERSHIRE,1376,Jim Beam,1.75L,66,21.99,2024-01-01
13_TARMSWORTH_3335,13,TARMSWORTH,3335,Tanqueray Sterling Vodka,750mL,7,10.99,2024-01-01
23_ARBINGTON_16289,23,ARBINGTON,16289,Barefoot Bubbly Pink Moscato,750mL,2,7.99,2024-01-01
8_ALNERWICK_28214,8,ALNERWICK,28214,Lagaria Venezie Pnt Grigio,750mL,6,11.99,2024-01-01
34_PITMERDEN_40296,34,PITMERDEN,40296,Choya Plum Wine,750mL,3,20.99,2024-01-01
11_CARDEND_5740,11,CARDEND,5740,Sweet Revenge,750mL,9,17.99,2024-01-01
4_EANVERNESS_3592,4,EANVERNESS,3592,Burnetts Pineapple Vodka,1.75L,8,9.99,2024-01-01
4_EANVERNESS_3625,4,EANVERNESS,3625,Absolut 80 Proof,750mL,68,17.99,2024-01-01
20_BREDWARDINE_5694,20,BREDWARDINE,5694,Ice Box Mudslide,1.75L,8,9.99,2024-01-01
1_HARDERSFIELD_12227,1,HARDERSFIELD,12227,Korbel Sweet Rose,750mL,11,12.99,2024-01-01
7_STANMORE_5075,7,STANMORE,5075,Tuaca Italian Liqueur,750mL,13,21.99,2024-01-01
8_ALNERWICK_22389,8,ALNERWICK,22389,Villa Cornaro Prosecco,187mL,26,4.99,2024-01-01
33_HORNSEY_8203,33,HORNSEY,8203,Grand Marnier,50mL,343,2.99,2024-01-01
14_BROMWICH_3316,14,BROMWICH,3316,Ciroc Peach Vodka,375mL,4,15.49,2024-01-01
9_BLACKPOOL_35471,9,BLACKPOOL,35471,R M Woodbridge Pnt Grigio,750mL,14,7.99,2024-01-01
17_OLDHAM_5367,17,OLDHAM,5367,Sambuca di Amore,750mL,15,9.99,2024-01-01
23_ARBINGTON_6015,23,ARBINGTON,6015,Jackson Morgan Salted Carmel,750mL,4,22.99,2024-01-01
4_EANVERNESS_41213,4,EANVERNESS,41213,A to Z Pnt Nr Ore,750mL,3,17.99,2024-01-01
37_PAETHSMOUTH_2954,37,PAETHSMOUTH,2954,Highland Park 12 Yr Single,750mL,4,46.99,2024-01-01
15_WANBORNE_32137,15,WANBORNE,32137,F Coppola Diamond Znfd,750mL,16,14.99,2024-01-01
34_PITMERDEN_29407,34,PITMERDEN,29407,Wild Horse CC Merlot,750mL,66,15.99,2024-01-01
29_AYLESBURY_13458,29,AYLESBURY,13458,Ch Ste Michelle Harvest Rsl,750mL,8,8.99,2024-01-01
15_WANBORNE_2606,15,WANBORNE,2606,Glenmorangie Original 18Yr,750mL,3,99.99,2024-01-01
18_FURNESS_5962,18,FURNESS,5962,Vermont Ice Maple Creme,750mL,6,24.99,2024-01-01
17_OLDHAM_757,17,OLDHAM,757,Jim Beam Rye,750mL,10,17.99,2024-01-01
34_PITMERDEN_14436,34,PITMERDEN,14436,Byron Santa Barbara Chard,750mL,12,11.49,2024-01-01
6_GOULCREST_1386,6,GOULCREST,1386,George Dickel No 8 Bourbon,750mL,2,19.99,2024-01-01
23_ARBINGTON_43618,23,ARBINGTON,43618,Moillard CdR Violettes Rouge,750mL,10,12.99,2024-01-01
26_KNIFE'S EDGE_6682,26,KNIFE'S EDGE,6682,R M Woodbridge Chard Cal,1.5L,14,8.99,2024-01-01
37_PAETHSMOUTH_5740,37,PAETHSMOUTH,5740,Sweet Revenge,750mL,5,17.99,2024-01-01
19_WINTERVALE_32648,19,WINTERVALE,32648,Beringer Classic Wh Znfdl,1.5L,3,7.99,2024-01-01
23_ARBINGTON_20674,23,ARBINGTON,20674,Tolaini Al Passo Toscana,750mL,11,24.99,2024-01-01
23_ARBINGTON_4563,23,ARBINGTON,4563,Christian Bros Brandy,1.75L,9,18.99,2024-01-01
11_CARDEND_5734,11,CARDEND,5734,Malibu Rum,1.75L,59,21.99,2024-01-01
32_MOUNTMEND_8267,32,MOUNTMEND,8267,Gazdina Rakija Pear Brandy,750mL,2,24.99,2024-01-01
29_AYLESBURY_5603,29,AYLESBURY,5603,Gran Gala Liqueur,50mL,11,0.99,2024-01-01
18_FURNESS_8622,18,FURNESS,8622,Dom Perignon,750mL,5,134.99,2024-01-01
40_BULLMAR_34431,40,BULLMAR,34431,Beaulieu Cab Svgn Napa,750mL,11,15.99,2024-01-01
6_GOULCREST_7224,6,GOULCREST,7224,Jagermeister Spice,750mL,13,15.99,2024-01-01
30_CULCHETH_43362,30,CULCHETH,43362,Silver Oak Cab Svgn Napa,750mL,6,99.95,2024-01-01
16_LUNDY_2890,16,LUNDY,2890,Four Roses Bourbon,750mL,6,27.99,2024-01-01
17_OLDHAM_18332,17,OLDHAM,18332,Ch Daqueria Tavel Rose,750mL,5,13.99,2024-01-01
13_TARMSWORTH_8032,13,TARMSWORTH,8032,Ballatore Gran Spumante,750mL,26,7.99,2024-01-01
23_ARBINGTON_39648,23,ARBINGTON,39648,Ch Ste Michelle Indn W Chard,750mL,5,14.99,2024-01-01
39_EASTHALLOW_10164,39,EASTHALLOW,10164,Andre Bourgogne Pnt Nr RSV,750mL,9,15.99,2024-01-01
9_BLACKPOOL_44719,9,BLACKPOOL,44719,Cavit Prosecco Lunetta,750mL,15,9.99,2024-01-01
8_ALNERWICK_3061,8,ALNERWICK,3061,Absolut Grapevine Vodka,750mL,4,17.99,2024-01-01
23_ARBINGTON_46458,23,ARBINGTON,46458,Layer Cake Barosa Shiraz,750mL,0,11.95,2024-01-01
41_LARNWICK_2412,41,LARNWICK,2412,JP Wiser's Rye,750mL,12,19.99,2024-01-01
10_HORNSEY_8455,10,HORNSEY,8455,R Mondavi Fume Bl Napa Vly,750mL,39,16.99,2024-01-01
22_SHARNWICK_2769,22,SHARNWICK,2769,Laphroaig Quarter Cask,750mL,6,52.99,2024-01-01
25_CAERSHIRE_4979,25,CAERSHIRE,4979,Patron Silver Tequila,Liter,14,79.99,2024-01-01
13_TARMSWORTH_27854,13,TARMSWORTH,27854,F Coppola Black Label Claret,750mL,9,16.99,2024-01-01
26_KNIFE'S EDGE_4141,26,KNIFE'S EDGE,4141,Wild Turkey American Honey,50mL,0,0.99,2024-01-01
38_GOULCREST_21981,38,GOULCREST,21981,Massolino Barolo Serralunga,750mL,1,39.99,2024-01-01
34_PITMERDEN_12607,34,PITMERDEN,12607,Ravenswood Teldschi Znfdl,750mL,21,26.99,2024-01-01
22_SHARNWICK_21055,22,SHARNWICK,21055,Sandeman Imperial 20-Yr Taw,750mL,5,36.99,2024-01-01
14_BROMWICH_35916,14,BROMWICH,35916,Stone Cellars Merlot,1.5L,20,8.99,2024-01-01
34_PITMERDEN_25020,34,PITMERDEN,25020,Ch de Pierreux Brouilly Rsv,750mL,23,25.99,2024-01-01
32_MOUNTMEND_24907,32,MOUNTMEND,24907,Bogle Old Vine Znfdl Cal,750mL,12,9.99,2024-01-01
30_CULCHETH_3276,30,CULCHETH,3276,Gordons London Dry,1.75L,29,14.99,2024-01-01
37_PAETHSMOUTH_8958,37,PAETHSMOUTH,8958,Malibu Peach Sparkler RTD,750mL,7,14.99,2024-01-01
6_GOULCREST_21752,6,GOULCREST,21752,Flag Hill Cayuga White,750mL,2,12.99,2024-01-01
4_EANVERNESS_12111,4,EANVERNESS,12111,LaBelle Winery Cranberry,750mL,9,15.99,2024-01-01
38_GOULCREST_32908,38,GOULCREST,32908,Sterling Vintners Cltn Merlo,750mL,32,10.99,2024-01-01
6_GOULCREST_44717,6,GOULCREST,44717,Dom Chandon Rose Spklg,750mL,46,13.99,2024-01-01
13_TARMSWORTH_6524,13,TARMSWORTH,6524,Rosemount Diamond Shiraz,750mL,7,6.99,2024-01-01
32_MOUNTMEND_5731,32,MOUNTMEND,5731,Malibu Passion Fruit Rum,750mL,55,12.99,2024-01-01
9_BLACKPOOL_3564,9,BLACKPOOL,3564,Ciroc Amaretto Vodka,1.75L,15,47.99,2024-01-01
25_CAERSHIRE_607,25,CAERSHIRE,607,Schmitt Sohne Funf Rsl,750mL,10,8.99,2024-01-01
9_BLACKPOOL_6688,9,BLACKPOOL,6688,Ch St Jean Chard California,750mL,51,9.99,2024-01-01
15_WANBORNE_17865,15,WANBORNE,17865,Ch St Jean Pnt Nr,750mL,18,11.99,2024-01-01
4_EANVERNESS_17814,4,EANVERNESS,17814,Ruffino Chianti Clsc Rsv Gld,750mL,2,34.99,2024-01-01
33_HORNSEY_44838,33,HORNSEY,44838,Flora Springs Cab Svgn Napa,750mL,12,37.99,2024-01-01
33_HORNSEY_23193,33,HORNSEY,23193,Martinelli Vellu Ranch Znfdl,750mL,8,53.99,2024-01-01
33_HORNSEY_27350,33,HORNSEY,27350,Almaden Cab Svgn Cal B/B,5L,11,15.99,2024-01-01
41_LARNWICK_8965,41,LARNWICK,8965,St George Absinthe Verte,750mL,2,54.99,2024-01-01
38_GOULCREST_19977,38,GOULCREST,19977,Hideyoshi Namacho Honjozo Sa,300mL,2,10.99,2024-01-01
12_LEESIDE_24455,12,LEESIDE,24455,Franciscan Cab Svgn Napa,750mL,21,16.98,2024-01-01
15_WANBORNE_2960,15,WANBORNE,2960,The Macallan Fine Oak 15 Yr,750mL,2,94.99,2024-01-01
7_STANMORE_38263,7,STANMORE,38263,Orleans Hill Syrah Lodi,750mL,23,8.99,2024-01-01
22_SHARNWICK_1094,22,SHARNWICK,1094,Four Roses Single Barrel Brb,750mL,3,41.99,2024-01-01
27_MOUNTMEND_3699,27,MOUNTMEND,3699,Chopin Vodka,1.75L,4,39.99,2024-01-01
7_STANMORE_1634,7,STANMORE,1634,The Famous Grouse,1.75L,12,27.99,2024-01-01
22_SHARNWICK_42462,22,SHARNWICK,42462,Gnarly Head Old Vine Znfdl,750mL,0,9.99,2024-01-01
4_EANVERNESS_8295,4,EANVERNESS,8295,E.H. Taylor Jr Small Batch,750mL,1,39.99,2024-01-01
12_LEESIDE_3939,12,LEESIDE,3939,Boggy Meadow Switchel Vodka,750mL,3,29.99,2024-01-01
30_CULCHETH_42765,30,CULCHETH,42765,14 Hands Chard Wash,750mL,15,8.95,2024-01-01
31_HORNSEY_8630,31,HORNSEY,8630,Fontana Candida Frascati,750mL,12,9.99,2024-01-01
15_WANBORNE_1281,15,WANBORNE,1281,Benchmark Old #8 Bourbon,1.75L,4,14.99,2024-01-01
19_WINTERVALE_3694,19,WINTERVALE,3694,Stolichnaya Razberi,750mL,17,16.99,2024-01-01
15_WANBORNE_18856,15,WANBORNE,18856,Barefoot Refresh Sweet White,750mL,1,5.99,2024-01-01
40_BULLMAR_5292,40,BULLMAR,5292,Rumpleminze,750mL,7,17.99,2024-01-01
27_MOUNTMEND_8448,27,MOUNTMEND,8448,Cruzan Aged Dark Rum,750mL,16,9.99,2024-01-01
15_WANBORNE_20160,15,WANBORNE,20160,F Coppola Sofia Chard,750mL,12,14.99,2024-01-01
30_CULCHETH_36378,30,CULCHETH,36378,MezzaCorona Pnt Grigio,1.5L,6,10.99,2024-01-01
5_SUTTON_2122,5,SUTTON,2122,Canadian Club 1858,750mL,9,10.99,2024-01-01
35_HALIVAARA_38546,35,HALIVAARA,38546,Mark West Pnt Nr Sonoma,750mL,71,8.99,2024-01-01
7_STANMORE_41072,7,STANMORE,41072,Angeline Pnt Nr Rsv,750mL,24,11.99,2024-01-01
9_BLACKPOOL_22194,9,BLACKPOOL,22194,Placido Pinot Grigio Venezi,1.5L,15,12.99,2024-01-01
26_KNIFE'S EDGE_5668,26,KNIFE'S EDGE,5668,Dr McGillicuddy's Grape,750mL,11,12.99,2024-01-01
26_KNIFE'S EDGE_10451,26,KNIFE'S EDGE,10451,Line 39 Cab Svgn Lake Cnty,750mL,4,9.99,2024-01-01
36_LEWES_5438,36,LEWES,5438,Emmets Irish Cream,750mL,7,9.99,2024-01-01
30_CULCHETH_3925,30,CULCHETH,3925,Don Julio Reposado Tequila,750mL,2,49.99,2024-01-01
34_PITMERDEN_3742,34,PITMERDEN,3742,Spring 44 Vodka,750mL,7,27.99,2024-01-01
15_WANBORNE_2045,15,WANBORNE,2045,Monkey 47 Dry Gin,375mL,7,37.99,2024-01-01
19_WINTERVALE_2859,19,WINTERVALE,2859,Bushmills Irish Honey,750mL,5,19.99,2024-01-01
38_GOULCREST_13143,38,GOULCREST,13143,F Coppola Directors Chard,750mL,22,14.99,2024-01-01
33_HORNSEY_3877,33,HORNSEY,3877,Smirnoff Green Apple Vodka,750mL,15,12.99,2024-01-01
12_LEESIDE_21410,12,LEESIDE,21410,Goose Bay Svgn Bl,750mL,7,18.99,2024-01-01
16_LUNDY_3830,16,LUNDY,3830,Grey Goose L'Orange Vodka,750mL,6,23.99,2024-01-01
33_HORNSEY_19786,33,HORNSEY,19786,Warre's Vintage Port 2011,750mL,1,74.99,2024-01-01
40_BULLMAR_5656,40,BULLMAR,5656,Cabin Fever Maple Liqueur,50mL,9,1.49,2024-01-01
10_HORNSEY_17296,10,HORNSEY,17296,Monte Velho Tinto Alentejo R,750mL,16,10.99,2024-01-01
26_KNIFE'S EDGE_14129,26,KNIFE'S EDGE,14129,14 Hands Hot to Trot Red,750mL,3,8.95,2024-01-01
31_HORNSEY_2142,31,HORNSEY,2142,Bird Dog Apple Whiskey,750mL,7,13.99,2024-01-01
6_GOULCREST_5297,6,GOULCREST,5297,Southern Comfort,750mL,9,13.99,2024-01-01
7_STANMORE_18107,7,STANMORE,18107,Barefoot Cellars Pink Moscat,750mL,12,4.99,2024-01-01
21_BALERNO_3656,21,BALERNO,3656,Stolichnaya Vanil,1.75L,17,24.99,2024-01-01
15_WANBORNE_2443,15,WANBORNE,2443,Seagrams VO,1.75L,40,20.99,2024-01-01
7_STANMORE_869,7,STANMORE,869,DeKuyper Anisette,Liter,11,9.99,2024-01-01
38_GOULCREST_4846,38,GOULCREST,4846,Cruzan Estate Diamond Dark,750mL,8,16.99,2024-01-01
41_LARNWICK_2586,41,LARNWICK,2586,Jameson Irish Whiskey,50mL,91,2.99,2024-01-01
8_ALNERWICK_2676,8,ALNERWICK,2676,Grand MacNish,1.75L,11,14.99,2024-01-01
27_MOUNTMEND_11440,27,MOUNTMEND,11440,Peter Vella Sangria B/B,5L,8,14.99,2024-01-01
14_BROMWICH_8130,14,BROMWICH,8130,Bacardi Superior Rum,50mL,111,1.29,2024-01-01
34_PITMERDEN_5197,34,PITMERDEN,5197,Southern Comfort,375mL,387,7.99,2024-01-01
38_GOULCREST_5414,38,GOULCREST,5414,Bols Amaretto Liqueur,750mL,15,7.99,2024-01-01
38_GOULCREST_32649,38,GOULCREST,32649,Beringer Classic Wh Merlot,1.5L,11,9.99,2024-01-01
8_ALNERWICK_5667,8,ALNERWICK,5667,Skinnygirl Spicy Lime RTD,750mL,12,10.99,2024-01-01
19_WINTERVALE_8203,19,WINTERVALE,8203,Grand Marnier,50mL,12,2.99,2024-01-01
15_WANBORNE_3690,15,WANBORNE,3690,Tanqueray Ten Gin,750mL,13,27.99,2024-01-01
26_KNIFE'S EDGE_5253,26,KNIFE'S EDGE,5253,Kahlua Original Mudslide RTD,1.75L,12,15.99,2024-01-01
11_CARDEND_8962,11,CARDEND,8962,Pimms Cup No 1,750mL,20,17.99,2024-01-01
35_HALIVAARA_7865,35,HALIVAARA,7865,Moet & Chandon Imperial,750mL,11,34.99,2024-01-01
6_GOULCREST_41034,6,GOULCREST,41034,Menage a Trois Red,750mL,104,7.95,2024-01-01
1_HARDERSFIELD_8393,1,HARDERSFIELD,8393,Casamigos Reposado,750mL,25,56.99,2024-01-01
29_AYLESBURY_8166,29,AYLESBURY,8166,Mount Gay Eclipse,750mL,5,19.99,2024-01-01
4_EANVERNESS_5697,4,EANVERNESS,5697,Metcalfe's Maple Liqueur,750mL,4,19.99,2024-01-01
32_MOUNTMEND_8630,32,MOUNTMEND,8630,Fontana Candida Frascati,750mL,6,9.99,2024-01-01
31_HORNSEY_1520,31,HORNSEY,1520,Pinnacle Vodka Cane 4/50mls,50mL 4 Pk,18,3.99,2024-01-01
2_ASHBORNE_24829,2,ASHBORNE,24829,Cecchi Chianti Classico,750mL,107,11.99,2024-01-01
32_MOUNTMEND_8978,32,MOUNTMEND,8978,Riunite Lambrusco,3L,3,16.99,2024-01-01
15_WANBORNE_2369,15,WANBORNE,2369,Amrut Fusion Single Malt,750mL,14,64.99,2024-01-01
4_EANVERNESS_16568,4,EANVERNESS,16568,Moonlight Meadery Sumptuous,375mL,2,12.99,2024-01-01
3_HORNSEY_5735,3,HORNSEY,5735,Malibu Rum,750mL,6,12.99,2024-01-01
24_PALPERROTH_1384,24,PALPERROTH,1384,Bulleit 95 Rye,750mL,17,27.99,2024-01-01
19_WINTERVALE_14342,19,WINTERVALE,14342,Cupcake Pnt Nr,750mL,11,7.49,2024-01-01
32_MOUNTMEND_17167,32,MOUNTMEND,17167,Kendall Jackson Vntr RSV Zin,750mL,7,9.95,2024-01-01
8_ALNERWICK_5381,8,ALNERWICK,5381,E&J Peach Brandy,50mL,98,0.99,2024-01-01
32_MOUNTMEND_4358,32,MOUNTMEND,4358,Mr Boston Light Rum,750mL,14,5.49,2024-01-01
6_GOULCREST_3237,6,GOULCREST,3237,Firefly Sweet Tea Vodka,1.75L,7,23.99,2024-01-01
23_ARBINGTON_3343,23,ARBINGTON,3343,Bombay Sapphire Gin,375mL,16,12.99,2024-01-01
23_ARBINGTON_10267,23,ARBINGTON,10267,Klinker Brick Old Ghst Znfdl,750mL,3,35.99,2024-01-01
26_KNIFE'S EDGE_62,26,KNIFE'S EDGE,62,Herradura Silver Tequila,750mL,8,36.99,2024-01-01
2_ASHBORNE_4370,2,ASHBORNE,4370,Ron Virgin White,1.75L,11,10.99,2024-01-01
29_AYLESBURY_8470,29,AYLESBURY,8470,1800 Reposado Gold Tequila,50mL,21,2.79,2024-01-01
1_HARDERSFIELD_1520,1,HARDERSFIELD,1520,Pinnacle Vodka Cane 4/50mls,50mL 4 Pk,5,3.99,2024-01-01
15_WANBORNE_42421,15,WANBORNE,42421,Firesteed Pnt Gris Ore,750mL,37,11.99,2024-01-01
33_HORNSEY_5434,33,HORNSEY,5434,Southern Comfort Caramel,750mL,6,11.49,2024-01-01
6_GOULCREST_4229,6,GOULCREST,4229,Bacardi Black,1.75L,7,19.99,2024-01-01
38_GOULCREST_2384,38,GOULCREST,2384,Old Tahoe Straight Rye,750mL,51,39.99,2024-01-01
35_HALIVAARA_3012,35,HALIVAARA,3012,Pinnacle Vodka,50mL,35,0.99,2024-01-01
6_GOULCREST_3987,6,GOULCREST,3987,Smirnoff Peppermint Twist,750mL,9,10.99,2024-01-01
27_MOUNTMEND_24875,27,MOUNTMEND,24875,Glen Ellen Merlot RSV,1.5L,15,6.99,2024-01-01
8_ALNERWICK_5815,8,ALNERWICK,5815,Godiva Dark Chocolate,750mL,13,21.99,2024-01-01
25_CAERSHIRE_8472,25,CAERSHIRE,8472,1800 Silver Tequila,750mL,3,21.99,2024-01-01
14_BROMWICH_2163,14,BROMWICH,2163,Sloane's Gin,750mL,4,24.99,2024-01-01
15_WANBORNE_7345,15,WANBORNE,7345,M & R Asti,750mL,0,9.99,2024-01-01
31_HORNSEY_6586,31,HORNSEY,6586,Citra Montepulciano,1.5L,7,10.99,2024-01-01
30_CULCHETH_23355,30,CULCHETH,23355,Paul Dolan 12 Cab Svgn,750mL,46,14.99,2024-01-01
19_WINTERVALE_31454,19,WINTERVALE,31454,Foxhorn SE Chard Australia,1.5L,14,6.99,2024-01-01
16_LUNDY_36380,16,LUNDY,36380,Sebastiani Znfdl Sonoma Cnty,750mL,7,9.99,2024-01-01
32_MOUNTMEND_2050,32,MOUNTMEND,2050,Tomatin 18 Yr Single Malt,750mL,5,74.99,2024-01-01
22_SHARNWICK_8562,22,SHARNWICK,8562,DeKuyper Peachtree Trav,1.75L,7,14.99,2024-01-01
21_BALERNO_44334,21,BALERNO,44334,Noble Vines 337 Cab Svgn,750mL,71,11.99,2024-01-01
36_LEWES_4563,36,LEWES,4563,Christian Bros Brandy,1.75L,8,18.99,2024-01-01
26_KNIFE'S EDGE_3085,26,KNIFE'S EDGE,3085,Absolut Mini Bar 5/50mls,50mL 5 Pk,6,5.99,2024-01-01
26_KNIFE'S EDGE_538,26,KNIFE'S EDGE,538,Amaretto DiSaronno,375mL,6,10.99,2024-01-01
1_HARDERSFIELD_821,1,HARDERSFIELD,821,Grand Marnier,Liter,9,38.99,2024-01-01
33_HORNSEY_20725,33,HORNSEY,20725,Chronic Cellars Purple Parad,750mL,2,14.99,2024-01-01
22_SHARNWICK_33149,22,SHARNWICK,33149,Alamos Ridge Malbec Mendoza,750mL,23,8.99,2024-01-01
34_PITMERDEN_21408,34,PITMERDEN,21408,Ramon Cardova Garnacha,750mL,16,17.99,2024-01-01
19_WINTERVALE_6958,19,WINTERVALE,6958,Vendange Svgn Bl,1.5L,18,7.99,2024-01-01
39_EASTHALLOW_7891,39,EASTHALLOW,7891,DeLeon Platinum Tequila,750mL,5,54.99,2024-01-01
37_PAETHSMOUTH_6385,37,PAETHSMOUTH,6385,Fetzer Sundial Chard,1.5L,7,12.99,2024-01-01
26_KNIFE'S EDGE_37904,26,KNIFE'S EDGE,37904,Trapiche Broquel Mndz Malbec,750mL,9,12.99,2024-01-01
13_TARMSWORTH_6280,13,TARMSWORTH,6280,Penfolds Koonunga Hill Chard,750mL,15,11.99,2024-01-01
22_SHARNWICK_4898,22,SHARNWICK,4898,Mount Gay Extra Old Rum,750mL,3,39.99,2024-01-01
33_HORNSEY_2518,33,HORNSEY,2518,Woodford Reserve Double Oak,750mL,5,49.99,2024-01-01
6_GOULCREST_14381,6,GOULCREST,14381,LaBelle Winery Riesling,750mL,11,15.99,2024-01-01
15_WANBORNE_15314,15,WANBORNE,15314,Korbel Sweet Cuvee,750mL,10,12.99,2024-01-01
5_SUTTON_5367,5,SUTTON,5367,Sambuca di Amore,750mL,13,9.99,2024-01-01
8_ALNERWICK_6193,8,ALNERWICK,6193,Midnight Moon Moonshine,750mL,8,19.99,2024-01-01
38_GOULCREST_19656,38,GOULCREST,19656,Manifesto! Chard No Cst,750mL,0,8.99,2024-01-01
38_GOULCREST_5230,38,GOULCREST,5230,Bacardi Party Drinks Bahama,1.75L,19,15.99,2024-01-01
6_GOULCREST_8346,6,GOULCREST,8346,Marques de Riscal Rioja Red,750mL,0,14.99,2024-01-01
39_EASTHALLOW_5348,39,EASTHALLOW,5348,St Brendans Irish Cream,750mL,43,10.99,2024-01-01
14_BROMWICH_32809,14,BROMWICH,32809,Flag Hill Marechal Foch NH,750mL,11,12.99,2024-01-01
1_HARDERSFIELD_5185,1,HARDERSFIELD,5185,Irish Manor Irish Cream,1.75L,15,19.99,2024-01-01
9_BLACKPOOL_3693,9,BLACKPOOL,3693,Smirnoff Ruby Red Grapefruit,750mL,5,12.99,2024-01-01
33_HORNSEY_39087,33,HORNSEY,39087,Corbett Canyon Pnt Grigio,3L,10,10.99,2024-01-01
17_OLDHAM_5337,17,OLDHAM,5337,Drambuie,750mL,12,26.99,2024-01-01
22_SHARNWICK_5375,22,SHARNWICK,5375,Petrone Limoncello,750mL,4,18.99,2024-01-01
29_AYLESBURY_1789,29,AYLESBURY,1789,Jack Daniels Tennesse Fire,750mL,25,25.99,2024-01-01
41_LARNWICK_2648,41,LARNWICK,2648,Chivas Regal,375mL,17,15.99,2024-01-01
34_PITMERDEN_41053,34,PITMERDEN,41053,WillaKenzie Est Ore Pnt Gris,750mL,3,21.99,2024-01-01
15_WANBORNE_5740,15,WANBORNE,5740,Sweet Revenge,750mL,9,17.99,2024-01-01
33_HORNSEY_13663,33,HORNSEY,13663,Duckhorn Decoy Znfdl Sonoma,750mL,57,16.95,2024-01-01
1_HARDERSFIELD_4269,1,HARDERSFIELD,4269,Calico Jack Spiced Rum,1.75L,16,12.99,2024-01-01
40_BULLMAR_30735,40,BULLMAR,30735,Sonoma-Cutrer Cutrer V Chard,750mL,2,31.99,2024-01-01
2_ASHBORNE_46568,2,ASHBORNE,46568,R M Woodbridge Cab/Merlot,1.5L,8,8.99,2024-01-01
24_PALPERROTH_8726,24,PALPERROTH,8726,Baileys Irish Cream,50mL,81,1.99,2024-01-01
4_EANVERNESS_7254,4,EANVERNESS,7254,Cribari Marsala,750mL,12,7.99,2024-01-01
36_LEWES_40545,36,LEWES,40545,Whitehaven Svgn Bl Marlboro,750mL,5,14.99,2024-01-01
8_ALNERWICK_2899,8,ALNERWICK,2899,Laphroiag Select Single Malt,750mL,4,52.99,2024-01-01
23_ARBINGTON_3329,23,ARBINGTON,3329,Seagrams Extra Smooth Vodka,1.75L,11,14.99,2024-01-01
6_GOULCREST_2398,6,GOULCREST,2398,Tullamore Dew,750mL,7,22.99,2024-01-01
40_BULLMAR_4494,40,BULLMAR,4494,Jenkins French Brandy,1.75L,7,12.99,2024-01-01
22_SHARNWICK_3701,22,SHARNWICK,3701,UV Sangria Vodka,50mL,61,0.99,2024-01-01
14_BROMWICH_8725,14,BROMWICH,8725,Chambord Royale de France,375mL,6,17.99,2024-01-01
34_PITMERDEN_23110,34,PITMERDEN,23110,Duckhorn Estates Merlot,1.5L,4,169.99,2024-01-01
15_WANBORNE_11915,15,WANBORNE,11915,Sequoia Grove Cab Svgn,750mL,4,29.99,2024-01-01
30_CULCHETH_5815,30,CULCHETH,5815,Godiva Dark Chocolate,750mL,10,21.99,2024-01-01
39_EASTHALLOW_2965,39,EASTHALLOW,2965,Ardbeg 10 Yr Single Malt Sc,750mL,4,46.99,2024-01-01
35_HALIVAARA_4062,35,HALIVAARA,4062,Goslings Dark'N Stormy RTD,250mL 4 Pk,3,8.99,2024-01-01
27_MOUNTMEND_676,27,MOUNTMEND,676,Pinnacle Whipped Vodka,750mL,12,10.99,2024-01-01
29_AYLESBURY_4262,29,AYLESBURY,4262,Capt Morgan Spiced Rum,750mL,22,16.99,2024-01-01
17_OLDHAM_4563,17,OLDHAM,4563,Christian Bros Brandy,1.75L,4,18.99,2024-01-01
7_STANMORE_22222,7,STANMORE,22222,LaLuca Prosecco,750mL,10,11.99,2024-01-01
23_ARBINGTON_35294,23,ARBINGTON,35294,Mionetto Prosecco Brut,187mL,4,4.99,2024-01-01
12_LEESIDE_2917,12,LEESIDE,2917,Paddy's Irish Whiskey,750mL,4,19.99,2024-01-01
10_HORNSEY_8128,10,HORNSEY,8128,Espolon Anejo Tequila,750mL,8,29.99,2024-01-01
4_EANVERNESS_6857,4,EANVERNESS,6857,Sutter Home Wh Znfdl,1.5L,70,9.99,2024-01-01
39_EASTHALLOW_1737,39,EASTHALLOW,1737,Makers Mark,1.75L,17,48.99,2024-01-01
27_MOUNTMEND_8472,27,MOUNTMEND,8472,1800 Silver Tequila,750mL,19,21.99,2024-01-01
22_SHARNWICK_2628,22,SHARNWICK,2628,Dewars Special RSV 12-Yr,750mL,9,29.99,2024-01-01
23_ARBINGTON_21098,23,ARBINGTON,21098,Rutherford Ranch Chard,750mL,10,14.99,2024-01-01
41_LARNWICK_2131,41,LARNWICK,2131,Jack Daniels No 7 Black Trav,375mL,0,12.99,2024-01-01
6_GOULCREST_37923,6,GOULCREST,37923,Five Rivers Cab Svgn,750mL,6,13.99,2024-01-01
6_GOULCREST_33874,6,GOULCREST,33874,Bella Sera Pinot Grigio Del,1.5L,26,9.99,2024-01-01
15_WANBORNE_2241,15,WANBORNE,2241,Death's Door Gin,750mL,9,25.99,2024-01-01
38_GOULCREST_37822,38,GOULCREST,37822,Frescobaldi Chianti RSV Nip,750mL,21,23.49,2024-01-01
1_HARDERSFIELD_15146,1,HARDERSFIELD,15146,Achaval Ferrer Malbec,750mL,1,18.99,2024-01-01
32_MOUNTMEND_41034,32,MOUNTMEND,41034,Menage a Trois Red,750mL,67,7.95,2024-01-01
35_HALIVAARA_29477,35,HALIVAARA,29477,R Mondavi Pvt Sel Rsl,750mL,15,7.99,2024-01-01
41_LARNWICK_12116,41,LARNWICK,12116,Lindemans Bin 85 Pnt Grigio,1.5L,15,11.99,2024-01-01
23_ARBINGTON_46217,23,ARBINGTON,46217,Cono Sur Chard Cntrl Vly,750mL,14,6.99,2024-01-01
36_LEWES_3706,36,LEWES,3706,Pinnacle Citrus Vodka,1.75L,19,16.99,2024-01-01
6_GOULCREST_8622,6,GOULCREST,8622,Dom Perignon,750mL,5,134.99,2024-01-01
7_STANMORE_3650,7,STANMORE,3650,Patron Silver Tequila,750mL,19,48.99,2024-01-01
11_CARDEND_15156,11,CARDEND,15156,Yago Sant'Gria Red,3L,5,12.99,2024-01-01
40_BULLMAR_41405,40,BULLMAR,41405,La Posta Angel Plucci Malbec,750mL,12,14.99,2024-01-01
20_BREDWARDINE_18951,20,BREDWARDINE,18951,Caymus Conundrum Red,750mL,7,17.99,2024-01-01
21_BALERNO_29407,21,BALERNO,29407,Wild Horse CC Merlot,750mL,52,15.99,2024-01-01
1_HARDERSFIELD_5597,1,HARDERSFIELD,5597,DeKuyper Watermelon Pucker,750mL,7,9.99,2024-01-01
1_HARDERSFIELD_19164,1,HARDERSFIELD,19164,Tracia Malbec,750mL,13,5.99,2024-01-01
34_PITMERDEN_22672,34,PITMERDEN,22672,Mumm Brut Cve Napa,187mL,6,6.79,2024-01-01
20_BREDWARDINE_3925,20,BREDWARDINE,3925,Don Julio Reposado Tequila,750mL,4,49.99,2024-01-01
4_EANVERNESS_6660,4,EANVERNESS,6660,Carlo Rossi Paisano Calif,4L,5,14.99,2024-01-01
36_LEWES_2531,36,LEWES,2531,WhistlePig 10 Yr Old Rye,750mL,5,65.99,2024-01-01
15_WANBORNE_8361,15,WANBORNE,8361,Carlo Rossi Chablis Calif,4L,8,14.99,2024-01-01
8_ALNERWICK_5060,8,ALNERWICK,5060,Dr McGillicuddy's Butterscth,750mL,4,12.99,2024-01-01
31_HORNSEY_8339,31,HORNSEY,8339,The Glenlivet 12 Yr Single,750mL,8,41.99,2024-01-01
34_PITMERDEN_2254,34,PITMERDEN,2254,Canadian Club Triple Aged,750mL,30,12.99,2024-01-01
39_EASTHALLOW_1961,39,EASTHALLOW,1961,Everclear 151,1.75L,6,32.99,2024-01-01
23_ARBINGTON_1238,23,ARBINGTON,1238,The Glenlivet 12 Yr Single,50mL,19,4.99,2024-01-01
37_PAETHSMOUTH_14622,37,PAETHSMOUTH,14622,La Marca Prosecco,750mL,9,12.99,2024-01-01
25_CAERSHIRE_6682,25,CAERSHIRE,6682,R M Woodbridge Chard Cal,1.5L,37,8.99,2024-01-01
8_ALNERWICK_44452,8,ALNERWICK,44452,Ravenswood Zen of Zin Znfdl,750mL,9,10.99,2024-01-01
21_BALERNO_44854,21,BALERNO,44854,Duckhorn Merlot Napa,750mL,13,51.99,2024-01-01
1_HARDERSFIELD_5491,1,HARDERSFIELD,5491,Rumpleminze,50mL,0,1.99,2024-01-01
15_WANBORNE_32074,15,WANBORNE,32074,Warre's Kings Tawny Porto,750mL,1,12.99,2024-01-01
9_BLACKPOOL_2822,9,BLACKPOOL,2822,James E Pepper 1776 Rye,750mL,6,32.99,2024-01-01
37_PAETHSMOUTH_5480,37,PAETHSMOUTH,5480,E & J Superior RSV VSOP,750mL,9,10.99,2024-01-01
38_GOULCREST_24388,38,GOULCREST,24388,Steph Avrn Chn Vielles Vig,750mL,21,19.99,2024-01-01
31_HORNSEY_782,31,HORNSEY,782,Remy Martin 1738 Accord Ryl,750mL,3,44.99,2024-01-01
11_CARDEND_3808,11,CARDEND,3808,Three Olives Vodka,750mL,51,14.99,2024-01-01
17_OLDHAM_3041,17,OLDHAM,3041,Zhenka Pink Lemonade Vodka,1.75L,14,10.99,2024-01-01
33_HORNSEY_3564,33,HORNSEY,3564,Ciroc Amaretto Vodka,1.75L,10,47.99,2024-01-01
23_ARBINGTON_6694,23,ARBINGTON,6694,Lindemans Bin 65 Chard,750mL,7,7.99,2024-01-01
21_BALERNO_40054,21,BALERNO,40054,Campo Viejo Tempranillo RSV,750mL,12,12.99,2024-01-01
33_HORNSEY_6226,33,HORNSEY,6226,Marcus James Chard,1.5L,17,7.99,2024-01-01
10_HORNSEY_33028,10,HORNSEY,33028,Rombauer Cab Svgn Napa,750mL,13,54.99,2024-01-01
11_CARDEND_21965,11,CARDEND,21965,Marques de Caceres Blanco Wh,750mL,20,8.99,2024-01-01
8_ALNERWICK_4249,8,ALNERWICK,4249,Capt Morgan White Coconut,750mL,10,12.99,2024-01-01
10_HORNSEY_2626,10,HORNSEY,2626,Crown Royal Regal Apple,50mL,0,1.99,2024-01-01
22_SHARNWICK_3363,22,SHARNWICK,3363,Lunazul Reposado Tequila,750mL,6,13.99,2024-01-01
25_CAERSHIRE_5215,25,CAERSHIRE,5215,TGI Fridays Long Island Iced,1.75L,5,12.99,2024-01-01
19_WINTERVALE_4878,19,WINTERVALE,4878,Allens Coffee Brandy,750mL,17,6.99,2024-01-01
1_HARDERSFIELD_18096,1,HARDERSFIELD,18096,Bolla Amarone Valpolicella,750mL,4,31.99,2024-01-01
33_HORNSEY_36874,33,HORNSEY,36874,Yellow Tail Merlot Ausl,750mL,7,7.99,2024-01-01
39_EASTHALLOW_39971,39,EASTHALLOW,39971,Ch Montelena Cab Svgn Napa,750mL,13,49.99,2024-01-01
33_HORNSEY_27065,33,HORNSEY,27065,David Bruce Pnt Nr Sonoma,750mL,5,34.99,2024-01-01
13_TARMSWORTH_34904,13,TARMSWORTH,34904,Smoking Loon Chard,750mL,16,7.99,2024-01-01
14_BROMWICH_2607,14,BROMWICH,2607,Grand MacNish 12 Yr Old,750mL,9,21.99,2024-01-01
7_STANMORE_9358,7,STANMORE,9358,KAH Reposado Tequila,750mL,3,54.99,2024-01-01
35_HALIVAARA_8562,35,HALIVAARA,8562,DeKuyper Peachtree Trav,1.75L,6,14.99,2024-01-01
7_STANMORE_6857,7,STANMORE,6857,Sutter Home Wh Znfdl,1.5L,34,9.99,2024-01-01
33_HORNSEY_23382,33,HORNSEY,23382,Haywood Chamizal Znfdl 09,750mL,63,15.99,2024-01-01
24_PALPERROTH_28266,24,PALPERROTH,28266,Nathanson Creek Wh Znfdl,1.5L,13,7.99,2024-01-01
8_ALNERWICK_14975,8,ALNERWICK,14975,Cavit Moscato,750mL,13,8.99,2024-01-01
10_HORNSEY_2239,10,HORNSEY,2239,Rebel Yell American Whisky,750mL,7,20.99,2024-01-01
4_EANVERNESS_2247,4,EANVERNESS,2247,Balvenie Portwood 21 Yr Sin,750mL,2,204.99,2024-01-01
34_PITMERDEN_9439,34,PITMERDEN,9439,Cointreau VAP,750mL,3,29.99,2024-01-01
23_ARBINGTON_3347,23,ARBINGTON,3347,Milagro Silver Tequila,1.75L,8,39.99,2024-01-01
1_HARDERSFIELD_5890,1,HARDERSFIELD,5890,Godiva Wh Chocolate Liqueur,750mL,5,21.99,2024-01-01
15_WANBORNE_35918,15,WANBORNE,35918,Stone Cellars Pnt Grigio,1.5L,18,10.99,2024-01-01
28_LARNWICK_4351,28,LARNWICK,4351,Capt Morgan Black Spiced Rum,750mL,6,22.99,2024-01-01
34_PITMERDEN_5767,34,PITMERDEN,5767,Jose Cuervo Strawberry Marg,1.75L,25,15.99,2024-01-01
10_HORNSEY_6658,10,HORNSEY,6658,Ch de la Chaize Brouilly,750mL,21,15.99,2024-01-01
13_TARMSWORTH_3357,13,TARMSWORTH,3357,Smirnoff Sours Green Apple,50mL,0,0.99,2024-01-01
25_CAERSHIRE_5192,25,CAERSHIRE,5192,Kahlua Mocha,750mL,13,18.99,2024-01-01
9_BLACKPOOL_3683,9,BLACKPOOL,3683,Stolichnaya Ohranj,750mL,13,16.99,2024-01-01
39_EASTHALLOW_19302,39,EASTHALLOW,19302,Tomaiolo Chianti Clsco Rsva,750mL,16,11.99,2024-01-01
1_HARDERSFIELD_3791,1,HARDERSFIELD,3791,Jose Cuervo Especial Silver,375mL,5,10.99,2024-01-01
18_FURNESS_3329,18,FURNESS,3329,Seagrams Extra Smooth Vodka,1.75L,21,14.99,2024-01-01
7_STANMORE_408,7,STANMORE,408,Wild Turkey American Honey,750mL,11,17.99,2024-01-01
20_BREDWARDINE_3395,20,BREDWARDINE,3395,Jeremiah Weed Sweet Tea Vdka,750mL,11,14.99,2024-01-01
14_BROMWICH_6296,14,BROMWICH,6296,Taylor Sherry,1.5L,8,7.79,2024-01-01
34_PITMERDEN_3738,34,PITMERDEN,3738,Three Olives Chocolate Vodka,750mL,44,11.99,2024-01-01
1_HARDERSFIELD_47014,1,HARDERSFIELD,47014,Juan Gil Jumilla Rd,750mL,13,13.99,2024-01-01
1_HARDERSFIELD_35646,1,HARDERSFIELD,35646,D'Arenberg Footbolt Shiraz,750mL,1,17.99,2024-01-01
15_WANBORNE_19199,15,WANBORNE,19199,La Crema Pnt Gris Monterey,750mL,13,16.99,2024-01-01
10_HORNSEY_24265,10,HORNSEY,24265,Antinori Chianti Clsc Pepoli,750mL,21,22.99,2024-01-01
10_HORNSEY_4705,10,HORNSEY,4705,Blue Chair Bay Banana Rum,50mL,118,0.99,2024-01-01
34_PITMERDEN_20666,34,PITMERDEN,20666,Taylor Fladgate 11 Port,750mL,1,89.99,2024-01-01
23_ARBINGTON_43434,23,ARBINGTON,43434,Phillips Earthquake Cab Svgn,750mL,11,23.99,2024-01-01
1_HARDERSFIELD_5468,1,HARDERSFIELD,5468,Hine Rare VSOP,750mL,6,59.99,2024-01-01
39_EASTHALLOW_8351,39,EASTHALLOW,8351,Arrow Kirsch,750mL,12,10.99,2024-01-01
14_BROMWICH_4889,14,BROMWICH,4889,Jenkins Coffee Brandy,1.75L,10,11.99,2024-01-01
36_LEWES_2062,36,LEWES,2062,Woodford Reserve Bourbon,1.75L,3,59.99,2024-01-01
34_PITMERDEN_5983,34,PITMERDEN,5983,Flag Hill Spiced Rum,750mL,4,26.99,2024-01-01
27_MOUNTMEND_24419,27,MOUNTMEND,24419,Bonterra Mendocino Org Chard,750mL,13,10.99,2024-01-01
15_WANBORNE_21965,15,WANBORNE,21965,Marques de Caceres Blanco Wh,750mL,41,8.99,2024-01-01
1_HARDERSFIELD_5676,1,HARDERSFIELD,5676,Kinky Liqueur,50mL,21,1.99,2024-01-01
2_ASHBORNE_8154,2,ASHBORNE,8154,Cazadores Reposado Tequila,750mL,5,21.99,2024-01-01
40_BULLMAR_3150,40,BULLMAR,3150,Svedka Mango Pineapple Vodka,750mL,12,10.99,2024-01-01
36_LEWES_37656,36,LEWES,37656,MacMurray Ranch Sonma Pnt Nr,750mL,9,19.99,2024-01-01
37_PAETHSMOUTH_1178,37,PAETHSMOUTH,1178,Evan Williams Black Label B,750mL,5,11.49,2024-01-01
34_PITMERDEN_46568,34,PITMERDEN,46568,R M Woodbridge Cab/Merlot,1.5L,14,8.99,2024-01-01
24_PALPERROTH_46096,24,PALPERROTH,46096,Yellow Tail Bubbles White,750mL,3,9.99,2024-01-01
8_ALNERWICK_8170,8,ALNERWICK,8170,Courvoisier VS Cognac,50mL,18,2.99,2024-01-01
2_ASHBORNE_1365,2,ASHBORNE,1365,Stoli Mini Bar 5/50mLs Pack,50mL 5 Pk,42,7.99,2024-01-01
32_MOUNTMEND_3515,32,MOUNTMEND,3515,Skyy Infusions Citrus Vodka,1.75L,30,19.99,2024-01-01
15_WANBORNE_31231,15,WANBORNE,31231,Nobilo Svgn Bl MarlborougH,750mL,26,9.99,2024-01-01
6_GOULCREST_3476,6,GOULCREST,3476,Reyka Vodka,750mL,6,19.99,2024-01-01
38_GOULCREST_19283,38,GOULCREST,19283,Roscato Bianco,750mL,18,10.99,2024-01-01
14_BROMWICH_8072,14,BROMWICH,8072,Taittinger Brut La Francais,750mL,6,36.99,2024-01-01
38_GOULCREST_29371,38,GOULCREST,29371,Merryvale Starmont Cab Svgn,750mL,22,28.99,2024-01-01
25_CAERSHIRE_16560,25,CAERSHIRE,16560,Badenhorst Secateurs Chen Bl,750mL,12,12.99,2024-01-01
26_KNIFE'S EDGE_7221,26,KNIFE'S EDGE,7221,M & R Sweet Vermouth,1.5L,6,10.49,2024-01-01
21_BALERNO_39648,21,BALERNO,39648,Ch Ste Michelle Indn W Chard,750mL,15,14.99,2024-01-01
6_GOULCREST_2045,6,GOULCREST,2045,Monkey 47 Dry Gin,375mL,6,37.99,2024-01-01
1_HARDERSFIELD_6942,1,HARDERSFIELD,6942,Southern Comfort Cherry,750mL,5,13.99,2024-01-01
34_PITMERDEN_11970,34,PITMERDEN,11970,Zaccagnini Montepulciano Rsv,750mL,26,14.99,2024-01-01
2_ASHBORNE_5737,2,ASHBORNE,5737,Blue Chair Bay CocSpc Cream,750mL,9,16.99,2024-01-01
11_CARDEND_3389,11,CARDEND,3389,Seagrams Extra Dry Gin,1.75L,13,16.99,2024-01-01
36_LEWES_4783,36,LEWES,4783,Mr Boston Apricot Brandy,1.75L,5,13.99,2024-01-01
34_PITMERDEN_25016,34,PITMERDEN,25016,Roger et Didier Raimbault Rs,750mL,17,24.99,2024-01-01
34_PITMERDEN_6828,34,PITMERDEN,6828,Santa Rita RSV Cab Svgn,750mL,15,9.99,2024-01-01
21_BALERNO_6451,21,BALERNO,6451,Columbia Crest G E Cab Svgn,750mL,42,9.99,2024-01-01
7_STANMORE_21032,7,STANMORE,21032,Taylor Fladgate 10-Yr Tawny,750mL,6,22.99,2024-01-01
8_ALNERWICK_2658,8,ALNERWICK,2658,Cutty Sark,750mL,8,15.99,2024-01-01
35_HALIVAARA_15575,35,HALIVAARA,15575,Monte Faliesi Falanghina,750mL,21,8.99,2024-01-01
26_KNIFE'S EDGE_8506,26,KNIFE'S EDGE,8506,Myers Original Dark Rum,1.75L,6,32.99,2024-01-01
21_BALERNO_22938,21,BALERNO,22938,Black Stallion Carnrs Pnt Nr,750mL,7,18.99,2024-01-01
31_HORNSEY_4145,31,HORNSEY,4145,Don Q Cristal Rum,1.75L,28,16.99,2024-01-01
39_EASTHALLOW_44511,39,EASTHALLOW,44511,MacMurray Ranch C Cst Pnt Nr,750mL,53,13.95,2024-01-01
23_ARBINGTON_853,23,ARBINGTON,853,Bols Butterscotch,Liter,5,9.99,2024-01-01
40_BULLMAR_8847,40,BULLMAR,8847,J Roget Extra Dry,750mL,4,5.99,2024-01-01
4_EANVERNESS_38502,4,EANVERNESS,38502,Ruffino Lumina Pnt Grigio,750mL,13,6.99,2024-01-01
3_HORNSEY_8072,3,HORNSEY,8072,Taittinger Brut La Francais,750mL,12,36.99,2024-01-01
34_PITMERDEN_19754,34,PITMERDEN,19754,BV Coastal Estate Moscato,750mL,3,10.99,2024-01-01
17_OLDHAM_4270,17,OLDHAM,4270,Brugal Anejo Rum,750mL,14,16.99,2024-01-01
30_CULCHETH_39411,30,CULCHETH,39411,Mirassou Chard Cntrl Coast,750mL,7,9.99,2024-01-01
24_PALPERROTH_22398,24,PALPERROTH,22398,Allegrini Sondraia,750mL,12,49.99,2024-01-01
23_ARBINGTON_3123,23,ARBINGTON,3123,Booths London Dry Gin,1.75L,19,14.99,2024-01-01
37_PAETHSMOUTH_37313,37,PAETHSMOUTH,37313,Salmon Run NY Rsl,750mL,12,11.99,2024-01-01
11_CARDEND_5242,11,CARDEND,5242,Cointreau Liqueur,750mL,11,29.99,2024-01-01
27_MOUNTMEND_3654,27,MOUNTMEND,3654,Patron Reposado Tequila,750mL,34,53.99,2024-01-01
21_BALERNO_4670,21,BALERNO,4670,Bacardi Dragon Berry Rum,375mL,16,3.99,2024-01-01
17_OLDHAM_28163,17,OLDHAM,28163,Villa Maria Svgn Bl Pvt Bin,750mL,7,11.99,2024-01-01
6_GOULCREST_44943,6,GOULCREST,44943,Sanford Santa Barbara Chard,750mL,44,15.99,2024-01-01
39_EASTHALLOW_5502,39,EASTHALLOW,5502,RumChata Liqueur,50mL,1,0.99,2024-01-01
8_ALNERWICK_8620,8,ALNERWICK,8620,Sambuca Romana,375mL,15,11.99,2024-01-01
1_HARDERSFIELD_4296,1,HARDERSFIELD,4296,Ronrico Silver Rum,1.75L,26,11.99,2024-01-01
2_ASHBORNE_5031,2,ASHBORNE,5031,DeKuyper Peppermint Schnapp,1.75L,13,14.99,2024-01-01
15_WANBORNE_438,15,WANBORNE,438,Licor 43 Vanilla Liqueur,750mL,15,18.99,2024-01-01
40_BULLMAR_2623,40,BULLMAR,2623,Ballantines,1.75L,6,28.99,2024-01-01
1_HARDERSFIELD_13837,1,HARDERSFIELD,13837,C Y Toro Frontera Pnt Grigio,1.5L,16,10.99,2024-01-01
1_HARDERSFIELD_6174,1,HARDERSFIELD,6174,Columbia Crest Grand Merlot,750mL,26,9.99,2024-01-01
15_WANBORNE_3726,15,WANBORNE,3726,Gilbeys Vodka Traveler,750mL,20,4.99,2024-01-01
14_BROMWICH_38011,14,BROMWICH,38011,Yellow Tail RSV Shiraz Ausl,750mL,8,10.99,2024-01-01
23_ARBINGTON_23161,23,ARBINGTON,23161,Loft Cab Svgn,3L,6,19.99,2024-01-01
10_HORNSEY_2989,10,HORNSEY,2989,The Macallan 18 Yr Old,750mL,17,259.99,2024-01-01
32_MOUNTMEND_16806,32,MOUNTMEND,16806,Apothic Winemakers White,750mL,7,9.99,2024-01-01
10_HORNSEY_30735,10,HORNSEY,30735,Sonoma-Cutrer Cutrer V Chard,750mL,6,31.99,2024-01-01
27_MOUNTMEND_36750,27,MOUNTMEND,36750,Big House Cardinal Bst Znfdl,750mL,10,7.99,2024-01-01
7_STANMORE_3704,7,STANMORE,3704,Ciroc Pineapple Vodka,750mL,50,24.99,2024-01-01
25_CAERSHIRE_28890,25,CAERSHIRE,28890,Peter Vella Wh Znfdl Cal,5L,1,14.99,2024-01-01
22_SHARNWICK_1869,22,SHARNWICK,1869,Oban 14-Yr Single Malt,750mL,0,57.99,2024-01-01
14_BROMWICH_463,14,BROMWICH,463,Kirk & Sweeney 12Yr Old Rum,750mL,5,33.99,2024-01-01
1_HARDERSFIELD_2963,1,HARDERSFIELD,2963,Bruichladdich The Laddie Ten,750mL,0,59.99,2024-01-01
15_WANBORNE_19671,15,WANBORNE,19671,14 Hands Pinot Grigio,750mL,12,8.95,2024-01-01
9_BLACKPOOL_11970,9,BLACKPOOL,11970,Zaccagnini Montepulciano Rsv,750mL,10,14.99,2024-01-01
16_LUNDY_38888,16,LUNDY,38888,Justin Cab Svgn Paso Robles,750mL,3,27.99,2024-01-01
6_GOULCREST_8961,6,GOULCREST,8961,Jose Cuervo Especial,50mL,105,1.49,2024-01-01
17_OLDHAM_12944,17,OLDHAM,12944,Middle Sister Rebel Red,750mL,15,9.99,2024-01-01
30_CULCHETH_8515,30,CULCHETH,8515,Baileys Chocolate Cherry,750mL,25,18.99,2024-01-01
19_WINTERVALE_2287,19,WINTERVALE,2287,Johnnie Walker Double Black,750mL,4,39.99,2024-01-01
2_ASHBORNE_17876,2,ASHBORNE,17876,Darkhorse Cab Svgn,750mL,15,7.99,2024-01-01
34_PITMERDEN_25061,34,PITMERDEN,25061,Jadot Vosne Romanee 13,750mL,5,59.99,2024-01-01
17_OLDHAM_4265,17,OLDHAM,4265,Capt Morgan Spiced Rum,375mL,13,10.99,2024-01-01
28_LARNWICK_984,28,LARNWICK,984,Patron XO Cafe Liqueur,750mL,6,25.99,2024-01-01
37_PAETHSMOUTH_6861,37,PAETHSMOUTH,6861,Sutter Home Clsc Wh Znfdl,187mL 4 Pk,11,5.99,2024-01-01
1_HARDERSFIELD_3694,1,HARDERSFIELD,3694,Stolichnaya Razberi,750mL,10,16.99,2024-01-01
18_FURNESS_904,18,FURNESS,904,Malibu Rum,Liter,13,17.99,2024-01-01
34_PITMERDEN_3687,34,PITMERDEN,3687,Fleischmanns Royal Traveler,750mL,43,4.99,2024-01-01
15_WANBORNE_3583,15,WANBORNE,3583,Smirnoff Orange Vodka,1.75L,7,17.99,2024-01-01
30_CULCHETH_513,30,CULCHETH,513,Ocean Vodka,750mL,5,28.99,2024-01-01
29_AYLESBURY_3769,29,AYLESBURY,3769,Jenkins Vodka,1.75L,13,8.99,2024-01-01
8_ALNERWICK_6735,8,ALNERWICK,6735,Gallo Twin Valley Chard Cal,1.5L,8,9.99,2024-01-01
14_BROMWICH_12116,14,BROMWICH,12116,Lindemans Bin 85 Pnt Grigio,1.5L,15,11.99,2024-01-01
6_GOULCREST_32924,6,GOULCREST,32924,Silverado Cab Svgn Napa,750mL,7,42.99,2024-01-01
39_EASTHALLOW_8223,39,EASTHALLOW,8223,Dom Chandon Blanc de Noir C,750mL,55,13.99,2024-01-01
8_ALNERWICK_3282,8,ALNERWICK,3282,Skyy Watermelon Fresca Vodka,50mL,28,0.99,2024-01-01
10_HORNSEY_3859,10,HORNSEY,3859,Smirnoff 80 Proof,375mL,88,8.99,2024-01-01
26_KNIFE'S EDGE_3667,26,KNIFE'S EDGE,3667,Boru Original Irish Vodka,1.75L,10,17.99,2024-01-01
31_HORNSEY_2696,31,HORNSEY,2696,McClelland Highland Sgl Malt,1.75L,5,33.99,2024-01-01
40_BULLMAR_5060,40,BULLMAR,5060,Dr McGillicuddy's Butterscth,750mL,10,12.99,2024-01-01
15_WANBORNE_6459,15,WANBORNE,6459,Freixenet Cordon Negro Extr,750mL,82,10.99,2024-01-01
14_BROMWICH_16260,14,BROMWICH,16260,The Dreaming Tree Cab Svgn,750mL,4,11.99,2024-01-01
7_STANMORE_1921,7,STANMORE,1921,Glenfiddich Special Rsv 12,1.75L,7,67.99,2024-01-01
9_BLACKPOOL_46447,9,BLACKPOOL,46447,Gascon Malbec Mendoza,750mL,21,10.99,2024-01-01
7_STANMORE_4320,7,STANMORE,4320,D'Usse VSOP Cognac,750mL,3,48.99,2024-01-01
6_GOULCREST_5414,6,GOULCREST,5414,Bols Amaretto Liqueur,750mL,11,7.99,2024-01-01
12_LEESIDE_2226,12,LEESIDE,2226,Jim Beam Devils Cut,1.75L,6,36.99,2024-01-01
10_HORNSEY_45322,10,HORNSEY,45322,Zabrin de Fuego Garnacha,750mL,72,8.99,2024-01-01
1_HARDERSFIELD_1893,1,HARDERSFIELD,1893,Port Charlotte Scotch Barley,750mL,3,59.99,2024-01-01
33_HORNSEY_8124,33,HORNSEY,8124,Mouton Cadet White Brdx,750mL,17,12.99,2024-01-01
3_HORNSEY_3923,3,HORNSEY,3923,Don Julio 1942 Anejo Tequila,750mL,9,133.99,2024-01-01
26_KNIFE'S EDGE_4351,26,KNIFE'S EDGE,4351,Capt Morgan Black Spiced Rum,750mL,6,22.99,2024-01-01
33_HORNSEY_36766,33,HORNSEY,36766,Ravenswood Znfdl Lodi,750mL,3,16.99,2024-01-01
7_STANMORE_1133,7,STANMORE,1133,Glenmorangie Collection 4 Pk,100mL 4 Pk,8,31.99,2024-01-01
21_BALERNO_2704,21,BALERNO,2704,Serpent's Bite Cider Whiskey,50mL,115,0.99,2024-01-01
12_LEESIDE_8892,12,LEESIDE,8892,R Mondavi Cab Svgn Napa,750mL,5,26.99,2024-01-01
5_SUTTON_6524,5,SUTTON,6524,Rosemount Diamond Shiraz,750mL,12,6.99,2024-01-01
23_ARBINGTON_3962,23,ARBINGTON,3962,Vikingfjord Vodka,1.75L,3,21.99,2024-01-01
33_HORNSEY_3595,33,HORNSEY,3595,Smirnoff Blue 100 Proof,750mL,9,15.99,2024-01-01
9_BLACKPOOL_4751,9,BLACKPOOL,4751,Capt Morgan Cannon Blast,50mL,0,0.99,2024-01-01
15_WANBORNE_982,15,WANBORNE,982,McCormick Long Island Iced,Liter,20,6.99,2024-01-01
25_CAERSHIRE_8152,25,CAERSHIRE,8152,Skinnygirl Mojito RTD,750mL,4,12.99,2024-01-01
16_LUNDY_4410,16,LUNDY,4410,Cruzan Mango Flavored Rum,750mL,5,9.99,2024-01-01
13_TARMSWORTH_8673,13,TARMSWORTH,8673,Skinnygirl Margarita,750mL,14,10.99,2024-01-01
20_BREDWARDINE_37158,20,BREDWARDINE,37158,Montes RSV Colchagua Malbec,750mL,15,12.99,2024-01-01
13_TARMSWORTH_33582,13,TARMSWORTH,33582,Villa Cornaro Prosecco Del,750mL,32,9.99,2024-01-01
1_HARDERSFIELD_7224,1,HARDERSFIELD,7224,Jagermeister Spice,750mL,30,15.99,2024-01-01
33_HORNSEY_39410,33,HORNSEY,39410,Mirassou Cab Svgn Cal,750mL,12,9.99,2024-01-01
23_ARBINGTON_3366,23,ARBINGTON,3366,Tanqueray Rangpur Gin,1.75L,17,33.99,2024-01-01
11_CARDEND_24088,11,CARDEND,24088,Hess Select Cab Svgn,750mL,29,16.99,2024-01-01
40_BULLMAR_3918,40,BULLMAR,3918,Cabo Wabo Anejo Tequila,750mL,3,42.99,2024-01-01
40_BULLMAR_18592,40,BULLMAR,18592,Deadbolt Red,750mL,7,11.99,2024-01-01
7_STANMORE_10723,7,STANMORE,10723,R M Woodbridge Chard,1.5L,34,8.99,2024-01-01
23_ARBINGTON_2739,23,ARBINGTON,2739,Bruichladdich Rocks Sngl Mlt,750mL,0,49.99,2024-01-01
22_SHARNWICK_2241,22,SHARNWICK,2241,Death's Door Gin,750mL,3,25.99,2024-01-01
11_CARDEND_14974,11,CARDEND,14974,Mantane Primitivo Puglio,750mL,24,12.99,2024-01-01
6_GOULCREST_4938,6,GOULCREST,4938,Kapali Coffee,750mL,3,8.99,2024-01-01
17_OLDHAM_35916,17,OLDHAM,35916,Stone Cellars Merlot,1.5L,14,8.99,2024-01-01
17_OLDHAM_24188,17,OLDHAM,24188,St Francis Cab Svgn Sonoma,750mL,5,15.99,2024-01-01
33_HORNSEY_43430,33,HORNSEY,43430,Mont Gras RSV Colch Carmener,750mL,6,9.99,2024-01-01
31_HORNSEY_8905,31,HORNSEY,8905,Livingston Cellars Red Rose,3L,13,11.99,2024-01-01
35_HALIVAARA_31493,35,HALIVAARA,31493,Barefoot Merlot Cal,750mL,19,4.99,2024-01-01
31_HORNSEY_4283,31,HORNSEY,4283,Hochstadter's Slow and Low,750mL,7,18.99,2024-01-01
8_ALNERWICK_1323,8,ALNERWICK,1323,Early Times,1.75L,19,17.99,2024-01-01
38_GOULCREST_8658,38,GOULCREST,8658,Absente 'Absinthe Refined',750mL,4,33.99,2024-01-01
32_MOUNTMEND_42789,32,MOUNTMEND,42789,Greg Norman Pnt Nr Cal Est,750mL,13,14.99,2024-01-01
6_GOULCREST_38888,6,GOULCREST,38888,Justin Cab Svgn Paso Robles,750mL,11,27.99,2024-01-01
33_HORNSEY_4198,33,HORNSEY,4198,Sailor Jerry Spiced Navy Rum,1.75L,38,24.99,2024-01-01
9_BLACKPOOL_934,9,BLACKPOOL,934,Tanteo Jalapeno Tequila,750mL,7,35.99,2024-01-01
4_EANVERNESS_8497,4,EANVERNESS,8497,Kamora Coffee,750mL,15,9.99,2024-01-01
38_GOULCREST_21992,38,GOULCREST,21992,Art of Eart Montepulciano d',750mL,21,8.99,2024-01-01
34_PITMERDEN_21476,34,PITMERDEN,21476,Cos d'Estournel St Estephe,750mL,8,299.99,2024-01-01
30_CULCHETH_3879,30,CULCHETH,3879,Smirnoff 80 Proof Traveler,750mL,15,10.99,2024-01-01
20_BREDWARDINE_45294,20,BREDWARDINE,45294,C K Mondavi Willw Pnt Grigio,1.5L,15,10.99,2024-01-01
32_MOUNTMEND_37601,32,MOUNTMEND,37601,Hardys Cab Svgn Ausl,3L,6,16.99,2024-01-01
23_ARBINGTON_13303,23,ARBINGTON,13303,Plungerhead Znfdl Lodi,750mL,46,13.99,2024-01-01
26_KNIFE'S EDGE_5662,26,KNIFE'S EDGE,5662,Skinnygirl W Peach Margarita,750mL,13,10.99,2024-01-01
13_TARMSWORTH_8118,13,TARMSWORTH,8118,Mr Boston Blackberry Brandy,750mL,9,5.99,2024-01-01
1_HARDERSFIELD_15619,1,HARDERSFIELD,15619,Beringer Classic Red Moscato,750mL,22,5.99,2024-01-01
39_EASTHALLOW_7969,39,EASTHALLOW,7969,Sandeman Founders RSV Port,750mL,19,14.99,2024-01-01
6_GOULCREST_5056,6,GOULCREST,5056,Hiram Walker Pumpkin Spice,750mL,10,9.99,2024-01-01
23_ARBINGTON_18881,23,ARBINGTON,18881,Middle Sister Pnt Nr Goodie,750mL,14,9.99,2024-01-01
7_STANMORE_2598,7,STANMORE,2598,Firefly Apple Pie Moonshine,750mL,1,14.99,2024-01-01
22_SHARNWICK_41251,22,SHARNWICK,41251,Beringer Classic Pnt Grigio,750mL,19,5.99,2024-01-01
4_EANVERNESS_41159,4,EANVERNESS,41159,Phillips Earthquake Ld Znfdl,750mL,6,23.99,2024-01-01
18_FURNESS_42764,18,FURNESS,42764,14 Hands Cab Svgn Wash,750mL,21,8.95,2024-01-01
4_EANVERNESS_4103,4,EANVERNESS,4103,Capt Morgan White,750mL,9,14.99,2024-01-01
1_HARDERSFIELD_16555,1,HARDERSFIELD,16555,Murrieta's Well The Whip Wh,750mL,7,16.99,2024-01-01
30_CULCHETH_3597,30,CULCHETH,3597,UV Sangria Vodka,750mL,5,8.99,2024-01-01
5_SUTTON_3488,5,SUTTON,3488,Tanqueray,750mL,13,19.99,2024-01-01
15_WANBORNE_6357,15,WANBORNE,6357,Taylor Golden Sherry,3L,10,13.99,2024-01-01
13_TARMSWORTH_3528,13,TARMSWORTH,3528,Don Felix Anejo Tequila,750mL,5,39.99,2024-01-01
5_SUTTON_32084,5,SUTTON,32084,Heidsieck Brut Monopole Epe,750mL,11,27.99,2024-01-01
35_HALIVAARA_20842,35,HALIVAARA,20842,Papi Merlot,750mL,12,8.49,2024-01-01
3_HORNSEY_4300,3,HORNSEY,4300,BenRiach Barrel 94,750mL,1,179.99,2024-01-01
13_TARMSWORTH_12943,13,TARMSWORTH,12943,Middle Sister Drama Queen Pi,750mL,7,9.99,2024-01-01
33_HORNSEY_23527,33,HORNSEY,23527,Santa Maria Alla Pieve Valpo,750mL,1,79.99,2024-01-01
1_HARDERSFIELD_5148,1,HARDERSFIELD,5148,St Brendans Irish Cream,1.75L,0,17.99,2024-01-01
32_MOUNTMEND_44217,32,MOUNTMEND,44217,Ruffino Il Ducale Toscana Rd,750mL,15,15.99,2024-01-01
15_WANBORNE_21151,15,WANBORNE,21151,Flight Song Svgn Bl,750mL,8,12.99,2024-01-01
7_STANMORE_20800,7,STANMORE,20800,Talamonti Moda Montepulciano,750mL,3,8.99,2024-01-01
10_HORNSEY_35414,10,HORNSEY,35414,Yellow Tail Shiraz Ausl,1.5L,29,8.95,2024-01-01
14_BROMWICH_20180,14,BROMWICH,20180,Rosatello Sw Sparkling Rose,750mL,11,13.99,2024-01-01
1_HARDERSFIELD_3230,1,HARDERSFIELD,3230,Svedka Grapefruit Jalapeno,750mL,9,9.49,2024-01-01
19_WINTERVALE_4359,19,WINTERVALE,4359,Mr Boston Light Rum,1.75L,14,10.99,2024-01-01
28_LARNWICK_5875,28,LARNWICK,5875,Malibu Light Bl Hawaiian RTD,1.75L,7,17.99,2024-01-01
15_WANBORNE_33731,15,WANBORNE,33731,Hopler Gruner Veltliner,750mL,11,12.99,2024-01-01
22_SHARNWICK_2607,22,SHARNWICK,2607,Grand MacNish 12 Yr Old,750mL,3,21.99,2024-01-01
28_LARNWICK_5491,28,LARNWICK,5491,Rumpleminze,50mL,84,1.99,2024-01-01
15_WANBORNE_938,15,WANBORNE,938,Jack Daniels Master Dist VAP,750mL,11,29.99,2024-01-01
2_ASHBORNE_3805,2,ASHBORNE,3805,Cuervo Silver Rolling Stones,750mL,45,14.99,2024-01-01
36_LEWES_8424,36,LEWES,8424,1800 Coconut Tequila,750mL,7,22.99,2024-01-01
34_PITMERDEN_19458,34,PITMERDEN,19458,Ruffino Unoaked Chard Toscna,750mL,12,7.99,2024-01-01
31_HORNSEY_17350,31,HORNSEY,17350,Moonlight Meadery Sensual,375mL,7,13.99,2024-01-01
2_ASHBORNE_5146,2,ASHBORNE,5146,Pama Pomegranate Liqueur,750mL,6,17.99,2024-01-01
23_ARBINGTON_44337,23,ARBINGTON,44337,Irony Cab Svgn,750mL,9,12.99,2024-01-01
20_BREDWARDINE_10372,20,BREDWARDINE,10372,Hazlitt Red Cat Finger Lakes,750mL,11,7.99,2024-01-01
20_BREDWARDINE_31277,20,BREDWARDINE,31277,Landmark Overlook Chard,750mL,25,15.99,2024-01-01
38_GOULCREST_5890,38,GOULCREST,5890,Godiva Wh Chocolate Liqueur,750mL,62,21.99,2024-01-01
2_ASHBORNE_13458,2,ASHBORNE,13458,Ch Ste Michelle Harvest Rsl,750mL,8,8.99,2024-01-01
15_WANBORNE_8202,15,WANBORNE,8202,Sambuca Romana,750mL,75,17.99,2024-01-01
5_SUTTON_26143,5,SUTTON,26143,R Mondavi Pvt Sel Svgn Bl,750mL,7,7.99,2024-01-01
23_ARBINGTON_34996,23,ARBINGTON,34996,Carpineto Dogajolo Tuscan R,1.5L,36,16.99,2024-01-01
6_GOULCREST_1737,6,GOULCREST,1737,Makers Mark,1.75L,41,48.99,2024-01-01
34_PITMERDEN_6596,34,PITMERDEN,6596,Kenwood Svgn Bl Sonoma,750mL,14,11.99,2024-01-01
17_OLDHAM_3687,17,OLDHAM,3687,Fleischmanns Royal Traveler,750mL,26,4.99,2024-01-01
31_HORNSEY_599,31,HORNSEY,599,Stolichnaya Razberi,Liter,17,22.99,2024-01-01
4_EANVERNESS_24779,4,EANVERNESS,24779,Straccali Chianti,1.5L,11,9.99,2024-01-01
25_CAERSHIRE_46202,25,CAERSHIRE,46202,Yellow Tail Pnt Grigio Ausl,1.5L,52,8.95,2024-01-01
23_ARBINGTON_23516,23,ARBINGTON,23516,Chloe Pnt Nr,750mL,9,10.99,2024-01-01
39_EASTHALLOW_8622,39,EASTHALLOW,8622,Dom Perignon,750mL,4,134.99,2024-01-01
8_ALNERWICK_26463,8,ALNERWICK,26463,Ravenswood Vints Blend Znfdl,750mL,17,7.99,2024-01-01
39_EASTHALLOW_3354,39,EASTHALLOW,3354,Ketel One Vodka,375mL,23,14.99,2024-01-01
17_OLDHAM_32908,17,OLDHAM,32908,Sterling Vintners Cltn Merlo,750mL,6,10.99,2024-01-01
2_ASHBORNE_3139,2,ASHBORNE,3139,Grey Goose Le Melon,750mL,33,23.99,2024-01-01
38_GOULCREST_3174,38,GOULCREST,3174,Cold River Vodka,750mL,10,29.99,2024-01-01
24_PALPERROTH_44038,24,PALPERROTH,44038,Barefoot Pnt Grigio Cal,1.5L,19,10.99,2024-01-01
10_HORNSEY_2017,10,HORNSEY,2017,Redbreast Irish Whiskey,750mL,8,59.99,2024-01-01
8_ALNERWICK_3924,8,ALNERWICK,3924,Espolon Blanco Tequila,750mL,3,23.99,2024-01-01
40_BULLMAR_3335,40,BULLMAR,3335,Tanqueray Sterling Vodka,750mL,6,10.99,2024-01-01
4_EANVERNESS_18601,4,EANVERNESS,18601,Bocelli Prosecco,750mL,6,18.99,2024-01-01
37_PAETHSMOUTH_4269,37,PAETHSMOUTH,4269,Calico Jack Spiced Rum,1.75L,17,12.99,2024-01-01
20_BREDWARDINE_8395,20,BREDWARDINE,8395,Casamigos Anejo,750mL,3,61.99,2024-01-01
32_MOUNTMEND_22077,32,MOUNTMEND,22077,C Y Toro Casa Diablo Chard,750mL,14,9.99,2024-01-01
7_STANMORE_6585,7,STANMORE,6585,Kijafa Cherry,750mL,9,7.99,2024-01-01
4_EANVERNESS_13565,4,EANVERNESS,13565,Sartori Ferdi Bianco,750mL,4,7.99,2024-01-01
27_MOUNTMEND_39716,27,MOUNTMEND,39716,Ravenswood Vntrs Blnd Shiraz,750mL,13,8.99,2024-01-01
5_SUTTON_3707,5,SUTTON,3707,Smirnoff Ruby Red Grapefruit,50mL,0,0.99,2024-01-01
1_HARDERSFIELD_3746,1,HARDERSFIELD,3746,Gordons Vodka 80 Proof,1.75L,35,12.99,2024-01-01
24_PALPERROTH_6349,24,PALPERROTH,6349,Glen Ellen Chard RSV,1.5L,26,6.99,2024-01-01
17_OLDHAM_3606,17,OLDHAM,3606,Smirnoff Raspberry Vodka,50mL,162,0.99,2024-01-01
9_BLACKPOOL_8480,9,BLACKPOOL,8480,Clan MacGregor,1.75L,11,14.99,2024-01-01
35_HALIVAARA_8788,35,HALIVAARA,8788,Stolichnaya,50mL,23,1.99,2024-01-01
9_BLACKPOOL_44712,9,BLACKPOOL,44712,Sonoma-Cutrer Chard Sonoma,750mL,10,20.99,2024-01-01
29_AYLESBURY_6984,29,AYLESBURY,6984,Kendall Jackson Vntrs RSV Me,750mL,8,16.99,2024-01-01
6_GOULCREST_3522,6,GOULCREST,3522,Platinum 7X Distilled Vodka,1.75L,28,12.99,2024-01-01
29_AYLESBURY_6585,29,AYLESBURY,6585,Kijafa Cherry,750mL,2,7.99,2024-01-01
15_WANBORNE_23395,15,WANBORNE,23395,Pavilion St Pierre Cdu Rhone,750mL,12,9.99,2024-01-01
32_MOUNTMEND_3836,32,MOUNTMEND,3836,Smirnoff Citrus Vodka,750mL,19,12.99,2024-01-01
34_PITMERDEN_26163,34,PITMERDEN,26163,Lindemans Cawarra Shiraz/Cab,1.5L,4,13.49,2024-01-01
9_BLACKPOOL_3527,9,BLACKPOOL,3527,Reyka Vodka,1.75L,2,27.99,2024-01-01
6_GOULCREST_8296,6,GOULCREST,8296,Knob Creek Smoked Maple,750mL,0,27.99,2024-01-01
12_LEESIDE_31231,12,LEESIDE,31231,Nobilo Svgn Bl MarlborougH,750mL,17,9.99,2024-01-01
34_PITMERDEN_2214,34,PITMERDEN,2214,James E Pepper Bourbon,750mL,13,36.99,2024-01-01
30_CULCHETH_42735,30,CULCHETH,42735,Magnificent Wine Co House Re,750mL,12,11.99,2024-01-01
6_GOULCREST_920,6,GOULCREST,920,Sobieski Vodka,Liter,7,9.99,2024-01-01
10_HORNSEY_2780,10,HORNSEY,2780,Bulleit 10 Yr Old Bourbon,750mL,5,38.99,2024-01-01
1_HARDERSFIELD_6015,1,HARDERSFIELD,6015,Jackson Morgan Salted Carmel,750mL,3,22.99,2024-01-01
13_TARMSWORTH_6976,13,TARMSWORTH,6976,Ruffino Chianti Clsc RSV Tan,750mL,5,18.99,2024-01-01
24_PALPERROTH_3246,24,PALPERROTH,3246,Bentley's Vodka,1.75L,18,8.79,2024-01-01
16_LUNDY_6455,16,LUNDY,6455,Folonari Pinot Grigio Venez,1.5L,17,8.95,2024-01-01
14_BROMWICH_3497,14,BROMWICH,3497,Johnnie Walker Platinum,750mL,2,94.99,2024-01-01
30_CULCHETH_23423,30,CULCHETH,23423,Santa Rita RSV Chard,750mL,13,9.99,2024-01-01
20_BREDWARDINE_7985,20,BREDWARDINE,7985,Noilly Prat Extra Dry Vermou,Liter,5,9.99,2024-01-01
32_MOUNTMEND_2878,32,MOUNTMEND,2878,Hudson Four Grain Bourbon,375mL,6,39.99,2024-01-01
34_PITMERDEN_10733,34,PITMERDEN,10733,A Bichot Macon-Villages,750mL,4,12.99,2024-01-01
9_BLACKPOOL_3919,9,BLACKPOOL,3919,Hornitos Reposado Tequila,375mL,13,12.99,2024-01-01
6_GOULCREST_5168,6,GOULCREST,5168,Kahlua French Vanilla,750mL,7,18.99,2024-01-01
2_ASHBORNE_6567,2,ASHBORNE,6567,Clos du Bois Merlot N Cst,750mL,21,8.99,2024-01-01
12_LEESIDE_8746,12,LEESIDE,8746,Cavit Pinot Grigio,750mL,36,8.99,2024-01-01
6_GOULCREST_10254,6,GOULCREST,10254,Beringer Classic Chard,750mL,9,5.99,2024-01-01
16_LUNDY_6524,16,LUNDY,6524,Rosemount Diamond Shiraz,750mL,12,6.99,2024-01-01
31_HORNSEY_854,31,HORNSEY,854,Seagrams VO Canadian Whiskey,Liter,10,15.99,2024-01-01
1_HARDERSFIELD_2935,1,HARDERSFIELD,2935,Talisker 18 Yr Old Scotch,750mL,5,99.99,2024-01-01
35_HALIVAARA_3614,35,HALIVAARA,3614,Finlandia Vodka,1.75L,2,19.99,2024-01-01
22_SHARNWICK_21957,22,SHARNWICK,21957,Cooks Spumante,750mL,46,6.99,2024-01-01
32_MOUNTMEND_40051,32,MOUNTMEND,40051,Concannon Select Vyds Pnt Nr,750mL,9,7.99,2024-01-01
36_LEWES_6293,36,LEWES,6293,Fetzer Gewurz,750mL,9,9.99,2024-01-01
15_WANBORNE_10676,15,WANBORNE,10676,William Hill Est Cab Svgn RV,750mL,6,42.99,2024-01-01
22_SHARNWICK_2965,22,SHARNWICK,2965,Ardbeg 10 Yr Single Malt Sc,750mL,4,46.99,2024-01-01
4_EANVERNESS_6206,4,EANVERNESS,6206,Midnight Moon Apple Pie,375mL,11,10.99,2024-01-01
20_BREDWARDINE_3840,20,BREDWARDINE,3840,Smirnoff Raspberry Vodka,1.75L,32,17.99,2024-01-01
41_LARNWICK_12216,41,LARNWICK,12216,Da Vinci Pnt Grigio,750mL,14,9.99,2024-01-01
32_MOUNTMEND_8985,32,MOUNTMEND,8985,J Roget Spumante,750mL,15,5.99,2024-01-01
26_KNIFE'S EDGE_2015,26,KNIFE'S EDGE,2015,Jack Daniels Tennessee Honey,750mL,7,26.99,2024-01-01
33_HORNSEY_8113,33,HORNSEY,8113,R Mondavi Chard Napa,750mL,9,17.99,2024-01-01
34_PITMERDEN_5318,34,PITMERDEN,5318,Benedictine Liqueur Dom,750mL,14,24.99,2024-01-01
36_LEWES_2769,36,LEWES,2769,Laphroaig Quarter Cask,750mL,2,52.99,2024-01-01
41_LARNWICK_2780,41,LARNWICK,2780,Bulleit 10 Yr Old Bourbon,750mL,11,38.99,2024-01-01
33_HORNSEY_17612,33,HORNSEY,17612,Tilia Malbec Syrah  Mendoza,750mL,4,9.99,2024-01-01
8_ALNERWICK_4113,8,ALNERWICK,4113,Capt Morgan White,50mL,18,0.99,2024-01-01
28_LARNWICK_6256,28,LARNWICK,6256,Sutter Home Chard,1.5L,34,9.99,2024-01-01
11_CARDEND_43590,11,CARDEND,43590,Ch Ste Michelle Indn Wls Cab,750mL,14,14.99,2024-01-01
7_STANMORE_32652,7,STANMORE,32652,Beringer Classic Wh Merlot,750mL,10,5.99,2024-01-01
30_CULCHETH_4748,30,CULCHETH,4748,Patron XO Cafe Incendio,750mL,5,20.99,2024-01-01
34_PITMERDEN_18550,34,PITMERDEN,18550,Merry Edwards Olivet Lane,750mL,5,79.99,2024-01-01
1_HARDERSFIELD_27579,1,HARDERSFIELD,27579,Zenato Amarone,750mL,4,66.99,2024-01-01
38_GOULCREST_16174,38,GOULCREST,16174,Inkblot Cab Franc,750mL,12,35.99,2024-01-01
22_SHARNWICK_8623,22,SHARNWICK,8623,Casamigos Anejo Tequila,50mL,33,2.99,2024-01-01
6_GOULCREST_538,6,GOULCREST,538,Amaretto DiSaronno,375mL,10,10.99,2024-01-01
6_GOULCREST_27807,6,GOULCREST,27807,Night Harvest Chard,750mL,20,5.99,2024-01-01
2_ASHBORNE_6660,2,ASHBORNE,6660,Carlo Rossi Paisano Calif,4L,12,14.99,2024-01-01
10_HORNSEY_20731,10,HORNSEY,20731,Villa Jolanda Strwby Moscato,750mL,22,10.99,2024-01-01
22_SHARNWICK_14818,22,SHARNWICK,14818,Simi Pnt Nr Sonoma Cnty,750mL,9,19.99,2024-01-01
25_CAERSHIRE_36770,25,CAERSHIRE,36770,Yellow Tail Cab Svgn Ausl,1.5L,53,8.95,2024-01-01
5_SUTTON_5138,5,SUTTON,5138,Fireball Cinnamon Whisky,750mL,0,13.99,2024-01-01
33_HORNSEY_18637,33,HORNSEY,18637,Iris Vineyard Pnt Nr,750mL,0,19.99,2024-01-01
34_PITMERDEN_10283,34,PITMERDEN,10283,M D 20/20 Orange Jubilee,750mL,11,3.99,2024-01-01
32_MOUNTMEND_5333,32,MOUNTMEND,5333,Jenkins Amaretto,1.75L,8,10.99,2024-01-01
40_BULLMAR_5740,40,BULLMAR,5740,Sweet Revenge,750mL,5,17.99,2024-01-01
23_ARBINGTON_4796,23,ARBINGTON,4796,Caravella Limoncello,750mL,15,16.99,2024-01-01
7_STANMORE_8191,7,STANMORE,8191,Savory & James Deluxe Cream,1.5L,8,18.49,2024-01-01
41_LARNWICK_2522,41,LARNWICK,2522,The Macallan 10 Yr Fine Oak,750mL,10,52.99,2024-01-01
16_LUNDY_5661,16,LUNDY,5661,Dr McGillicuddy's Root Beer,750mL,23,12.99,2024-01-01
10_HORNSEY_16458,10,HORNSEY,16458,Gerard Bertrand Corbieres Ro,750mL,15,12.99,2024-01-01
33_HORNSEY_43225,33,HORNSEY,43225,Ch Beauchene Chtnf Pape RSV,750mL,50,27.99,2024-01-01
19_WINTERVALE_44362,19,WINTERVALE,44362,Cusumano Nero D'Avola Sicily,750mL,12,10.99,2024-01-01
1_HARDERSFIELD_3896,1,HARDERSFIELD,3896,Zhenka Vodka,375mL,28,3.29,2024-01-01
13_TARMSWORTH_3894,13,TARMSWORTH,3894,Zhenka Vodka 100 Proof,1.75L,12,11.99,2024-01-01
1_HARDERSFIELD_16441,1,HARDERSFIELD,16441,Bota Box RedVolution,3L,10,17.99,2024-01-01
27_MOUNTMEND_8744,27,MOUNTMEND,8744,Jadot Bourgogne Pinot Noir,750mL,8,17.99,2024-01-01
7_STANMORE_6608,7,STANMORE,6608,Patron Roca Anejo Tequila,750mL,6,84.99,2024-01-01
9_BLACKPOOL_10062,9,BLACKPOOL,10062,Terroirs du Rhone,750mL,17,8.99,2024-01-01
30_CULCHETH_21055,30,CULCHETH,21055,Sandeman Imperial 20-Yr Taw,750mL,6,36.99,2024-01-01
27_MOUNTMEND_40801,27,MOUNTMEND,40801,Sileni Sauvignon Blanc,750mL,7,10.99,2024-01-01
18_FURNESS_40096,18,FURNESS,40096,Black Box Cab Svgn,3L,4,18.99,2024-01-01
21_BALERNO_9118,21,BALERNO,9118,Caffo Sambuca Secolare,750mL,10,16.99,2024-01-01
4_EANVERNESS_12593,4,EANVERNESS,12593,Ravenswood Belloni Znfdl,750mL,4,26.99,2024-01-01
24_PALPERROTH_1220,24,PALPERROTH,1220,Woodford Reserve Bourbon,750mL,11,29.99,2024-01-01
15_WANBORNE_8696,15,WANBORNE,8696,Gekkeikan Plum Wine,750mL,11,10.99,2024-01-01
32_MOUNTMEND_25419,32,MOUNTMEND,25419,Kunde Chard Sonoma Valley,750mL,13,13.99,2024-01-01
23_ARBINGTON_38690,23,ARBINGTON,38690,Ch Ste Michelle Indn Wl Merl,750mL,3,14.99,2024-01-01
10_HORNSEY_39983,10,HORNSEY,39983,Little Penguin Shiraz Ausl,1.5L,8,11.99,2024-01-01
25_CAERSHIRE_19577,25,CAERSHIRE,19577,Forma de Art Red,750mL,14,14.99,2024-01-01
27_MOUNTMEND_6432,27,MOUNTMEND,6432,Shady Fruit Real Ruby Red Gr,50mL,76,0.99,2024-01-01
24_PALPERROTH_686,24,PALPERROTH,686,Midnight Moon Cherry,750mL,20,19.99,2024-01-01
30_CULCHETH_9256,30,CULCHETH,9256,Don Ramon Silver Tequila,750mL,2,29.99,2024-01-01
10_HORNSEY_11480,10,HORNSEY,11480,Candia Vyds Noiret Vault RSV,750mL,18,14.99,2024-01-01
25_CAERSHIRE_35048,25,CAERSHIRE,35048,Castell Del Remei Gotim Bru,750mL,16,13.99,2024-01-01
23_ARBINGTON_3276,23,ARBINGTON,3276,Gordons London Dry,1.75L,50,14.99,2024-01-01
38_GOULCREST_19045,38,GOULCREST,19045,San Polo Mezzopane 06 Toscan,750mL,13,28.99,2024-01-01
27_MOUNTMEND_3818,27,MOUNTMEND,3818,Cabo Wabo Blanco Tequila,750mL,10,29.99,2024-01-01
10_HORNSEY_8339,10,HORNSEY,8339,The Glenlivet 12 Yr Single,750mL,31,41.99,2024-01-01
6_GOULCREST_5773,6,GOULCREST,5773,Kahlua Midnight,750mL,10,19.99,2024-01-01
21_BALERNO_43918,21,BALERNO,43918,Farnum Hill X-Dry Cider,750mL,13,11.99,2024-01-01
33_HORNSEY_16428,33,HORNSEY,16428,HandCraft Artisan Coll Chard,750mL,9,9.99,2024-01-01
7_STANMORE_6231,7,STANMORE,6231,Mumm Brut Prestige,750mL,9,14.99,2024-01-01
32_MOUNTMEND_20729,32,MOUNTMEND,20729,Villa Jolanda Peach Moscato,750mL,0,10.99,2024-01-01
22_SHARNWICK_2532,22,SHARNWICK,2532,The Macallan 12 Yr Old,1.75L,5,134.99,2024-01-01
39_EASTHALLOW_3363,39,EASTHALLOW,3363,Lunazul Reposado Tequila,750mL,9,13.99,2024-01-01
1_HARDERSFIELD_999,1,HARDERSFIELD,999,Jameson 18 Year Old,750mL,0,119.99,2024-01-01
26_KNIFE'S EDGE_2105,26,KNIFE'S EDGE,2105,Black Velvet Toasted Caramel,750mL,24,9.99,2024-01-01
25_CAERSHIRE_16127,25,CAERSHIRE,16127,Lindemans Bin 90 Moscato,1.5L,5,11.99,2024-01-01
27_MOUNTMEND_1385,27,MOUNTMEND,1385,Makers Mark,750mL,50,26.99,2024-01-01
33_HORNSEY_13963,33,HORNSEY,13963,Yellow Tail Pnt Nr,1.5L,12,9.99,2024-01-01
15_WANBORNE_25158,15,WANBORNE,25158,M Lynch Bordeaux Rouge Medoc,750mL,24,16.99,2024-01-01
4_EANVERNESS_2184,4,EANVERNESS,2184,Bonnie Rose Orange Peel,750mL,12,19.99,2024-01-01
2_ASHBORNE_44854,2,ASHBORNE,44854,Duckhorn Merlot Napa,750mL,8,51.99,2024-01-01
29_AYLESBURY_6524,29,AYLESBURY,6524,Rosemount Diamond Shiraz,750mL,5,6.99,2024-01-01
7_STANMORE_2868,7,STANMORE,2868,Mortlach Single Malt Scotch,750mL,8,89.99,2024-01-01
29_AYLESBURY_3522,29,AYLESBURY,3522,Platinum 7X Distilled Vodka,1.75L,17,12.99,2024-01-01
4_EANVERNESS_4194,4,EANVERNESS,4194,Calico Jack Coconut Rum,1.75L,15,12.99,2024-01-01
37_PAETHSMOUTH_6322,37,PAETHSMOUTH,6322,Rene Junot Red,1.5L,6,11.99,2024-01-01
15_WANBORNE_46725,15,WANBORNE,46725,Broadbent Auction RSV,750mL,17,20.99,2024-01-01
25_CAERSHIRE_680,25,CAERSHIRE,680,Midnight Moon Strawberry,750mL,17,19.99,2024-01-01
38_GOULCREST_1253,38,GOULCREST,1253,Tullibardine Burgundy Finish,750mL,17,64.99,2024-01-01
2_ASHBORNE_4196,2,ASHBORNE,4196,Bacardi Dragon Berry Rum,750mL,15,9.99,2024-01-01
16_LUNDY_3595,16,LUNDY,3595,Smirnoff Blue 100 Proof,750mL,7,15.99,2024-01-01
30_CULCHETH_46060,30,CULCHETH,46060,Martin Codax Albarino,750mL,8,13.99,2024-01-01
14_BROMWICH_36370,14,BROMWICH,36370,McWilliams Hanwood Est Chard,750mL,9,6.99,2024-01-01
16_LUNDY_3878,16,LUNDY,3878,Smirnoff 80 Proof,750mL,21,12.99,2024-01-01
40_BULLMAR_3085,40,BULLMAR,3085,Absolut Mini Bar 5/50mls,50mL 5 Pk,24,5.99,2024-01-01
5_SUTTON_35472,5,SUTTON,35472,R M Woodbridge Pnt Grigio,1.5L,5,8.99,2024-01-01
16_LUNDY_2117,16,LUNDY,2117,Black Velvet Traveler,750mL,25,8.99,2024-01-01
18_FURNESS_31465,18,FURNESS,31465,Franzia Tap Chard,5L,13,17.99,2024-01-01
14_BROMWICH_5849,14,BROMWICH,5849,GranGala Triple Orange,750mL,4,16.99,2024-01-01
24_PALPERROTH_2954,24,PALPERROTH,2954,Highland Park 12 Yr Single,750mL,9,46.99,2024-01-01
17_OLDHAM_5396,17,OLDHAM,5396,Tia Maria Coffee Liqueur,750mL,6,16.99,2024-01-01
14_BROMWICH_3951,14,BROMWICH,3951,Hornitos Reposado Tequila,50mL,122,2.49,2024-01-01
8_ALNERWICK_3591,8,ALNERWICK,3591,Absolut Vanilia,750mL,12,17.99,2024-01-01
26_KNIFE'S EDGE_3636,26,KNIFE'S EDGE,3636,Dr McGillicuddy's Mentholmnt,375mL,19,7.49,2024-01-01
8_ALNERWICK_4176,8,ALNERWICK,4176,Blackheart Spiced Rum,750mL,15,10.99,2024-01-01
28_LARNWICK_1375,28,LARNWICK,1375,Jim Beam,750mL,29,16.49,2024-01-01
31_HORNSEY_811,31,HORNSEY,811,Jack Daniels No 7 Black,Liter,41,27.99,2024-01-01
35_HALIVAARA_8847,35,HALIVAARA,8847,J Roget Extra Dry,750mL,12,5.99,2024-01-01
7_STANMORE_4234,7,STANMORE,4234,Bacardi Pineapple Fusion,750mL,21,9.99,2024-01-01
15_WANBORNE_2445,15,WANBORNE,2445,Seagrams VO,750mL,0,11.99,2024-01-01
5_SUTTON_2769,5,SUTTON,2769,Laphroaig Quarter Cask,750mL,6,52.99,2024-01-01
14_BROMWICH_3058,14,BROMWICH,3058,Three Olives Vodka,50mL,0,0.99,2024-01-01
2_ASHBORNE_16289,2,ASHBORNE,16289,Barefoot Bubbly Pink Moscato,750mL,12,7.99,2024-01-01
31_HORNSEY_6976,31,HORNSEY,6976,Ruffino Chianti Clsc RSV Tan,750mL,7,18.99,2024-01-01
6_GOULCREST_3025,6,GOULCREST,3025,Ciroc Snap Frost Vodka,375mL,9,15.49,2024-01-01
19_WINTERVALE_2755,19,WINTERVALE,2755,Johnnie Walker Red Label,750mL,11,24.99,2024-01-01
34_PITMERDEN_5833,34,PITMERDEN,5833,Patron Roca Silver Tequila,750mL,8,69.99,2024-01-01
25_CAERSHIRE_23256,25,CAERSHIRE,23256,Robert Hall Cab Svgn,750mL,39,13.99,2024-01-01
30_CULCHETH_4796,30,CULCHETH,4796,Caravella Limoncello,750mL,4,16.99,2024-01-01
19_WINTERVALE_8678,19,WINTERVALE,8678,Banfi Chianti Clsc RSV,750mL,2,16.99,2024-01-01
19_WINTERVALE_11196,19,WINTERVALE,11196,Angelini Pnt Grigio Veneto,750mL,20,9.99,2024-01-01
27_MOUNTMEND_2912,27,MOUNTMEND,2912,Platte Valley KY Moonshine,750mL,5,16.99,2024-01-01
11_CARDEND_23632,11,CARDEND,23632,Firesteed Wines Rose Pnt Nr,750mL,0,15.99,2024-01-01
9_BLACKPOOL_23998,9,BLACKPOOL,23998,Belguardo Serrata Toscana,750mL,0,9.99,2024-01-01
13_TARMSWORTH_31231,13,TARMSWORTH,31231,Nobilo Svgn Bl MarlborougH,750mL,12,9.99,2024-01-01
34_PITMERDEN_24470,34,PITMERDEN,24470,L'Oiseliniere Musc Sevre Ill,750mL,3,18.99,2024-01-01
6_GOULCREST_25963,6,GOULCREST,25963,Macrostie Carneros Chard,750mL,7,18.99,2024-01-01
22_SHARNWICK_4141,22,SHARNWICK,4141,Wild Turkey American Honey,50mL,0,0.99,2024-01-01
15_WANBORNE_2994,15,WANBORNE,2994,Hudson Manhattan Rye,750mL,5,49.99,2024-01-01
7_STANMORE_10596,7,STANMORE,10596,Almaden Mt Rhine Calif B/B,5L,17,14.99,2024-01-01
35_HALIVAARA_6592,35,HALIVAARA,6592,Almaden Chard Cal,1.5L,11,8.99,2024-01-01
24_PALPERROTH_2658,24,PALPERROTH,2658,Cutty Sark,750mL,16,15.99,2024-01-01
25_CAERSHIRE_18748,25,CAERSHIRE,18748,Ca'Momi Bianco di Napa,750mL,13,8.29,2024-01-01
14_BROMWICH_32831,14,BROMWICH,32831,Carpineto Dogajolo Tuscan Rd,750mL,55,11.99,2024-01-01
9_BLACKPOOL_1379,9,BLACKPOOL,1379,Jim Beam Traveler,750mL,25,16.49,2024-01-01
9_BLACKPOOL_18347,9,BLACKPOOL,18347,Banfi Pnt Grigio San Angelo,750mL,68,16.99,2024-01-01
38_GOULCREST_8178,38,GOULCREST,8178,Bulleit Bourbon,750mL,17,27.99,2024-01-01
11_CARDEND_32263,11,CARDEND,32263,Lindemans Bin 65 Chard,1.5L,14,9.99,2024-01-01
13_TARMSWORTH_1692,13,TARMSWORTH,1692,Everclear 151,750mL,9,18.49,2024-01-01
28_LARNWICK_32908,28,LARNWICK,32908,Sterling Vintners Cltn Merlo,750mL,42,10.99,2024-01-01
10_HORNSEY_543,10,HORNSEY,543,Berkshire Mtn Ethereal Gin,750mL,11,29.99,2024-01-01
15_WANBORNE_22027,15,WANBORNE,22027,Jacobs Crk Cab Svgn,750mL,15,7.99,2024-01-01
19_WINTERVALE_12213,19,WINTERVALE,12213,Evodia Garnacha Old Vine,750mL,11,8.99,2024-01-01
23_ARBINGTON_26092,23,ARBINGTON,26092,Blackstone Merlot Cal,750mL,29,7.99,2024-01-01
15_WANBORNE_1181,15,WANBORNE,1181,Kahlua Peppermint Mocha,750mL,17,18.99,2024-01-01
4_EANVERNESS_32294,4,EANVERNESS,32294,Dom Chandon Brut,187mL,9,4.49,2024-01-01
23_ARBINGTON_1310,23,ARBINGTON,1310,Remy Martin XO Excelence VAP,750mL,4,159.99,2024-01-01
35_HALIVAARA_2838,35,HALIVAARA,2838,Calumet Bourbon,750mL,3,45.99,2024-01-01
12_LEESIDE_3727,12,LEESIDE,3727,Absolut Citron,50mL,26,1.99,2024-01-01
21_BALERNO_12951,21,BALERNO,12951,Purple Cowboy Red,750mL,7,12.99,2024-01-01
32_MOUNTMEND_27350,32,MOUNTMEND,27350,Almaden Cab Svgn Cal B/B,5L,6,15.99,2024-01-01
20_BREDWARDINE_6455,20,BREDWARDINE,6455,Folonari Pinot Grigio Venez,1.5L,36,8.95,2024-01-01
36_LEWES_8200,36,LEWES,8200,Chambord Liqueur de France,50mL,21,2.99,2024-01-01
6_GOULCREST_2435,6,GOULCREST,2435,Crown Royal RSV,750mL,10,40.99,2024-01-01
36_LEWES_5458,36,LEWES,5458,After Shock Hot & Cool Cinmn,750mL,10,15.99,2024-01-01
32_MOUNTMEND_4025,32,MOUNTMEND,4025,Bacardi Oakheart Spiced Rum,50mL,71,1.79,2024-01-01
11_CARDEND_21595,11,CARDEND,21595,Veuve du Vernay Sprklng Brut,750mL,2,5.49,2024-01-01
8_ALNERWICK_4677,8,ALNERWICK,4677,Courvoisier 12 Yr Cognac,750mL,3,44.99,2024-01-01
35_HALIVAARA_11826,35,HALIVAARA,11826,Cupcake Chard,750mL,43,7.49,2024-01-01
38_GOULCREST_5765,38,GOULCREST,5765,Jose Cuervo Lime Margarita,1.75L,11,15.99,2024-01-01
8_ALNERWICK_32675,8,ALNERWICK,32675,Blackstone Cab Svgn Cal,750mL,12,7.99,2024-01-01
14_BROMWICH_6126,14,BROMWICH,6126,Sogno di Sorrento Crema Lem,750mL,13,25.99,2024-01-01
37_PAETHSMOUTH_42420,37,PAETHSMOUTH,42420,Yellow Tail Pnt Grigio Ausl,750mL,13,7.99,2024-01-01
13_TARMSWORTH_27145,13,TARMSWORTH,27145,Schmitt Sohne QbA,750mL,6,8.99,2024-01-01
30_CULCHETH_26558,30,CULCHETH,26558,King Est Pnt Nr Ore,750mL,4,23.99,2024-01-01
14_BROMWICH_5054,14,BROMWICH,5054,Jagermeister Spice,50mL,44,1.99,2024-01-01
17_OLDHAM_34904,17,OLDHAM,34904,Smoking Loon Chard,750mL,11,7.99,2024-01-01
7_STANMORE_34504,7,STANMORE,34504,Ca'Montini Pinot Grigio Tre,750mL,7,14.99,2024-01-01
17_OLDHAM_39087,17,OLDHAM,39087,Corbett Canyon Pnt Grigio,3L,5,10.99,2024-01-01
33_HORNSEY_46202,33,HORNSEY,46202,Yellow Tail Pnt Grigio Ausl,1.5L,48,8.95,2024-01-01
32_MOUNTMEND_3356,32,MOUNTMEND,3356,Svedka Vodka,375mL,14,6.99,2024-01-01
2_ASHBORNE_4153,2,ASHBORNE,4153,Jenkins Rum,1.75L,13,11.99,2024-01-01
1_HARDERSFIELD_19175,1,HARDERSFIELD,19175,Melini Chianti DOCG Riserva,750mL,9,11.99,2024-01-01
22_SHARNWICK_6459,22,SHARNWICK,6459,Freixenet Cordon Negro Extr,750mL,3,10.99,2024-01-01
8_ALNERWICK_4390,8,ALNERWICK,4390,Ron Zacapa 23 Yr Old Rum,750mL,5,42.99,2024-01-01
32_MOUNTMEND_3348,32,MOUNTMEND,3348,Bombay Sapphire Gin,1.75L,67,29.99,2024-01-01
21_BALERNO_20506,21,BALERNO,20506,Citran Haut-Medoc,750mL,4,28.99,2024-01-01
34_PITMERDEN_8130,34,PITMERDEN,8130,Bacardi Superior Rum,50mL,235,1.29,2024-01-01
10_HORNSEY_8746,10,HORNSEY,8746,Cavit Pinot Grigio,750mL,25,8.99,2024-01-01
41_LARNWICK_2894,41,LARNWICK,2894,Scoresby Rare,1.75L,25,17.99,2024-01-01
14_BROMWICH_1637,14,BROMWICH,1637,Fleischmanns Preferred,1.75L,27,10.99,2024-01-01
10_HORNSEY_22584,10,HORNSEY,22584,Cambria Katherines Chard,750mL,12,17.99,2024-01-01
32_MOUNTMEND_27735,32,MOUNTMEND,27735,Bogle Cab Svgn Cal,750mL,29,9.99,2024-01-01
19_WINTERVALE_5058,19,WINTERVALE,5058,Capt Morgan Long Isl Tea RTD,1.75L,5,17.99,2024-01-01
15_WANBORNE_8059,15,WANBORNE,8059,Corazon de Agave Anejo,750mL,4,29.99,2024-01-01
6_GOULCREST_3238,6,GOULCREST,3238,Hendrick's Gin,750mL,22,29.99,2024-01-01
1_HARDERSFIELD_31070,1,HARDERSFIELD,31070,Treana Red Calif,750mL,9,19.99,2024-01-01
10_HORNSEY_8673,10,HORNSEY,8673,Skinnygirl Margarita,750mL,16,10.99,2024-01-01
30_CULCHETH_29616,30,CULCHETH,29616,Kermit Lynch Cotes du Rhone,750mL,7,13.99,2024-01-01
23_ARBINGTON_3058,23,ARBINGTON,3058,Three Olives Vodka,50mL,0,0.99,2024-01-01
5_SUTTON_16828,5,SUTTON,16828,Korbel Organic Brut,750mL,8,12.99,2024-01-01
38_GOULCREST_1273,38,GOULCREST,1273,Jim Beam Choice,1.75L,13,31.99,2024-01-01
38_GOULCREST_4153,38,GOULCREST,4153,Jenkins Rum,1.75L,33,11.99,2024-01-01
4_EANVERNESS_4105,4,EANVERNESS,4105,Patron XO Cafe Variety 3 Pak,50mL 3 Pk,32,6.99,2024-01-01
2_ASHBORNE_5929,2,ASHBORNE,5929,RumChata Liqueur,1.75L,0,44.99,2024-01-01
23_ARBINGTON_17339,23,ARBINGTON,17339,Chicken & Turkey Cotes du Rh,750mL,7,9.99,2024-01-01
6_GOULCREST_3626,6,GOULCREST,3626,Sauza Extra Gold Tequila,750mL,18,12.99,2024-01-01
13_TARMSWORTH_5805,13,TARMSWORTH,5805,Jose Cuervo Light Margaritas,1.75L,5,15.99,2024-01-01
25_CAERSHIRE_8342,25,CAERSHIRE,8342,Korbel X Dry,750mL,43,11.99,2024-01-01
10_HORNSEY_37217,10,HORNSEY,37217,Castano Solanera Yecla Mona,750mL,10,13.99,2024-01-01
9_BLACKPOOL_2435,9,BLACKPOOL,2435,Crown Royal RSV,750mL,1,40.99,2024-01-01
28_LARNWICK_4939,28,LARNWICK,4939,Kapali Coffee,1.75L,10,15.99,2024-01-01
33_HORNSEY_43872,33,HORNSEY,43872,Joseph Carr Cab Svgn Napa,750mL,63,19.99,2024-01-01
40_BULLMAR_37313,40,BULLMAR,37313,Salmon Run NY Rsl,750mL,3,11.99,2024-01-01
21_BALERNO_4386,21,BALERNO,4386,Casa Noble Reposado,750mL,8,44.99,2024-01-01
33_HORNSEY_26744,33,HORNSEY,26744,Santa Lucia Sangvs Monte Ant,750mL,11,11.99,2024-01-01
10_HORNSEY_8420,10,HORNSEY,8420,Frangelico Hazelnut Liqueur,1.75L,14,39.99,2024-01-01
39_EASTHALLOW_46829,39,EASTHALLOW,46829,Pacific Rim Yakima Gewurz,750mL,8,11.99,2024-01-01
35_HALIVAARA_3762,35,HALIVAARA,3762,Patron Silver Tequila,50mL,5,5.99,2024-01-01
14_BROMWICH_11366,14,BROMWICH,11366,Two Oceans WestrnCape Shiraz,750mL,7,8.99,2024-01-01
8_ALNERWICK_8537,8,ALNERWICK,8537,Dom Chandon Brut Cuvee,750mL,7,13.99,2024-01-01
32_MOUNTMEND_3385,32,MOUNTMEND,3385,Pinnacle Strawbry Kiwi Vodka,1.75L,25,16.99,2024-01-01
27_MOUNTMEND_22079,27,MOUNTMEND,22079,C Y Toro Casa Diblo Cab Svgn,750mL,12,9.99,2024-01-01
21_BALERNO_11440,21,BALERNO,11440,Peter Vella Sangria B/B,5L,4,14.99,2024-01-01
40_BULLMAR_1019,40,BULLMAR,1019,Drambuie Glass Pack,750mL,0,26.99,2024-01-01
32_MOUNTMEND_46458,32,MOUNTMEND,46458,Layer Cake Barosa Shiraz,750mL,60,11.95,2024-01-01
24_PALPERROTH_1623,24,PALPERROTH,1623,Bulleit 95 Rye,375mL,7,12.99,2024-01-01
40_BULLMAR_79,40,BULLMAR,79,Three Olives Loopy Vodka,750mL,3,14.99,2024-01-01
34_PITMERDEN_21573,34,PITMERDEN,21573,Casal Garcia Vinho Verde Ros,750mL,5,7.99,2024-01-01
34_PITMERDEN_20801,34,PITMERDEN,20801,Catena Historic Rows Chard,750mL,27,29.99,2024-01-01
13_TARMSWORTH_3354,13,TARMSWORTH,3354,Ketel One Vodka,375mL,16,14.99,2024-01-01
4_EANVERNESS_2676,4,EANVERNESS,2676,Grand MacNish,1.75L,34,14.99,2024-01-01
5_SUTTON_4783,5,SUTTON,4783,Mr Boston Apricot Brandy,1.75L,13,13.99,2024-01-01
20_BREDWARDINE_24002,20,BREDWARDINE,24002,Corbett Canyon Chard,1.5L,17,8.99,2024-01-01
21_BALERNO_8678,21,BALERNO,8678,Banfi Chianti Clsc RSV,750mL,58,16.99,2024-01-01
27_MOUNTMEND_4734,27,MOUNTMEND,4734,Capt Morgan Cannon Blast,750mL,0,14.99,2024-01-01
17_OLDHAM_2623,17,OLDHAM,2623,Ballantines,1.75L,5,28.99,2024-01-01
38_GOULCREST_15230,38,GOULCREST,15230,Faust Cab Svgn Napa Valley,750mL,8,49.99,2024-01-01
41_LARNWICK_3668,41,LARNWICK,3668,Belvedere Polish Vodka,1.75L,21,42.99,2024-01-01
10_HORNSEY_3529,10,HORNSEY,3529,U V Vodka,1.75L,19,13.99,2024-01-01
34_PITMERDEN_23388,34,PITMERDEN,23388,Light Horse Cab Svgn,750mL,8,11.99,2024-01-01
34_PITMERDEN_41918,34,PITMERDEN,41918,Jacobs Crk Rsl,750mL,15,7.99,2024-01-01
11_CARDEND_45333,11,CARDEND,45333,Cono Sur Svgn Bl Cntrl Vly,750mL,17,6.99,2024-01-01
33_HORNSEY_17378,33,HORNSEY,17378,Terrazas Torrontes Rsv 10,750mL,5,11.99,2024-01-01
26_KNIFE'S EDGE_8214,26,KNIFE'S EDGE,8214,E & J Brandy VS,750mL,0,9.99,2024-01-01
25_CAERSHIRE_4899,25,CAERSHIRE,4899,Clement Mahina Coco Liqueur,750mL,3,19.99,2024-01-01
9_BLACKPOOL_3510,9,BLACKPOOL,3510,Smirnoff Light Lemon Sorbet,750mL,3,12.99,2024-01-01
32_MOUNTMEND_28580,32,MOUNTMEND,28580,Silverado Chard,750mL,42,23.99,2024-01-01
7_STANMORE_17296,7,STANMORE,17296,Monte Velho Tinto Alentejo R,750mL,9,10.99,2024-01-01
19_WINTERVALE_2549,19,WINTERVALE,2549,WhistlePig 10 Yr Rye,375mL,7,40.99,2024-01-01
23_ARBINGTON_43013,23,ARBINGTON,43013,Anastasi Estates Messinia Rd,750mL,0,11.99,2024-01-01
3_HORNSEY_11213,3,HORNSEY,11213,Meiomi Pnt Nr,750mL,14,18.99,2024-01-01
12_LEESIDE_8120,12,LEESIDE,8120,Tribuno Sweet Vermouth,1.5L,10,8.99,2024-01-01
8_ALNERWICK_38850,8,ALNERWICK,38850,Ravenswood Vntrs Bl Cab Svgn,750mL,16,7.99,2024-01-01
6_GOULCREST_5042,6,GOULCREST,5042,Tequila Rose Liqueur,750mL,7,13.99,2024-01-01
21_BALERNO_3687,21,BALERNO,3687,Fleischmanns Royal Traveler,750mL,16,4.99,2024-01-01
12_LEESIDE_8462,12,LEESIDE,8462,Frangelico Hazelnut Liqueur,750mL,11,21.99,2024-01-01
30_CULCHETH_5822,30,CULCHETH,5822,Ryans Irish Cream,375mL,7,7.99,2024-01-01
15_WANBORNE_19926,15,WANBORNE,19926,Santa Rita RSV Svgn Bl,750mL,10,9.99,2024-01-01
32_MOUNTMEND_21410,32,MOUNTMEND,21410,Goose Bay Svgn Bl,750mL,9,18.99,2024-01-01
4_EANVERNESS_3754,4,EANVERNESS,3754,Smirnoff Blueberry Vodka,750mL,13,12.99,2024-01-01
9_BLACKPOOL_3197,9,BLACKPOOL,3197,Pinnacle Vodka 100 Proof,1.75L,7,20.99,2024-01-01
34_PITMERDEN_20959,34,PITMERDEN,20959,Dylans Ghost Stags Leap Red,750mL,12,49.99,2024-01-01
34_PITMERDEN_17814,34,PITMERDEN,17814,Ruffino Chianti Clsc Rsv Gld,750mL,10,34.99,2024-01-01
18_FURNESS_42188,18,FURNESS,42188,Moet & Chandon Nectar Imp Rs,750mL,6,49.99,2024-01-01
18_FURNESS_2898,18,FURNESS,2898,Scoresby Rare,750mL,11,7.99,2024-01-01
25_CAERSHIRE_6585,25,CAERSHIRE,6585,Kijafa Cherry,750mL,4,7.99,2024-01-01
31_HORNSEY_5165,31,HORNSEY,5165,Hpnotiq Liqueur,750mL,9,19.99,2024-01-01
18_FURNESS_3834,18,FURNESS,3834,Skyy Vodka,750mL,9,15.99,2024-01-01
37_PAETHSMOUTH_8815,37,PAETHSMOUTH,8815,Ch Ste Michelle Chard Colmbi,750mL,19,8.99,2024-01-01
32_MOUNTMEND_31200,32,MOUNTMEND,31200,Banfi Rosso di Montalcino,750mL,4,20.99,2024-01-01
13_TARMSWORTH_8448,13,TARMSWORTH,8448,Cruzan Aged Dark Rum,750mL,9,9.99,2024-01-01
25_CAERSHIRE_3923,25,CAERSHIRE,3923,Don Julio 1942 Anejo Tequila,750mL,6,133.99,2024-01-01
21_BALERNO_20699,21,BALERNO,20699,Fantini Monteplciano D'Abruz,750mL,11,11.99,2024-01-01
39_EASTHALLOW_35916,39,EASTHALLOW,35916,Stone Cellars Merlot,1.5L,27,8.99,2024-01-01
34_PITMERDEN_2374,34,PITMERDEN,2374,Tullamore Dew,1.75L,12,39.99,2024-01-01
38_GOULCREST_3731,38,GOULCREST,3731,Absolut Apeach,750mL,5,17.99,2024-01-01
24_PALPERROTH_13430,24,PALPERROTH,13430,Agua de Piedra Malbec Selccn,750mL,6,10.99,2024-01-01
23_ARBINGTON_19769,23,ARBINGTON,19769,Kismet Wine Papa's All-Black,750mL,9,19.99,2024-01-01
38_GOULCREST_14209,38,GOULCREST,14209,Dierberg Santa Maria Chard,750mL,19,23.99,2024-01-01
4_EANVERNESS_4195,4,EANVERNESS,4195,Calico Jack Spiced Rum No 94,750mL,15,10.99,2024-01-01
11_CARDEND_60,11,CARDEND,60,Canadian Club 1858 VAP,750mL,5,10.99,2024-01-01
12_LEESIDE_8205,12,LEESIDE,8205,Frangelico Hazelnut Liqueur,50mL,24,1.99,2024-01-01
38_GOULCREST_16328,38,GOULCREST,16328,Black Box Chard,500mL,17,3.99,2024-01-01
23_ARBINGTON_2672,23,ARBINGTON,2672,Dewars White Label,50mL,120,2.29,2024-01-01
27_MOUNTMEND_5626,27,MOUNTMEND,5626,Baja Luna Black Raspberry,750mL,10,9.99,2024-01-01
30_CULCHETH_5525,30,CULCHETH,5525,Fernet-Branca Italian Liquer,750mL,2,24.99,2024-01-01
15_WANBORNE_3314,15,WANBORNE,3314,El Jimador Blanco Tequila,1.75L,10,26.99,2024-01-01
1_HARDERSFIELD_6938,1,HARDERSFIELD,6938,Vendange Chard,1.5L,29,6.99,2024-01-01
11_CARDEND_44208,11,CARDEND,44208,Black Box Pnt Grigio,3L,8,18.99,2024-01-01
22_SHARNWICK_1323,22,SHARNWICK,1323,Early Times,1.75L,9,17.99,2024-01-01
8_ALNERWICK_44511,8,ALNERWICK,44511,MacMurray Ranch C Cst Pnt Nr,750mL,51,13.95,2024-01-01
29_AYLESBURY_5480,29,AYLESBURY,5480,E & J Superior RSV VSOP,750mL,5,10.99,2024-01-01
29_AYLESBURY_39717,29,AYLESBURY,39717,Estancia Pnt Grigio Cal,750mL,11,9.99,2024-01-01
32_MOUNTMEND_6649,32,MOUNTMEND,6649,Wente Morning Fog Chard,750mL,11,11.99,2024-01-01
30_CULCHETH_28980,30,CULCHETH,28980,Far Niente Cab Svgn Napa,750mL,3,154.99,2024-01-01
20_BREDWARDINE_14624,20,BREDWARDINE,14624,The Naked Grape Pnt Nr,750mL,8,6.99,2024-01-01
1_HARDERSFIELD_3601,1,HARDERSFIELD,3601,Remy Martin V,750mL,5,36.99,2024-01-01
26_KNIFE'S EDGE_8673,26,KNIFE'S EDGE,8673,Skinnygirl Margarita,750mL,8,10.99,2024-01-01
27_MOUNTMEND_5440,27,MOUNTMEND,5440,Jagermeister Liqueur,1.75L,55,34.99,2024-01-01
16_LUNDY_1375,16,LUNDY,1375,Jim Beam,750mL,36,16.49,2024-01-01
34_PITMERDEN_35294,34,PITMERDEN,35294,Mionetto Prosecco Brut,187mL,85,4.99,2024-01-01
36_LEWES_63,36,LEWES,63,Herradura Reposado Tequila,750mL,7,38.99,2024-01-01
28_LARNWICK_38370,28,LARNWICK,38370,Oyster Bay Svgn Bl Marlboro,750mL,34,10.99,2024-01-01
5_SUTTON_4679,5,SUTTON,4679,Courvoisier VS Cognac,375mL,3,11.99,2024-01-01
37_PAETHSMOUTH_3830,37,PAETHSMOUTH,3830,Grey Goose L'Orange Vodka,750mL,3,23.99,2024-01-01
7_STANMORE_16758,7,STANMORE,16758,Dolin Sweet Red Vermouth,750mL,7,13.99,2024-01-01
40_BULLMAR_7728,40,BULLMAR,7728,Great Western X Dry,750mL,10,9.99,2024-01-01
24_PALPERROTH_7221,24,PALPERROTH,7221,M & R Sweet Vermouth,1.5L,9,10.49,2024-01-01
34_PITMERDEN_20507,34,PITMERDEN,20507,Ch la Pointe Pomerol,750mL,17,31.99,2024-01-01
15_WANBORNE_20483,15,WANBORNE,20483,Joel Gott Pnt Nr,750mL,12,18.99,2024-01-01
34_PITMERDEN_24154,34,PITMERDEN,24154,Ch La Gordonne Chapelle Rose,1.5L,2,27.99,2024-01-01
38_GOULCREST_1019,38,GOULCREST,1019,Drambuie Glass Pack,750mL,2,26.99,2024-01-01
30_CULCHETH_35972,30,CULCHETH,35972,Cavino Mavrodafne,750mL,4,12.99,2024-01-01
18_FURNESS_3286,18,FURNESS,3286,Ciroc Snap Frost Vodka,1.75L,13,47.99,2024-01-01
23_ARBINGTON_45822,23,ARBINGTON,45822,Masciarelli Montepulciano,750mL,10,8.99,2024-01-01
32_MOUNTMEND_3324,32,MOUNTMEND,3324,Milagro Silver Select Barrel,750mL,7,49.99,2024-01-01
13_TARMSWORTH_32968,13,TARMSWORTH,32968,Alice White Chard Ausl,1.5L,7,13.99,2024-01-01
24_PALPERROTH_31866,24,PALPERROTH,31866,F Coppola Diamond Merlot,750mL,13,14.99,2024-01-01
32_MOUNTMEND_8701,32,MOUNTMEND,8701,Sheffield Cream Sherry,1.5L,6,9.99,2024-01-01
20_BREDWARDINE_33075,20,BREDWARDINE,33075,Forest Glen Chard,1.5L,8,16.99,2024-01-01
23_ARBINGTON_5891,23,ARBINGTON,5891,Ryans Irish Cream,1.75L,18,15.99,2024-01-01
30_CULCHETH_26134,30,CULCHETH,26134,Clos du Bois Znfdl Sonoma,750mL,5,8.99,2024-01-01
1_HARDERSFIELD_17024,1,HARDERSFIELD,17024,Marques de Caceres Albarino,750mL,7,13.99,2024-01-01
23_ARBINGTON_1396,23,ARBINGTON,1396,Old Crow,1.75L,18,15.99,2024-01-01
39_EASTHALLOW_21308,39,EASTHALLOW,21308,Chloe Pnt Grigio,750mL,5,10.99,2024-01-01
2_ASHBORNE_8329,2,ASHBORNE,8329,R Mondavi Chard Pvt Sel,750mL,28,7.99,2024-01-01
38_GOULCREST_25140,38,GOULCREST,25140,Nicole Chanrion Cote de Brou,750mL,11,24.99,2024-01-01
6_GOULCREST_39775,6,GOULCREST,39775,Bogle Svgn Bl Cal,750mL,0,8.99,2024-01-01
41_LARNWICK_1987,41,LARNWICK,1987,White Mountain Moonshine,375mL,7,18.99,2024-01-01
15_WANBORNE_22966,15,WANBORNE,22966,Adelsheim Auxerrois Ribbon S,750mL,2,21.99,2024-01-01
40_BULLMAR_3610,40,BULLMAR,3610,Smirnoff Cranberry Vodka,750mL,10,12.99,2024-01-01
24_PALPERROTH_24419,24,PALPERROTH,24419,Bonterra Mendocino Org Chard,750mL,19,10.99,2024-01-01
8_ALNERWICK_38731,8,ALNERWICK,38731,Hogue Lt Harvest Clmb Wh Rsl,750mL,18,9.99,2024-01-01
23_ARBINGTON_3815,23,ARBINGTON,3815,Solid Granite Vodka,750mL,5,27.99,2024-01-01
27_MOUNTMEND_2554,27,MOUNTMEND,2554,WhistlePig Old World 12 Yr,750mL,3,109.99,2024-01-01
15_WANBORNE_20216,15,WANBORNE,20216,Conti Zecca Negroamaro 10,750mL,20,9.99,2024-01-01
9_BLACKPOOL_43590,9,BLACKPOOL,43590,Ch Ste Michelle Indn Wls Cab,750mL,4,14.99,2024-01-01
33_HORNSEY_4989,33,HORNSEY,4989,Martell VS Cognac,750mL,14,21.99,2024-01-01
6_GOULCREST_18877,6,GOULCREST,18877,Di Padrino Sweet Vermouth,1.5L,4,7.99,2024-01-01
8_ALNERWICK_5137,8,ALNERWICK,5137,Irish Manor Irish Cream,750mL,6,9.99,2024-01-01
15_WANBORNE_5147,15,WANBORNE,5147,Pallini Limoncello Liqueur,375mL,10,11.99,2024-01-01
39_EASTHALLOW_27503,39,EASTHALLOW,27503,Ch Ste Michelle Hrse Hvn Svg,750mL,10,11.99,2024-01-01
19_WINTERVALE_3997,19,WINTERVALE,3997,Hornitos Plata Tequila,750mL,15,19.99,2024-01-01
27_MOUNTMEND_8155,27,MOUNTMEND,8155,Black Velvet Plastic,375mL,29,4.99,2024-01-01
13_TARMSWORTH_2788,13,TARMSWORTH,2788,Laphroaig 10 Yr Single Malt,750mL,3,39.99,2024-01-01
32_MOUNTMEND_1394,32,MOUNTMEND,1394,Makers Mark,375mL,6,16.49,2024-01-01
29_AYLESBURY_6234,29,AYLESBURY,6234,C Y Toro Front Cab/Merlot,1.5L,8,10.99,2024-01-01
1_HARDERSFIELD_44072,1,HARDERSFIELD,44072,Bogle Russian River Pnt Nr,750mL,30,10.99,2024-01-01
30_CULCHETH_8214,30,CULCHETH,8214,E & J Brandy VS,750mL,3,9.99,2024-01-01
19_WINTERVALE_3549,19,WINTERVALE,3549,Ketel One Vodka,750mL,16,22.99,2024-01-01
30_CULCHETH_27461,30,CULCHETH,27461,Ecco Domani Pnt Grigio Venez,750mL,3,8.99,2024-01-01
23_ARBINGTON_168,23,ARBINGTON,168,Three Olives Strawberry,750mL,8,11.99,2024-01-01
10_HORNSEY_23825,10,HORNSEY,23825,Tortiose Crk La Charmel Mus,750mL,12,12.99,2024-01-01
40_BULLMAR_11970,40,BULLMAR,11970,Zaccagnini Montepulciano Rsv,750mL,16,14.99,2024-01-01
20_BREDWARDINE_19276,20,BREDWARDINE,19276,Pali Tower 15 The Winery,750mL,96,13.99,2024-01-01
16_LUNDY_9037,16,LUNDY,9037,Prairie Organic Cucumber Vod,750mL,11,15.99,2024-01-01
33_HORNSEY_31203,33,HORNSEY,31203,Beringer Fndrs Est Merlot,750mL,14,8.99,2024-01-01
33_HORNSEY_3592,33,HORNSEY,3592,Burnetts Pineapple Vodka,1.75L,7,9.99,2024-01-01
5_SUTTON_4689,5,SUTTON,4689,Hennessy Privilege VSOP,750mL,8,51.99,2024-01-01
17_OLDHAM_356,17,OLDHAM,356,Carolans Irish Cr Gift Set,750mL,0,11.49,2024-01-01
10_HORNSEY_22593,10,HORNSEY,22593,The Divining Rod Red,750mL,6,10.99,2024-01-01
12_LEESIDE_2532,12,LEESIDE,2532,The Macallan 12 Yr Old,1.75L,6,134.99,2024-01-01
8_ALNERWICK_23148,8,ALNERWICK,23148,Jekel Rsl Monterey,750mL,3,11.99,2024-01-01
21_BALERNO_3766,21,BALERNO,3766,Three Olives Grape Vodka,750mL,11,14.99,2024-01-01
6_GOULCREST_1388,6,GOULCREST,1388,Red Stag by Jim Beam,1.75L,5,24.99,2024-01-01
6_GOULCREST_14701,6,GOULCREST,14701,Cupcake Red Velvet,750mL,9,7.49,2024-01-01
37_PAETHSMOUTH_24398,37,PAETHSMOUTH,24398,Fleur de Pnt Nr California,750mL,14,16.99,2024-01-01
32_MOUNTMEND_5490,32,MOUNTMEND,5490,DeKuyper Hot Damn Cinnamon,50mL,75,0.99,2024-01-01
22_SHARNWICK_2648,22,SHARNWICK,2648,Chivas Regal,375mL,10,15.99,2024-01-01
34_PITMERDEN_14121,34,PITMERDEN,14121,Antica Chard Napa Valley,750mL,10,30.99,2024-01-01
7_STANMORE_10531,7,STANMORE,10531,Franciscan Est Svgn Bl Napa,750mL,12,14.99,2024-01-01
9_BLACKPOOL_3039,9,BLACKPOOL,3039,Stoli Salted Karamel,750mL,7,16.99,2024-01-01
25_CAERSHIRE_2494,25,CAERSHIRE,2494,Crown Royal Regal Apple,1.75L,9,46.99,2024-01-01
23_ARBINGTON_17432,23,ARBINGTON,17432,Predator Old Vine Znfdl Lodi,750mL,17,14.99,2024-01-01
25_CAERSHIRE_3682,25,CAERSHIRE,3682,Belvedere Vodka,750mL,22,22.99,2024-01-01
34_PITMERDEN_17347,34,PITMERDEN,17347,Ridge Lytton Petite Sirah,750mL,17,29.99,2024-01-01
30_CULCHETH_28856,30,CULCHETH,28856,Seghesio Znfdl Sonoma,750mL,13,19.99,2024-01-01
20_BREDWARDINE_8218,20,BREDWARDINE,8218,Camarena Reposado Tequila,1.75L,19,31.99,2024-01-01
20_BREDWARDINE_3921,20,BREDWARDINE,3921,Espolon Reposado Tequila,750mL,7,23.99,2024-01-01
41_LARNWICK_3420,41,LARNWICK,3420,New Amsterdam Coconut Vodka,750mL,14,9.99,2024-01-01
15_WANBORNE_3162,15,WANBORNE,3162,Burnett's Peach Vodka,50mL,88,0.99,2024-01-01
37_PAETHSMOUTH_3858,37,PAETHSMOUTH,3858,Grey Goose Vodka,750mL,22,23.99,2024-01-01
15_WANBORNE_27303,15,WANBORNE,27303,Wyndham Bin 555 Shiraz,750mL,18,8.99,2024-01-01
16_LUNDY_273,16,LUNDY,273,Sauza Extra Gold Tequila,1.75L,6,21.99,2024-01-01
8_ALNERWICK_31203,8,ALNERWICK,31203,Beringer Fndrs Est Merlot,750mL,21,8.99,2024-01-01
2_ASHBORNE_8496,2,ASHBORNE,8496,Jadot Chardonnay,750mL,16,14.99,2024-01-01
29_AYLESBURY_6293,29,AYLESBURY,6293,Fetzer Gewurz,750mL,5,9.99,2024-01-01
38_GOULCREST_41912,38,GOULCREST,41912,Matua Pnt Nr Marlboro,750mL,20,12.99,2024-01-01
38_GOULCREST_854,38,GOULCREST,854,Seagrams VO Canadian Whiskey,Liter,15,15.99,2024-01-01
33_HORNSEY_8688,33,HORNSEY,8688,Paul Masson Chablis,3L,8,9.99,2024-01-01
39_EASTHALLOW_33874,39,EASTHALLOW,33874,Bella Sera Pinot Grigio Del,1.5L,7,9.99,2024-01-01
15_WANBORNE_43618,15,WANBORNE,43618,Moillard CdR Violettes Rouge,750mL,8,12.99,2024-01-01
23_ARBINGTON_3524,23,ARBINGTON,3524,Pravda Polish Vodka,750mL,7,19.99,2024-01-01
38_GOULCREST_2123,38,GOULCREST,2123,Angels Envy Rye,750mL,2,79.99,2024-01-01
20_BREDWARDINE_4939,20,BREDWARDINE,4939,Kapali Coffee,1.75L,20,15.99,2024-01-01
1_HARDERSFIELD_20441,1,HARDERSFIELD,20441,Senorio de Barahonda Carro,750mL,0,12.99,2024-01-01
32_MOUNTMEND_2671,32,MOUNTMEND,2671,Christian Drouin Calvados,375mL,4,22.99,2024-01-01
32_MOUNTMEND_6264,32,MOUNTMEND,6264,Cooks Extra Dry,750mL,28,6.99,2024-01-01
38_GOULCREST_16165,38,GOULCREST,16165,Garnet Pnt Nr Monterey Cnty,750mL,9,16.99,2024-01-01
28_LARNWICK_31488,28,LARNWICK,31488,Barefoot Chard Cal,750mL,11,4.99,2024-01-01
21_BALERNO_24673,21,BALERNO,24673,Bolla Pinot Grigio,1.5L,7,15.99,2024-01-01
1_HARDERSFIELD_7261,1,HARDERSFIELD,7261,Gallo X Dry Vermouth,750mL,9,5.49,2024-01-01
27_MOUNTMEND_2788,27,MOUNTMEND,2788,Laphroaig 10 Yr Single Malt,750mL,11,39.99,2024-01-01
17_OLDHAM_39356,17,OLDHAM,39356,Bota Box Chard Cal,3L,4,17.99,2024-01-01
38_GOULCREST_24429,38,GOULCREST,24429,Baracchi O'Lillo,750mL,95,11.99,2024-01-01
4_EANVERNESS_19270,4,EANVERNESS,19270,Veuve Clicquot Brut Yellow,375mL,9,24.99,2024-01-01
8_ALNERWICK_966,8,ALNERWICK,966,Patron Citronge Orange Liqu,750mL,42,20.99,2024-01-01
40_BULLMAR_8205,40,BULLMAR,8205,Frangelico Hazelnut Liqueur,50mL,40,1.99,2024-01-01
15_WANBORNE_2922,15,WANBORNE,2922,Usquaebach 15 Yr Whisky,750mL,11,69.99,2024-01-01
18_FURNESS_2772,18,FURNESS,2772,Talisker Storm Scotch,750mL,4,59.99,2024-01-01
30_CULCHETH_5185,30,CULCHETH,5185,Irish Manor Irish Cream,1.75L,4,19.99,2024-01-01
25_CAERSHIRE_3050,25,CAERSHIRE,3050,Bowman Vodka,1.75L,22,8.99,2024-01-01
20_BREDWARDINE_34393,20,BREDWARDINE,34393,Valckenberg Gewurz Pfalz,750mL,6,11.99,2024-01-01
31_HORNSEY_825,31,HORNSEY,825,Johnnie Walker Black Label,Liter,11,41.99,2024-01-01
14_BROMWICH_2026,14,BROMWICH,2026,Camarena Silver Tequila,750mL,2,18.99,2024-01-01
10_HORNSEY_23949,10,HORNSEY,23949,Ch Valfontaine 10,750mL,14,9.99,2024-01-01
25_CAERSHIRE_38899,25,CAERSHIRE,38899,L Martini Cab Svgn Sonoma,750mL,8,12.99,2024-01-01
18_FURNESS_3857,18,FURNESS,3857,Grey Goose Vodka,1.75L,4,48.99,2024-01-01
36_LEWES_32989,36,LEWES,32989,Barefoot Cab Svgn Cal,1.5L,7,10.99,2024-01-01
25_CAERSHIRE_4358,25,CAERSHIRE,4358,Mr Boston Light Rum,750mL,11,5.49,2024-01-01
33_HORNSEY_3495,33,HORNSEY,3495,Ketel One Citroen Vodka,1.75L,8,38.99,2024-01-01
24_PALPERROTH_1868,24,PALPERROTH,1868,Lagavulin Single Malt 16-Yr,750mL,9,69.99,2024-01-01
32_MOUNTMEND_21313,32,MOUNTMEND,21313,Kedem Concord Grape Kosher,750mL,13,6.99,2024-01-01
2_ASHBORNE_28681,2,ASHBORNE,28681,F Coppola Rosso Bianco Rosso,750mL,13,9.99,2024-01-01
13_TARMSWORTH_3547,13,TARMSWORTH,3547,Ketel One Vodka,50mL,26,2.79,2024-01-01
32_MOUNTMEND_37926,32,MOUNTMEND,37926,Five Rivers Pnt Nr,750mL,3,13.99,2024-01-01
34_PITMERDEN_23099,34,PITMERDEN,23099,Il Poggione Rosso Franceschi,750mL,2,48.99,2024-01-01
38_GOULCREST_2246,38,GOULCREST,2246,Speyburn Brandan Orach,750mL,8,18.99,2024-01-01
41_LARNWICK_6735,41,LARNWICK,6735,Gallo Twin Valley Chard Cal,1.5L,9,9.99,2024-01-01
33_HORNSEY_2114,33,HORNSEY,2114,Black Velvet Canadian Whisky,1.75L,70,12.99,2024-01-01
32_MOUNTMEND_1000,32,MOUNTMEND,1000,Goslings Dark'n Stormy VAP,750mL,2,14.99,2024-01-01
15_WANBORNE_6385,15,WANBORNE,6385,Fetzer Sundial Chard,1.5L,20,12.99,2024-01-01
14_BROMWICH_4145,14,BROMWICH,4145,Don Q Cristal Rum,1.75L,15,16.99,2024-01-01
35_HALIVAARA_26827,35,HALIVAARA,26827,Cavit Merlot Trentino,1.5L,9,9.99,2024-01-01
27_MOUNTMEND_6743,27,MOUNTMEND,6743,Antinori Orvieto Clsc Campo,750mL,13,10.99,2024-01-01
6_GOULCREST_31500,6,GOULCREST,31500,Barefoot Wh Znfdl Cal,750mL,0,4.99,2024-01-01
33_HORNSEY_4429,33,HORNSEY,4429,Capt Morgan Silver Spicd Rum,1.75L,21,21.99,2024-01-01
38_GOULCREST_28606,38,GOULCREST,28606,Cline Viognier Sonoma Count,750mL,11,9.99,2024-01-01
8_ALNERWICK_4438,8,ALNERWICK,4438,Cruzan Black Cherry Rum,750mL,9,9.99,2024-01-01
30_CULCHETH_4899,30,CULCHETH,4899,Clement Mahina Coco Liqueur,750mL,4,19.99,2024-01-01
7_STANMORE_11480,7,STANMORE,11480,Candia Vyds Noiret Vault RSV,750mL,15,14.99,2024-01-01
4_EANVERNESS_2586,4,EANVERNESS,2586,Jameson Irish Whiskey,50mL,138,2.99,2024-01-01
38_GOULCREST_3820,38,GOULCREST,3820,Smirnoff Citrus Vodka,1.75L,26,17.99,2024-01-01
22_SHARNWICK_8000,22,SHARNWICK,8000,The Glenlivet 12 Yr Single,1.75L,13,67.99,2024-01-01
28_LARNWICK_31915,28,LARNWICK,31915,F Coppola Diamond Chard,750mL,33,12.99,2024-01-01
31_HORNSEY_3967,31,HORNSEY,3967,Deep Eddy Ruby Red,750mL,10,18.99,2024-01-01
4_EANVERNESS_46829,4,EANVERNESS,46829,Pacific Rim Yakima Gewurz,750mL,3,11.99,2024-01-01
36_LEWES_4857,36,LEWES,4857,Skyy Infusions Grapefuit,50mL,127,0.99,2024-01-01
10_HORNSEY_3316,10,HORNSEY,3316,Ciroc Peach Vodka,375mL,29,15.49,2024-01-01
13_TARMSWORTH_1244,13,TARMSWORTH,1244,Jack Daniels Winter Jack,750mL,0,15.99,2024-01-01
36_LEWES_8082,36,LEWES,8082,Baileys Irish Cream,1.75L,22,29.99,2024-01-01
19_WINTERVALE_37828,19,WINTERVALE,37828,Yellow Tail Shiraz/Cab Ausl,1.5L,9,9.99,2024-01-01
9_BLACKPOOL_1345,9,BLACKPOOL,1345,Basil Hayden Bourbon,750mL,26,37.99,2024-01-01
10_HORNSEY_38771,10,HORNSEY,38771,Rob Stuart Big Fire Pnt Gris,750mL,7,16.99,2024-01-01
29_AYLESBURY_3344,29,AYLESBURY,3344,Bombay Sapphire Gin,750mL,28,19.99,2024-01-01
25_CAERSHIRE_45460,25,CAERSHIRE,45460,New Harbor Svgn Bl Marlboro,750mL,11,12.99,2024-01-01
17_OLDHAM_6351,17,OLDHAM,6351,Kendall Jackson Vntr RSV Cab,750mL,7,16.99,2024-01-01
21_BALERNO_15970,21,BALERNO,15970,Alexana Revana Vyd Pnt Nr,750mL,7,42.99,2024-01-01
23_ARBINGTON_8298,23,ARBINGTON,8298,Skinnygirl Grapefruit Marg,750mL,12,10.99,2024-01-01
37_PAETHSMOUTH_2366,37,PAETHSMOUTH,2366,Templeton Rye Whiskey,750mL,2,34.99,2024-01-01
31_HORNSEY_34137,31,HORNSEY,34137,Fat Bastard Chard,750mL,1,10.99,2024-01-01
33_HORNSEY_41062,33,HORNSEY,41062,Martin Ray Cab Svgn Napa,750mL,14,17.99,2024-01-01
30_CULCHETH_17954,30,CULCHETH,17954,Drops of Jupiter Red,750mL,5,7.99,2024-01-01
39_EASTHALLOW_6459,39,EASTHALLOW,6459,Freixenet Cordon Negro Extr,750mL,44,10.99,2024-01-01
9_BLACKPOOL_28889,9,BLACKPOOL,28889,Peter Vella Chard Cal B/B,5L,4,15.49,2024-01-01
29_AYLESBURY_443,29,AYLESBURY,443,St Germain Liqueur,750mL,3,33.99,2024-01-01
6_GOULCREST_8897,6,GOULCREST,8897,Moet & Chandon Brut Imprl Ro,750mL,18,49.99,2024-01-01
9_BLACKPOOL_12465,9,BLACKPOOL,12465,Cline Cashmere Red Cal,750mL,25,8.99,2024-01-01
29_AYLESBURY_4385,29,AYLESBURY,4385,Parrot Bay 90 Coconut Capt,1.75L,6,24.99,2024-01-01
10_HORNSEY_60,10,HORNSEY,60,Canadian Club 1858 VAP,750mL,0,10.99,2024-01-01
1_HARDERSFIELD_8448,1,HARDERSFIELD,8448,Cruzan Aged Dark Rum,750mL,15,9.99,2024-01-01
33_HORNSEY_23074,33,HORNSEY,23074,Madrigal Cab Svgn,750mL,37,19.99,2024-01-01
38_GOULCREST_2801,38,GOULCREST,2801,Tullamore Dew 10 Yr Old,750mL,0,39.99,2024-01-01
14_BROMWICH_38483,14,BROMWICH,38483,Sharpe Hill Ballet of Angel,750mL,5,10.99,2024-01-01
41_LARNWICK_12945,41,LARNWICK,12945,Middle Sister Mischief Maker,750mL,7,9.99,2024-01-01
19_WINTERVALE_7535,19,WINTERVALE,7535,Gekkeikan Sake,750mL,13,5.99,2024-01-01
10_HORNSEY_2125,10,HORNSEY,2125,Glenfiddich 14 Yr Barrel Rsv,750mL,6,49.99,2024-01-01
1_HARDERSFIELD_12140,1,HARDERSFIELD,12140,Natura Valle Svgn Bl Casabla,750mL,17,11.99,2024-01-01
3_HORNSEY_1868,3,HORNSEY,1868,Lagavulin Single Malt 16-Yr,750mL,18,69.99,2024-01-01
41_LARNWICK_5391,41,LARNWICK,5391,Kamora Coffee,1.75L,40,15.99,2024-01-01
18_FURNESS_46476,18,FURNESS,46476,Tilia Malbec Mendoza,750mL,12,9.99,2024-01-01
9_BLACKPOOL_37311,9,BLACKPOOL,37311,Salmon Run NY Chard,750mL,2,9.99,2024-01-01
23_ARBINGTON_15295,23,ARBINGTON,15295,Flip Flop Pnt Grigio,750mL,20,4.99,2024-01-01
36_LEWES_8726,36,LEWES,8726,Baileys Irish Cream,50mL,37,1.99,2024-01-01
34_PITMERDEN_2062,34,PITMERDEN,2062,Woodford Reserve Bourbon,1.75L,26,59.99,2024-01-01
29_AYLESBURY_5197,29,AYLESBURY,5197,Southern Comfort,375mL,14,7.99,2024-01-01
5_SUTTON_4145,5,SUTTON,4145,Don Q Cristal Rum,1.75L,8,16.99,2024-01-01
16_LUNDY_4199,16,LUNDY,4199,Sauza Blanco Tequila,1.75L,6,21.99,2024-01-01
33_HORNSEY_27854,33,HORNSEY,27854,F Coppola Black Label Claret,750mL,28,16.99,2024-01-01
30_CULCHETH_18565,30,CULCHETH,18565,Red Diamond Pnt Nr,750mL,7,8.99,2024-01-01
22_SHARNWICK_6938,22,SHARNWICK,6938,Vendange Chard,1.5L,17,6.99,2024-01-01
8_ALNERWICK_3736,8,ALNERWICK,3736,Smirnoff Cherry Vodka,750mL,9,12.99,2024-01-01
8_ALNERWICK_17175,8,ALNERWICK,17175,Beringer Classic Cab Svgn,1.5L,14,7.99,2024-01-01
10_HORNSEY_15528,10,HORNSEY,15528,Cannonball Chard,750mL,47,13.99,2024-01-01
13_TARMSWORTH_36771,13,TARMSWORTH,36771,Yellow Tail Merlot Ausl,1.5L,29,8.95,2024-01-01
7_STANMORE_5962,7,STANMORE,5962,Vermont Ice Maple Creme,750mL,12,24.99,2024-01-01
39_EASTHALLOW_8626,39,EASTHALLOW,8626,Ezra Brooks,1.75L,14,15.99,2024-01-01
29_AYLESBURY_18817,29,AYLESBURY,18817,The Dreaming Tree Everyday,750mL,10,12.99,2024-01-01
31_HORNSEY_3326,31,HORNSEY,3326,Jenkins Gin,1.75L,24,9.49,2024-01-01
37_PAETHSMOUTH_4152,37,PAETHSMOUTH,4152,Jenkins Rum,750mL,11,4.99,2024-01-01
4_EANVERNESS_676,4,EANVERNESS,676,Pinnacle Whipped Vodka,750mL,12,10.99,2024-01-01
37_PAETHSMOUTH_1725,37,PAETHSMOUTH,1725,Ole Smoky White Lightnin',750mL,11,18.99,2024-01-01
21_BALERNO_3820,21,BALERNO,3820,Smirnoff Citrus Vodka,1.75L,34,17.99,2024-01-01
24_PALPERROTH_4222,24,PALPERROTH,4222,Bacardi Gold Rum,750mL,23,9.99,2024-01-01
2_ASHBORNE_1424,2,ASHBORNE,1424,Bulleit Bourbon,375mL,0,12.99,2024-01-01
12_LEESIDE_3683,12,LEESIDE,3683,Stolichnaya Ohranj,750mL,12,16.99,2024-01-01
22_SHARNWICK_2792,22,SHARNWICK,2792,Jim Beam Apple,50mL,10,0.99,2024-01-01
19_WINTERVALE_8223,19,WINTERVALE,8223,Dom Chandon Blanc de Noir C,750mL,1,13.99,2024-01-01
12_LEESIDE_10058,12,LEESIDE,10058,F Coppola Dmd Ivry Cab Svgn,750mL,21,14.99,2024-01-01
23_ARBINGTON_3840,23,ARBINGTON,3840,Smirnoff Raspberry Vodka,1.75L,40,17.99,2024-01-01
33_HORNSEY_4701,33,HORNSEY,4701,Fabrizia Limoncello,750mL,13,16.99,2024-01-01
23_ARBINGTON_200,23,ARBINGTON,200,Luxardo Maraschino Liqueur,750mL,1,29.99,2024-01-01
7_STANMORE_3272,7,STANMORE,3272,Sobieski Vodka,1.75L,17,17.99,2024-01-01
41_LARNWICK_2975,41,LARNWICK,2975,Bird Dog Blackberry Whiskey,750mL,10,14.99,2024-01-01
21_BALERNO_1542,21,BALERNO,1542,Bowen's American Whiskey,750mL,7,29.99,2024-01-01
31_HORNSEY_8387,31,HORNSEY,8387,Wild Turkey 101,750mL,17,21.99,2024-01-01
30_CULCHETH_8627,30,CULCHETH,8627,Jadot Beaujolais Villages,750mL,0,7.98,2024-01-01
33_HORNSEY_2801,33,HORNSEY,2801,Tullamore Dew 10 Yr Old,750mL,0,39.99,2024-01-01
10_HORNSEY_15094,10,HORNSEY,15094,Butter Chard,750mL,21,15.99,2024-01-01
20_BREDWARDINE_1868,20,BREDWARDINE,1868,Lagavulin Single Malt 16-Yr,750mL,10,69.99,2024-01-01
30_CULCHETH_3286,30,CULCHETH,3286,Ciroc Snap Frost Vodka,1.75L,8,47.99,2024-01-01
22_SHARNWICK_24003,22,SHARNWICK,24003,Corbett Canyon Cab Svgn,1.5L,15,8.99,2024-01-01
40_BULLMAR_16175,40,BULLMAR,16175,The Naked Grape Moscato,750mL,8,6.99,2024-01-01
7_STANMORE_20216,7,STANMORE,20216,Conti Zecca Negroamaro 10,750mL,19,9.99,2024-01-01
15_WANBORNE_46093,15,WANBORNE,46093,Mouton Cadet Rose,750mL,21,12.99,2024-01-01
38_GOULCREST_3793,38,GOULCREST,3793,Pearl Vodka Traveler,1.75L,13,14.99,2024-01-01
29_AYLESBURY_7860,29,AYLESBURY,7860,Sutter Home Wh Znfdl,750mL,5,5.99,2024-01-01
8_ALNERWICK_3650,8,ALNERWICK,3650,Patron Silver Tequila,750mL,24,48.99,2024-01-01
6_GOULCREST_6278,6,GOULCREST,6278,Sterling Svgn Bl,750mL,62,10.95,2024-01-01
11_CARDEND_3961,11,CARDEND,3961,Grey Goose La Poire Vodka,750mL,17,23.99,2024-01-01
40_BULLMAR_35913,40,BULLMAR,35913,Stone Cellars Cab Svgn,1.5L,9,8.99,2024-01-01
18_FURNESS_4358,18,FURNESS,4358,Mr Boston Light Rum,750mL,5,5.49,2024-01-01
1_HARDERSFIELD_22079,1,HARDERSFIELD,22079,C Y Toro Casa Diblo Cab Svgn,750mL,36,9.99,2024-01-01
17_OLDHAM_28888,17,OLDHAM,28888,Livingston Clrs Wh Znfdl Cal,3L,3,11.99,2024-01-01
1_HARDERSFIELD_7211,1,HARDERSFIELD,7211,Cocktail Time Strawberry Rtd,750mL,14,11.99,2024-01-01
23_ARBINGTON_21965,23,ARBINGTON,21965,Marques de Caceres Blanco Wh,750mL,27,8.99,2024-01-01
12_LEESIDE_8500,12,LEESIDE,8500,Stolichnaya Chocolat Kokonut,750mL,12,8.79,2024-01-01
4_EANVERNESS_24493,4,EANVERNESS,24493,Buehler Cab Svgn Napa,750mL,13,23.99,2024-01-01
10_HORNSEY_5311,10,HORNSEY,5311,Amaretto DiSaronno,1.75L,16,34.99,2024-01-01
34_PITMERDEN_22968,34,PITMERDEN,22968,Klinker Brick Marisa Znfdl,750mL,11,34.99,2024-01-01
13_TARMSWORTH_8338,13,TARMSWORTH,8338,The Glenlivet 12 Yr Single,375mL,14,21.99,2024-01-01
31_HORNSEY_3457,31,HORNSEY,3457,Olmeca Altos Plata Tequila,1.75L,2,34.99,2024-01-01
22_SHARNWICK_15314,22,SHARNWICK,15314,Korbel Sweet Cuvee,750mL,7,12.99,2024-01-01
2_ASHBORNE_39087,2,ASHBORNE,39087,Corbett Canyon Pnt Grigio,3L,9,10.99,2024-01-01
38_GOULCREST_6563,38,GOULCREST,6563,Black Opal Cashmore Chard,750mL,17,7.99,2024-01-01
5_SUTTON_6162,5,SUTTON,6162,Jadot Pouilly Fuisse,750mL,3,21.99,2024-01-01
9_BLACKPOOL_2690,9,BLACKPOOL,2690,Black Velvet Reserve,750mL,3,9.99,2024-01-01
39_EASTHALLOW_4370,39,EASTHALLOW,4370,Ron Virgin White,1.75L,6,10.99,2024-01-01
33_HORNSEY_597,33,HORNSEY,597,Baileys Irish Cream,Liter,26,27.99,2024-01-01
1_HARDERSFIELD_5990,1,HARDERSFIELD,5990,H by Hine Cognac,750mL,5,49.99,2024-01-01
37_PAETHSMOUTH_8110,37,PAETHSMOUTH,8110,Tribuno Dry Vermouth,1.5L,7,8.99,2024-01-01
31_HORNSEY_8128,31,HORNSEY,8128,Espolon Anejo Tequila,750mL,4,29.99,2024-01-01
25_CAERSHIRE_37984,25,CAERSHIRE,37984,Barone Fini Pnt Gr Valdadige,750mL,14,11.99,2024-01-01
13_TARMSWORTH_5254,13,TARMSWORTH,5254,DeKuyper Buttershots Schnpps,750mL,16,10.99,2024-01-01
25_CAERSHIRE_4696,25,CAERSHIRE,4696,Blue Chair Bay Banana Rum,750mL,8,16.99,2024-01-01
36_LEWES_46476,36,LEWES,46476,Tilia Malbec Mendoza,750mL,5,9.99,2024-01-01
23_ARBINGTON_37433,23,ARBINGTON,37433,C Y Toro Casillero Carmenere,750mL,9,9.99,2024-01-01
32_MOUNTMEND_5691,32,MOUNTMEND,5691,P & J Cold Soaked Pineapples,375mL,10,9.99,2024-01-01
21_BALERNO_11854,21,BALERNO,11854,Trivento Amado Sur Malbec,750mL,9,14.99,2024-01-01
7_STANMORE_2412,7,STANMORE,2412,JP Wiser's Rye,750mL,13,19.99,2024-01-01
40_BULLMAR_2280,40,BULLMAR,2280,The Botanist Islay Dry Gin,750mL,4,36.99,2024-01-01
12_LEESIDE_1346,12,LEESIDE,1346,Knob Creek Bourbon,750mL,22,29.99,2024-01-01
32_MOUNTMEND_3220,32,MOUNTMEND,3220,Svedka Clementine Vodka,1.75L,21,18.99,2024-01-01
7_STANMORE_22291,7,STANMORE,22291,Locations E Red Spanish,750mL,10,16.99,2024-01-01
16_LUNDY_1921,16,LUNDY,1921,Glenfiddich Special Rsv 12,1.75L,4,67.99,2024-01-01
2_ASHBORNE_28223,2,ASHBORNE,28223,Ch Ste Michelle Canoe Rdge C,750mL,5,15.99,2024-01-01
33_HORNSEY_344,33,HORNSEY,344,Punt e Mes Sweet Vermouth,750mL,3,19.99,2024-01-01
10_HORNSEY_5138,10,HORNSEY,5138,Fireball Cinnamon Whisky,750mL,239,13.99,2024-01-01
8_ALNERWICK_4678,8,ALNERWICK,4678,Courvoisier VS Cognac,750mL,13,22.99,2024-01-01
20_BREDWARDINE_8242,20,BREDWARDINE,8242,Folonari Soave Dry White,1.5L,8,12.99,2024-01-01
29_AYLESBURY_3970,29,AYLESBURY,3970,El Toro Gold,750mL,9,9.29,2024-01-01
14_BROMWICH_6670,14,BROMWICH,6670,Pinnacle Pineapple Vodka,750mL,17,9.99,2024-01-01
21_BALERNO_4410,21,BALERNO,4410,Cruzan Mango Flavored Rum,750mL,10,9.99,2024-01-01
2_ASHBORNE_39335,2,ASHBORNE,39335,Phillips Seven Deadly Znfdl,750mL,6,14.99,2024-01-01
7_STANMORE_2631,7,STANMORE,2631,Scapa Skiren Single Malt,750mL,6,71.99,2024-01-01
28_LARNWICK_38850,28,LARNWICK,38850,Ravenswood Vntrs Bl Cab Svgn,750mL,27,7.99,2024-01-01
4_EANVERNESS_5056,4,EANVERNESS,5056,Hiram Walker Pumpkin Spice,750mL,7,9.99,2024-01-01
6_GOULCREST_4414,6,GOULCREST,4414,Cruzan Pineapple Rum,750mL,18,9.99,2024-01-01
25_CAERSHIRE_8130,25,CAERSHIRE,8130,Bacardi Superior Rum,50mL,31,1.29,2024-01-01
1_HARDERSFIELD_24771,1,HARDERSFIELD,24771,Les Darons Lang J Carrel Rou,750mL,4,12.99,2024-01-01
31_HORNSEY_6867,31,HORNSEY,6867,Rodney Strong Pnt Nr,750mL,8,19.99,2024-01-01
38_GOULCREST_32294,38,GOULCREST,32294,Dom Chandon Brut,187mL,41,4.49,2024-01-01
34_PITMERDEN_25160,34,PITMERDEN,25160,Cinq les Pattes Bordeaux Bla,750mL,22,11.99,2024-01-01
9_BLACKPOOL_8500,9,BLACKPOOL,8500,Stolichnaya Chocolat Kokonut,750mL,29,8.79,2024-01-01
34_PITMERDEN_39411,34,PITMERDEN,39411,Mirassou Chard Cntrl Coast,750mL,19,9.99,2024-01-01
13_TARMSWORTH_2838,13,TARMSWORTH,2838,Calumet Bourbon,750mL,5,45.99,2024-01-01
38_GOULCREST_8068,38,GOULCREST,8068,Absolut 80 Proof,1.75L,175,24.99,2024-01-01
17_OLDHAM_3690,17,OLDHAM,3690,Tanqueray Ten Gin,750mL,6,27.99,2024-01-01
8_ALNERWICK_7413,8,ALNERWICK,7413,Manischewitz Blackberry Kshr,1.5L,4,7.99,2024-01-01
13_TARMSWORTH_3919,13,TARMSWORTH,3919,Hornitos Reposado Tequila,375mL,2,12.99,2024-01-01
24_PALPERROTH_1094,24,PALPERROTH,1094,Four Roses Single Barrel Brb,750mL,10,41.99,2024-01-01
10_HORNSEY_26530,10,HORNSEY,26530,Corbett Canyon Merlot,1.5L,12,8.99,2024-01-01
19_WINTERVALE_5849,19,WINTERVALE,5849,GranGala Triple Orange,750mL,4,16.99,2024-01-01
13_TARMSWORTH_32826,13,TARMSWORTH,32826,Rombauer Carneros Chard,750mL,11,32.95,2024-01-01
18_FURNESS_3409,18,FURNESS,3409,Crystal Head Vodka,750mL,7,49.99,2024-01-01
1_HARDERSFIELD_22475,1,HARDERSFIELD,22475,MSH Cellars Svgn Bl Napa Vly,750mL,15,11.99,2024-01-01
34_PITMERDEN_21435,34,PITMERDEN,21435,Ch Phelan Segur St Estephe,750mL,5,37.99,2024-01-01
15_WANBORNE_2746,15,WANBORNE,2746,Laphroaig Cairdeas Scotch,750mL,2,71.99,2024-01-01
9_BLACKPOOL_42413,9,BLACKPOOL,42413,R M Woodbridge Rsl,1.5L,18,8.99,2024-01-01
1_HARDERSFIELD_4806,1,HARDERSFIELD,4806,Leroux Blackberry Brandy,1.75L,9,14.99,2024-01-01
39_EASTHALLOW_5382,39,EASTHALLOW,5382,Ice 101 Peppermint Schnapps,750mL,12,11.99,2024-01-01
35_HALIVAARA_3818,35,HALIVAARA,3818,Cabo Wabo Blanco Tequila,750mL,7,29.99,2024-01-01
38_GOULCREST_11310,38,GOULCREST,11310,Beaulieu Tapestry 11 Rsv,750mL,10,58.99,2024-01-01
16_LUNDY_44712,16,LUNDY,44712,Sonoma-Cutrer Chard Sonoma,750mL,3,20.99,2024-01-01
33_HORNSEY_5212,33,HORNSEY,5212,Margaritaville Silver,1.75L,7,19.99,2024-01-01
10_HORNSEY_3404,10,HORNSEY,3404,Skinnygirl Vodka,750mL,12,17.99,2024-01-01
28_LARNWICK_171,28,LARNWICK,171,Gentleman Jack,1.75L,5,49.99,2024-01-01
28_LARNWICK_5364,28,LARNWICK,5364,Kahlua,1.75L,49,29.99,2024-01-01
18_FURNESS_6984,18,FURNESS,6984,Kendall Jackson Vntrs RSV Me,750mL,17,16.99,2024-01-01
8_ALNERWICK_7423,8,ALNERWICK,7423,Manischewitz Concord Kosher,1.5L,4,7.99,2024-01-01
13_TARMSWORTH_37826,13,TARMSWORTH,37826,Yellow Tail Cab Svgn Ausl,750mL,5,7.99,2024-01-01
38_GOULCREST_36843,38,GOULCREST,36843,Frey Cab Svgn Organic Mendcn,750mL,9,16.99,2024-01-01
11_CARDEND_26427,11,CARDEND,26427,Latour Pouilly Fuisse,750mL,11,23.99,2024-01-01
15_WANBORNE_974,15,WANBORNE,974,Bacardi O Orange Rum,Liter,6,15.49,2024-01-01
31_HORNSEY_7302,31,HORNSEY,7302,Marques de Caceres Rioja Re,750mL,5,10.99,2024-01-01
9_BLACKPOOL_27461,9,BLACKPOOL,27461,Ecco Domani Pnt Grigio Venez,750mL,43,8.99,2024-01-01
26_KNIFE'S EDGE_12771,26,KNIFE'S EDGE,12771,Joel Gott Cab Svgn 815,750mL,5,12.99,2024-01-01
38_GOULCREST_37913,38,GOULCREST,37913,Pouilly Fume Minet Vls Vgns,750mL,6,19.99,2024-01-01
34_PITMERDEN_8512,34,PITMERDEN,8512,Baileys Irish Cream,750mL,475,18.99,2024-01-01
22_SHARNWICK_42579,22,SHARNWICK,42579,Voga del Venezie Pnt Grigio,750mL,8,9.99,2024-01-01
19_WINTERVALE_44228,19,WINTERVALE,44228,Clean Slate Rsl Mosel,750mL,23,8.49,2024-01-01
32_MOUNTMEND_4287,32,MOUNTMEND,4287,Dictador 20 Yr Rum,750mL,7,59.99,2024-01-01
4_EANVERNESS_6115,4,EANVERNESS,6115,Midnight Moon Raspberry,750mL,16,19.99,2024-01-01
25_CAERSHIRE_3738,25,CAERSHIRE,3738,Three Olives Chocolate Vodka,750mL,7,11.99,2024-01-01
23_ARBINGTON_5103,23,ARBINGTON,5103,Fireball Cinnamon Whisky,1.75L,37,23.99,2024-01-01
9_BLACKPOOL_4390,9,BLACKPOOL,4390,Ron Zacapa 23 Yr Old Rum,750mL,1,42.99,2024-01-01
23_ARBINGTON_37765,23,ARBINGTON,37765,Castello Montauto Vernaccia,750mL,17,8.99,2024-01-01
8_ALNERWICK_2838,8,ALNERWICK,2838,Calumet Bourbon,750mL,5,45.99,2024-01-01
34_PITMERDEN_38416,34,PITMERDEN,38416,Acquese Moscato D'Asti Dolc,750mL,5,11.99,2024-01-01
18_FURNESS_8696,18,FURNESS,8696,Gekkeikan Plum Wine,750mL,11,10.99,2024-01-01
39_EASTHALLOW_3045,39,EASTHALLOW,3045,Pinnacle Salted Caramel,750mL,4,10.99,2024-01-01
10_HORNSEY_8621,10,HORNSEY,8621,Sho Chiku Bai Takara Sake,750mL,10,6.29,2024-01-01
27_MOUNTMEND_15922,27,MOUNTMEND,15922,Primo Amore Moscato,750mL,4,11.49,2024-01-01
24_PALPERROTH_1962,24,PALPERROTH,1962,Jim Beam Apple,750mL,6,13.99,2024-01-01
30_CULCHETH_8386,30,CULCHETH,8386,Dry Sack Sherry,750mL,14,13.49,2024-01-01
6_GOULCREST_3216,6,GOULCREST,3216,Fleischmanns X Dry Gin,1.75L,2,9.99,2024-01-01
4_EANVERNESS_21864,4,EANVERNESS,21864,Dom Carneros Brut,750mL,4,22.99,2024-01-01
6_GOULCREST_3236,6,GOULCREST,3236,Pinnacle Pecan Pie,750mL,10,12.99,2024-01-01
39_EASTHALLOW_6727,39,EASTHALLOW,6727,Antinori Toscana Rd,750mL,39,17.99,2024-01-01
10_HORNSEY_37923,10,HORNSEY,37923,Five Rivers Cab Svgn,750mL,7,13.99,2024-01-01
1_HARDERSFIELD_8346,1,HARDERSFIELD,8346,Marques de Riscal Rioja Red,750mL,12,14.99,2024-01-01
18_FURNESS_3840,18,FURNESS,3840,Smirnoff Raspberry Vodka,1.75L,7,17.99,2024-01-01
38_GOULCREST_22230,38,GOULCREST,22230,Glam Prosecco,750mL,28,15.99,2024-01-01
38_GOULCREST_4304,38,GOULCREST,4304,Bacardi Mango Fusion,50mL,47,0.99,2024-01-01
33_HORNSEY_2838,33,HORNSEY,2838,Calumet Bourbon,750mL,4,45.99,2024-01-01
1_HARDERSFIELD_11488,1,HARDERSFIELD,11488,C K Mondavi Cab Svgn,1.5L,12,10.99,2024-01-01
38_GOULCREST_31231,38,GOULCREST,31231,Nobilo Svgn Bl MarlborougH,750mL,15,9.99,2024-01-01
4_EANVERNESS_6876,4,EANVERNESS,6876,Sutter Home Clsc Chard,187mL 4 Pk,54,5.99,2024-01-01
34_PITMERDEN_1386,34,PITMERDEN,1386,George Dickel No 8 Bourbon,750mL,14,19.99,2024-01-01
4_EANVERNESS_18027,4,EANVERNESS,18027,Banfi Rosa Regale,750mL,15,13.99,2024-01-01
15_WANBORNE_2988,15,WANBORNE,2988,Sauza 901 Silver Tequila,750mL,8,24.99,2024-01-01
34_PITMERDEN_8976,34,PITMERDEN,8976,Beat 3 White Kosher Whiskey,750mL,21,25.99,2024-01-01
41_LARNWICK_1358,41,LARNWICK,1358,Knob Creek Bourbon,1.75L,12,61.99,2024-01-01
10_HORNSEY_2549,10,HORNSEY,2549,WhistlePig 10 Yr Rye,375mL,11,40.99,2024-01-01
39_EASTHALLOW_1758,39,EASTHALLOW,1758,Aberlour Glenlivet 12 Yr,750mL,4,39.99,2024-01-01
1_HARDERSFIELD_37731,1,HARDERSFIELD,37731,Corbett Canyon Chard,3L,1,10.99,2024-01-01
2_ASHBORNE_16539,2,ASHBORNE,16539,Catalpa Chard,750mL,8,14.99,2024-01-01
6_GOULCREST_5270,6,GOULCREST,5270,Southern Comfort,50mL,10,1.99,2024-01-01
37_PAETHSMOUTH_2374,37,PAETHSMOUTH,2374,Tullamore Dew,1.75L,5,39.99,2024-01-01
5_SUTTON_27350,5,SUTTON,27350,Almaden Cab Svgn Cal B/B,5L,7,15.99,2024-01-01
33_HORNSEY_8323,33,HORNSEY,8323,Jose Cuervo Gold w/Marg Mix,750mL,32,14.99,2024-01-01
4_EANVERNESS_8329,4,EANVERNESS,8329,R Mondavi Chard Pvt Sel,750mL,49,7.99,2024-01-01
18_FURNESS_18817,18,FURNESS,18817,The Dreaming Tree Everyday,750mL,5,12.99,2024-01-01
6_GOULCREST_587,6,GOULCREST,587,Malibu Mango Rum,Liter,16,16.99,2024-01-01
13_TARMSWORTH_5230,13,TARMSWORTH,5230,Bacardi Party Drinks Bahama,1.75L,3,15.99,2024-01-01
25_CAERSHIRE_20446,25,CAERSHIRE,20446,Barefoot Bubbly Brut Cuvee,187mL 4 Pk,12,9.99,2024-01-01
18_FURNESS_6946,18,FURNESS,6946,Rosemount Diamond Cab Svgn,750mL,7,8.99,2024-01-01
31_HORNSEY_1388,31,HORNSEY,1388,Red Stag by Jim Beam,1.75L,7,24.99,2024-01-01
38_GOULCREST_26744,38,GOULCREST,26744,Santa Lucia Sangvs Monte Ant,750mL,21,11.99,2024-01-01
24_PALPERROTH_26285,24,PALPERROTH,26285,Moet & Chandon Imperial,1.5L,5,69.99,2024-01-01
16_LUNDY_8746,16,LUNDY,8746,Cavit Pinot Grigio,750mL,12,8.99,2024-01-01
1_HARDERSFIELD_14895,1,HARDERSFIELD,14895,Vendange Pnt Grigio,1.5L,17,7.99,2024-01-01
39_EASTHALLOW_11827,39,EASTHALLOW,11827,Cupcake Merlot,750mL,34,7.49,2024-01-01
25_CAERSHIRE_1888,25,CAERSHIRE,1888,El Toro Silver Tequila,Liter,9,7.99,2024-01-01
11_CARDEND_1516,11,CARDEND,1516,DiSaronno Versace Wrap VAP,750mL,1,19.99,2024-01-01
23_ARBINGTON_3364,23,ARBINGTON,3364,Absolut Ruby Red,1.75L,24,24.99,2024-01-01
10_HORNSEY_9304,10,HORNSEY,9304,Arak Razzouk,750mL,10,21.99,2024-01-01
23_ARBINGTON_17535,23,ARBINGTON,17535,Ninety+Cellars Lot 66 Rsl Mo,750mL,14,10.99,2024-01-01
33_HORNSEY_2242,33,HORNSEY,2242,Cles des Ducs Armagnac VSOP,750mL,6,30.99,2024-01-01
19_WINTERVALE_3859,19,WINTERVALE,3859,Smirnoff 80 Proof,375mL,21,8.99,2024-01-01
37_PAETHSMOUTH_13708,37,PAETHSMOUTH,13708,Bota Box Cab Svgn,3L,1,17.99,2024-01-01
20_BREDWARDINE_4580,20,BREDWARDINE,4580,Casamigos Reposado Tequila,375mL,12,29.99,2024-01-01
13_TARMSWORTH_8513,13,TARMSWORTH,8513,Baileys Irish Cream Mini's 4,100mL 4 Pk,52,8.99,2024-01-01
1_HARDERSFIELD_2749,1,HARDERSFIELD,2749,John Begg Blue Cap,1.75L,6,16.99,2024-01-01
22_SHARNWICK_13097,22,SHARNWICK,13097,Menage a Trois Chard,750mL,9,8.99,2024-01-01
22_SHARNWICK_2082,22,SHARNWICK,2082,Balvenie 15 Yr Sherry Cask,750mL,2,109.99,2024-01-01
15_WANBORNE_4411,15,WANBORNE,4411,Fabrizia's Italian Margarita,750mL,14,9.99,2024-01-01
12_LEESIDE_3343,12,LEESIDE,3343,Bombay Sapphire Gin,375mL,7,12.99,2024-01-01
22_SHARNWICK_5148,22,SHARNWICK,5148,St Brendans Irish Cream,1.75L,5,17.99,2024-01-01
8_ALNERWICK_2665,8,ALNERWICK,2665,Dewars White Label,750mL,16,19.99,2024-01-01
27_MOUNTMEND_3085,27,MOUNTMEND,3085,Absolut Mini Bar 5/50mls,50mL 5 Pk,14,5.99,2024-01-01
41_LARNWICK_6563,41,LARNWICK,6563,Black Opal Cashmore Chard,750mL,11,7.99,2024-01-01
9_BLACKPOOL_19260,9,BLACKPOOL,19260,The Beach House Pinot Grigio,750mL,7,9.99,2024-01-01
21_BALERNO_24937,21,BALERNO,24937,Walpole NH Winter Warmer,750mL,4,17.49,2024-01-01
1_HARDERSFIELD_1023,1,HARDERSFIELD,1023,Hennessy VSOP Cognac + 50mL,750mL,59,51.99,2024-01-01
38_GOULCREST_15444,38,GOULCREST,15444,Riff Pnt Grigio,750mL,26,11.99,2024-01-01
10_HORNSEY_2398,10,HORNSEY,2398,Tullamore Dew,750mL,21,22.99,2024-01-01
32_MOUNTMEND_37313,32,MOUNTMEND,37313,Salmon Run NY Rsl,750mL,28,11.99,2024-01-01
6_GOULCREST_21951,6,GOULCREST,21951,Ruffino Aziano Chianti Clsc,750mL,5,12.99,2024-01-01
34_PITMERDEN_39983,34,PITMERDEN,39983,Little Penguin Shiraz Ausl,1.5L,3,11.99,2024-01-01
33_HORNSEY_32679,33,HORNSEY,32679,Pepperwood Grove Merlot Cal,750mL,6,7.99,2024-01-01
2_ASHBORNE_4149,2,ASHBORNE,4149,Sailor Jerry Spiced Navy Rum,50mL,18,1.49,2024-01-01
15_WANBORNE_7891,15,WANBORNE,7891,DeLeon Platinum Tequila,750mL,3,54.99,2024-01-01
23_ARBINGTON_32989,23,ARBINGTON,32989,Barefoot Cab Svgn Cal,1.5L,25,10.99,2024-01-01
39_EASTHALLOW_5364,39,EASTHALLOW,5364,Kahlua,1.75L,50,29.99,2024-01-01
36_LEWES_7302,36,LEWES,7302,Marques de Caceres Rioja Re,750mL,17,10.99,2024-01-01
38_GOULCREST_689,38,GOULCREST,689,McManis Pnt Nr Cal,750mL,19,10.99,2024-01-01
6_GOULCREST_23256,6,GOULCREST,23256,Robert Hall Cab Svgn,750mL,31,13.99,2024-01-01
13_TARMSWORTH_10236,13,TARMSWORTH,10236,Layer Cake Malbec Mendoza,750mL,15,11.95,2024-01-01
9_BLACKPOOL_46829,9,BLACKPOOL,46829,Pacific Rim Yakima Gewurz,750mL,4,11.99,2024-01-01
17_OLDHAM_426,17,OLDHAM,426,Crystal Head Vodka,50mL,37,7.99,2024-01-01
10_HORNSEY_915,10,HORNSEY,915,Smirnoff Citrus Vodka,Liter,11,14.49,2024-01-01
15_WANBORNE_22270,15,WANBORNE,22270,Markham Cab Svgn,750mL,11,39.99,2024-01-01
40_BULLMAR_2549,40,BULLMAR,2549,WhistlePig 10 Yr Rye,375mL,10,40.99,2024-01-01
15_WANBORNE_5103,15,WANBORNE,5103,Fireball Cinnamon Whisky,1.75L,36,23.99,2024-01-01
18_FURNESS_3830,18,FURNESS,3830,Grey Goose L'Orange Vodka,750mL,3,23.99,2024-01-01
34_PITMERDEN_10239,34,PITMERDEN,10239,Cannonball Cab Svgn Cal,750mL,13,13.99,2024-01-01
33_HORNSEY_17001,33,HORNSEY,17001,Martinshof Gruner Veltliner,750mL,13,13.99,2024-01-01
39_EASTHALLOW_37401,39,EASTHALLOW,37401,Excelsior S Afr Cab Svgn,750mL,27,7.99,2024-01-01
9_BLACKPOOL_3612,9,BLACKPOOL,3612,Taaka Vodka,1.75L,48,8.99,2024-01-01
20_BREDWARDINE_1896,20,BREDWARDINE,1896,The Glenlivet 18 Yr Single,750mL,11,99.99,2024-01-01
4_EANVERNESS_60,4,EANVERNESS,60,Canadian Club 1858 VAP,750mL,1,10.99,2024-01-01
38_GOULCREST_20057,38,GOULCREST,20057,Ch Lascombes 10 Brdx,750mL,24,179.99,2024-01-01
17_OLDHAM_6285,17,OLDHAM,6285,Gallo Twin Valley Wh Znfdl C,1.5L,7,9.99,2024-01-01
39_EASTHALLOW_8590,39,EASTHALLOW,8590,Arrow Peppermint Schnapps,750mL,6,7.99,2024-01-01
27_MOUNTMEND_8670,27,MOUNTMEND,8670,Arrow Coffee Brandy,1.75L,21,10.99,2024-01-01
30_CULCHETH_7279,30,CULCHETH,7279,Yago Sant'Gria Red,1.5L,5,6.99,2024-01-01
30_CULCHETH_1382,30,CULCHETH,1382,Makers 46,750mL,2,39.99,2024-01-01
7_STANMORE_12147,7,STANMORE,12147,Sterling Vintners CA Meritag,750mL,23,8.99,2024-01-01
23_ARBINGTON_23218,23,ARBINGTON,23218,Tangent Chard,750mL,46,9.99,2024-01-01
8_ALNERWICK_1483,8,ALNERWICK,1483,DeKuyper Cane Trial Pack,50mL 4 Pk,0,2.99,2024-01-01
34_PITMERDEN_5741,34,PITMERDEN,5741,Merry Wh Chocolate Liqueur,750mL,18,14.99,2024-01-01
16_LUNDY_44719,16,LUNDY,44719,Cavit Prosecco Lunetta,750mL,0,9.99,2024-01-01
11_CARDEND_36859,11,CARDEND,36859,Brancott Pnt Nr Marlboro,750mL,14,12.99,2024-01-01
33_HORNSEY_27461,33,HORNSEY,27461,Ecco Domani Pnt Grigio Venez,750mL,28,8.99,2024-01-01
8_ALNERWICK_22079,8,ALNERWICK,22079,C Y Toro Casa Diblo Cab Svgn,750mL,16,9.99,2024-01-01
23_ARBINGTON_5457,23,ARBINGTON,5457,After Shock Hot & Cool Cinmn,50mL,73,1.99,2024-01-01
20_BREDWARDINE_20419,20,BREDWARDINE,20419,Spalletti Toscana Rosso Palz,750mL,28,19.49,2024-01-01
8_ALNERWICK_24907,8,ALNERWICK,24907,Bogle Old Vine Znfdl Cal,750mL,15,9.99,2024-01-01
5_SUTTON_8345,5,SUTTON,8345,R M Woodbridge Cab Svgn Cal,750mL,21,7.99,2024-01-01
36_LEWES_5270,36,LEWES,5270,Southern Comfort,50mL,17,1.99,2024-01-01
22_SHARNWICK_6950,22,SHARNWICK,6950,Solerno Blood Orange Liqueur,750mL,2,34.99,2024-01-01
18_FURNESS_39335,18,FURNESS,39335,Phillips Seven Deadly Znfdl,750mL,32,14.99,2024-01-01
40_BULLMAR_1767,40,BULLMAR,1767,Buffalo Trace Bourbon,750mL,3,24.99,2024-01-01
8_ALNERWICK_8233,8,ALNERWICK,8233,Beaulieu Cab Svgn Rutherford,750mL,12,21.99,2024-01-01
32_MOUNTMEND_26181,32,MOUNTMEND,26181,Jaume Serra Cristalino Brut,750mL,11,6.99,2024-01-01
40_BULLMAR_2890,40,BULLMAR,2890,Four Roses Bourbon,750mL,8,27.99,2024-01-01
7_STANMORE_3609,7,STANMORE,3609,Smirnoff Vanilla Vodka,50mL,113,0.99,2024-01-01
10_HORNSEY_3486,10,HORNSEY,3486,Tanqueray,375mL,28,12.99,2024-01-01
9_BLACKPOOL_27514,9,BLACKPOOL,27514,Clos du Bois RSV Cab Svgn,750mL,6,17.99,2024-01-01
17_OLDHAM_1634,17,OLDHAM,1634,The Famous Grouse,1.75L,7,27.99,2024-01-01
38_GOULCREST_23595,38,GOULCREST,23595,Almaden Burgundy B/B,5L,10,14.99,2024-01-01
15_WANBORNE_1239,15,WANBORNE,1239,Booker's Bourbon,750mL,9,50.99,2024-01-01
28_LARNWICK_3790,28,LARNWICK,3790,Don Julio Blanco Tequila,750mL,3,45.99,2024-01-01
10_HORNSEY_6984,10,HORNSEY,6984,Kendall Jackson Vntrs RSV Me,750mL,63,16.99,2024-01-01
40_BULLMAR_3513,40,BULLMAR,3513,Ciroc Snap Frost Vodka,750mL,4,24.99,2024-01-01
32_MOUNTMEND_8231,32,MOUNTMEND,8231,Folonari Valpolicella,1.5L,5,12.99,2024-01-01
14_BROMWICH_3782,14,BROMWICH,3782,Grey Goose Le Citron Vodka,750mL,21,23.99,2024-01-01
15_WANBORNE_37047,15,WANBORNE,37047,Ch Montelena Est Cab Svgn Np,750mL,1,129.99,2024-01-01
15_WANBORNE_9304,15,WANBORNE,9304,Arak Razzouk,750mL,11,21.99,2024-01-01
1_HARDERSFIELD_17906,1,HARDERSFIELD,17906,Kim Crawford Chard Unoaked,750mL,13,15.99,2024-01-01
30_CULCHETH_8693,30,CULCHETH,8693,Ezra Brooks,750mL,16,9.99,2024-01-01
31_HORNSEY_26134,31,HORNSEY,26134,Clos du Bois Znfdl Sonoma,750mL,11,8.99,2024-01-01
8_ALNERWICK_16684,8,ALNERWICK,16684,Sokol Blosser Evolution Red,750mL,10,15.99,2024-01-01
33_HORNSEY_22801,33,HORNSEY,22801,Fetzer Valley Oaks Cab Svgn,1.5L,29,12.99,2024-01-01
8_ALNERWICK_3728,8,ALNERWICK,3728,Absolut Citron,1.75L,11,24.99,2024-01-01
34_PITMERDEN_22291,34,PITMERDEN,22291,Locations E Red Spanish,750mL,28,16.99,2024-01-01
1_HARDERSFIELD_4290,1,HARDERSFIELD,4290,Bacardi Tangerine Rum,750mL,0,9.99,2024-01-01
7_STANMORE_13097,7,STANMORE,13097,Menage a Trois Chard,750mL,3,8.99,2024-01-01
38_GOULCREST_23143,38,GOULCREST,23143,Bogle Chard,750mL,163,7.99,2024-01-01
36_LEWES_8000,36,LEWES,8000,The Glenlivet 12 Yr Single,1.75L,7,67.99,2024-01-01
1_HARDERSFIELD_2739,1,HARDERSFIELD,2739,Bruichladdich Rocks Sngl Mlt,750mL,0,49.99,2024-01-01
38_GOULCREST_1770,38,GOULCREST,1770,Jack Daniels Tennessee Fire,1.75L,38,36.99,2024-01-01
30_CULCHETH_41159,30,CULCHETH,41159,Phillips Earthquake Ld Znfdl,750mL,1,23.99,2024-01-01
11_CARDEND_16794,11,CARDEND,16794,Freakshow Cab Svgn,750mL,55,17.99,2024-01-01
15_WANBORNE_2518,15,WANBORNE,2518,Woodford Reserve Double Oak,750mL,6,49.99,2024-01-01
14_BROMWICH_6312,14,BROMWICH,6312,Gallo Twin Valley Svgn Bl Ca,1.5L,14,9.99,2024-01-01
14_BROMWICH_5694,14,BROMWICH,5694,Ice Box Mudslide,1.75L,12,9.99,2024-01-01
15_WANBORNE_36625,15,WANBORNE,36625,Talbott Logan Slpy Hl Pnt Nr,750mL,7,21.99,2024-01-01
38_GOULCREST_3512,38,GOULCREST,3512,Pinnacle Vodka,1.75L,112,15.99,2024-01-01
23_ARBINGTON_3089,23,ARBINGTON,3089,Evan Williams Honey Reserve,750mL,4,13.99,2024-01-01
10_HORNSEY_7716,10,HORNSEY,7716,Andre Brut,750mL,49,5.49,2024-01-01
39_EASTHALLOW_10916,39,EASTHALLOW,10916,Piper Sonoma Bl de Bl Sonoma,750mL,4,13.99,2024-01-01
17_OLDHAM_5758,17,OLDHAM,5758,1800 Ultimate Margarita RTD,1.75L,2,19.99,2024-01-01
25_CAERSHIRE_14672,25,CAERSHIRE,14672,Duckhorn Decoy Cab Svgn,750mL,34,16.95,2024-01-01
30_CULCHETH_13141,30,CULCHETH,13141,Noble Vines 181 Merlot Lodi,750mL,11,10.99,2024-01-01
37_PAETHSMOUTH_4385,37,PAETHSMOUTH,4385,Parrot Bay 90 Coconut Capt,1.75L,9,24.99,2024-01-01
24_PALPERROTH_5525,24,PALPERROTH,5525,Fernet-Branca Italian Liquer,750mL,6,24.99,2024-01-01
40_BULLMAR_6150,40,BULLMAR,6150,Midnight Moon Blackberry,750mL,2,19.99,2024-01-01
5_SUTTON_3234,5,SUTTON,3234,Hendrick's Gin,1.75L,5,61.99,2024-01-01
6_GOULCREST_29407,6,GOULCREST,29407,Wild Horse CC Merlot,750mL,43,15.99,2024-01-01
8_ALNERWICK_35103,8,ALNERWICK,35103,Ruffino Chianti Superiore,750mL,18,9.99,2024-01-01
16_LUNDY_5587,16,LUNDY,5587,Jose Cuervo Golden Margarita,1.75L,15,19.99,2024-01-01
41_LARNWICK_10298,41,LARNWICK,10298,Alamos Torrontes,750mL,7,9.99,2024-01-01
10_HORNSEY_18875,10,HORNSEY,18875,Di Padrino Dry Vermouth,1.5L,8,7.99,2024-01-01
25_CAERSHIRE_36543,25,CAERSHIRE,36543,MacMurray Ranch Pnt Nr RRV,750mL,18,19.99,2024-01-01
1_HARDERSFIELD_5780,1,HARDERSFIELD,5780,Malibu Black,750mL,10,13.99,2024-01-01
2_ASHBORNE_7221,2,ASHBORNE,7221,M & R Sweet Vermouth,1.5L,27,10.49,2024-01-01
20_BREDWARDINE_5606,20,BREDWARDINE,5606,Montezuma Blue Tequila Liqu,1.75L,96,9.99,2024-01-01
28_LARNWICK_32915,28,LARNWICK,32915,Kim Crawford Svgn Bl Marlbro,750mL,13,14.99,2024-01-01
25_CAERSHIRE_22801,25,CAERSHIRE,22801,Fetzer Valley Oaks Cab Svgn,1.5L,8,12.99,2024-01-01
13_TARMSWORTH_38181,13,TARMSWORTH,38181,Rex Goliath Pnt Nr,750mL,11,5.99,2024-01-01
30_CULCHETH_28887,30,CULCHETH,28887,Livingston Nat Flvrs Chard,3L,6,12.99,2024-01-01
22_SHARNWICK_23049,22,SHARNWICK,23049,Benziger Svgn Bl N Cst,750mL,13,9.99,2024-01-01
25_CAERSHIRE_5444,25,CAERSHIRE,5444,E & J Superior RSV VSOP,1.75L,8,19.99,2024-01-01
34_PITMERDEN_1556,34,PITMERDEN,1556,Kahlua w/50mL Absolut+Glass,750mL,0,18.99,2024-01-01
14_BROMWICH_1468,14,BROMWICH,1468,Knob Creek Single Barrel Rsv,750mL,6,41.99,2024-01-01
3_HORNSEY_1365,3,HORNSEY,1365,Stoli Mini Bar 5/50mLs Pack,50mL 5 Pk,6,7.99,2024-01-01
4_EANVERNESS_4178,4,EANVERNESS,4178,Fabrizia Limoncello,375mL,11,9.99,2024-01-01
34_PITMERDEN_1868,34,PITMERDEN,1868,Lagavulin Single Malt 16-Yr,750mL,78,69.99,2024-01-01
2_ASHBORNE_3884,2,ASHBORNE,3884,Bracero Blanco Tequila,750mL,9,37.99,2024-01-01
21_BALERNO_13163,21,BALERNO,13163,Barefoot Bubbly Moscato,750mL,17,7.99,2024-01-01
30_CULCHETH_27042,30,CULCHETH,27042,Luna di Luna Chard/Pnt Grigo,750mL,13,9.99,2024-01-01
6_GOULCREST_32906,6,GOULCREST,32906,Sterling Vintners Cab Svgn C,750mL,74,10.99,2024-01-01
4_EANVERNESS_3545,4,EANVERNESS,3545,Ketel One Vodka,1.75L,243,31.99,2024-01-01
32_MOUNTMEND_3238,32,MOUNTMEND,3238,Hendrick's Gin,750mL,30,29.99,2024-01-01
6_GOULCREST_2310,6,GOULCREST,2310,Ungava Gin,750mL,3,28.99,2024-01-01
24_PALPERROTH_33143,24,PALPERROTH,33143,Our Daily Red,750mL,12,8.99,2024-01-01
27_MOUNTMEND_3040,27,MOUNTMEND,3040,Tito's Handmade Vodka,Liter,7,22.99,2024-01-01
11_CARDEND_3834,11,CARDEND,3834,Skyy Vodka,750mL,31,15.99,2024-01-01
9_BLACKPOOL_3967,9,BLACKPOOL,3967,Deep Eddy Ruby Red,750mL,4,18.99,2024-01-01
29_AYLESBURY_6312,29,AYLESBURY,6312,Gallo Twin Valley Svgn Bl Ca,1.5L,10,9.99,2024-01-01
40_BULLMAR_3125,40,BULLMAR,3125,Pinnacle Strawbery Shortcake,750mL,2,9.99,2024-01-01
19_WINTERVALE_5438,19,WINTERVALE,5438,Emmets Irish Cream,750mL,13,9.99,2024-01-01
9_BLACKPOOL_3489,9,BLACKPOOL,3489,Tanqueray,1.75L,83,27.99,2024-01-01
27_MOUNTMEND_35668,27,MOUNTMEND,35668,Redwood Creek Merlot Cal,1.5L,16,10.99,2024-01-01
1_HARDERSFIELD_16394,1,HARDERSFIELD,16394,Ghost Pines Red L Martini,750mL,17,17.99,2024-01-01
25_CAERSHIRE_17340,25,CAERSHIRE,17340,Chops & Burgers Bordeaux,750mL,8,7.99,2024-01-01
11_CARDEND_26143,11,CARDEND,26143,R Mondavi Pvt Sel Svgn Bl,750mL,36,7.99,2024-01-01
37_PAETHSMOUTH_27735,37,PAETHSMOUTH,27735,Bogle Cab Svgn Cal,750mL,19,9.99,2024-01-01
39_EASTHALLOW_8728,39,EASTHALLOW,8728,Blue Nun Authentic White,1.5L,10,13.99,2024-01-01
38_GOULCREST_9439,38,GOULCREST,9439,Cointreau VAP,750mL,1,29.99,2024-01-01
12_LEESIDE_5952,12,LEESIDE,5952,Jagermeister Liqueur,50mL,42,1.99,2024-01-01
33_HORNSEY_16477,33,HORNSEY,16477,Cupcake Angel Food,750mL,18,7.49,2024-01-01
12_LEESIDE_7321,12,LEESIDE,7321,Malibu Cosmo Light RTD,1.75L,0,17.99,2024-01-01
38_GOULCREST_3770,38,GOULCREST,3770,Miodula Honey Vodka,750mL,10,22.99,2024-01-01
1_HARDERSFIELD_3636,1,HARDERSFIELD,3636,Dr McGillicuddy's Mentholmnt,375mL,7,7.49,2024-01-01
17_OLDHAM_3085,17,OLDHAM,3085,Absolut Mini Bar 5/50mls,50mL 5 Pk,29,5.99,2024-01-01
18_FURNESS_34427,18,FURNESS,34427,Frei Bros RSV Cab Svgn Alex,750mL,4,21.99,2024-01-01
34_PITMERDEN_2202,34,PITMERDEN,2202,Karner Blue Gin,750mL,23,29.99,2024-01-01
13_TARMSWORTH_3724,13,TARMSWORTH,3724,Absolut Citron,750mL,5,17.99,2024-01-01
34_PITMERDEN_8497,34,PITMERDEN,8497,Kamora Coffee,750mL,19,9.99,2024-01-01
15_WANBORNE_22441,15,WANBORNE,22441,Omaka Springs Svgn Bl,750mL,13,14.99,2024-01-01
9_BLACKPOOL_21055,9,BLACKPOOL,21055,Sandeman Imperial 20-Yr Taw,750mL,5,36.99,2024-01-01
4_EANVERNESS_42766,4,EANVERNESS,42766,14 Hands Merlot Wash,750mL,5,8.95,2024-01-01
33_HORNSEY_10723,33,HORNSEY,10723,R M Woodbridge Chard,1.5L,52,8.99,2024-01-01
23_ARBINGTON_6933,23,ARBINGTON,6933,Ch Ste Michelle Svgn Bl,750mL,28,8.99,2024-01-01
30_CULCHETH_1734,30,CULCHETH,1734,Duggans Dew O Kirkintilloch,1.75L,8,23.49,2024-01-01
34_PITMERDEN_15332,34,PITMERDEN,15332,Whitehaven Svgn Bl,750mL,3,12.49,2024-01-01
21_BALERNO_34460,21,BALERNO,34460,Dr Loosen Rsl 'Dr L' M,750mL,25,12.99,2024-01-01
1_HARDERSFIELD_33143,1,HARDERSFIELD,33143,Our Daily Red,750mL,23,8.99,2024-01-01
22_SHARNWICK_44234,22,SHARNWICK,44234,A by Acacia Pnt Nr Cal,750mL,3,13.99,2024-01-01
33_HORNSEY_3539,33,HORNSEY,3539,MacGavin's Highland Scotch,750mL,3,24.99,2024-01-01
30_CULCHETH_426,30,CULCHETH,426,Crystal Head Vodka,50mL,38,7.99,2024-01-01
15_WANBORNE_40559,15,WANBORNE,40559,McManis Cab Svgn Cal,750mL,22,10.99,2024-01-01
1_HARDERSFIELD_1035,1,HARDERSFIELD,1035,Pinnacle Vodka Gift Pak,750mL + 3/,4,12.99,2024-01-01
11_CARDEND_24455,11,CARDEND,24455,Franciscan Cab Svgn Napa,750mL,50,16.98,2024-01-01
34_PITMERDEN_3300,34,PITMERDEN,3300,Smirnoff Sorbet Mango/Pasion,50mL,135,0.99,2024-01-01
8_ALNERWICK_31466,8,ALNERWICK,31466,Ch Carignan Brdx,750mL,12,21.99,2024-01-01
22_SHARNWICK_12775,22,SHARNWICK,12775,Joel Gott Svgn Bl,750mL,5,9.99,2024-01-01
34_PITMERDEN_44033,34,PITMERDEN,44033,Zardetto Pros di Coneg Brut,187mL,5,5.49,2024-01-01
4_EANVERNESS_17988,4,EANVERNESS,17988,Porta Vita Blush Rosato,1.5L,55,11.99,2024-01-01
2_ASHBORNE_32367,2,ASHBORNE,32367,Cavit Pinot Noir Delle Vene,750mL,17,8.99,2024-01-01
23_ARBINGTON_16378,23,ARBINGTON,16378,Hob Nob Malbec VDP D'Oc,750mL,29,9.99,2024-01-01
15_WANBORNE_6206,15,WANBORNE,6206,Midnight Moon Apple Pie,375mL,5,10.99,2024-01-01
10_HORNSEY_4025,10,HORNSEY,4025,Bacardi Oakheart Spiced Rum,50mL,148,1.79,2024-01-01
36_LEWES_4201,36,LEWES,4201,Calico Jack Silver Rum,1.75L,24,12.99,2024-01-01
36_LEWES_39256,36,LEWES,39256,Schmitt Sohne Relax Mosel,750mL,7,10.99,2024-01-01
21_BALERNO_8166,21,BALERNO,8166,Mount Gay Eclipse,750mL,19,19.99,2024-01-01
6_GOULCREST_4320,6,GOULCREST,4320,D'Usse VSOP Cognac,750mL,7,48.99,2024-01-01
32_MOUNTMEND_644,32,MOUNTMEND,644,Amaretto DiSaronno,Liter,24,26.99,2024-01-01
39_EASTHALLOW_6896,39,EASTHALLOW,6896,Sterling Merlot,750mL,39,14.95,2024-01-01
33_HORNSEY_19951,33,HORNSEY,19951,Warre's Vintage Port 2000,750mL,1,65.99,2024-01-01
11_CARDEND_3743,11,CARDEND,3743,Smirnoff Sorbet Pine/Coconut,750mL,8,12.99,2024-01-01
21_BALERNO_8626,21,BALERNO,8626,Ezra Brooks,1.75L,12,15.99,2024-01-01
18_FURNESS_35913,18,FURNESS,35913,Stone Cellars Cab Svgn,1.5L,7,8.99,2024-01-01
7_STANMORE_3682,7,STANMORE,3682,Belvedere Vodka,750mL,19,22.99,2024-01-01
41_LARNWICK_8085,41,LARNWICK,8085,Wild Turkey,1.75L,12,31.99,2024-01-01
9_BLACKPOOL_29942,9,BLACKPOOL,29942,Livingston Merlot Cal,3L,6,12.99,2024-01-01
1_HARDERSFIELD_2156,1,HARDERSFIELD,2156,(RI) 1,750mL,5,34.99,2024-01-01
23_ARBINGTON_4355,23,ARBINGTON,4355,Sea Hagg Spiced Rum,750mL,8,25.49,2024-01-01
6_GOULCREST_4252,6,GOULCREST,4252,Bacardi Limon Rum,50mL,97,0.99,2024-01-01
39_EASTHALLOW_8609,39,EASTHALLOW,8609,Duboeuf Beaujolais Villages,750mL,14,9.99,2024-01-01
32_MOUNTMEND_14622,32,MOUNTMEND,14622,La Marca Prosecco,750mL,28,12.99,2024-01-01
34_PITMERDEN_4066,34,PITMERDEN,4066,Bacardi Oakheart Spiced Rum,1.75L,147,17.99,2024-01-01
29_AYLESBURY_3877,29,AYLESBURY,3877,Smirnoff Green Apple Vodka,750mL,11,12.99,2024-01-01
26_KNIFE'S EDGE_4198,26,KNIFE'S EDGE,4198,Sailor Jerry Spiced Navy Rum,1.75L,25,24.99,2024-01-01
7_STANMORE_8823,7,STANMORE,8823,Leroux Apricot Brandy,750mL,11,7.99,2024-01-01
22_SHARNWICK_16568,22,SHARNWICK,16568,Moonlight Meadery Sumptuous,375mL,8,12.99,2024-01-01
18_FURNESS_3627,18,FURNESS,3627,Absolut 80 Proof,375mL,8,11.99,2024-01-01
36_LEWES_7851,36,LEWES,7851,Piehole Pecan Pie,50mL,13,0.99,2024-01-01
34_PITMERDEN_16896,34,PITMERDEN,16896,Nicolas Catena Zapata Mendza,750mL,12,109.99,2024-01-01
6_GOULCREST_759,6,GOULCREST,759,Bunnahabhain 12 Yr Single,750mL,3,51.99,2024-01-01
1_HARDERSFIELD_37785,1,HARDERSFIELD,37785,Lindemans Bin 40 Merlot,1.5L,12,11.99,2024-01-01
34_PITMERDEN_46763,34,PITMERDEN,46763,Clayhouse Svgn Bl Paso Roble,750mL,13,11.99,2024-01-01
36_LEWES_8781,36,LEWES,8781,Rodney Strong Cab Svgn,750mL,27,15.99,2024-01-01
20_BREDWARDINE_2749,20,BREDWARDINE,2749,John Begg Blue Cap,1.75L,7,16.99,2024-01-01
10_HORNSEY_3352,10,HORNSEY,3352,Ciroc Coconut Vodka,750mL,33,24.99,2024-01-01
24_PALPERROTH_4181,24,PALPERROTH,4181,Calypso Spiced Rum,1.75L,8,11.99,2024-01-01
4_EANVERNESS_31621,4,EANVERNESS,31621,Novellum Chardonnay RSV VDP,750mL,6,10.99,2024-01-01
12_LEESIDE_34998,12,LEESIDE,34998,Luiano Chianti Clsc,750mL,12,16.99,2024-01-01
4_EANVERNESS_9115,4,EANVERNESS,9115,Caffo Limoncino Dell'l Sola,750mL,8,16.99,2024-01-01
1_HARDERSFIELD_3282,1,HARDERSFIELD,3282,Skyy Watermelon Fresca Vodka,50mL,0,0.99,2024-01-01
21_BALERNO_16670,21,BALERNO,16670,Sweet Baby Vyds White Peach,750mL,9,11.99,2024-01-01
20_BREDWARDINE_35319,20,BREDWARDINE,35319,Jewell Towne Rsl NH,750mL,4,14.49,2024-01-01
1_HARDERSFIELD_21277,1,HARDERSFIELD,21277,Nicholson Ranch Chard Son Ct,750mL,40,19.99,2024-01-01
30_CULCHETH_2623,30,CULCHETH,2623,Ballantines,1.75L,9,28.99,2024-01-01
8_ALNERWICK_6670,8,ALNERWICK,6670,Pinnacle Pineapple Vodka,750mL,12,9.99,2024-01-01
31_HORNSEY_31201,31,HORNSEY,31201,Beringer Fndrs Est Cab Svgn,750mL,15,8.99,2024-01-01
32_MOUNTMEND_32831,32,MOUNTMEND,32831,Carpineto Dogajolo Tuscan Rd,750mL,15,11.99,2024-01-01
39_EASTHALLOW_2834,39,EASTHALLOW,2834,Old Smuggler P E T,1.75L,25,16.49,2024-01-01
24_PALPERROTH_1692,24,PALPERROTH,1692,Everclear 151,750mL,21,18.49,2024-01-01
34_PITMERDEN_18001,34,PITMERDEN,18001,Ruca Malen Malbec Rsv,750mL,10,16.99,2024-01-01
34_PITMERDEN_16325,34,PITMERDEN,16325,Smoking Loon Red Loonatic,750mL,33,9.99,2024-01-01
25_CAERSHIRE_20912,25,CAERSHIRE,20912,Whitehall Tre Leoni Red Napa,750mL,13,23.99,2024-01-01
38_GOULCREST_6193,38,GOULCREST,6193,Midnight Moon Moonshine,750mL,11,19.99,2024-01-01
21_BALERNO_13968,21,BALERNO,13968,Spellbound Chard,750mL,10,13.99,2024-01-01
34_PITMERDEN_24323,34,PITMERDEN,24323,Ch Pichon Long Comtesse L 12,750mL,12,129.99,2024-01-01
30_CULCHETH_29371,30,CULCHETH,29371,Merryvale Starmont Cab Svgn,750mL,6,28.99,2024-01-01
21_BALERNO_5735,21,BALERNO,5735,Malibu Rum,750mL,33,12.99,2024-01-01
34_PITMERDEN_5228,34,PITMERDEN,5228,DeKuyper Wh Cr de Menthe,750mL,12,8.99,2024-01-01
32_MOUNTMEND_10723,32,MOUNTMEND,10723,R M Woodbridge Chard,1.5L,59,8.99,2024-01-01
22_SHARNWICK_8288,22,SHARNWICK,8288,Korbel Brut,750mL,18,11.99,2024-01-01
24_PALPERROTH_3278,24,PALPERROTH,3278,Gordons London Dry,750mL,24,7.99,2024-01-01
22_SHARNWICK_19940,22,SHARNWICK,19940,Bogle Petite Sirah,750mL,15,9.99,2024-01-01
8_ALNERWICK_8565,8,ALNERWICK,8565,Skinnygirl Sprklng Margarita,750mL,14,10.99,2024-01-01
21_BALERNO_8107,21,BALERNO,8107,Wild Turkey 101,1.75L,12,34.99,2024-01-01
18_FURNESS_41252,18,FURNESS,41252,Beringer Classic Pnt Grigio,1.5L,17,7.99,2024-01-01
25_CAERSHIRE_3791,25,CAERSHIRE,3791,Jose Cuervo Especial Silver,375mL,7,10.99,2024-01-01
12_LEESIDE_8214,12,LEESIDE,8214,E & J Brandy VS,750mL,8,9.99,2024-01-01
33_HORNSEY_12450,33,HORNSEY,12450,Cellar No 8 Pnt Nr,750mL,9,8.99,2024-01-01
34_PITMERDEN_34825,34,PITMERDEN,34825,J Vineyards Pnt Gris,750mL,12,17.99,2024-01-01
10_HORNSEY_3243,10,HORNSEY,3243,Burnetts Vodka,1.75L,54,10.49,2024-01-01
40_BULLMAR_19934,40,BULLMAR,19934,Perrin Cotes du Rhone RSV Rg,750mL,12,10.99,2024-01-01
26_KNIFE'S EDGE_4218,26,KNIFE'S EDGE,4218,Sailor Jerry Spiced Navy Rum,750mL,6,16.99,2024-01-01
6_GOULCREST_8921,6,GOULCREST,8921,Sterling Cab Svgn,750mL,53,16.95,2024-01-01
12_LEESIDE_1384,12,LEESIDE,1384,Bulleit 95 Rye,750mL,13,27.99,2024-01-01
17_OLDHAM_3278,17,OLDHAM,3278,Gordons London Dry,750mL,10,7.99,2024-01-01
23_ARBINGTON_5285,23,ARBINGTON,5285,Jacquin Triple Sec,750mL,21,7.99,2024-01-01
34_PITMERDEN_43434,34,PITMERDEN,43434,Phillips Earthquake Cab Svgn,750mL,155,23.99,2024-01-01
24_PALPERROTH_5750,24,PALPERROTH,5750,Malibu Rum Traveler,750mL,17,12.99,2024-01-01
15_WANBORNE_44072,15,WANBORNE,44072,Bogle Russian River Pnt Nr,750mL,20,10.99,2024-01-01
2_ASHBORNE_6967,2,ASHBORNE,6967,Santa Margherita Pnt Grigio,750mL,71,19.99,2024-01-01
19_WINTERVALE_5758,19,WINTERVALE,5758,1800 Ultimate Margarita RTD,1.75L,8,19.99,2024-01-01
39_EASTHALLOW_3352,39,EASTHALLOW,3352,Ciroc Coconut Vodka,750mL,2,24.99,2024-01-01
38_GOULCREST_3987,38,GOULCREST,3987,Smirnoff Peppermint Twist,750mL,0,10.99,2024-01-01
6_GOULCREST_2258,6,GOULCREST,2258,Dewars Special Reserve 12 Yr,375mL,7,12.99,2024-01-01
1_HARDERSFIELD_5056,1,HARDERSFIELD,5056,Hiram Walker Pumpkin Spice,750mL,1,9.99,2024-01-01
6_GOULCREST_37731,6,GOULCREST,37731,Corbett Canyon Chard,3L,8,10.99,2024-01-01
22_SHARNWICK_4050,22,SHARNWICK,4050,Bacardi Oakheart Spiced Rum,750mL,8,10.99,2024-01-01
38_GOULCREST_46298,38,GOULCREST,46298,Intorcia Marsala Sweet,Liter,15,11.99,2024-01-01
2_ASHBORNE_21369,2,ASHBORNE,21369,Kendall Jackson Grand Pnt Nr,750mL,7,21.99,2024-01-01
39_EASTHALLOW_6213,39,EASTHALLOW,6213,Taylor Red Port,1.5L,4,7.99,2024-01-01
23_ARBINGTON_36370,23,ARBINGTON,36370,McWilliams Hanwood Est Chard,750mL,11,6.99,2024-01-01
7_STANMORE_8680,7,STANMORE,8680,Crown Royal,1.75L,57,38.99,2024-01-01
21_BALERNO_4044,21,BALERNO,4044,Calico Jack Mango Rum,1.75L,6,12.99,2024-01-01
30_CULCHETH_3798,30,CULCHETH,3798,Ciroc Apple Vodka,750mL,6,24.99,2024-01-01
21_BALERNO_7982,21,BALERNO,7982,M & R Sweet Vermouth,750mL,26,7.49,2024-01-01
14_BROMWICH_24151,14,BROMWICH,24151,Mas Janeil Cotes Roussillon,750mL,52,10.99,2024-01-01
26_KNIFE'S EDGE_2114,26,KNIFE'S EDGE,2114,Black Velvet Canadian Whisky,1.75L,94,12.99,2024-01-01
36_LEWES_6647,36,LEWES,6647,Estancia Chard,750mL,13,8.99,2024-01-01
15_WANBORNE_18098,15,WANBORNE,18098,Shafer Hillside Cab Svgn,750mL,2,244.99,2024-01-01
1_HARDERSFIELD_9037,1,HARDERSFIELD,9037,Prairie Organic Cucumber Vod,750mL,10,15.99,2024-01-01
23_ARBINGTON_35581,23,ARBINGTON,35581,Frogs Leap Merlot Napa,750mL,5,36.99,2024-01-01
21_BALERNO_9360,21,BALERNO,9360,KAH Blanco Tequila,750mL,2,44.99,2024-01-01
38_GOULCREST_22599,38,GOULCREST,22599,Antica Fratta Franciacorta B,750mL,35,29.99,2024-01-01
15_WANBORNE_35393,15,WANBORNE,35393,Tohu Svgn Bl Marlboro,750mL,16,13.99,2024-01-01
7_STANMORE_2531,7,STANMORE,2531,WhistlePig 10 Yr Old Rye,750mL,5,65.99,2024-01-01
15_WANBORNE_3518,15,WANBORNE,3518,Cabot Trail Maple Whisky,750mL,13,20.99,2024-01-01
13_TARMSWORTH_2979,13,TARMSWORTH,2979,Bowmore 12-Yr Scotch,750mL,5,44.99,2024-01-01
22_SHARNWICK_5735,22,SHARNWICK,5735,Malibu Rum,750mL,59,12.99,2024-01-01
7_STANMORE_6960,7,STANMORE,6960,Cooks Brut,750mL,79,6.99,2024-01-01
35_HALIVAARA_8236,35,HALIVAARA,8236,Jim Beam,50mL,34,1.49,2024-01-01
15_WANBORNE_45752,15,WANBORNE,45752,Root 1 Svgn Bl,750mL,6,10.99,2024-01-01
1_HARDERSFIELD_16610,1,HARDERSFIELD,16610,Leese-Fitch Cab Svgn,750mL,2,10.99,2024-01-01
11_CARDEND_41254,11,CARDEND,41254,Ch St Jean Merlot Cal,750mL,41,11.99,2024-01-01
21_BALERNO_5346,21,BALERNO,5346,Green Chartreuse Liqueur,750mL,4,49.99,2024-01-01
34_PITMERDEN_38263,34,PITMERDEN,38263,Orleans Hill Syrah Lodi,750mL,13,8.99,2024-01-01
4_EANVERNESS_17504,4,EANVERNESS,17504,Butternut Chard,750mL,2,14.99,2024-01-01
9_BLACKPOOL_757,9,BLACKPOOL,757,Jim Beam Rye,750mL,10,17.99,2024-01-01
35_HALIVAARA_41159,35,HALIVAARA,41159,Phillips Earthquake Ld Znfdl,750mL,4,23.99,2024-01-01
1_HARDERSFIELD_7278,1,HARDERSFIELD,7278,Mapple Jack Liquer,750mL,5,35.99,2024-01-01
20_BREDWARDINE_32108,20,BREDWARDINE,32108,Erath Pnt Nr Oregon,750mL,14,14.99,2024-01-01
13_TARMSWORTH_3498,13,TARMSWORTH,3498,Baileys Vanilla Cinnamon,750mL,0,18.99,2024-01-01
15_WANBORNE_16484,15,WANBORNE,16484,Layer Cake Centrl Cst Pnt Nr,750mL,31,15.99,2024-01-01
17_OLDHAM_4066,17,OLDHAM,4066,Bacardi Oakheart Spiced Rum,1.75L,32,17.99,2024-01-01
4_EANVERNESS_8847,4,EANVERNESS,8847,J Roget Extra Dry,750mL,27,5.99,2024-01-01
35_HALIVAARA_5626,35,HALIVAARA,5626,Baja Luna Black Raspberry,750mL,33,9.99,2024-01-01
7_STANMORE_5566,7,STANMORE,5566,Grind Espresso Shot,750mL,12,14.99,2024-01-01
10_HORNSEY_7278,10,HORNSEY,7278,Mapple Jack Liquer,750mL,2,35.99,2024-01-01
28_LARNWICK_3405,28,LARNWICK,3405,Tito's Handmade Vodka,1.75L,76,29.99,2024-01-01
37_PAETHSMOUTH_1892,37,PAETHSMOUTH,1892,Yukon Jack,50mL,15,0.99,2024-01-01
38_GOULCREST_20921,38,GOULCREST,20921,Penfolds Bin 9 Cab Svgn,750mL,14,19.99,2024-01-01
30_CULCHETH_8346,30,CULCHETH,8346,Marques de Riscal Rioja Red,750mL,11,14.99,2024-01-01
34_PITMERDEN_23800,34,PITMERDEN,23800,Boya Svgn Bl,750mL,96,15.99,2024-01-01
13_TARMSWORTH_35916,13,TARMSWORTH,35916,Stone Cellars Merlot,1.5L,10,8.99,2024-01-01
2_ASHBORNE_8120,2,ASHBORNE,8120,Tribuno Sweet Vermouth,1.5L,19,8.99,2024-01-01
33_HORNSEY_19045,33,HORNSEY,19045,San Polo Mezzopane 06 Toscan,750mL,20,28.99,2024-01-01
38_GOULCREST_10472,38,GOULCREST,10472,Clos du Bois Pnt Nr Cal,750mL,31,8.99,2024-01-01
22_SHARNWICK_13994,22,SHARNWICK,13994,Banfi Chianti Superiore,750mL,5,11.99,2024-01-01
38_GOULCREST_18134,38,GOULCREST,18134,Joel Gott Alakai Red,750mL,8,13.99,2024-01-01
4_EANVERNESS_1868,4,EANVERNESS,1868,Lagavulin Single Malt 16-Yr,750mL,4,69.99,2024-01-01
32_MOUNTMEND_5335,32,MOUNTMEND,5335,Ginza No Suzume Shochuu,750mL,8,29.99,2024-01-01
5_SUTTON_4197,5,SUTTON,4197,Sailor Jerry Spiced Rum Trav,750mL,10,18.99,2024-01-01
36_LEWES_2696,36,LEWES,2696,McClelland Highland Sgl Malt,1.75L,8,33.99,2024-01-01
9_BLACKPOOL_21469,9,BLACKPOOL,21469,St Supery Cab Svgn,750mL,9,29.99,2024-01-01
18_FURNESS_8231,18,FURNESS,8231,Folonari Valpolicella,1.5L,6,12.99,2024-01-01
7_STANMORE_6225,7,STANMORE,6225,St Germain Liqueur,50mL,0,3.99,2024-01-01
30_CULCHETH_1180,30,CULCHETH,1180,Evan Williams Black Label B,1.75L,3,20.99,2024-01-01
32_MOUNTMEND_37401,32,MOUNTMEND,37401,Excelsior S Afr Cab Svgn,750mL,14,7.99,2024-01-01
1_HARDERSFIELD_4410,1,HARDERSFIELD,4410,Cruzan Mango Flavored Rum,750mL,2,9.99,2024-01-01
9_BLACKPOOL_4678,9,BLACKPOOL,4678,Courvoisier VS Cognac,750mL,9,22.99,2024-01-01
8_ALNERWICK_2532,8,ALNERWICK,2532,The Macallan 12 Yr Old,1.75L,6,134.99,2024-01-01
41_LARNWICK_2156,41,LARNWICK,2156,(RI) 1,750mL,7,34.99,2024-01-01
2_ASHBORNE_9145,2,ASHBORNE,9145,Smirnoff Kissed Caramel,50mL,0,0.99,2024-01-01
5_SUTTON_5315,5,SUTTON,5315,B & B Liqueur Dom,750mL,9,24.99,2024-01-01
17_OLDHAM_46023,17,OLDHAM,46023,Spellbound Petite Sirah Cal,750mL,8,11.99,2024-01-01
27_MOUNTMEND_34175,27,MOUNTMEND,34175,Lindemans Bin 50 Shiraz,1.5L,22,9.99,2024-01-01
7_STANMORE_4196,7,STANMORE,4196,Bacardi Dragon Berry Rum,750mL,21,9.99,2024-01-01
8_ALNERWICK_8040,8,ALNERWICK,8040,Bols Blue Curacao,750mL,6,9.99,2024-01-01
33_HORNSEY_26143,33,HORNSEY,26143,R Mondavi Pvt Sel Svgn Bl,750mL,37,7.99,2024-01-01
25_CAERSHIRE_19175,25,CAERSHIRE,19175,Melini Chianti DOCG Riserva,750mL,37,11.99,2024-01-01
15_WANBORNE_21033,15,WANBORNE,21033,Taylor Fladgate 20-Yr Tawny,750mL,17,38.99,2024-01-01
27_MOUNTMEND_4959,27,MOUNTMEND,4959,Bacardi Tangerine,50mL,3,0.99,2024-01-01
30_CULCHETH_3397,30,CULCHETH,3397,Ciroc Red Berry Vodka,750mL,7,24.99,2024-01-01
17_OLDHAM_3497,17,OLDHAM,3497,Johnnie Walker Platinum,750mL,3,94.99,2024-01-01
23_ARBINGTON_11199,23,ARBINGTON,11199,Carpene Malvolti Prosecco,750mL,13,14.99,2024-01-01
34_PITMERDEN_2121,34,PITMERDEN,2121,Canadian Club Traveler,750mL,18,10.99,2024-01-01
21_BALERNO_10239,21,BALERNO,10239,Cannonball Cab Svgn Cal,750mL,28,13.99,2024-01-01
23_ARBINGTON_10470,23,ARBINGTON,10470,Easton Amador Cnty Znfdl,750mL,33,18.99,2024-01-01
25_CAERSHIRE_4326,25,CAERSHIRE,4326,Rumson's Coffee Rum,750mL,5,29.99,2024-01-01
22_SHARNWICK_5168,22,SHARNWICK,5168,Kahlua French Vanilla,750mL,20,18.99,2024-01-01
7_STANMORE_2105,7,STANMORE,2105,Black Velvet Toasted Caramel,750mL,13,9.99,2024-01-01
23_ARBINGTON_5124,23,ARBINGTON,5124,Cointreau Liqueur,1.75L,10,66.99,2024-01-01
15_WANBORNE_32545,15,WANBORNE,32545,Artesa Carneros Chard,750mL,63,15.99,2024-01-01
16_LUNDY_4145,16,LUNDY,4145,Don Q Cristal Rum,1.75L,7,16.99,2024-01-01
25_CAERSHIRE_27512,25,CAERSHIRE,27512,Warre's Late Bottled Vintage,750mL,12,20.99,2024-01-01
1_HARDERSFIELD_22194,1,HARDERSFIELD,22194,Placido Pinot Grigio Venezi,1.5L,18,12.99,2024-01-01
9_BLACKPOOL_8837,9,BLACKPOOL,8837,Santa Rita 120 Cab Svgn,750mL,14,5.99,2024-01-01
37_PAETHSMOUTH_6523,37,PAETHSMOUTH,6523,Franzia Burgundy Tap Red,5L,5,16.99,2024-01-01
21_BALERNO_4480,21,BALERNO,4480,Appleton Special Gold Rum,750mL,11,12.99,2024-01-01
22_SHARNWICK_23126,22,SHARNWICK,23126,Giorgio Carnevale Barbr Asti,750mL,10,11.99,2024-01-01
23_ARBINGTON_10453,23,ARBINGTON,10453,Line 39 Svgn Bl Lake County,750mL,17,9.99,2024-01-01
23_ARBINGTON_8118,23,ARBINGTON,8118,Mr Boston Blackberry Brandy,750mL,15,5.99,2024-01-01
10_HORNSEY_27146,10,HORNSEY,27146,Codice Sierra Cantabria Red,750mL,7,9.99,2024-01-01
14_BROMWICH_5277,14,BROMWICH,5277,Arrow Sloe Gin,750mL,7,7.99,2024-01-01
26_KNIFE'S EDGE_14930,26,KNIFE'S EDGE,14930,Yellow Tail Moscato,1.5L,13,8.95,2024-01-01
23_ARBINGTON_14930,23,ARBINGTON,14930,Yellow Tail Moscato,1.5L,22,8.95,2024-01-01
2_ASHBORNE_4264,2,ASHBORNE,4264,Capt Morgan Spiced Rum Trav,750mL,17,14.99,2024-01-01
23_ARBINGTON_1375,23,ARBINGTON,1375,Jim Beam,750mL,25,16.49,2024-01-01
7_STANMORE_10766,7,STANMORE,10766,Moillard Ch d'Eau VDP Rose,750mL,1,15.99,2024-01-01
6_GOULCREST_5828,6,GOULCREST,5828,Ryans Irish Cream,750mL,8,8.99,2024-01-01
15_WANBORNE_19748,15,WANBORNE,19748,Clos du Bois Chard,1.5L,115,15.99,2024-01-01
6_GOULCREST_21985,6,GOULCREST,21985,Menage a Trois Midnight,750mL,21,9.95,2024-01-01
4_EANVERNESS_31497,4,EANVERNESS,31497,Barefoot Svgn Bl Cal,1.5L,4,10.99,2024-01-01
30_CULCHETH_13489,30,CULCHETH,13489,Don Miguel Gascon Malbec Rsv,750mL,5,18.99,2024-01-01
31_HORNSEY_3808,31,HORNSEY,3808,Three Olives Vodka,750mL,15,14.99,2024-01-01
6_GOULCREST_8077,6,GOULCREST,8077,Sheffield Very Dry Sherry,1.5L,8,9.99,2024-01-01
5_SUTTON_18027,5,SUTTON,18027,Banfi Rosa Regale,750mL,0,13.99,2024-01-01
10_HORNSEY_2979,10,HORNSEY,2979,Bowmore 12-Yr Scotch,750mL,4,44.99,2024-01-01
16_LUNDY_6567,16,LUNDY,6567,Clos du Bois Merlot N Cst,750mL,11,8.99,2024-01-01
19_WINTERVALE_5480,19,WINTERVALE,5480,E & J Superior RSV VSOP,750mL,3,10.99,2024-01-01
8_ALNERWICK_2131,8,ALNERWICK,2131,Jack Daniels No 7 Black Trav,375mL,96,12.99,2024-01-01
9_BLACKPOOL_1226,9,BLACKPOOL,1226,Lexington Bourbon,750mL,6,25.99,2024-01-01
26_KNIFE'S EDGE_4089,26,KNIFE'S EDGE,4089,Capt Morgan White,1.75L,55,20.99,2024-01-01
8_ALNERWICK_4040,8,ALNERWICK,4040,Clement Select Barrel Rhum,750mL,5,25.99,2024-01-01
6_GOULCREST_36199,6,GOULCREST,36199,Four Vines Naked Chard,750mL,7,11.99,2024-01-01
5_SUTTON_33038,5,SUTTON,33038,Beringer Fndrs Est Chard,1.5L,6,18.99,2024-01-01
12_LEESIDE_6523,12,LEESIDE,6523,Franzia Burgundy Tap Red,5L,8,16.99,2024-01-01
29_AYLESBURY_1416,29,AYLESBURY,1416,Old Grand Dad,1.75L,1,27.99,2024-01-01
10_HORNSEY_45921,10,HORNSEY,45921,Estancia Svgn Bl Pinnacles,750mL,24,9.99,2024-01-01
7_STANMORE_6270,7,STANMORE,6270,Shady Fruit Valencia Orange,50mL,31,0.99,2024-01-01
40_BULLMAR_2214,40,BULLMAR,2214,James E Pepper Bourbon,750mL,5,36.99,2024-01-01
40_BULLMAR_4157,40,BULLMAR,4157,Smirnoff Green Apple Vodka,50mL,66,0.99,2024-01-01
12_LEESIDE_4624,12,LEESIDE,4624,Meukow 90,750mL,3,19.99,2024-01-01
9_BLACKPOOL_3562,9,BLACKPOOL,3562,Pearl Vodka,50mL,168,0.99,2024-01-01
1_HARDERSFIELD_10062,1,HARDERSFIELD,10062,Terroirs du Rhone,750mL,23,8.99,2024-01-01
12_LEESIDE_5713,12,LEESIDE,5713,DeKuyper Sour Apple Pucker,1.75L,6,16.99,2024-01-01
24_PALPERROTH_8628,24,PALPERROTH,8628,Jadot Macon Villages Blanc,750mL,27,8.99,2024-01-01
26_KNIFE'S EDGE_8107,26,KNIFE'S EDGE,8107,Wild Turkey 101,1.75L,49,34.99,2024-01-01
34_PITMERDEN_41252,34,PITMERDEN,41252,Beringer Classic Pnt Grigio,1.5L,76,7.99,2024-01-01
25_CAERSHIRE_2082,25,CAERSHIRE,2082,Balvenie 15 Yr Sherry Cask,750mL,2,109.99,2024-01-01
38_GOULCREST_2392,38,GOULCREST,2392,Crown Royal 75th Anniversary,750mL,1,69.99,2024-01-01
14_BROMWICH_2992,14,BROMWICH,2992,Hudson Baby Bourbon Whiskey,750mL,3,49.99,2024-01-01
23_ARBINGTON_2123,23,ARBINGTON,2123,Angels Envy Rye,750mL,8,79.99,2024-01-01
32_MOUNTMEND_5847,32,MOUNTMEND,5847,Godiva Chocolate Liqueur,750mL,17,21.99,2024-01-01
40_BULLMAR_2445,40,BULLMAR,2445,Seagrams VO,750mL,7,11.99,2024-01-01
38_GOULCREST_6581,38,GOULCREST,6581,Ch Ste Michelle Merlot Colum,750mL,130,12.99,2024-01-01
23_ARBINGTON_8965,23,ARBINGTON,8965,St George Absinthe Verte,750mL,8,54.99,2024-01-01
11_CARDEND_3913,11,CARDEND,3913,Svedka Vodka,1.75L,167,17.99,2024-01-01
21_BALERNO_9145,21,BALERNO,9145,Smirnoff Kissed Caramel,50mL,28,0.99,2024-01-01
33_HORNSEY_1464,33,HORNSEY,1464,Tin Cup Whiskey,750mL,3,24.99,2024-01-01
15_WANBORNE_25994,15,WANBORNE,25994,Rodney Strong Merlot Sonoma,750mL,8,16.99,2024-01-01
38_GOULCREST_20772,38,GOULCREST,20772,Dutton Goldfield Chard Dutto,750mL,12,38.99,2024-01-01
21_BALERNO_3915,21,BALERNO,3915,Sauza Silver Tequila,750mL,12,12.99,2024-01-01
34_PITMERDEN_34393,34,PITMERDEN,34393,Valckenberg Gewurz Pfalz,750mL,16,11.99,2024-01-01
22_SHARNWICK_3743,22,SHARNWICK,3743,Smirnoff Sorbet Pine/Coconut,750mL,10,12.99,2024-01-01
4_EANVERNESS_5135,4,EANVERNESS,5135,Ancho Reyes Chile Liqueur,750mL,2,23.99,2024-01-01
24_PALPERROTH_3858,24,PALPERROTH,3858,Grey Goose Vodka,750mL,124,23.99,2024-01-01
30_CULCHETH_13154,30,CULCHETH,13154,Clayhouse Malbec Paso Robles,750mL,10,11.99,2024-01-01
21_BALERNO_3310,21,BALERNO,3310,Pinnacle Vodka,375mL,34,5.99,2024-01-01
14_BROMWICH_2826,14,BROMWICH,2826,Bowmore Small Batch Sngl Mlt,750mL,6,39.99,2024-01-01
21_BALERNO_14818,21,BALERNO,14818,Simi Pnt Nr Sonoma Cnty,750mL,58,19.99,2024-01-01
12_LEESIDE_3320,12,LEESIDE,3320,Rosita Tequila Wh,Liter,21,9.29,2024-01-01
32_MOUNTMEND_44511,32,MOUNTMEND,44511,MacMurray Ranch C Cst Pnt Nr,750mL,52,13.95,2024-01-01
41_LARNWICK_812,41,LARNWICK,812,Jagermeister Liqueur,Liter,20,22.99,2024-01-01
25_CAERSHIRE_12465,25,CAERSHIRE,12465,Cline Cashmere Red Cal,750mL,10,8.99,2024-01-01
15_WANBORNE_2737,15,WANBORNE,2737,Teeling Irish Whiskey,750mL,6,34.99,2024-01-01
33_HORNSEY_10470,33,HORNSEY,10470,Easton Amador Cnty Znfdl,750mL,10,18.99,2024-01-01
39_EASTHALLOW_3571,39,EASTHALLOW,3571,Absolut Vanilia,50mL,2,1.99,2024-01-01
41_LARNWICK_4225,41,LARNWICK,4225,Goslings Black Seal Rum 80,1.75L,34,24.99,2024-01-01
20_BREDWARDINE_43223,20,BREDWARDINE,43223,Ch Beauchene Cotes du Rhone,750mL,26,8.95,2024-01-01
35_HALIVAARA_3878,35,HALIVAARA,3878,Smirnoff 80 Proof,750mL,31,12.99,2024-01-01
33_HORNSEY_2024,33,HORNSEY,2024,Black Velvet Toasted Caramel,375mL,52,5.99,2024-01-01
38_GOULCREST_5983,38,GOULCREST,5983,Flag Hill Spiced Rum,750mL,8,26.99,2024-01-01
23_ARBINGTON_758,23,ARBINGTON,758,Cointreau Liqueur,Liter,9,39.99,2024-01-01
38_GOULCREST_28580,38,GOULCREST,28580,Silverado Chard,750mL,10,23.99,2024-01-01
21_BALERNO_2615,21,BALERNO,2615,Chivas Regal,50mL,25,3.49,2024-01-01
16_LUNDY_4798,16,LUNDY,4798,Sambuca Romana Liqueur,50mL,53,1.99,2024-01-01
2_ASHBORNE_18106,2,ASHBORNE,18106,Barefoot Cellars Pink Moscat,1.5L,11,10.99,2024-01-01
39_EASTHALLOW_1515,39,EASTHALLOW,1515,Old Overholt,750mL,8,13.99,2024-01-01
2_ASHBORNE_36874,2,ASHBORNE,36874,Yellow Tail Merlot Ausl,750mL,18,7.99,2024-01-01
22_SHARNWICK_4247,22,SHARNWICK,4247,Bacardi Limon Rum,750mL,12,9.99,2024-01-01
33_HORNSEY_14300,33,HORNSEY,14300,Masi Passo Doble,750mL,11,11.99,2024-01-01
6_GOULCREST_3815,6,GOULCREST,3815,Solid Granite Vodka,750mL,5,27.99,2024-01-01
40_BULLMAR_7221,40,BULLMAR,7221,M & R Sweet Vermouth,1.5L,2,10.49,2024-01-01
39_EASTHALLOW_5875,39,EASTHALLOW,5875,Malibu Light Bl Hawaiian RTD,1.75L,6,17.99,2024-01-01
1_HARDERSFIELD_4105,1,HARDERSFIELD,4105,Patron XO Cafe Variety 3 Pak,50mL 3 Pk,30,6.99,2024-01-01
25_CAERSHIRE_5767,25,CAERSHIRE,5767,Jose Cuervo Strawberry Marg,1.75L,5,15.99,2024-01-01
15_WANBORNE_8000,15,WANBORNE,8000,The Glenlivet 12 Yr Single,1.75L,19,67.99,2024-01-01
2_ASHBORNE_32907,2,ASHBORNE,32907,Sterling Vintners Cltn Chard,750mL,94,8.99,2024-01-01
8_ALNERWICK_13661,8,ALNERWICK,13661,Duckhorn Decoy Pnt Nr Sonoma,750mL,38,16.95,2024-01-01
6_GOULCREST_7991,6,GOULCREST,7991,Stock Italian X Dry Vermouth,1.5L,14,9.99,2024-01-01
25_CAERSHIRE_2952,25,CAERSHIRE,2952,Old Bushmills,750mL,5,20.99,2024-01-01
10_HORNSEY_5694,10,HORNSEY,5694,Ice Box Mudslide,1.75L,22,9.99,2024-01-01
6_GOULCREST_1049,6,GOULCREST,1049,Old New England Pumpkin Nog,750mL,9,6.99,2024-01-01
30_CULCHETH_6881,30,CULCHETH,6881,Midnight Moon Cranberry,750mL,5,19.99,2024-01-01
10_HORNSEY_3969,10,HORNSEY,3969,Jose Cuervo Tradicional,750mL,10,19.99,2024-01-01
28_LARNWICK_4196,28,LARNWICK,4196,Bacardi Dragon Berry Rum,750mL,11,9.99,2024-01-01
23_ARBINGTON_15146,23,ARBINGTON,15146,Achaval Ferrer Malbec,750mL,7,18.99,2024-01-01
39_EASTHALLOW_6867,39,EASTHALLOW,6867,Rodney Strong Pnt Nr,750mL,69,19.99,2024-01-01
33_HORNSEY_2862,33,HORNSEY,2862,Pinch 15-Yr by Haig & Haig,750mL,2,35.99,2024-01-01
19_WINTERVALE_971,19,WINTERVALE,971,Sauza Extra Gold Tequila,Liter,3,15.99,2024-01-01
30_CULCHETH_34430,30,CULCHETH,34430,Frei Bros RSV Pnt Nr RRV,750mL,1,21.99,2024-01-01
14_BROMWICH_41033,14,BROMWICH,41033,Menage a Trois White,750mL,6,8.99,2024-01-01
38_GOULCREST_25796,38,GOULCREST,25796,Grgich Hills Znfdl,750mL,12,34.99,2024-01-01
6_GOULCREST_1345,6,GOULCREST,1345,Basil Hayden Bourbon,750mL,1,37.99,2024-01-01
21_BALERNO_20425,21,BALERNO,20425,Fattoria Pagliaatura Verm 11,750mL,9,11.99,2024-01-01
31_HORNSEY_6748,31,HORNSEY,6748,Turning Leaf RSV Chard Cal,750mL,13,5.99,2024-01-01
5_SUTTON_8905,5,SUTTON,8905,Livingston Cellars Red Rose,3L,8,11.99,2024-01-01
24_PALPERROTH_5708,24,PALPERROTH,5708,Dr McGillicuddy's Root Beer,50mL,0,0.99,2024-01-01
33_HORNSEY_8515,33,HORNSEY,8515,Baileys Chocolate Cherry,750mL,30,18.99,2024-01-01
34_PITMERDEN_1237,34,PITMERDEN,1237,Jack Daniels Single Barrel,750mL,99,44.99,2024-01-01
21_BALERNO_46458,21,BALERNO,46458,Layer Cake Barosa Shiraz,750mL,66,11.95,2024-01-01
10_HORNSEY_6547,10,HORNSEY,6547,Walnut Crest Cab Svgn Rapel,1.5L,12,9.99,2024-01-01
8_ALNERWICK_3385,8,ALNERWICK,3385,Pinnacle Strawbry Kiwi Vodka,1.75L,5,16.99,2024-01-01
9_BLACKPOOL_5628,9,BLACKPOOL,5628,Baja Rosa Strawberry Liqueur,750mL,19,9.99,2024-01-01
10_HORNSEY_7996,10,HORNSEY,7996,Stock Italian Sweet Vermouth,750mL,17,6.49,2024-01-01
24_PALPERROTH_7224,24,PALPERROTH,7224,Jagermeister Spice,750mL,10,15.99,2024-01-01
35_HALIVAARA_15229,35,HALIVAARA,15229,The Prisoner Red Napa Valley,750mL,6,39.95,2024-01-01
15_WANBORNE_970,15,WANBORNE,970,Prairie Organic Kosher Vodka,750mL,6,15.99,2024-01-01
1_HARDERSFIELD_18880,1,HARDERSFIELD,18880,Piccini Memoro,750mL,5,13.99,2024-01-01
23_ARBINGTON_13958,23,ARBINGTON,13958,Charles & Charles Red,750mL,13,11.99,2024-01-01
36_LEWES_4705,36,LEWES,4705,Blue Chair Bay Banana Rum,50mL,102,0.99,2024-01-01
31_HORNSEY_37527,31,HORNSEY,37527,Redwood Creek Pnt Grigio,1.5L,8,10.99,2024-01-01
37_PAETHSMOUTH_16843,37,PAETHSMOUTH,16843,Barefoot Cellars Red Moscato,750mL,8,4.99,2024-01-01
21_BALERNO_1964,21,BALERNO,1964,Jim Beam Single Barrel,750mL,3,29.99,2024-01-01
25_CAERSHIRE_2770,25,CAERSHIRE,2770,Hudson Single Malt Whiskey,375mL,6,39.99,2024-01-01
25_CAERSHIRE_6735,25,CAERSHIRE,6735,Gallo Twin Valley Chard Cal,1.5L,9,9.99,2024-01-01
6_GOULCREST_43129,6,GOULCREST,43129,Jelu Malbec San Juan,750mL,17,12.99,2024-01-01
33_HORNSEY_1347,33,HORNSEY,1347,Bakers Bourbon,750mL,3,39.99,2024-01-01
23_ARBINGTON_190,23,ARBINGTON,190,Christian Bros Ruby Port,750mL,12,4.29,2024-01-01
23_ARBINGTON_34947,23,ARBINGTON,34947,M Chiarlo Moscato D'Asti Ni,375mL,9,11.49,2024-01-01
22_SHARNWICK_34134,22,SHARNWICK,34134,Turning Leaf RSV Chard Cal,1.5L,36,9.99,2024-01-01
1_HARDERSFIELD_4075,1,HARDERSFIELD,4075,Bacardi Pineapple Fusion,1.75L,7,19.99,2024-01-01
15_WANBORNE_4679,15,WANBORNE,4679,Courvoisier VS Cognac,375mL,13,11.99,2024-01-01
25_CAERSHIRE_2398,25,CAERSHIRE,2398,Tullamore Dew,750mL,7,22.99,2024-01-01
19_WINTERVALE_27461,19,WINTERVALE,27461,Ecco Domani Pnt Grigio Venez,750mL,16,8.99,2024-01-01
4_EANVERNESS_23595,4,EANVERNESS,23595,Almaden Burgundy B/B,5L,8,14.99,2024-01-01
40_BULLMAR_3760,40,BULLMAR,3760,Absolut Pears,750mL,2,17.99,2024-01-01
20_BREDWARDINE_3706,20,BREDWARDINE,3706,Pinnacle Citrus Vodka,1.75L,63,16.99,2024-01-01
10_HORNSEY_11214,10,HORNSEY,11214,Caymus Cab Svgn Napa Vly,750mL,37,74.99,2024-01-01
19_WINTERVALE_8085,19,WINTERVALE,8085,Wild Turkey,1.75L,8,31.99,2024-01-01
15_WANBORNE_8187,15,WANBORNE,8187,Wild Turkey,750mL,40,16.99,2024-01-01
32_MOUNTMEND_22192,32,MOUNTMEND,22192,Placido Chianti,1.5L,8,12.99,2024-01-01
6_GOULCREST_33149,6,GOULCREST,33149,Alamos Ridge Malbec Mendoza,750mL,34,8.99,2024-01-01
32_MOUNTMEND_3607,32,MOUNTMEND,3607,Smirnoff Citrus Vodka,50mL,131,0.99,2024-01-01
31_HORNSEY_4330,31,HORNSEY,4330,Capt Morgan Spiced Rum 100,1.75L,19,25.99,2024-01-01
1_HARDERSFIELD_29169,1,HARDERSFIELD,29169,Franzia Tap Merlot,5L,10,17.99,2024-01-01
18_FURNESS_1001,18,FURNESS,1001,Baileys 50mL 4 Pack,50mL 4 Pk,28,5.99,2024-01-01
14_BROMWICH_6552,14,BROMWICH,6552,Harveys Bristol Cream Sherry,1.5L,4,22.99,2024-01-01
40_BULLMAR_5312,40,BULLMAR,5312,Amaretto DiSaronno,750mL,8,19.99,2024-01-01
4_EANVERNESS_1964,4,EANVERNESS,1964,Jim Beam Single Barrel,750mL,8,29.99,2024-01-01
10_HORNSEY_3962,10,HORNSEY,3962,Vikingfjord Vodka,1.75L,15,21.99,2024-01-01
25_CAERSHIRE_28069,25,CAERSHIRE,28069,Sutter Home Merlot Cal,1.5L,34,9.99,2024-01-01
33_HORNSEY_12772,33,HORNSEY,12772,Joel Gott Chard,750mL,11,13.99,2024-01-01
4_EANVERNESS_24152,4,EANVERNESS,24152,Grape Time Super Tuscan,750mL,14,13.49,2024-01-01
21_BALERNO_32805,21,BALERNO,32805,Truchard Carneros Pnt Nr,750mL,8,26.99,2024-01-01
14_BROMWICH_3571,14,BROMWICH,3571,Absolut Vanilia,50mL,93,1.99,2024-01-01
23_ARBINGTON_2671,23,ARBINGTON,2671,Christian Drouin Calvados,375mL,1,22.99,2024-01-01
39_EASTHALLOW_35319,39,EASTHALLOW,35319,Jewell Towne Rsl NH,750mL,13,14.49,2024-01-01
3_HORNSEY_8113,3,HORNSEY,8113,R Mondavi Chard Napa,750mL,16,17.99,2024-01-01
30_CULCHETH_16796,30,CULCHETH,16796,Delamotte Brut,750mL,5,34.99,2024-01-01
11_CARDEND_10472,11,CARDEND,10472,Clos du Bois Pnt Nr Cal,750mL,31,8.99,2024-01-01
15_WANBORNE_14638,15,WANBORNE,14638,Bongiovanni Dolceo D'Alba,750mL,5,16.99,2024-01-01
17_OLDHAM_4299,17,OLDHAM,4299,Capt Morgan White Grapefruit,750mL,2,12.99,2024-01-01
38_GOULCREST_19360,38,GOULCREST,19360,Finca La Linda Cab Svgn,750mL,11,10.99,2024-01-01
23_ARBINGTON_13498,23,ARBINGTON,13498,Riva Rey Tempranillo,750mL,10,7.99,2024-01-01
35_HALIVAARA_4346,35,HALIVAARA,4346,Mr Boston Dark Rum,1.75L,10,10.99,2024-01-01
11_CARDEND_32054,11,CARDEND,32054,Greg Norman Lmstn Cab/Merlot,750mL,9,11.99,2024-01-01
16_LUNDY_3512,16,LUNDY,3512,Pinnacle Vodka,1.75L,39,15.99,2024-01-01
15_WANBORNE_15824,15,WANBORNE,15824,Nozzole Chianti Clsc RSV,750mL,8,16.99,2024-01-01
41_LARNWICK_2841,41,LARNWICK,2841,High West Double Rye Whiskey,750mL,4,34.99,2024-01-01
30_CULCHETH_13397,30,CULCHETH,13397,Dom Seguinot-Bordet Chablis,750mL,4,19.99,2024-01-01
31_HORNSEY_8622,31,HORNSEY,8622,Dom Perignon,750mL,3,134.99,2024-01-01
34_PITMERDEN_659,34,PITMERDEN,659,Rhum Barbancourt Estate RSV,750mL,10,33.99,2024-01-01
23_ARBINGTON_3326,23,ARBINGTON,3326,Jenkins Gin,1.75L,29,9.49,2024-01-01
16_LUNDY_2767,16,LUNDY,2767,Johnnie Walker Blue Label,750mL,7,189.99,2024-01-01
26_KNIFE'S EDGE_6649,26,KNIFE'S EDGE,6649,Wente Morning Fog Chard,750mL,35,11.99,2024-01-01
28_LARNWICK_32831,28,LARNWICK,32831,Carpineto Dogajolo Tuscan Rd,750mL,64,11.99,2024-01-01
22_SHARNWICK_3316,22,SHARNWICK,3316,Ciroc Peach Vodka,375mL,42,15.49,2024-01-01
6_GOULCREST_4302,6,GOULCREST,4302,Flora de Cana Black 5 YO Rum,750mL,11,14.99,2024-01-01
2_ASHBORNE_3764,2,ASHBORNE,3764,Patron Reposado Tequila,375mL,1,26.99,2024-01-01
2_ASHBORNE_2366,2,ASHBORNE,2366,Templeton Rye Whiskey,750mL,4,34.99,2024-01-01
10_HORNSEY_6828,10,HORNSEY,6828,Santa Rita RSV Cab Svgn,750mL,20,9.99,2024-01-01
12_LEESIDE_45822,12,LEESIDE,45822,Masciarelli Montepulciano,750mL,26,8.99,2024-01-01
34_PITMERDEN_12637,34,PITMERDEN,12637,Villa Calappiano Pnt Grigio,750mL,18,8.99,2024-01-01
15_WANBORNE_800,15,WANBORNE,800,Jameson Irish Whiskey,Liter,14,32.99,2024-01-01
13_TARMSWORTH_4429,13,TARMSWORTH,4429,Capt Morgan Silver Spicd Rum,1.75L,6,21.99,2024-01-01
11_CARDEND_567,11,CARDEND,567,Ketel One Vodka,Liter,3,28.99,2024-01-01
2_ASHBORNE_689,2,ASHBORNE,689,McManis Pnt Nr Cal,750mL,18,10.99,2024-01-01
25_CAERSHIRE_2851,25,CAERSHIRE,2851,Mother's Apple Pie Liqueur,750mL,7,8.99,2024-01-01
23_ARBINGTON_4152,23,ARBINGTON,4152,Jenkins Rum,750mL,17,4.99,2024-01-01
1_HARDERSFIELD_3062,1,HARDERSFIELD,3062,Russian Standard Platinum,750mL,13,19.99,2024-01-01
25_CAERSHIRE_3335,25,CAERSHIRE,3335,Tanqueray Sterling Vodka,750mL,6,10.99,2024-01-01
5_SUTTON_13661,5,SUTTON,13661,Duckhorn Decoy Pnt Nr Sonoma,750mL,4,16.95,2024-01-01
34_PITMERDEN_4682,34,PITMERDEN,4682,Courvoisier VSOP Cognac,750mL,16,34.99,2024-01-01
13_TARMSWORTH_3253,13,TARMSWORTH,3253,Gilbeys London Dry,1.75L,24,11.99,2024-01-01
30_CULCHETH_3237,30,CULCHETH,3237,Firefly Sweet Tea Vodka,1.75L,2,23.99,2024-01-01
12_LEESIDE_35413,12,LEESIDE,35413,Yellow Tail Shiraz Ausl,750mL,7,7.99,2024-01-01
37_PAETHSMOUTH_14701,37,PAETHSMOUTH,14701,Cupcake Red Velvet,750mL,9,7.49,2024-01-01
23_ARBINGTON_24921,23,ARBINGTON,24921,Appolo Vyds Seyval,750mL,11,15.49,2024-01-01
34_PITMERDEN_5253,34,PITMERDEN,5253,Kahlua Original Mudslide RTD,1.75L,6,15.99,2024-01-01
28_LARNWICK_5042,28,LARNWICK,5042,Tequila Rose Liqueur,750mL,15,13.99,2024-01-01
11_CARDEND_3768,11,CARDEND,3768,Jenkins Vodka,750mL,4,4.99,2024-01-01
27_MOUNTMEND_3859,27,MOUNTMEND,3859,Smirnoff 80 Proof,375mL,39,8.99,2024-01-01
2_ASHBORNE_4262,2,ASHBORNE,4262,Capt Morgan Spiced Rum,750mL,42,16.99,2024-01-01
6_GOULCREST_5983,6,GOULCREST,5983,Flag Hill Spiced Rum,750mL,10,26.99,2024-01-01
13_TARMSWORTH_34439,13,TARMSWORTH,34439,Toad Hollow Mendocino Chard,750mL,6,15.99,2024-01-01
9_BLACKPOOL_8892,9,BLACKPOOL,8892,R Mondavi Cab Svgn Napa,750mL,10,26.99,2024-01-01
4_EANVERNESS_20010,4,EANVERNESS,20010,Tin Roof Merlot,750mL,7,11.99,2024-01-01
36_LEWES_3038,36,LEWES,3038,Zhenka Raspberry Vodka,1.75L,10,8.99,2024-01-01
12_LEESIDE_35962,12,LEESIDE,35962,Stags Leap Wine Petite Syrah,750mL,12,39.99,2024-01-01
9_BLACKPOOL_8023,9,BLACKPOOL,8023,DeKuyper Triple Sec,750mL,47,4.49,2024-01-01
31_HORNSEY_7340,31,HORNSEY,7340,Viniq Shimmery Liqueur,750mL,8,18.99,2024-01-01
38_GOULCREST_7909,38,GOULCREST,7909,DeLeon Reposado Tequila,750mL,8,59.99,2024-01-01
23_ARBINGTON_14129,23,ARBINGTON,14129,14 Hands Hot to Trot Red,750mL,9,8.95,2024-01-01
25_CAERSHIRE_28260,25,CAERSHIRE,28260,Nathanson Creek Chard,1.5L,14,7.99,2024-01-01
39_EASTHALLOW_5187,39,EASTHALLOW,5187,Arrow White Creme de Cacao,750mL,5,7.99,2024-01-01
17_OLDHAM_1394,17,OLDHAM,1394,Makers Mark,375mL,2,16.49,2024-01-01
11_CARDEND_2570,11,CARDEND,2570,Johnnie Walker Gold Rsv,750mL,14,79.99,2024-01-01
16_LUNDY_4429,16,LUNDY,4429,Capt Morgan Silver Spicd Rum,1.75L,28,21.99,2024-01-01
38_GOULCREST_20552,38,GOULCREST,20552,Cafaggio Single Est Chianti,750mL,22,14.99,2024-01-01
18_FURNESS_37433,18,FURNESS,37433,C Y Toro Casillero Carmenere,750mL,10,9.99,2024-01-01
32_MOUNTMEND_3625,32,MOUNTMEND,3625,Absolut 80 Proof,750mL,52,17.99,2024-01-01
40_BULLMAR_8023,40,BULLMAR,8023,DeKuyper Triple Sec,750mL,5,4.49,2024-01-01
38_GOULCREST_8689,38,GOULCREST,8689,Paul Masson Rose,3L,14,9.99,2024-01-01
41_LARNWICK_6366,41,LARNWICK,6366,Duboeuf Pouilly Fuisse,750mL,0,19.99,2024-01-01
40_BULLMAR_5105,40,BULLMAR,5105,Dr McGillicuddy's Mentholmnt,1.75L,8,19.99,2024-01-01
39_EASTHALLOW_1394,39,EASTHALLOW,1394,Makers Mark,375mL,0,16.49,2024-01-01
1_HARDERSFIELD_3818,1,HARDERSFIELD,3818,Cabo Wabo Blanco Tequila,750mL,0,29.99,2024-01-01
30_CULCHETH_3425,30,CULCHETH,3425,Olmeca Altos Plata Tequila,750mL,4,20.99,2024-01-01
23_ARBINGTON_6478,23,ARBINGTON,6478,C Y Toro Frontera Merlot,1.5L,76,10.99,2024-01-01
40_BULLMAR_16669,40,BULLMAR,16669,Sweet Baby Vyds Blueberry,750mL,0,12.99,2024-01-01
9_BLACKPOOL_13422,9,BLACKPOOL,13422,Gnarly Head Pnt Nr,750mL,6,9.99,2024-01-01
7_STANMORE_25125,7,STANMORE,25125,Zorvino Vyds Mango Magnifico,750mL,12,12.49,2024-01-01
34_PITMERDEN_14265,34,PITMERDEN,14265,Vieux Clocher Vacqueyras 07,750mL,12,22.99,2024-01-01
18_FURNESS_2499,18,FURNESS,2499,Crown Royal Black,750mL,2,27.99,2024-01-01
38_GOULCREST_22798,38,GOULCREST,22798,Elk Cove La Boheme Pnt Nr,750mL,6,46.99,2024-01-01
17_OLDHAM_2508,17,OLDHAM,2508,Crown Royal No Harvest Rye,50mL,60,1.99,2024-01-01
15_WANBORNE_4580,15,WANBORNE,4580,Casamigos Reposado Tequila,375mL,3,29.99,2024-01-01
11_CARDEND_8171,11,CARDEND,8171,Leroux Blackberry Brandy,50mL,91,0.99,2024-01-01
4_EANVERNESS_3532,4,EANVERNESS,3532,Milagro Reposado Tequila,750mL,8,27.99,2024-01-01
4_EANVERNESS_2655,4,EANVERNESS,2655,James Oliver Rye Whisky,750mL,12,29.99,2024-01-01
2_ASHBORNE_2920,2,ASHBORNE,2920,Old Potrero 18th Century,750mL,5,64.99,2024-01-01
12_LEESIDE_5741,12,LEESIDE,5741,Merry Wh Chocolate Liqueur,750mL,7,14.99,2024-01-01
27_MOUNTMEND_6692,27,MOUNTMEND,6692,Jaboulet Cotes du Rhone Par,750mL,13,11.99,2024-01-01
28_LARNWICK_15356,28,LARNWICK,15356,Seaglass Pnt Nr,750mL,27,9.99,2024-01-01
33_HORNSEY_3239,33,HORNSEY,3239,Seagram's Red Berry Vodka,750mL,6,9.99,2024-01-01
36_LEWES_3827,36,LEWES,3827,Popov Vodka,1.75L,15,12.99,2024-01-01
23_ARBINGTON_18014,23,ARBINGTON,18014,Argyle Brut,750mL,5,19.99,2024-01-01
21_BALERNO_43430,21,BALERNO,43430,Mont Gras RSV Colch Carmener,750mL,26,9.99,2024-01-01
10_HORNSEY_43011,10,HORNSEY,43011,Anastasi Estates Dry Wh Mesn,750mL,0,11.99,2024-01-01
21_BALERNO_4233,21,BALERNO,4233,Castillo Silver Label Rum,1.75L,6,9.99,2024-01-01
33_HORNSEY_2956,33,HORNSEY,2956,Vat 69 Gold,1.75L,4,14.99,2024-01-01
18_FURNESS_8448,18,FURNESS,8448,Cruzan Aged Dark Rum,750mL,7,9.99,2024-01-01
38_GOULCREST_25141,38,GOULCREST,25141,The Federalist 1776 Zinfande,750mL,12,17.99,2024-01-01
34_PITMERDEN_19748,34,PITMERDEN,19748,Clos du Bois Chard,1.5L,182,15.99,2024-01-01
21_BALERNO_43615,21,BALERNO,43615,Talbott Kali Hart Vyd Pnt Nr,750mL,6,18.99,2024-01-01
27_MOUNTMEND_8452,27,MOUNTMEND,8452,Cruzan Aged Light Rum,1.75L,7,16.99,2024-01-01
26_KNIFE'S EDGE_6967,26,KNIFE'S EDGE,6967,Santa Margherita Pnt Grigio,750mL,7,19.99,2024-01-01
22_SHARNWICK_44717,22,SHARNWICK,44717,Dom Chandon Rose Spklg,750mL,1,13.99,2024-01-01
36_LEWES_4245,36,LEWES,4245,Bacardi Superior Rum,750mL,10,9.99,2024-01-01
9_BLACKPOOL_3366,9,BLACKPOOL,3366,Tanqueray Rangpur Gin,1.75L,24,33.99,2024-01-01
17_OLDHAM_3510,17,OLDHAM,3510,Smirnoff Light Lemon Sorbet,750mL,14,12.99,2024-01-01
7_STANMORE_19668,7,STANMORE,19668,Gnarly Head Malbec,750mL,15,9.99,2024-01-01
14_BROMWICH_3158,14,BROMWICH,3158,Pinnacle Tropical Punch,1.75L,28,16.99,2024-01-01
32_MOUNTMEND_35913,32,MOUNTMEND,35913,Stone Cellars Cab Svgn,1.5L,17,8.99,2024-01-01
14_BROMWICH_43223,14,BROMWICH,43223,Ch Beauchene Cotes du Rhone,750mL,25,8.95,2024-01-01
38_GOULCREST_1064,38,GOULCREST,1064,Jack Daniels Honey + Glass,750mL,17,26.99,2024-01-01
38_GOULCREST_8482,38,GOULCREST,8482,Cabot Trail Cana Cream Maple,750mL,18,17.99,2024-01-01
7_STANMORE_513,7,STANMORE,513,Ocean Vodka,750mL,4,28.99,2024-01-01
34_PITMERDEN_41003,34,PITMERDEN,41003,Yaegaki Nigori Sake,720mL,8,21.99,2024-01-01
24_PALPERROTH_5339,24,PALPERROTH,5339,Drambuie,50mL,19,3.29,2024-01-01
10_HORNSEY_3626,10,HORNSEY,3626,Sauza Extra Gold Tequila,750mL,15,12.99,2024-01-01
37_PAETHSMOUTH_8386,37,PAETHSMOUTH,8386,Dry Sack Sherry,750mL,9,13.49,2024-01-01
15_WANBORNE_4228,15,WANBORNE,4228,Bacardi 8,750mL,10,19.99,2024-01-01
41_LARNWICK_3364,41,LARNWICK,3364,Absolut Ruby Red,1.75L,28,24.99,2024-01-01
16_LUNDY_6183,16,LUNDY,6183,Clos du Bois Svgn Bl N Cst,750mL,15,8.99,2024-01-01
18_FURNESS_31458,18,FURNESS,31458,Foxhorn Wh Znfdl Cal,1.5L,7,7.99,2024-01-01
27_MOUNTMEND_40425,27,MOUNTMEND,40425,Mionetto Prosecco Brut,750mL,73,9.95,2024-01-01
29_AYLESBURY_5731,29,AYLESBURY,5731,Malibu Passion Fruit Rum,750mL,13,12.99,2024-01-01
32_MOUNTMEND_8626,32,MOUNTMEND,8626,Ezra Brooks,1.75L,7,15.99,2024-01-01
38_GOULCREST_19881,38,GOULCREST,19881,Pravis Pnt Grigio Vignetti,750mL,36,8.99,2024-01-01
22_SHARNWICK_40054,22,SHARNWICK,40054,Campo Viejo Tempranillo RSV,750mL,8,12.99,2024-01-01
41_LARNWICK_6651,41,LARNWICK,6651,Rocca Delle Macie Chianti C,750mL,11,11.99,2024-01-01
18_FURNESS_2237,18,FURNESS,2237,Edradour 10 Yr Single Malt,750mL,3,56.99,2024-01-01
23_ARBINGTON_21752,23,ARBINGTON,21752,Flag Hill Cayuga White,750mL,4,12.99,2024-01-01
14_BROMWICH_37656,14,BROMWICH,37656,MacMurray Ranch Sonma Pnt Nr,750mL,7,19.99,2024-01-01
9_BLACKPOOL_33682,9,BLACKPOOL,33682,R Mondavi Priv Slctn Cab Svg,1.5L,6,20.99,2024-01-01
38_GOULCREST_25185,38,GOULCREST,25185,Black Pearl Oro,750mL,3,17.99,2024-01-01
27_MOUNTMEND_3610,27,MOUNTMEND,3610,Smirnoff Cranberry Vodka,750mL,11,12.99,2024-01-01
21_BALERNO_3395,21,BALERNO,3395,Jeremiah Weed Sweet Tea Vdka,750mL,8,14.99,2024-01-01
1_HARDERSFIELD_25714,1,HARDERSFIELD,25714,Grgich Hills Cab Svgn Napa,750mL,8,62.99,2024-01-01
34_PITMERDEN_43673,34,PITMERDEN,43673,Blackstone Montry Pnt Grigio,750mL,12,8.99,2024-01-01
4_EANVERNESS_2958,4,EANVERNESS,2958,Dalwhinnie 15-Yr Single Mal,750mL,4,57.99,2024-01-01
32_MOUNTMEND_19926,32,MOUNTMEND,19926,Santa Rita RSV Svgn Bl,750mL,11,9.99,2024-01-01
6_GOULCREST_3510,6,GOULCREST,3510,Smirnoff Light Lemon Sorbet,750mL,8,12.99,2024-01-01
34_PITMERDEN_8674,34,PITMERDEN,8674,Riunite Moscato,1.5L,6,8.99,2024-01-01
27_MOUNTMEND_3089,27,MOUNTMEND,3089,Evan Williams Honey Reserve,750mL,11,13.99,2024-01-01
28_LARNWICK_5505,28,LARNWICK,5505,Pallini Limoncello Liqueur,750mL,11,18.99,2024-01-01
34_PITMERDEN_25992,34,PITMERDEN,25992,Murphy-Goode Cab Svgn Cal,750mL,16,12.99,2024-01-01
32_MOUNTMEND_8476,32,MOUNTMEND,8476,1800 Reposado Gold Tequila,375mL,13,11.49,2024-01-01
29_AYLESBURY_858,29,AYLESBURY,858,Canadian Club,Liter,4,11.99,2024-01-01
2_ASHBORNE_14008,2,ASHBORNE,14008,Cigar Box Malbec Mendoza,750mL,10,11.99,2024-01-01
22_SHARNWICK_44828,22,SHARNWICK,44828,Nicolis Valpo Clsc,750mL,3,13.99,2024-01-01
18_FURNESS_12123,18,FURNESS,12123,Barefoot Cellars Rsl,750mL,2,4.99,2024-01-01
1_HARDERSFIELD_1343,1,HARDERSFIELD,1343,Jack Daniels Sinatra Select,Liter,4,165.99,2024-01-01
32_MOUNTMEND_16568,32,MOUNTMEND,16568,Moonlight Meadery Sumptuous,375mL,14,12.99,2024-01-01
11_CARDEND_8233,11,CARDEND,8233,Beaulieu Cab Svgn Rutherford,750mL,9,21.99,2024-01-01
24_PALPERROTH_14706,24,PALPERROTH,14706,Cupcake Prosecco,750mL,57,6.99,2024-01-01
34_PITMERDEN_32108,34,PITMERDEN,32108,Erath Pnt Nr Oregon,750mL,19,14.99,2024-01-01
7_STANMORE_2132,7,STANMORE,2132,Lord Calvert Canadian,1.75L,23,12.99,2024-01-01
15_WANBORNE_3736,15,WANBORNE,3736,Smirnoff Cherry Vodka,750mL,9,12.99,2024-01-01
41_LARNWICK_3534,41,LARNWICK,3534,Milagro Silver Tequila,750mL,12,24.99,2024-01-01
1_HARDERSFIELD_6351,1,HARDERSFIELD,6351,Kendall Jackson Vntr RSV Cab,750mL,22,16.99,2024-01-01
34_PITMERDEN_5337,34,PITMERDEN,5337,Drambuie,750mL,28,26.99,2024-01-01
23_ARBINGTON_2518,23,ARBINGTON,2518,Woodford Reserve Double Oak,750mL,5,49.99,2024-01-01
21_BALERNO_33874,21,BALERNO,33874,Bella Sera Pinot Grigio Del,1.5L,19,9.99,2024-01-01
34_PITMERDEN_4227,34,PITMERDEN,4227,Bacardi Superior Rum Trav,1.75L,4,17.99,2024-01-01
32_MOUNTMEND_3808,32,MOUNTMEND,3808,Three Olives Vodka,750mL,81,14.99,2024-01-01
26_KNIFE'S EDGE_3658,26,KNIFE'S EDGE,3658,Patron Anejo Tequila,750mL,8,58.99,2024-01-01
21_BALERNO_35088,21,BALERNO,35088,Newport Vyds Great White RI,750mL,5,9.99,2024-01-01
38_GOULCREST_1520,38,GOULCREST,1520,Pinnacle Vodka Cane 4/50mls,50mL 4 Pk,2,3.99,2024-01-01
38_GOULCREST_254,38,GOULCREST,254,DeKuyper Root Beer Schnapps,Liter,0,10.99,2024-01-01
12_LEESIDE_3607,12,LEESIDE,3607,Smirnoff Citrus Vodka,50mL,115,0.99,2024-01-01
2_ASHBORNE_5396,2,ASHBORNE,5396,Tia Maria Coffee Liqueur,750mL,6,16.99,2024-01-01
26_KNIFE'S EDGE_5165,26,KNIFE'S EDGE,5165,Hpnotiq Liqueur,750mL,6,19.99,2024-01-01
1_HARDERSFIELD_2932,1,HARDERSFIELD,2932,Jameson Black Barrel,750mL,18,31.99,2024-01-01
2_ASHBORNE_8637,2,ASHBORNE,8637,Metaxa Ouzo,750mL,10,16.99,2024-01-01
30_CULCHETH_5312,30,CULCHETH,5312,Amaretto DiSaronno,750mL,6,19.99,2024-01-01
35_HALIVAARA_6876,35,HALIVAARA,6876,Sutter Home Clsc Chard,187mL 4 Pk,7,5.99,2024-01-01
15_WANBORNE_26429,15,WANBORNE,26429,Bollinger Brut Special Cuve,750mL,3,74.99,2024-01-01
34_PITMERDEN_41820,34,PITMERDEN,41820,Cesari Sangioves Romagna RS,750mL,14,19.99,2024-01-01
15_WANBORNE_1099,15,WANBORNE,1099,Angels Envy NH Blend Bourbn,750mL,2,45.99,2024-01-01
19_WINTERVALE_3495,19,WINTERVALE,3495,Ketel One Citroen Vodka,1.75L,4,38.99,2024-01-01
17_OLDHAM_10062,17,OLDHAM,10062,Terroirs du Rhone,750mL,10,8.99,2024-01-01
36_LEWES_41714,36,LEWES,41714,Fish Eye Pnt Grigio,750mL,15,5.99,2024-01-01
25_CAERSHIRE_8144,25,CAERSHIRE,8144,Corralejo Reposado Tequila,750mL,5,29.99,2024-01-01
15_WANBORNE_28223,15,WANBORNE,28223,Ch Ste Michelle Canoe Rdge C,750mL,6,15.99,2024-01-01
15_WANBORNE_21001,15,WANBORNE,21001,Bonpas Cote du Rhone Rouge R,750mL,4,10.99,2024-01-01
24_PALPERROTH_5033,24,PALPERROTH,5033,Fireball Cinnamon Whisky,Liter,1,16.99,2024-01-01
37_PAETHSMOUTH_22583,37,PAETHSMOUTH,22583,Cambria Julias Vyd Pnt Nr,750mL,9,19.99,2024-01-01
38_GOULCREST_39631,38,GOULCREST,39631,Red Truck Cal,750mL,17,7.99,2024-01-01
6_GOULCREST_2440,6,GOULCREST,2440,Platte Valley Fireshine,750mL,6,16.99,2024-01-01
23_ARBINGTON_18592,23,ARBINGTON,18592,Deadbolt Red,750mL,18,11.99,2024-01-01
30_CULCHETH_8387,30,CULCHETH,8387,Wild Turkey 101,750mL,9,21.99,2024-01-01
35_HALIVAARA_6264,35,HALIVAARA,6264,Cooks Extra Dry,750mL,29,6.99,2024-01-01
39_EASTHALLOW_24786,39,EASTHALLOW,24786,Opus One 12,750mL,3,245.99,2024-01-01
3_HORNSEY_3704,3,HORNSEY,3704,Ciroc Pineapple Vodka,750mL,4,24.99,2024-01-01
29_AYLESBURY_4229,29,AYLESBURY,4229,Bacardi Black,1.75L,8,19.99,2024-01-01
34_PITMERDEN_3788,34,PITMERDEN,3788,Patron Silver Tequila,375mL,0,25.99,2024-01-01
25_CAERSHIRE_28548,25,CAERSHIRE,28548,St Francis Old Vines Znfdl,750mL,0,15.99,2024-01-01
14_BROMWICH_32108,14,BROMWICH,32108,Erath Pnt Nr Oregon,750mL,2,14.99,2024-01-01
7_STANMORE_2753,7,STANMORE,2753,Johnnie Walker Black Label,1.75L,28,61.99,2024-01-01
8_ALNERWICK_888,8,ALNERWICK,888,DeKuyper Sloe Gin,Liter,2,8.99,2024-01-01
22_SHARNWICK_19545,22,SHARNWICK,19545,Darkhorse Red,750mL,10,7.99,2024-01-01
12_LEESIDE_6105,12,LEESIDE,6105,Midnight Moon,750mL,4,19.99,2024-01-01
28_LARNWICK_3794,28,LARNWICK,3794,Cabo Wabo Reposado Tequila,750mL,2,36.99,2024-01-01
39_EASTHALLOW_3769,39,EASTHALLOW,3769,Jenkins Vodka,1.75L,24,8.99,2024-01-01
23_ARBINGTON_4829,23,ARBINGTON,4829,Mr Boston Blackberry Brandy,1.75L,23,13.99,2024-01-01
2_ASHBORNE_4250,2,ASHBORNE,4250,Zaya Grand Reserva Rum,750mL,3,34.99,2024-01-01
4_EANVERNESS_5149,4,EANVERNESS,5149,Hpnotiq Liqueur,1.75L,3,34.99,2024-01-01
24_PALPERROTH_7344,24,PALPERROTH,7344,Viniq Shimmery Liqueur,375mL,8,10.99,2024-01-01
15_WANBORNE_11854,15,WANBORNE,11854,Trivento Amado Sur Malbec,750mL,11,14.99,2024-01-01
28_LARNWICK_2117,28,LARNWICK,2117,Black Velvet Traveler,750mL,14,8.99,2024-01-01
23_ARBINGTON_8401,23,ARBINGTON,8401,Bols Blue Curacao,Liter,8,10.99,2024-01-01
19_WINTERVALE_3376,19,WINTERVALE,3376,Tommy Guns Vodka,750mL,7,39.99,2024-01-01
18_FURNESS_3606,18,FURNESS,3606,Smirnoff Raspberry Vodka,50mL,12,0.99,2024-01-01
9_BLACKPOOL_450,9,BLACKPOOL,450,Vincent Van Gogh Double Esp,750mL,1,24.99,2024-01-01
19_WINTERVALE_8423,19,WINTERVALE,8423,Paul Masson Wh Znfdl,1.5L,4,6.99,2024-01-01
4_EANVERNESS_3606,4,EANVERNESS,3606,Smirnoff Raspberry Vodka,50mL,238,0.99,2024-01-01
34_PITMERDEN_16868,34,PITMERDEN,16868,Don & Sons Pnt Nr Sonoma Cst,750mL,58,21.99,2024-01-01
9_BLACKPOOL_32479,9,BLACKPOOL,32479,Danzante Del Vnzi Pnt Grigio,750mL,4,10.99,2024-01-01
12_LEESIDE_38502,12,LEESIDE,38502,Ruffino Lumina Pnt Grigio,750mL,18,6.99,2024-01-01
23_ARBINGTON_12685,23,ARBINGTON,12685,Brazin Old Vine Znfdl Lodi,750mL,30,12.99,2024-01-01
21_BALERNO_8623,21,BALERNO,8623,Casamigos Anejo Tequila,50mL,4,2.99,2024-01-01
15_WANBORNE_106,15,WANBORNE,106,Mr Boston Peach Schnapps,Liter,22,4.49,2024-01-01
31_HORNSEY_904,31,HORNSEY,904,Malibu Rum,Liter,6,17.99,2024-01-01
15_WANBORNE_23245,15,WANBORNE,23245,Torres Altos Ibericos Rioja,750mL,10,11.99,2024-01-01
6_GOULCREST_18857,6,GOULCREST,18857,Barefoot Refresh Crisp White,750mL,16,5.99,2024-01-01
38_GOULCREST_1358,38,GOULCREST,1358,Knob Creek Bourbon,1.75L,14,61.99,2024-01-01
33_HORNSEY_39708,33,HORNSEY,39708,R Mondavi Pvt Sln Pnt Grigio,750mL,17,7.99,2024-01-01
35_HALIVAARA_3405,35,HALIVAARA,3405,Tito's Handmade Vodka,1.75L,77,29.99,2024-01-01
23_ARBINGTON_5828,23,ARBINGTON,5828,Ryans Irish Cream,750mL,20,8.99,2024-01-01
1_HARDERSFIELD_3085,1,HARDERSFIELD,3085,Absolut Mini Bar 5/50mls,50mL 5 Pk,0,5.99,2024-01-01
33_HORNSEY_3730,33,HORNSEY,3730,UV Ruby Red Grapefruit Vodka,50mL,57,0.99,2024-01-01
38_GOULCREST_32832,38,GOULCREST,32832,Cesari Valpolicella Clsc Am,750mL,15,29.99,2024-01-01
10_HORNSEY_3500,10,HORNSEY,3500,Tito's Handmade Vodka,50mL,70,1.49,2024-01-01
1_HARDERSFIELD_4679,1,HARDERSFIELD,4679,Courvoisier VS Cognac,375mL,16,11.99,2024-01-01
11_CARDEND_824,11,CARDEND,824,Dewars White Label Scotch,Liter,2,26.99,2024-01-01
7_STANMORE_1244,7,STANMORE,1244,Jack Daniels Winter Jack,750mL,0,15.99,2024-01-01
6_GOULCREST_5348,6,GOULCREST,5348,St Brendans Irish Cream,750mL,11,10.99,2024-01-01
18_FURNESS_34428,18,FURNESS,34428,Frei Bros RSV Chard RRV,750mL,11,15.99,2024-01-01
10_HORNSEY_2392,10,HORNSEY,2392,Crown Royal 75th Anniversary,750mL,3,69.99,2024-01-01
1_HARDERSFIELD_4302,1,HARDERSFIELD,4302,Flora de Cana Black 5 YO Rum,750mL,7,14.99,2024-01-01
11_CARDEND_5525,11,CARDEND,5525,Fernet-Branca Italian Liquer,750mL,14,24.99,2024-01-01
41_LARNWICK_2678,41,LARNWICK,2678,Michter's Straight Rye,750mL,5,40.99,2024-01-01
32_MOUNTMEND_21985,32,MOUNTMEND,21985,Menage a Trois Midnight,750mL,55,9.95,2024-01-01
26_KNIFE'S EDGE_31452,26,KNIFE'S EDGE,31452,Foxhorn SE Cab Svgn Australi,1.5L,6,7.99,2024-01-01
15_WANBORNE_6285,15,WANBORNE,6285,Gallo Twin Valley Wh Znfdl C,1.5L,16,9.99,2024-01-01
23_ARBINGTON_19036,23,ARBINGTON,19036,Nicholson Ranch Est Chard,750mL,33,14.99,2024-01-01
9_BLACKPOOL_2759,9,BLACKPOOL,2759,Johnnie Walker Red Label,375mL,26,13.99,2024-01-01
16_LUNDY_16477,16,LUNDY,16477,Cupcake Angel Food,750mL,9,7.49,2024-01-01
5_SUTTON_3089,5,SUTTON,3089,Evan Williams Honey Reserve,750mL,9,13.99,2024-01-01
22_SHARNWICK_3627,22,SHARNWICK,3627,Absolut 80 Proof,375mL,7,11.99,2024-01-01
11_CARDEND_35103,11,CARDEND,35103,Ruffino Chianti Superiore,750mL,20,9.99,2024-01-01
21_BALERNO_20863,21,BALERNO,20863,W Hill Est Chard N Coast,750mL,10,12.99,2024-01-01
7_STANMORE_8131,7,STANMORE,8131,Lillet White French Aperiti,750mL,3,17.99,2024-01-01
7_STANMORE_2143,7,STANMORE,2143,Canadian Mist,1.75L,54,13.99,2024-01-01
22_SHARNWICK_18901,22,SHARNWICK,18901,Anderra Svgn Bl,750mL,11,8.99,2024-01-01
10_HORNSEY_22509,10,HORNSEY,22509,Alderbrook Pnt Nr RRV,750mL,62,17.99,2024-01-01
23_ARBINGTON_38899,23,ARBINGTON,38899,L Martini Cab Svgn Sonoma,750mL,81,12.99,2024-01-01
34_PITMERDEN_22836,34,PITMERDEN,22836,Veracruz Joven Verdejo,750mL,21,13.99,2024-01-01
18_FURNESS_3758,18,FURNESS,3758,Margaritaville Gold Tequila,1.75L,6,22.99,2024-01-01
24_PALPERROTH_482,24,PALPERROTH,482,Absolut 80 Proof,Liter,23,19.99,2024-01-01
23_ARBINGTON_1019,23,ARBINGTON,1019,Drambuie Glass Pack,750mL,1,26.99,2024-01-01
37_PAETHSMOUTH_5662,37,PAETHSMOUTH,5662,Skinnygirl W Peach Margarita,750mL,11,10.99,2024-01-01
33_HORNSEY_46189,33,HORNSEY,46189,Napa Cellars Chard,750mL,8,16.99,2024-01-01
28_LARNWICK_4291,28,LARNWICK,4291,Ronrico Gold,1.75L,3,12.99,2024-01-01
32_MOUNTMEND_31866,32,MOUNTMEND,31866,F Coppola Diamond Merlot,750mL,13,14.99,2024-01-01
41_LARNWICK_5111,41,LARNWICK,5111,Dr McGillicuddy's Mentholmnt,50mL,167,0.99,2024-01-01
6_GOULCREST_3890,6,GOULCREST,3890,Absolut Peppar,750mL,15,17.99,2024-01-01
34_PITMERDEN_43737,34,PITMERDEN,43737,Menage a Trois Rose Blend,750mL,18,8.99,2024-01-01
7_STANMORE_5382,7,STANMORE,5382,Ice 101 Peppermint Schnapps,750mL,10,11.99,2024-01-01
39_EASTHALLOW_22531,39,EASTHALLOW,22531,BV Coastal Estate Chard,750mL,43,10.99,2024-01-01
15_WANBORNE_38899,15,WANBORNE,38899,L Martini Cab Svgn Sonoma,750mL,33,12.99,2024-01-01
33_HORNSEY_1112,33,HORNSEY,1112,Ardbeg Exploration Pk +50mls,750mL,26,46.99,2024-01-01
6_GOULCREST_26462,6,GOULCREST,26462,Ravenswood Znfdl Sonoma,750mL,10,16.99,2024-01-01
24_PALPERROTH_33037,24,PALPERROTH,33037,Beringer Fndrs Est Cab Svgn,1.5L,17,18.99,2024-01-01
36_LEWES_2443,36,LEWES,2443,Seagrams VO,1.75L,17,20.99,2024-01-01
38_GOULCREST_443,38,GOULCREST,443,St Germain Liqueur,750mL,21,33.99,2024-01-01
21_BALERNO_3296,21,BALERNO,3296,Belvedere Pink Grapefruit,750mL,1,22.99,2024-01-01
41_LARNWICK_4148,41,LARNWICK,4148,Fattoria de Limone,750mL,9,17.99,2024-01-01
34_PITMERDEN_44269,34,PITMERDEN,44269,Codorniu Original Spklg Cava,750mL,10,10.99,2024-01-01
33_HORNSEY_6995,33,HORNSEY,6995,Carlo Rossi Spanada Sangria,1.5L,11,6.99,2024-01-01
7_STANMORE_1860,7,STANMORE,1860,Bruichladdich Islay Barley,750mL,1,64.99,2024-01-01
27_MOUNTMEND_5333,27,MOUNTMEND,5333,Jenkins Amaretto,1.75L,10,10.99,2024-01-01
10_HORNSEY_821,10,HORNSEY,821,Grand Marnier,Liter,12,38.99,2024-01-01
41_LARNWICK_8819,41,LARNWICK,8819,Leroux Blackberry Brandy,750mL,6,6.99,2024-01-01
34_PITMERDEN_21103,34,PITMERDEN,21103,Farnum Hill Dooryard Still,750mL,27,11.99,2024-01-01
29_AYLESBURY_3987,29,AYLESBURY,3987,Smirnoff Peppermint Twist,750mL,8,10.99,2024-01-01
39_EASTHALLOW_661,39,EASTHALLOW,661,Red Stag by Jim Beam,750mL,29,13.99,2024-01-01
40_BULLMAR_32479,40,BULLMAR,32479,Danzante Del Vnzi Pnt Grigio,750mL,15,10.99,2024-01-01
38_GOULCREST_3102,38,GOULCREST,3102,Smirnoff Traveler,1.75L,0,17.99,2024-01-01
11_CARDEND_4145,11,CARDEND,4145,Don Q Cristal Rum,1.75L,25,16.99,2024-01-01
14_BROMWICH_4050,14,BROMWICH,4050,Bacardi Oakheart Spiced Rum,750mL,12,10.99,2024-01-01
19_WINTERVALE_4565,19,WINTERVALE,4565,Christian Bros VS Brandy,750mL,15,9.49,2024-01-01
19_WINTERVALE_4734,19,WINTERVALE,4734,Capt Morgan Cannon Blast,750mL,5,14.99,2024-01-01
34_PITMERDEN_17187,34,PITMERDEN,17187,The Messenger Telegram Red 2,750mL,13,16.99,2024-01-01
33_HORNSEY_5629,33,HORNSEY,5629,RumChata Liqueur,3/100mL,43,8.99,2024-01-01
36_LEWES_2656,36,LEWES,2656,Cutty Sark,1.75L,7,24.99,2024-01-01
38_GOULCREST_5191,38,GOULCREST,5191,Fireball Cinnamon Whiskey,375mL,23,9.99,2024-01-01
15_WANBORNE_21834,15,WANBORNE,21834,Meiomi Chard,750mL,4,15.99,2024-01-01
7_STANMORE_24291,7,STANMORE,24291,Dom Fond Croze La Croix Coq,750mL,8,17.99,2024-01-01
7_STANMORE_22326,7,STANMORE,22326,Saved Red,750mL,13,19.99,2024-01-01
16_LUNDY_14342,16,LUNDY,14342,Cupcake Pnt Nr,750mL,8,7.49,2024-01-01
33_HORNSEY_15980,33,HORNSEY,15980,Moonlight Meadery Apple Pie,375mL,16,12.99,2024-01-01
10_HORNSEY_2100,10,HORNSEY,2100,Canadian Regal,1.75L,10,9.99,2024-01-01
7_STANMORE_3373,7,STANMORE,3373,Svedka Citron Vodka,1.75L,13,18.99,2024-01-01
35_HALIVAARA_5253,35,HALIVAARA,5253,Kahlua Original Mudslide RTD,1.75L,11,15.99,2024-01-01
1_HARDERSFIELD_3782,1,HARDERSFIELD,3782,Grey Goose Le Citron Vodka,750mL,25,23.99,2024-01-01
37_PAETHSMOUTH_41751,37,PAETHSMOUTH,41751,Clos du Bois Pnt Grigio Cal,750mL,16,8.99,2024-01-01
34_PITMERDEN_2965,34,PITMERDEN,2965,Ardbeg 10 Yr Single Malt Sc,750mL,43,46.99,2024-01-01
7_STANMORE_425,7,STANMORE,425,Hennessy Paradis,750mL,1,799.99,2024-01-01
20_BREDWARDINE_782,20,BREDWARDINE,782,Remy Martin 1738 Accord Ryl,750mL,8,44.99,2024-01-01
37_PAETHSMOUTH_4574,37,PAETHSMOUTH,4574,Remy Martin VS Cognac,750mL,10,31.99,2024-01-01
6_GOULCREST_2149,6,GOULCREST,2149,Canadian Ltd Traveler,750mL,7,7.99,2024-01-01
4_EANVERNESS_1094,4,EANVERNESS,1094,Four Roses Single Barrel Brb,750mL,5,41.99,2024-01-01
1_HARDERSFIELD_2668,1,HARDERSFIELD,2668,Dewars White Label,375mL,14,13.99,2024-01-01
35_HALIVAARA_24003,35,HALIVAARA,24003,Corbett Canyon Cab Svgn,1.5L,14,8.99,2024-01-01
21_BALERNO_903,21,BALERNO,903,Bombay Sapphire Gin,Liter,11,26.99,2024-01-01
1_HARDERSFIELD_22569,1,HARDERSFIELD,22569,Bota Box Svgn Bl,3L,0,17.99,2024-01-01
24_PALPERROTH_43872,24,PALPERROTH,43872,Joseph Carr Cab Svgn Napa,750mL,14,19.99,2024-01-01
38_GOULCREST_6980,38,GOULCREST,6980,Midnight Moon Blueberry,750mL,5,19.99,2024-01-01
5_SUTTON_5731,5,SUTTON,5731,Malibu Passion Fruit Rum,750mL,11,12.99,2024-01-01
11_CARDEND_25934,11,CARDEND,25934,Gabbiano Chianti,750mL,10,7.99,2024-01-01
8_ALNERWICK_5312,8,ALNERWICK,5312,Amaretto DiSaronno,750mL,33,19.99,2024-01-01
40_BULLMAR_6918,40,BULLMAR,6918,Franzia Tap Cab Svgn,5L,12,17.99,2024-01-01
8_ALNERWICK_35442,8,ALNERWICK,35442,Borsao Tres Picos Garnacha,750mL,9,14.99,2024-01-01
9_BLACKPOOL_1281,9,BLACKPOOL,1281,Benchmark Old #8 Bourbon,1.75L,12,14.99,2024-01-01
20_BREDWARDINE_2083,20,BREDWARDINE,2083,Flag Hill Straight Bourbon,750mL,5,39.99,2024-01-01
24_PALPERROTH_4252,24,PALPERROTH,4252,Bacardi Limon Rum,50mL,102,0.99,2024-01-01
11_CARDEND_1550,11,CARDEND,1550,Jack Daniels Tennessee Fire,100mL,87,3.99,2024-01-01
34_PITMERDEN_37794,34,PITMERDEN,37794,Blackstone Znfdl Cal,750mL,7,8.99,2024-01-01
7_STANMORE_2083,7,STANMORE,2083,Flag Hill Straight Bourbon,750mL,11,39.99,2024-01-01
3_HORNSEY_3961,3,HORNSEY,3961,Grey Goose La Poire Vodka,750mL,5,23.99,2024-01-01
25_CAERSHIRE_44719,25,CAERSHIRE,44719,Cavit Prosecco Lunetta,750mL,32,9.99,2024-01-01
6_GOULCREST_2994,6,GOULCREST,2994,Hudson Manhattan Rye,750mL,4,49.99,2024-01-01
33_HORNSEY_3893,33,HORNSEY,3893,Zhenka 80 Proof,1.75L,57,9.99,2024-01-01
13_TARMSWORTH_14838,13,TARMSWORTH,14838,Layer Cake Cab Svgn,750mL,8,11.95,2024-01-01
5_SUTTON_4626,5,SUTTON,4626,Meukow VS Cognac,750mL,13,14.99,2024-01-01
16_LUNDY_2960,16,LUNDY,2960,The Macallan Fine Oak 15 Yr,750mL,2,94.99,2024-01-01
38_GOULCREST_46628,38,GOULCREST,46628,Paso Creek Cab Svgn,750mL,17,13.99,2024-01-01
24_PALPERROTH_5299,24,PALPERROTH,5299,Southern Comfort,1.75L,24,19.99,2024-01-01
27_MOUNTMEND_8082,27,MOUNTMEND,8082,Baileys Irish Cream,1.75L,169,29.99,2024-01-01
33_HORNSEY_39384,33,HORNSEY,39384,F Coppola Diamond Pnt Nr,750mL,77,16.99,2024-01-01
18_FURNESS_1282,18,FURNESS,1282,1792 Small Batch Bourbon.,750mL,2,25.99,2024-01-01
38_GOULCREST_23246,38,GOULCREST,23246,Torres Celeste Crianza,750mL,0,15.99,2024-01-01
18_FURNESS_8512,18,FURNESS,8512,Baileys Irish Cream,750mL,61,18.99,2024-01-01
23_ARBINGTON_37126,23,ARBINGTON,37126,Girard Chard RRV,750mL,5,17.99,2024-01-01
14_BROMWICH_2170,14,BROMWICH,2170,Woodford Reserve Bourbon,50mL,22,3.49,2024-01-01
1_HARDERSFIELD_7127,1,HARDERSFIELD,7127,Mezcal De Amor Amaras,750mL,9,45.99,2024-01-01
41_LARNWICK_4029,41,LARNWICK,4029,Tall Ship Cedar Island Spice,750mL,11,27.99,2024-01-01
24_PALPERROTH_4349,24,PALPERROTH,4349,Sauza Blue Silver,750mL,6,15.99,2024-01-01
33_HORNSEY_43809,33,HORNSEY,43809,R M Woodbridge Pnt Nr,1.5L,53,8.99,2024-01-01
15_WANBORNE_978,15,WANBORNE,978,Ron Rio Silver Rum,Liter,34,6.99,2024-01-01
6_GOULCREST_2232,6,GOULCREST,2232,Sipsmith Gin,750mL,2,39.99,2024-01-01
39_EASTHALLOW_6995,39,EASTHALLOW,6995,Carlo Rossi Spanada Sangria,1.5L,10,6.99,2024-01-01
3_HORNSEY_4683,3,HORNSEY,4683,Hennessy VS Cognac,50mL,109,3.79,2024-01-01
5_SUTTON_28579,5,SUTTON,28579,R M Woodbridge Merlot Cal,750mL,7,7.99,2024-01-01
6_GOULCREST_1542,6,GOULCREST,1542,Bowen's American Whiskey,750mL,6,29.99,2024-01-01
18_FURNESS_523,18,FURNESS,523,Castello Del Poggio Moscato,750mL,1,10.49,2024-01-01
31_HORNSEY_8653,31,HORNSEY,8653,M & R Extra Dry Vermouth,375mL,10,5.29,2024-01-01
2_ASHBORNE_38180,2,ASHBORNE,38180,Rex Goliath Merlot,750mL,9,5.99,2024-01-01
32_MOUNTMEND_31466,32,MOUNTMEND,31466,Ch Carignan Brdx,750mL,12,21.99,2024-01-01
32_MOUNTMEND_43924,32,MOUNTMEND,43924,Farnum Hill Kingston Blk RSV,750mL,0,15.49,2024-01-01
41_LARNWICK_8576,41,LARNWICK,8576,E & J Brandy VS,375mL,7,4.99,2024-01-01
38_GOULCREST_5160,38,GOULCREST,5160,Hpnotiq Liqueur,375mL,13,10.99,2024-01-01
25_CAERSHIRE_37604,25,CAERSHIRE,37604,Hardys Chard Ausl,3L,7,16.99,2024-01-01
38_GOULCREST_1364,38,GOULCREST,1364,Bols Pumpkin Spice,750mL,5,9.99,2024-01-01
33_HORNSEY_1550,33,HORNSEY,1550,Jack Daniels Tennessee Fire,100mL,111,3.99,2024-01-01
34_PITMERDEN_4453,34,PITMERDEN,4453,Pitu Brazilian Rum Cachaca,750mL,11,13.99,2024-01-01
6_GOULCREST_17345,6,GOULCREST,17345,Bogle Essential Red,750mL,42,9.99,2024-01-01
27_MOUNTMEND_5713,27,MOUNTMEND,5713,DeKuyper Sour Apple Pucker,1.75L,15,16.99,2024-01-01
38_GOULCREST_12473,38,GOULCREST,12473,Ch Beauchene CDR White RSV,750mL,21,11.99,2024-01-01
22_SHARNWICK_18880,22,SHARNWICK,18880,Piccini Memoro,750mL,10,13.99,2024-01-01
11_CARDEND_2047,11,CARDEND,2047,Sheep Dip Scotch,750mL,3,34.99,2024-01-01
10_HORNSEY_13163,10,HORNSEY,13163,Barefoot Bubbly Moscato,750mL,26,7.99,2024-01-01
8_ALNERWICK_5054,8,ALNERWICK,5054,Jagermeister Spice,50mL,62,1.99,2024-01-01
8_ALNERWICK_6378,8,ALNERWICK,6378,Walnut Crest Merlot Rapel,1.5L,6,9.99,2024-01-01
8_ALNERWICK_2015,8,ALNERWICK,2015,Jack Daniels Tennessee Honey,750mL,31,26.99,2024-01-01
14_BROMWICH_1258,14,BROMWICH,1258,Jim Beam Black,750mL,5,22.99,2024-01-01
7_STANMORE_1781,7,STANMORE,1781,Wild Turkey Russell's Rsv,750mL,8,49.99,2024-01-01
21_BALERNO_5277,21,BALERNO,5277,Arrow Sloe Gin,750mL,2,7.99,2024-01-01
9_BLACKPOOL_523,9,BLACKPOOL,523,Castello Del Poggio Moscato,750mL,0,10.49,2024-01-01
32_MOUNTMEND_5626,32,MOUNTMEND,5626,Baja Luna Black Raspberry,750mL,6,9.99,2024-01-01
38_GOULCREST_4327,38,GOULCREST,4327,Capt Morgan Spiced Rum 100,750mL,6,19.99,2024-01-01
4_EANVERNESS_18838,4,EANVERNESS,18838,Ty Ku Coconut Nigori,330mL,7,9.49,2024-01-01
33_HORNSEY_2992,33,HORNSEY,2992,Hudson Baby Bourbon Whiskey,750mL,4,49.99,2024-01-01
26_KNIFE'S EDGE_8267,26,KNIFE'S EDGE,8267,Gazdina Rakija Pear Brandy,750mL,6,24.99,2024-01-01
26_KNIFE'S EDGE_3967,26,KNIFE'S EDGE,3967,Deep Eddy Ruby Red,750mL,32,18.99,2024-01-01
8_ALNERWICK_34137,8,ALNERWICK,34137,Fat Bastard Chard,750mL,8,10.99,2024-01-01
14_BROMWICH_5394,14,BROMWICH,5394,Goldschlager Cinnamon Schnap,375mL,16,10.99,2024-01-01
23_ARBINGTON_1727,23,ARBINGTON,1727,West Cork Irish Whiskey,750mL,14,21.99,2024-01-01
11_CARDEND_2973,11,CARDEND,2973,Eagle Rare Single Barrel Bo,750mL,9,26.99,2024-01-01
2_ASHBORNE_2902,2,ASHBORNE,2902,Stranahan's Colorado Whiskey,750mL,6,46.99,2024-01-01
10_HORNSEY_3315,10,HORNSEY,3315,Smirnoff Sorbet Rasp/Pomegra,50mL,111,0.99,2024-01-01
38_GOULCREST_35714,38,GOULCREST,35714,Miner Chard Napa,750mL,7,29.99,2024-01-01
24_PALPERROTH_5662,24,PALPERROTH,5662,Skinnygirl W Peach Margarita,750mL,8,10.99,2024-01-01
10_HORNSEY_4422,10,HORNSEY,4422,Jenkins Spiced Rum,1.75L,12,11.49,2024-01-01
23_ARBINGTON_18638,23,ARBINGTON,18638,Waterstone Cab Svgn,750mL,5,24.99,2024-01-01
15_WANBORNE_4881,15,WANBORNE,4881,Bacardi Twin Pack 2/750mls,750mL 2 Pk,13,19.99,2024-01-01
9_BLACKPOOL_6896,9,BLACKPOOL,6896,Sterling Merlot,750mL,30,14.95,2024-01-01
36_LEWES_5138,36,LEWES,5138,Fireball Cinnamon Whisky,750mL,61,13.99,2024-01-01
30_CULCHETH_29431,30,CULCHETH,29431,Clos du Val Cab Svgn Napa,750mL,10,29.99,2024-01-01
20_BREDWARDINE_31489,20,BREDWARDINE,31489,Barefoot Chard Cal,1.5L,23,10.99,2024-01-01
35_HALIVAARA_39491,35,HALIVAARA,39491,Flag Hill Red Raspberry Fru,750mL,14,13.99,2024-01-01
30_CULCHETH_6385,30,CULCHETH,6385,Fetzer Sundial Chard,1.5L,5,12.99,2024-01-01
21_BALERNO_33334,21,BALERNO,33334,Cavit Pinot Grigio Delle Ve,187mL 4 Pk,9,8.99,2024-01-01
31_HORNSEY_5689,31,HORNSEY,5689,Villa Massa Limoncello,750mL,7,18.99,2024-01-01
23_ARBINGTON_6226,23,ARBINGTON,6226,Marcus James Chard,1.5L,25,7.99,2024-01-01
7_STANMORE_26395,7,STANMORE,26395,Trapiche Cab Svgn Oak Cask,750mL,6,8.99,2024-01-01
26_KNIFE'S EDGE_8905,26,KNIFE'S EDGE,8905,Livingston Cellars Red Rose,3L,6,11.99,2024-01-01
14_BROMWICH_6249,14,BROMWICH,6249,Rodney Strong Chard,750mL,82,12.99,2024-01-01
17_OLDHAM_3276,17,OLDHAM,3276,Gordons London Dry,1.75L,16,14.99,2024-01-01
27_MOUNTMEND_8823,27,MOUNTMEND,8823,Leroux Apricot Brandy,750mL,10,7.99,2024-01-01
9_BLACKPOOL_3282,9,BLACKPOOL,3282,Skyy Watermelon Fresca Vodka,50mL,14,0.99,2024-01-01
2_ASHBORNE_25992,2,ASHBORNE,25992,Murphy-Goode Cab Svgn Cal,750mL,9,12.99,2024-01-01
25_CAERSHIRE_25419,25,CAERSHIRE,25419,Kunde Chard Sonoma Valley,750mL,15,13.99,2024-01-01
33_HORNSEY_2958,33,HORNSEY,2958,Dalwhinnie 15-Yr Single Mal,750mL,8,57.99,2024-01-01
15_WANBORNE_6879,15,WANBORNE,6879,Maurice's Mentholated Mint,50mL,240,0.99,2024-01-01
27_MOUNTMEND_7994,27,MOUNTMEND,7994,Stock Italian Sweet Vermouth,1.5L,17,9.99,2024-01-01
12_LEESIDE_8838,12,LEESIDE,8838,Ch Ste Michelle Cab Svgn Col,750mL,24,12.99,2024-01-01
26_KNIFE'S EDGE_8329,26,KNIFE'S EDGE,8329,R Mondavi Chard Pvt Sel,750mL,10,7.99,2024-01-01
38_GOULCREST_19604,38,GOULCREST,19604,Ch Lacoste-Borie Pauillac 10,750mL,0,42.99,2024-01-01
18_FURNESS_4042,18,FURNESS,4042,Bacardi Dragon Berry,50mL,15,0.99,2024-01-01
11_CARDEND_3766,11,CARDEND,3766,Three Olives Grape Vodka,750mL,20,14.99,2024-01-01
38_GOULCREST_23452,38,GOULCREST,23452,Santa Rita Secret Rsv Red,750mL,9,8.99,2024-01-01
35_HALIVAARA_2082,35,HALIVAARA,2082,Balvenie 15 Yr Sherry Cask,750mL,5,109.99,2024-01-01
15_WANBORNE_16537,15,WANBORNE,16537,Root 1 Pnt Nr,750mL,77,10.99,2024-01-01
34_PITMERDEN_45332,34,PITMERDEN,45332,Cono Sur Pnt Nr Rapel,750mL,7,6.99,2024-01-01
15_WANBORNE_39517,15,WANBORNE,39517,J Lohr Seven Oaks Cab Svgn,1.5L,3,30.99,2024-01-01
35_HALIVAARA_38370,35,HALIVAARA,38370,Oyster Bay Svgn Bl Marlboro,750mL,32,10.99,2024-01-01
7_STANMORE_31454,7,STANMORE,31454,Foxhorn SE Chard Australia,1.5L,7,6.99,2024-01-01
32_MOUNTMEND_3325,32,MOUNTMEND,3325,Pinnacle Caramel Apple Vodka,750mL,14,9.99,2024-01-01
6_GOULCREST_10676,6,GOULCREST,10676,William Hill Est Cab Svgn RV,750mL,8,42.99,2024-01-01
40_BULLMAR_8504,40,BULLMAR,8504,R M Woodbridge Cab Svgn Cal,1.5L,23,8.99,2024-01-01
10_HORNSEY_12586,10,HORNSEY,12586,C Y Toro Frontera Malbec,1.5L,27,10.99,2024-01-01
25_CAERSHIRE_3243,25,CAERSHIRE,3243,Burnetts Vodka,1.75L,39,10.49,2024-01-01
12_LEESIDE_24456,12,LEESIDE,24456,Franciscan Est Chard Napa,750mL,0,11.98,2024-01-01
2_ASHBORNE_29212,2,ASHBORNE,29212,R Mondavi Merlot Pvt Sel,750mL,62,7.99,2024-01-01
34_PITMERDEN_12374,34,PITMERDEN,12374,Zanetti Prosecco Frizzante,750mL,28,9.99,2024-01-01
16_LUNDY_41251,16,LUNDY,41251,Beringer Classic Pnt Grigio,750mL,7,5.99,2024-01-01
5_SUTTON_5505,5,SUTTON,5505,Pallini Limoncello Liqueur,750mL,9,18.99,2024-01-01
21_BALERNO_2800,21,BALERNO,2800,Laphroaig 15 Yr Single Malt,750mL,6,81.99,2024-01-01
21_BALERNO_43809,21,BALERNO,43809,R M Woodbridge Pnt Nr,1.5L,69,8.99,2024-01-01
11_CARDEND_18813,11,CARDEND,18813,Sweet Baby Vyds Raspberry,375mL,6,11.99,2024-01-01
14_BROMWICH_5242,14,BROMWICH,5242,Cointreau Liqueur,750mL,29,29.99,2024-01-01
37_PAETHSMOUTH_3039,37,PAETHSMOUTH,3039,Stoli Salted Karamel,750mL,12,16.99,2024-01-01
8_ALNERWICK_33035,8,ALNERWICK,33035,Cape Indaba Chard S Africa,750mL,12,8.99,2024-01-01
34_PITMERDEN_3009,34,PITMERDEN,3009,Barr Hill Vodka,750mL,4,54.99,2024-01-01
25_CAERSHIRE_31909,25,CAERSHIRE,31909,Catena Lunlunta Malbec Argn,750mL,47,19.99,2024-01-01
23_ARBINGTON_3821,23,ARBINGTON,3821,Smirnoff Vanilla Vodka,750mL,37,12.99,2024-01-01
10_HORNSEY_4246,10,HORNSEY,4246,Bacardi Superior Rum,375mL,34,5.49,2024-01-01
2_ASHBORNE_8609,2,ASHBORNE,8609,Duboeuf Beaujolais Villages,750mL,22,9.99,2024-01-01
24_PALPERROTH_5921,24,PALPERROTH,5921,RumChata Liqueur,750mL,18,21.99,2024-01-01
36_LEWES_1174,36,LEWES,1174,Rebel Yell,1.75L,5,19.99,2024-01-01
8_ALNERWICK_29621,8,ALNERWICK,29621,Schmitt Sohne Spatlese,750mL,5,13.99,2024-01-01
25_CAERSHIRE_2694,25,CAERSHIRE,2694,Glenmorangie LaSanta,750mL,1,49.99,2024-01-01
23_ARBINGTON_8386,23,ARBINGTON,8386,Dry Sack Sherry,750mL,31,13.49,2024-01-01
32_MOUNTMEND_5897,32,MOUNTMEND,5897,99 Bananas,750mL,10,11.99,2024-01-01
30_CULCHETH_46023,30,CULCHETH,46023,Spellbound Petite Sirah Cal,750mL,7,11.99,2024-01-01
27_MOUNTMEND_3295,27,MOUNTMEND,3295,Tito's Handmade Vodka,375mL,15,9.99,2024-01-01
4_EANVERNESS_32670,4,EANVERNESS,32670,Columbia Crest Vns Merlot/Ca,750mL,10,6.99,2024-01-01
26_KNIFE'S EDGE_3693,26,KNIFE'S EDGE,3693,Smirnoff Ruby Red Grapefruit,750mL,8,12.99,2024-01-01
15_WANBORNE_5075,15,WANBORNE,5075,Tuaca Italian Liqueur,750mL,5,21.99,2024-01-01
9_BLACKPOOL_1415,9,BLACKPOOL,1415,Old Grand Dad,750mL,4,12.99,2024-01-01
29_AYLESBURY_17967,29,AYLESBURY,17967,Banfi Principessa Gavia Gav,750mL,8,15.99,2024-01-01
7_STANMORE_5215,7,STANMORE,5215,TGI Fridays Long Island Iced,1.75L,17,12.99,2024-01-01
15_WANBORNE_17086,15,WANBORNE,17086,Harrison Clarke Syrah,750mL,12,39.99,2024-01-01
14_BROMWICH_2668,14,BROMWICH,2668,Dewars White Label,375mL,26,13.99,2024-01-01
30_CULCHETH_5668,30,CULCHETH,5668,Dr McGillicuddy's Grape,750mL,9,12.99,2024-01-01
11_CARDEND_3591,11,CARDEND,3591,Absolut Vanilia,750mL,9,17.99,2024-01-01
40_BULLMAR_5391,40,BULLMAR,5391,Kamora Coffee,1.75L,18,15.99,2024-01-01
32_MOUNTMEND_6329,32,MOUNTMEND,6329,R M Woodbridge Wh Znfdl Cal,1.5L,20,9.99,2024-01-01
39_EASTHALLOW_2679,39,EASTHALLOW,2679,Dewars Highlander Honey,750mL,59,19.99,2024-01-01
15_WANBORNE_2554,15,WANBORNE,2554,WhistlePig Old World 12 Yr,750mL,5,109.99,2024-01-01
5_SUTTON_42640,5,SUTTON,42640,The Monterey Vyds Chard,750mL,11,9.99,2024-01-01
19_WINTERVALE_19934,19,WINTERVALE,19934,Perrin Cotes du Rhone RSV Rg,750mL,5,10.99,2024-01-01
9_BLACKPOOL_13963,9,BLACKPOOL,13963,Yellow Tail Pnt Nr,1.5L,12,9.99,2024-01-01
22_SHARNWICK_11827,22,SHARNWICK,11827,Cupcake Merlot,750mL,24,7.49,2024-01-01
30_CULCHETH_381,30,CULCHETH,381,Baileys Irish Cream w/4 Glss,750mL,2,18.99,2024-01-01
38_GOULCREST_25086,38,GOULCREST,25086,Jadot Pernand Vergelesses 13,750mL,6,35.99,2024-01-01
34_PITMERDEN_31384,34,PITMERDEN,31384,Benton Lane Pnt Nr Ore,750mL,8,25.99,2024-01-01
9_BLACKPOOL_2648,9,BLACKPOOL,2648,Chivas Regal,375mL,12,15.99,2024-01-01
30_CULCHETH_8296,30,CULCHETH,8296,Knob Creek Smoked Maple,750mL,1,27.99,2024-01-01
12_LEESIDE_6590,12,LEESIDE,6590,Almaden B/B Wh Znfdl Cal,5L,7,14.99,2024-01-01
1_HARDERSFIELD_18778,1,HARDERSFIELD,18778,Once Upon A Vine Pnt Nr,750mL,5,9.99,2024-01-01
11_CARDEND_17167,11,CARDEND,17167,Kendall Jackson Vntr RSV Zin,750mL,28,9.95,2024-01-01
13_TARMSWORTH_7293,13,TARMSWORTH,7293,Chi Chi's Skinny Margarita,1.75L,3,8.99,2024-01-01
32_MOUNTMEND_18332,32,MOUNTMEND,18332,Ch Daqueria Tavel Rose,750mL,9,13.99,2024-01-01
18_FURNESS_5597,18,FURNESS,5597,DeKuyper Watermelon Pucker,750mL,7,9.99,2024-01-01
34_PITMERDEN_22645,34,PITMERDEN,22645,Gaston & Ravaut Bourgog Vlg,750mL,10,33.99,2024-01-01
8_ALNERWICK_12747,8,ALNERWICK,12747,Barefoot Cellars Pnt Nr,750mL,14,4.99,2024-01-01
10_HORNSEY_3362,10,HORNSEY,3362,Poland Spring Gin,Liter,13,5.99,2024-01-01
23_ARBINGTON_8085,23,ARBINGTON,8085,Wild Turkey,1.75L,16,31.99,2024-01-01
31_HORNSEY_41251,31,HORNSEY,41251,Beringer Classic Pnt Grigio,750mL,28,5.99,2024-01-01
35_HALIVAARA_5401,35,HALIVAARA,5401,Jagermeister Liqueur,200mL,44,5.99,2024-01-01
33_HORNSEY_25203,33,HORNSEY,25203,Aveleda Follies,750mL,12,12.99,2024-01-01
10_HORNSEY_36198,10,HORNSEY,36198,Condesa De Leganza Crianza,750mL,2,4.99,2024-01-01
6_GOULCREST_46422,6,GOULCREST,46422,Hob Nob Chard,750mL,6,9.99,2024-01-01
18_FURNESS_26285,18,FURNESS,26285,Moet & Chandon Imperial,1.5L,3,69.99,2024-01-01
24_PALPERROTH_4698,24,PALPERROTH,4698,Metaxa 5 Star,750mL,2,19.99,2024-01-01
24_PALPERROTH_8909,24,PALPERROTH,8909,Carlo Rossi Chablis Calif,1.5L,6,6.99,2024-01-01
34_PITMERDEN_41062,34,PITMERDEN,41062,Martin Ray Cab Svgn Napa,750mL,5,17.99,2024-01-01
24_PALPERROTH_5232,24,PALPERROTH,5232,DeKuyper Buttershots Schnaps,1.75L,4,14.99,2024-01-01
29_AYLESBURY_2158,29,AYLESBURY,2158,Sortilege Liqueur,375mL,6,19.99,2024-01-01
11_CARDEND_31160,11,CARDEND,31160,Monsanto Chianti Clsc RSV,750mL,13,19.99,2024-01-01
6_GOULCREST_6734,6,GOULCREST,6734,Gallo Twin Valley Cab Svgn C,1.5L,7,9.99,2024-01-01
32_MOUNTMEND_6857,32,MOUNTMEND,6857,Sutter Home Wh Znfdl,1.5L,9,9.99,2024-01-01
21_BALERNO_1346,21,BALERNO,1346,Knob Creek Bourbon,750mL,52,29.99,2024-01-01
30_CULCHETH_4634,30,CULCHETH,4634,Gold Crown Wh Rum,1.75L,36,10.99,2024-01-01
32_MOUNTMEND_11089,32,MOUNTMEND,11089,Jaboulet Cts Rhone Parl Rose,750mL,5,11.99,2024-01-01
23_ARBINGTON_2426,23,ARBINGTON,2426,The Glenlivet 15Yr FrenchOak,750mL,7,51.99,2024-01-01
1_HARDERSFIELD_17016,1,HARDERSFIELD,17016,Picpoul d Pinet HB Languedoc,750mL,2,12.99,2024-01-01
30_CULCHETH_4291,30,CULCHETH,4291,Ronrico Gold,1.75L,7,12.99,2024-01-01
27_MOUNTMEND_32906,27,MOUNTMEND,32906,Sterling Vintners Cab Svgn C,750mL,61,10.99,2024-01-01
11_CARDEND_6659,11,CARDEND,6659,Rosemount Diamond Chard,750mL,15,8.99,2024-01-01
38_GOULCREST_870,38,GOULCREST,870,Carpano Antica Formula,Liter,7,26.99,2024-01-01
23_ARBINGTON_10603,23,ARBINGTON,10603,Parducci Petite Sirah,750mL,16,13.99,2024-01-01
6_GOULCREST_6266,6,GOULCREST,6266,Gallo Fairbanks Sherry,1.5L,12,7.79,2024-01-01
8_ALNERWICK_5983,8,ALNERWICK,5983,Flag Hill Spiced Rum,750mL,11,26.99,2024-01-01
22_SHARNWICK_3533,22,SHARNWICK,3533,Lidestri Pink Limoncello,750mL,5,18.99,2024-01-01
41_LARNWICK_5106,41,LARNWICK,5106,Capt Morgan Long Isl Tea RTD,750mL,4,11.99,2024-01-01
11_CARDEND_8815,11,CARDEND,8815,Ch Ste Michelle Chard Colmbi,750mL,23,8.99,2024-01-01
39_EASTHALLOW_3847,39,EASTHALLOW,3847,Grey Goose Vodka,50mL,83,3.99,2024-01-01
8_ALNERWICK_8781,8,ALNERWICK,8781,Rodney Strong Cab Svgn,750mL,16,15.99,2024-01-01
25_CAERSHIRE_2854,25,CAERSHIRE,2854,Talisker 10-Yr Single Malt,750mL,4,54.99,2024-01-01
19_WINTERVALE_5747,19,WINTERVALE,5747,Malibu Pineapple Rum,750mL,15,12.99,2024-01-01
21_BALERNO_3936,21,BALERNO,3936,Stolichnaya,Liter,23,20.99,2024-01-01
27_MOUNTMEND_5747,27,MOUNTMEND,5747,Malibu Pineapple Rum,750mL,38,12.99,2024-01-01
24_PALPERROTH_8469,24,PALPERROTH,8469,1800 Reposado Gold Tequila,750mL,12,22.99,2024-01-01
37_PAETHSMOUTH_3982,37,PAETHSMOUTH,3982,Hornitos Reposado Tequila,750mL,10,19.99,2024-01-01
27_MOUNTMEND_4066,27,MOUNTMEND,4066,Bacardi Oakheart Spiced Rum,1.75L,16,17.99,2024-01-01
1_HARDERSFIELD_8985,1,HARDERSFIELD,8985,J Roget Spumante,750mL,0,5.99,2024-01-01
7_STANMORE_8691,7,STANMORE,8691,Jose Cuervo Especial,750mL,26,14.99,2024-01-01
37_PAETHSMOUTH_14184,37,PAETHSMOUTH,14184,Ch M Vert Lussac St Emilion,750mL,10,14.99,2024-01-01
34_PITMERDEN_1415,34,PITMERDEN,1415,Old Grand Dad,750mL,25,12.99,2024-01-01
31_HORNSEY_5277,31,HORNSEY,5277,Arrow Sloe Gin,750mL,7,7.99,2024-01-01
34_PITMERDEN_40559,34,PITMERDEN,40559,McManis Cab Svgn Cal,750mL,14,10.99,2024-01-01
20_BREDWARDINE_25046,20,BREDWARDINE,25046,Bully Hill Love My Goat Rd,750mL,9,8.99,2024-01-01
15_WANBORNE_16317,15,WANBORNE,16317,Noble Vines 446 Chard Monter,750mL,20,10.99,2024-01-01
11_CARDEND_39923,11,CARDEND,39923,Sterling Vintner Clt Svgn Bl,750mL,6,9.99,2024-01-01
37_PAETHSMOUTH_5195,37,PAETHSMOUTH,5195,Jenkins Melon Liqueur,750mL,10,5.99,2024-01-01
7_STANMORE_7993,7,STANMORE,7993,Stock Italian X Dry Vermouth,750mL,13,6.49,2024-01-01
41_LARNWICK_2988,41,LARNWICK,2988,Sauza 901 Silver Tequila,750mL,11,24.99,2024-01-01
1_HARDERSFIELD_18533,1,HARDERSFIELD,18533,Candia Vyds Diamond,750mL,19,14.99,2024-01-01
15_WANBORNE_6542,15,WANBORNE,6542,Melini Borghi D'Elsa Chiant,750mL,52,6.99,2024-01-01
7_STANMORE_35916,7,STANMORE,35916,Stone Cellars Merlot,1.5L,20,8.99,2024-01-01
11_CARDEND_4113,11,CARDEND,4113,Capt Morgan White,50mL,107,0.99,2024-01-01
3_HORNSEY_37433,3,HORNSEY,37433,C Y Toro Casillero Carmenere,750mL,17,9.99,2024-01-01
33_HORNSEY_23255,33,HORNSEY,23255,Balletto Vyds Pnt Gris,750mL,64,11.99,2024-01-01
39_EASTHALLOW_3326,39,EASTHALLOW,3326,Jenkins Gin,1.75L,21,9.49,2024-01-01
34_PITMERDEN_19157,34,PITMERDEN,19157,Inman Family Endless Crush,750mL,1,27.99,2024-01-01
38_GOULCREST_2125,38,GOULCREST,2125,Glenfiddich 14 Yr Barrel Rsv,750mL,8,49.99,2024-01-01
17_OLDHAM_1379,17,OLDHAM,1379,Jim Beam Traveler,750mL,13,16.49,2024-01-01
10_HORNSEY_46023,10,HORNSEY,46023,Spellbound Petite Sirah Cal,750mL,47,11.99,2024-01-01
33_HORNSEY_6542,33,HORNSEY,6542,Melini Borghi D'Elsa Chiant,750mL,50,6.99,2024-01-01
22_SHARNWICK_44084,22,SHARNWICK,44084,Wente Riverbank Rsl Monterey,750mL,7,12.99,2024-01-01
41_LARNWICK_3704,41,LARNWICK,3704,Ciroc Pineapple Vodka,750mL,19,24.99,2024-01-01
38_GOULCREST_25082,38,GOULCREST,25082,Jadot Bouzeron 13,750mL,10,21.99,2024-01-01
14_BROMWICH_18152,14,BROMWICH,18152,Banfi Centine Mntcln Tscna,750mL,41,10.99,2024-01-01
32_MOUNTMEND_5358,32,MOUNTMEND,5358,Irish Mist Honey Liqueur,750mL,6,25.99,2024-01-01
39_EASTHALLOW_22192,39,EASTHALLOW,22192,Placido Chianti,1.5L,6,12.99,2024-01-01
15_WANBORNE_6575,15,WANBORNE,6575,Kendall Jackson RSV Svgn Bl,750mL,28,9.99,2024-01-01
15_WANBORNE_38950,15,WANBORNE,38950,Corvo Sicily Nero D'Avola,750mL,18,9.99,2024-01-01
17_OLDHAM_4686,17,OLDHAM,4686,Courvoisier VS Cognac,1.75L,2,58.99,2024-01-01
34_PITMERDEN_10441,34,PITMERDEN,10441,Charles Smith Boom Boom Syra,750mL,10,15.99,2024-01-01
1_HARDERSFIELD_18813,1,HARDERSFIELD,18813,Sweet Baby Vyds Raspberry,375mL,12,11.99,2024-01-01
10_HORNSEY_547,10,HORNSEY,547,DeKuyper Buttershots,Liter,9,12.99,2024-01-01
38_GOULCREST_34971,38,GOULCREST,34971,Jermann Pinot Grigio Venezi,750mL,17,24.99,2024-01-01
17_OLDHAM_7198,17,OLDHAM,7198,New Amsterdam Pineapple Vdka,750mL,4,9.99,2024-01-01
31_HORNSEY_3201,31,HORNSEY,3201,Plymouth Gin,750mL,5,29.99,2024-01-01
5_SUTTON_1415,5,SUTTON,1415,Old Grand Dad,750mL,11,12.99,2024-01-01
17_OLDHAM_6647,17,OLDHAM,6647,Estancia Chard,750mL,17,8.99,2024-01-01
33_HORNSEY_3747,33,HORNSEY,3747,Gordons Vodka Traveler,750mL,19,6.99,2024-01-01
34_PITMERDEN_2598,34,PITMERDEN,2598,Firefly Apple Pie Moonshine,750mL,18,14.99,2024-01-01
21_BALERNO_35294,21,BALERNO,35294,Mionetto Prosecco Brut,187mL,5,4.99,2024-01-01
7_STANMORE_5815,7,STANMORE,5815,Godiva Dark Chocolate,750mL,26,21.99,2024-01-01
34_PITMERDEN_23353,34,PITMERDEN,23353,Parducci True Grit 11 Cab Sv,750mL,54,15.99,2024-01-01
14_BROMWICH_32826,14,BROMWICH,32826,Rombauer Carneros Chard,750mL,2,32.95,2024-01-01
21_BALERNO_24503,21,BALERNO,24503,Far Niente Chard Napa,750mL,8,69.99,2024-01-01
15_WANBORNE_5780,15,WANBORNE,5780,Malibu Black,750mL,4,13.99,2024-01-01
38_GOULCREST_18209,38,GOULCREST,18209,Pulenta Est Gran Corte Lujan,750mL,6,39.99,2024-01-01
35_HALIVAARA_1133,35,HALIVAARA,1133,Glenmorangie Collection 4 Pk,100mL 4 Pk,8,31.99,2024-01-01
21_BALERNO_3487,21,BALERNO,3487,Stolichnaya Blueberi,750mL,11,16.99,2024-01-01
18_FURNESS_11141,18,FURNESS,11141,C K Mondavi Chard,1.5L,7,9.99,2024-01-01
14_BROMWICH_3425,14,BROMWICH,3425,Olmeca Altos Plata Tequila,750mL,8,20.99,2024-01-01
11_CARDEND_3510,11,CARDEND,3510,Smirnoff Light Lemon Sorbet,750mL,26,12.99,2024-01-01
38_GOULCREST_4234,38,GOULCREST,4234,Bacardi Pineapple Fusion,750mL,27,9.99,2024-01-01
2_ASHBORNE_3462,2,ASHBORNE,3462,Absolut Ruby Red,750mL,2,17.99,2024-01-01
16_LUNDY_31493,16,LUNDY,31493,Barefoot Merlot Cal,750mL,5,4.99,2024-01-01
9_BLACKPOOL_8012,9,BLACKPOOL,8012,Pepe Lopez Premium Gold,Liter,12,9.99,2024-01-01
18_FURNESS_8898,18,FURNESS,8898,Yukon Jack,1.75L,9,25.99,2024-01-01
2_ASHBORNE_35375,2,ASHBORNE,35375,Hess Allomi Cab Svgn,750mL,13,29.99,2024-01-01
38_GOULCREST_23797,38,GOULCREST,23797,Mayu Carmenere Syrah,750mL,72,14.99,2024-01-01
25_CAERSHIRE_35103,25,CAERSHIRE,35103,Ruffino Chianti Superiore,750mL,13,9.99,2024-01-01
38_GOULCREST_3794,38,GOULCREST,3794,Cabo Wabo Reposado Tequila,750mL,8,36.99,2024-01-01
38_GOULCREST_24193,38,GOULCREST,24193,Ch Montaud Cotes de Provence,1.5L,14,23.99,2024-01-01
33_HORNSEY_15916,33,HORNSEY,15916,Simply Naked Pnt Grigio,750mL,16,8.99,2024-01-01
27_MOUNTMEND_4662,27,MOUNTMEND,4662,Capt Morgan White Traveler,1.75L,3,19.99,2024-01-01
3_HORNSEY_5669,3,HORNSEY,5669,Fabrizia Blood Orange,750mL,9,16.99,2024-01-01
41_LARNWICK_7977,41,LARNWICK,7977,M & R X Dry Vermouth,1.5L,15,10.49,2024-01-01
7_STANMORE_4488,7,STANMORE,4488,Zhenka Tropical Dark Rum,1.75L,14,11.49,2024-01-01
27_MOUNTMEND_2661,27,MOUNTMEND,2661,Laphroaig Cask Strength 10Yr,750mL,3,61.99,2024-01-01
23_ARBINGTON_43245,23,ARBINGTON,43245,Sterling Vntrs Pnt Grigio,750mL,10,9.99,2024-01-01
29_AYLESBURY_31203,29,AYLESBURY,31203,Beringer Fndrs Est Merlot,750mL,5,8.99,2024-01-01
28_LARNWICK_3397,28,LARNWICK,3397,Ciroc Red Berry Vodka,750mL,12,24.99,2024-01-01
10_HORNSEY_5365,10,HORNSEY,5365,Kahlua,750mL,131,18.99,2024-01-01
38_GOULCREST_4152,38,GOULCREST,4152,Jenkins Rum,750mL,14,4.99,2024-01-01
36_LEWES_6574,36,LEWES,6574,Franzia Tap Wh Znfdl Cal,5L,12,16.99,2024-01-01
37_PAETHSMOUTH_4075,37,PAETHSMOUTH,4075,Bacardi Pineapple Fusion,1.75L,6,19.99,2024-01-01
33_HORNSEY_32988,33,HORNSEY,32988,Barefoot Cab Svgn Cal,750mL,29,4.99,2024-01-01
9_BLACKPOOL_4226,9,BLACKPOOL,4226,Bacardi Superior Rum Trav,750mL,49,9.99,2024-01-01
27_MOUNTMEND_6585,27,MOUNTMEND,6585,Kijafa Cherry,750mL,4,7.99,2024-01-01
10_HORNSEY_26427,10,HORNSEY,26427,Latour Pouilly Fuisse,750mL,11,23.99,2024-01-01
7_STANMORE_19552,7,STANMORE,19552,Tenuta Alzatura Sagrantino,750mL,11,19.99,2024-01-01
30_CULCHETH_4262,30,CULCHETH,4262,Capt Morgan Spiced Rum,750mL,61,16.99,2024-01-01
17_OLDHAM_4722,17,OLDHAM,4722,Remy Martin VSOP Cognac,750mL,4,34.99,2024-01-01
21_BALERNO_28239,21,BALERNO,28239,Fetzer Eagle Peak Merlot,1.5L,8,12.99,2024-01-01
20_BREDWARDINE_3072,20,BREDWARDINE,3072,Ciroc Peach Vodka,750mL,58,24.99,2024-01-01
6_GOULCREST_824,6,GOULCREST,824,Dewars White Label Scotch,Liter,29,26.99,2024-01-01
24_PALPERROTH_16794,24,PALPERROTH,16794,Freakshow Cab Svgn,750mL,30,17.99,2024-01-01
6_GOULCREST_4932,6,GOULCREST,4932,Arrow Ginger Brandy,750mL,3,7.99,2024-01-01
11_CARDEND_8203,11,CARDEND,8203,Grand Marnier,50mL,45,2.99,2024-01-01
24_PALPERROTH_3472,24,PALPERROTH,3472,Cazadores Blanco Tequila,750mL,12,14.99,2024-01-01
1_HARDERSFIELD_29407,1,HARDERSFIELD,29407,Wild Horse CC Merlot,750mL,43,15.99,2024-01-01
30_CULCHETH_28070,30,CULCHETH,28070,Sutter Home Moscato Cal,1.5L,2,9.99,2024-01-01
2_ASHBORNE_18013,2,ASHBORNE,18013,Cecchi Sangiovese,750mL,100,7.99,2024-01-01
21_BALERNO_28947,21,BALERNO,28947,R M Woodbridge Merlot Cal,1.5L,87,8.99,2024-01-01
18_FURNESS_6647,18,FURNESS,6647,Estancia Chard,750mL,29,8.99,2024-01-01
7_STANMORE_23307,7,STANMORE,23307,Ch St Sulpice,750mL,34,11.99,2024-01-01
7_STANMORE_4896,7,STANMORE,4896,Hiram Walker Coffee Brandy,1.75L,13,17.99,2024-01-01
34_PITMERDEN_12944,34,PITMERDEN,12944,Middle Sister Rebel Red,750mL,13,9.99,2024-01-01
14_BROMWICH_1760,14,BROMWICH,1760,William Grant Scotch,1.75L,12,25.99,2024-01-01
34_PITMERDEN_3754,34,PITMERDEN,3754,Smirnoff Blueberry Vodka,750mL,34,12.99,2024-01-01
23_ARBINGTON_1748,23,ARBINGTON,1748,William Grant Scotch,750mL,4,13.99,2024-01-01
14_BROMWICH_24246,14,BROMWICH,24246,Marco Barbanera Chianti DOCG,750mL,0,5.99,2024-01-01
6_GOULCREST_21329,6,GOULCREST,21329,Masi Campofiorin,750mL,5,15.99,2024-01-01
27_MOUNTMEND_31320,27,MOUNTMEND,31320,La Vieille Ferme Rose Vntoux,750mL,9,6.99,2024-01-01
34_PITMERDEN_5759,34,PITMERDEN,5759,Malibu Tropical Banana Rum,750mL,32,12.99,2024-01-01
38_GOULCREST_1672,38,GOULCREST,1672,Hpnotiq Sparkle,750mL,6,19.99,2024-01-01
25_CAERSHIRE_2665,25,CAERSHIRE,2665,Dewars White Label,750mL,17,19.99,2024-01-01
19_WINTERVALE_36874,19,WINTERVALE,36874,Yellow Tail Merlot Ausl,750mL,7,7.99,2024-01-01
25_CAERSHIRE_3545,25,CAERSHIRE,3545,Ketel One Vodka,1.75L,102,31.99,2024-01-01
21_BALERNO_26949,21,BALERNO,26949,Sonoma-Cutrer Chard RRV,750mL,15,22.99,2024-01-01
18_FURNESS_3050,18,FURNESS,3050,Bowman Vodka,1.75L,9,8.99,2024-01-01
12_LEESIDE_28138,12,LEESIDE,28138,Columbia Crest Grand Chard,750mL,70,9.99,2024-01-01
19_WINTERVALE_8112,19,WINTERVALE,8112,Stolichnaya,1.75L,32,24.99,2024-01-01
21_BALERNO_37821,21,BALERNO,37821,Frescobaldi Sangiovese Remo,750mL,9,13.99,2024-01-01
33_HORNSEY_8202,33,HORNSEY,8202,Sambuca Romana,750mL,24,17.99,2024-01-01
24_PALPERROTH_810,24,PALPERROTH,810,Bacardi Black Razz,750mL,9,9.99,2024-01-01
35_HALIVAARA_3668,35,HALIVAARA,3668,Belvedere Polish Vodka,1.75L,18,42.99,2024-01-01
7_STANMORE_37731,7,STANMORE,37731,Corbett Canyon Chard,3L,15,10.99,2024-01-01
34_PITMERDEN_1005,34,PITMERDEN,1005,Maker's Mark Combo Pack,375mL 2 Pk,17,34.99,2024-01-01
2_ASHBORNE_3511,2,ASHBORNE,3511,New Amsterdam Vodka,750mL,51,9.99,2024-01-01
9_BLACKPOOL_1238,9,BLACKPOOL,1238,The Glenlivet 12 Yr Single,50mL,19,4.99,2024-01-01
7_STANMORE_23635,7,STANMORE,23635,Tortoise Creek Rose le Charm,750mL,0,13.99,2024-01-01
30_CULCHETH_32969,30,CULCHETH,32969,Alice White Shiraz Ausl,1.5L,7,13.99,2024-01-01
12_LEESIDE_2121,12,LEESIDE,2121,Canadian Club Traveler,750mL,11,10.99,2024-01-01
10_HORNSEY_3364,10,HORNSEY,3364,Absolut Ruby Red,1.75L,51,24.99,2024-01-01
41_LARNWICK_3630,41,LARNWICK,3630,Stolichnaya Razberi,1.75L,47,24.99,2024-01-01
30_CULCHETH_1021,30,CULCHETH,1021,St Brendans Peppermint Bark,750mL,10,13.99,2024-01-01
32_MOUNTMEND_120,32,MOUNTMEND,120,Tarantula Azul Tequila Gift,750mL,3,13.99,2024-01-01
20_BREDWARDINE_8143,20,BREDWARDINE,8143,Perrier Jouet Grand Brut,750mL,17,34.99,2024-01-01
10_HORNSEY_15827,10,HORNSEY,15827,Frisk Prickly Rsl,750mL,5,9.99,2024-01-01
32_MOUNTMEND_2368,32,MOUNTMEND,2368,Balvenie 17 Yr Doublewood,750mL,5,139.99,2024-01-01
29_AYLESBURY_7423,29,AYLESBURY,7423,Manischewitz Concord Kosher,1.5L,5,7.99,2024-01-01
25_CAERSHIRE_6206,25,CAERSHIRE,6206,Midnight Moon Apple Pie,375mL,5,10.99,2024-01-01
15_WANBORNE_6783,15,WANBORNE,6783,Hawk Crest Cab Svgn,750mL,5,12.99,2024-01-01
22_SHARNWICK_36139,22,SHARNWICK,36139,Renzo Masi Chiant Rufina RS,750mL,9,14.99,2024-01-01
30_CULCHETH_41254,30,CULCHETH,41254,Ch St Jean Merlot Cal,750mL,13,11.99,2024-01-01
12_LEESIDE_8778,12,LEESIDE,8778,Bulleit Bourbon,1.75L,20,46.99,2024-01-01
5_SUTTON_4304,5,SUTTON,4304,Bacardi Mango Fusion,50mL,15,0.99,2024-01-01
20_BREDWARDINE_6168,20,BREDWARDINE,6168,Kinky Pink Liqueur,375mL,7,7.99,2024-01-01
8_ALNERWICK_39491,8,ALNERWICK,39491,Flag Hill Red Raspberry Fru,750mL,4,13.99,2024-01-01
39_EASTHALLOW_11957,39,EASTHALLOW,11957,Souverain Cab Svgn N Cst,750mL,7,14.99,2024-01-01
30_CULCHETH_4178,30,CULCHETH,4178,Fabrizia Limoncello,375mL,21,9.99,2024-01-01
19_WINTERVALE_3646,19,WINTERVALE,3646,Tarantula Azul Tequila,1.75L,6,19.99,2024-01-01
6_GOULCREST_15916,6,GOULCREST,15916,Simply Naked Pnt Grigio,750mL,6,8.99,2024-01-01
10_HORNSEY_32368,10,HORNSEY,32368,Cavit Pinot Noir Delle Vene,1.5L,72,9.99,2024-01-01
29_AYLESBURY_3583,29,AYLESBURY,3583,Smirnoff Orange Vodka,1.75L,5,17.99,2024-01-01
40_BULLMAR_8815,40,BULLMAR,8815,Ch Ste Michelle Chard Colmbi,750mL,52,8.99,2024-01-01
22_SHARNWICK_14006,22,SHARNWICK,14006,Apothic Winemakers Red Blend,750mL,97,9.99,2024-01-01
7_STANMORE_3154,7,STANMORE,3154,New Amsterdam Peach Vodka,750mL,10,9.99,2024-01-01
1_HARDERSFIELD_13968,1,HARDERSFIELD,13968,Spellbound Chard,750mL,25,13.99,2024-01-01
17_OLDHAM_27596,17,OLDHAM,27596,MezzaCorona Pnt Grigio,750mL,13,7.89,2024-01-01
2_ASHBORNE_12943,2,ASHBORNE,12943,Middle Sister Drama Queen Pi,750mL,8,9.99,2024-01-01
29_AYLESBURY_2589,29,AYLESBURY,2589,Jameson Irish Whiskey,1.75L,24,39.99,2024-01-01
10_HORNSEY_15076,10,HORNSEY,15076,Cigar Box Cab Svgn Valle Cen,750mL,6,11.99,2024-01-01
30_CULCHETH_22398,30,CULCHETH,22398,Allegrini Sondraia,750mL,12,49.99,2024-01-01
35_HALIVAARA_4218,35,HALIVAARA,4218,Sailor Jerry Spiced Navy Rum,750mL,11,16.99,2024-01-01
4_EANVERNESS_45823,4,EANVERNESS,45823,Masciarelli Trebbiano Abruzo,750mL,2,9.99,2024-01-01
30_CULCHETH_26945,30,CULCHETH,26945,Ferrari-Carano Fume Bl,750mL,6,12.99,2024-01-01
8_ALNERWICK_743,8,ALNERWICK,743,Angels Envy Whiskey,750mL,4,49.99,2024-01-01
39_EASTHALLOW_3629,39,EASTHALLOW,3629,Flag Hill White Rum,750mL,18,25.99,2024-01-01
34_PITMERDEN_4945,34,PITMERDEN,4945,Jacquin Ginger Brandy,750mL,24,9.49,2024-01-01
21_BALERNO_602,21,BALERNO,602,McCormick Blended Whiskey,Liter,11,7.29,2024-01-01
34_PITMERDEN_5662,34,PITMERDEN,5662,Skinnygirl W Peach Margarita,750mL,28,10.99,2024-01-01
5_SUTTON_28947,5,SUTTON,28947,R M Woodbridge Merlot Cal,1.5L,13,8.99,2024-01-01
40_BULLMAR_7990,40,BULLMAR,7990,Noilly Prat Sweet Vermouth,Liter,10,9.99,2024-01-01
12_LEESIDE_12213,12,LEESIDE,12213,Evodia Garnacha Old Vine,750mL,23,8.99,2024-01-01
23_ARBINGTON_2882,23,ARBINGTON,2882,Highland Park 18 Yr Single,750mL,4,124.99,2024-01-01
26_KNIFE'S EDGE_4829,26,KNIFE'S EDGE,4829,Mr Boston Blackberry Brandy,1.75L,19,13.99,2024-01-01
5_SUTTON_3780,5,SUTTON,3780,Three Olives Raspberry Vodk,750mL,17,14.99,2024-01-01
30_CULCHETH_27854,30,CULCHETH,27854,F Coppola Black Label Claret,750mL,33,16.99,2024-01-01
2_ASHBORNE_2105,2,ASHBORNE,2105,Black Velvet Toasted Caramel,750mL,6,9.99,2024-01-01
19_WINTERVALE_16843,19,WINTERVALE,16843,Barefoot Cellars Red Moscato,750mL,6,4.99,2024-01-01
39_EASTHALLOW_5367,39,EASTHALLOW,5367,Sambuca di Amore,750mL,11,9.99,2024-01-01
11_CARDEND_680,11,CARDEND,680,Midnight Moon Strawberry,750mL,6,19.99,2024-01-01
18_FURNESS_26945,18,FURNESS,26945,Ferrari-Carano Fume Bl,750mL,17,12.99,2024-01-01
30_CULCHETH_2682,30,CULCHETH,2682,The Glendronach 12 Yr Scotch,750mL,7,52.99,2024-01-01
31_HORNSEY_2520,31,HORNSEY,2520,The Macallan 12 Yr Old,750mL,12,56.99,2024-01-01
4_EANVERNESS_11214,4,EANVERNESS,11214,Caymus Cab Svgn Napa Vly,750mL,10,74.99,2024-01-01
33_HORNSEY_3847,33,HORNSEY,3847,Grey Goose Vodka,50mL,89,3.99,2024-01-01
15_WANBORNE_31419,15,WANBORNE,31419,Sandeman Ruby Port,750mL,7,11.99,2024-01-01
35_HALIVAARA_3781,35,HALIVAARA,3781,Three Olives Vanilla Vodka,750mL,4,11.99,2024-01-01
25_CAERSHIRE_8021,25,CAERSHIRE,8021,Glenfiddich Special Rsv 12,750mL,15,42.99,2024-01-01
15_WANBORNE_21410,15,WANBORNE,21410,Goose Bay Svgn Bl,750mL,10,18.99,2024-01-01
4_EANVERNESS_2851,4,EANVERNESS,2851,Mother's Apple Pie Liqueur,750mL,8,8.99,2024-01-01
14_BROMWICH_46023,14,BROMWICH,46023,Spellbound Petite Sirah Cal,750mL,35,11.99,2024-01-01
34_PITMERDEN_25104,34,PITMERDEN,25104,Nickel&Nickel Truchard Chard,750mL,1,46.99,2024-01-01
25_CAERSHIRE_3677,25,CAERSHIRE,3677,Shady Fruit Valencia Orange,750mL,2,11.99,2024-01-01
14_BROMWICH_16159,14,BROMWICH,16159,Gnarly Head Authentic Red,750mL,20,9.99,2024-01-01
15_WANBORNE_22447,15,WANBORNE,22447,Pizzolato Pnt Grigio,750mL,33,6.99,2024-01-01
7_STANMORE_33874,7,STANMORE,33874,Bella Sera Pinot Grigio Del,1.5L,33,9.99,2024-01-01
1_HARDERSFIELD_20771,1,HARDERSFIELD,20771,Chehalem Ridge Crest Vyds Pn,750mL,8,41.99,2024-01-01
4_EANVERNESS_4135,4,EANVERNESS,4135,Smirnoff Blueberry Vodka,50mL,161,0.99,2024-01-01
33_HORNSEY_22935,33,HORNSEY,22935,Adelsheim Bryan Creek Pnt Nr,750mL,3,69.99,2024-01-01
38_GOULCREST_32338,38,GOULCREST,32338,Stags Leap WC Aveta Svgn Bl,750mL,24,24.99,2024-01-01
6_GOULCREST_3967,6,GOULCREST,3967,Deep Eddy Ruby Red,750mL,22,18.99,2024-01-01
20_BREDWARDINE_1692,20,BREDWARDINE,1692,Everclear 151,750mL,25,18.49,2024-01-01
6_GOULCREST_2779,6,GOULCREST,2779,Wicked 87 Whiskey,750mL,11,19.99,2024-01-01
35_HALIVAARA_3787,35,HALIVAARA,3787,Jose Cuervo Especial Silver,750mL,15,16.99,2024-01-01
21_BALERNO_20864,21,BALERNO,20864,W Hill Est Merlot Cntrl Cst,750mL,21,12.99,2024-01-01
27_MOUNTMEND_4199,27,MOUNTMEND,4199,Sauza Blanco Tequila,1.75L,8,21.99,2024-01-01
24_PALPERROTH_2780,24,PALPERROTH,2780,Bulleit 10 Yr Old Bourbon,750mL,16,38.99,2024-01-01
37_PAETHSMOUTH_5713,37,PAETHSMOUTH,5713,DeKuyper Sour Apple Pucker,1.75L,7,16.99,2024-01-01
4_EANVERNESS_19260,4,EANVERNESS,19260,The Beach House Pinot Grigio,750mL,13,9.99,2024-01-01
1_HARDERSFIELD_858,1,HARDERSFIELD,858,Canadian Club,Liter,5,11.99,2024-01-01
14_BROMWICH_8910,14,BROMWICH,8910,Finlandia Vodka,50mL,92,0.99,2024-01-01
33_HORNSEY_36161,33,HORNSEY,36161,Ch Ste Michelle Pnt Gris Was,750mL,5,8.99,2024-01-01
17_OLDHAM_598,17,OLDHAM,598,Stolichnaya Ohranj Orange,Liter,3,22.99,2024-01-01
10_HORNSEY_41159,10,HORNSEY,41159,Phillips Earthquake Ld Znfdl,750mL,73,23.99,2024-01-01
7_STANMORE_23229,7,STANMORE,23229,Ch St Jean Belle Terre Chard,750mL,27,14.99,2024-01-01
30_CULCHETH_8704,30,CULCHETH,8704,Beringer Chard Napa Vly,750mL,12,14.99,2024-01-01
41_LARNWICK_4359,41,LARNWICK,4359,Mr Boston Light Rum,1.75L,27,10.99,2024-01-01
37_PAETHSMOUTH_757,37,PAETHSMOUTH,757,Jim Beam Rye,750mL,13,17.99,2024-01-01
14_BROMWICH_15979,14,BROMWICH,15979,Moonlight Meadery Wild,375mL,6,12.99,2024-01-01
17_OLDHAM_8223,17,OLDHAM,8223,Dom Chandon Blanc de Noir C,750mL,3,13.99,2024-01-01
2_ASHBORNE_24997,2,ASHBORNE,24997,William Hill Est Merlot Napa,750mL,8,28.99,2024-01-01
30_CULCHETH_2586,30,CULCHETH,2586,Jameson Irish Whiskey,50mL,23,2.99,2024-01-01
39_EASTHALLOW_8526,39,EASTHALLOW,8526,Chambord Royale de France,750mL,16,27.99,2024-01-01
18_FURNESS_4703,18,FURNESS,4703,Blue Chair Bay Coconut Rum,50mL,70,0.99,2024-01-01
14_BROMWICH_2604,14,BROMWICH,2604,Johnnie Walker Collection 4,200mL 4 Pk,3,99.99,2024-01-01
16_LUNDY_8474,16,LUNDY,8474,1800 Reposado Gold Tequila,1.75L,5,41.99,2024-01-01
38_GOULCREST_5661,38,GOULCREST,5661,Dr McGillicuddy's Root Beer,750mL,10,12.99,2024-01-01
25_CAERSHIRE_18381,25,CAERSHIRE,18381,Block Nine Caiden Vyd Pnt Nr,750mL,9,12.99,2024-01-01
21_BALERNO_1892,21,BALERNO,1892,Yukon Jack,50mL,81,0.99,2024-01-01
6_GOULCREST_77,6,GOULCREST,77,Three Olives Espresso Vodka,750mL,18,14.99,2024-01-01
23_ARBINGTON_5911,23,ARBINGTON,5911,Faretti Biscotti Liqueur,750mL,3,33.99,2024-01-01
11_CARDEND_3788,11,CARDEND,3788,Patron Silver Tequila,375mL,4,25.99,2024-01-01
14_BROMWICH_7302,14,BROMWICH,7302,Marques de Caceres Rioja Re,750mL,35,10.99,2024-01-01
17_OLDHAM_28081,17,OLDHAM,28081,Gandia Hoya de Cadenas RSV,750mL,11,8.99,2024-01-01
6_GOULCREST_703,6,GOULCREST,703,Skyy Infusions Citrus Vodka,Liter,3,16.49,2024-01-01
10_HORNSEY_27461,10,HORNSEY,27461,Ecco Domani Pnt Grigio Venez,750mL,12,8.99,2024-01-01
33_HORNSEY_16869,33,HORNSEY,16869,Cupcake Chianti,750mL,7,6.99,2024-01-01
30_CULCHETH_11499,30,CULCHETH,11499,C Krug Cab Svgn,750mL,6,26.99,2024-01-01
34_PITMERDEN_16179,34,PITMERDEN,16179,Perrier Jouet Blason Rose,750mL,0,49.99,2024-01-01
34_PITMERDEN_44493,34,PITMERDEN,44493,Neal Cab Svgn Napa,750mL,11,45.99,2024-01-01
29_AYLESBURY_8200,29,AYLESBURY,8200,Chambord Liqueur de France,50mL,23,2.99,2024-01-01
4_EANVERNESS_6042,4,EANVERNESS,6042,Maurice's Mentholated Mint,750mL,12,11.99,2024-01-01
17_OLDHAM_361,17,OLDHAM,361,Effen Cucumber Vodka,750mL,4,19.99,2024-01-01
15_WANBORNE_4453,15,WANBORNE,4453,Pitu Brazilian Rum Cachaca,750mL,7,13.99,2024-01-01
12_LEESIDE_5316,12,LEESIDE,5316,Amaretto DiSaronno,50mL,35,2.29,2024-01-01
26_KNIFE'S EDGE_1416,26,KNIFE'S EDGE,1416,Old Grand Dad,1.75L,2,27.99,2024-01-01
33_HORNSEY_5587,33,HORNSEY,5587,Jose Cuervo Golden Margarita,1.75L,18,19.99,2024-01-01
34_PITMERDEN_21581,34,PITMERDEN,21581,Epiphany Revelation,750mL,5,30.99,2024-01-01
23_ARBINGTON_42117,23,ARBINGTON,42117,Jewell Towne Chardonnay,750mL,7,14.49,2024-01-01
7_STANMORE_870,7,STANMORE,870,Carpano Antica Formula,Liter,7,26.99,2024-01-01
33_HORNSEY_2722,33,HORNSEY,2722,J & B Rare,750mL,16,21.99,2024-01-01
9_BLACKPOOL_28856,9,BLACKPOOL,28856,Seghesio Znfdl Sonoma,750mL,17,19.99,2024-01-01
18_FURNESS_41713,18,FURNESS,41713,Fish Eye Merlot,750mL,8,5.99,2024-01-01
7_STANMORE_8637,7,STANMORE,8637,Metaxa Ouzo,750mL,13,16.99,2024-01-01
6_GOULCREST_2582,6,GOULCREST,2582,Firefly Blackberry Moonshine,750mL,10,14.99,2024-01-01
27_MOUNTMEND_4346,27,MOUNTMEND,4346,Mr Boston Dark Rum,1.75L,31,10.99,2024-01-01
7_STANMORE_8526,7,STANMORE,8526,Chambord Royale de France,750mL,16,27.99,2024-01-01
5_SUTTON_5847,5,SUTTON,5847,Godiva Chocolate Liqueur,750mL,7,21.99,2024-01-01
40_BULLMAR_5311,40,BULLMAR,5311,Amaretto DiSaronno,1.75L,12,34.99,2024-01-01
34_PITMERDEN_4762,34,PITMERDEN,4762,Hartley Brandy VS,750mL,55,6.99,2024-01-01
10_HORNSEY_17216,10,HORNSEY,17216,Gerard Metz Pnt Gris,750mL,9,18.99,2024-01-01
4_EANVERNESS_5952,4,EANVERNESS,5952,Jagermeister Liqueur,50mL,74,1.99,2024-01-01
38_GOULCREST_23259,38,GOULCREST,23259,Vegan Vines Chard,750mL,0,8.99,2024-01-01
31_HORNSEY_2954,31,HORNSEY,2954,Highland Park 12 Yr Single,750mL,3,46.99,2024-01-01
35_HALIVAARA_21277,35,HALIVAARA,21277,Nicholson Ranch Chard Son Ct,750mL,6,19.99,2024-01-01
38_GOULCREST_23185,38,GOULCREST,23185,Lee Family Farm Albarino Mon,750mL,18,17.99,2024-01-01
32_MOUNTMEND_24003,32,MOUNTMEND,24003,Corbett Canyon Cab Svgn,1.5L,22,8.99,2024-01-01
21_BALERNO_4370,21,BALERNO,4370,Ron Virgin White,1.75L,8,10.99,2024-01-01
37_PAETHSMOUTH_7715,37,PAETHSMOUTH,7715,Andre Extra Dry,750mL,2,4.49,2024-01-01
23_ARBINGTON_33148,23,ARBINGTON,33148,Alamos Ridge Chard Mendoza,750mL,16,9.99,2024-01-01
14_BROMWICH_3851,14,BROMWICH,3851,Grey Goose Vodka,375mL,26,15.99,2024-01-01
25_CAERSHIRE_7868,25,CAERSHIRE,7868,Mumm Cordon Rouge Brut,750mL,13,35.99,2024-01-01
23_ARBINGTON_18856,23,ARBINGTON,18856,Barefoot Refresh Sweet White,750mL,14,5.99,2024-01-01
39_EASTHALLOW_35414,39,EASTHALLOW,35414,Yellow Tail Shiraz Ausl,1.5L,41,8.95,2024-01-01
35_HALIVAARA_2833,35,HALIVAARA,2833,Old Smuggler,Liter,1,9.99,2024-01-01
12_LEESIDE_6524,12,LEESIDE,6524,Rosemount Diamond Shiraz,750mL,24,6.99,2024-01-01
32_MOUNTMEND_20507,32,MOUNTMEND,20507,Ch la Pointe Pomerol,750mL,3,31.99,2024-01-01
23_ARBINGTON_31500,23,ARBINGTON,31500,Barefoot Wh Znfdl Cal,750mL,23,4.99,2024-01-01
20_BREDWARDINE_6567,20,BREDWARDINE,6567,Clos du Bois Merlot N Cst,750mL,26,8.99,2024-01-01
7_STANMORE_5828,7,STANMORE,5828,Ryans Irish Cream,750mL,12,8.99,2024-01-01
23_ARBINGTON_28312,23,ARBINGTON,28312,Gallo Copperidge Merlot Cal,1.5L,6,6.99,2024-01-01
11_CARDEND_5228,11,CARDEND,5228,DeKuyper Wh Cr de Menthe,750mL,16,8.99,2024-01-01
36_LEWES_8118,36,LEWES,8118,Mr Boston Blackberry Brandy,750mL,12,5.99,2024-01-01
10_HORNSEY_4491,10,HORNSEY,4491,Calvados Marquis De St Loup,750mL,10,28.99,2024-01-01
10_HORNSEY_40545,10,HORNSEY,40545,Whitehaven Svgn Bl Marlboro,750mL,40,14.99,2024-01-01
20_BREDWARDINE_13258,20,BREDWARDINE,13258,ChocoVine,750mL,10,9.99,2024-01-01
15_WANBORNE_11926,15,WANBORNE,11926,The Crusher Cab Svgn,750mL,5,11.99,2024-01-01
16_LUNDY_2499,16,LUNDY,2499,Crown Royal Black,750mL,13,27.99,2024-01-01
23_ARBINGTON_2121,23,ARBINGTON,2121,Canadian Club Traveler,750mL,26,10.99,2024-01-01
4_EANVERNESS_3539,4,EANVERNESS,3539,MacGavin's Highland Scotch,750mL,13,24.99,2024-01-01
29_AYLESBURY_3310,29,AYLESBURY,3310,Pinnacle Vodka,375mL,14,5.99,2024-01-01
39_EASTHALLOW_2924,39,EASTHALLOW,2924,Speyburn 10-Yr Single Malt,750mL,5,23.99,2024-01-01
24_PALPERROTH_4265,24,PALPERROTH,4265,Capt Morgan Spiced Rum,375mL,22,10.99,2024-01-01
21_BALERNO_17748,21,BALERNO,17748,Black Box Pnt Grigio,500mL,6,3.99,2024-01-01
32_MOUNTMEND_4989,32,MOUNTMEND,4989,Martell VS Cognac,750mL,9,21.99,2024-01-01
1_HARDERSFIELD_21576,1,HARDERSFIELD,21576,Chalk Hill Chard,750mL,4,19.99,2024-01-01
15_WANBORNE_1238,15,WANBORNE,1238,The Glenlivet 12 Yr Single,50mL,93,4.99,2024-01-01
21_BALERNO_3216,21,BALERNO,3216,Fleischmanns X Dry Gin,1.75L,27,9.99,2024-01-01
25_CAERSHIRE_44290,25,CAERSHIRE,44290,Woop Woop Cab Svgn,750mL,12,15.99,2024-01-01
40_BULLMAR_3923,40,BULLMAR,3923,Don Julio 1942 Anejo Tequila,750mL,6,133.99,2024-01-01
7_STANMORE_3761,7,STANMORE,3761,Ciroc Apple Vodka,1.75L,12,47.99,2024-01-01
37_PAETHSMOUTH_4664,37,PAETHSMOUTH,4664,Hennessy Black Cognac,750mL,12,34.99,2024-01-01
33_HORNSEY_11825,33,HORNSEY,11825,Cupcake Cab Svgn,750mL,57,7.49,2024-01-01
7_STANMORE_2619,7,STANMORE,2619,Glenmorangie Original 10 Yr,1.75L,0,64.99,2024-01-01
20_BREDWARDINE_5146,20,BREDWARDINE,5146,Pama Pomegranate Liqueur,750mL,15,17.99,2024-01-01
18_FURNESS_3042,18,FURNESS,3042,Ciroc Red Berry Vodka,375mL,1,15.49,2024-01-01
11_CARDEND_5315,11,CARDEND,5315,B & B Liqueur Dom,750mL,36,24.99,2024-01-01
8_ALNERWICK_4389,8,ALNERWICK,4389,Amaro Montenegro Liqueur,750mL,4,22.99,2024-01-01
41_LARNWICK_5773,41,LARNWICK,5773,Kahlua Midnight,750mL,13,19.99,2024-01-01
23_ARBINGTON_43673,23,ARBINGTON,43673,Blackstone Montry Pnt Grigio,750mL,12,8.99,2024-01-01
6_GOULCREST_24029,6,GOULCREST,24029,William Hill Est Pnt Nr CC,750mL,4,14.99,2024-01-01
10_HORNSEY_11219,10,HORNSEY,11219,Josh Cellars Cab Svgn Sonoma,750mL,70,13.99,2024-01-01
18_FURNESS_3025,18,FURNESS,3025,Ciroc Snap Frost Vodka,375mL,7,15.49,2024-01-01
2_ASHBORNE_8778,2,ASHBORNE,8778,Bulleit Bourbon,1.75L,23,46.99,2024-01-01
12_LEESIDE_38133,12,LEESIDE,38133,Il Bastardo Sangiovese Tosc,750mL,44,7.99,2024-01-01
32_MOUNTMEND_5525,32,MOUNTMEND,5525,Fernet-Branca Italian Liquer,750mL,7,24.99,2024-01-01
25_CAERSHIRE_8312,25,CAERSHIRE,8312,Bols Curacao Orange,750mL,16,9.99,2024-01-01
4_EANVERNESS_1956,4,EANVERNESS,1956,Balvenie 12 Yr Doublewood S,750mL,5,56.99,2024-01-01
7_STANMORE_29835,7,STANMORE,29835,Casal Garcia Vinho Verde Wh,750mL,15,7.99,2024-01-01
15_WANBORNE_3539,15,WANBORNE,3539,MacGavin's Highland Scotch,750mL,5,24.99,2024-01-01
30_CULCHETH_3524,30,CULCHETH,3524,Pravda Polish Vodka,750mL,4,19.99,2024-01-01
29_AYLESBURY_23095,29,AYLESBURY,23095,Glen Ellen Cab Svgn RSV,1.5L,5,6.99,2024-01-01
33_HORNSEY_4283,33,HORNSEY,4283,Hochstadter's Slow and Low,750mL,11,18.99,2024-01-01
1_HARDERSFIELD_1862,1,HARDERSFIELD,1862,John Power Irish Whiskey,750mL,15,25.99,2024-01-01
22_SHARNWICK_3472,22,SHARNWICK,3472,Cazadores Blanco Tequila,750mL,9,14.99,2024-01-01
4_EANVERNESS_6651,4,EANVERNESS,6651,Rocca Delle Macie Chianti C,750mL,7,11.99,2024-01-01
35_HALIVAARA_854,35,HALIVAARA,854,Seagrams VO Canadian Whiskey,Liter,18,15.99,2024-01-01
22_SHARNWICK_376,22,SHARNWICK,376,Aperol Liqueur,750mL,7,28.99,2024-01-01
35_HALIVAARA_5277,35,HALIVAARA,5277,Arrow Sloe Gin,750mL,3,7.99,2024-01-01
15_WANBORNE_8289,15,WANBORNE,8289,E.H.Taylor Jr Single Barrel,750mL,6,59.99,2024-01-01
23_ARBINGTON_2814,23,ARBINGTON,2814,Hudson Bay Bourbon,375mL,0,39.99,2024-01-01
20_BREDWARDINE_36874,20,BREDWARDINE,36874,Yellow Tail Merlot Ausl,750mL,45,7.99,2024-01-01
16_LUNDY_16260,16,LUNDY,16260,The Dreaming Tree Cab Svgn,750mL,12,11.99,2024-01-01
12_LEESIDE_1345,12,LEESIDE,1345,Basil Hayden Bourbon,750mL,15,37.99,2024-01-01
32_MOUNTMEND_3326,32,MOUNTMEND,3326,Jenkins Gin,1.75L,18,9.49,2024-01-01
20_BREDWARDINE_43365,20,BREDWARDINE,43365,Cavit Riesling Trentino,1.5L,9,9.99,2024-01-01
38_GOULCREST_5292,38,GOULCREST,5292,Rumpleminze,750mL,20,17.99,2024-01-01
35_HALIVAARA_833,35,HALIVAARA,833,Bols White Creme De Cacao,Liter,9,9.99,2024-01-01
39_EASTHALLOW_6859,39,EASTHALLOW,6859,C Y Toro Frontera Chard,1.5L,13,10.99,2024-01-01
23_ARBINGTON_23877,23,ARBINGTON,23877,Love Lane Carmenere,750mL,10,10.99,2024-01-01
32_MOUNTMEND_46098,32,MOUNTMEND,46098,Ch Ste Michelle Rsl Dry Colu,750mL,9,8.99,2024-01-01
28_LARNWICK_1896,28,LARNWICK,1896,The Glenlivet 18 Yr Single,750mL,8,99.99,2024-01-01
38_GOULCREST_3969,38,GOULCREST,3969,Jose Cuervo Tradicional,750mL,19,19.99,2024-01-01
37_PAETHSMOUTH_11213,37,PAETHSMOUTH,11213,Meiomi Pnt Nr,750mL,7,18.99,2024-01-01
22_SHARNWICK_3420,22,SHARNWICK,3420,New Amsterdam Coconut Vodka,750mL,6,9.99,2024-01-01
33_HORNSEY_8205,33,HORNSEY,8205,Frangelico Hazelnut Liqueur,50mL,12,1.99,2024-01-01
36_LEWES_8242,36,LEWES,8242,Folonari Soave Dry White,1.5L,8,12.99,2024-01-01
34_PITMERDEN_42881,34,PITMERDEN,42881,La Bastarda Pnt Gr Sicily,750mL,139,8.99,2024-01-01
3_HORNSEY_14006,3,HORNSEY,14006,Apothic Winemakers Red Blend,750mL,14,9.99,2024-01-01
41_LARNWICK_6145,41,LARNWICK,6145,Marcus James Cab Svgn,1.5L,8,7.99,2024-01-01
9_BLACKPOOL_2597,9,BLACKPOOL,2597,Beefeater 24,750mL,3,21.99,2024-01-01
33_HORNSEY_11337,33,HORNSEY,11337,Freemark Abbey Merlot Napa,750mL,15,27.99,2024-01-01
17_OLDHAM_4945,17,OLDHAM,4945,Jacquin Ginger Brandy,750mL,8,9.49,2024-01-01
4_EANVERNESS_19648,4,EANVERNESS,19648,Dachshund Rsl,750mL,10,13.99,2024-01-01
29_AYLESBURY_8338,29,AYLESBURY,8338,The Glenlivet 12 Yr Single,375mL,3,21.99,2024-01-01
20_BREDWARDINE_6314,20,BREDWARDINE,6314,Livingston Burgundy Calif,3L,4,11.99,2024-01-01
25_CAERSHIRE_19336,25,CAERSHIRE,19336,Moletto Prosecco,187mL,19,3.99,2024-01-01
24_PALPERROTH_9219,24,PALPERROTH,9219,Mojoshot Sourberry RTD,50mL,2,0.99,2024-01-01
21_BALERNO_14539,21,BALERNO,14539,Dom de Dionysos La Deveze,750mL,55,14.99,2024-01-01
27_MOUNTMEND_18152,27,MOUNTMEND,18152,Banfi Centine Mntcln Tscna,750mL,13,10.99,2024-01-01
4_EANVERNESS_8943,4,EANVERNESS,8943,Malibu Rum Sparkler RTD,750mL,13,14.99,2024-01-01
33_HORNSEY_5251,33,HORNSEY,5251,DeKuyper Buttershots Schnpps,50mL,12,0.99,2024-01-01
16_LUNDY_3984,16,LUNDY,3984,Sauza Tres Generacions Anejo,750mL,6,41.99,2024-01-01
1_HARDERSFIELD_45332,1,HARDERSFIELD,45332,Cono Sur Pnt Nr Rapel,750mL,12,6.99,2024-01-01
7_STANMORE_5195,7,STANMORE,5195,Jenkins Melon Liqueur,750mL,9,5.99,2024-01-01
41_LARNWICK_1271,41,LARNWICK,1271,Jeffersons Reserve Bourbon,750mL,12,49.99,2024-01-01
22_SHARNWICK_8474,22,SHARNWICK,8474,1800 Reposado Gold Tequila,1.75L,4,41.99,2024-01-01
9_BLACKPOOL_5735,9,BLACKPOOL,5735,Malibu Rum,750mL,61,12.99,2024-01-01
13_TARMSWORTH_538,13,TARMSWORTH,538,Amaretto DiSaronno,375mL,8,10.99,2024-01-01
9_BLACKPOOL_6828,9,BLACKPOOL,6828,Santa Rita RSV Cab Svgn,750mL,11,9.99,2024-01-01
41_LARNWICK_6575,41,LARNWICK,6575,Kendall Jackson RSV Svgn Bl,750mL,13,9.99,2024-01-01
34_PITMERDEN_3072,34,PITMERDEN,3072,Ciroc Peach Vodka,750mL,2,24.99,2024-01-01
33_HORNSEY_3174,33,HORNSEY,3174,Cold River Vodka,750mL,8,29.99,2024-01-01
15_WANBORNE_1961,15,WANBORNE,1961,Everclear 151,1.75L,3,32.99,2024-01-01
11_CARDEND_10298,11,CARDEND,10298,Alamos Torrontes,750mL,15,9.99,2024-01-01
15_WANBORNE_3794,15,WANBORNE,3794,Cabo Wabo Reposado Tequila,750mL,4,36.99,2024-01-01
15_WANBORNE_4829,15,WANBORNE,4829,Mr Boston Blackberry Brandy,1.75L,14,13.99,2024-01-01
30_CULCHETH_3805,30,CULCHETH,3805,Cuervo Silver Rolling Stones,750mL,47,14.99,2024-01-01
5_SUTTON_4249,5,SUTTON,4249,Capt Morgan White Coconut,750mL,3,12.99,2024-01-01
14_BROMWICH_3650,14,BROMWICH,3650,Patron Silver Tequila,750mL,18,48.99,2024-01-01
32_MOUNTMEND_2498,32,MOUNTMEND,2498,Catskill Fearless Whiskey,375mL,24,36.99,2024-01-01
25_CAERSHIRE_3253,25,CAERSHIRE,3253,Gilbeys London Dry,1.75L,16,11.99,2024-01-01
23_ARBINGTON_2494,23,ARBINGTON,2494,Crown Royal Regal Apple,1.75L,4,46.99,2024-01-01
38_GOULCREST_17384,38,GOULCREST,17384,20 Mile 09 Brdx Superior,750mL,2,37.49,2024-01-01
37_PAETHSMOUTH_33037,37,PAETHSMOUTH,33037,Beringer Fndrs Est Cab Svgn,1.5L,11,18.99,2024-01-01
18_FURNESS_4199,18,FURNESS,4199,Sauza Blanco Tequila,1.75L,8,21.99,2024-01-01
23_ARBINGTON_15584,23,ARBINGTON,15584,Ch Vrai Caillou Wh Brdx,750mL,2,9.99,2024-01-01
34_PITMERDEN_8840,34,PITMERDEN,8840,Burnetts Gin,1.75L,35,11.99,2024-01-01
34_PITMERDEN_6240,34,PITMERDEN,6240,Riunite Raspberry,1.5L,9,8.99,2024-01-01
7_STANMORE_2852,7,STANMORE,2852,Bushmills 10 Yr Irish Whisky,750mL,8,40.99,2024-01-01
24_PALPERROTH_6650,24,PALPERROTH,6650,Simi Chard,750mL,38,14.99,2024-01-01
26_KNIFE'S EDGE_5111,26,KNIFE'S EDGE,5111,Dr McGillicuddy's Mentholmnt,50mL,68,0.99,2024-01-01
4_EANVERNESS_4025,4,EANVERNESS,4025,Bacardi Oakheart Spiced Rum,50mL,46,1.79,2024-01-01
27_MOUNTMEND_2170,27,MOUNTMEND,2170,Woodford Reserve Bourbon,50mL,112,3.49,2024-01-01
38_GOULCREST_6216,38,GOULCREST,6216,Taylor Tawny Port,1.5L,18,7.99,2024-01-01
18_FURNESS_3315,18,FURNESS,3315,Smirnoff Sorbet Rasp/Pomegra,50mL,75,0.99,2024-01-01
25_CAERSHIRE_21103,25,CAERSHIRE,21103,Farnum Hill Dooryard Still,750mL,0,11.99,2024-01-01
9_BLACKPOOL_3485,9,BLACKPOOL,3485,Luksusowa Potato Vodka,1.75L,14,19.99,2024-01-01
33_HORNSEY_40053,33,HORNSEY,40053,Campo Viejo Tempranillo,750mL,9,9.99,2024-01-01
14_BROMWICH_8173,14,BROMWICH,8173,Amarula Cream Liqueur,750mL,12,20.99,2024-01-01
32_MOUNTMEND_18027,32,MOUNTMEND,18027,Banfi Rosa Regale,750mL,27,13.99,2024-01-01
16_LUNDY_6980,16,LUNDY,6980,Midnight Moon Blueberry,750mL,22,19.99,2024-01-01
21_BALERNO_24634,21,BALERNO,24634,Marques de Caceres RSV Red,750mL,74,16.99,2024-01-01
31_HORNSEY_3836,31,HORNSEY,3836,Smirnoff Citrus Vodka,750mL,10,12.99,2024-01-01
14_BROMWICH_5015,14,BROMWICH,5015,Arrow Creme de Banana,750mL,12,7.99,2024-01-01
26_KNIFE'S EDGE_34850,26,KNIFE'S EDGE,34850,Bargetto Chaucer's Hney Mead,750mL,15,12.99,2024-01-01
1_HARDERSFIELD_20483,1,HARDERSFIELD,20483,Joel Gott Pnt Nr,750mL,12,18.99,2024-01-01
27_MOUNTMEND_16326,27,MOUNTMEND,16326,Black Box Cab Svgn,500mL,16,3.99,2024-01-01
35_HALIVAARA_38133,35,HALIVAARA,38133,Il Bastardo Sangiovese Tosc,750mL,36,7.99,2024-01-01
25_CAERSHIRE_20404,25,CAERSHIRE,20404,Tenuta Santo Pietro Pio Il C,750mL,13,11.99,2024-01-01
34_PITMERDEN_6249,34,PITMERDEN,6249,Rodney Strong Chard,750mL,165,12.99,2024-01-01
26_KNIFE'S EDGE_9191,26,KNIFE'S EDGE,9191,Mojoshot Blue Lagoon RTD,50mL,33,0.99,2024-01-01
34_PITMERDEN_3236,34,PITMERDEN,3236,Pinnacle Pecan Pie,750mL,33,12.99,2024-01-01
10_HORNSEY_2838,10,HORNSEY,2838,Calumet Bourbon,750mL,7,45.99,2024-01-01
7_STANMORE_5253,7,STANMORE,5253,Kahlua Original Mudslide RTD,1.75L,4,15.99,2024-01-01
34_PITMERDEN_25286,34,PITMERDEN,25286,A Bichot Morgon Les Charmes,750mL,35,18.99,2024-01-01
21_BALERNO_5929,21,BALERNO,5929,RumChata Liqueur,1.75L,0,44.99,2024-01-01
19_WINTERVALE_6288,19,WINTERVALE,6288,Almaden Chablis B/B,5L,11,14.99,2024-01-01
5_SUTTON_8470,5,SUTTON,8470,1800 Reposado Gold Tequila,50mL,8,2.79,2024-01-01
25_CAERSHIRE_2184,25,CAERSHIRE,2184,Bonnie Rose Orange Peel,750mL,10,19.99,2024-01-01
34_PITMERDEN_42167,34,PITMERDEN,42167,Tempranillo Vente Mazzaron,750mL,9,14.99,2024-01-01
11_CARDEND_39146,11,CARDEND,39146,Matua Svgn Bl Marlboro,750mL,11,10.99,2024-01-01
6_GOULCREST_171,6,GOULCREST,171,Gentleman Jack,1.75L,7,49.99,2024-01-01
33_HORNSEY_15334,33,HORNSEY,15334,Brotte La Griveliere CDR,750mL,12,9.99,2024-01-01
30_CULCHETH_13445,30,CULCHETH,13445,Dom Pere Caboche Cote Rhone,750mL,11,12.99,2024-01-01
23_ARBINGTON_4227,23,ARBINGTON,4227,Bacardi Superior Rum Trav,1.75L,6,17.99,2024-01-01
10_HORNSEY_4412,10,HORNSEY,4412,Pusser's British Navy Rum,750mL,7,17.99,2024-01-01
11_CARDEND_3039,11,CARDEND,3039,Stoli Salted Karamel,750mL,14,16.99,2024-01-01
37_PAETHSMOUTH_8072,37,PAETHSMOUTH,8072,Taittinger Brut La Francais,750mL,6,36.99,2024-01-01
15_WANBORNE_6651,15,WANBORNE,6651,Rocca Delle Macie Chianti C,750mL,11,11.99,2024-01-01
36_LEWES_5254,36,LEWES,5254,DeKuyper Buttershots Schnpps,750mL,8,10.99,2024-01-01
38_GOULCREST_8671,38,GOULCREST,8671,Appleton Est Signature Rum,750mL,17,19.99,2024-01-01
21_BALERNO_5087,21,BALERNO,5087,Dr McGillicuddy's Peach,750mL,8,12.99,2024-01-01
17_OLDHAM_3701,17,OLDHAM,3701,UV Sangria Vodka,50mL,66,0.99,2024-01-01
26_KNIFE'S EDGE_1634,26,KNIFE'S EDGE,1634,The Famous Grouse,1.75L,26,27.99,2024-01-01
35_HALIVAARA_31489,35,HALIVAARA,31489,Barefoot Chard Cal,1.5L,12,10.99,2024-01-01
15_WANBORNE_5077,15,WANBORNE,5077,Malibu Red,750mL,4,16.99,2024-01-01
17_OLDHAM_8258,17,OLDHAM,8258,Campari,750mL,4,29.99,2024-01-01
8_ALNERWICK_8120,8,ALNERWICK,8120,Tribuno Sweet Vermouth,1.5L,12,8.99,2024-01-01
31_HORNSEY_3524,31,HORNSEY,3524,Pravda Polish Vodka,750mL,7,19.99,2024-01-01
16_LUNDY_45822,16,LUNDY,45822,Masciarelli Montepulciano,750mL,19,8.99,2024-01-01
5_SUTTON_29942,5,SUTTON,29942,Livingston Merlot Cal,3L,6,12.99,2024-01-01
31_HORNSEY_1180,31,HORNSEY,1180,Evan Williams Black Label B,1.75L,8,20.99,2024-01-01
36_LEWES_8678,36,LEWES,8678,Banfi Chianti Clsc RSV,750mL,38,16.99,2024-01-01
16_LUNDY_29248,16,LUNDY,29248,Toasted Head Chard,750mL,20,9.99,2024-01-01
37_PAETHSMOUTH_4224,37,PAETHSMOUTH,4224,Goslings Black Seal Rum 80,750mL,7,14.99,2024-01-01
32_MOUNTMEND_7320,32,MOUNTMEND,7320,Malibu Rum Punch RTD,1.75L,10,17.99,2024-01-01
5_SUTTON_3253,5,SUTTON,3253,Gilbeys London Dry,1.75L,21,11.99,2024-01-01
19_WINTERVALE_3209,19,WINTERVALE,3209,Hammer & Sickle Vodka,750mL,2,19.99,2024-01-01
39_EASTHALLOW_43434,39,EASTHALLOW,43434,Phillips Earthquake Cab Svgn,750mL,75,23.99,2024-01-01
29_AYLESBURY_1634,29,AYLESBURY,1634,The Famous Grouse,1.75L,11,27.99,2024-01-01
29_AYLESBURY_24875,29,AYLESBURY,24875,Glen Ellen Merlot RSV,1.5L,11,6.99,2024-01-01
11_CARDEND_28580,11,CARDEND,28580,Silverado Chard,750mL,48,23.99,2024-01-01
7_STANMORE_37604,7,STANMORE,37604,Hardys Chard Ausl,3L,4,16.99,2024-01-01
8_ALNERWICK_3758,8,ALNERWICK,3758,Margaritaville Gold Tequila,1.75L,10,22.99,2024-01-01
4_EANVERNESS_4330,4,EANVERNESS,4330,Capt Morgan Spiced Rum 100,1.75L,21,25.99,2024-01-01
23_ARBINGTON_46764,23,ARBINGTON,46764,Clayhouse Adobe Red Paso Rbl,750mL,12,11.99,2024-01-01
34_PITMERDEN_2852,34,PITMERDEN,2852,Bushmills 10 Yr Irish Whisky,750mL,13,40.99,2024-01-01
33_HORNSEY_3486,33,HORNSEY,3486,Tanqueray,375mL,29,12.99,2024-01-01
24_PALPERROTH_3356,24,PALPERROTH,3356,Svedka Vodka,375mL,24,6.99,2024-01-01
41_LARNWICK_14008,41,LARNWICK,14008,Cigar Box Malbec Mendoza,750mL,21,11.99,2024-01-01
33_HORNSEY_2499,33,HORNSEY,2499,Crown Royal Black,750mL,6,27.99,2024-01-01
27_MOUNTMEND_23373,27,MOUNTMEND,23373,M D 20/20 Banana Red,750mL,36,3.99,2024-01-01
34_PITMERDEN_18784,34,PITMERDEN,18784,Clos Erasmus Laurel Priorat,750mL,5,48.99,2024-01-01
29_AYLESBURY_33879,29,AYLESBURY,33879,Gallo Twin Valley Wh Merlot,1.5L,0,9.99,2024-01-01
20_BREDWARDINE_8092,20,BREDWARDINE,8092,Johnnie Walker Red Label,50mL,38,2.29,2024-01-01
30_CULCHETH_4522,30,CULCHETH,4522,Lairds Apple Jack,750mL,11,15.99,2024-01-01
4_EANVERNESS_41415,4,EANVERNESS,41415,Crios Cab Svgn,750mL,6,12.99,2024-01-01
25_CAERSHIRE_8236,25,CAERSHIRE,8236,Jim Beam,50mL,89,1.49,2024-01-01
35_HALIVAARA_35666,35,HALIVAARA,35666,Redwood Creek Chard Cal,1.5L,8,9.99,2024-01-01
36_LEWES_38898,36,LEWES,38898,L Martini Cab Svgn Napa,750mL,8,29.99,2024-01-01
15_WANBORNE_2193,15,WANBORNE,2193,Donegal Irish Whiskey,750mL,16,21.99,2024-01-01
6_GOULCREST_5750,6,GOULCREST,5750,Malibu Rum Traveler,750mL,4,12.99,2024-01-01
24_PALPERROTH_361,24,PALPERROTH,361,Effen Cucumber Vodka,750mL,6,19.99,2024-01-01
10_HORNSEY_19648,10,HORNSEY,19648,Dachshund Rsl,750mL,18,13.99,2024-01-01
23_ARBINGTON_9256,23,ARBINGTON,9256,Don Ramon Silver Tequila,750mL,3,29.99,2024-01-01
15_WANBORNE_1744,15,WANBORNE,1744,Old Forester 100 Bourbon,750mL,5,21.99,2024-01-01
12_LEESIDE_40098,12,LEESIDE,40098,Black Box Merlot Cal,3L,8,18.99,2024-01-01
34_PITMERDEN_39063,34,PITMERDEN,39063,C Shelton Monga Zin Znfdl,750mL,3,19.99,2024-01-01
41_LARNWICK_2932,41,LARNWICK,2932,Jameson Black Barrel,750mL,6,31.99,2024-01-01
29_AYLESBURY_1232,29,AYLESBURY,1232,Jack Daniels No 7 Black,750mL,46,26.99,2024-01-01
21_BALERNO_22928,21,BALERNO,22928,Desert Wind Ruah Red,750mL,3,19.99,2024-01-01
36_LEWES_2973,36,LEWES,2973,Eagle Rare Single Barrel Bo,750mL,5,26.99,2024-01-01
31_HORNSEY_3489,31,HORNSEY,3489,Tanqueray,1.75L,64,27.99,2024-01-01
34_PITMERDEN_38946,34,PITMERDEN,38946,Bully Hill Sweet Walter Rd,750mL,1,8.99,2024-01-01
34_PITMERDEN_21319,34,PITMERDEN,21319,William Hill Est No Cst Svgn,750mL,6,12.99,2024-01-01
8_ALNERWICK_7535,8,ALNERWICK,7535,Gekkeikan Sake,750mL,13,5.99,2024-01-01
7_STANMORE_35668,7,STANMORE,35668,Redwood Creek Merlot Cal,1.5L,10,10.99,2024-01-01
15_WANBORNE_22531,15,WANBORNE,22531,BV Coastal Estate Chard,750mL,27,10.99,2024-01-01
37_PAETHSMOUTH_7159,37,PAETHSMOUTH,7159,Ruffino Chianti,750mL,11,6.99,2024-01-01
5_SUTTON_19055,5,SUTTON,19055,Wolf Blass Yllw Lbl Cab Svgn,750mL,3,9.99,2024-01-01
20_BREDWARDINE_4343,20,BREDWARDINE,4343,Cruzan Blueberry Lemonade,750mL,11,9.99,2024-01-01
32_MOUNTMEND_43872,32,MOUNTMEND,43872,Joseph Carr Cab Svgn Napa,750mL,14,19.99,2024-01-01
9_BLACKPOOL_21510,9,BLACKPOOL,21510,Mezzacorona Cab Svgn,1.5L,5,10.99,2024-01-01
23_ARBINGTON_5410,23,ARBINGTON,5410,Raspberry di Amore,750mL,19,7.99,2024-01-01
11_CARDEND_1366,11,CARDEND,1366,Red Stag by Jim Beam,50mL,15,1.29,2024-01-01
6_GOULCREST_20446,6,GOULCREST,20446,Barefoot Bubbly Brut Cuvee,187mL 4 Pk,1,9.99,2024-01-01
27_MOUNTMEND_40096,27,MOUNTMEND,40096,Black Box Cab Svgn,3L,8,18.99,2024-01-01
15_WANBORNE_17909,15,WANBORNE,17909,Ravenswood Pickberry Red,750mL,0,29.99,2024-01-01
35_HALIVAARA_3876,35,HALIVAARA,3876,Smirnoff 80 Proof,1.75L,209,17.99,2024-01-01
38_GOULCREST_4703,38,GOULCREST,4703,Blue Chair Bay Coconut Rum,50mL,63,0.99,2024-01-01
38_GOULCREST_17134,38,GOULCREST,17134,Ch Ste Michelle Indn Wls Red,750mL,17,15.99,2024-01-01
6_GOULCREST_4064,6,GOULCREST,4064,Calico Jack Pin/Coc Rum,1.75L,13,12.99,2024-01-01
34_PITMERDEN_45503,34,PITMERDEN,45503,Rebel The Show Cab Svgn,750mL,7,9.99,2024-01-01
10_HORNSEY_653,10,HORNSEY,653,Dom de Canton Ginger Liqueur,750mL,10,37.99,2024-01-01
6_GOULCREST_9304,6,GOULCREST,9304,Arak Razzouk,750mL,4,21.99,2024-01-01
19_WINTERVALE_3834,19,WINTERVALE,3834,Skyy Vodka,750mL,22,15.99,2024-01-01
27_MOUNTMEND_38899,27,MOUNTMEND,38899,L Martini Cab Svgn Sonoma,750mL,25,12.99,2024-01-01
35_HALIVAARA_5298,35,HALIVAARA,5298,Southern Comfort 100 Proof,750mL,6,16.99,2024-01-01
21_BALERNO_5630,21,BALERNO,5630,Cabin Fever Maple Liqueur,750mL,68,17.99,2024-01-01
13_TARMSWORTH_4896,13,TARMSWORTH,4896,Hiram Walker Coffee Brandy,1.75L,10,17.99,2024-01-01
6_GOULCREST_1964,6,GOULCREST,1964,Jim Beam Single Barrel,750mL,7,29.99,2024-01-01
21_BALERNO_39654,21,BALERNO,39654,Sutter Home Pnt Grigio Cal,1.5L,5,9.99,2024-01-01
5_SUTTON_32108,5,SUTTON,32108,Erath Pnt Nr Oregon,750mL,3,14.99,2024-01-01
16_LUNDY_984,16,LUNDY,984,Patron XO Cafe Liqueur,750mL,3,25.99,2024-01-01
6_GOULCREST_2127,6,GOULCREST,2127,Canadian Ltd,1.75L,36,10.49,2024-01-01
32_MOUNTMEND_5480,32,MOUNTMEND,5480,E & J Superior RSV VSOP,750mL,5,10.99,2024-01-01
33_HORNSEY_1296,33,HORNSEY,1296,Tap 357 Maple Rye Whisky,750mL,8,26.99,2024-01-01
6_GOULCREST_3345,6,GOULCREST,3345,Bombay Sapphire Gin,50mL,15,1.99,2024-01-01
38_GOULCREST_1393,38,GOULCREST,1393,Jim Beam,200mL,1,4.99,2024-01-01
13_TARMSWORTH_5396,13,TARMSWORTH,5396,Tia Maria Coffee Liqueur,750mL,3,16.99,2024-01-01
41_LARNWICK_15527,41,LARNWICK,15527,Roscato Rosso,750mL,10,9.99,2024-01-01
38_GOULCREST_3706,38,GOULCREST,3706,Pinnacle Citrus Vodka,1.75L,36,16.99,2024-01-01
38_GOULCREST_21287,38,GOULCREST,21287,Foley Johnson Cab Svgn,750mL,0,22.99,2024-01-01
7_STANMORE_4431,7,STANMORE,4431,Screech Rum,750mL,6,14.99,2024-01-01
32_MOUNTMEND_28681,32,MOUNTMEND,28681,F Coppola Rosso Bianco Rosso,750mL,34,9.99,2024-01-01
38_GOULCREST_3827,38,GOULCREST,3827,Popov Vodka,1.75L,35,12.99,2024-01-01
17_OLDHAM_6567,17,OLDHAM,6567,Clos du Bois Merlot N Cst,750mL,17,8.99,2024-01-01
21_BALERNO_2590,21,BALERNO,2590,The Black Grouse Scotch,1.75L,7,39.99,2024-01-01
9_BLACKPOOL_4304,9,BLACKPOOL,4304,Bacardi Mango Fusion,50mL,3,0.99,2024-01-01
20_BREDWARDINE_17292,20,BREDWARDINE,17292,Defesa Rose Alentejo,750mL,8,12.99,2024-01-01
40_BULLMAR_4066,40,BULLMAR,4066,Bacardi Oakheart Spiced Rum,1.75L,29,17.99,2024-01-01
10_HORNSEY_6460,10,HORNSEY,6460,Columbia Crest Two Vns Chard,750mL,24,6.99,2024-01-01
5_SUTTON_1896,5,SUTTON,1896,The Glenlivet 18 Yr Single,750mL,2,99.99,2024-01-01
30_CULCHETH_2155,30,CULCHETH,2155,McClelland Islay Single Malt,1.75L,4,37.99,2024-01-01
27_MOUNTMEND_4233,27,MOUNTMEND,4233,Castillo Silver Label Rum,1.75L,6,9.99,2024-01-01
34_PITMERDEN_12775,34,PITMERDEN,12775,Joel Gott Svgn Bl,750mL,12,9.99,2024-01-01
9_BLACKPOOL_8658,9,BLACKPOOL,8658,Absente 'Absinthe Refined',750mL,1,33.99,2024-01-01
18_FURNESS_3357,18,FURNESS,3357,Smirnoff Sours Green Apple,50mL,0,0.99,2024-01-01
6_GOULCREST_2830,6,GOULCREST,2830,Serpent's Bite Cider Whiskey,750mL,14,13.99,2024-01-01
14_BROMWICH_16727,14,BROMWICH,16727,Bitch Grenache Aragon,750mL,7,13.99,2024-01-01
33_HORNSEY_11443,33,HORNSEY,11443,Ravenswood Petite Sirah Vnts,750mL,13,8.99,2024-01-01
23_ARBINGTON_24634,23,ARBINGTON,24634,Marques de Caceres RSV Red,750mL,33,16.99,2024-01-01
27_MOUNTMEND_6245,27,MOUNTMEND,6245,Blossom Hill Chard,1.5L,12,10.99,2024-01-01
40_BULLMAR_8438,40,BULLMAR,8438,Capt Morgan White Grapefruit,50mL,1,0.99,2024-01-01
37_PAETHSMOUTH_4245,37,PAETHSMOUTH,4245,Bacardi Superior Rum,750mL,27,9.99,2024-01-01
1_HARDERSFIELD_19848,1,HARDERSFIELD,19848,Carnivor Cab Svgn,750mL,72,9.99,2024-01-01
1_HARDERSFIELD_46189,1,HARDERSFIELD,46189,Napa Cellars Chard,750mL,13,16.99,2024-01-01
33_HORNSEY_4148,33,HORNSEY,4148,Fattoria de Limone,750mL,10,17.99,2024-01-01
38_GOULCREST_29192,38,GOULCREST,29192,Perrin Chtnf du Pape,750mL,20,32.99,2024-01-01
14_BROMWICH_36524,14,BROMWICH,36524,Ch de Ribebon Brdx,750mL,5,14.99,2024-01-01
14_BROMWICH_3524,14,BROMWICH,3524,Pravda Polish Vodka,750mL,4,19.99,2024-01-01
10_HORNSEY_2912,10,HORNSEY,2912,Platte Valley KY Moonshine,750mL,7,16.99,2024-01-01
6_GOULCREST_35913,6,GOULCREST,35913,Stone Cellars Cab Svgn,1.5L,10,8.99,2024-01-01
37_PAETHSMOUTH_12140,37,PAETHSMOUTH,12140,Natura Valle Svgn Bl Casabla,750mL,10,11.99,2024-01-01
2_ASHBORNE_3597,2,ASHBORNE,3597,UV Sangria Vodka,750mL,12,8.99,2024-01-01
8_ALNERWICK_661,8,ALNERWICK,661,Red Stag by Jim Beam,750mL,14,13.99,2024-01-01
18_FURNESS_3724,18,FURNESS,3724,Absolut Citron,750mL,2,17.99,2024-01-01
38_GOULCREST_12310,38,GOULCREST,12310,Napa Cellars Pnt Nr Napa,750mL,17,17.99,2024-01-01
23_ARBINGTON_3773,23,ARBINGTON,3773,General John Stark Vodka,750mL,11,29.99,2024-01-01
1_HARDERSFIELD_8653,1,HARDERSFIELD,8653,M & R Extra Dry Vermouth,375mL,0,5.29,2024-01-01
20_BREDWARDINE_3425,20,BREDWARDINE,3425,Olmeca Altos Plata Tequila,750mL,8,20.99,2024-01-01
33_HORNSEY_10058,33,HORNSEY,10058,F Coppola Dmd Ivry Cab Svgn,750mL,30,14.99,2024-01-01
32_MOUNTMEND_17145,32,MOUNTMEND,17145,Honeymaker Blueberry Mead,750mL,3,16.99,2024-01-01
15_WANBORNE_1692,15,WANBORNE,1692,Everclear 151,750mL,15,18.49,2024-01-01
34_PITMERDEN_19329,34,PITMERDEN,19329,Ca Del Monte Amarone Red,750mL,9,43.99,2024-01-01
20_BREDWARDINE_810,20,BREDWARDINE,810,Bacardi Black Razz,750mL,8,9.99,2024-01-01
40_BULLMAR_6721,40,BULLMAR,6721,Piccini Chianti,1.5L,3,16.99,2024-01-01
16_LUNDY_24829,16,LUNDY,24829,Cecchi Chianti Classico,750mL,12,11.99,2024-01-01
34_PITMERDEN_3629,34,PITMERDEN,3629,Flag Hill White Rum,750mL,13,25.99,2024-01-01
1_HARDERSFIELD_3960,1,HARDERSFIELD,3960,Tortilla Gold Tequila Liquer,1.75L,21,11.99,2024-01-01
37_PAETHSMOUTH_1595,37,PAETHSMOUTH,1595,Gentleman Jack,375mL,12,15.99,2024-01-01
38_GOULCREST_24612,38,GOULCREST,24612,Estancia Pnt Nr Monterey,750mL,8,13.99,2024-01-01
1_HARDERSFIELD_4299,1,HARDERSFIELD,4299,Capt Morgan White Grapefruit,750mL,23,12.99,2024-01-01
12_LEESIDE_8131,12,LEESIDE,8131,Lillet White French Aperiti,750mL,4,17.99,2024-01-01
10_HORNSEY_10734,10,HORNSEY,10734,A Bichot Chablis Long Depaqt,750mL,19,17.99,2024-01-01
30_CULCHETH_3305,30,CULCHETH,3305,Canada House Canadian Whisky,1.75L,4,13.99,2024-01-01
8_ALNERWICK_40337,8,ALNERWICK,40337,Da Vinci Chianti Tuscany,750mL,13,9.99,2024-01-01
41_LARNWICK_11249,41,LARNWICK,11249,Joseph Carr Merlot Napa Vly,750mL,11,17.99,2024-01-01
4_EANVERNESS_6670,4,EANVERNESS,6670,Pinnacle Pineapple Vodka,750mL,25,9.99,2024-01-01
32_MOUNTMEND_5090,32,MOUNTMEND,5090,El Charro Silver Tequila,750mL,12,12.99,2024-01-01
30_CULCHETH_2748,30,CULCHETH,2748,Johnnie Walker Blue Label,1.75L,3,319.99,2024-01-01
19_WINTERVALE_3410,19,WINTERVALE,3410,American Harvest Organic,750mL,13,16.99,2024-01-01
21_BALERNO_3662,21,BALERNO,3662,Three Olives Blueberry Vodka,750mL,10,11.99,2024-01-01
10_HORNSEY_5170,10,HORNSEY,5170,Dr McGillicuddy's Apple Pie,750mL,47,12.99,2024-01-01
8_ALNERWICK_4380,8,ALNERWICK,4380,Ron Virgin Heavy Bodied Rum,1.75L,15,13.99,2024-01-01
35_HALIVAARA_7991,35,HALIVAARA,7991,Stock Italian X Dry Vermouth,1.5L,7,9.99,2024-01-01
40_BULLMAR_3959,40,BULLMAR,3959,Hornitos Black Barrel,750mL,5,26.99,2024-01-01
3_HORNSEY_8691,3,HORNSEY,8691,Jose Cuervo Especial,750mL,10,14.99,2024-01-01
41_LARNWICK_3755,41,LARNWICK,3755,Russian Standard Original,750mL,11,15.99,2024-01-01
20_BREDWARDINE_3668,20,BREDWARDINE,3668,Belvedere Polish Vodka,1.75L,21,42.99,2024-01-01
15_WANBORNE_19443,15,WANBORNE,19443,Cave de Tain St Joseph Red,750mL,3,21.49,2024-01-01
23_ARBINGTON_4363,23,ARBINGTON,4363,Capt Morgan Black Spiced Rum,1.75L,16,32.99,2024-01-01
23_ARBINGTON_25623,23,ARBINGTON,25623,Forest Glen Merlot Cal,750mL,4,8.99,2024-01-01
18_FURNESS_3020,18,FURNESS,3020,Pinnacle Blueberry Vodka,750mL,22,9.99,2024-01-01
34_PITMERDEN_178,34,PITMERDEN,178,Wild Turkey Russell's RSV,750mL,81,26.99,2024-01-01
18_FURNESS_31501,18,FURNESS,31501,Barefoot Wh Znfdl Cal,1.5L,10,10.99,2024-01-01
2_ASHBORNE_14383,2,ASHBORNE,14383,LaBelle Winery Granite Red,750mL,9,15.99,2024-01-01
21_BALERNO_4211,21,BALERNO,4211,Cruzan Passion Fruit Rum,750mL,10,9.99,2024-01-01
24_PALPERROTH_3238,24,PALPERROTH,3238,Hendrick's Gin,750mL,17,29.99,2024-01-01
25_CAERSHIRE_29431,25,CAERSHIRE,29431,Clos du Val Cab Svgn Napa,750mL,9,29.99,2024-01-01
34_PITMERDEN_21693,34,PITMERDEN,21693,Chalk Hill Pnt Nr RRV,750mL,8,34.99,2024-01-01
19_WINTERVALE_5630,19,WINTERVALE,5630,Cabin Fever Maple Liqueur,750mL,7,17.99,2024-01-01
34_PITMERDEN_3800,34,PITMERDEN,3800,Don Julio Anejo Tequila,750mL,0,53.99,2024-01-01
39_EASTHALLOW_8893,39,EASTHALLOW,8893,Yukon Jack,750mL,21,16.99,2024-01-01
34_PITMERDEN_34870,34,PITMERDEN,34870,Arca Nova Vinho Verde,750mL,14,9.99,2024-01-01
36_LEWES_5539,36,LEWES,5539,DeKuyper Hot Damn 100*,750mL,3,10.99,2024-01-01
25_CAERSHIRE_42421,25,CAERSHIRE,42421,Firesteed Pnt Gris Ore,750mL,30,11.99,2024-01-01
4_EANVERNESS_30735,4,EANVERNESS,30735,Sonoma-Cutrer Cutrer V Chard,750mL,8,31.99,2024-01-01
41_LARNWICK_7740,41,LARNWICK,7740,J Roget Brut,750mL,17,5.99,2024-01-01
23_ARBINGTON_10443,23,ARBINGTON,10443,Charles Smith Kung Fu Girl R,750mL,45,11.99,2024-01-01
32_MOUNTMEND_10957,32,MOUNTMEND,10957,Seaglass Svgn Bl Snt Barbara,750mL,12,8.99,2024-01-01
34_PITMERDEN_23255,34,PITMERDEN,23255,Balletto Vyds Pnt Gris,750mL,63,11.99,2024-01-01
9_BLACKPOOL_26787,9,BLACKPOOL,26787,Moet & Chandon Imperial,187mL,8,10.99,2024-01-01
25_CAERSHIRE_34998,25,CAERSHIRE,34998,Luiano Chianti Clsc,750mL,10,16.99,2024-01-01
4_EANVERNESS_5444,4,EANVERNESS,5444,E & J Superior RSV VSOP,1.75L,4,19.99,2024-01-01
34_PITMERDEN_12109,34,PITMERDEN,12109,La Crema Pnt Nr Monterey,750mL,0,18.99,2024-01-01
5_SUTTON_5353,5,SUTTON,5353,Grand Marnier,375mL,20,18.99,2024-01-01
33_HORNSEY_26092,33,HORNSEY,26092,Blackstone Merlot Cal,750mL,39,7.99,2024-01-01
38_GOULCREST_5925,38,GOULCREST,5925,Pimms Blackberry & Elderflwr,750mL,31,17.99,2024-01-01
24_PALPERROTH_7302,24,PALPERROTH,7302,Marques de Caceres Rioja Re,750mL,17,10.99,2024-01-01
41_LARNWICK_294,41,LARNWICK,294,Old Mexico Gold Tequila,Liter,40,8.49,2024-01-01
23_ARBINGTON_3943,23,ARBINGTON,3943,Skyy Barcraft White Sangria,750mL,3,11.99,2024-01-01
38_GOULCREST_8838,38,GOULCREST,8838,Ch Ste Michelle Cab Svgn Col,750mL,20,12.99,2024-01-01
8_ALNERWICK_13430,8,ALNERWICK,13430,Agua de Piedra Malbec Selccn,750mL,16,10.99,2024-01-01
4_EANVERNESS_41062,4,EANVERNESS,41062,Martin Ray Cab Svgn Napa,750mL,7,17.99,2024-01-01
40_BULLMAR_1013,40,BULLMAR,1013,Kahlua Pumpkin Spice Liqueur,750mL,8,18.99,2024-01-01
12_LEESIDE_32915,12,LEESIDE,32915,Kim Crawford Svgn Bl Marlbro,750mL,48,14.99,2024-01-01
4_EANVERNESS_18369,4,EANVERNESS,18369,Sequin Delicately Moscato,750mL,14,7.99,2024-01-01
9_BLACKPOOL_35412,9,BLACKPOOL,35412,Yellow Tail Chard Ausl,1.5L,64,8.95,2024-01-01
10_HORNSEY_25036,10,HORNSEY,25036,Albola Pinot Grigio,750mL,41,10.99,2024-01-01
4_EANVERNESS_233,4,EANVERNESS,233,Tullamore Dew 12 Yr Old,750mL,8,42.99,2024-01-01
7_STANMORE_11915,7,STANMORE,11915,Sequoia Grove Cab Svgn,750mL,3,29.99,2024-01-01
23_ARBINGTON_8189,23,ARBINGTON,8189,Camarena Silver Tequila,1.75L,30,31.99,2024-01-01
11_CARDEND_8342,11,CARDEND,8342,Korbel X Dry,750mL,19,11.99,2024-01-01
1_HARDERSFIELD_7535,1,HARDERSFIELD,7535,Gekkeikan Sake,750mL,24,5.99,2024-01-01
33_HORNSEY_19545,33,HORNSEY,19545,Darkhorse Red,750mL,6,7.99,2024-01-01
15_WANBORNE_17914,15,WANBORNE,17914,Thorny Rose Red,750mL,8,10.99,2024-01-01
32_MOUNTMEND_3894,32,MOUNTMEND,3894,Zhenka Vodka 100 Proof,1.75L,19,11.99,2024-01-01
9_BLACKPOOL_31231,9,BLACKPOOL,31231,Nobilo Svgn Bl MarlborougH,750mL,11,9.99,2024-01-01
28_LARNWICK_3802,28,LARNWICK,3802,Three Olives Vodka,1.75L,48,18.99,2024-01-01
38_GOULCREST_38131,38,GOULCREST,38131,Principato Pnt Gr Sicilia,1.5L,29,11.99,2024-01-01
6_GOULCREST_15917,6,GOULCREST,15917,Simply Naked Chard,750mL,13,8.99,2024-01-01
7_STANMORE_36510,7,STANMORE,36510,Yalumba Y Series Shiraz Ausl,750mL,13,11.99,2024-01-01
37_PAETHSMOUTH_5445,37,PAETHSMOUTH,5445,Jagermeister Liqueur,750mL,28,15.99,2024-01-01
12_LEESIDE_4422,12,LEESIDE,4422,Jenkins Spiced Rum,1.75L,7,11.49,2024-01-01
16_LUNDY_41546,16,LUNDY,41546,Monkey Bay Svgn Bl,750mL,18,7.99,2024-01-01
41_LARNWICK_2207,41,LARNWICK,2207,Glenrothes Sherry Cask Rsv,750mL,4,59.99,2024-01-01
14_BROMWICH_23998,14,BROMWICH,23998,Belguardo Serrata Toscana,750mL,12,9.99,2024-01-01
34_PITMERDEN_40425,34,PITMERDEN,40425,Mionetto Prosecco Brut,750mL,58,9.95,2024-01-01
33_HORNSEY_450,33,HORNSEY,450,Vincent Van Gogh Double Esp,750mL,10,24.99,2024-01-01
19_WINTERVALE_4050,19,WINTERVALE,4050,Bacardi Oakheart Spiced Rum,750mL,8,10.99,2024-01-01
34_PITMERDEN_39450,34,PITMERDEN,39450,Ponzi Willamette Pnt Nr,750mL,13,34.99,2024-01-01
22_SHARNWICK_11854,22,SHARNWICK,11854,Trivento Amado Sur Malbec,750mL,6,14.99,2024-01-01
39_EASTHALLOW_3608,39,EASTHALLOW,3608,Smirnoff Orange Vodka,50mL,109,0.99,2024-01-01
24_PALPERROTH_9109,24,PALPERROTH,9109,Deep Eddy Ruby Red Vodka,50mL,40,0.99,2024-01-01
22_SHARNWICK_20699,22,SHARNWICK,20699,Fantini Monteplciano D'Abruz,750mL,6,11.99,2024-01-01
6_GOULCREST_20419,6,GOULCREST,20419,Spalletti Toscana Rosso Palz,750mL,36,19.49,2024-01-01
39_EASTHALLOW_17345,39,EASTHALLOW,17345,Bogle Essential Red,750mL,63,9.99,2024-01-01
1_HARDERSFIELD_29431,1,HARDERSFIELD,29431,Clos du Val Cab Svgn Napa,750mL,8,29.99,2024-01-01
30_CULCHETH_8242,30,CULCHETH,8242,Folonari Soave Dry White,1.5L,5,12.99,2024-01-01
37_PAETHSMOUTH_4679,37,PAETHSMOUTH,4679,Courvoisier VS Cognac,375mL,9,11.99,2024-01-01
1_HARDERSFIELD_19121,1,HARDERSFIELD,19121,Liberty School Pnt Nr CC,750mL,33,11.99,2024-01-01
17_OLDHAM_8123,17,OLDHAM,8123,Mouton Cadet Red Brdx,750mL,11,12.99,2024-01-01
25_CAERSHIRE_43043,25,CAERSHIRE,43043,Yellow Tail Rsl,750mL,9,7.99,2024-01-01
3_HORNSEY_26948,3,HORNSEY,26948,Ferrari-Carano Chard,750mL,16,19.99,2024-01-01
27_MOUNTMEND_14129,27,MOUNTMEND,14129,14 Hands Hot to Trot Red,750mL,41,8.95,2024-01-01
18_FURNESS_3462,18,FURNESS,3462,Absolut Ruby Red,750mL,6,17.99,2024-01-01
21_BALERNO_19645,21,BALERNO,19645,Line 39 Pnt Nr,750mL,42,9.99,2024-01-01
25_CAERSHIRE_5087,25,CAERSHIRE,5087,Dr McGillicuddy's Peach,750mL,12,12.99,2024-01-01
16_LUNDY_27854,16,LUNDY,27854,F Coppola Black Label Claret,750mL,7,16.99,2024-01-01
34_PITMERDEN_3858,34,PITMERDEN,3858,Grey Goose Vodka,750mL,818,23.99,2024-01-01
39_EASTHALLOW_4317,39,EASTHALLOW,4317,Pyrat XO Reserve Rum,750mL,4,32.99,2024-01-01
31_HORNSEY_35666,31,HORNSEY,35666,Redwood Creek Chard Cal,1.5L,24,9.99,2024-01-01
6_GOULCREST_7629,6,GOULCREST,7629,Barenjager Honey & Bourbon,750mL,3,21.99,2024-01-01
2_ASHBORNE_5325,2,ASHBORNE,5325,Hornitos Spiced Honey Liquer,750mL,5,17.99,2024-01-01
23_ARBINGTON_10421,23,ARBINGTON,10421,Barefoot Moscato Cal,1.5L,10,10.99,2024-01-01
36_LEWES_2723,36,LEWES,2723,J & B Rare,1.75L,7,29.99,2024-01-01
8_ALNERWICK_37794,8,ALNERWICK,37794,Blackstone Znfdl Cal,750mL,7,8.99,2024-01-01
20_BREDWARDINE_3244,20,BREDWARDINE,3244,Burnetts Vodka,750mL,25,6.79,2024-01-01
37_PAETHSMOUTH_2607,37,PAETHSMOUTH,2607,Grand MacNish 12 Yr Old,750mL,5,21.99,2024-01-01
7_STANMORE_9304,7,STANMORE,9304,Arak Razzouk,750mL,8,21.99,2024-01-01
17_OLDHAM_7358,17,OLDHAM,7358,Viniq Ruby Shimmery Liqueur,750mL,3,18.99,2024-01-01
1_HARDERSFIELD_15549,1,HARDERSFIELD,15549,CastelGiocondo Brunello 07,750mL,6,39.99,2024-01-01
23_ARBINGTON_23129,23,ARBINGTON,23129,Sensi 18K Prosecco,750mL,7,19.99,2024-01-01
38_GOULCREST_24574,38,GOULCREST,24574,Galerie Pleinair Cab Svgn NV,750mL,4,49.99,2024-01-01
5_SUTTON_5706,5,SUTTON,5706,Gr Marnier Raspberry Peach,750mL,5,26.99,2024-01-01
39_EASTHALLOW_6638,39,EASTHALLOW,6638,M & R Asti,1.5L,6,24.99,2024-01-01
14_BROMWICH_6438,14,BROMWICH,6438,Beringer Classic Chenin Blan,750mL,5,5.99,2024-01-01
29_AYLESBURY_5714,29,AYLESBURY,5714,Jose Cuervo Lime Margarita,200mL 4 Pk,2,9.99,2024-01-01
4_EANVERNESS_5502,4,EANVERNESS,5502,RumChata Liqueur,50mL,4,0.99,2024-01-01
13_TARMSWORTH_5356,13,TARMSWORTH,5356,Kahlua,375mL,9,9.99,2024-01-01
16_LUNDY_37235,16,LUNDY,37235,Mionetto Il Prosecco Spklg,750mL,12,11.99,2024-01-01
32_MOUNTMEND_3682,32,MOUNTMEND,3682,Belvedere Vodka,750mL,33,22.99,2024-01-01
1_HARDERSFIELD_4226,1,HARDERSFIELD,4226,Bacardi Superior Rum Trav,750mL,0,9.99,2024-01-01
19_WINTERVALE_3704,19,WINTERVALE,3704,Ciroc Pineapple Vodka,750mL,2,24.99,2024-01-01
24_PALPERROTH_4673,24,PALPERROTH,4673,Hennessy VS Cognac,1.75L,9,69.99,2024-01-01
15_WANBORNE_4178,15,WANBORNE,4178,Fabrizia Limoncello,375mL,10,9.99,2024-01-01
23_ARBINGTON_38731,23,ARBINGTON,38731,Hogue Lt Harvest Clmb Wh Rsl,750mL,2,9.99,2024-01-01
9_BLACKPOOL_41546,9,BLACKPOOL,41546,Monkey Bay Svgn Bl,750mL,6,7.99,2024-01-01
12_LEESIDE_3562,12,LEESIDE,3562,Pearl Vodka,50mL,84,0.99,2024-01-01
38_GOULCREST_17147,38,GOULCREST,17147,Honeymaker Lavender Mead,750mL,12,13.99,2024-01-01
10_HORNSEY_9358,10,HORNSEY,9358,KAH Reposado Tequila,750mL,6,54.99,2024-01-01
30_CULCHETH_4682,30,CULCHETH,4682,Courvoisier VSOP Cognac,750mL,7,34.99,2024-01-01
7_STANMORE_39708,7,STANMORE,39708,R Mondavi Pvt Sln Pnt Grigio,750mL,16,7.99,2024-01-01
40_BULLMAR_14240,40,BULLMAR,14240,Ninety+Cellars Lot 2 Svgn Bl,750mL,9,10.99,2024-01-01
33_HORNSEY_41633,33,HORNSEY,41633,Prinz Salm Two Princes Nahe,750mL,7,13.99,2024-01-01
26_KNIFE'S EDGE_2958,26,KNIFE'S EDGE,2958,Dalwhinnie 15-Yr Single Mal,750mL,4,57.99,2024-01-01
23_ARBINGTON_2902,23,ARBINGTON,2902,Stranahan's Colorado Whiskey,750mL,19,46.99,2024-01-01
27_MOUNTMEND_2062,27,MOUNTMEND,2062,Woodford Reserve Bourbon,1.75L,6,59.99,2024-01-01
12_LEESIDE_5656,12,LEESIDE,5656,Cabin Fever Maple Liqueur,50mL,69,1.49,2024-01-01
10_HORNSEY_45876,10,HORNSEY,45876,Frei Bros RSV Svgn Bl RRV,750mL,9,14.99,2024-01-01
1_HARDERSFIELD_3887,1,HARDERSFIELD,3887,Wolfschmidt Vodka 80 Proof,1.75L,7,10.99,2024-01-01
10_HORNSEY_3797,10,HORNSEY,3797,Skinnygirl Sweet'Arita,1.75L,18,16.99,2024-01-01
30_CULCHETH_3762,30,CULCHETH,3762,Patron Silver Tequila,50mL,12,5.99,2024-01-01
23_ARBINGTON_5390,23,ARBINGTON,5390,Dr McGillicuddy's Peach,50mL,14,0.99,2024-01-01
24_PALPERROTH_4278,24,PALPERROTH,4278,Capt Morgan Parrot Bay Cocnt,750mL,9,11.99,2024-01-01
2_ASHBORNE_807,2,ASHBORNE,807,Jim Beam,Liter,11,17.99,2024-01-01
6_GOULCREST_35375,6,GOULCREST,35375,Hess Allomi Cab Svgn,750mL,6,29.99,2024-01-01
34_PITMERDEN_3406,34,PITMERDEN,3406,Skinnygirl Tangerine Vodka,750mL,68,14.99,2024-01-01
31_HORNSEY_3837,31,HORNSEY,3837,Skyy Vodka,50mL,131,0.99,2024-01-01
39_EASTHALLOW_8653,39,EASTHALLOW,8653,M & R Extra Dry Vermouth,375mL,19,5.29,2024-01-01
24_PALPERROTH_8128,24,PALPERROTH,8128,Espolon Anejo Tequila,750mL,6,29.99,2024-01-01
6_GOULCREST_13225,6,GOULCREST,13225,Alphonse Dolly Sancerre Cvee,750mL,46,19.99,2024-01-01
34_PITMERDEN_12353,34,PITMERDEN,12353,Mercer Merlot,750mL,6,19.99,2024-01-01
32_MOUNTMEND_2689,32,MOUNTMEND,2689,Black Velvet Reserve,1.75L,18,18.99,2024-01-01
20_BREDWARDINE_44334,20,BREDWARDINE,44334,Noble Vines 337 Cab Svgn,750mL,12,11.99,2024-01-01
39_EASTHALLOW_6451,39,EASTHALLOW,6451,Columbia Crest G E Cab Svgn,750mL,24,9.99,2024-01-01
36_LEWES_4682,36,LEWES,4682,Courvoisier VSOP Cognac,750mL,3,34.99,2024-01-01
33_HORNSEY_39282,33,HORNSEY,39282,Concannon Petite Sirah Cntrl,750mL,5,9.99,2024-01-01
21_BALERNO_44041,21,BALERNO,44041,Bella Sera Pinot Noir Delle,1.5L,8,11.49,2024-01-01
41_LARNWICK_5434,41,LARNWICK,5434,Southern Comfort Caramel,750mL,4,11.49,2024-01-01
1_HARDERSFIELD_4267,1,HARDERSFIELD,4267,Bacardi Limon Rum,1.75L,0,19.99,2024-01-01
29_AYLESBURY_5810,29,AYLESBURY,5810,Cuervo Watermelon Margaritas,1.75L,9,15.99,2024-01-01
4_EANVERNESS_43225,4,EANVERNESS,43225,Ch Beauchene Chtnf Pape RSV,750mL,3,27.99,2024-01-01
10_HORNSEY_22087,10,HORNSEY,22087,Juxtapoz Red North Cst,750mL,4,19.99,2024-01-01
18_FURNESS_8072,18,FURNESS,8072,Taittinger Brut La Francais,750mL,17,36.99,2024-01-01
6_GOULCREST_8670,6,GOULCREST,8670,Arrow Coffee Brandy,1.75L,4,10.99,2024-01-01
15_WANBORNE_1398,15,WANBORNE,1398,Blantons Sgl Barrel Bourbon,750mL,0,53.99,2024-01-01
11_CARDEND_21145,11,CARDEND,21145,David Girard Vyds Code Rouge,750mL,0,11.99,2024-01-01
11_CARDEND_3945,11,CARDEND,3945,Sauza Conmemorativo,750mL,7,17.99,2024-01-01
35_HALIVAARA_2723,35,HALIVAARA,2723,J & B Rare,1.75L,4,29.99,2024-01-01
11_CARDEND_7995,11,CARDEND,7995,Patron Reposado Tequila,50mL,32,6.49,2024-01-01
2_ASHBORNE_12478,2,ASHBORNE,12478,Commanderie Bargmn Prov Rose,750mL,11,18.99,2024-01-01
34_PITMERDEN_39412,34,PITMERDEN,39412,Mirassou Merlot Cal,750mL,13,9.99,2024-01-01
6_GOULCREST_2637,6,GOULCREST,2637,The Feathery Blended Scotch,750mL,3,53.99,2024-01-01
15_WANBORNE_2604,15,WANBORNE,2604,Johnnie Walker Collection 4,200mL 4 Pk,8,99.99,2024-01-01
8_ALNERWICK_8085,8,ALNERWICK,8085,Wild Turkey,1.75L,25,31.99,2024-01-01
23_ARBINGTON_19581,23,ARBINGTON,19581,Girard Cab Svgn,750mL,74,23.99,2024-01-01
5_SUTTON_3325,5,SUTTON,3325,Pinnacle Caramel Apple Vodka,750mL,4,9.99,2024-01-01
22_SHARNWICK_8280,22,SHARNWICK,8280,Piper Sonoma Brut,750mL,14,12.99,2024-01-01
34_PITMERDEN_33513,34,PITMERDEN,33513,Dom Ste Michelle Brut Rose,750mL,7,12.99,2024-01-01
22_SHARNWICK_39523,22,SHARNWICK,39523,Cloudy Bay Svgn Bl Marlboro,750mL,15,24.99,2024-01-01
4_EANVERNESS_3310,4,EANVERNESS,3310,Pinnacle Vodka,375mL,52,5.99,2024-01-01
11_CARDEND_5322,11,CARDEND,5322,Linie Aquavit,750mL,8,22.99,2024-01-01
11_CARDEND_5505,11,CARDEND,5505,Pallini Limoncello Liqueur,750mL,8,18.99,2024-01-01
28_LARNWICK_2965,28,LARNWICK,2965,Ardbeg 10 Yr Single Malt Sc,750mL,5,46.99,2024-01-01
33_HORNSEY_18568,33,HORNSEY,18568,A by Acacia Unoaked Chard Ca,750mL,5,9.99,2024-01-01
8_ALNERWICK_23739,8,ALNERWICK,23739,Liberty School Cab Svgn,750mL,7,12.99,2024-01-01
8_ALNERWICK_5399,8,ALNERWICK,5399,Goldschlager Cinnamon Schna,50mL,37,1.99,2024-01-01
11_CARDEND_8027,11,CARDEND,8027,Absolut Mandrin,50mL,25,1.99,2024-01-01
7_STANMORE_3925,7,STANMORE,3925,Don Julio Reposado Tequila,750mL,3,49.99,2024-01-01
31_HORNSEY_40097,31,HORNSEY,40097,Black Box Chard,3L,6,18.99,2024-01-01
34_PITMERDEN_5298,34,PITMERDEN,5298,Southern Comfort 100 Proof,750mL,7,16.99,2024-01-01
10_HORNSEY_35709,10,HORNSEY,35709,Colosi Sicilia Dry Red,750mL,5,12.99,2024-01-01
29_AYLESBURY_31909,29,AYLESBURY,31909,Catena Lunlunta Malbec Argn,750mL,8,19.99,2024-01-01
21_BALERNO_2162,21,BALERNO,2162,Djinn Spirits Gin,750mL,26,31.99,2024-01-01
23_ARBINGTON_8482,23,ARBINGTON,8482,Cabot Trail Cana Cream Maple,750mL,12,17.99,2024-01-01
26_KNIFE'S EDGE_1388,26,KNIFE'S EDGE,1388,Red Stag by Jim Beam,1.75L,7,24.99,2024-01-01
30_CULCHETH_35668,30,CULCHETH,35668,Redwood Creek Merlot Cal,1.5L,11,10.99,2024-01-01
38_GOULCREST_2105,38,GOULCREST,2105,Black Velvet Toasted Caramel,750mL,48,9.99,2024-01-01
30_CULCHETH_8780,30,CULCHETH,8780,Sandeman Fine Rich Madeira,750mL,14,14.99,2024-01-01
20_BREDWARDINE_5847,20,BREDWARDINE,5847,Godiva Chocolate Liqueur,750mL,34,21.99,2024-01-01
20_BREDWARDINE_17504,20,BREDWARDINE,17504,Butternut Chard,750mL,12,14.99,2024-01-01
25_CAERSHIRE_18569,25,CAERSHIRE,18569,Sterling Rsv Platinum Red,750mL,3,45.99,2024-01-01
35_HALIVAARA_15332,35,HALIVAARA,15332,Whitehaven Svgn Bl,750mL,6,12.49,2024-01-01
32_MOUNTMEND_1012,32,MOUNTMEND,1012,Courvoisier VSOP VAP,750mL,2,34.99,2024-01-01
19_WINTERVALE_24612,19,WINTERVALE,24612,Estancia Pnt Nr Monterey,750mL,0,13.99,2024-01-01
33_HORNSEY_44106,33,HORNSEY,44106,Carmel Road Unoaked Chard Mo,750mL,12,14.99,2024-01-01
32_MOUNTMEND_7353,32,MOUNTMEND,7353,1800 Ultimate Peach Margrita,1.75L,8,19.99,2024-01-01
7_STANMORE_13487,7,STANMORE,13487,Brancaia Tre Rosso Toscana,750mL,14,17.99,2024-01-01
9_BLACKPOOL_10058,9,BLACKPOOL,10058,F Coppola Dmd Ivry Cab Svgn,750mL,12,14.99,2024-01-01
8_ALNERWICK_4748,8,ALNERWICK,4748,Patron XO Cafe Incendio,750mL,8,20.99,2024-01-01
19_WINTERVALE_6651,19,WINTERVALE,6651,Rocca Delle Macie Chianti C,750mL,5,11.99,2024-01-01
23_ARBINGTON_408,23,ARBINGTON,408,Wild Turkey American Honey,750mL,23,17.99,2024-01-01
15_WANBORNE_8893,15,WANBORNE,8893,Yukon Jack,750mL,10,16.99,2024-01-01
36_LEWES_6861,36,LEWES,6861,Sutter Home Clsc Wh Znfdl,187mL 4 Pk,3,5.99,2024-01-01
4_EANVERNESS_24456,4,EANVERNESS,24456,Franciscan Est Chard Napa,750mL,45,11.98,2024-01-01
38_GOULCREST_43134,38,GOULCREST,43134,Two Hands Bella Gardn Shiraz,750mL,12,69.99,2024-01-01
13_TARMSWORTH_5780,13,TARMSWORTH,5780,Malibu Black,750mL,4,13.99,2024-01-01
1_HARDERSFIELD_38859,1,HARDERSFIELD,38859,Inniskillin Icewn Ngra Vidal,375mL,9,49.99,2024-01-01
36_LEWES_32649,36,LEWES,32649,Beringer Classic Wh Merlot,1.5L,5,9.99,2024-01-01
14_BROMWICH_16429,14,BROMWICH,16429,HandCraft Artisan Coll Pnt N,750mL,5,9.99,2024-01-01
15_WANBORNE_3578,15,WANBORNE,3578,Stolichnaya Elit Vodka,750mL,7,49.99,2024-01-01
15_WANBORNE_3959,15,WANBORNE,3959,Hornitos Black Barrel,750mL,15,26.99,2024-01-01
11_CARDEND_1269,11,CARDEND,1269,Jeffersons Bourbon,750mL,0,25.99,2024-01-01
38_GOULCREST_36076,38,GOULCREST,36076,Ch Haut-Bailly 10,750mL,6,169.99,2024-01-01
5_SUTTON_8339,5,SUTTON,8339,The Glenlivet 12 Yr Single,750mL,9,41.99,2024-01-01
19_WINTERVALE_5847,19,WINTERVALE,5847,Godiva Chocolate Liqueur,750mL,0,21.99,2024-01-01
30_CULCHETH_20398,30,CULCHETH,20398,I Lauri Bajo Montepul d'Abru,750mL,2,8.99,2024-01-01
36_LEWES_508,36,LEWES,508,Bacardi Superior Rum,Liter,18,15.49,2024-01-01
35_HALIVAARA_28579,35,HALIVAARA,28579,R M Woodbridge Merlot Cal,750mL,12,7.99,2024-01-01
39_EASTHALLOW_24088,39,EASTHALLOW,24088,Hess Select Cab Svgn,750mL,35,16.99,2024-01-01
30_CULCHETH_26390,30,CULCHETH,26390,Pepperwood Grove Cab Svgn,750mL,9,7.99,2024-01-01
15_WANBORNE_2756,15,WANBORNE,2756,Jameson Caskmates,750mL,26,29.99,2024-01-01
7_STANMORE_2184,7,STANMORE,2184,Bonnie Rose Orange Peel,750mL,11,19.99,2024-01-01
2_ASHBORNE_12147,2,ASHBORNE,12147,Sterling Vintners CA Meritag,750mL,22,8.99,2024-01-01
40_BULLMAR_40545,40,BULLMAR,40545,Whitehaven Svgn Bl Marlboro,750mL,5,14.99,2024-01-01
18_FURNESS_32968,18,FURNESS,32968,Alice White Chard Ausl,1.5L,5,13.99,2024-01-01
7_STANMORE_86,7,STANMORE,86,Don Julio Real Tequila,750mL,1,299.99,2024-01-01
32_MOUNTMEND_5359,32,MOUNTMEND,5359,Distroya Spiced Liqueur,750mL,4,17.99,2024-01-01
15_WANBORNE_15292,15,WANBORNE,15292,Flip Flop Chard,750mL,2,4.99,2024-01-01
31_HORNSEY_5444,31,HORNSEY,5444,E & J Superior RSV VSOP,1.75L,8,19.99,2024-01-01
27_MOUNTMEND_35375,27,MOUNTMEND,35375,Hess Allomi Cab Svgn,750mL,11,29.99,2024-01-01
22_SHARNWICK_27472,22,SHARNWICK,27472,Secco-Bertani Verona,750mL,12,12.99,2024-01-01
11_CARDEND_6498,11,CARDEND,6498,Franzia Chablis Old World C,5L,11,16.99,2024-01-01
1_HARDERSFIELD_36139,1,HARDERSFIELD,36139,Renzo Masi Chiant Rufina RS,750mL,15,14.99,2024-01-01
4_EANVERNESS_5810,4,EANVERNESS,5810,Cuervo Watermelon Margaritas,1.75L,4,15.99,2024-01-01
1_HARDERSFIELD_3578,1,HARDERSFIELD,3578,Stolichnaya Elit Vodka,750mL,2,49.99,2024-01-01
29_AYLESBURY_1023,29,AYLESBURY,1023,Hennessy VSOP Cognac + 50mL,750mL,12,51.99,2024-01-01
34_PITMERDEN_19041,34,PITMERDEN,19041,The Path Cab Svgn,750mL,5,12.99,2024-01-01
38_GOULCREST_3743,38,GOULCREST,3743,Smirnoff Sorbet Pine/Coconut,750mL,17,12.99,2024-01-01
32_MOUNTMEND_32988,32,MOUNTMEND,32988,Barefoot Cab Svgn Cal,750mL,9,4.99,2024-01-01
3_HORNSEY_1835,3,HORNSEY,1835,Knappogue Castle Irish Whsky,750mL,9,31.99,2024-01-01
18_FURNESS_28163,18,FURNESS,28163,Villa Maria Svgn Bl Pvt Bin,750mL,17,11.99,2024-01-01
7_STANMORE_2794,7,STANMORE,2794,Bird Dog Bourbon,750mL,6,14.99,2024-01-01
28_LARNWICK_8497,28,LARNWICK,8497,Kamora Coffee,750mL,11,9.99,2024-01-01
10_HORNSEY_20056,10,HORNSEY,20056,Ch Rauzan-Segla 10 Brdx,750mL,12,209.99,2024-01-01
1_HARDERSFIELD_39410,1,HARDERSFIELD,39410,Mirassou Cab Svgn Cal,750mL,10,9.99,2024-01-01
31_HORNSEY_2465,31,HORNSEY,2465,Crown Royal Mini,50mL,6,2.99,2024-01-01
41_LARNWICK_6566,41,LARNWICK,6566,Geyser Peak Chard,750mL,17,9.99,2024-01-01
2_ASHBORNE_4625,2,ASHBORNE,4625,Courvoisier XO Cognac,750mL,5,139.99,2024-01-01
23_ARBINGTON_20935,23,ARBINGTON,20935,Chehalem Ian's Chard Rsv,750mL,12,24.49,2024-01-01
15_WANBORNE_3858,15,WANBORNE,3858,Grey Goose Vodka,750mL,122,23.99,2024-01-01
2_ASHBORNE_2676,2,ASHBORNE,2676,Grand MacNish,1.75L,18,14.99,2024-01-01
17_OLDHAM_8622,17,OLDHAM,8622,Dom Perignon,750mL,6,134.99,2024-01-01
19_WINTERVALE_4025,19,WINTERVALE,4025,Bacardi Oakheart Spiced Rum,50mL,18,1.79,2024-01-01
29_AYLESBURY_8018,29,AYLESBURY,8018,La Vieille Ferme Red Ventoux,750mL,15,6.99,2024-01-01
14_BROMWICH_2648,14,BROMWICH,2648,Chivas Regal,375mL,13,15.99,2024-01-01
10_HORNSEY_211,10,HORNSEY,211,Cold River Gin,750mL,13,29.99,2024-01-01
6_GOULCREST_27932,6,GOULCREST,27932,Marc Bredif Vouvray,750mL,7,17.99,2024-01-01
15_WANBORNE_43232,15,WANBORNE,43232,Fat Bastard Cab Svgn,750mL,1,10.99,2024-01-01
20_BREDWARDINE_17176,20,BREDWARDINE,17176,Beringer Classic Chard,1.5L,20,7.99,2024-01-01
23_ARBINGTON_1623,23,ARBINGTON,1623,Bulleit 95 Rye,375mL,12,12.99,2024-01-01
8_ALNERWICK_8472,8,ALNERWICK,8472,1800 Silver Tequila,750mL,11,21.99,2024-01-01
34_PITMERDEN_21409,34,PITMERDEN,21409,Mumm Cordon Rouge Brut,1.5L,9,59.99,2024-01-01
6_GOULCREST_2164,6,GOULCREST,2164,New Amsterdam Gin,1.75L,8,16.99,2024-01-01
40_BULLMAR_4522,40,BULLMAR,4522,Lairds Apple Jack,750mL,17,15.99,2024-01-01
11_CARDEND_8329,11,CARDEND,8329,R Mondavi Chard Pvt Sel,750mL,27,7.99,2024-01-01
15_WANBORNE_3876,15,WANBORNE,3876,Smirnoff 80 Proof,1.75L,101,17.99,2024-01-01
34_PITMERDEN_21019,34,PITMERDEN,21019,Black Box Pnt Nr,3L,16,18.99,2024-01-01
19_WINTERVALE_32054,19,WINTERVALE,32054,Greg Norman Lmstn Cab/Merlot,750mL,13,11.99,2024-01-01
22_SHARNWICK_12368,22,SHARNWICK,12368,Vina Zaco Tempranillo Rioja,750mL,14,11.99,2024-01-01
27_MOUNTMEND_2000,27,MOUNTMEND,2000,John Taylor Velvet Falernum,750mL,1,15.99,2024-01-01
11_CARDEND_32908,11,CARDEND,32908,Sterling Vintners Cltn Merlo,750mL,40,10.99,2024-01-01
8_ALNERWICK_21032,8,ALNERWICK,21032,Taylor Fladgate 10-Yr Tawny,750mL,5,22.99,2024-01-01
25_CAERSHIRE_5539,25,CAERSHIRE,5539,DeKuyper Hot Damn 100*,750mL,6,10.99,2024-01-01
27_MOUNTMEND_3837,27,MOUNTMEND,3837,Skyy Vodka,50mL,119,0.99,2024-01-01
19_WINTERVALE_34439,19,WINTERVALE,34439,Toad Hollow Mendocino Chard,750mL,8,15.99,2024-01-01
7_STANMORE_36558,7,STANMORE,36558,Cruz Garcia Real Sangria Re,1.5L,14,9.99,2024-01-01
23_ARBINGTON_6828,23,ARBINGTON,6828,Santa Rita RSV Cab Svgn,750mL,6,9.99,2024-01-01
34_PITMERDEN_3168,34,PITMERDEN,3168,Belvedere UF Intense Vodka,750mL,12,25.99,2024-01-01
21_BALERNO_12069,21,BALERNO,12069,Gnarly Head Pnt Grigio,750mL,61,7.99,2024-01-01
11_CARDEND_6584,11,CARDEND,6584,Schmitt Sohne Spatlese Psprt,750mL,12,11.99,2024-01-01
15_WANBORNE_27503,15,WANBORNE,27503,Ch Ste Michelle Hrse Hvn Svg,750mL,8,11.99,2024-01-01
24_PALPERROTH_8978,24,PALPERROTH,8978,Riunite Lambrusco,3L,8,16.99,2024-01-01
20_BREDWARDINE_842,20,BREDWARDINE,842,Bols Apricot Flavored Brand,Liter,12,10.99,2024-01-01
38_GOULCREST_42350,38,GOULCREST,42350,Black Box Shiraz Cntrl Coast,3L,0,18.99,2024-01-01
34_PITMERDEN_5242,34,PITMERDEN,5242,Cointreau Liqueur,750mL,14,29.99,2024-01-01
11_CARDEND_4673,11,CARDEND,4673,Hennessy VS Cognac,1.75L,3,69.99,2024-01-01
7_STANMORE_16494,7,STANMORE,16494,Tenuta di Arceno Chianti Cls,750mL,6,18.99,2024-01-01
29_AYLESBURY_3960,29,AYLESBURY,3960,Tortilla Gold Tequila Liquer,1.75L,6,11.99,2024-01-01
30_CULCHETH_15900,30,CULCHETH,15900,Ch St Jean Svgn Bl Sonoma,750mL,9,10.99,2024-01-01
15_WANBORNE_30638,15,WANBORNE,30638,San Quirico Vernaccia,750mL,9,13.99,2024-01-01
24_PALPERROTH_2164,24,PALPERROTH,2164,New Amsterdam Gin,1.75L,37,16.99,2024-01-01
24_PALPERROTH_31465,24,PALPERROTH,31465,Franzia Tap Chard,5L,11,17.99,2024-01-01
11_CARDEND_35048,11,CARDEND,35048,Castell Del Remei Gotim Bru,750mL,12,13.99,2024-01-01
2_ASHBORNE_1725,2,ASHBORNE,1725,Ole Smoky White Lightnin',750mL,7,18.99,2024-01-01
33_HORNSEY_19189,33,HORNSEY,19189,Castello di Meleto Chianti,750mL,9,17.99,2024-01-01
1_HARDERSFIELD_4583,1,HARDERSFIELD,4583,Perc Coffee Liqueur,750mL,4,22.99,2024-01-01
23_ARBINGTON_3884,23,ARBINGTON,3884,Bracero Blanco Tequila,750mL,5,37.99,2024-01-01
2_ASHBORNE_3487,2,ASHBORNE,3487,Stolichnaya Blueberi,750mL,10,16.99,2024-01-01
41_LARNWICK_3343,41,LARNWICK,3343,Bombay Sapphire Gin,375mL,12,12.99,2024-01-01
37_PAETHSMOUTH_3335,37,PAETHSMOUTH,3335,Tanqueray Sterling Vodka,750mL,8,10.99,2024-01-01
10_HORNSEY_5685,10,HORNSEY,5685,P & J Cold Soaked Peaches,750mL,36,18.99,2024-01-01
21_BALERNO_2783,21,BALERNO,2783,Lauders Scotch,1.75L,22,13.99,2024-01-01
13_TARMSWORTH_1135,13,TARMSWORTH,1135,Rebel Reserve Bourbon,750mL,4,20.99,2024-01-01
39_EASTHALLOW_2534,39,EASTHALLOW,2534,The Dalmore 12Yr Single Malt,750mL,8,49.99,2024-01-01
15_WANBORNE_19320,15,WANBORNE,19320,Merriam Danielle Svgn Bl RRV,750mL,9,17.99,2024-01-01
34_PITMERDEN_19577,34,PITMERDEN,19577,Forma de Art Red,750mL,8,14.99,2024-01-01
41_LARNWICK_6162,41,LARNWICK,6162,Jadot Pouilly Fuisse,750mL,6,21.99,2024-01-01
34_PITMERDEN_20410,34,PITMERDEN,20410,Beringer Luminus Chard,750mL,44,29.95,2024-01-01
22_SHARNWICK_1389,22,SHARNWICK,1389,Makers Mark,50mL,7,2.99,2024-01-01
21_BALERNO_18575,21,BALERNO,18575,Sartori Amarone,750mL,7,39.99,2024-01-01
10_HORNSEY_32545,10,HORNSEY,32545,Artesa Carneros Chard,750mL,74,15.99,2024-01-01
2_ASHBORNE_12191,2,ASHBORNE,12191,M & R Sparkling Rose,750mL,1,9.99,2024-01-01
39_EASTHALLOW_19848,39,EASTHALLOW,19848,Carnivor Cab Svgn,750mL,20,9.99,2024-01-01
39_EASTHALLOW_5297,39,EASTHALLOW,5297,Southern Comfort,750mL,15,13.99,2024-01-01
40_BULLMAR_3690,40,BULLMAR,3690,Tanqueray Ten Gin,750mL,7,27.99,2024-01-01
33_HORNSEY_37435,33,HORNSEY,37435,Duval-Leroy Champagne Brut,750mL,19,31.99,2024-01-01
11_CARDEND_37604,11,CARDEND,37604,Hardys Chard Ausl,3L,5,16.99,2024-01-01
23_ARBINGTON_37048,23,ARBINGTON,37048,Ch Montelena Chard Napa,750mL,16,44.99,2024-01-01
34_PITMERDEN_45600,34,PITMERDEN,45600,Luigi Bosca La Linda Malbec,750mL,10,10.99,2024-01-01
26_KNIFE'S EDGE_8482,26,KNIFE'S EDGE,8482,Cabot Trail Cana Cream Maple,750mL,3,17.99,2024-01-01
34_PITMERDEN_16443,34,PITMERDEN,16443,Sans Liege Cotes du Coast Wh,750mL,10,22.99,2024-01-01
37_PAETHSMOUTH_8970,37,PAETHSMOUTH,8970,Ice Box Manhattan,1.75L,4,9.99,2024-01-01
38_GOULCREST_24310,38,GOULCREST,24310,Hi! Prosecco,750mL,21,12.99,2024-01-01
40_BULLMAR_3595,40,BULLMAR,3595,Smirnoff Blue 100 Proof,750mL,11,15.99,2024-01-01
33_HORNSEY_2590,33,HORNSEY,2590,The Black Grouse Scotch,1.75L,4,39.99,2024-01-01
10_HORNSEY_26236,10,HORNSEY,26236,Marques de Caceres Rose,750mL,28,8.99,2024-01-01
4_EANVERNESS_35578,4,EANVERNESS,35578,Alamos Ridge Cab Svgn Mendza,750mL,18,9.99,2024-01-01
16_LUNDY_14930,16,LUNDY,14930,Yellow Tail Moscato,1.5L,18,8.95,2024-01-01
35_HALIVAARA_5689,35,HALIVAARA,5689,Villa Massa Limoncello,750mL,4,18.99,2024-01-01
34_PITMERDEN_3244,34,PITMERDEN,3244,Burnetts Vodka,750mL,21,6.79,2024-01-01
7_STANMORE_2755,7,STANMORE,2755,Johnnie Walker Red Label,750mL,7,24.99,2024-01-01
18_FURNESS_1394,18,FURNESS,1394,Makers Mark,375mL,11,16.49,2024-01-01
38_GOULCREST_4625,38,GOULCREST,4625,Courvoisier XO Cognac,750mL,10,139.99,2024-01-01
2_ASHBORNE_3883,2,ASHBORNE,3883,Hornitos Lime Shot Tequila,750mL,4,21.99,2024-01-01
39_EASTHALLOW_7293,39,EASTHALLOW,7293,Chi Chi's Skinny Margarita,1.75L,18,8.99,2024-01-01
35_HALIVAARA_3351,35,HALIVAARA,3351,Pinnacle Whipped Vodka,1.75L,38,16.99,2024-01-01
32_MOUNTMEND_24634,32,MOUNTMEND,24634,Marques de Caceres RSV Red,750mL,27,16.99,2024-01-01
38_GOULCREST_5111,38,GOULCREST,5111,Dr McGillicuddy's Mentholmnt,50mL,230,0.99,2024-01-01
20_BREDWARDINE_17209,20,BREDWARDINE,17209,The Divining Rod Cab Svgn,750mL,7,15.99,2024-01-01
26_KNIFE'S EDGE_8202,26,KNIFE'S EDGE,8202,Sambuca Romana,750mL,44,17.99,2024-01-01
32_MOUNTMEND_26744,32,MOUNTMEND,26744,Santa Lucia Sangvs Monte Ant,750mL,54,11.99,2024-01-01
2_ASHBORNE_23241,2,ASHBORNE,23241,14 Hands Svgn Bl,750mL,12,8.99,2024-01-01
18_FURNESS_8627,18,FURNESS,8627,Jadot Beaujolais Villages,750mL,16,7.98,2024-01-01
4_EANVERNESS_3412,4,EANVERNESS,3412,Skyy Infusions Pineapple,750mL,9,12.99,2024-01-01
31_HORNSEY_28262,31,HORNSEY,28262,Nathanson Creek Merlot,1.5L,18,7.99,2024-01-01
22_SHARNWICK_4488,22,SHARNWICK,4488,Zhenka Tropical Dark Rum,1.75L,14,11.49,2024-01-01
25_CAERSHIRE_1049,25,CAERSHIRE,1049,Old New England Pumpkin Nog,750mL,5,6.99,2024-01-01
22_SHARNWICK_3745,22,SHARNWICK,3745,Taaka Vodka Traveler,750mL,24,4.99,2024-01-01
9_BLACKPOOL_3276,9,BLACKPOOL,3276,Gordons London Dry,1.75L,45,14.99,2024-01-01
41_LARNWICK_4152,41,LARNWICK,4152,Jenkins Rum,750mL,11,4.99,2024-01-01
41_LARNWICK_5399,41,LARNWICK,5399,Goldschlager Cinnamon Schna,50mL,174,1.99,2024-01-01
2_ASHBORNE_8526,2,ASHBORNE,8526,Chambord Royale de France,750mL,11,27.99,2024-01-01
1_HARDERSFIELD_3915,1,HARDERSFIELD,3915,Sauza Silver Tequila,750mL,4,12.99,2024-01-01
31_HORNSEY_5109,31,HORNSEY,5109,Dr McGillicuddy's Menth Trav,750mL,17,12.99,2024-01-01
30_CULCHETH_41990,30,CULCHETH,41990,Heitz Cab Svgn Napa,750mL,6,54.99,2024-01-01
14_BROMWICH_2661,14,BROMWICH,2661,Laphroaig Cask Strength 10Yr,750mL,3,61.99,2024-01-01
27_MOUNTMEND_40175,27,MOUNTMEND,40175,M & R Asti 4 Pak,187mL 4 Pk,4,11.99,2024-01-01
27_MOUNTMEND_3425,27,MOUNTMEND,3425,Olmeca Altos Plata Tequila,750mL,10,20.99,2024-01-01
29_AYLESBURY_40621,29,AYLESBURY,40621,Santa Margherita Prosecco V,750mL,3,17.99,2024-01-01
8_ALNERWICK_28239,8,ALNERWICK,28239,Fetzer Eagle Peak Merlot,1.5L,8,12.99,2024-01-01
32_MOUNTMEND_33037,32,MOUNTMEND,33037,Beringer Fndrs Est Cab Svgn,1.5L,22,18.99,2024-01-01
35_HALIVAARA_36771,35,HALIVAARA,36771,Yellow Tail Merlot Ausl,1.5L,87,8.95,2024-01-01
35_HALIVAARA_3072,35,HALIVAARA,3072,Ciroc Peach Vodka,750mL,4,24.99,2024-01-01
33_HORNSEY_3568,33,HORNSEY,3568,Pearl Cucumber Vodka,50mL,136,0.99,2024-01-01
35_HALIVAARA_5810,35,HALIVAARA,5810,Cuervo Watermelon Margaritas,1.75L,10,15.99,2024-01-01
9_BLACKPOOL_8421,9,BLACKPOOL,8421,Beringer Classic Wh Znfdl,750mL,33,5.99,2024-01-01
41_LARNWICK_8664,41,LARNWICK,8664,Asbach Uralt German Brandy,750mL,3,23.49,2024-01-01
4_EANVERNESS_12747,4,EANVERNESS,12747,Barefoot Cellars Pnt Nr,750mL,6,4.99,2024-01-01
13_TARMSWORTH_6081,13,TARMSWORTH,6081,Kinky Blue Liqueur,50mL,62,1.99,2024-01-01
40_BULLMAR_29835,40,BULLMAR,29835,Casal Garcia Vinho Verde Wh,750mL,26,7.99,2024-01-01
25_CAERSHIRE_4422,25,CAERSHIRE,4422,Jenkins Spiced Rum,1.75L,1,11.49,2024-01-01
34_PITMERDEN_1962,34,PITMERDEN,1962,Jim Beam Apple,750mL,178,13.99,2024-01-01
41_LARNWICK_1868,41,LARNWICK,1868,Lagavulin Single Malt 16-Yr,750mL,16,69.99,2024-01-01
2_ASHBORNE_40425,2,ASHBORNE,40425,Mionetto Prosecco Brut,750mL,52,9.95,2024-01-01
33_HORNSEY_17011,33,HORNSEY,17011,La Maialina Gertrude Red,750mL,8,13.99,2024-01-01
32_MOUNTMEND_16328,32,MOUNTMEND,16328,Black Box Chard,500mL,4,3.99,2024-01-01
9_BLACKPOOL_35800,9,BLACKPOOL,35800,Penfolds T Hyland Shiraz,750mL,14,11.99,2024-01-01
13_TARMSWORTH_6590,13,TARMSWORTH,6590,Almaden B/B Wh Znfdl Cal,5L,9,14.99,2024-01-01
8_ALNERWICK_12213,8,ALNERWICK,12213,Evodia Garnacha Old Vine,750mL,21,8.99,2024-01-01
32_MOUNTMEND_7750,32,MOUNTMEND,7750,Cynar Liqueur,Liter,2,27.99,2024-01-01
24_PALPERROTH_4228,24,PALPERROTH,4228,Bacardi 8,750mL,4,19.99,2024-01-01
6_GOULCREST_22387,6,GOULCREST,22387,Gnarly Head Authentic Black,750mL,8,9.99,2024-01-01
37_PAETHSMOUTH_587,37,PAETHSMOUTH,587,Malibu Mango Rum,Liter,3,16.99,2024-01-01
37_PAETHSMOUTH_4634,37,PAETHSMOUTH,4634,Gold Crown Wh Rum,1.75L,14,10.99,2024-01-01
40_BULLMAR_25373,40,BULLMAR,25373,Sella & Mosca RSV Cannonau,750mL,11,12.99,2024-01-01
27_MOUNTMEND_29996,27,MOUNTMEND,29996,Wild Horse CC Cab Svgn,750mL,12,16.99,2024-01-01
31_HORNSEY_41751,31,HORNSEY,41751,Clos du Bois Pnt Grigio Cal,750mL,14,8.99,2024-01-01
33_HORNSEY_43737,33,HORNSEY,43737,Menage a Trois Rose Blend,750mL,13,8.99,2024-01-01
37_PAETHSMOUTH_171,37,PAETHSMOUTH,171,Gentleman Jack,1.75L,10,49.99,2024-01-01
10_HORNSEY_8149,10,HORNSEY,8149,Sebastiani Cab Svgn Sonoma,750mL,26,19.99,2024-01-01
32_MOUNTMEND_2644,32,MOUNTMEND,2644,Chivas Regal 18-Yr Scotch,750mL,5,74.99,2024-01-01
34_PITMERDEN_2801,34,PITMERDEN,2801,Tullamore Dew 10 Yr Old,750mL,36,39.99,2024-01-01
8_ALNERWICK_43918,8,ALNERWICK,43918,Farnum Hill X-Dry Cider,750mL,6,11.99,2024-01-01
30_CULCHETH_4239,30,CULCHETH,4239,Pampero Ron Anejo Aniversari,750mL,6,21.99,2024-01-01
38_GOULCREST_21231,38,GOULCREST,21231,La Marca Prosecco,187mL,50,4.49,2024-01-01
4_EANVERNESS_38899,4,EANVERNESS,38899,L Martini Cab Svgn Sonoma,750mL,19,12.99,2024-01-01
6_GOULCREST_3517,6,GOULCREST,3517,Smirnoff Sorbet Mango/Pasion,750mL,24,12.99,2024-01-01
34_PITMERDEN_27160,34,PITMERDEN,27160,Vieux Telegraphe Chtnf Bl,750mL,10,67.99,2024-01-01
22_SHARNWICK_28092,22,SHARNWICK,28092,Cline Ancient Vin Znfdl,750mL,10,14.99,2024-01-01
9_BLACKPOOL_3125,9,BLACKPOOL,3125,Pinnacle Strawbery Shortcake,750mL,2,9.99,2024-01-01
16_LUNDY_4346,16,LUNDY,4346,Mr Boston Dark Rum,1.75L,8,10.99,2024-01-01
34_PITMERDEN_42212,34,PITMERDEN,42212,Rex Goliath Pnt Grigio,750mL,30,5.99,2024-01-01
35_HALIVAARA_5094,35,HALIVAARA,5094,Jagermeister Liqueur,100mL,64,3.49,2024-01-01
39_EASTHALLOW_2951,39,EASTHALLOW,2951,Old Bushmills Irish Whiskey,1.75L,4,37.99,2024-01-01
6_GOULCREST_4787,6,GOULCREST,4787,Appleton Special Gold Rum,1.75L,4,19.99,2024-01-01
23_ARBINGTON_4491,23,ARBINGTON,4491,Calvados Marquis De St Loup,750mL,12,28.99,2024-01-01
32_MOUNTMEND_5101,32,MOUNTMEND,5101,Dr McGillicuddy's Mentholmnt,750mL,18,12.99,2024-01-01
23_ARBINGTON_6957,23,ARBINGTON,6957,Torna Sorrento Limoncello,750mL,1,18.99,2024-01-01
35_HALIVAARA_2924,35,HALIVAARA,2924,Speyburn 10-Yr Single Malt,750mL,3,23.99,2024-01-01
11_CARDEND_45322,11,CARDEND,45322,Zabrin de Fuego Garnacha,750mL,22,8.99,2024-01-01
15_WANBORNE_44182,15,WANBORNE,44182,Tommasi Poggio Al Tufo Rompi,750mL,6,15.99,2024-01-01
39_EASTHALLOW_4320,39,EASTHALLOW,4320,D'Usse VSOP Cognac,750mL,3,48.99,2024-01-01
41_LARNWICK_5815,41,LARNWICK,5815,Godiva Dark Chocolate,750mL,12,21.99,2024-01-01
33_HORNSEY_3863,33,HORNSEY,3863,Evan Williams Honey Reserve,1.75L,4,19.99,2024-01-01
19_WINTERVALE_16260,19,WINTERVALE,16260,The Dreaming Tree Cab Svgn,750mL,26,11.99,2024-01-01
15_WANBORNE_9129,15,WANBORNE,9129,Peychaud's Bitters,5.0 Oz,5,4.99,2024-01-01
23_ARBINGTON_14620,23,ARBINGTON,14620,Bodega Elena de Mendoza Mlbc,750mL,0,6.99,2024-01-01
24_PALPERROTH_1550,24,PALPERROTH,1550,Jack Daniels Tennessee Fire,100mL,1,3.99,2024-01-01
21_BALERNO_3878,21,BALERNO,3878,Smirnoff 80 Proof,750mL,38,12.99,2024-01-01
5_SUTTON_3571,5,SUTTON,3571,Absolut Vanilia,50mL,126,1.99,2024-01-01
1_HARDERSFIELD_18747,1,HARDERSFIELD,18747,Ca'Momi Rosso di Napa,750mL,12,9.99,2024-01-01
15_WANBORNE_3174,15,WANBORNE,3174,Cold River Vodka,750mL,12,29.99,2024-01-01
33_HORNSEY_23432,33,HORNSEY,23432,Perrusset Macon Villages,750mL,9,15.99,2024-01-01
1_HARDERSFIELD_44620,1,HARDERSFIELD,44620,A to Z Ore Chard,750mL,11,15.99,2024-01-01
9_BLACKPOOL_3486,9,BLACKPOOL,3486,Tanqueray,375mL,18,12.99,2024-01-01
38_GOULCREST_8342,38,GOULCREST,8342,Korbel X Dry,750mL,81,11.99,2024-01-01
20_BREDWARDINE_1022,20,BREDWARDINE,1022,St Brendans Salted Caramel,750mL,8,13.99,2024-01-01
24_PALPERROTH_1174,24,PALPERROTH,1174,Rebel Yell,1.75L,10,19.99,2024-01-01
35_HALIVAARA_27596,35,HALIVAARA,27596,MezzaCorona Pnt Grigio,750mL,18,7.89,2024-01-01
12_LEESIDE_35581,12,LEESIDE,35581,Frogs Leap Merlot Napa,750mL,7,36.99,2024-01-01
7_STANMORE_3915,7,STANMORE,3915,Sauza Silver Tequila,750mL,2,12.99,2024-01-01
2_ASHBORNE_3941,2,ASHBORNE,3941,Tres Generaciones Reposado,750mL,4,36.99,2024-01-01
5_SUTTON_2951,5,SUTTON,2951,Old Bushmills Irish Whiskey,1.75L,7,37.99,2024-01-01
41_LARNWICK_3918,41,LARNWICK,3918,Cabo Wabo Anejo Tequila,750mL,8,42.99,2024-01-01
37_PAETHSMOUTH_3779,37,PAETHSMOUTH,3779,Three Olives Cherry Vodka,750mL,10,14.99,2024-01-01
15_WANBORNE_16610,15,WANBORNE,16610,Leese-Fitch Cab Svgn,750mL,18,10.99,2024-01-01
11_CARDEND_4252,11,CARDEND,4252,Bacardi Limon Rum,50mL,55,0.99,2024-01-01
24_PALPERROTH_5897,24,PALPERROTH,5897,99 Bananas,750mL,12,11.99,2024-01-01
10_HORNSEY_4130,10,HORNSEY,4130,Kraken Black Spiced Rum,375mL,0,8.99,2024-01-01
22_SHARNWICK_38652,22,SHARNWICK,38652,Carpineto Chianti Clsc RSV,750mL,2,19.99,2024-01-01
21_BALERNO_4290,21,BALERNO,4290,Bacardi Tangerine Rum,750mL,10,9.99,2024-01-01
14_BROMWICH_11141,14,BROMWICH,11141,C K Mondavi Chard,1.5L,11,9.99,2024-01-01
33_HORNSEY_11819,33,HORNSEY,11819,Pacific Rim Vin de Glaci Rsl,375mL,11,14.99,2024-01-01
32_MOUNTMEND_807,32,MOUNTMEND,807,Jim Beam,Liter,5,17.99,2024-01-01
10_HORNSEY_3357,10,HORNSEY,3357,Smirnoff Sours Green Apple,50mL,0,0.99,2024-01-01
33_HORNSEY_23384,33,HORNSEY,23384,Dom Fouassier Sancerre 13,750mL,17,17.99,2024-01-01
4_EANVERNESS_8027,4,EANVERNESS,8027,Absolut Mandrin,50mL,112,1.99,2024-01-01
38_GOULCREST_4379,38,GOULCREST,4379,Bacardi Coconut,50mL,150,0.99,2024-01-01
8_ALNERWICK_2382,8,ALNERWICK,2382,Opihr London Dry Gin,750mL,28,27.99,2024-01-01
19_WINTERVALE_3745,19,WINTERVALE,3745,Taaka Vodka Traveler,750mL,20,4.99,2024-01-01
27_MOUNTMEND_5316,27,MOUNTMEND,5316,Amaretto DiSaronno,50mL,116,2.29,2024-01-01
36_LEWES_44362,36,LEWES,44362,Cusumano Nero D'Avola Sicily,750mL,11,10.99,2024-01-01
23_ARBINGTON_2262,23,ARBINGTON,2262,Black Button Citrus Gin,750mL,8,35.99,2024-01-01
23_ARBINGTON_12951,23,ARBINGTON,12951,Purple Cowboy Red,750mL,9,12.99,2024-01-01
39_EASTHALLOW_7279,39,EASTHALLOW,7279,Yago Sant'Gria Red,1.5L,13,6.99,2024-01-01
11_CARDEND_2957,11,CARDEND,2957,Glenfarclas 12-Yr Scotch,750mL,5,35.99,2024-01-01
35_HALIVAARA_14706,35,HALIVAARA,14706,Cupcake Prosecco,750mL,10,6.99,2024-01-01
4_EANVERNESS_39523,4,EANVERNESS,39523,Cloudy Bay Svgn Bl Marlboro,750mL,10,24.99,2024-01-01
21_BALERNO_4488,21,BALERNO,4488,Zhenka Tropical Dark Rum,1.75L,5,11.49,2024-01-01
11_CARDEND_8424,11,CARDEND,8424,1800 Coconut Tequila,750mL,2,22.99,2024-01-01
39_EASTHALLOW_3385,39,EASTHALLOW,3385,Pinnacle Strawbry Kiwi Vodka,1.75L,23,16.99,2024-01-01
27_MOUNTMEND_32908,27,MOUNTMEND,32908,Sterling Vintners Cltn Merlo,750mL,18,10.99,2024-01-01
4_EANVERNESS_20098,4,EANVERNESS,20098,Milestone Chard,750mL,3,8.99,2024-01-01
31_HORNSEY_26181,31,HORNSEY,26181,Jaume Serra Cristalino Brut,750mL,4,6.99,2024-01-01
17_OLDHAM_4798,17,OLDHAM,4798,Sambuca Romana Liqueur,50mL,88,1.99,2024-01-01
35_HALIVAARA_2788,35,HALIVAARA,2788,Laphroaig 10 Yr Single Malt,750mL,11,39.99,2024-01-01
22_SHARNWICK_26426,22,SHARNWICK,26426,Pommery Brut Royale,750mL,7,32.99,2024-01-01
30_CULCHETH_28081,30,CULCHETH,28081,Gandia Hoya de Cadenas RSV,750mL,14,8.99,2024-01-01
9_BLACKPOOL_6692,9,BLACKPOOL,6692,Jaboulet Cotes du Rhone Par,750mL,67,11.99,2024-01-01
3_HORNSEY_12111,3,HORNSEY,12111,LaBelle Winery Cranberry,750mL,13,15.99,2024-01-01
1_HARDERSFIELD_1880,1,HARDERSFIELD,1880,The Glenlivet Nadurra,750mL,22,69.99,2024-01-01
20_BREDWARDINE_3278,20,BREDWARDINE,3278,Gordons London Dry,750mL,16,7.99,2024-01-01
25_CAERSHIRE_3487,25,CAERSHIRE,3487,Stolichnaya Blueberi,750mL,3,16.99,2024-01-01
33_HORNSEY_25796,33,HORNSEY,25796,Grgich Hills Znfdl,750mL,12,34.99,2024-01-01
13_TARMSWORTH_17865,13,TARMSWORTH,17865,Ch St Jean Pnt Nr,750mL,15,11.99,2024-01-01
4_EANVERNESS_1348,4,EANVERNESS,1348,Knob Creek Bourbon,375mL,29,15.99,2024-01-01
1_HARDERSFIELD_9256,1,HARDERSFIELD,9256,Don Ramon Silver Tequila,750mL,6,29.99,2024-01-01
18_FURNESS_7996,18,FURNESS,7996,Stock Italian Sweet Vermouth,750mL,10,6.49,2024-01-01
1_HARDERSFIELD_3153,1,HARDERSFIELD,3153,Rye Harbor Vodka,750mL,4,17.99,2024-01-01
20_BREDWARDINE_2602,20,BREDWARDINE,2602,Caol Ila 12 Yr Islay Single,750mL,6,56.99,2024-01-01
11_CARDEND_31200,11,CARDEND,31200,Banfi Rosso di Montalcino,750mL,8,20.99,2024-01-01
9_BLACKPOOL_42115,9,BLACKPOOL,42115,Jewell Towne Cab Svgn NH,750mL,3,14.49,2024-01-01
8_ALNERWICK_10472,8,ALNERWICK,10472,Clos du Bois Pnt Nr Cal,750mL,56,8.99,2024-01-01
11_CARDEND_1382,11,CARDEND,1382,Makers 46,750mL,8,39.99,2024-01-01
6_GOULCREST_8023,6,GOULCREST,8023,DeKuyper Triple Sec,750mL,25,4.49,2024-01-01
34_PITMERDEN_16782,34,PITMERDEN,16782,Penner-Ash Willamette Pnt Nr,750mL,8,36.99,2024-01-01
6_GOULCREST_5872,6,GOULCREST,5872,Godiva Chocolate Liqueur,50mL,9,2.99,2024-01-01
34_PITMERDEN_15064,34,PITMERDEN,15064,Sokol Blosser Pnt Gris,750mL,14,18.99,2024-01-01
19_WINTERVALE_8746,19,WINTERVALE,8746,Cavit Pinot Grigio,750mL,18,8.99,2024-01-01
23_ARBINGTON_1380,23,ARBINGTON,1380,Bulleit 95 Rye,1.75L,13,46.99,2024-01-01
13_TARMSWORTH_3779,13,TARMSWORTH,3779,Three Olives Cherry Vodka,750mL,20,14.99,2024-01-01
11_CARDEND_12227,11,CARDEND,12227,Korbel Sweet Rose,750mL,40,12.99,2024-01-01
18_FURNESS_1244,18,FURNESS,1244,Jack Daniels Winter Jack,750mL,4,15.99,2024-01-01
6_GOULCREST_3609,6,GOULCREST,3609,Smirnoff Vanilla Vodka,50mL,136,0.99,2024-01-01
40_BULLMAR_36771,40,BULLMAR,36771,Yellow Tail Merlot Ausl,1.5L,31,8.95,2024-01-01
37_PAETHSMOUTH_2105,37,PAETHSMOUTH,2105,Black Velvet Toasted Caramel,750mL,4,9.99,2024-01-01
38_GOULCREST_33028,38,GOULCREST,33028,Rombauer Cab Svgn Napa,750mL,23,54.99,2024-01-01
11_CARDEND_4450,11,CARDEND,4450,Leblon Natural Cane Cachaca,750mL,4,28.99,2024-01-01
37_PAETHSMOUTH_40054,37,PAETHSMOUTH,40054,Campo Viejo Tempranillo RSV,750mL,12,12.99,2024-01-01
1_HARDERSFIELD_6102,1,HARDERSFIELD,6102,Midnight Moon Peach,750mL,5,19.99,2024-01-01
23_ARBINGTON_24907,23,ARBINGTON,24907,Bogle Old Vine Znfdl Cal,750mL,8,9.99,2024-01-01
17_OLDHAM_23406,17,OLDHAM,23406,The Naked Grape Box Merlot,3L,6,17.99,2024-01-01
38_GOULCREST_21321,38,GOULCREST,21321,Rex Goliath Red Sangria,750mL,18,5.99,2024-01-01
7_STANMORE_7279,7,STANMORE,7279,Yago Sant'Gria Red,1.5L,22,6.99,2024-01-01
11_CARDEND_32988,11,CARDEND,32988,Barefoot Cab Svgn Cal,750mL,1,4.99,2024-01-01
23_ARBINGTON_32055,23,ARBINGTON,32055,Greg Norman Eden Vly Chard,750mL,13,11.99,2024-01-01
34_PITMERDEN_5735,34,PITMERDEN,5735,Malibu Rum,750mL,114,12.99,2024-01-01
9_BLACKPOOL_34947,9,BLACKPOOL,34947,M Chiarlo Moscato D'Asti Ni,375mL,6,11.49,2024-01-01
23_ARBINGTON_22801,23,ARBINGTON,22801,Fetzer Valley Oaks Cab Svgn,1.5L,13,12.99,2024-01-01
19_WINTERVALE_37158,19,WINTERVALE,37158,Montes RSV Colchagua Malbec,750mL,12,12.99,2024-01-01
4_EANVERNESS_2595,4,EANVERNESS,2595,Clontarf Irish Whiskey,750mL,9,16.99,2024-01-01
37_PAETHSMOUTH_5587,37,PAETHSMOUTH,5587,Jose Cuervo Golden Margarita,1.75L,16,19.99,2024-01-01
7_STANMORE_46764,7,STANMORE,46764,Clayhouse Adobe Red Paso Rbl,750mL,20,11.99,2024-01-01
6_GOULCREST_4624,6,GOULCREST,4624,Meukow 90,750mL,7,19.99,2024-01-01
22_SHARNWICK_3295,22,SHARNWICK,3295,Tito's Handmade Vodka,375mL,6,9.99,2024-01-01
10_HORNSEY_523,10,HORNSEY,523,Castello Del Poggio Moscato,750mL,20,10.49,2024-01-01
34_PITMERDEN_1545,34,PITMERDEN,1545,Gentleman Jack,750mL,188,26.99,2024-01-01
23_ARBINGTON_8897,23,ARBINGTON,8897,Moet & Chandon Brut Imprl Ro,750mL,8,49.99,2024-01-01
2_ASHBORNE_2433,2,ASHBORNE,2433,Crown Royal X R Extra Rare,750mL,3,131.99,2024-01-01
33_HORNSEY_23840,33,HORNSEY,23840,Roth Est Red Heritage Sonoma,750mL,24,17.99,2024-01-01
23_ARBINGTON_3607,23,ARBINGTON,3607,Smirnoff Citrus Vodka,50mL,83,0.99,2024-01-01
2_ASHBORNE_5525,2,ASHBORNE,5525,Fernet-Branca Italian Liquer,750mL,7,24.99,2024-01-01
6_GOULCREST_2920,6,GOULCREST,2920,Old Potrero 18th Century,750mL,6,64.99,2024-01-01
39_EASTHALLOW_2445,39,EASTHALLOW,2445,Seagrams VO,750mL,13,11.99,2024-01-01
15_WANBORNE_32679,15,WANBORNE,32679,Pepperwood Grove Merlot Cal,750mL,9,7.99,2024-01-01
37_PAETHSMOUTH_4438,37,PAETHSMOUTH,4438,Cruzan Black Cherry Rum,750mL,6,9.99,2024-01-01
34_PITMERDEN_14120,34,PITMERDEN,14120,Antica Cab Svgn Napa Valley,750mL,8,45.99,2024-01-01
33_HORNSEY_2189,33,HORNSEY,2189,Cleveland Black Rsv Whiskey,750mL,1,26.99,2024-01-01
38_GOULCREST_15399,38,GOULCREST,15399,Lobster Reef Svgn Bl,750mL,12,10.99,2024-01-01
32_MOUNTMEND_2054,32,MOUNTMEND,2054,Johnnie Walker Select Casks,750mL,10,43.99,2024-01-01
10_HORNSEY_3510,10,HORNSEY,3510,Smirnoff Light Lemon Sorbet,750mL,28,12.99,2024-01-01
9_BLACKPOOL_3227,9,BLACKPOOL,3227,Taaka Gin,1.75L,44,8.99,2024-01-01
10_HORNSEY_8097,10,HORNSEY,8097,Patron Citronge Orange,375mL,10,11.99,2024-01-01
12_LEESIDE_8921,12,LEESIDE,8921,Sterling Cab Svgn,750mL,13,16.95,2024-01-01
21_BALERNO_2270,21,BALERNO,2270,Laphroaig Triple Wood,750mL,6,74.99,2024-01-01
21_BALERNO_18134,21,BALERNO,18134,Joel Gott Alakai Red,750mL,5,13.99,2024-01-01
11_CARDEND_11698,11,CARDEND,11698,Lamberti Prosecco X Dry,750mL,36,11.99,2024-01-01
1_HARDERSFIELD_8338,1,HARDERSFIELD,8338,The Glenlivet 12 Yr Single,375mL,0,21.99,2024-01-01
2_ASHBORNE_8781,2,ASHBORNE,8781,Rodney Strong Cab Svgn,750mL,97,15.99,2024-01-01
35_HALIVAARA_1178,35,HALIVAARA,1178,Evan Williams Black Label B,750mL,3,11.49,2024-01-01
34_PITMERDEN_23452,34,PITMERDEN,23452,Santa Rita Secret Rsv Red,750mL,16,8.99,2024-01-01
16_LUNDY_37792,16,LUNDY,37792,Blackstone Pnt Nr Monterey,750mL,11,7.99,2024-01-01
12_LEESIDE_5330,12,LEESIDE,5330,Kahlua White Russian RTD,1.75L,8,15.99,2024-01-01
4_EANVERNESS_14383,4,EANVERNESS,14383,LaBelle Winery Granite Red,750mL,13,15.99,2024-01-01
10_HORNSEY_33370,10,HORNSEY,33370,Whitehall Lane Cab Svgn Napa,750mL,20,34.99,2024-01-01
36_LEWES_31494,36,LEWES,31494,Barefoot Merlot Cal,1.5L,9,10.99,2024-01-01
33_HORNSEY_2920,33,HORNSEY,2920,Old Potrero 18th Century,750mL,3,64.99,2024-01-01
34_PITMERDEN_23679,34,PITMERDEN,23679,A Bichot Secret de Fam PN,750mL,12,19.99,2024-01-01
13_TARMSWORTH_5714,13,TARMSWORTH,5714,Jose Cuervo Lime Margarita,200mL 4 Pk,6,9.99,2024-01-01
18_FURNESS_12212,18,FURNESS,12212,Black Box Svgn Bl,3L,0,18.99,2024-01-01
31_HORNSEY_3788,31,HORNSEY,3788,Patron Silver Tequila,375mL,0,25.99,2024-01-01
23_ARBINGTON_12111,23,ARBINGTON,12111,LaBelle Winery Cranberry,750mL,11,15.99,2024-01-01
2_ASHBORNE_4243,2,ASHBORNE,4243,Bacardi Superior Rum,1.75L,156,19.99,2024-01-01
38_GOULCREST_18812,38,GOULCREST,18812,Sweet Baby Vyds Strawberry,750mL,11,12.49,2024-01-01
34_PITMERDEN_2443,34,PITMERDEN,2443,Seagrams VO,1.75L,224,20.99,2024-01-01
15_WANBORNE_44033,15,WANBORNE,44033,Zardetto Pros di Coneg Brut,187mL,15,5.49,2024-01-01
16_LUNDY_700,16,LUNDY,700,Hiram Walker Cr de Cacao Br,Liter,0,8.29,2024-01-01
1_HARDERSFIELD_2655,1,HARDERSFIELD,2655,James Oliver Rye Whisky,750mL,11,29.99,2024-01-01
34_PITMERDEN_11749,34,PITMERDEN,11749,Almaden Pnt Grigio B/B,5L,8,15.99,2024-01-01
30_CULCHETH_39254,30,CULCHETH,39254,Las Rocas Garnacha San Alej,750mL,4,10.99,2024-01-01
7_STANMORE_21552,7,STANMORE,21552,Vindicated Cab Svgn,750mL,13,19.99,2024-01-01
17_OLDHAM_2590,17,OLDHAM,2590,The Black Grouse Scotch,1.75L,5,39.99,2024-01-01
29_AYLESBURY_972,29,AYLESBURY,972,Ciroc Snap Frost Vodka,Liter,5,33.99,2024-01-01
6_GOULCREST_18592,6,GOULCREST,18592,Deadbolt Red,750mL,5,11.99,2024-01-01
16_LUNDY_5399,16,LUNDY,5399,Goldschlager Cinnamon Schna,50mL,65,1.99,2024-01-01
14_BROMWICH_175,14,BROMWICH,175,1800 Anejo Tequila,750mL,3,41.99,2024-01-01
15_WANBORNE_2280,15,WANBORNE,2280,The Botanist Islay Dry Gin,750mL,4,36.99,2024-01-01
9_BLACKPOOL_2029,9,BLACKPOOL,2029,Springbank 10 Yr Scotch,750mL,6,73.99,2024-01-01
35_HALIVAARA_35999,35,HALIVAARA,35999,Fanal Madeira Full Rich,750mL,11,12.99,2024-01-01
12_LEESIDE_273,12,LEESIDE,273,Sauza Extra Gold Tequila,1.75L,17,21.99,2024-01-01
2_ASHBORNE_37311,2,ASHBORNE,37311,Salmon Run NY Chard,750mL,6,9.99,2024-01-01
15_WANBORNE_4370,15,WANBORNE,4370,Ron Virgin White,1.75L,0,10.99,2024-01-01
10_HORNSEY_5697,10,HORNSEY,5697,Metcalfe's Maple Liqueur,750mL,0,19.99,2024-01-01
11_CARDEND_1212,11,CARDEND,1212,DiSaronna Amaretto Sour VAP,750mL,41,19.99,2024-01-01
23_ARBINGTON_3253,23,ARBINGTON,3253,Gilbeys London Dry,1.75L,80,11.99,2024-01-01
10_HORNSEY_4290,10,HORNSEY,4290,Bacardi Tangerine Rum,750mL,0,9.99,2024-01-01
21_BALERNO_3352,21,BALERNO,3352,Ciroc Coconut Vodka,750mL,9,24.99,2024-01-01
19_WINTERVALE_6854,19,WINTERVALE,6854,Carlo Rossi Burgundy Calif,4L,7,14.99,2024-01-01
4_EANVERNESS_6362,4,EANVERNESS,6362,Totts Brut Calif,750mL,10,7.99,2024-01-01
18_FURNESS_7990,18,FURNESS,7990,Noilly Prat Sweet Vermouth,Liter,14,9.99,2024-01-01
15_WANBORNE_4239,15,WANBORNE,4239,Pampero Ron Anejo Aniversari,750mL,5,21.99,2024-01-01
6_GOULCREST_2591,6,GOULCREST,2591,Cardhu Scotch,750mL,6,39.99,2024-01-01
32_MOUNTMEND_25046,32,MOUNTMEND,25046,Bully Hill Love My Goat Rd,750mL,13,8.99,2024-01-01
20_BREDWARDINE_21019,20,BREDWARDINE,21019,Black Box Pnt Nr,3L,4,18.99,2024-01-01
10_HORNSEY_7340,10,HORNSEY,7340,Viniq Shimmery Liqueur,750mL,0,18.99,2024-01-01
41_LARNWICK_5223,41,LARNWICK,5223,Paul Masson Red Berry Brandy,750mL,14,8.99,2024-01-01
31_HORNSEY_34175,31,HORNSEY,34175,Lindemans Bin 50 Shiraz,1.5L,30,9.99,2024-01-01
17_OLDHAM_8096,17,OLDHAM,8096,Beefeater Gin,50mL,65,1.99,2024-01-01
38_GOULCREST_33334,38,GOULCREST,33334,Cavit Pinot Grigio Delle Ve,187mL 4 Pk,13,8.99,2024-01-01
31_HORNSEY_24455,31,HORNSEY,24455,Franciscan Cab Svgn Napa,750mL,4,16.98,2024-01-01
27_MOUNTMEND_5317,27,MOUNTMEND,5317,B & B Liqueur Dom,50mL,24,3.29,2024-01-01
34_PITMERDEN_5810,34,PITMERDEN,5810,Cuervo Watermelon Margaritas,1.75L,45,15.99,2024-01-01
21_BALERNO_17177,21,BALERNO,17177,Beringer Classic Merlot,1.5L,12,7.99,2024-01-01
13_TARMSWORTH_3276,13,TARMSWORTH,3276,Gordons London Dry,1.75L,21,14.99,2024-01-01
23_ARBINGTON_8236,23,ARBINGTON,8236,Jim Beam,50mL,45,1.49,2024-01-01
8_ALNERWICK_3662,8,ALNERWICK,3662,Three Olives Blueberry Vodka,750mL,9,11.99,2024-01-01
4_EANVERNESS_3769,4,EANVERNESS,3769,Jenkins Vodka,1.75L,17,8.99,2024-01-01
41_LARNWICK_8425,41,LARNWICK,8425,Studebaker Manhattan RTD,750mL,8,21.99,2024-01-01
34_PITMERDEN_4252,34,PITMERDEN,4252,Bacardi Limon Rum,50mL,98,0.99,2024-01-01
16_LUNDY_23395,16,LUNDY,23395,Pavilion St Pierre Cdu Rhone,750mL,12,9.99,2024-01-01
12_LEESIDE_8379,12,LEESIDE,8379,Wild Turkey 101,375mL,12,11.99,2024-01-01
10_HORNSEY_929,10,HORNSEY,929,DeKuyper Island Punch Pucker,Liter,5,12.99,2024-01-01
38_GOULCREST_46788,38,GOULCREST,46788,Oops Cheeky Little Svgn Bl,750mL,15,9.99,2024-01-01
19_WINTERVALE_22194,19,WINTERVALE,22194,Placido Pinot Grigio Venezi,1.5L,7,12.99,2024-01-01
14_BROMWICH_13661,14,BROMWICH,13661,Duckhorn Decoy Pnt Nr Sonoma,750mL,32,16.95,2024-01-01
4_EANVERNESS_17500,4,EANVERNESS,17500,Hob Nob Wicked Red,750mL,30,9.99,2024-01-01
24_PALPERROTH_3062,24,PALPERROTH,3062,Russian Standard Platinum,750mL,18,19.99,2024-01-01
1_HARDERSFIELD_3219,1,HARDERSFIELD,3219,Svedka Grapefruit Jalapeno,50mL,56,0.99,2024-01-01
14_BROMWICH_41714,14,BROMWICH,41714,Fish Eye Pnt Grigio,750mL,24,5.99,2024-01-01
17_OLDHAM_1396,17,OLDHAM,1396,Old Crow,1.75L,15,15.99,2024-01-01
34_PITMERDEN_3668,34,PITMERDEN,3668,Belvedere Polish Vodka,1.75L,101,42.99,2024-01-01
10_HORNSEY_42642,10,HORNSEY,42642,The Monterey Vyds Pnt Nr,750mL,22,11.99,2024-01-01
9_BLACKPOOL_6650,9,BLACKPOOL,6650,Simi Chard,750mL,10,14.99,2024-01-01
33_HORNSEY_1135,33,HORNSEY,1135,Rebel Reserve Bourbon,750mL,5,20.99,2024-01-01
21_BALERNO_3354,21,BALERNO,3354,Ketel One Vodka,375mL,24,14.99,2024-01-01
18_FURNESS_1346,18,FURNESS,1346,Knob Creek Bourbon,750mL,1,29.99,2024-01-01
35_HALIVAARA_3104,35,HALIVAARA,3104,Smirnoff Whipped Cream,750mL,13,10.99,2024-01-01
15_WANBORNE_28947,15,WANBORNE,28947,R M Woodbridge Merlot Cal,1.5L,30,8.99,2024-01-01
31_HORNSEY_32368,31,HORNSEY,32368,Cavit Pinot Noir Delle Vene,1.5L,15,9.99,2024-01-01
7_STANMORE_5101,7,STANMORE,5101,Dr McGillicuddy's Mentholmnt,750mL,26,12.99,2024-01-01
15_WANBORNE_24650,15,WANBORNE,24650,Perrier Jouet BE Luxury Case,750mL,1,111.99,2024-01-01
20_BREDWARDINE_3452,20,BREDWARDINE,3452,Vanya Light Vodka,1.75L,6,6.99,2024-01-01
18_FURNESS_388,18,FURNESS,388,Smirnoff 80 Proof,Liter,12,14.49,2024-01-01
13_TARMSWORTH_3209,13,TARMSWORTH,3209,Hammer & Sickle Vodka,750mL,5,19.99,2024-01-01
2_ASHBORNE_3133,2,ASHBORNE,3133,Svedka Strwbry Lemonad Vodka,750mL,14,10.99,2024-01-01
34_PITMERDEN_13255,34,PITMERDEN,13255,Torre Migliori Monte d'Abruz,750mL,7,15.99,2024-01-01
14_BROMWICH_4478,14,BROMWICH,4478,Myers Original Dark Rum,750mL,13,17.99,2024-01-01
10_HORNSEY_3209,10,HORNSEY,3209,Hammer & Sickle Vodka,750mL,4,19.99,2024-01-01
25_CAERSHIRE_5626,25,CAERSHIRE,5626,Baja Luna Black Raspberry,750mL,11,9.99,2024-01-01
15_WANBORNE_17177,15,WANBORNE,17177,Beringer Classic Merlot,1.5L,5,7.99,2024-01-01
12_LEESIDE_18988,12,LEESIDE,18988,Franzia Chillable Red Tap,5L,8,12.99,2024-01-01
33_HORNSEY_26462,33,HORNSEY,26462,Ravenswood Znfdl Sonoma,750mL,7,16.99,2024-01-01
10_HORNSEY_5734,10,HORNSEY,5734,Malibu Rum,1.75L,54,21.99,2024-01-01
8_ALNERWICK_3396,8,ALNERWICK,3396,Smirnoff Vanilla Vodka,1.75L,16,17.99,2024-01-01
6_GOULCREST_17235,6,GOULCREST,17235,B & G Vouvray,750mL,11,10.99,2024-01-01
34_PITMERDEN_10591,34,PITMERDEN,10591,J Lohr Fogs Ranch Pnt Nr,750mL,6,29.99,2024-01-01
38_GOULCREST_37527,38,GOULCREST,37527,Redwood Creek Pnt Grigio,1.5L,14,10.99,2024-01-01
30_CULCHETH_11196,30,CULCHETH,11196,Angelini Pnt Grigio Veneto,750mL,4,9.99,2024-01-01
31_HORNSEY_31454,31,HORNSEY,31454,Foxhorn SE Chard Australia,1.5L,21,6.99,2024-01-01
34_PITMERDEN_42080,34,PITMERDEN,42080,Evans Nine Stones Brs Shiraz,750mL,12,13.99,2024-01-01
33_HORNSEY_8470,33,HORNSEY,8470,1800 Reposado Gold Tequila,50mL,65,2.79,2024-01-01
36_LEWES_3180,36,LEWES,3180,New Amsterdam Vodka,1.75L,50,16.99,2024-01-01
33_HORNSEY_5680,33,HORNSEY,5680,Barenjager Honey Liqueur,50mL,41,1.99,2024-01-01
18_FURNESS_41213,18,FURNESS,41213,A to Z Pnt Nr Ore,750mL,13,17.99,2024-01-01
38_GOULCREST_2850,38,GOULCREST,2850,Kavalan Soloist Tawain Whsky,750mL,2,379.99,2024-01-01
26_KNIFE'S EDGE_1220,26,KNIFE'S EDGE,1220,Woodford Reserve Bourbon,750mL,13,29.99,2024-01-01
9_BLACKPOOL_1848,9,BLACKPOOL,1848,Oban Little Bay Single Malt,750mL,5,62.99,2024-01-01
33_HORNSEY_24310,33,HORNSEY,24310,Hi! Prosecco,750mL,4,12.99,2024-01-01
21_BALERNO_3488,21,BALERNO,3488,Tanqueray,750mL,19,19.99,2024-01-01
4_EANVERNESS_2476,4,EANVERNESS,2476,Crown Royal Maple Whisky,750mL,20,21.99,2024-01-01
33_HORNSEY_4228,33,HORNSEY,4228,Bacardi 8,750mL,8,19.99,2024-01-01
33_HORNSEY_26427,33,HORNSEY,26427,Latour Pouilly Fuisse,750mL,3,23.99,2024-01-01
30_CULCHETH_44529,30,CULCHETH,44529,Salmon Run Chard/Rsl,750mL,11,9.99,2024-01-01
22_SHARNWICK_2131,22,SHARNWICK,2131,Jack Daniels No 7 Black Trav,375mL,79,12.99,2024-01-01
36_LEWES_3808,36,LEWES,3808,Three Olives Vodka,750mL,9,14.99,2024-01-01
32_MOUNTMEND_19662,32,MOUNTMEND,19662,Santa Rita 120 Svgn Bl,750mL,9,5.99,2024-01-01
33_HORNSEY_1309,33,HORNSEY,1309,Makers Mark Cask Strength,750mL,1,59.99,2024-01-01
34_PITMERDEN_44907,34,PITMERDEN,44907,Guntrum Dry Trocken Rheinhsn,750mL,11,13.99,2024-01-01
38_GOULCREST_29835,38,GOULCREST,29835,Casal Garcia Vinho Verde Wh,750mL,15,7.99,2024-01-01
10_HORNSEY_5075,10,HORNSEY,5075,Tuaca Italian Liqueur,750mL,5,21.99,2024-01-01
18_FURNESS_38850,18,FURNESS,38850,Ravenswood Vntrs Bl Cab Svgn,750mL,25,7.99,2024-01-01
29_AYLESBURY_1637,29,AYLESBURY,1637,Fleischmanns Preferred,1.75L,6,10.99,2024-01-01
8_ALNERWICK_8425,8,ALNERWICK,8425,Studebaker Manhattan RTD,750mL,9,21.99,2024-01-01
34_PITMERDEN_23024,34,PITMERDEN,23024,Louis de Sacy Brut Gr Cru,750mL,8,52.99,2024-01-01
20_BREDWARDINE_5230,20,BREDWARDINE,5230,Bacardi Party Drinks Bahama,1.75L,10,15.99,2024-01-01
3_HORNSEY_5312,3,HORNSEY,5312,Amaretto DiSaronno,750mL,12,19.99,2024-01-01
1_HARDERSFIELD_5669,1,HARDERSFIELD,5669,Fabrizia Blood Orange,750mL,10,16.99,2024-01-01
23_ARBINGTON_5873,23,ARBINGTON,5873,Malibu Pina Colada Light RTD,1.75L,0,17.99,2024-01-01
11_CARDEND_23827,11,CARDEND,23827,Fattoria di Basciano Chianti,750mL,7,14.99,2024-01-01
5_SUTTON_6937,5,SUTTON,6937,Cavit Pinot Grigio,1.5L,19,9.99,2024-01-01
32_MOUNTMEND_28069,32,MOUNTMEND,28069,Sutter Home Merlot Cal,1.5L,13,9.99,2024-01-01
15_WANBORNE_15399,15,WANBORNE,15399,Lobster Reef Svgn Bl,750mL,7,10.99,2024-01-01
1_HARDERSFIELD_3515,1,HARDERSFIELD,3515,Skyy Infusions Citrus Vodka,1.75L,56,19.99,2024-01-01
25_CAERSHIRE_23866,25,CAERSHIRE,23866,Landhaus Mayer Gruner Veltli,750mL,6,11.99,2024-01-01
7_STANMORE_29616,7,STANMORE,29616,Kermit Lynch Cotes du Rhone,750mL,5,13.99,2024-01-01
37_PAETHSMOUTH_3497,37,PAETHSMOUTH,3497,Johnnie Walker Platinum,750mL,3,94.99,2024-01-01
10_HORNSEY_1848,10,HORNSEY,1848,Oban Little Bay Single Malt,750mL,1,62.99,2024-01-01
23_ARBINGTON_1468,23,ARBINGTON,1468,Knob Creek Single Barrel Rsv,750mL,30,41.99,2024-01-01
21_BALERNO_4320,21,BALERNO,4320,D'Usse VSOP Cognac,750mL,5,48.99,2024-01-01
2_ASHBORNE_2580,2,ASHBORNE,2580,Barr Hill Gin,750mL,3,36.99,2024-01-01
29_AYLESBURY_1180,29,AYLESBURY,1180,Evan Williams Black Label B,1.75L,11,20.99,2024-01-01
20_BREDWARDINE_11819,20,BREDWARDINE,11819,Pacific Rim Vin de Glaci Rsl,375mL,13,14.99,2024-01-01
6_GOULCREST_21121,6,GOULCREST,21121,Line 39 Cab Franc Cntrl Cst,750mL,8,8.99,2024-01-01
18_FURNESS_6958,18,FURNESS,6958,Vendange Svgn Bl,1.5L,9,7.99,2024-01-01
39_EASTHALLOW_4150,39,EASTHALLOW,4150,Shellback Spiced Rum,750mL,7,11.99,2024-01-01
2_ASHBORNE_3870,2,ASHBORNE,3870,Montelobos Mezcal,750mL,2,36.99,2024-01-01
25_CAERSHIRE_4174,25,CAERSHIRE,4174,Kraken Black Spiced Rum,1.75L,8,29.99,2024-01-01
6_GOULCREST_2034,6,GOULCREST,2034,Glendalough Double Barrel,750mL,5,28.99,2024-01-01
17_OLDHAM_26092,17,OLDHAM,26092,Blackstone Merlot Cal,750mL,9,7.99,2024-01-01
41_LARNWICK_4283,41,LARNWICK,4283,Hochstadter's Slow and Low,750mL,2,18.99,2024-01-01
15_WANBORNE_41827,15,WANBORNE,41827,Banfi Chianti Clsc Tuscany,750mL,11,14.99,2024-01-01
10_HORNSEY_1244,10,HORNSEY,1244,Jack Daniels Winter Jack,750mL,19,15.99,2024-01-01
23_ARBINGTON_5228,23,ARBINGTON,5228,DeKuyper Wh Cr de Menthe,750mL,10,8.99,2024-01-01
22_SHARNWICK_3456,22,SHARNWICK,3456,Tanqueray Sterling Vodka,1.75L,44,19.99,2024-01-01
1_HARDERSFIELD_680,1,HARDERSFIELD,680,Midnight Moon Strawberry,750mL,36,19.99,2024-01-01
34_PITMERDEN_22922,34,PITMERDEN,22922,Patricius Tokaj Furmint,750mL,34,17.99,2024-01-01
34_PITMERDEN_11320,34,PITMERDEN,11320,Edna Valley Paragon Svgn Bl,750mL,5,11.99,2024-01-01
34_PITMERDEN_13958,34,PITMERDEN,13958,Charles & Charles Red,750mL,11,11.99,2024-01-01
20_BREDWARDINE_22509,20,BREDWARDINE,22509,Alderbrook Pnt Nr RRV,750mL,92,17.99,2024-01-01
36_LEWES_5348,36,LEWES,5348,St Brendans Irish Cream,750mL,14,10.99,2024-01-01
12_LEESIDE_8323,12,LEESIDE,8323,Jose Cuervo Gold w/Marg Mix,750mL,33,14.99,2024-01-01
20_BREDWARDINE_41144,20,BREDWARDINE,41144,Red Diamond Chard Wash,750mL,13,8.99,2024-01-01
15_WANBORNE_36284,15,WANBORNE,36284,Gruet Brut New Mexico,750mL,26,16.99,2024-01-01
20_BREDWARDINE_11067,20,BREDWARDINE,11067,Sterling Chard,750mL,39,11.95,2024-01-01
10_HORNSEY_3746,10,HORNSEY,3746,Gordons Vodka 80 Proof,1.75L,33,12.99,2024-01-01
34_PITMERDEN_23959,34,PITMERDEN,23959,Thorn Napa Valley Merlot,750mL,4,38.99,2024-01-01
35_HALIVAARA_23191,35,HALIVAARA,23191,Clos Pegase Svgn Bl Napa,750mL,4,14.99,2024-01-01
30_CULCHETH_273,30,CULCHETH,273,Sauza Extra Gold Tequila,1.75L,25,21.99,2024-01-01
38_GOULCREST_6960,38,GOULCREST,6960,Cooks Brut,750mL,66,6.99,2024-01-01
32_MOUNTMEND_3857,32,MOUNTMEND,3857,Grey Goose Vodka,1.75L,52,48.99,2024-01-01
16_LUNDY_5739,16,LUNDY,5739,Malibu Rum,50mL,93,1.99,2024-01-01
33_HORNSEY_28223,33,HORNSEY,28223,Ch Ste Michelle Canoe Rdge C,750mL,4,15.99,2024-01-01
32_MOUNTMEND_44033,32,MOUNTMEND,44033,Zardetto Pros di Coneg Brut,187mL,0,5.49,2024-01-01
9_BLACKPOOL_5101,9,BLACKPOOL,5101,Dr McGillicuddy's Mentholmnt,750mL,82,12.99,2024-01-01
19_WINTERVALE_5315,19,WINTERVALE,5315,B & B Liqueur Dom,750mL,6,24.99,2024-01-01
21_BALERNO_821,21,BALERNO,821,Grand Marnier,Liter,5,38.99,2024-01-01
34_PITMERDEN_14364,34,PITMERDEN,14364,Penfolds Grange 2005,750mL,9,455.99,2024-01-01
19_WINTERVALE_12147,19,WINTERVALE,12147,Sterling Vintners CA Meritag,750mL,8,8.99,2024-01-01
26_KNIFE'S EDGE_6455,26,KNIFE'S EDGE,6455,Folonari Pinot Grigio Venez,1.5L,30,8.95,2024-01-01
38_GOULCREST_14620,38,GOULCREST,14620,Bodega Elena de Mendoza Mlbc,750mL,0,6.99,2024-01-01
13_TARMSWORTH_4195,13,TARMSWORTH,4195,Calico Jack Spiced Rum No 94,750mL,11,10.99,2024-01-01
7_STANMORE_25649,7,STANMORE,25649,De Loach Chard Cal,750mL,6,9.99,2024-01-01
7_STANMORE_17182,7,STANMORE,17182,Mimosa by St Clair Winery,750mL,12,13.99,2024-01-01
30_CULCHETH_8446,30,CULCHETH,8446,Richards Wild Irish Rose Red,1.5L,0,5.99,2024-01-01
10_HORNSEY_2748,10,HORNSEY,2748,Johnnie Walker Blue Label,1.75L,6,319.99,2024-01-01
34_PITMERDEN_24426,34,PITMERDEN,24426,Plumpjack Rsv Chard,750mL,9,46.99,2024-01-01
25_CAERSHIRE_24188,25,CAERSHIRE,24188,St Francis Cab Svgn Sonoma,750mL,2,15.99,2024-01-01
31_HORNSEY_895,31,HORNSEY,895,Sambuca Romana,Liter,5,23.99,2024-01-01
27_MOUNTMEND_6974,27,MOUNTMEND,6974,Benziger Cab Svgn Sonoma,750mL,13,15.99,2024-01-01
32_MOUNTMEND_6596,32,MOUNTMEND,6596,Kenwood Svgn Bl Sonoma,750mL,13,11.99,2024-01-01
23_ARBINGTON_3377,23,ARBINGTON,3377,Tanqueray Rangpur Gin,750mL,14,24.99,2024-01-01
34_PITMERDEN_3344,34,PITMERDEN,3344,Bombay Sapphire Gin,750mL,30,19.99,2024-01-01
12_LEESIDE_10238,12,LEESIDE,10238,Layer Cake Primitivo Puglia,750mL,9,15.99,2024-01-01
7_STANMORE_17345,7,STANMORE,17345,Bogle Essential Red,750mL,24,9.99,2024-01-01
28_LARNWICK_6575,28,LARNWICK,6575,Kendall Jackson RSV Svgn Bl,750mL,36,9.99,2024-01-01
2_ASHBORNE_2839,2,ASHBORNE,2839,Ardmore Legacy Single Malt,750mL,3,36.99,2024-01-01
7_STANMORE_3584,7,STANMORE,3584,Absolut Raspberri,750mL,10,17.99,2024-01-01
32_MOUNTMEND_1845,32,MOUNTMEND,1845,Cluny Scotch Whiskey,1.75L,7,14.99,2024-01-01
37_PAETHSMOUTH_6896,37,PAETHSMOUTH,6896,Sterling Merlot,750mL,12,14.95,2024-01-01
41_LARNWICK_8367,41,LARNWICK,8367,Carlo Rossi Rhine Calif,4L,6,14.99,2024-01-01
30_CULCHETH_2944,30,CULCHETH,2944,The Glenlivet Founders Res,750mL,2,44.99,2024-01-01
34_PITMERDEN_20794,34,PITMERDEN,20794,Kracher Auselese Cuvee,375mL,1,11.99,2024-01-01
11_CARDEND_15229,11,CARDEND,15229,The Prisoner Red Napa Valley,750mL,24,39.95,2024-01-01
34_PITMERDEN_13143,34,PITMERDEN,13143,F Coppola Directors Chard,750mL,14,14.99,2024-01-01
34_PITMERDEN_7728,34,PITMERDEN,7728,Great Western X Dry,750mL,93,9.99,2024-01-01
27_MOUNTMEND_3787,27,MOUNTMEND,3787,Jose Cuervo Especial Silver,750mL,30,16.99,2024-01-01
26_KNIFE'S EDGE_661,26,KNIFE'S EDGE,661,Red Stag by Jim Beam,750mL,1,13.99,2024-01-01
4_EANVERNESS_3871,4,EANVERNESS,3871,Smirnoff Watermelon Vodka,750mL,15,12.99,2024-01-01
15_WANBORNE_38241,15,WANBORNE,38241,Hendry Block 8 Cab Svgn Napa,750mL,3,56.99,2024-01-01
9_BLACKPOOL_2148,9,BLACKPOOL,2148,Canadian Mist Traveler,750mL,13,7.99,2024-01-01
36_LEWES_3305,36,LEWES,3305,Canada House Canadian Whisky,1.75L,4,13.99,2024-01-01
23_ARBINGTON_46311,23,ARBINGTON,46311,Twisted Old Vine Znfdl,750mL,12,8.99,2024-01-01
2_ASHBORNE_5676,2,ASHBORNE,5676,Kinky Liqueur,50mL,16,1.99,2024-01-01
29_AYLESBURY_24829,29,AYLESBURY,24829,Cecchi Chianti Classico,750mL,16,11.99,2024-01-01
15_WANBORNE_3595,15,WANBORNE,3595,Smirnoff Blue 100 Proof,750mL,11,15.99,2024-01-01
22_SHARNWICK_3768,22,SHARNWICK,3768,Jenkins Vodka,750mL,34,4.99,2024-01-01
32_MOUNTMEND_2628,32,MOUNTMEND,2628,Dewars Special RSV 12-Yr,750mL,19,29.99,2024-01-01
8_ALNERWICK_8450,8,ALNERWICK,8450,E & J Brandy VS,1.75L,9,18.99,2024-01-01
6_GOULCREST_21267,6,GOULCREST,21267,Latour 13 Cuvee Bourgog Blnc,750mL,24,15.99,2024-01-01
2_ASHBORNE_35318,2,ASHBORNE,35318,Jewell Towne Marechal Foch,750mL,16,11.49,2024-01-01
23_ARBINGTON_37527,23,ARBINGTON,37527,Redwood Creek Pnt Grigio,1.5L,13,10.99,2024-01-01
15_WANBORNE_16327,15,WANBORNE,16327,Black Box Merlot,500mL,22,3.99,2024-01-01
1_HARDERSFIELD_10927,1,HARDERSFIELD,10927,Barefoot Sparklng Pnt Grigio,750mL,3,9.99,2024-01-01
27_MOUNTMEND_13854,27,MOUNTMEND,13854,Mark West Pnt Nr RRV,750mL,6,16.99,2024-01-01
33_HORNSEY_273,33,HORNSEY,273,Sauza Extra Gold Tequila,1.75L,12,21.99,2024-01-01
17_OLDHAM_22194,17,OLDHAM,22194,Placido Pinot Grigio Venezi,1.5L,8,12.99,2024-01-01
30_CULCHETH_14838,30,CULCHETH,14838,Layer Cake Cab Svgn,750mL,32,11.95,2024-01-01
38_GOULCREST_12681,38,GOULCREST,12681,The Crusher Pnt Nr,750mL,17,11.99,2024-01-01
8_ALNERWICK_4174,8,ALNERWICK,4174,Kraken Black Spiced Rum,1.75L,10,29.99,2024-01-01
39_EASTHALLOW_2879,39,EASTHALLOW,2879,Corner Creek Rsv Bourbon,750mL,12,29.99,2024-01-01
4_EANVERNESS_4313,4,EANVERNESS,4313,Sauza Blue Silver Tequila,1.75L,12,26.99,2024-01-01
19_WINTERVALE_3072,19,WINTERVALE,3072,Ciroc Peach Vodka,750mL,6,24.99,2024-01-01
32_MOUNTMEND_4101,32,MOUNTMEND,4101,Flipflop Silver Rum,750mL,1,11.99,2024-01-01
2_ASHBORNE_5318,2,ASHBORNE,5318,Benedictine Liqueur Dom,750mL,7,24.99,2024-01-01
27_MOUNTMEND_2549,27,MOUNTMEND,2549,WhistlePig 10 Yr Rye,375mL,12,40.99,2024-01-01
10_HORNSEY_8296,10,HORNSEY,8296,Knob Creek Smoked Maple,750mL,1,27.99,2024-01-01
9_BLACKPOOL_2753,9,BLACKPOOL,2753,Johnnie Walker Black Label,1.75L,38,61.99,2024-01-01
33_HORNSEY_2054,33,HORNSEY,2054,Johnnie Walker Select Casks,750mL,9,43.99,2024-01-01
15_WANBORNE_23452,15,WANBORNE,23452,Santa Rita Secret Rsv Red,750mL,4,8.99,2024-01-01
20_BREDWARDINE_6319,20,BREDWARDINE,6319,Santa Cristina Toscana,750mL,45,10.99,2024-01-01
4_EANVERNESS_7828,4,EANVERNESS,7828,Bols Peach Schnapps,750mL,6,7.99,2024-01-01
14_BROMWICH_3276,14,BROMWICH,3276,Gordons London Dry,1.75L,35,14.99,2024-01-01
7_STANMORE_22914,7,STANMORE,22914,Mount Veeder Cab Svgn,750mL,34,28.99,2024-01-01
21_BALERNO_2637,21,BALERNO,2637,The Feathery Blended Scotch,750mL,6,53.99,2024-01-01
37_PAETHSMOUTH_44038,37,PAETHSMOUTH,44038,Barefoot Pnt Grigio Cal,1.5L,26,10.99,2024-01-01
2_ASHBORNE_443,2,ASHBORNE,443,St Germain Liqueur,750mL,9,33.99,2024-01-01
28_LARNWICK_3779,28,LARNWICK,3779,Three Olives Cherry Vodka,750mL,21,14.99,2024-01-01
11_CARDEND_5317,11,CARDEND,5317,B & B Liqueur Dom,50mL,43,3.29,2024-01-01
1_HARDERSFIELD_31201,1,HARDERSFIELD,31201,Beringer Fndrs Est Cab Svgn,750mL,18,8.99,2024-01-01
38_GOULCREST_27911,38,GOULCREST,27911,Ruffino Chianti Clsc Santeda,750mL,39,15.99,2024-01-01
41_LARNWICK_3952,41,LARNWICK,3952,Belvedere Mango Passion,750mL,4,22.99,2024-01-01
30_CULCHETH_8288,30,CULCHETH,8288,Korbel Brut,750mL,34,11.99,2024-01-01
9_BLACKPOOL_2711,9,BLACKPOOL,2711,Grant's Ale Cask Finish,750mL,10,19.99,2024-01-01
33_HORNSEY_12220,33,HORNSEY,12220,Angeline Pnt Nr,750mL,30,9.99,2024-01-01
11_CARDEND_23307,11,CARDEND,23307,Ch St Sulpice,750mL,30,11.99,2024-01-01
6_GOULCREST_45535,6,GOULCREST,45535,Citra Pnt Grigio,1.5L,10,10.99,2024-01-01
28_LARNWICK_1389,28,LARNWICK,1389,Makers Mark,50mL,120,2.99,2024-01-01
23_ARBINGTON_4513,23,ARBINGTON,4513,Chauffe-Coeur Calvados VSOP,750mL,4,44.99,2024-01-01
31_HORNSEY_806,31,HORNSEY,806,DeKuyper Peachtree Schnapps,Liter,6,12.99,2024-01-01
19_WINTERVALE_1738,19,WINTERVALE,1738,Ole Smoky Moonshine Cherries,750mL,3,18.99,2024-01-01
37_PAETHSMOUTH_46447,37,PAETHSMOUTH,46447,Gascon Malbec Mendoza,750mL,16,10.99,2024-01-01
29_AYLESBURY_44547,29,AYLESBURY,44547,Silver Oak Cab Svgn Alex Vly,750mL,3,69.99,2024-01-01
20_BREDWARDINE_42350,20,BREDWARDINE,42350,Black Box Shiraz Cntrl Coast,3L,1,18.99,2024-01-01
20_BREDWARDINE_31452,20,BREDWARDINE,31452,Foxhorn SE Cab Svgn Australi,1.5L,7,7.99,2024-01-01
28_LARNWICK_38133,28,LARNWICK,38133,Il Bastardo Sangiovese Tosc,750mL,22,7.99,2024-01-01
32_MOUNTMEND_2676,32,MOUNTMEND,2676,Grand MacNish,1.75L,9,14.99,2024-01-01
6_GOULCREST_583,6,GOULCREST,583,Malibu Pineapple Rum,Liter,4,16.99,2024-01-01
2_ASHBORNE_14622,2,ASHBORNE,14622,La Marca Prosecco,750mL,0,12.99,2024-01-01
33_HORNSEY_3787,33,HORNSEY,3787,Jose Cuervo Especial Silver,750mL,27,16.99,2024-01-01
15_WANBORNE_23307,15,WANBORNE,23307,Ch St Sulpice,750mL,7,11.99,2024-01-01
28_LARNWICK_2788,28,LARNWICK,2788,Laphroaig 10 Yr Single Malt,750mL,14,39.99,2024-01-01
8_ALNERWICK_6647,8,ALNERWICK,6647,Estancia Chard,750mL,32,8.99,2024-01-01
4_EANVERNESS_4296,4,EANVERNESS,4296,Ronrico Silver Rum,1.75L,16,11.99,2024-01-01
22_SHARNWICK_34532,22,SHARNWICK,34532,Dom Fontsainte Corbieres Gr,750mL,6,13.99,2024-01-01
32_MOUNTMEND_5094,32,MOUNTMEND,5094,Jagermeister Liqueur,100mL,30,3.49,2024-01-01
17_OLDHAM_3388,17,OLDHAM,3388,Seagrams Extra Dry Gin,750mL,13,8.99,2024-01-01
6_GOULCREST_13968,6,GOULCREST,13968,Spellbound Chard,750mL,9,13.99,2024-01-01
34_PITMERDEN_2418,34,PITMERDEN,2418,Crown Royal Regal Apple,750mL,46,21.99,2024-01-01
31_HORNSEY_42766,31,HORNSEY,42766,14 Hands Merlot Wash,750mL,4,8.95,2024-01-01
25_CAERSHIRE_16427,25,CAERSHIRE,16427,Yellow Tail Sweet Red Roo,1.5L,10,9.99,2024-01-01
10_HORNSEY_3625,10,HORNSEY,3625,Absolut 80 Proof,750mL,81,17.99,2024-01-01
4_EANVERNESS_5776,4,EANVERNESS,5776,Malibu Black,1.75L,6,21.99,2024-01-01
34_PITMERDEN_950,34,PITMERDEN,950,Mastersons 10 Yr Old Rye,750mL,6,79.99,2024-01-01
7_STANMORE_21985,7,STANMORE,21985,Menage a Trois Midnight,750mL,21,9.95,2024-01-01
13_TARMSWORTH_8085,13,TARMSWORTH,8085,Wild Turkey,1.75L,5,31.99,2024-01-01
34_PITMERDEN_2946,34,PITMERDEN,2946,Highland Park 15 Yr Old,750mL,7,79.99,2024-01-01
33_HORNSEY_16159,33,HORNSEY,16159,Gnarly Head Authentic Red,750mL,12,9.99,2024-01-01
14_BROMWICH_3294,14,BROMWICH,3294,Leaf Vodka Alaskian Glacial,750mL,7,16.99,2024-01-01
15_WANBORNE_2105,15,WANBORNE,2105,Black Velvet Toasted Caramel,750mL,11,9.99,2024-01-01
33_HORNSEY_35972,33,HORNSEY,35972,Cavino Mavrodafne,750mL,12,12.99,2024-01-01
9_BLACKPOOL_17504,9,BLACKPOOL,17504,Butternut Chard,750mL,9,14.99,2024-01-01
22_SHARNWICK_36771,22,SHARNWICK,36771,Yellow Tail Merlot Ausl,1.5L,57,8.95,2024-01-01
13_TARMSWORTH_8910,13,TARMSWORTH,8910,Finlandia Vodka,50mL,134,0.99,2024-01-01
27_MOUNTMEND_2973,27,MOUNTMEND,2973,Eagle Rare Single Barrel Bo,750mL,9,26.99,2024-01-01
37_PAETHSMOUTH_44208,37,PAETHSMOUTH,44208,Black Box Pnt Grigio,3L,8,18.99,2024-01-01
14_BROMWICH_27233,14,BROMWICH,27233,Turning Leaf RSV Merlot Cal,750mL,6,5.99,2024-01-01
21_BALERNO_6344,21,BALERNO,6344,Walnut Crest Chard Central,1.5L,7,9.99,2024-01-01
36_LEWES_44334,36,LEWES,44334,Noble Vines 337 Cab Svgn,750mL,11,11.99,2024-01-01
20_BREDWARDINE_2105,20,BREDWARDINE,2105,Black Velvet Toasted Caramel,750mL,16,9.99,2024-01-01
32_MOUNTMEND_3654,32,MOUNTMEND,3654,Patron Reposado Tequila,750mL,54,53.99,2024-01-01
18_FURNESS_8978,18,FURNESS,8978,Riunite Lambrusco,3L,5,16.99,2024-01-01
15_WANBORNE_23389,15,WANBORNE,23389,Opici Fish Bottle Bianco,750mL,3,11.99,2024-01-01
33_HORNSEY_8673,33,HORNSEY,8673,Skinnygirl Margarita,750mL,26,10.99,2024-01-01
8_ALNERWICK_1955,8,ALNERWICK,1955,Jack Daniels Tennessee Honey,375mL,29,12.99,2024-01-01
37_PAETHSMOUTH_2648,37,PAETHSMOUTH,2648,Chivas Regal,375mL,8,15.99,2024-01-01
4_EANVERNESS_109,4,EANVERNESS,109,Mr Boston Blue Curacao,Liter,8,6.49,2024-01-01
10_HORNSEY_34427,10,HORNSEY,34427,Frei Bros RSV Cab Svgn Alex,750mL,14,21.99,2024-01-01
25_CAERSHIRE_11337,25,CAERSHIRE,11337,Freemark Abbey Merlot Napa,750mL,10,27.99,2024-01-01
23_ARBINGTON_37735,23,ARBINGTON,37735,Walnut Crest Vnto Pnt Grigio,1.5L,9,12.99,2024-01-01
38_GOULCREST_21459,38,GOULCREST,21459,Chateau Montrose St Estephe,750mL,11,152.99,2024-01-01
10_HORNSEY_8172,10,HORNSEY,8172,DK Burst Blustery Peppermint,50mL,138,0.99,2024-01-01
16_LUNDY_2690,16,LUNDY,2690,Black Velvet Reserve,750mL,2,9.99,2024-01-01
19_WINTERVALE_2682,19,WINTERVALE,2682,The Glendronach 12 Yr Scotch,750mL,8,52.99,2024-01-01
17_OLDHAM_4429,17,OLDHAM,4429,Capt Morgan Silver Spicd Rum,1.75L,13,21.99,2024-01-01
39_EASTHALLOW_32648,39,EASTHALLOW,32648,Beringer Classic Wh Znfdl,1.5L,27,7.99,2024-01-01
35_HALIVAARA_3534,35,HALIVAARA,3534,Milagro Silver Tequila,750mL,4,24.99,2024-01-01
33_HORNSEY_15105,33,HORNSEY,15105,Kendall Jackson Avant Chard,750mL,62,9.95,2024-01-01
8_ALNERWICK_1355,8,ALNERWICK,1355,Knob Creek Bourbon,50mL,12,3.49,2024-01-01
34_PITMERDEN_5549,34,PITMERDEN,5549,Don Ramon Reposado Tequila,750mL,6,34.99,2024-01-01
35_HALIVAARA_6980,35,HALIVAARA,6980,Midnight Moon Blueberry,750mL,9,19.99,2024-01-01
14_BROMWICH_6478,14,BROMWICH,6478,C Y Toro Frontera Merlot,1.5L,10,10.99,2024-01-01
17_OLDHAM_8338,17,OLDHAM,8338,The Glenlivet 12 Yr Single,375mL,8,21.99,2024-01-01
18_FURNESS_44712,18,FURNESS,44712,Sonoma-Cutrer Chard Sonoma,750mL,13,20.99,2024-01-01
6_GOULCREST_6570,6,GOULCREST,6570,Kendall Jackson Chard Vt RSV,750mL,113,9.95,2024-01-01
39_EASTHALLOW_15527,39,EASTHALLOW,15527,Roscato Rosso,750mL,26,9.99,2024-01-01
16_LUNDY_37828,16,LUNDY,37828,Yellow Tail Shiraz/Cab Ausl,1.5L,15,9.99,2024-01-01
33_HORNSEY_8107,33,HORNSEY,8107,Wild Turkey 101,1.75L,20,34.99,2024-01-01
7_STANMORE_31493,7,STANMORE,31493,Barefoot Merlot Cal,750mL,15,4.99,2024-01-01
38_GOULCREST_482,38,GOULCREST,482,Absolut 80 Proof,Liter,6,19.99,2024-01-01
1_HARDERSFIELD_3787,1,HARDERSFIELD,3787,Jose Cuervo Especial Silver,750mL,15,16.99,2024-01-01
30_CULCHETH_18375,30,CULCHETH,18375,Antinori Villa Wh,750mL,11,12.99,2024-01-01
36_LEWES_6150,36,LEWES,6150,Midnight Moon Blackberry,750mL,9,19.99,2024-01-01
11_CARDEND_6459,11,CARDEND,6459,Freixenet Cordon Negro Extr,750mL,7,10.99,2024-01-01
38_GOULCREST_8212,38,GOULCREST,8212,Krupnik Spiced Honey Liqueur,375mL,7,22.99,2024-01-01
20_BREDWARDINE_37527,20,BREDWARDINE,37527,Redwood Creek Pnt Grigio,1.5L,5,10.99,2024-01-01
18_FURNESS_4349,18,FURNESS,4349,Sauza Blue Silver,750mL,4,15.99,2024-01-01
41_LARNWICK_4889,41,LARNWICK,4889,Jenkins Coffee Brandy,1.75L,13,11.99,2024-01-01
15_WANBORNE_3980,15,WANBORNE,3980,Hornitos Reposado Tequila,1.75L,7,39.99,2024-01-01
38_GOULCREST_5447,38,GOULCREST,5447,Jagermeister Liqueur,375mL,5,9.99,2024-01-01
34_PITMERDEN_8978,34,PITMERDEN,8978,Riunite Lambrusco,3L,3,16.99,2024-01-01
40_BULLMAR_8464,40,BULLMAR,8464,Ch de Montfort Vouvray,750mL,11,15.99,2024-01-01
4_EANVERNESS_2098,4,EANVERNESS,2098,Snake River Stampede Whisky,750mL,12,21.99,2024-01-01
13_TARMSWORTH_29431,13,TARMSWORTH,29431,Clos du Val Cab Svgn Napa,750mL,3,29.99,2024-01-01
41_LARNWICK_3650,41,LARNWICK,3650,Patron Silver Tequila,750mL,47,48.99,2024-01-01
22_SHARNWICK_5399,22,SHARNWICK,5399,Goldschlager Cinnamon Schna,50mL,19,1.99,2024-01-01
36_LEWES_6553,36,LEWES,6553,Harveys Bristol Cream Sherry,750mL,14,11.99,2024-01-01
1_HARDERSFIELD_2713,1,HARDERSFIELD,2713,Inver House Green Plaid 3-Y,1.75L,15,13.99,2024-01-01
15_WANBORNE_39348,15,WANBORNE,39348,Sterling Vintners Cltn Pnt N,750mL,29,10.99,2024-01-01
33_HORNSEY_2123,33,HORNSEY,2123,Angels Envy Rye,750mL,8,79.99,2024-01-01
34_PITMERDEN_35668,34,PITMERDEN,35668,Redwood Creek Merlot Cal,1.5L,4,10.99,2024-01-01
27_MOUNTMEND_40054,27,MOUNTMEND,40054,Campo Viejo Tempranillo RSV,750mL,12,12.99,2024-01-01
25_CAERSHIRE_4187,25,CAERSHIRE,4187,Kraken Black Spiced Rum,750mL,7,17.99,2024-01-01
37_PAETHSMOUTH_4673,37,PAETHSMOUTH,4673,Hennessy VS Cognac,1.75L,3,69.99,2024-01-01
33_HORNSEY_28548,33,HORNSEY,28548,St Francis Old Vines Znfdl,750mL,14,15.99,2024-01-01
1_HARDERSFIELD_2532,1,HARDERSFIELD,2532,The Macallan 12 Yr Old,1.75L,9,134.99,2024-01-01
10_HORNSEY_14054,10,HORNSEY,14054,Seaglass Rsl,750mL,13,8.99,2024-01-01
13_TARMSWORTH_2658,13,TARMSWORTH,2658,Cutty Sark,750mL,14,15.99,2024-01-01
23_ARBINGTON_5952,23,ARBINGTON,5952,Jagermeister Liqueur,50mL,100,1.99,2024-01-01
31_HORNSEY_3704,31,HORNSEY,3704,Ciroc Pineapple Vodka,750mL,18,24.99,2024-01-01
34_PITMERDEN_25918,34,PITMERDEN,25918,Hogue Cellars Rsl Wash,750mL,11,9.99,2024-01-01
32_MOUNTMEND_16828,32,MOUNTMEND,16828,Korbel Organic Brut,750mL,11,12.99,2024-01-01
4_EANVERNESS_4200,4,EANVERNESS,4200,Bacardi Grand Melon,750mL,11,9.99,2024-01-01
25_CAERSHIRE_21105,25,CAERSHIRE,21105,Ken Volk Pnt Nr Cuvee St Mar,750mL,10,29.99,2024-01-01
22_SHARNWICK_46830,22,SHARNWICK,46830,Pacific Rim Sweet Rsl,750mL,10,9.99,2024-01-01
21_BALERNO_12110,21,BALERNO,12110,La Crema Chardonnay Monterey,750mL,10,15.99,2024-01-01
1_HARDERSFIELD_41034,1,HARDERSFIELD,41034,Menage a Trois Red,750mL,58,7.95,2024-01-01
10_HORNSEY_15161,10,HORNSEY,15161,Groth Rsv Cab Svgn Napa Vly,750mL,1,99.99,2024-01-01
10_HORNSEY_15321,10,HORNSEY,15321,Blufeld Rsl,750mL,17,8.99,2024-01-01
34_PITMERDEN_2580,34,PITMERDEN,2580,Barr Hill Gin,750mL,8,36.99,2024-01-01
32_MOUNTMEND_29996,32,MOUNTMEND,29996,Wild Horse CC Cab Svgn,750mL,58,16.99,2024-01-01
33_HORNSEY_6682,33,HORNSEY,6682,R M Woodbridge Chard Cal,1.5L,92,8.99,2024-01-01
30_CULCHETH_6748,30,CULCHETH,6748,Turning Leaf RSV Chard Cal,750mL,53,5.99,2024-01-01
3_HORNSEY_42188,3,HORNSEY,42188,Moet & Chandon Nectar Imp Rs,750mL,5,49.99,2024-01-01
22_SHARNWICK_6451,22,SHARNWICK,6451,Columbia Crest G E Cab Svgn,750mL,53,9.99,2024-01-01
12_LEESIDE_35318,12,LEESIDE,35318,Jewell Towne Marechal Foch,750mL,5,11.49,2024-01-01
40_BULLMAR_5759,40,BULLMAR,5759,Malibu Tropical Banana Rum,750mL,5,12.99,2024-01-01
3_HORNSEY_14381,3,HORNSEY,14381,LaBelle Winery Riesling,750mL,7,15.99,2024-01-01
15_WANBORNE_3012,15,WANBORNE,3012,Pinnacle Vodka,50mL,107,0.99,2024-01-01
6_GOULCREST_39689,6,GOULCREST,39689,Hahn Meritage Central Coast,750mL,8,16.49,2024-01-01
33_HORNSEY_36510,33,HORNSEY,36510,Yalumba Y Series Shiraz Ausl,750mL,10,11.99,2024-01-01
17_OLDHAM_3945,17,OLDHAM,3945,Sauza Conmemorativo,750mL,17,17.99,2024-01-01
15_WANBORNE_11141,15,WANBORNE,11141,C K Mondavi Chard,1.5L,16,9.99,2024-01-01
9_BLACKPOOL_3042,9,BLACKPOOL,3042,Ciroc Red Berry Vodka,375mL,8,15.49,2024-01-01
24_PALPERROTH_21208,24,PALPERROTH,21208,Kendall Jackson Grand Rsv Ch,750mL,40,15.99,2024-01-01
18_FURNESS_6385,18,FURNESS,6385,Fetzer Sundial Chard,1.5L,6,12.99,2024-01-01
13_TARMSWORTH_6420,13,TARMSWORTH,6420,R M Woodbridge Chard Cal,750mL,10,7.99,2024-01-01
23_ARBINGTON_8346,23,ARBINGTON,8346,Marques de Riscal Rioja Red,750mL,37,14.99,2024-01-01
34_PITMERDEN_4370,34,PITMERDEN,4370,Ron Virgin White,1.75L,34,10.99,2024-01-01
1_HARDERSFIELD_9118,1,HARDERSFIELD,9118,Caffo Sambuca Secolare,750mL,8,16.99,2024-01-01
30_CULCHETH_1465,30,CULCHETH,1465,Woodford Rsv Bourbon,375mL,0,17.99,2024-01-01
33_HORNSEY_2839,33,HORNSEY,2839,Ardmore Legacy Single Malt,750mL,6,36.99,2024-01-01
7_STANMORE_28889,7,STANMORE,28889,Peter Vella Chard Cal B/B,5L,6,15.49,2024-01-01
1_HARDERSFIELD_5232,1,HARDERSFIELD,5232,DeKuyper Buttershots Schnaps,1.75L,18,14.99,2024-01-01
26_KNIFE'S EDGE_3503,26,KNIFE'S EDGE,3503,Smirnoff Sorbet Rasp/Pomegra,750mL,7,12.99,2024-01-01
8_ALNERWICK_2499,8,ALNERWICK,2499,Crown Royal Black,750mL,14,27.99,2024-01-01
33_HORNSEY_934,33,HORNSEY,934,Tanteo Jalapeno Tequila,750mL,3,35.99,2024-01-01
8_ALNERWICK_1237,8,ALNERWICK,1237,Jack Daniels Single Barrel,750mL,12,44.99,2024-01-01
23_ARBINGTON_13505,23,ARBINGTON,13505,C Y Toro Casillero Pnt Nr,750mL,13,11.99,2024-01-01
19_WINTERVALE_16000,19,WINTERVALE,16000,Drouhin Pouilly Fuisse,750mL,3,23.99,2024-01-01
13_TARMSWORTH_3980,13,TARMSWORTH,3980,Hornitos Reposado Tequila,1.75L,7,39.99,2024-01-01
18_FURNESS_5805,18,FURNESS,5805,Jose Cuervo Light Margaritas,1.75L,7,15.99,2024-01-01
21_BALERNO_4959,21,BALERNO,4959,Bacardi Tangerine,50mL,172,0.99,2024-01-01
12_LEESIDE_5440,12,LEESIDE,5440,Jagermeister Liqueur,1.75L,28,34.99,2024-01-01
41_LARNWICK_6958,41,LARNWICK,6958,Vendange Svgn Bl,1.5L,11,7.99,2024-01-01
40_BULLMAR_42420,40,BULLMAR,42420,Yellow Tail Pnt Grigio Ausl,750mL,2,7.99,2024-01-01
41_LARNWICK_2624,41,LARNWICK,2624,Dewars 18 Yr Old Founders Rv,750mL,5,64.99,2024-01-01
21_BALERNO_18860,21,BALERNO,18860,Barefoot Refresh Summer Red,750mL,14,5.99,2024-01-01
33_HORNSEY_11213,33,HORNSEY,11213,Meiomi Pnt Nr,750mL,26,18.99,2024-01-01
37_PAETHSMOUTH_6725,37,PAETHSMOUTH,6725,Franzia Crisp White Tap,5L,8,12.99,2024-01-01
26_KNIFE'S EDGE_5311,26,KNIFE'S EDGE,5311,Amaretto DiSaronno,1.75L,10,34.99,2024-01-01
27_MOUNTMEND_38771,27,MOUNTMEND,38771,Rob Stuart Big Fire Pnt Gris,750mL,5,16.99,2024-01-01
32_MOUNTMEND_3668,32,MOUNTMEND,3668,Belvedere Polish Vodka,1.75L,27,42.99,2024-01-01
34_PITMERDEN_1395,34,PITMERDEN,1395,Old Crow,750mL,17,7.99,2024-01-01
38_GOULCREST_26732,38,GOULCREST,26732,Bonterra Cab Svgn Organic,750mL,21,13.99,2024-01-01
9_BLACKPOOL_3760,9,BLACKPOOL,3760,Absolut Pears,750mL,8,17.99,2024-01-01
35_HALIVAARA_3794,35,HALIVAARA,3794,Cabo Wabo Reposado Tequila,750mL,6,36.99,2024-01-01
19_WINTERVALE_23919,19,WINTERVALE,23919,JJ Vincent Plly-Fuisse Marie,750mL,2,23.99,2024-01-01
35_HALIVAARA_6356,35,HALIVAARA,6356,Taylor Cream Sherry,1.5L,9,7.79,2024-01-01
27_MOUNTMEND_4634,27,MOUNTMEND,4634,Gold Crown Wh Rum,1.75L,10,10.99,2024-01-01
20_BREDWARDINE_1346,20,BREDWARDINE,1346,Knob Creek Bourbon,750mL,90,29.99,2024-01-01
17_OLDHAM_33037,17,OLDHAM,33037,Beringer Fndrs Est Cab Svgn,1.5L,6,18.99,2024-01-01
20_BREDWARDINE_3899,20,BREDWARDINE,3899,Platinum 7X Distilled Vodka,375mL,46,3.99,2024-01-01
34_PITMERDEN_22356,34,PITMERDEN,22356,Lake Chalice Svgn Bl,750mL,9,15.99,2024-01-01
2_ASHBORNE_20152,2,ASHBORNE,20152,La Cote Blanche Mcon V Chard,750mL,17,13.99,2024-01-01
23_ARBINGTON_5702,23,ARBINGTON,5702,Art In The Age Root Liqueur,750mL,3,29.99,2024-01-01
7_STANMORE_15889,7,STANMORE,15889,R M Woodbridge Malbec,1.5L,7,8.99,2024-01-01
13_TARMSWORTH_1035,13,TARMSWORTH,1035,Pinnacle Vodka Gift Pak,750mL + 3/,0,12.99,2024-01-01
41_LARNWICK_13708,41,LARNWICK,13708,Bota Box Cab Svgn,3L,3,17.99,2024-01-01
34_PITMERDEN_8485,34,PITMERDEN,8485,Gozio Amaretto,750mL,21,17.99,2024-01-01
15_WANBORNE_15092,15,WANBORNE,15092,Anne Amie Pnt Nr,750mL,12,27.99,2024-01-01
38_GOULCREST_24993,38,GOULCREST,24993,Tardieu Laurent Le Becs Fins,750mL,9,18.99,2024-01-01
19_WINTERVALE_24840,19,WINTERVALE,24840,Honig Svgn Bl Napa,750mL,10,14.99,2024-01-01
24_PALPERROTH_3276,24,PALPERROTH,3276,Gordons London Dry,1.75L,50,14.99,2024-01-01
25_CAERSHIRE_12310,25,CAERSHIRE,12310,Napa Cellars Pnt Nr Napa,750mL,10,17.99,2024-01-01
1_HARDERSFIELD_6495,1,HARDERSFIELD,6495,Exotico Blanco Tequila,750mL,12,13.99,2024-01-01
23_ARBINGTON_6227,23,ARBINGTON,6227,Bastille 1789 French Whiskey,750mL,8,22.99,2024-01-01
4_EANVERNESS_5847,4,EANVERNESS,5847,Godiva Chocolate Liqueur,750mL,7,21.99,2024-01-01
17_OLDHAM_3760,17,OLDHAM,3760,Absolut Pears,750mL,7,17.99,2024-01-01
30_CULCHETH_6269,30,CULCHETH,6269,Sutter Home Cab Svgn,1.5L,4,9.99,2024-01-01
22_SHARNWICK_18571,22,SHARNWICK,18571,Sterling Vyd Aromatic White,750mL,11,12.99,2024-01-01
30_CULCHETH_34763,30,CULCHETH,34763,Mas Donis Montsant Old Vines,750mL,7,11.99,2024-01-01
12_LEESIDE_8517,12,LEESIDE,8517,Baileys Salted Caramel,750mL,4,18.99,2024-01-01
19_WINTERVALE_4363,19,WINTERVALE,4363,Capt Morgan Black Spiced Rum,1.75L,7,32.99,2024-01-01
7_STANMORE_5805,7,STANMORE,5805,Jose Cuervo Light Margaritas,1.75L,7,15.99,2024-01-01
38_GOULCREST_5060,38,GOULCREST,5060,Dr McGillicuddy's Butterscth,750mL,13,12.99,2024-01-01
23_ARBINGTON_4343,23,ARBINGTON,4343,Cruzan Blueberry Lemonade,750mL,23,9.99,2024-01-01
17_OLDHAM_3495,17,OLDHAM,3495,Ketel One Citroen Vodka,1.75L,8,38.99,2024-01-01
4_EANVERNESS_12951,4,EANVERNESS,12951,Purple Cowboy Red,750mL,6,12.99,2024-01-01
6_GOULCREST_3041,6,GOULCREST,3041,Zhenka Pink Lemonade Vodka,1.75L,8,10.99,2024-01-01
4_EANVERNESS_2686,4,EANVERNESS,2686,AnCnoc 12 Yr Old Scotch,750mL,8,37.99,2024-01-01
12_LEESIDE_2426,12,LEESIDE,2426,The Glenlivet 15Yr FrenchOak,750mL,9,51.99,2024-01-01
4_EANVERNESS_2956,4,EANVERNESS,2956,Vat 69 Gold,1.75L,7,14.99,2024-01-01
2_ASHBORNE_2822,2,ASHBORNE,2822,James E Pepper 1776 Rye,750mL,8,32.99,2024-01-01
37_PAETHSMOUTH_4349,37,PAETHSMOUTH,4349,Sauza Blue Silver,750mL,8,15.99,2024-01-01
14_BROMWICH_43434,14,BROMWICH,43434,Phillips Earthquake Cab Svgn,750mL,3,23.99,2024-01-01
19_WINTERVALE_1889,19,WINTERVALE,1889,El Toro Gold Tequila,Liter,31,7.99,2024-01-01
1_HARDERSFIELD_19645,1,HARDERSFIELD,19645,Line 39 Pnt Nr,750mL,12,9.99,2024-01-01
6_GOULCREST_18653,6,GOULCREST,18653,Fuki Plum Wine,750mL,15,11.99,2024-01-01
10_HORNSEY_46217,10,HORNSEY,46217,Cono Sur Chard Cntrl Vly,750mL,18,6.99,2024-01-01
15_WANBORNE_5317,15,WANBORNE,5317,B & B Liqueur Dom,50mL,13,3.29,2024-01-01
11_CARDEND_3699,11,CARDEND,3699,Chopin Vodka,1.75L,9,39.99,2024-01-01
27_MOUNTMEND_21319,27,MOUNTMEND,21319,William Hill Est No Cst Svgn,750mL,10,12.99,2024-01-01
30_CULCHETH_6173,30,CULCHETH,6173,Gallo Fairbanks Red Port,1.5L,9,7.99,2024-01-01
10_HORNSEY_1066,10,HORNSEY,1066,DiSaronno Cavalli Glass Pack,750mL,0,19.99,2024-01-01
19_WINTERVALE_14930,19,WINTERVALE,14930,Yellow Tail Moscato,1.5L,11,8.95,2024-01-01
34_PITMERDEN_33147,34,PITMERDEN,33147,Jura Bl de Bl Brut D'Argent,750mL,5,14.99,2024-01-01
25_CAERSHIRE_14711,25,CAERSHIRE,14711,Ch Tanunda Gr Barossa Rsl,750mL,9,13.99,2024-01-01
6_GOULCREST_4267,6,GOULCREST,4267,Bacardi Limon Rum,1.75L,4,19.99,2024-01-01
25_CAERSHIRE_24612,25,CAERSHIRE,24612,Estancia Pnt Nr Monterey,750mL,16,13.99,2024-01-01
38_GOULCREST_1375,38,GOULCREST,1375,Jim Beam,750mL,24,16.49,2024-01-01
8_ALNERWICK_4804,8,ALNERWICK,4804,Rhum Barbancourt RSV Special,750mL,2,16.99,2024-01-01
31_HORNSEY_39254,31,HORNSEY,39254,Las Rocas Garnacha San Alej,750mL,11,10.99,2024-01-01
23_ARBINGTON_10420,23,ARBINGTON,10420,Barefoot Moscato Cal,750mL,21,4.99,2024-01-01
7_STANMORE_31160,7,STANMORE,31160,Monsanto Chianti Clsc RSV,750mL,5,19.99,2024-01-01
28_LARNWICK_12216,28,LARNWICK,12216,Da Vinci Pnt Grigio,750mL,13,9.99,2024-01-01
34_PITMERDEN_18756,34,PITMERDEN,18756,Yellow Tail Pink Moscato,750mL,5,7.99,2024-01-01
38_GOULCREST_2715,38,GOULCREST,2715,Teeling Single Grain Whiskey,750mL,0,49.99,2024-01-01
20_BREDWARDINE_1388,20,BREDWARDINE,1388,Red Stag by Jim Beam,1.75L,35,24.99,2024-01-01
13_TARMSWORTH_2520,13,TARMSWORTH,2520,The Macallan 12 Yr Old,750mL,3,56.99,2024-01-01
27_MOUNTMEND_8515,27,MOUNTMEND,8515,Baileys Chocolate Cherry,750mL,17,18.99,2024-01-01
23_ARBINGTON_3791,23,ARBINGTON,3791,Jose Cuervo Especial Silver,375mL,2,10.99,2024-01-01
9_BLACKPOOL_22079,9,BLACKPOOL,22079,C Y Toro Casa Diblo Cab Svgn,750mL,11,9.99,2024-01-01
32_MOUNTMEND_9109,32,MOUNTMEND,9109,Deep Eddy Ruby Red Vodka,50mL,0,0.99,2024-01-01
14_BROMWICH_3787,14,BROMWICH,3787,Jose Cuervo Especial Silver,750mL,18,16.99,2024-01-01
25_CAERSHIRE_2713,25,CAERSHIRE,2713,Inver House Green Plaid 3-Y,1.75L,0,13.99,2024-01-01
1_HARDERSFIELD_28548,1,HARDERSFIELD,28548,St Francis Old Vines Znfdl,750mL,16,15.99,2024-01-01
36_LEWES_4246,36,LEWES,4246,Bacardi Superior Rum,375mL,22,5.49,2024-01-01
7_STANMORE_2795,7,STANMORE,2795,George Dickel Rye,750mL,9,23.99,2024-01-01
18_FURNESS_5168,18,FURNESS,5168,Kahlua French Vanilla,750mL,8,18.99,2024-01-01
15_WANBORNE_3286,15,WANBORNE,3286,Ciroc Snap Frost Vodka,1.75L,7,47.99,2024-01-01
34_PITMERDEN_46819,34,PITMERDEN,46819,Kaiken Malbec Mendoza,750mL,6,13.99,2024-01-01
9_BLACKPOOL_3794,9,BLACKPOOL,3794,Cabo Wabo Reposado Tequila,750mL,5,36.99,2024-01-01
27_MOUNTMEND_16320,27,MOUNTMEND,16320,Ninety+Cellars Lot 42 Pnt Gr,750mL,8,8.99,2024-01-01
23_ARBINGTON_2760,23,ARBINGTON,2760,Jack Daniels Tennessee Honey,1.75L,46,36.99,2024-01-01
21_BALERNO_2290,21,BALERNO,2290,Jim Beam Devils Cut Bourbon,750mL,13,23.99,2024-01-01
3_HORNSEY_3834,3,HORNSEY,3834,Skyy Vodka,750mL,19,15.99,2024-01-01
34_PITMERDEN_12655,34,PITMERDEN,12655,Merriam Cab Franc Windacre V,750mL,0,34.99,2024-01-01
26_KNIFE'S EDGE_8346,26,KNIFE'S EDGE,8346,Marques de Riscal Rioja Red,750mL,3,14.99,2024-01-01
41_LARNWICK_858,41,LARNWICK,858,Canadian Club,Liter,15,11.99,2024-01-01
6_GOULCREST_33037,6,GOULCREST,33037,Beringer Fndrs Est Cab Svgn,1.5L,4,18.99,2024-01-01
26_KNIFE'S EDGE_2973,26,KNIFE'S EDGE,2973,Eagle Rare Single Barrel Bo,750mL,5,26.99,2024-01-01
34_PITMERDEN_32508,34,PITMERDEN,32508,C Krug Merlot Napa,750mL,22,18.99,2024-01-01
10_HORNSEY_29431,10,HORNSEY,29431,Clos du Val Cab Svgn Napa,750mL,7,29.99,2024-01-01
16_LUNDY_4682,16,LUNDY,4682,Courvoisier VSOP Cognac,750mL,11,34.99,2024-01-01
2_ASHBORNE_24939,2,ASHBORNE,24939,Walpole 1761 Walpole Rose,750mL,12,18.99,2024-01-01
34_PITMERDEN_8135,34,PITMERDEN,8135,Choco Lat Liqueur,750mL,11,10.99,2024-01-01
36_LEWES_1238,36,LEWES,1238,The Glenlivet 12 Yr Single,50mL,18,4.99,2024-01-01
24_PALPERROTH_4258,24,PALPERROTH,4258,Bacardi Mango Fusion,750mL,21,9.99,2024-01-01
20_BREDWARDINE_11488,20,BREDWARDINE,11488,C K Mondavi Cab Svgn,1.5L,4,10.99,2024-01-01
18_FURNESS_6688,18,FURNESS,6688,Ch St Jean Chard California,750mL,31,9.99,2024-01-01
7_STANMORE_5826,7,STANMORE,5826,DeKuyper Razzmatazz,750mL,3,8.99,2024-01-01
4_EANVERNESS_42124,4,EANVERNESS,42124,Pieropan Soave Clsc,750mL,4,19.99,2024-01-01
23_ARBINGTON_12415,23,ARBINGTON,12415,Callia Alta Pnt Grigio,750mL,11,8.99,2024-01-01
34_PITMERDEN_6102,34,PITMERDEN,6102,Midnight Moon Peach,750mL,6,19.99,2024-01-01
19_WINTERVALE_6524,19,WINTERVALE,6524,Rosemount Diamond Shiraz,750mL,20,6.99,2024-01-01
11_CARDEND_1789,11,CARDEND,1789,Jack Daniels Tennesse Fire,750mL,60,25.99,2024-01-01
21_BALERNO_3999,21,BALERNO,3999,Hornitos Anejo Tequila,750mL,14,21.99,2024-01-01
34_PITMERDEN_24715,34,PITMERDEN,24715,Banfi Summus Tuscany Red,750mL,10,60.99,2024-01-01
34_PITMERDEN_8576,34,PITMERDEN,8576,E & J Brandy VS,375mL,46,4.99,2024-01-01
37_PAETHSMOUTH_27351,37,PAETHSMOUTH,27351,Almaden Chard Cal B/B,5L,13,15.99,2024-01-01
4_EANVERNESS_1239,4,EANVERNESS,1239,Booker's Bourbon,750mL,20,50.99,2024-01-01
1_HARDERSFIELD_5255,1,HARDERSFIELD,5255,TGI Fridays Ultimte Mudslide,1.75L,6,12.99,2024-01-01
8_ALNERWICK_14930,8,ALNERWICK,14930,Yellow Tail Moscato,1.5L,18,8.95,2024-01-01
35_HALIVAARA_858,35,HALIVAARA,858,Canadian Club,Liter,14,11.99,2024-01-01
7_STANMORE_23123,7,STANMORE,23123,Federico Ferrero Chard Langh,750mL,10,12.99,2024-01-01
21_BALERNO_8621,21,BALERNO,8621,Sho Chiku Bai Takara Sake,750mL,11,6.29,2024-01-01
6_GOULCREST_35088,6,GOULCREST,35088,Newport Vyds Great White RI,750mL,9,9.99,2024-01-01
10_HORNSEY_3982,10,HORNSEY,3982,Hornitos Reposado Tequila,750mL,24,19.99,2024-01-01
30_CULCHETH_35464,30,CULCHETH,35464,Stags Leap WC Artemis Cab,750mL,12,42.95,2024-01-01
12_LEESIDE_41713,12,LEESIDE,41713,Fish Eye Merlot,750mL,12,5.99,2024-01-01
34_PITMERDEN_18381,34,PITMERDEN,18381,Block Nine Caiden Vyd Pnt Nr,750mL,4,12.99,2024-01-01
40_BULLMAR_9388,40,BULLMAR,9388,Hennessy Privilege VSOP,375mL,11,23.99,2024-01-01
2_ASHBORNE_21861,2,ASHBORNE,21861,Diseno Red Blend Mendoza,750mL,8,11.99,2024-01-01
24_PALPERROTH_2586,24,PALPERROTH,2586,Jameson Irish Whiskey,50mL,101,2.99,2024-01-01
7_STANMORE_22801,7,STANMORE,22801,Fetzer Valley Oaks Cab Svgn,1.5L,18,12.99,2024-01-01
7_STANMORE_18817,7,STANMORE,18817,The Dreaming Tree Everyday,750mL,5,12.99,2024-01-01
31_HORNSEY_12479,31,HORNSEY,12479,Geyser Peak Cab Svgn,750mL,11,11.99,2024-01-01
21_BALERNO_20512,21,BALERNO,20512,Lacoste Borie Pauillac,750mL,8,38.99,2024-01-01
38_GOULCREST_3636,38,GOULCREST,3636,Dr McGillicuddy's Mentholmnt,375mL,11,7.49,2024-01-01
38_GOULCREST_39979,38,GOULCREST,39979,Little Penguin Chard Ausl,1.5L,16,11.99,2024-01-01
27_MOUNTMEND_17177,27,MOUNTMEND,17177,Beringer Classic Merlot,1.5L,29,7.99,2024-01-01
36_LEWES_39750,36,LEWES,39750,Red Diamond Merlot Wash,750mL,7,8.99,2024-01-01
17_OLDHAM_43809,17,OLDHAM,43809,R M Woodbridge Pnt Nr,1.5L,22,8.99,2024-01-01
19_WINTERVALE_6725,19,WINTERVALE,6725,Franzia Crisp White Tap,5L,13,12.99,2024-01-01
15_WANBORNE_7262,15,WANBORNE,7262,Gallo Sweet Vermouth,750mL,18,5.49,2024-01-01
27_MOUNTMEND_4345,27,MOUNTMEND,4345,Capt Morgan Tattoo Rum,750mL,3,19.99,2024-01-01
35_HALIVAARA_2956,35,HALIVAARA,2956,Vat 69 Gold,1.75L,6,14.99,2024-01-01
18_FURNESS_8612,18,FURNESS,8612,Grand Marnier,1.75L,3,67.99,2024-01-01
12_LEESIDE_3345,12,LEESIDE,3345,Bombay Sapphire Gin,50mL,21,1.99,2024-01-01
11_CARDEND_5480,11,CARDEND,5480,E & J Superior RSV VSOP,750mL,14,10.99,2024-01-01
3_HORNSEY_4241,3,HORNSEY,4241,Capt Morgan Spiced Rum,50mL,44,1.99,2024-01-01
21_BALERNO_2156,21,BALERNO,2156,(RI) 1,750mL,5,34.99,2024-01-01
34_PITMERDEN_23231,34,PITMERDEN,23231,Stags Leap The Investor Red,750mL,17,54.99,2024-01-01
21_BALERNO_10723,21,BALERNO,10723,R M Woodbridge Chard,1.5L,47,8.99,2024-01-01
22_SHARNWICK_2924,22,SHARNWICK,2924,Speyburn 10-Yr Single Malt,750mL,6,23.99,2024-01-01
33_HORNSEY_8425,33,HORNSEY,8425,Studebaker Manhattan RTD,750mL,8,21.99,2024-01-01
14_BROMWICH_3784,14,BROMWICH,3784,Margaritaville Gold Tequila,750mL,11,9.99,2024-01-01
18_FURNESS_18857,18,FURNESS,18857,Barefoot Refresh Crisp White,750mL,9,5.99,2024-01-01
34_PITMERDEN_450,34,PITMERDEN,450,Vincent Van Gogh Double Esp,750mL,5,24.99,2024-01-01
22_SHARNWICK_25808,22,SHARNWICK,25808,Edna Valley Chard,750mL,10,11.99,2024-01-01
13_TARMSWORTH_8082,13,TARMSWORTH,8082,Baileys Irish Cream,1.75L,40,29.99,2024-01-01
30_CULCHETH_5817,30,CULCHETH,5817,GranGala Triple Orange,1.75L,1,29.99,2024-01-01
6_GOULCREST_2171,6,GOULCREST,2171,Pike Creek Canadian Whisky,750mL,3,21.99,2024-01-01
33_HORNSEY_2759,33,HORNSEY,2759,Johnnie Walker Red Label,375mL,30,13.99,2024-01-01
15_WANBORNE_35913,15,WANBORNE,35913,Stone Cellars Cab Svgn,1.5L,16,8.99,2024-01-01
1_HARDERSFIELD_13985,1,HARDERSFIELD,13985,Luiano Chianti Clsc,375mL,10,11.99,2024-01-01
40_BULLMAR_3545,40,BULLMAR,3545,Ketel One Vodka,1.75L,71,31.99,2024-01-01
2_ASHBORNE_664,2,ASHBORNE,664,Ardbeg Uigeadail Scotch,750mL,3,73.99,2024-01-01
16_LUNDY_3913,16,LUNDY,3913,Svedka Vodka,1.75L,45,17.99,2024-01-01
15_WANBORNE_11310,15,WANBORNE,11310,Beaulieu Tapestry 11 Rsv,750mL,9,58.99,2024-01-01
10_HORNSEY_13497,10,HORNSEY,13497,Mohua Svgn Bl Marlboro,750mL,12,9.99,2024-01-01
22_SHARNWICK_8018,22,SHARNWICK,8018,La Vieille Ferme Red Ventoux,750mL,26,6.99,2024-01-01
9_BLACKPOOL_1273,9,BLACKPOOL,1273,Jim Beam Choice,1.75L,7,31.99,2024-01-01
2_ASHBORNE_19814,2,ASHBORNE,19814,Rodney Strong Charlottes Svg,750mL,9,16.99,2024-01-01
6_GOULCREST_15156,6,GOULCREST,15156,Yago Sant'Gria Red,3L,5,12.99,2024-01-01
32_MOUNTMEND_43223,32,MOUNTMEND,43223,Ch Beauchene Cotes du Rhone,750mL,73,8.95,2024-01-01
21_BALERNO_8485,21,BALERNO,8485,Gozio Amaretto,750mL,16,17.99,2024-01-01
12_LEESIDE_17967,12,LEESIDE,17967,Banfi Principessa Gavia Gav,750mL,17,15.99,2024-01-01
33_HORNSEY_4225,33,HORNSEY,4225,Goslings Black Seal Rum 80,1.75L,34,24.99,2024-01-01
20_BREDWARDINE_8475,20,BREDWARDINE,8475,J Roget Extra Dry,187mL,16,1.79,2024-01-01
27_MOUNTMEND_1388,27,MOUNTMEND,1388,Red Stag by Jim Beam,1.75L,6,24.99,2024-01-01
15_WANBORNE_24050,15,WANBORNE,24050,Choyomusubi Ryo Junmai Sake,180mL,4,12.99,2024-01-01
15_WANBORNE_17500,15,WANBORNE,17500,Hob Nob Wicked Red,750mL,9,9.99,2024-01-01
9_BLACKPOOL_1880,9,BLACKPOOL,1880,The Glenlivet Nadurra,750mL,8,69.99,2024-01-01
2_ASHBORNE_8482,2,ASHBORNE,8482,Cabot Trail Cana Cream Maple,750mL,3,17.99,2024-01-01
15_WANBORNE_5146,15,WANBORNE,5146,Pama Pomegranate Liqueur,750mL,4,17.99,2024-01-01
10_HORNSEY_19748,10,HORNSEY,19748,Clos du Bois Chard,1.5L,63,15.99,2024-01-01
14_BROMWICH_12505,14,BROMWICH,12505,Angelini Pnt Nr Veneto,750mL,4,9.99,2024-01-01
30_CULCHETH_2161,30,CULCHETH,2161,Canadian Club Classic,750mL,2,19.99,2024-01-01
38_GOULCREST_28092,38,GOULCREST,28092,Cline Ancient Vin Znfdl,750mL,9,14.99,2024-01-01
7_STANMORE_21824,7,STANMORE,21824,Taken Red Napa,750mL,6,24.99,2024-01-01
32_MOUNTMEND_6213,32,MOUNTMEND,6213,Taylor Red Port,1.5L,11,7.99,2024-01-01
35_HALIVAARA_8413,35,HALIVAARA,8413,St Elder Elderflower Liqueur,750mL,26,17.99,2024-01-01
8_ALNERWICK_21834,8,ALNERWICK,21834,Meiomi Chard,750mL,12,15.99,2024-01-01
1_HARDERSFIELD_20725,1,HARDERSFIELD,20725,Chronic Cellars Purple Parad,750mL,3,14.99,2024-01-01
23_ARBINGTON_2794,23,ARBINGTON,2794,Bird Dog Bourbon,750mL,31,14.99,2024-01-01
14_BROMWICH_39410,14,BROMWICH,39410,Mirassou Cab Svgn Cal,750mL,15,9.99,2024-01-01
24_PALPERROTH_28947,24,PALPERROTH,28947,R M Woodbridge Merlot Cal,1.5L,9,8.99,2024-01-01
24_PALPERROTH_4225,24,PALPERROTH,4225,Goslings Black Seal Rum 80,1.75L,47,24.99,2024-01-01
37_PAETHSMOUTH_36623,37,PAETHSMOUTH,36623,Talbott Sleepy Hollow Chard,750mL,12,28.99,2024-01-01
31_HORNSEY_3388,31,HORNSEY,3388,Seagrams Extra Dry Gin,750mL,11,8.99,2024-01-01
5_SUTTON_6234,5,SUTTON,6234,C Y Toro Front Cab/Merlot,1.5L,17,10.99,2024-01-01
27_MOUNTMEND_3889,27,MOUNTMEND,3889,Wolfschmidt Vodka Plastic,750mL,29,4.99,2024-01-01
34_PITMERDEN_36653,34,PITMERDEN,36653,R M Woodbridge Rsl,750mL,1,7.99,2024-01-01
14_BROMWICH_3139,14,BROMWICH,3139,Grey Goose Le Melon,750mL,5,23.99,2024-01-01
39_EASTHALLOW_4179,39,EASTHALLOW,4179,Bacardi Dragon Berry Rum,1.75L,5,19.99,2024-01-01
35_HALIVAARA_8101,35,HALIVAARA,8101,Tanqueray,50mL,114,1.99,2024-01-01
13_TARMSWORTH_12994,13,TARMSWORTH,12994,Acrobat Pnt Gris Oregon,750mL,8,12.99,2024-01-01
34_PITMERDEN_21326,34,PITMERDEN,21326,Kim Crawford Svgn Bl Sptfire,750mL,6,26.99,2024-01-01
4_EANVERNESS_12086,4,EANVERNESS,12086,Candia Vyds Classic Cab Svgn,750mL,9,13.99,2024-01-01
14_BROMWICH_37943,14,BROMWICH,37943,Columbia Crest Twin Vns Merl,750mL,12,6.99,2024-01-01
21_BALERNO_25716,21,BALERNO,25716,Grgich Hills Chard Napa,750mL,12,44.99,2024-01-01
30_CULCHETH_32055,30,CULCHETH,32055,Greg Norman Eden Vly Chard,750mL,13,11.99,2024-01-01
7_STANMORE_21510,7,STANMORE,21510,Mezzacorona Cab Svgn,1.5L,3,10.99,2024-01-01
29_AYLESBURY_8612,29,AYLESBURY,8612,Grand Marnier,1.75L,6,67.99,2024-01-01
1_HARDERSFIELD_14433,1,HARDERSFIELD,14433,F Coppola Rosso Bianco Chard,750mL,12,9.99,2024-01-01
18_FURNESS_4502,18,FURNESS,4502,E & J XO Brandy,1.75L,6,21.99,2024-01-01
29_AYLESBURY_3054,29,AYLESBURY,3054,Smirnoff Kissed Caramel,750mL,8,10.99,2024-01-01
10_HORNSEY_3961,10,HORNSEY,3961,Grey Goose La Poire Vodka,750mL,52,23.99,2024-01-01
24_PALPERROTH_44547,24,PALPERROTH,44547,Silver Oak Cab Svgn Alex Vly,750mL,3,69.99,2024-01-01
33_HORNSEY_4349,33,HORNSEY,4349,Sauza Blue Silver,750mL,7,15.99,2024-01-01
13_TARMSWORTH_6213,13,TARMSWORTH,6213,Taylor Red Port,1.5L,14,7.99,2024-01-01
40_BULLMAR_8476,40,BULLMAR,8476,1800 Reposado Gold Tequila,375mL,5,11.49,2024-01-01
41_LARNWICK_6980,41,LARNWICK,6980,Midnight Moon Blueberry,750mL,7,19.99,2024-01-01
7_STANMORE_35411,7,STANMORE,35411,Yellow Tail Chard Ausl,750mL,4,7.99,2024-01-01
33_HORNSEY_2436,33,HORNSEY,2436,Crown Royal,375mL,64,14.99,2024-01-01
35_HALIVAARA_3495,35,HALIVAARA,3495,Ketel One Citroen Vodka,1.75L,8,38.99,2024-01-01
22_SHARNWICK_14386,22,SHARNWICK,14386,Tarima Monastrell Jumilla,750mL,5,10.99,2024-01-01
17_OLDHAM_42764,17,OLDHAM,42764,14 Hands Cab Svgn Wash,750mL,17,8.95,2024-01-01
28_LARNWICK_8057,28,LARNWICK,8057,Corazon de Agave Blanco,750mL,2,24.99,2024-01-01
15_WANBORNE_3107,15,WANBORNE,3107,Don Julio 70th Anniversary,750mL,3,65.99,2024-01-01
4_EANVERNESS_13498,4,EANVERNESS,13498,Riva Rey Tempranillo,750mL,16,7.99,2024-01-01
11_CARDEND_35670,11,CARDEND,35670,Redwood Creek Svgn Bl Cal,1.5L,12,10.99,2024-01-01
4_EANVERNESS_3782,4,EANVERNESS,3782,Grey Goose Le Citron Vodka,750mL,55,23.99,2024-01-01
11_CARDEND_6225,11,CARDEND,6225,St Germain Liqueur,50mL,44,3.99,2024-01-01
7_STANMORE_4390,7,STANMORE,4390,Ron Zacapa 23 Yr Old Rum,750mL,3,42.99,2024-01-01
1_HARDERSFIELD_22387,1,HARDERSFIELD,22387,Gnarly Head Authentic Black,750mL,15,9.99,2024-01-01
21_BALERNO_5805,21,BALERNO,5805,Jose Cuervo Light Margaritas,1.75L,11,15.99,2024-01-01
32_MOUNTMEND_1921,32,MOUNTMEND,1921,Glenfiddich Special Rsv 12,1.75L,8,67.99,2024-01-01
40_BULLMAR_16568,40,BULLMAR,16568,Moonlight Meadery Sumptuous,375mL,12,12.99,2024-01-01
27_MOUNTMEND_2753,27,MOUNTMEND,2753,Johnnie Walker Black Label,1.75L,60,61.99,2024-01-01
21_BALERNO_4309,21,BALERNO,4309,Paul Masson Gr Amber VS,750mL,13,8.99,2024-01-01
39_EASTHALLOW_25187,39,EASTHALLOW,25187,Ch Bruni Brdx Superieur,750mL,9,10.99,2024-01-01
31_HORNSEY_2532,31,HORNSEY,2532,The Macallan 12 Yr Old,1.75L,6,134.99,2024-01-01
24_PALPERROTH_2132,24,PALPERROTH,2132,Lord Calvert Canadian,1.75L,19,12.99,2024-01-01
13_TARMSWORTH_5952,13,TARMSWORTH,5952,Jagermeister Liqueur,50mL,35,1.99,2024-01-01
19_WINTERVALE_35666,19,WINTERVALE,35666,Redwood Creek Chard Cal,1.5L,6,9.99,2024-01-01
2_ASHBORNE_4413,2,ASHBORNE,4413,Casamigos Blanco,50mL,40,1.99,2024-01-01
2_ASHBORNE_3444,2,ASHBORNE,3444,Hornitos Plata Tequila,1.75L,3,39.99,2024-01-01
9_BLACKPOOL_8187,9,BLACKPOOL,8187,Wild Turkey,750mL,15,16.99,2024-01-01
37_PAETHSMOUTH_8621,37,PAETHSMOUTH,8621,Sho Chiku Bai Takara Sake,750mL,12,6.29,2024-01-01
33_HORNSEY_4868,33,HORNSEY,4868,Skyy Infusions Blueberry,50mL,120,0.99,2024-01-01
34_PITMERDEN_2644,34,PITMERDEN,2644,Chivas Regal 18-Yr Scotch,750mL,34,74.99,2024-01-01
41_LARNWICK_2990,41,LARNWICK,2990,Bulldog Gin,750mL,8,22.99,2024-01-01
34_PITMERDEN_21271,34,PITMERDEN,21271,Kentia Albarino Rias Baixas,750mL,4,13.99,2024-01-01
1_HARDERSFIELD_18449,1,HARDERSFIELD,18449,R Mondavi Heritage Red Pvt S,750mL,1,7.99,2024-01-01
8_ALNERWICK_26462,8,ALNERWICK,26462,Ravenswood Znfdl Sonoma,750mL,13,16.99,2024-01-01
6_GOULCREST_599,6,GOULCREST,599,Stolichnaya Razberi,Liter,25,22.99,2024-01-01
12_LEESIDE_5348,12,LEESIDE,5348,St Brendans Irish Cream,750mL,13,10.99,2024-01-01
7_STANMORE_3422,7,STANMORE,3422,Beefeater,750mL,18,19.99,2024-01-01
6_GOULCREST_18783,6,GOULCREST,18783,Herencia Altes Garnacha Negr,750mL,2,8.49,2024-01-01
6_GOULCREST_33278,6,GOULCREST,33278,Villa Cornaro Pnt Grigio LTD,750mL,45,8.99,2024-01-01
30_CULCHETH_3591,30,CULCHETH,3591,Absolut Vanilia,750mL,16,17.99,2024-01-01
31_HORNSEY_3863,31,HORNSEY,3863,Evan Williams Honey Reserve,1.75L,6,19.99,2024-01-01
3_HORNSEY_3534,3,HORNSEY,3534,Milagro Silver Tequila,750mL,6,24.99,2024-01-01
35_HALIVAARA_3889,35,HALIVAARA,3889,Wolfschmidt Vodka Plastic,750mL,14,4.99,2024-01-01
22_SHARNWICK_10603,22,SHARNWICK,10603,Parducci Petite Sirah,750mL,11,13.99,2024-01-01
23_ARBINGTON_8107,23,ARBINGTON,8107,Wild Turkey 101,1.75L,25,34.99,2024-01-01
8_ALNERWICK_35916,8,ALNERWICK,35916,Stone Cellars Merlot,1.5L,22,8.99,2024-01-01
8_ALNERWICK_2443,8,ALNERWICK,2443,Seagrams VO,1.75L,30,20.99,2024-01-01
14_BROMWICH_5367,14,BROMWICH,5367,Sambuca di Amore,750mL,20,9.99,2024-01-01
23_ARBINGTON_3365,23,ARBINGTON,3365,Russian Standard Vodka,1.75L,25,24.99,2024-01-01
7_STANMORE_3893,7,STANMORE,3893,Zhenka 80 Proof,1.75L,90,9.99,2024-01-01
33_HORNSEY_19220,33,HORNSEY,19220,Veuve Clicquot Gold Label,750mL,13,65.99,2024-01-01
32_MOUNTMEND_2992,32,MOUNTMEND,2992,Hudson Baby Bourbon Whiskey,750mL,4,49.99,2024-01-01
8_ALNERWICK_5875,8,ALNERWICK,5875,Malibu Light Bl Hawaiian RTD,1.75L,7,17.99,2024-01-01
33_HORNSEY_13979,33,HORNSEY,13979,Jos Phelps Pnt Nr,750mL,5,34.99,2024-01-01
25_CAERSHIRE_4817,25,CAERSHIRE,4817,Skyy Infusions TX Grapefruit,750mL,6,12.99,2024-01-01
30_CULCHETH_36523,30,CULCHETH,36523,Ch Macard Brdx Superieur,750mL,0,14.99,2024-01-01
23_ARBINGTON_4147,23,ARBINGTON,4147,Kirk and Sweeney 18 Yr Rum,750mL,18,39.99,2024-01-01
38_GOULCREST_46428,38,GOULCREST,46428,Villa Pozzi Nero D'Avola,750mL,28,8.99,2024-01-01
29_AYLESBURY_3776,29,AYLESBURY,3776,Jose Cuervo Especial Silver,1.75L,22,25.99,2024-01-01
15_WANBORNE_6552,15,WANBORNE,6552,Harveys Bristol Cream Sherry,1.5L,14,22.99,2024-01-01
4_EANVERNESS_19821,4,EANVERNESS,19821,Castello Chianti Classico,750mL,44,17.99,2024-01-01
38_GOULCREST_12111,38,GOULCREST,12111,LaBelle Winery Cranberry,750mL,60,15.99,2024-01-01
26_KNIFE'S EDGE_31456,26,KNIFE'S EDGE,31456,Foxhorn SE Merlot Australia,1.5L,6,7.99,2024-01-01
1_HARDERSFIELD_26428,1,HARDERSFIELD,26428,Latour Macon Village Chamery,750mL,13,15.99,2024-01-01
25_CAERSHIRE_14008,25,CAERSHIRE,14008,Cigar Box Malbec Mendoza,750mL,14,11.99,2024-01-01
25_CAERSHIRE_5316,25,CAERSHIRE,5316,Amaretto DiSaronno,50mL,34,2.29,2024-01-01
5_SUTTON_5560,5,SUTTON,5560,Bacardi Mojito Cocktail,1.75L,11,18.99,2024-01-01
1_HARDERSFIELD_4896,1,HARDERSFIELD,4896,Hiram Walker Coffee Brandy,1.75L,29,17.99,2024-01-01
7_STANMORE_438,7,STANMORE,438,Licor 43 Vanilla Liqueur,750mL,22,18.99,2024-01-01
25_CAERSHIRE_2254,25,CAERSHIRE,2254,Canadian Club Triple Aged,750mL,27,12.99,2024-01-01
15_WANBORNE_2522,15,WANBORNE,2522,The Macallan 10 Yr Fine Oak,750mL,24,52.99,2024-01-01
4_EANVERNESS_7198,4,EANVERNESS,7198,New Amsterdam Pineapple Vdka,750mL,26,9.99,2024-01-01
15_WANBORNE_16878,15,WANBORNE,16878,Goosebump Velvety Red,750mL,7,7.99,2024-01-01
9_BLACKPOOL_31866,9,BLACKPOOL,31866,F Coppola Diamond Merlot,750mL,5,14.99,2024-01-01
15_WANBORNE_3104,15,WANBORNE,3104,Smirnoff Whipped Cream,750mL,3,10.99,2024-01-01
5_SUTTON_32675,5,SUTTON,32675,Blackstone Cab Svgn Cal,750mL,19,7.99,2024-01-01
36_LEWES_2114,36,LEWES,2114,Black Velvet Canadian Whisky,1.75L,54,12.99,2024-01-01
34_PITMERDEN_13795,34,PITMERDEN,13795,Yellow Tail Tree Free Chard,1.5L,11,9.99,2024-01-01
4_EANVERNESS_3500,4,EANVERNESS,3500,Tito's Handmade Vodka,50mL,1,1.49,2024-01-01
38_GOULCREST_3788,38,GOULCREST,3788,Patron Silver Tequila,375mL,3,25.99,2024-01-01
25_CAERSHIRE_24812,25,CAERSHIRE,24812,Tortoise Creek Cal Pnt Nr,750mL,12,12.99,2024-01-01
16_LUNDY_5826,16,LUNDY,5826,DeKuyper Razzmatazz,750mL,16,8.99,2024-01-01
18_FURNESS_6478,18,FURNESS,6478,C Y Toro Frontera Merlot,1.5L,13,10.99,2024-01-01
34_PITMERDEN_14300,34,PITMERDEN,14300,Masi Passo Doble,750mL,7,11.99,2024-01-01
7_STANMORE_23383,7,STANMORE,23383,Vivanco Rioja Rsva 08,750mL,1,16.99,2024-01-01
20_BREDWARDINE_2723,20,BREDWARDINE,2723,J & B Rare,1.75L,12,29.99,2024-01-01
30_CULCHETH_15233,30,CULCHETH,15233,Flowers Chard Sonoma Cst,750mL,2,49.99,2024-01-01
37_PAETHSMOUTH_2676,37,PAETHSMOUTH,2676,Grand MacNish,1.75L,5,14.99,2024-01-01
39_EASTHALLOW_22297,39,EASTHALLOW,22297,Zorvino Vyds Pearz,750mL,20,9.99,2024-01-01
22_SHARNWICK_19458,22,SHARNWICK,19458,Ruffino Unoaked Chard Toscna,750mL,7,7.99,2024-01-01
24_PALPERROTH_2589,24,PALPERROTH,2589,Jameson Irish Whiskey,1.75L,74,39.99,2024-01-01
40_BULLMAR_8101,40,BULLMAR,8101,Tanqueray,50mL,18,1.99,2024-01-01
39_EASTHALLOW_8296,39,EASTHALLOW,8296,Knob Creek Smoked Maple,750mL,4,27.99,2024-01-01
1_HARDERSFIELD_46599,1,HARDERSFIELD,46599,Primaterra Primitivo,750mL,14,10.99,2024-01-01
29_AYLESBURY_3485,29,AYLESBURY,3485,Luksusowa Potato Vodka,1.75L,6,19.99,2024-01-01
33_HORNSEY_16262,33,HORNSEY,16262,The Dreaming Tree Crush Red,750mL,11,11.99,2024-01-01
1_HARDERSFIELD_3707,1,HARDERSFIELD,3707,Smirnoff Ruby Red Grapefruit,50mL,0,0.99,2024-01-01
30_CULCHETH_1384,30,CULCHETH,1384,Bulleit 95 Rye,750mL,38,27.99,2024-01-01
32_MOUNTMEND_3614,32,MOUNTMEND,3614,Finlandia Vodka,1.75L,18,19.99,2024-01-01
28_LARNWICK_6980,28,LARNWICK,6980,Midnight Moon Blueberry,750mL,9,19.99,2024-01-01
12_LEESIDE_17176,12,LEESIDE,17176,Beringer Classic Chard,1.5L,30,7.99,2024-01-01
24_PALPERROTH_2270,24,PALPERROTH,2270,Laphroaig Triple Wood,750mL,6,74.99,2024-01-01
33_HORNSEY_25286,33,HORNSEY,25286,A Bichot Morgon Les Charmes,750mL,23,18.99,2024-01-01
38_GOULCREST_10927,38,GOULCREST,10927,Barefoot Sparklng Pnt Grigio,750mL,15,9.99,2024-01-01
24_PALPERROTH_6566,24,PALPERROTH,6566,Geyser Peak Chard,750mL,43,9.99,2024-01-01
38_GOULCREST_2957,38,GOULCREST,2957,Glenfarclas 12-Yr Scotch,750mL,11,35.99,2024-01-01
34_PITMERDEN_13709,34,PITMERDEN,13709,Jam Jar Sweet Shiraz,750mL,10,9.99,2024-01-01
32_MOUNTMEND_8346,32,MOUNTMEND,8346,Marques de Riscal Rioja Red,750mL,22,14.99,2024-01-01
10_HORNSEY_10927,10,HORNSEY,10927,Barefoot Sparklng Pnt Grigio,750mL,26,9.99,2024-01-01
38_GOULCREST_13062,38,GOULCREST,13062,P Michael Apres Midi Svgn Bl,750mL,12,49.99,2024-01-01
25_CAERSHIRE_17073,25,CAERSHIRE,17073,Tomaiolo Pinot Grigio,750mL,9,11.99,2024-01-01
25_CAERSHIRE_3764,25,CAERSHIRE,3764,Patron Reposado Tequila,375mL,7,26.99,2024-01-01
38_GOULCREST_43618,38,GOULCREST,43618,Moillard CdR Violettes Rouge,750mL,23,12.99,2024-01-01
2_ASHBORNE_6651,2,ASHBORNE,6651,Rocca Delle Macie Chianti C,750mL,24,11.99,2024-01-01
40_BULLMAR_6186,40,BULLMAR,6186,Rene Junot White,1.5L,6,11.99,2024-01-01
21_BALERNO_36473,21,BALERNO,36473,The Crossings Svgn Bl Marlbo,750mL,13,14.99,2024-01-01
21_BALERNO_3651,21,BALERNO,3651,Belvedere Vodka,50mL,23,3.99,2024-01-01
27_MOUNTMEND_3725,27,MOUNTMEND,3725,Three Olives Pomegranate,750mL,22,14.99,2024-01-01
15_WANBORNE_4702,15,WANBORNE,4702,Metaxa Amphora,750mL,14,22.99,2024-01-01
1_HARDERSFIELD_38255,1,HARDERSFIELD,38255,Neirano Brachetto D'Acqui,750mL,1,16.49,2024-01-01
7_STANMORE_4380,7,STANMORE,4380,Ron Virgin Heavy Bodied Rum,1.75L,23,13.99,2024-01-01
41_LARNWICK_3495,41,LARNWICK,3495,Ketel One Citroen Vodka,1.75L,10,38.99,2024-01-01
23_ARBINGTON_3314,23,ARBINGTON,3314,El Jimador Blanco Tequila,1.75L,6,26.99,2024-01-01
18_FURNESS_31500,18,FURNESS,31500,Barefoot Wh Znfdl Cal,750mL,9,4.99,2024-01-01
7_STANMORE_2643,7,STANMORE,2643,Dewars Signature,750mL,1,184.99,2024-01-01
13_TARMSWORTH_6402,13,TARMSWORTH,6402,Avion Silver Tequila,750mL,2,39.99,2024-01-01
6_GOULCREST_32074,6,GOULCREST,32074,Warre's Kings Tawny Porto,750mL,9,12.99,2024-01-01
32_MOUNTMEND_5708,32,MOUNTMEND,5708,Dr McGillicuddy's Root Beer,50mL,0,0.99,2024-01-01
25_CAERSHIRE_25373,25,CAERSHIRE,25373,Sella & Mosca RSV Cannonau,750mL,5,12.99,2024-01-01
16_LUNDY_4368,16,LUNDY,4368,Capt Morgan Private Stock,1.75L,24,33.99,2024-01-01
10_HORNSEY_26426,10,HORNSEY,26426,Pommery Brut Royale,750mL,14,32.99,2024-01-01
18_FURNESS_28138,18,FURNESS,28138,Columbia Crest Grand Chard,750mL,13,9.99,2024-01-01
40_BULLMAR_2152,40,BULLMAR,2152,New Amsterdam Gin,750mL,4,9.99,2024-01-01
28_LARNWICK_3863,28,LARNWICK,3863,Evan Williams Honey Reserve,1.75L,4,19.99,2024-01-01
41_LARNWICK_2164,41,LARNWICK,2164,New Amsterdam Gin,1.75L,27,16.99,2024-01-01
28_LARNWICK_4916,28,LARNWICK,4916,Mr Boston Coffee Brandy,1.75L,7,9.99,2024-01-01
14_BROMWICH_35393,14,BROMWICH,35393,Tohu Svgn Bl Marlboro,750mL,2,13.99,2024-01-01
17_OLDHAM_7818,17,OLDHAM,7818,Andre Cold Duck,750mL,10,5.49,2024-01-01
38_GOULCREST_46381,38,GOULCREST,46381,Ghost Pines Merlot L Martini,750mL,14,17.99,2024-01-01
41_LARNWICK_1883,41,LARNWICK,1883,Seagrams 7 Crown,1.75L,98,17.99,2024-01-01
25_CAERSHIRE_2988,25,CAERSHIRE,2988,Sauza 901 Silver Tequila,750mL,2,24.99,2024-01-01
7_STANMORE_3617,7,STANMORE,3617,Olmeca Altos Reposado,750mL,18,21.99,2024-01-01
37_PAETHSMOUTH_44035,37,PAETHSMOUTH,44035,De Loach Pnt Nr,750mL,10,9.99,2024-01-01
21_BALERNO_21353,21,BALERNO,21353,Smoking Loon Malbec Carancho,750mL,8,9.99,2024-01-01
14_BROMWICH_2797,14,BROMWICH,2797,Wicked 87 Whiskey,50mL,4,0.99,2024-01-01
12_LEESIDE_3488,12,LEESIDE,3488,Tanqueray,750mL,12,19.99,2024-01-01
6_GOULCREST_6081,6,GOULCREST,6081,Kinky Blue Liqueur,50mL,32,1.99,2024-01-01
36_LEWES_31454,36,LEWES,31454,Foxhorn SE Chard Australia,1.5L,13,6.99,2024-01-01
34_PITMERDEN_2967,34,PITMERDEN,2967,3lenfiddich Solera 15 Yr RSV,750mL,7,54.99,2024-01-01
36_LEWES_2646,36,LEWES,2646,Chivas Regal,1.75L,3,54.99,2024-01-01
18_FURNESS_16328,18,FURNESS,16328,Black Box Chard,500mL,13,3.99,2024-01-01
6_GOULCREST_4522,6,GOULCREST,4522,Lairds Apple Jack,750mL,7,15.99,2024-01-01
34_PITMERDEN_8050,34,PITMERDEN,8050,Absolut Mandrin,750mL,17,17.99,2024-01-01
18_FURNESS_3397,18,FURNESS,3397,Ciroc Red Berry Vodka,750mL,0,24.99,2024-01-01
40_BULLMAR_3452,40,BULLMAR,3452,Vanya Light Vodka,1.75L,18,6.99,2024-01-01
23_ARBINGTON_23389,23,ARBINGTON,23389,Opici Fish Bottle Bianco,750mL,5,11.99,2024-01-01
21_BALERNO_8128,21,BALERNO,8128,Espolon Anejo Tequila,750mL,2,29.99,2024-01-01
39_EASTHALLOW_38179,39,EASTHALLOW,38179,Rex Goliath Chard,750mL,19,5.99,2024-01-01
23_ARBINGTON_3610,23,ARBINGTON,3610,Smirnoff Cranberry Vodka,750mL,24,12.99,2024-01-01
21_BALERNO_5765,21,BALERNO,5765,Jose Cuervo Lime Margarita,1.75L,16,15.99,2024-01-01
34_PITMERDEN_12220,34,PITMERDEN,12220,Angeline Pnt Nr,750mL,33,9.99,2024-01-01
1_HARDERSFIELD_8421,1,HARDERSFIELD,8421,Beringer Classic Wh Znfdl,750mL,0,5.99,2024-01-01
23_ARBINGTON_32303,23,ARBINGTON,32303,Dynamite Merlot N Cst,750mL,11,11.99,2024-01-01
24_PALPERROTH_35411,24,PALPERROTH,35411,Yellow Tail Chard Ausl,750mL,15,7.99,2024-01-01
32_MOUNTMEND_3219,32,MOUNTMEND,3219,Svedka Grapefruit Jalapeno,50mL,189,0.99,2024-01-01
39_EASTHALLOW_43292,39,EASTHALLOW,43292,Fish Eye Pnt Grigio,1.5L,6,9.99,2024-01-01
35_HALIVAARA_24002,35,HALIVAARA,24002,Corbett Canyon Chard,1.5L,27,8.99,2024-01-01
21_BALERNO_2664,21,BALERNO,2664,Firefly Moonshine,750mL,5,14.99,2024-01-01
38_GOULCREST_38690,38,GOULCREST,38690,Ch Ste Michelle Indn Wl Merl,750mL,7,14.99,2024-01-01
7_STANMORE_4652,7,STANMORE,4652,Hennessy XO Cognac,750mL,3,199.99,2024-01-01
21_BALERNO_31909,21,BALERNO,31909,Catena Lunlunta Malbec Argn,750mL,61,19.99,2024-01-01
29_AYLESBURY_4678,29,AYLESBURY,4678,Courvoisier VS Cognac,750mL,4,22.99,2024-01-01
6_GOULCREST_8637,6,GOULCREST,8637,Metaxa Ouzo,750mL,13,16.99,2024-01-01
7_STANMORE_17967,7,STANMORE,17967,Banfi Principessa Gavia Gav,750mL,10,15.99,2024-01-01
23_ARBINGTON_18593,23,ARBINGTON,18593,Barefoot Bubbly Red Moscato,750mL,8,9.99,2024-01-01
17_OLDHAM_8262,17,OLDHAM,8262,Metcalfe's Vermont Maple,750mL,3,21.99,2024-01-01
18_FURNESS_34905,18,FURNESS,34905,Smoking Loon Merlot,750mL,15,7.99,2024-01-01
29_AYLESBURY_4196,29,AYLESBURY,4196,Bacardi Dragon Berry Rum,750mL,13,9.99,2024-01-01
32_MOUNTMEND_4223,32,MOUNTMEND,4223,Bacardi Gold Rum,1.75L,25,19.99,2024-01-01
16_LUNDY_2100,16,LUNDY,2100,Canadian Regal,1.75L,11,9.99,2024-01-01
13_TARMSWORTH_5560,13,TARMSWORTH,5560,Bacardi Mojito Cocktail,1.75L,3,18.99,2024-01-01
2_ASHBORNE_3234,2,ASHBORNE,3234,Hendrick's Gin,1.75L,13,61.99,2024-01-01
34_PITMERDEN_5031,34,PITMERDEN,5031,DeKuyper Peppermint Schnapp,1.75L,11,14.99,2024-01-01
25_CAERSHIRE_4283,25,CAERSHIRE,4283,Hochstadter's Slow and Low,750mL,4,18.99,2024-01-01
21_BALERNO_18369,21,BALERNO,18369,Sequin Delicately Moscato,750mL,12,7.99,2024-01-01
11_CARDEND_34870,11,CARDEND,34870,Arca Nova Vinho Verde,750mL,25,9.99,2024-01-01
34_PITMERDEN_37708,34,PITMERDEN,37708,EOS Cab Svgn Paso Robles,750mL,9,10.99,2024-01-01
32_MOUNTMEND_3495,32,MOUNTMEND,3495,Ketel One Citroen Vodka,1.75L,13,38.99,2024-01-01
33_HORNSEY_6499,33,HORNSEY,6499,Kinky Liqueur,750mL,6,16.99,2024-01-01
2_ASHBORNE_15620,2,ASHBORNE,15620,C Y Toro Casillero Diab Malb,750mL,10,11.99,2024-01-01
21_BALERNO_6213,21,BALERNO,6213,Taylor Red Port,1.5L,10,7.99,2024-01-01
6_GOULCREST_2241,6,GOULCREST,2241,Death's Door Gin,750mL,4,25.99,2024-01-01
3_HORNSEY_3486,3,HORNSEY,3486,Tanqueray,375mL,30,12.99,2024-01-01
20_BREDWARDINE_3483,20,BREDWARDINE,3483,Kru 82 Vodka,750mL,7,14.99,2024-01-01
38_GOULCREST_2717,38,GOULCREST,2717,Big Peat Scotch,750mL,11,60.99,2024-01-01
24_PALPERROTH_8351,24,PALPERROTH,8351,Arrow Kirsch,750mL,14,10.99,2024-01-01
7_STANMORE_5731,7,STANMORE,5731,Malibu Passion Fruit Rum,750mL,5,12.99,2024-01-01
12_LEESIDE_7302,12,LEESIDE,7302,Marques de Caceres Rioja Re,750mL,9,10.99,2024-01-01
5_SUTTON_3310,5,SUTTON,3310,Pinnacle Vodka,375mL,21,5.99,2024-01-01
11_CARDEND_8369,11,CARDEND,8369,Pernod Anise Liqueur,750mL,13,33.99,2024-01-01
38_GOULCREST_13303,38,GOULCREST,13303,Plungerhead Znfdl Lodi,750mL,19,13.99,2024-01-01
6_GOULCREST_16819,6,GOULCREST,16819,H3 Horse Heaven Hills Cab Sv,750mL,7,11.99,2024-01-01
22_SHARNWICK_3300,22,SHARNWICK,3300,Smirnoff Sorbet Mango/Pasion,50mL,13,0.99,2024-01-01
8_ALNERWICK_2800,8,ALNERWICK,2800,Laphroaig 15 Yr Single Malt,750mL,6,81.99,2024-01-01
36_LEWES_6542,36,LEWES,6542,Melini Borghi D'Elsa Chiant,750mL,46,6.99,2024-01-01
5_SUTTON_22079,5,SUTTON,22079,C Y Toro Casa Diblo Cab Svgn,750mL,12,9.99,2024-01-01
6_GOULCREST_41786,6,GOULCREST,41786,Ecco Domani Colle Pnt Grigio,750mL,48,8.49,2024-01-01
37_PAETHSMOUTH_44494,37,PAETHSMOUTH,44494,Smoking Loon Pnt Grigio Cal,750mL,19,7.99,2024-01-01
21_BALERNO_62,21,BALERNO,62,Herradura Silver Tequila,750mL,8,36.99,2024-01-01
14_BROMWICH_1889,14,BROMWICH,1889,El Toro Gold Tequila,Liter,12,7.99,2024-01-01
30_CULCHETH_3513,30,CULCHETH,3513,Ciroc Snap Frost Vodka,750mL,6,24.99,2024-01-01
22_SHARNWICK_2663,22,SHARNWICK,2663,Dewars White Label,1.75L,55,29.99,2024-01-01
4_EANVERNESS_3879,4,EANVERNESS,3879,Smirnoff 80 Proof Traveler,750mL,60,10.99,2024-01-01
15_WANBORNE_37607,15,WANBORNE,37607,Hardys Shiraz Ausl,3L,9,16.99,2024-01-01
34_PITMERDEN_2250,34,PITMERDEN,2250,Jack Daniels Family 4 Pk/50m,50mL 4 Pk,0,12.99,2024-01-01
1_HARDERSFIELD_889,1,HARDERSFIELD,889,DeKuyper Sour Apple Pucker,Liter,1,12.99,2024-01-01
2_ASHBORNE_892,2,ASHBORNE,892,Uncle Val's Botanical Gin,750mL,5,33.99,2024-01-01
1_HARDERSFIELD_21752,1,HARDERSFIELD,21752,Flag Hill Cayuga White,750mL,4,12.99,2024-01-01
21_BALERNO_41787,21,BALERNO,41787,Ferrari-Carano Cab Svgn Alex,750mL,7,30.99,2024-01-01
34_PITMERDEN_24672,34,PITMERDEN,24672,Bolla Merlot,1.5L,15,15.99,2024-01-01
24_PALPERROTH_6569,24,PALPERROTH,6569,William Hill Est Chard Napa,750mL,16,19.99,2024-01-01
15_WANBORNE_20905,15,WANBORNE,20905,Gekkeikan Suzaku Sake,300mL,3,8.99,2024-01-01
18_FURNESS_18347,18,FURNESS,18347,Banfi Pnt Grigio San Angelo,750mL,10,16.99,2024-01-01
34_PITMERDEN_2826,34,PITMERDEN,2826,Bowmore Small Batch Sngl Mlt,750mL,14,39.99,2024-01-01
20_BREDWARDINE_892,20,BREDWARDINE,892,Uncle Val's Botanical Gin,750mL,7,33.99,2024-01-01
8_ALNERWICK_39981,8,ALNERWICK,39981,Little Penguin Merlot Ausl,1.5L,8,11.99,2024-01-01
30_CULCHETH_23848,30,CULCHETH,23848,Dom Cherrier Sancerre,750mL,3,17.99,2024-01-01
2_ASHBORNE_13979,2,ASHBORNE,13979,Jos Phelps Pnt Nr,750mL,5,34.99,2024-01-01
11_CARDEND_3278,11,CARDEND,3278,Gordons London Dry,750mL,16,7.99,2024-01-01
19_WINTERVALE_6446,19,WINTERVALE,6446,Franzia Tap Wh Grenache Cal,5L,4,16.99,2024-01-01
37_PAETHSMOUTH_3787,37,PAETHSMOUTH,3787,Jose Cuervo Especial Silver,750mL,5,16.99,2024-01-01
12_LEESIDE_3798,12,LEESIDE,3798,Ciroc Apple Vodka,750mL,12,24.99,2024-01-01
16_LUNDY_8978,16,LUNDY,8978,Riunite Lambrusco,3L,8,16.99,2024-01-01
27_MOUNTMEND_41712,27,MOUNTMEND,41712,Fish Eye Chard,750mL,17,5.99,2024-01-01
15_WANBORNE_6967,15,WANBORNE,6967,Santa Margherita Pnt Grigio,750mL,27,19.99,2024-01-01
21_BALERNO_5698,21,BALERNO,5698,P & J Cold Soaked Pineapples,750mL,11,18.99,2024-01-01
34_PITMERDEN_25353,34,PITMERDEN,25353,Calmel & Joseph CdRoussillon,750mL,24,13.99,2024-01-01
6_GOULCREST_24291,6,GOULCREST,24291,Dom Fond Croze La Croix Coq,750mL,11,17.99,2024-01-01
31_HORNSEY_4670,31,HORNSEY,4670,Bacardi Dragon Berry Rum,375mL,21,3.99,2024-01-01
12_LEESIDE_24246,12,LEESIDE,24246,Marco Barbanera Chianti DOCG,750mL,8,5.99,2024-01-01
32_MOUNTMEND_2899,32,MOUNTMEND,2899,Laphroiag Select Single Malt,750mL,7,52.99,2024-01-01
25_CAERSHIRE_25187,25,CAERSHIRE,25187,Ch Bruni Brdx Superieur,750mL,11,10.99,2024-01-01
8_ALNERWICK_26821,8,ALNERWICK,26821,Estancia Merlot Central Cst,750mL,13,9.99,2024-01-01
29_AYLESBURY_6638,29,AYLESBURY,6638,M & R Asti,1.5L,3,24.99,2024-01-01
37_PAETHSMOUTH_18010,37,PAETHSMOUTH,18010,Cocobon Red,750mL,11,5.99,2024-01-01
32_MOUNTMEND_1274,32,MOUNTMEND,1274,No. 14 Bourbon,750mL,0,44.99,2024-01-01
34_PITMERDEN_39523,34,PITMERDEN,39523,Cloudy Bay Svgn Bl Marlboro,750mL,21,24.99,2024-01-01
41_LARNWICK_12123,41,LARNWICK,12123,Barefoot Cellars Rsl,750mL,8,4.99,2024-01-01
15_WANBORNE_5539,15,WANBORNE,5539,DeKuyper Hot Damn 100*,750mL,10,10.99,2024-01-01
28_LARNWICK_3174,28,LARNWICK,3174,Cold River Vodka,750mL,8,29.99,2024-01-01
37_PAETHSMOUTH_15393,37,PAETHSMOUTH,15393,Cupcake Pnt Grigio,750mL,19,7.49,2024-01-01
18_FURNESS_7423,18,FURNESS,7423,Manischewitz Concord Kosher,1.5L,9,7.99,2024-01-01
9_BLACKPOOL_200,9,BLACKPOOL,200,Luxardo Maraschino Liqueur,750mL,16,29.99,2024-01-01
37_PAETHSMOUTH_1737,37,PAETHSMOUTH,1737,Makers Mark,1.75L,9,48.99,2024-01-01
11_CARDEND_8693,11,CARDEND,8693,Ezra Brooks,750mL,16,9.99,2024-01-01
1_HARDERSFIELD_35914,1,HARDERSFIELD,35914,Stone Cellars Chard,1.5L,7,8.99,2024-01-01
34_PITMERDEN_18853,34,PITMERDEN,18853,Barefoot Cellars Pink Moscat,187mL 4 Pk,10,6.49,2024-01-01
8_ALNERWICK_27514,8,ALNERWICK,27514,Clos du Bois RSV Cab Svgn,750mL,11,17.99,2024-01-01
23_ARBINGTON_18000,23,ARBINGTON,18000,Vendange Sweet White,1.5L,8,3.99,2024-01-01
30_CULCHETH_26383,30,CULCHETH,26383,Buehler Chard RRV,750mL,52,11.99,2024-01-01
25_CAERSHIRE_21752,25,CAERSHIRE,21752,Flag Hill Cayuga White,750mL,6,12.99,2024-01-01
34_PITMERDEN_26551,34,PITMERDEN,26551,C R Clrs Fortissimo Red,4L,12,21.99,2024-01-01
15_WANBORNE_3452,15,WANBORNE,3452,Vanya Light Vodka,1.75L,7,6.99,2024-01-01
10_HORNSEY_1233,10,HORNSEY,1233,Jack Daniels No 7 Black,1.75L,388,35.99,2024-01-01
40_BULLMAR_24188,40,BULLMAR,24188,St Francis Cab Svgn Sonoma,750mL,5,15.99,2024-01-01
38_GOULCREST_2994,38,GOULCREST,2994,Hudson Manhattan Rye,750mL,5,49.99,2024-01-01
9_BLACKPOOL_810,9,BLACKPOOL,810,Bacardi Black Razz,750mL,10,9.99,2024-01-01
29_AYLESBURY_44234,29,AYLESBURY,44234,A by Acacia Pnt Nr Cal,750mL,4,13.99,2024-01-01
6_GOULCREST_1238,6,GOULCREST,1238,The Glenlivet 12 Yr Single,50mL,15,4.99,2024-01-01
31_HORNSEY_3050,31,HORNSEY,3050,Bowman Vodka,1.75L,14,8.99,2024-01-01
41_LARNWICK_62,41,LARNWICK,62,Herradura Silver Tequila,750mL,8,36.99,2024-01-01
27_MOUNTMEND_16758,27,MOUNTMEND,16758,Dolin Sweet Red Vermouth,750mL,15,13.99,2024-01-01
7_STANMORE_3329,7,STANMORE,3329,Seagrams Extra Smooth Vodka,1.75L,23,14.99,2024-01-01
2_ASHBORNE_5130,2,ASHBORNE,5130,X Rated Fusion Liqueur,750mL,5,17.99,2024-01-01
14_BROMWICH_15827,14,BROMWICH,15827,Frisk Prickly Rsl,750mL,5,9.99,2024-01-01
27_MOUNTMEND_2640,27,MOUNTMEND,2640,Michter's Small Batch Bourbn,750mL,3,40.99,2024-01-01
1_HARDERSFIELD_28163,1,HARDERSFIELD,28163,Villa Maria Svgn Bl Pvt Bin,750mL,8,11.99,2024-01-01
34_PITMERDEN_5394,34,PITMERDEN,5394,Goldschlager Cinnamon Schnap,375mL,10,10.99,2024-01-01
33_HORNSEY_758,33,HORNSEY,758,Cointreau Liqueur,Liter,8,39.99,2024-01-01
29_AYLESBURY_10727,29,AYLESBURY,10727,Starborough Svgn Bl Marlboro,750mL,6,7.95,2024-01-01
2_ASHBORNE_6459,2,ASHBORNE,6459,Freixenet Cordon Negro Extr,750mL,2,10.99,2024-01-01
34_PITMERDEN_15426,34,PITMERDEN,15426,Voga Moscato Italia,750mL,11,11.99,2024-01-01
18_FURNESS_3837,18,FURNESS,3837,Skyy Vodka,50mL,110,0.99,2024-01-01
6_GOULCREST_25622,6,GOULCREST,25622,Forest Glen Chard,750mL,9,8.99,2024-01-01
10_HORNSEY_4652,10,HORNSEY,4652,Hennessy XO Cognac,750mL,9,199.99,2024-01-01
41_LARNWICK_3498,41,LARNWICK,3498,Baileys Vanilla Cinnamon,750mL,3,18.99,2024-01-01
1_HARDERSFIELD_2672,1,HARDERSFIELD,2672,Dewars White Label,50mL,7,2.29,2024-01-01
21_BALERNO_3084,21,BALERNO,3084,Patron Silver Tequila,200mL,2,14.99,2024-01-01
12_LEESIDE_46023,12,LEESIDE,46023,Spellbound Petite Sirah Cal,750mL,34,11.99,2024-01-01
10_HORNSEY_26744,10,HORNSEY,26744,Santa Lucia Sangvs Monte Ant,750mL,49,11.99,2024-01-01
6_GOULCREST_4270,6,GOULCREST,4270,Brugal Anejo Rum,750mL,5,16.99,2024-01-01
23_ARBINGTON_43223,23,ARBINGTON,43223,Ch Beauchene Cotes du Rhone,750mL,45,8.95,2024-01-01
8_ALNERWICK_3722,8,ALNERWICK,3722,Finlandia Grapefruit Fusion,750mL,5,11.99,2024-01-01
15_WANBORNE_8497,15,WANBORNE,8497,Kamora Coffee,750mL,7,9.99,2024-01-01
9_BLACKPOOL_22275,9,BLACKPOOL,22275,Markham Merlot,750mL,6,22.99,2024-01-01
28_LARNWICK_4304,28,LARNWICK,4304,Bacardi Mango Fusion,50mL,5,0.99,2024-01-01
15_WANBORNE_27813,15,WANBORNE,27813,Warre's Warrior Port,750mL,14,13.99,2024-01-01
15_WANBORNE_18813,15,WANBORNE,18813,Sweet Baby Vyds Raspberry,375mL,5,11.99,2024-01-01
11_CARDEND_10723,11,CARDEND,10723,R M Woodbridge Chard,1.5L,63,8.99,2024-01-01
33_HORNSEY_27596,33,HORNSEY,27596,MezzaCorona Pnt Grigio,750mL,23,7.89,2024-01-01
6_GOULCREST_33819,6,GOULCREST,33819,Sokol Blosser Evolution Whit,750mL,7,15.99,2024-01-01
19_WINTERVALE_46093,19,WINTERVALE,46093,Mouton Cadet Rose,750mL,13,12.99,2024-01-01
37_PAETHSMOUTH_1273,37,PAETHSMOUTH,1273,Jim Beam Choice,1.75L,11,31.99,2024-01-01
2_ASHBORNE_24419,2,ASHBORNE,24419,Bonterra Mendocino Org Chard,750mL,24,10.99,2024-01-01
38_GOULCREST_25338,38,GOULCREST,25338,Ch Chantelune Margaux,750mL,12,49.99,2024-01-01
15_WANBORNE_906,15,WANBORNE,906,DeKuyper Watermelon Pucker,Liter,3,12.99,2024-01-01
34_PITMERDEN_2752,34,PITMERDEN,2752,Johnnie Walker Black Label,750mL,56,34.99,2024-01-01
7_STANMORE_12086,7,STANMORE,12086,Candia Vyds Classic Cab Svgn,750mL,12,13.99,2024-01-01
33_HORNSEY_34752,33,HORNSEY,34752,Frogs Leap Svgn Bl Napa,750mL,6,23.99,2024-01-01
39_EASTHALLOW_8258,39,EASTHALLOW,8258,Campari,750mL,11,29.99,2024-01-01
13_TARMSWORTH_8063,13,TARMSWORTH,8063,Absolut Pears,50mL,0,1.99,2024-01-01
22_SHARNWICK_8475,22,SHARNWICK,8475,J Roget Extra Dry,187mL,86,1.79,2024-01-01
30_CULCHETH_7990,30,CULCHETH,7990,Noilly Prat Sweet Vermouth,Liter,5,9.99,2024-01-01
35_HALIVAARA_2856,35,HALIVAARA,2856,Cragganmore 12-Yr Sngle Malt,750mL,2,55.99,2024-01-01
39_EASTHALLOW_3437,39,EASTHALLOW,3437,Bombay Dry Gin,750mL,17,19.99,2024-01-01
30_CULCHETH_17168,30,CULCHETH,17168,Kendall Jackson Vntrs Rsl Rs,750mL,6,9.99,2024-01-01
6_GOULCREST_523,6,GOULCREST,523,Castello Del Poggio Moscato,750mL,5,10.49,2024-01-01
32_MOUNTMEND_3405,32,MOUNTMEND,3405,Tito's Handmade Vodka,1.75L,99,29.99,2024-01-01
34_PITMERDEN_18583,34,PITMERDEN,18583,Heidsieck Monopole Gold Top,750mL,6,45.99,2024-01-01
11_CARDEND_800,11,CARDEND,800,Jameson Irish Whiskey,Liter,5,32.99,2024-01-01
20_BREDWARDINE_5316,20,BREDWARDINE,5316,Amaretto DiSaronno,50mL,57,2.29,2024-01-01
38_GOULCREST_43365,38,GOULCREST,43365,Cavit Riesling Trentino,1.5L,12,9.99,2024-01-01
28_LARNWICK_653,28,LARNWICK,653,Dom de Canton Ginger Liqueur,750mL,4,37.99,2024-01-01
33_HORNSEY_12024,33,HORNSEY,12024,Terre Rouge Syrah Les Cotes,750mL,16,18.99,2024-01-01
41_LARNWICK_934,41,LARNWICK,934,Tanteo Jalapeno Tequila,750mL,4,35.99,2024-01-01
40_BULLMAR_24779,40,BULLMAR,24779,Straccali Chianti,1.5L,8,9.99,2024-01-01
4_EANVERNESS_4249,4,EANVERNESS,4249,Capt Morgan White Coconut,750mL,21,12.99,2024-01-01
4_EANVERNESS_757,4,EANVERNESS,757,Jim Beam Rye,750mL,9,17.99,2024-01-01
7_STANMORE_3766,7,STANMORE,3766,Three Olives Grape Vodka,750mL,14,14.99,2024-01-01
34_PITMERDEN_22362,34,PITMERDEN,22362,Barefoot Bubbly Peach Fusion,750mL,0,9.99,2024-01-01
21_BALERNO_46093,21,BALERNO,46093,Mouton Cadet Rose,750mL,20,12.99,2024-01-01
11_CARDEND_1228,11,CARDEND,1228,Glenfiddich Ancient RSV 18,750mL,2,94.99,2024-01-01
37_PAETHSMOUTH_3827,37,PAETHSMOUTH,3827,Popov Vodka,1.75L,17,12.99,2024-01-01
32_MOUNTMEND_6553,32,MOUNTMEND,6553,Harveys Bristol Cream Sherry,750mL,7,11.99,2024-01-01
23_ARBINGTON_10254,23,ARBINGTON,10254,Beringer Classic Chard,750mL,1,5.99,2024-01-01
16_LUNDY_27867,16,LUNDY,27867,Vendange Merlot,1.5L,16,6.99,2024-01-01
9_BLACKPOOL_26456,9,BLACKPOOL,26456,Ravenswood Vntnrs Blnd Chard,750mL,30,8.99,2024-01-01
21_BALERNO_40425,21,BALERNO,40425,Mionetto Prosecco Brut,750mL,71,9.95,2024-01-01
23_ARBINGTON_2670,23,ARBINGTON,2670,Metze's Slct Indiana Bourbon,750mL,6,74.99,2024-01-01
21_BALERNO_1282,21,BALERNO,1282,1792 Small Batch Bourbon.,750mL,10,25.99,2024-01-01
22_SHARNWICK_1468,22,SHARNWICK,1468,Knob Creek Single Barrel Rsv,750mL,7,41.99,2024-01-01
14_BROMWICH_4297,14,BROMWICH,4297,Ronrico Silver Traveler,750mL,23,7.99,2024-01-01
9_BLACKPOOL_3231,9,BLACKPOOL,3231,Pinnacle Tropical Punch Vdka,750mL,10,9.99,2024-01-01
26_KNIFE'S EDGE_24325,26,KNIFE'S EDGE,24325,La Crema Chard Sonoma Cst,750mL,9,15.99,2024-01-01
38_GOULCREST_5977,38,GOULCREST,5977,Absinthe Ordinaire,750mL,14,22.99,2024-01-01
4_EANVERNESS_8475,4,EANVERNESS,8475,J Roget Extra Dry,187mL,30,1.79,2024-01-01
8_ALNERWICK_35664,8,ALNERWICK,35664,Redwood Creek Cab Svgn Cal,1.5L,26,9.99,2024-01-01
10_HORNSEY_5890,10,HORNSEY,5890,Godiva Wh Chocolate Liqueur,750mL,13,21.99,2024-01-01
12_LEESIDE_39384,12,LEESIDE,39384,F Coppola Diamond Pnt Nr,750mL,18,16.99,2024-01-01
34_PITMERDEN_36070,34,PITMERDEN,36070,Ch Cos D'Estournel 10,750mL,3,357.99,2024-01-01
20_BREDWARDINE_8671,20,BREDWARDINE,8671,Appleton Est Signature Rum,750mL,9,19.99,2024-01-01
41_LARNWICK_1738,41,LARNWICK,1738,Ole Smoky Moonshine Cherries,750mL,6,18.99,2024-01-01
34_PITMERDEN_2834,34,PITMERDEN,2834,Old Smuggler P E T,1.75L,48,16.49,2024-01-01
36_LEWES_4264,36,LEWES,4264,Capt Morgan Spiced Rum Trav,750mL,12,14.99,2024-01-01
34_PITMERDEN_32915,34,PITMERDEN,32915,Kim Crawford Svgn Bl Marlbro,750mL,48,14.99,2024-01-01
36_LEWES_4762,36,LEWES,4762,Hartley Brandy VS,750mL,12,6.99,2024-01-01
32_MOUNTMEND_5316,32,MOUNTMEND,5316,Amaretto DiSaronno,50mL,64,2.29,2024-01-01
6_GOULCREST_25373,6,GOULCREST,25373,Sella & Mosca RSV Cannonau,750mL,8,12.99,2024-01-01
34_PITMERDEN_24430,34,PITMERDEN,24430,Eden Ice Sprklng Cider Semi,375mL,9,8.49,2024-01-01
10_HORNSEY_41213,10,HORNSEY,41213,A to Z Pnt Nr Ore,750mL,13,17.99,2024-01-01
29_AYLESBURY_32989,29,AYLESBURY,32989,Barefoot Cab Svgn Cal,1.5L,8,10.99,2024-01-01
17_OLDHAM_41072,17,OLDHAM,41072,Angeline Pnt Nr Rsv,750mL,13,11.99,2024-01-01
40_BULLMAR_1382,40,BULLMAR,1382,Makers 46,750mL,4,39.99,2024-01-01
7_STANMORE_8155,7,STANMORE,8155,Black Velvet Plastic,375mL,12,4.99,2024-01-01
30_CULCHETH_2494,30,CULCHETH,2494,Crown Royal Regal Apple,1.75L,17,46.99,2024-01-01
15_WANBORNE_2752,15,WANBORNE,2752,Johnnie Walker Black Label,750mL,3,34.99,2024-01-01
34_PITMERDEN_37822,34,PITMERDEN,37822,Frescobaldi Chianti RSV Nip,750mL,10,23.49,2024-01-01
23_ARBINGTON_2751,23,ARBINGTON,2751,Johnnie Walker Black Label,375mL,22,19.99,2024-01-01
23_ARBINGTON_8454,23,ARBINGTON,8454,Tres Agaves Anejo Tequila,750mL,5,32.99,2024-01-01
1_HARDERSFIELD_25883,1,HARDERSFIELD,25883,Honig Cab Svgn Napa,750mL,14,36.99,2024-01-01
33_HORNSEY_4857,33,HORNSEY,4857,Skyy Infusions Grapefuit,50mL,150,0.99,2024-01-01
15_WANBORNE_13445,15,WANBORNE,13445,Dom Pere Caboche Cote Rhone,750mL,2,12.99,2024-01-01
23_ARBINGTON_743,23,ARBINGTON,743,Angels Envy Whiskey,750mL,2,49.99,2024-01-01
10_HORNSEY_33214,10,HORNSEY,33214,Sycamore Lane Merlot Cal,1.5L,15,8.49,2024-01-01
38_GOULCREST_33278,38,GOULCREST,33278,Villa Cornaro Pnt Grigio LTD,750mL,11,8.99,2024-01-01
27_MOUNTMEND_6565,27,MOUNTMEND,6565,Clos du Bois Cab Svgn N Cst,750mL,74,8.99,2024-01-01
39_EASTHALLOW_24453,39,EASTHALLOW,24453,Estancia Meritage,750mL,10,22.99,2024-01-01
37_PAETHSMOUTH_2958,37,PAETHSMOUTH,2958,Dalwhinnie 15-Yr Single Mal,750mL,1,57.99,2024-01-01
7_STANMORE_5626,7,STANMORE,5626,Baja Luna Black Raspberry,750mL,10,9.99,2024-01-01
20_BREDWARDINE_2672,20,BREDWARDINE,2672,Dewars White Label,50mL,121,2.29,2024-01-01
15_WANBORNE_3754,15,WANBORNE,3754,Smirnoff Blueberry Vodka,750mL,12,12.99,2024-01-01
4_EANVERNESS_2965,4,EANVERNESS,2965,Ardbeg 10 Yr Single Malt Sc,750mL,3,46.99,2024-01-01
26_KNIFE'S EDGE_6855,26,KNIFE'S EDGE,6855,Midnight Moon Apple Pie,750mL,4,19.99,2024-01-01
12_LEESIDE_21408,12,LEESIDE,21408,Ramon Cardova Garnacha,750mL,10,17.99,2024-01-01
31_HORNSEY_1639,31,HORNSEY,1639,The Famous Grouse,750mL,6,19.99,2024-01-01
22_SHARNWICK_3961,22,SHARNWICK,3961,Grey Goose La Poire Vodka,750mL,4,23.99,2024-01-01
15_WANBORNE_21693,15,WANBORNE,21693,Chalk Hill Pnt Nr RRV,750mL,12,34.99,2024-01-01
5_SUTTON_2466,5,SUTTON,2466,Crown Royal Maple Whisky,1.75L,3,46.99,2024-01-01
37_PAETHSMOUTH_11456,37,PAETHSMOUTH,11456,Burgess Cab Svgn Napa,750mL,7,35.99,2024-01-01
21_BALERNO_2779,21,BALERNO,2779,Wicked 87 Whiskey,750mL,12,19.99,2024-01-01
20_BREDWARDINE_1005,20,BREDWARDINE,1005,Maker's Mark Combo Pack,375mL 2 Pk,3,34.99,2024-01-01
36_LEWES_31489,36,LEWES,31489,Barefoot Chard Cal,1.5L,23,10.99,2024-01-01
34_PITMERDEN_32832,34,PITMERDEN,32832,Cesari Valpolicella Clsc Am,750mL,47,29.99,2024-01-01
10_HORNSEY_33055,10,HORNSEY,33055,Cape Indaba Svgn Bl S Africa,750mL,6,8.99,2024-01-01
15_WANBORNE_36200,15,WANBORNE,36200,Four Vines Truant Znfdl,750mL,16,11.99,2024-01-01
19_WINTERVALE_680,19,WINTERVALE,680,Midnight Moon Strawberry,750mL,9,19.99,2024-01-01
25_CAERSHIRE_36380,25,CAERSHIRE,36380,Sebastiani Znfdl Sonoma Cnty,750mL,70,9.99,2024-01-01
36_LEWES_7994,36,LEWES,7994,Stock Italian Sweet Vermouth,1.5L,4,9.99,2024-01-01
11_CARDEND_5060,11,CARDEND,5060,Dr McGillicuddy's Butterscth,750mL,7,12.99,2024-01-01
32_MOUNTMEND_15900,32,MOUNTMEND,15900,Ch St Jean Svgn Bl Sonoma,750mL,12,10.99,2024-01-01
7_STANMORE_46021,7,STANMORE,46021,Spellbound Cab Svgn Cal,750mL,14,11.99,2024-01-01
1_HARDERSFIELD_33965,1,HARDERSFIELD,33965,Castellare Chianti Clsc,750mL,12,21.99,2024-01-01
7_STANMORE_16327,7,STANMORE,16327,Black Box Merlot,500mL,20,3.99,2024-01-01
21_BALERNO_23229,21,BALERNO,23229,Ch St Jean Belle Terre Chard,750mL,40,14.99,2024-01-01
27_MOUNTMEND_538,27,MOUNTMEND,538,Amaretto DiSaronno,375mL,5,10.99,2024-01-01
1_HARDERSFIELD_20446,1,HARDERSFIELD,20446,Barefoot Bubbly Brut Cuvee,187mL 4 Pk,5,9.99,2024-01-01
9_BLACKPOOL_20507,9,BLACKPOOL,20507,Ch la Pointe Pomerol,750mL,7,31.99,2024-01-01
31_HORNSEY_3209,31,HORNSEY,3209,Hammer & Sickle Vodka,750mL,4,19.99,2024-01-01
25_CAERSHIRE_8898,25,CAERSHIRE,8898,Yukon Jack,1.75L,9,25.99,2024-01-01
24_PALPERROTH_33038,24,PALPERROTH,33038,Beringer Fndrs Est Chard,1.5L,15,18.99,2024-01-01
23_ARBINGTON_38822,23,ARBINGTON,38822,Castano Yecla Monastrell Red,750mL,58,11.99,2024-01-01
8_ALNERWICK_3183,8,ALNERWICK,3183,Jose Cuervo Tradicional Slvr,750mL,5,19.99,2024-01-01
35_HALIVAARA_28312,35,HALIVAARA,28312,Gallo Copperidge Merlot Cal,1.5L,6,6.99,2024-01-01
25_CAERSHIRE_3016,25,CAERSHIRE,3016,Bombay Sapphire East Gin,750mL,22,19.99,2024-01-01
32_MOUNTMEND_8838,32,MOUNTMEND,8838,Ch Ste Michelle Cab Svgn Col,750mL,31,12.99,2024-01-01
26_KNIFE'S EDGE_14672,26,KNIFE'S EDGE,14672,Duckhorn Decoy Cab Svgn,750mL,5,16.95,2024-01-01
14_BROMWICH_2956,14,BROMWICH,2956,Vat 69 Gold,1.75L,15,14.99,2024-01-01
20_BREDWARDINE_2713,20,BREDWARDINE,2713,Inver House Green Plaid 3-Y,1.75L,15,13.99,2024-01-01
7_STANMORE_14363,7,STANMORE,14363,Educated Guess Cab Svgn Napa,750mL,10,19.99,2024-01-01
4_EANVERNESS_23820,4,EANVERNESS,23820,Le Mistral Red,750mL,92,24.99,2024-01-01
2_ASHBORNE_4686,2,ASHBORNE,4686,Courvoisier VS Cognac,1.75L,8,58.99,2024-01-01
38_GOULCREST_21019,38,GOULCREST,21019,Black Box Pnt Nr,3L,10,18.99,2024-01-01
22_SHARNWICK_3591,22,SHARNWICK,3591,Absolut Vanilia,750mL,15,17.99,2024-01-01
20_BREDWARDINE_3858,20,BREDWARDINE,3858,Grey Goose Vodka,750mL,218,23.99,2024-01-01
29_AYLESBURY_6565,29,AYLESBURY,6565,Clos du Bois Cab Svgn N Cst,750mL,25,8.99,2024-01-01
12_LEESIDE_17175,12,LEESIDE,17175,Beringer Classic Cab Svgn,1.5L,9,7.99,2024-01-01
10_HORNSEY_3882,10,HORNSEY,3882,Smirnoff Strawberry Vodka,750mL,17,12.99,2024-01-01
22_SHARNWICK_5060,22,SHARNWICK,5060,Dr McGillicuddy's Butterscth,750mL,16,12.99,2024-01-01
23_ARBINGTON_43308,23,ARBINGTON,43308,Penfolds Koonunga Hil Shiraz,750mL,13,11.99,2024-01-01
24_PALPERROTH_881,24,PALPERROTH,881,DeKuyper Hazelnut,Liter,5,8.99,2024-01-01
4_EANVERNESS_4199,4,EANVERNESS,4199,Sauza Blanco Tequila,1.75L,19,21.99,2024-01-01
8_ALNERWICK_39256,8,ALNERWICK,39256,Schmitt Sohne Relax Mosel,750mL,18,10.99,2024-01-01
22_SHARNWICK_3882,22,SHARNWICK,3882,Smirnoff Strawberry Vodka,750mL,16,12.99,2024-01-01
39_EASTHALLOW_44337,39,EASTHALLOW,44337,Irony Cab Svgn,750mL,0,12.99,2024-01-01
25_CAERSHIRE_3694,25,CAERSHIRE,3694,Stolichnaya Razberi,750mL,15,16.99,2024-01-01
22_SHARNWICK_5669,22,SHARNWICK,5669,Fabrizia Blood Orange,750mL,11,16.99,2024-01-01
37_PAETHSMOUTH_6478,37,PAETHSMOUTH,6478,C Y Toro Frontera Merlot,1.5L,6,10.99,2024-01-01
34_PITMERDEN_5065,34,PITMERDEN,5065,Berentzen Apple Liqueur,750mL,14,17.99,2024-01-01
30_CULCHETH_63,30,CULCHETH,63,Herradura Reposado Tequila,750mL,6,38.99,2024-01-01
22_SHARNWICK_19668,22,SHARNWICK,19668,Gnarly Head Malbec,750mL,8,9.99,2024-01-01
10_HORNSEY_44494,10,HORNSEY,44494,Smoking Loon Pnt Grigio Cal,750mL,22,7.99,2024-01-01
32_MOUNTMEND_8921,32,MOUNTMEND,8921,Sterling Cab Svgn,750mL,34,16.95,2024-01-01
36_LEWES_2756,36,LEWES,2756,Jameson Caskmates,750mL,9,29.99,2024-01-01
34_PITMERDEN_23964,34,PITMERDEN,23964,La Font de Notre Dame Rastea,750mL,5,22.99,2024-01-01
34_PITMERDEN_8617,34,PITMERDEN,8617,Bacardi Black,750mL,26,9.99,2024-01-01
13_TARMSWORTH_443,13,TARMSWORTH,443,St Germain Liqueur,750mL,2,33.99,2024-01-01
41_LARNWICK_2656,41,LARNWICK,2656,Cutty Sark,1.75L,14,24.99,2024-01-01
41_LARNWICK_1380,41,LARNWICK,1380,Bulleit 95 Rye,1.75L,9,46.99,2024-01-01
25_CAERSHIRE_10421,25,CAERSHIRE,10421,Barefoot Moscato Cal,1.5L,8,10.99,2024-01-01
23_ARBINGTON_23382,23,ARBINGTON,23382,Haywood Chamizal Znfdl 09,750mL,37,15.99,2024-01-01
39_EASTHALLOW_2155,39,EASTHALLOW,2155,McClelland Islay Single Malt,1.75L,8,37.99,2024-01-01
32_MOUNTMEND_1022,32,MOUNTMEND,1022,St Brendans Salted Caramel,750mL,0,13.99,2024-01-01
25_CAERSHIRE_19940,25,CAERSHIRE,19940,Bogle Petite Sirah,750mL,11,9.99,2024-01-01
6_GOULCREST_8173,6,GOULCREST,8173,Amarula Cream Liqueur,750mL,8,20.99,2024-01-01
37_PAETHSMOUTH_8609,37,PAETHSMOUTH,8609,Duboeuf Beaujolais Villages,750mL,0,9.99,2024-01-01
14_BROMWICH_1281,14,BROMWICH,1281,Benchmark Old #8 Bourbon,1.75L,0,14.99,2024-01-01
1_HARDERSFIELD_24369,1,HARDERSFIELD,24369,Forefront Pine Ridge Znfdl,750mL,41,11.99,2024-01-01
23_ARBINGTON_3755,23,ARBINGTON,3755,Russian Standard Original,750mL,7,15.99,2024-01-01
34_PITMERDEN_41990,34,PITMERDEN,41990,Heitz Cab Svgn Napa,750mL,13,54.99,2024-01-01
32_MOUNTMEND_2663,32,MOUNTMEND,2663,Dewars White Label,1.75L,140,29.99,2024-01-01
6_GOULCREST_5170,6,GOULCREST,5170,Dr McGillicuddy's Apple Pie,750mL,37,12.99,2024-01-01
31_HORNSEY_36770,31,HORNSEY,36770,Yellow Tail Cab Svgn Ausl,1.5L,35,8.95,2024-01-01
32_MOUNTMEND_3276,32,MOUNTMEND,3276,Gordons London Dry,1.75L,35,14.99,2024-01-01
3_HORNSEY_2960,3,HORNSEY,2960,The Macallan Fine Oak 15 Yr,750mL,20,94.99,2024-01-01
9_BLACKPOOL_4652,9,BLACKPOOL,4652,Hennessy XO Cognac,750mL,3,199.99,2024-01-01
40_BULLMAR_23355,40,BULLMAR,23355,Paul Dolan 12 Cab Svgn,750mL,12,14.99,2024-01-01
1_HARDERSFIELD_31489,1,HARDERSFIELD,31489,Barefoot Chard Cal,1.5L,17,10.99,2024-01-01
27_MOUNTMEND_4494,27,MOUNTMEND,4494,Jenkins French Brandy,1.75L,20,12.99,2024-01-01
15_WANBORNE_16782,15,WANBORNE,16782,Penner-Ash Willamette Pnt Nr,750mL,8,36.99,2024-01-01
2_ASHBORNE_22014,2,ASHBORNE,22014,Foss Marai Prosecco,750mL,4,14.99,2024-01-01
10_HORNSEY_8440,10,HORNSEY,8440,Baileys Espresso Creme,750mL,35,18.99,2024-01-01
6_GOULCREST_1895,6,GOULCREST,1895,Senators Club,Liter,73,6.99,2024-01-01
8_ALNERWICK_36473,8,ALNERWICK,36473,The Crossings Svgn Bl Marlbo,750mL,13,14.99,2024-01-01
2_ASHBORNE_1639,2,ASHBORNE,1639,The Famous Grouse,750mL,8,19.99,2024-01-01
4_EANVERNESS_26530,4,EANVERNESS,26530,Corbett Canyon Merlot,1.5L,9,8.99,2024-01-01
2_ASHBORNE_33683,2,ASHBORNE,33683,R Mondavi Private Slct Chard,1.5L,9,20.99,2024-01-01
14_BROMWICH_11152,14,BROMWICH,11152,Stemmari Pnt Noir,750mL,6,7.99,2024-01-01
27_MOUNTMEND_13665,27,MOUNTMEND,13665,Josh Cellars Chard,750mL,10,12.99,2024-01-01
41_LARNWICK_2667,41,LARNWICK,2667,Damrak Amsterdam Gin,750mL,3,17.99,2024-01-01
9_BLACKPOOL_443,9,BLACKPOOL,443,St Germain Liqueur,750mL,41,33.99,2024-01-01
6_GOULCREST_1366,6,GOULCREST,1366,Red Stag by Jim Beam,50mL,131,1.29,2024-01-01
25_CAERSHIRE_33988,25,CAERSHIRE,33988,Cavit Chardonnay Trentino,1.5L,8,9.99,2024-01-01
23_ARBINGTON_4149,23,ARBINGTON,4149,Sailor Jerry Spiced Navy Rum,50mL,0,1.49,2024-01-01
24_PALPERROTH_2788,24,PALPERROTH,2788,Laphroaig 10 Yr Single Malt,750mL,9,39.99,2024-01-01
21_BALERNO_1771,21,BALERNO,1771,Jack Daniels Tennessee Fire,50mL,0,2.99,2024-01-01
23_ARBINGTON_7320,23,ARBINGTON,7320,Malibu Rum Punch RTD,1.75L,17,17.99,2024-01-01
21_BALERNO_32906,21,BALERNO,32906,Sterling Vintners Cab Svgn C,750mL,53,10.99,2024-01-01
25_CAERSHIRE_3194,25,CAERSHIRE,3194,Grey Goose Cherry Noir Vodka,750mL,29,23.99,2024-01-01
15_WANBORNE_23925,15,WANBORNE,23925,Cote Mas Blanc Mediterrane,Liter,6,8.99,2024-01-01
6_GOULCREST_2783,6,GOULCREST,2783,Lauders Scotch,1.75L,7,13.99,2024-01-01
39_EASTHALLOW_22584,39,EASTHALLOW,22584,Cambria Katherines Chard,750mL,8,17.99,2024-01-01
13_TARMSWORTH_2373,13,TARMSWORTH,2373,Jim Beam Maple,750mL,13,13.99,2024-01-01
4_EANVERNESS_13963,4,EANVERNESS,13963,Yellow Tail Pnt Nr,1.5L,18,9.99,2024-01-01
35_HALIVAARA_3498,35,HALIVAARA,3498,Baileys Vanilla Cinnamon,750mL,15,18.99,2024-01-01
23_ARBINGTON_9118,23,ARBINGTON,9118,Caffo Sambuca Secolare,750mL,15,16.99,2024-01-01
37_PAETHSMOUTH_5101,37,PAETHSMOUTH,5101,Dr McGillicuddy's Mentholmnt,750mL,16,12.99,2024-01-01
3_HORNSEY_15979,3,HORNSEY,15979,Moonlight Meadery Wild,375mL,11,12.99,2024-01-01
21_BALERNO_4748,21,BALERNO,4748,Patron XO Cafe Incendio,750mL,3,20.99,2024-01-01
1_HARDERSFIELD_3629,1,HARDERSFIELD,3629,Flag Hill White Rum,750mL,24,25.99,2024-01-01
34_PITMERDEN_2818,34,PITMERDEN,2818,Rough Rider Straight Bourbon,750mL,12,32.99,2024-01-01
41_LARNWICK_8962,41,LARNWICK,8962,Pimms Cup No 1,750mL,12,17.99,2024-01-01
15_WANBORNE_18778,15,WANBORNE,18778,Once Upon A Vine Pnt Nr,750mL,13,9.99,2024-01-01
23_ARBINGTON_23123,23,ARBINGTON,23123,Federico Ferrero Chard Langh,750mL,12,12.99,2024-01-01
33_HORNSEY_19865,33,HORNSEY,19865,Clarendelle Brdx Rouge,750mL,24,18.99,2024-01-01
38_GOULCREST_8237,38,GOULCREST,8237,Grand Mayan Ultra Aged Teq,750mL,9,99.99,2024-01-01
18_FURNESS_4701,18,FURNESS,4701,Fabrizia Limoncello,750mL,6,16.99,2024-01-01
16_LUNDY_3326,16,LUNDY,3326,Jenkins Gin,1.75L,21,9.49,2024-01-01
15_WANBORNE_17707,15,WANBORNE,17707,Smoking Loon Steelbird Chard,750mL,52,9.99,2024-01-01
12_LEESIDE_37792,12,LEESIDE,37792,Blackstone Pnt Nr Monterey,750mL,37,7.99,2024-01-01
11_CARDEND_1868,11,CARDEND,1868,Lagavulin Single Malt 16-Yr,750mL,18,69.99,2024-01-01
25_CAERSHIRE_3889,25,CAERSHIRE,3889,Wolfschmidt Vodka Plastic,750mL,24,4.99,2024-01-01
27_MOUNTMEND_7818,27,MOUNTMEND,7818,Andre Cold Duck,750mL,16,5.49,2024-01-01
11_CARDEND_19453,11,CARDEND,19453,Wente Southern Hill Cab Svgn,750mL,16,13.99,2024-01-01
4_EANVERNESS_31201,4,EANVERNESS,31201,Beringer Fndrs Est Cab Svgn,750mL,38,8.99,2024-01-01
2_ASHBORNE_4670,2,ASHBORNE,4670,Bacardi Dragon Berry Rum,375mL,12,3.99,2024-01-01
39_EASTHALLOW_4522,39,EASTHALLOW,4522,Lairds Apple Jack,750mL,13,15.99,2024-01-01
1_HARDERSFIELD_38502,1,HARDERSFIELD,38502,Ruffino Lumina Pnt Grigio,750mL,19,6.99,2024-01-01
41_LARNWICK_3363,41,LARNWICK,3363,Lunazul Reposado Tequila,750mL,6,13.99,2024-01-01
36_LEWES_10058,36,LEWES,10058,F Coppola Dmd Ivry Cab Svgn,750mL,22,14.99,2024-01-01
21_BALERNO_8322,21,BALERNO,8322,Chi Chi's Ruby Red Margarita,1.75L,3,8.99,2024-01-01
14_BROMWICH_5643,14,BROMWICH,5643,Flag Hill Blueberry Liqueur,375mL,9,14.99,2024-01-01
23_ARBINGTON_6126,23,ARBINGTON,6126,Sogno di Sorrento Crema Lem,750mL,13,25.99,2024-01-01
31_HORNSEY_41714,31,HORNSEY,41714,Fish Eye Pnt Grigio,750mL,21,5.99,2024-01-01
39_EASTHALLOW_12368,39,EASTHALLOW,12368,Vina Zaco Tempranillo Rioja,750mL,9,11.99,2024-01-01
36_LEWES_4224,36,LEWES,4224,Goslings Black Seal Rum 80,750mL,8,14.99,2024-01-01
16_LUNDY_5629,16,LUNDY,5629,RumChata Liqueur,3/100mL,43,8.99,2024-01-01
40_BULLMAR_3423,40,BULLMAR,3423,Beefeater,1.75L,60,26.99,2024-01-01
25_CAERSHIRE_13968,25,CAERSHIRE,13968,Spellbound Chard,750mL,12,13.99,2024-01-01
23_ARBINGTON_12772,23,ARBINGTON,12772,Joel Gott Chard,750mL,7,13.99,2024-01-01
28_LARNWICK_4075,28,LARNWICK,4075,Bacardi Pineapple Fusion,1.75L,6,19.99,2024-01-01
31_HORNSEY_18332,31,HORNSEY,18332,Ch Daqueria Tavel Rose,750mL,4,13.99,2024-01-01
30_CULCHETH_42118,30,CULCHETH,42118,Jewell Towne Seyval NH,750mL,7,10.49,2024-01-01
6_GOULCREST_4806,6,GOULCREST,4806,Leroux Blackberry Brandy,1.75L,5,14.99,2024-01-01
4_EANVERNESS_8092,4,EANVERNESS,8092,Johnnie Walker Red Label,50mL,109,2.29,2024-01-01
32_MOUNTMEND_14805,32,MOUNTMEND,14805,Ninety+Cellars Lot 23 Malbec,750mL,9,10.99,2024-01-01
2_ASHBORNE_5401,2,ASHBORNE,5401,Jagermeister Liqueur,200mL,9,5.99,2024-01-01
30_CULCHETH_4018,30,CULCHETH,4018,Papa's Pilar Dark Rum,750mL,4,35.99,2024-01-01
39_EASTHALLOW_41251,39,EASTHALLOW,41251,Beringer Classic Pnt Grigio,750mL,39,5.99,2024-01-01
37_PAETHSMOUTH_35605,37,PAETHSMOUTH,35605,Castle Rock Paso Ro Cab Svgn,750mL,9,9.99,2024-01-01
33_HORNSEY_8823,33,HORNSEY,8823,Leroux Apricot Brandy,750mL,20,7.99,2024-01-01
15_WANBORNE_18027,15,WANBORNE,18027,Banfi Rosa Regale,750mL,16,13.99,2024-01-01
22_SHARNWICK_5146,22,SHARNWICK,5146,Pama Pomegranate Liqueur,750mL,5,17.99,2024-01-01
26_KNIFE'S EDGE_3237,26,KNIFE'S EDGE,3237,Firefly Sweet Tea Vodka,1.75L,5,23.99,2024-01-01
41_LARNWICK_8092,41,LARNWICK,8092,Johnnie Walker Red Label,50mL,60,2.29,2024-01-01
15_WANBORNE_32969,15,WANBORNE,32969,Alice White Shiraz Ausl,1.5L,6,13.99,2024-01-01
8_ALNERWICK_8323,8,ALNERWICK,8323,Jose Cuervo Gold w/Marg Mix,750mL,12,14.99,2024-01-01
4_EANVERNESS_2623,4,EANVERNESS,2623,Ballantines,1.75L,10,28.99,2024-01-01
27_MOUNTMEND_463,27,MOUNTMEND,463,Kirk & Sweeney 12Yr Old Rum,750mL,6,33.99,2024-01-01
33_HORNSEY_18585,33,HORNSEY,18585,James L'Escargot Svgn Blanc,750mL,13,14.99,2024-01-01
32_MOUNTMEND_2554,32,MOUNTMEND,2554,WhistlePig Old World 12 Yr,750mL,3,109.99,2024-01-01
13_TARMSWORTH_3636,13,TARMSWORTH,3636,Dr McGillicuddy's Mentholmnt,375mL,22,7.49,2024-01-01
15_WANBORNE_999,15,WANBORNE,999,Jameson 18 Year Old,750mL,1,119.99,2024-01-01
25_CAERSHIRE_25649,25,CAERSHIRE,25649,De Loach Chard Cal,750mL,12,9.99,2024-01-01
22_SHARNWICK_5358,22,SHARNWICK,5358,Irish Mist Honey Liqueur,750mL,7,25.99,2024-01-01
26_KNIFE'S EDGE_10058,26,KNIFE'S EDGE,10058,F Coppola Dmd Ivry Cab Svgn,750mL,21,14.99,2024-01-01
6_GOULCREST_5218,6,GOULCREST,5218,Chila Orchata Cinnamon Cream,750mL,14,13.99,2024-01-01
29_AYLESBURY_11214,29,AYLESBURY,11214,Caymus Cab Svgn Napa Vly,750mL,4,74.99,2024-01-01
32_MOUNTMEND_13695,32,MOUNTMEND,13695,Red Rock Winery Malbec,750mL,5,8.99,2024-01-01
14_BROMWICH_3172,14,BROMWICH,3172,Skyy Infusions Blood Orange,750mL,13,12.99,2024-01-01
27_MOUNTMEND_9388,27,MOUNTMEND,9388,Hennessy Privilege VSOP,375mL,10,23.99,2024-01-01
2_ASHBORNE_8623,2,ASHBORNE,8623,Casamigos Anejo Tequila,50mL,47,2.99,2024-01-01
30_CULCHETH_13731,30,CULCHETH,13731,Monkey Bay Svgn Bl,1.5L,6,19.99,2024-01-01
13_TARMSWORTH_5489,13,TARMSWORTH,5489,DeKuyper Hot Damn Cinnamon,750mL,14,10.99,2024-01-01
36_LEWES_27351,36,LEWES,27351,Almaden Chard Cal B/B,5L,5,15.99,2024-01-01
34_PITMERDEN_19189,34,PITMERDEN,19189,Castello di Meleto Chianti,750mL,37,17.99,2024-01-01
27_MOUNTMEND_4358,27,MOUNTMEND,4358,Mr Boston Light Rum,750mL,16,5.49,2024-01-01
34_PITMERDEN_21729,34,PITMERDEN,21729,Santi Pinot Grigio Delle Ve,750mL,16,11.99,2024-01-01
12_LEESIDE_7878,12,LEESIDE,7878,Allens Coffee Brandy,1.75L,9,15.99,2024-01-01
34_PITMERDEN_12586,34,PITMERDEN,12586,C Y Toro Frontera Malbec,1.5L,23,10.99,2024-01-01
38_GOULCREST_3107,38,GOULCREST,3107,Don Julio 70th Anniversary,750mL,6,65.99,2024-01-01
14_BROMWICH_37312,14,BROMWICH,37312,Salmon Run NY Pnt Nr,750mL,7,14.99,2024-01-01
29_AYLESBURY_6976,29,AYLESBURY,6976,Ruffino Chianti Clsc RSV Tan,750mL,10,18.99,2024-01-01
31_HORNSEY_4882,31,HORNSEY,4882,Arrow Coffee Brandy,750mL,17,6.49,2024-01-01
38_GOULCREST_3579,38,GOULCREST,3579,Ciroc Pineapple Vodka,375mL,21,15.49,2024-01-01
32_MOUNTMEND_4029,32,MOUNTMEND,4029,Tall Ship Cedar Island Spice,750mL,7,27.99,2024-01-01
29_AYLESBURY_3489,29,AYLESBURY,3489,Tanqueray,1.75L,28,27.99,2024-01-01
15_WANBORNE_37731,15,WANBORNE,37731,Corbett Canyon Chard,3L,9,10.99,2024-01-01
17_OLDHAM_43223,17,OLDHAM,43223,Ch Beauchene Cotes du Rhone,750mL,16,8.95,2024-01-01
9_BLACKPOOL_6236,9,BLACKPOOL,6236,Duboeuf Beaujolais,750mL,14,10.99,2024-01-01
15_WANBORNE_8534,15,WANBORNE,8534,M & R Asti,375mL,0,5.99,2024-01-01
40_BULLMAR_3458,40,BULLMAR,3458,Ciroc Amaretto Vodka,750mL,3,19.99,2024-01-01
8_ALNERWICK_7872,8,ALNERWICK,7872,Piper Heidsieck Brut,750mL,21,44.99,2024-01-01
33_HORNSEY_6648,33,HORNSEY,6648,Marcus James Merlot,1.5L,6,7.99,2024-01-01
2_ASHBORNE_19645,2,ASHBORNE,19645,Line 39 Pnt Nr,750mL,17,9.99,2024-01-01
29_AYLESBURY_32796,29,AYLESBURY,32796,Warre's Otima 10-Yr Tawny,500mL,6,19.99,2024-01-01
13_TARMSWORTH_4243,13,TARMSWORTH,4243,Bacardi Superior Rum,1.75L,85,19.99,2024-01-01
6_GOULCREST_27460,6,GOULCREST,27460,Ecco Domani Merlot Venezie,750mL,24,9.99,2024-01-01
35_HALIVAARA_4413,35,HALIVAARA,4413,Casamigos Blanco,50mL,33,1.99,2024-01-01
38_GOULCREST_5403,38,GOULCREST,5403,Amaretto di Amore,750mL,21,9.99,2024-01-01
15_WANBORNE_23595,15,WANBORNE,23595,Almaden Burgundy B/B,5L,0,14.99,2024-01-01
21_BALERNO_18142,21,BALERNO,18142,Banfi Brunello di Montalcino,750mL,41,59.99,2024-01-01
4_EANVERNESS_7902,4,EANVERNESS,7902,Piehole Apple Pie,50mL,20,0.99,2024-01-01
11_CARDEND_20409,11,CARDEND,20409,NxNW Red Columbia Valley,750mL,12,14.99,2024-01-01
21_BALERNO_3276,21,BALERNO,3276,Gordons London Dry,1.75L,50,14.99,2024-01-01
15_WANBORNE_6455,15,WANBORNE,6455,Folonari Pinot Grigio Venez,1.5L,33,8.95,2024-01-01
14_BROMWICH_1961,14,BROMWICH,1961,Everclear 151,1.75L,3,32.99,2024-01-01
15_WANBORNE_24022,15,WANBORNE,24022,Fulchino Vyds 603 Red,750mL,10,14.99,2024-01-01
1_HARDERSFIELD_4287,1,HARDERSFIELD,4287,Dictador 20 Yr Rum,750mL,9,59.99,2024-01-01
38_GOULCREST_18304,38,GOULCREST,18304,Satellite Svgn Blanc Marlbor,750mL,63,8.49,2024-01-01
33_HORNSEY_15035,33,HORNSEY,15035,Morellino d Scansano Rsv,750mL,36,10.99,2024-01-01
33_HORNSEY_46098,33,HORNSEY,46098,Ch Ste Michelle Rsl Dry Colu,750mL,12,8.99,2024-01-01
32_MOUNTMEND_1623,32,MOUNTMEND,1623,Bulleit 95 Rye,375mL,11,12.99,2024-01-01
34_PITMERDEN_5713,34,PITMERDEN,5713,DeKuyper Sour Apple Pucker,1.75L,36,16.99,2024-01-01
34_PITMERDEN_41612,34,PITMERDEN,41612,Ridge Geyserville Znfdl,750mL,0,36.99,2024-01-01
41_LARNWICK_2951,41,LARNWICK,2951,Old Bushmills Irish Whiskey,1.75L,5,37.99,2024-01-01
23_ARBINGTON_3745,23,ARBINGTON,3745,Taaka Vodka Traveler,750mL,24,4.99,2024-01-01
26_KNIFE'S EDGE_8166,26,KNIFE'S EDGE,8166,Mount Gay Eclipse,750mL,11,19.99,2024-01-01
18_FURNESS_6398,18,FURNESS,6398,BV Coastal Estate Cab Svgn,750mL,12,10.99,2024-01-01
6_GOULCREST_41530,6,GOULCREST,41530,Septima Malbec Mendoza,750mL,11,9.99,2024-01-01
31_HORNSEY_27567,31,HORNSEY,27567,Zenato Pinot Grigio Veneto,750mL,9,10.99,2024-01-01
40_BULLMAR_39384,40,BULLMAR,39384,F Coppola Diamond Pnt Nr,750mL,7,16.99,2024-01-01
21_BALERNO_366,21,BALERNO,366,Crown Royal w/2 Glasses,750mL,1,21.99,2024-01-01
14_BROMWICH_8273,14,BROMWICH,8273,El Mayor Reposado Tequila,750mL,1,21.99,2024-01-01
36_LEWES_825,36,LEWES,825,Johnnie Walker Black Label,Liter,3,41.99,2024-01-01
29_AYLESBURY_14672,29,AYLESBURY,14672,Duckhorn Decoy Cab Svgn,750mL,5,16.95,2024-01-01
31_HORNSEY_5495,31,HORNSEY,5495,Ch Monet,750mL,10,15.99,2024-01-01
27_MOUNTMEND_8097,27,MOUNTMEND,8097,Patron Citronge Orange,375mL,2,11.99,2024-01-01
38_GOULCREST_16778,38,GOULCREST,16778,Lange Willamette Chard,750mL,3,15.99,2024-01-01
9_BLACKPOOL_4882,9,BLACKPOOL,4882,Arrow Coffee Brandy,750mL,7,6.49,2024-01-01
20_BREDWARDINE_15229,20,BREDWARDINE,15229,The Prisoner Red Napa Valley,750mL,3,39.95,2024-01-01
34_PITMERDEN_42018,34,PITMERDEN,42018,Falesco Vitiano Umbria Bian,750mL,12,11.99,2024-01-01
12_LEESIDE_463,12,LEESIDE,463,Kirk & Sweeney 12Yr Old Rum,750mL,4,33.99,2024-01-01
11_CARDEND_6420,11,CARDEND,6420,R M Woodbridge Chard Cal,750mL,19,7.99,2024-01-01
2_ASHBORNE_1366,2,ASHBORNE,1366,Red Stag by Jim Beam,50mL,30,1.29,2024-01-01
6_GOULCREST_3349,6,GOULCREST,3349,Russian Standard Vodka,50mL,75,0.99,2024-01-01
9_BLACKPOOL_821,9,BLACKPOOL,821,Grand Marnier,Liter,6,38.99,2024-01-01
5_SUTTON_3794,5,SUTTON,3794,Cabo Wabo Reposado Tequila,750mL,3,36.99,2024-01-01
16_LUNDY_16328,16,LUNDY,16328,Black Box Chard,500mL,26,3.99,2024-01-01
10_HORNSEY_8534,10,HORNSEY,8534,M & R Asti,375mL,0,5.99,2024-01-01
6_GOULCREST_45859,6,GOULCREST,45859,Col D'Orcia Rosso di Mntlcno,750mL,5,22.99,2024-01-01
34_PITMERDEN_16649,34,PITMERDEN,16649,Cesari Valpo Classico,750mL,11,14.99,2024-01-01
10_HORNSEY_3915,10,HORNSEY,3915,Sauza Silver Tequila,750mL,8,12.99,2024-01-01
8_ALNERWICK_2967,8,ALNERWICK,2967,3lenfiddich Solera 15 Yr RSV,750mL,11,54.99,2024-01-01
14_BROMWICH_4583,14,BROMWICH,4583,Perc Coffee Liqueur,750mL,2,22.99,2024-01-01
23_ARBINGTON_24325,23,ARBINGTON,24325,La Crema Chard Sonoma Cst,750mL,48,15.99,2024-01-01
7_STANMORE_2958,7,STANMORE,2958,Dalwhinnie 15-Yr Single Mal,750mL,17,57.99,2024-01-01
11_CARDEND_6881,11,CARDEND,6881,Midnight Moon Cranberry,750mL,7,19.99,2024-01-01
19_WINTERVALE_8970,19,WINTERVALE,8970,Ice Box Manhattan,1.75L,9,9.99,2024-01-01
19_WINTERVALE_676,19,WINTERVALE,676,Pinnacle Whipped Vodka,750mL,13,10.99,2024-01-01
10_HORNSEY_4245,10,HORNSEY,4245,Bacardi Superior Rum,750mL,78,9.99,2024-01-01
7_STANMORE_23253,7,STANMORE,23253,Summers Cab Svgn Rsv,750mL,35,19.99,2024-01-01
13_TARMSWORTH_42874,13,TARMSWORTH,42874,Decoy by Duckhorn Red Sonoma,750mL,18,16.95,2024-01-01
14_BROMWICH_7629,14,BROMWICH,7629,Barenjager Honey & Bourbon,750mL,6,21.99,2024-01-01
37_PAETHSMOUTH_29212,37,PAETHSMOUTH,29212,R Mondavi Merlot Pvt Sel,750mL,29,7.99,2024-01-01
6_GOULCREST_4315,6,GOULCREST,4315,Rumson's Spiced Rum,750mL,5,29.99,2024-01-01
23_ARBINGTON_8943,23,ARBINGTON,8943,Malibu Rum Sparkler RTD,750mL,7,14.99,2024-01-01
30_CULCHETH_2153,30,CULCHETH,2153,Black Velvet Cinnamon Rush,750mL,16,9.99,2024-01-01
27_MOUNTMEND_2975,27,MOUNTMEND,2975,Bird Dog Blackberry Whiskey,750mL,7,14.99,2024-01-01
35_HALIVAARA_2241,35,HALIVAARA,2241,Death's Door Gin,750mL,4,25.99,2024-01-01
39_EASTHALLOW_3745,39,EASTHALLOW,3745,Taaka Vodka Traveler,750mL,21,4.99,2024-01-01
29_AYLESBURY_3500,29,AYLESBURY,3500,Tito's Handmade Vodka,50mL,46,1.49,2024-01-01
36_LEWES_27042,36,LEWES,27042,Luna di Luna Chard/Pnt Grigo,750mL,3,9.99,2024-01-01
37_PAETHSMOUTH_2476,37,PAETHSMOUTH,2476,Crown Royal Maple Whisky,750mL,5,21.99,2024-01-01
33_HORNSEY_42422,33,HORNSEY,42422,Firesteed Pnt Nr Ore,750mL,1,12.99,2024-01-01
3_HORNSEY_3859,3,HORNSEY,3859,Smirnoff 80 Proof,375mL,41,8.99,2024-01-01
31_HORNSEY_1220,31,HORNSEY,1220,Woodford Reserve Bourbon,750mL,11,29.99,2024-01-01
6_GOULCREST_4783,6,GOULCREST,4783,Mr Boston Apricot Brandy,1.75L,5,13.99,2024-01-01
38_GOULCREST_21445,38,GOULCREST,21445,Alto Ego De Palmer Margaux,750mL,3,85.99,2024-01-01
34_PITMERDEN_21981,34,PITMERDEN,21981,Massolino Barolo Serralunga,750mL,19,39.99,2024-01-01
27_MOUNTMEND_25934,27,MOUNTMEND,25934,Gabbiano Chianti,750mL,10,7.99,2024-01-01
1_HARDERSFIELD_18332,1,HARDERSFIELD,18332,Ch Daqueria Tavel Rose,750mL,13,13.99,2024-01-01
27_MOUNTMEND_5356,27,MOUNTMEND,5356,Kahlua,375mL,26,9.99,2024-01-01
23_ARBINGTON_5315,23,ARBINGTON,5315,B & B Liqueur Dom,750mL,39,24.99,2024-01-01
38_GOULCREST_3436,38,GOULCREST,3436,Bombay Dry Gin,1.75L,19,24.99,2024-01-01
2_ASHBORNE_21019,2,ASHBORNE,21019,Black Box Pnt Nr,3L,9,18.99,2024-01-01
40_BULLMAR_8696,40,BULLMAR,8696,Gekkeikan Plum Wine,750mL,14,10.99,2024-01-01
18_FURNESS_3316,18,FURNESS,3316,Ciroc Peach Vodka,375mL,8,15.49,2024-01-01
32_MOUNTMEND_4179,32,MOUNTMEND,4179,Bacardi Dragon Berry Rum,1.75L,6,19.99,2024-01-01
32_MOUNTMEND_1244,32,MOUNTMEND,1244,Jack Daniels Winter Jack,750mL,19,15.99,2024-01-01
7_STANMORE_42948,7,STANMORE,42948,Root 1 Cab Svgn,750mL,13,10.99,2024-01-01
18_FURNESS_17814,18,FURNESS,17814,Ruffino Chianti Clsc Rsv Gld,750mL,6,34.99,2024-01-01
35_HALIVAARA_4488,35,HALIVAARA,4488,Zhenka Tropical Dark Rum,1.75L,13,11.49,2024-01-01
9_BLACKPOOL_5669,9,BLACKPOOL,5669,Fabrizia Blood Orange,750mL,10,16.99,2024-01-01
15_WANBORNE_272,15,WANBORNE,272,Juarez Silver Tequila,Liter,24,9.99,2024-01-01
10_HORNSEY_4303,10,HORNSEY,4303,Calico Jack Spiced Rum,750mL,18,7.99,2024-01-01
37_PAETHSMOUTH_4563,37,PAETHSMOUTH,4563,Christian Bros Brandy,1.75L,11,18.99,2024-01-01
20_BREDWARDINE_22899,20,BREDWARDINE,22899,Simi Svgn Bl,750mL,6,14.99,2024-01-01
7_STANMORE_3172,7,STANMORE,3172,Skyy Infusions Blood Orange,750mL,11,12.99,2024-01-01
40_BULLMAR_39146,40,BULLMAR,39146,Matua Svgn Bl Marlboro,750mL,12,10.99,2024-01-01
34_PITMERDEN_22757,34,PITMERDEN,22757,Black Opal Cshmre Cab/Merlot,750mL,5,7.99,2024-01-01
15_WANBORNE_5312,15,WANBORNE,5312,Amaretto DiSaronno,750mL,39,19.99,2024-01-01
31_HORNSEY_19302,31,HORNSEY,19302,Tomaiolo Chianti Clsco Rsva,750mL,12,11.99,2024-01-01
15_WANBORNE_12473,15,WANBORNE,12473,Ch Beauchene CDR White RSV,750mL,3,11.99,2024-01-01
2_ASHBORNE_1373,2,ASHBORNE,1373,Jim Beam Honey,750mL,33,13.99,2024-01-01
9_BLACKPOOL_13968,9,BLACKPOOL,13968,Spellbound Chard,750mL,12,13.99,2024-01-01
36_LEWES_11427,36,LEWES,11427,Emerald Bay Merlot Cntrl Cst,750mL,9,5.49,2024-01-01
34_PITMERDEN_3045,34,PITMERDEN,3045,Pinnacle Salted Caramel,750mL,34,10.99,2024-01-01
33_HORNSEY_21076,33,HORNSEY,21076,Natura Pnt Nr,750mL,11,11.99,2024-01-01
14_BROMWICH_2795,14,BROMWICH,2795,George Dickel Rye,750mL,13,23.99,2024-01-01
35_HALIVAARA_4179,35,HALIVAARA,4179,Bacardi Dragon Berry Rum,1.75L,6,19.99,2024-01-01
38_GOULCREST_22757,38,GOULCREST,22757,Black Opal Cshmre Cab/Merlot,750mL,16,7.99,2024-01-01
3_HORNSEY_3982,3,HORNSEY,3982,Hornitos Reposado Tequila,750mL,23,19.99,2024-01-01
30_CULCHETH_6918,30,CULCHETH,6918,Franzia Tap Cab Svgn,5L,7,17.99,2024-01-01
9_BLACKPOOL_2132,9,BLACKPOOL,2132,Lord Calvert Canadian,1.75L,27,12.99,2024-01-01
19_WINTERVALE_28138,19,WINTERVALE,28138,Columbia Crest Grand Chard,750mL,13,9.99,2024-01-01
29_AYLESBURY_3444,29,AYLESBURY,3444,Hornitos Plata Tequila,1.75L,4,39.99,2024-01-01
15_WANBORNE_3326,15,WANBORNE,3326,Jenkins Gin,1.75L,17,9.49,2024-01-01
17_OLDHAM_3896,17,OLDHAM,3896,Zhenka Vodka,375mL,27,3.29,2024-01-01
24_PALPERROTH_8482,24,PALPERROTH,8482,Cabot Trail Cana Cream Maple,750mL,4,17.99,2024-01-01
21_BALERNO_482,21,BALERNO,482,Absolut 80 Proof,Liter,35,19.99,2024-01-01
4_EANVERNESS_18909,4,EANVERNESS,18909,Cryptic California Red,750mL,8,13.99,2024-01-01
15_WANBORNE_3970,15,WANBORNE,3970,El Toro Gold,750mL,18,9.29,2024-01-01
2_ASHBORNE_5212,2,ASHBORNE,5212,Margaritaville Silver,1.75L,5,19.99,2024-01-01
19_WINTERVALE_1228,19,WINTERVALE,1228,Glenfiddich Ancient RSV 18,750mL,2,94.99,2024-01-01
18_FURNESS_824,18,FURNESS,824,Dewars White Label Scotch,Liter,8,26.99,2024-01-01
4_EANVERNESS_3154,4,EANVERNESS,3154,New Amsterdam Peach Vodka,750mL,10,9.99,2024-01-01
11_CARDEND_10453,11,CARDEND,10453,Line 39 Svgn Bl Lake County,750mL,15,9.99,2024-01-01
6_GOULCREST_4779,6,GOULCREST,4779,Molletto Grappa di Barbera,750mL,2,26.99,2024-01-01
20_BREDWARDINE_2062,20,BREDWARDINE,2062,Woodford Reserve Bourbon,1.75L,4,59.99,2024-01-01
9_BLACKPOOL_6946,9,BLACKPOOL,6946,Rosemount Diamond Cab Svgn,750mL,12,8.99,2024-01-01
24_PALPERROTH_5054,24,PALPERROTH,5054,Jagermeister Spice,50mL,95,1.99,2024-01-01
10_HORNSEY_7986,10,HORNSEY,7986,Sapling Vermont Maple Liquer,750mL,7,29.99,2024-01-01
18_FURNESS_3859,18,FURNESS,3859,Smirnoff 80 Proof,375mL,24,8.99,2024-01-01
69_MOUNTMEND_20693,69,MOUNTMEND,20693,Daou Cab Svgn,750mL,96,19.99,2024-01-01
71_CLARCTON_2246,71,CLARCTON,2246,Speyburn Brandan Orach,750mL,7,18.99,2024-01-01
50_MOUNTMEND_6015,50,MOUNTMEND,6015,Jackson Morgan Salted Carmel,750mL,9,22.99,2024-01-01
69_MOUNTMEND_26399,69,MOUNTMEND,26399,Trapiche Malbec Mendoza Oak,750mL,41,7.99,2024-01-01
75_BARNCOMBE_3533,75,BARNCOMBE,3533,Lidestri Pink Limoncello,750mL,3,18.99,2024-01-01
69_MOUNTMEND_24416,69,MOUNTMEND,24416,Hidlago Morenita Crm Sherry,750mL,5,12.99,2024-01-01
72_HARDERSFIELD_6879,72,HARDERSFIELD,6879,Maurice's Mentholated Mint,50mL,232,0.99,2024-01-01
71_CLARCTON_4565,71,CLARCTON,4565,Christian Bros VS Brandy,750mL,18,9.49,2024-01-01
66_EANVERNESS_11367,66,EANVERNESS,11367,Two Oceans WstrnCape Svgn Bl,750mL,23,8.99,2024-01-01
61_AETHELNEY_39491,61,AETHELNEY,39491,Flag Hill Red Raspberry Fru,750mL,27,13.99,2024-01-01
53_HILLFAR_41212,53,HILLFAR,41212,A to Z Pnt Gris Ore,750mL,8,15.99,2024-01-01
59_CLAETHORPES_5629,59,CLAETHORPES,5629,RumChata Liqueur,3/100mL,61,8.99,2024-01-01
60_IRRAGIN_5760,60,IRRAGIN,5760,Grand Marnier Rasp-Peach,50mL,91,1.99,2024-01-01
49_GARIGILL_10624,49,GARIGILL,10624,Querceto Il Querciolaia Tosc,750mL,10,59.99,2024-01-01
50_MOUNTMEND_11337,50,MOUNTMEND,11337,Freemark Abbey Merlot Napa,750mL,14,27.99,2024-01-01
73_DONCASTER_23974,73,DONCASTER,23974,Catena RSV Chard,750mL,17,16.99,2024-01-01
41_LARNWICK_23712,41,LARNWICK,23712,Bell'Agio Chianti Flask,750mL,23,11.99,2024-01-01
42_BLACK HOLLOW_6157,42,BLACK HOLLOW,6157,Kinky Blue Liqueur,375mL,6,7.99,2024-01-01
66_EANVERNESS_39774,66,EANVERNESS,39774,Merriam Cab Svgn Dry Creek,750mL,13,27.99,2024-01-01
68_SOLARIS_2692,68,SOLARIS,2692,Glenmorangie 10 Yr Scotch,750mL,22,34.99,2024-01-01
67_EANVERNESS_5054,67,EANVERNESS,5054,Jagermeister Spice,50mL,87,1.99,2024-01-01
42_BLACK HOLLOW_17297,42,BLACK HOLLOW,17297,Clos du Bois Rouge,750mL,2,8.99,2024-01-01
71_CLARCTON_2713,71,CLARCTON,2713,Inver House Green Plaid 3-Y,1.75L,12,13.99,2024-01-01
50_MOUNTMEND_4200,50,MOUNTMEND,4200,Bacardi Grand Melon,750mL,32,9.99,2024-01-01
59_CLAETHORPES_2496,59,CLAETHORPES,2496,Crown Royal Black,1.75L,3,52.99,2024-01-01
49_GARIGILL_1892,49,GARIGILL,1892,Yukon Jack,50mL,165,0.99,2024-01-01
73_DONCASTER_23650,73,DONCASTER,23650,Tom Gore Chardonnay CA,750mL,25,12.99,2024-01-01
76_DONCASTER_2043,76,DONCASTER,2043,I.W. Harper Bourbon,750mL,10,29.99,2024-01-01
75_BARNCOMBE_2496,75,BARNCOMBE,2496,Crown Royal Black,1.75L,18,52.99,2024-01-01
54_GUTHRAM_6586,54,GUTHRAM,6586,Citra Montepulciano,1.5L,10,10.99,2024-01-01
70_KELD_8523,70,KELD,8523,Glen Ellen Chard RSV,750mL,13,4.99,2024-01-01
72_HARDERSFIELD_46763,72,HARDERSFIELD,46763,Clayhouse Svgn Bl Paso Roble,750mL,21,11.99,2024-01-01
49_GARIGILL_14381,49,GARIGILL,14381,LaBelle Winery Riesling,750mL,15,15.99,2024-01-01
56_BEGGAR'S HOLE_8654,56,BEGGAR'S HOLE,8654,M & R Sweet Vermouth,375mL,13,5.29,2024-01-01
49_GARIGILL_3915,49,GARIGILL,3915,Sauza Silver Tequila,750mL,14,12.99,2024-01-01
54_GUTHRAM_3760,54,GUTHRAM,3760,Absolut Pears,750mL,11,17.99,2024-01-01
68_SOLARIS_4410,68,SOLARIS,4410,Cruzan Mango Flavored Rum,750mL,56,9.99,2024-01-01
47_PELLA'S WISH_6881,47,PELLA'S WISH,6881,Midnight Moon Cranberry,750mL,11,19.99,2024-01-01
76_DONCASTER_12901,76,DONCASTER,12901,Madria Sangria,1.5L,9,8.99,2024-01-01
49_GARIGILL_6173,49,GARIGILL,6173,Gallo Fairbanks Red Port,1.5L,11,7.99,2024-01-01
50_MOUNTMEND_5661,50,MOUNTMEND,5661,Dr McGillicuddy's Root Beer,750mL,118,12.99,2024-01-01
73_DONCASTER_36852,73,DONCASTER,36852,Frey Znfdl Organic Mendocino,750mL,35,13.99,2024-01-01
58_HARTLEPOOL_5333,58,HARTLEPOOL,5333,Jenkins Amaretto,1.75L,12,10.99,2024-01-01
55_DRY GULCH_4062,55,DRY GULCH,4062,Goslings Dark'N Stormy RTD,250mL 4 Pk,15,8.99,2024-01-01
52_GRAYCOTT_14701,52,GRAYCOTT,14701,Cupcake Red Velvet,750mL,13,7.49,2024-01-01
70_KELD_12212,70,KELD,12212,Black Box Svgn Bl,3L,0,18.99,2024-01-01
62_KILMARNOCK_15875,62,KILMARNOCK,15875,Ranga Ranga Svgn Bl,750mL,11,10.99,2024-01-01
69_MOUNTMEND_19357,69,MOUNTMEND,19357,Kendall Jackson Vntnr Rsv Ch,375mL,40,5.99,2024-01-01
43_WOLFORD_24088,43,WOLFORD,24088,Hess Select Cab Svgn,750mL,10,16.99,2024-01-01
73_DONCASTER_1715,73,DONCASTER,1715,Ole Smoky Apple Pie Moonshne,750mL,17,18.99,2024-01-01
56_BEGGAR'S HOLE_3667,56,BEGGAR'S HOLE,3667,Boru Original Irish Vodka,1.75L,8,17.99,2024-01-01
47_PELLA'S WISH_42122,47,PELLA'S WISH,42122,Smoking Loon Svgn Bl Cal,750mL,24,9.99,2024-01-01
56_BEGGAR'S HOLE_3462,56,BEGGAR'S HOLE,3462,Absolut Ruby Red,750mL,16,17.99,2024-01-01
68_SOLARIS_8962,68,SOLARIS,8962,Pimms Cup No 1,750mL,12,17.99,2024-01-01
64_CESTERFIELD_2793,64,CESTERFIELD,2793,Camus Elegance VS Cognac,750mL,7,21.99,2024-01-01
58_HARTLEPOOL_3089,58,HARTLEPOOL,3089,Evan Williams Honey Reserve,750mL,8,13.99,2024-01-01
75_BARNCOMBE_8033,75,BARNCOMBE,8033,Jack Daniels No 7 Black,50mL,96,2.99,2024-01-01
69_MOUNTMEND_4878,69,MOUNTMEND,4878,Allens Coffee Brandy,750mL,9,6.99,2024-01-01
76_DONCASTER_23105,76,DONCASTER,23105,DeLille Cellars D2,750mL,24,41.99,2024-01-01
41_LARNWICK_42122,41,LARNWICK,42122,Smoking Loon Svgn Bl Cal,750mL,16,9.99,2024-01-01
72_HARDERSFIELD_27867,72,HARDERSFIELD,27867,Vendange Merlot,1.5L,9,6.99,2024-01-01
66_EANVERNESS_21665,66,EANVERNESS,21665,J-C Thevenet Blnc Brut Chard,750mL,0,23.99,2024-01-01
55_DRY GULCH_6213,55,DRY GULCH,6213,Taylor Red Port,1.5L,10,7.99,2024-01-01
71_CLARCTON_24325,71,CLARCTON,24325,La Crema Chard Sonoma Cst,750mL,56,15.99,2024-01-01
56_BEGGAR'S HOLE_5676,56,BEGGAR'S HOLE,5676,Kinky Liqueur,50mL,90,1.99,2024-01-01
70_KELD_4363,70,KELD,4363,Capt Morgan Black Spiced Rum,1.75L,6,32.99,2024-01-01
66_EANVERNESS_5656,66,EANVERNESS,5656,Cabin Fever Maple Liqueur,50mL,125,1.49,2024-01-01
60_IRRAGIN_15900,60,IRRAGIN,15900,Ch St Jean Svgn Bl Sonoma,750mL,12,10.99,2024-01-01
54_GUTHRAM_2658,54,GUTHRAM,2658,Cutty Sark,750mL,17,15.99,2024-01-01
72_HARDERSFIELD_19357,72,HARDERSFIELD,19357,Kendall Jackson Vntnr Rsv Ch,375mL,18,5.99,2024-01-01
41_LARNWICK_42413,41,LARNWICK,42413,R M Woodbridge Rsl,1.5L,19,8.99,2024-01-01
55_DRY GULCH_1396,55,DRY GULCH,1396,Old Crow,1.75L,19,15.99,2024-01-01
67_EANVERNESS_3238,67,EANVERNESS,3238,Hendrick's Gin,750mL,28,29.99,2024-01-01
48_NORFOLK_41213,48,NORFOLK,41213,A to Z Pnt Nr Ore,750mL,11,17.99,2024-01-01
49_GARIGILL_32803,49,GARIGILL,32803,Truchard Carneros Chard,750mL,16,26.99,2024-01-01
55_DRY GULCH_21129,55,DRY GULCH,21129,St Supery Svgn Bl Napa,750mL,20,16.99,2024-01-01
61_AETHELNEY_35472,61,AETHELNEY,35472,R M Woodbridge Pnt Grigio,1.5L,48,8.99,2024-01-01
67_EANVERNESS_19848,67,EANVERNESS,19848,Carnivor Cab Svgn,750mL,40,9.99,2024-01-01
76_DONCASTER_36371,76,DONCASTER,36371,McWilliams Hanwood Shiraz,750mL,35,9.99,2024-01-01
55_DRY GULCH_32796,55,DRY GULCH,32796,Warre's Otima 10-Yr Tawny,500mL,12,19.99,2024-01-01
55_DRY GULCH_24766,55,DRY GULCH,24766,Tenshen Red,750mL,68,14.99,2024-01-01
67_EANVERNESS_809,67,EANVERNESS,809,Southern Comfort,Liter,29,19.99,2024-01-01
43_WOLFORD_6569,43,WOLFORD,6569,William Hill Est Chard Napa,750mL,3,19.99,2024-01-01
68_SOLARIS_2532,68,SOLARIS,2532,The Macallan 12 Yr Old,1.75L,9,134.99,2024-01-01
73_DONCASTER_5539,73,DONCASTER,5539,DeKuyper Hot Damn 100*,750mL,18,10.99,2024-01-01
76_DONCASTER_43922,76,DONCASTER,43922,Farnum Hill Farmhouse Cider,750mL,0,8.99,2024-01-01
63_SWORDBREAK_42874,63,SWORDBREAK,42874,Decoy by Duckhorn Red Sonoma,750mL,10,16.95,2024-01-01
73_DONCASTER_10357,73,DONCASTER,10357,Gnarly Head Chard Cal,750mL,32,7.99,2024-01-01
67_EANVERNESS_5765,67,EANVERNESS,5765,Jose Cuervo Lime Margarita,1.75L,18,15.99,2024-01-01
54_GUTHRAM_46201,54,GUTHRAM,46201,Petite Petit Phillips Lodi,750mL,4,16.99,2024-01-01
61_AETHELNEY_8838,61,AETHELNEY,8838,Ch Ste Michelle Cab Svgn Col,750mL,41,12.99,2024-01-01
65_LUTON_1637,65,LUTON,1637,Fleischmanns Preferred,1.75L,7,10.99,2024-01-01
49_GARIGILL_4130,49,GARIGILL,4130,Kraken Black Spiced Rum,375mL,7,8.99,2024-01-01
50_MOUNTMEND_6593,50,MOUNTMEND,6593,Souverain Chard N Cst,750mL,9,12.99,2024-01-01
74_PAENTMARWY_17967,74,PAENTMARWY,17967,Banfi Principessa Gavia Gav,750mL,17,15.99,2024-01-01
74_PAENTMARWY_20409,74,PAENTMARWY,20409,NxNW Red Columbia Valley,750mL,6,14.99,2024-01-01
71_CLARCTON_6774,71,CLARCTON,6774,Sorel Artisan Liqueur,750mL,4,24.99,2024-01-01
64_CESTERFIELD_8096,64,CESTERFIELD,8096,Beefeater Gin,50mL,20,1.99,2024-01-01
54_GUTHRAM_19199,54,GUTHRAM,19199,La Crema Pnt Gris Monterey,750mL,13,16.99,2024-01-01
68_SOLARIS_19947,68,SOLARIS,19947,Josh Cellars Svgn Bl,750mL,12,12.99,2024-01-01
63_SWORDBREAK_2757,63,SWORDBREAK,2757,Johnnie Walker Red Label,1.75L,87,29.99,2024-01-01
73_DONCASTER_21980,73,DONCASTER,21980,Massolino Barolo Parussi,750mL,5,65.99,2024-01-01
71_CLARCTON_31345,71,CLARCTON,31345,Cecchi Cern Chianti Clsc RSV,750mL,6,22.99,2024-01-01
67_EANVERNESS_7413,67,EANVERNESS,7413,Manischewitz Blackberry Kshr,1.5L,18,7.99,2024-01-01
66_EANVERNESS_4091,66,EANVERNESS,4091,Mount Gay Black Barrel Rum,750mL,6,27.99,2024-01-01
60_IRRAGIN_5285,60,IRRAGIN,5285,Jacquin Triple Sec,750mL,15,7.99,2024-01-01
58_HARTLEPOOL_2082,58,HARTLEPOOL,2082,Balvenie 15 Yr Sherry Cask,750mL,1,109.99,2024-01-01
48_NORFOLK_8897,48,NORFOLK,8897,Moet & Chandon Brut Imprl Ro,750mL,0,49.99,2024-01-01
75_BARNCOMBE_8338,75,BARNCOMBE,8338,The Glenlivet 12 Yr Single,375mL,9,21.99,2024-01-01
73_DONCASTER_42350,73,DONCASTER,42350,Black Box Shiraz Cntrl Coast,3L,0,18.99,2024-01-01
71_CLARCTON_5629,71,CLARCTON,5629,RumChata Liqueur,3/100mL,32,8.99,2024-01-01
76_DONCASTER_4488,76,DONCASTER,4488,Zhenka Tropical Dark Rum,1.75L,22,11.49,2024-01-01
73_DONCASTER_33734,73,DONCASTER,33734,Hopler Pinot Noir Austria,750mL,18,17.99,2024-01-01
64_CESTERFIELD_6861,64,CESTERFIELD,6861,Sutter Home Clsc Wh Znfdl,187mL 4 Pk,19,5.99,2024-01-01
69_MOUNTMEND_4639,69,MOUNTMEND,4639,"Jefferson's ""Ocean"" Bourbon",750mL,0,79.99,2024-01-01
67_EANVERNESS_17172,67,EANVERNESS,17172,Riunite Sweet White,750mL,11,5.99,2024-01-01
67_EANVERNESS_8496,67,EANVERNESS,8496,Jadot Chardonnay,750mL,54,14.99,2024-01-01
54_GUTHRAM_2398,54,GUTHRAM,2398,Tullamore Dew,750mL,17,22.99,2024-01-01
59_CLAETHORPES_4438,59,CLAETHORPES,4438,Cruzan Black Cherry Rum,750mL,13,9.99,2024-01-01
73_DONCASTER_6296,73,DONCASTER,6296,Taylor Sherry,1.5L,20,7.79,2024-01-01
71_CLARCTON_38950,71,CLARCTON,38950,Corvo Sicily Nero D'Avola,750mL,13,9.99,2024-01-01
57_LANTEGLOS_5348,57,LANTEGLOS,5348,St Brendans Irish Cream,750mL,11,10.99,2024-01-01
74_PAENTMARWY_8517,74,PAENTMARWY,8517,Baileys Salted Caramel,750mL,16,18.99,2024-01-01
66_EANVERNESS_33143,66,EANVERNESS,33143,Our Daily Red,750mL,16,8.99,2024-01-01
72_HARDERSFIELD_12479,72,HARDERSFIELD,12479,Geyser Peak Cab Svgn,750mL,8,11.99,2024-01-01
58_HARTLEPOOL_3760,58,HARTLEPOOL,3760,Absolut Pears,750mL,20,17.99,2024-01-01
70_KELD_4478,70,KELD,4478,Myers Original Dark Rum,750mL,4,17.99,2024-01-01
55_DRY GULCH_3704,55,DRY GULCH,3704,Ciroc Pineapple Vodka,750mL,161,24.99,2024-01-01
49_GARIGILL_2132,49,GARIGILL,2132,Lord Calvert Canadian,1.75L,21,12.99,2024-01-01
57_LANTEGLOS_43223,57,LANTEGLOS,43223,Ch Beauchene Cotes du Rhone,750mL,25,8.95,2024-01-01
61_AETHELNEY_5251,61,AETHELNEY,5251,DeKuyper Buttershots Schnpps,50mL,108,0.99,2024-01-01
72_HARDERSFIELD_4330,72,HARDERSFIELD,4330,Capt Morgan Spiced Rum 100,1.75L,16,25.99,2024-01-01
59_CLAETHORPES_3025,59,CLAETHORPES,3025,Ciroc Snap Frost Vodka,375mL,37,15.49,2024-01-01
58_HARTLEPOOL_2692,58,HARTLEPOOL,2692,Glenmorangie 10 Yr Scotch,750mL,8,34.99,2024-01-01
73_DONCASTER_18856,73,DONCASTER,18856,Barefoot Refresh Sweet White,750mL,32,5.99,2024-01-01
53_HILLFAR_3476,53,HILLFAR,3476,Reyka Vodka,750mL,14,19.99,2024-01-01
67_EANVERNESS_24529,67,EANVERNESS,24529,Joseph Drouhin Mersault,750mL,7,55.99,2024-01-01
76_DONCASTER_23144,76,DONCASTER,23144,Ch Andron Blanquet St Esteph,750mL,1,31.99,2024-01-01
76_DONCASTER_3917,76,DONCASTER,3917,Smirnoff Peppermint Twist,50mL,25,0.99,2024-01-01
43_WOLFORD_45535,43,WOLFORD,45535,Citra Pnt Grigio,1.5L,5,10.99,2024-01-01
44_PORTHCRAWL_1961,44,PORTHCRAWL,1961,Everclear 151,1.75L,11,32.99,2024-01-01
49_GARIGILL_4414,49,GARIGILL,4414,Cruzan Pineapple Rum,750mL,9,9.99,2024-01-01
60_IRRAGIN_8729,60,IRRAGIN,8729,Smirnoff Light Strawberry,50mL,1,0.99,2024-01-01
48_NORFOLK_3366,48,NORFOLK,3366,Tanqueray Rangpur Gin,1.75L,26,33.99,2024-01-01
55_DRY GULCH_27813,55,DRY GULCH,27813,Warre's Warrior Port,750mL,17,13.99,2024-01-01
75_BARNCOMBE_5015,75,BARNCOMBE,5015,Arrow Creme de Banana,750mL,3,7.99,2024-01-01
44_PORTHCRAWL_2663,44,PORTHCRAWL,2663,Dewars White Label,1.75L,80,29.99,2024-01-01
63_SWORDBREAK_4889,63,SWORDBREAK,4889,Jenkins Coffee Brandy,1.75L,9,11.99,2024-01-01
66_EANVERNESS_34971,66,EANVERNESS,34971,Jermann Pinot Grigio Venezi,750mL,10,24.99,2024-01-01
45_VERITAS_10420,45,VERITAS,10420,Barefoot Moscato Cal,750mL,19,4.99,2024-01-01
72_HARDERSFIELD_1345,72,HARDERSFIELD,1345,Basil Hayden Bourbon,750mL,7,37.99,2024-01-01
74_PAENTMARWY_1556,74,PAENTMARWY,1556,Kahlua w/50mL Absolut+Glass,750mL,0,18.99,2024-01-01
59_CLAETHORPES_3746,59,CLAETHORPES,3746,Gordons Vodka 80 Proof,1.75L,38,12.99,2024-01-01
42_BLACK HOLLOW_2062,42,BLACK HOLLOW,2062,Woodford Reserve Bourbon,1.75L,3,59.99,2024-01-01
76_DONCASTER_24779,76,DONCASTER,24779,Straccali Chianti,1.5L,18,9.99,2024-01-01
72_HARDERSFIELD_2142,72,HARDERSFIELD,2142,Bird Dog Apple Whiskey,750mL,0,13.99,2024-01-01
48_NORFOLK_8819,48,NORFOLK,8819,Leroux Blackberry Brandy,750mL,27,6.99,2024-01-01
71_CLARCTON_438,71,CLARCTON,438,Licor 43 Vanilla Liqueur,750mL,26,18.99,2024-01-01
55_DRY GULCH_2521,55,DRY GULCH,2521,Jameson Gold Rsv,750mL,11,94.99,2024-01-01
48_NORFOLK_8236,48,NORFOLK,8236,Jim Beam,50mL,97,1.49,2024-01-01
58_HARTLEPOOL_43043,58,HARTLEPOOL,43043,Yellow Tail Rsl,750mL,10,7.99,2024-01-01
67_EANVERNESS_21015,67,EANVERNESS,21015,WindRacer RRV Chard,750mL,12,34.99,2024-01-01
70_KELD_3896,70,KELD,3896,Zhenka Vodka,375mL,40,3.29,2024-01-01
52_GRAYCOTT_3295,52,GRAYCOTT,3295,Tito's Handmade Vodka,375mL,1,9.99,2024-01-01
51_ABERDEEN_11038,51,ABERDEEN,11038,Beringer Classic Merlot,750mL,11,6.99,2024-01-01
76_DONCASTER_19395,76,DONCASTER,19395,Adissat Gabrielle Ch du Pape,750mL,7,39.99,2024-01-01
51_ABERDEEN_5810,51,ABERDEEN,5810,Cuervo Watermelon Margaritas,1.75L,9,15.99,2024-01-01
42_BLACK HOLLOW_40054,42,BLACK HOLLOW,40054,Campo Viejo Tempranillo RSV,750mL,11,12.99,2024-01-01
59_CLAETHORPES_4898,59,CLAETHORPES,4898,Mount Gay Extra Old Rum,750mL,9,39.99,2024-01-01
61_AETHELNEY_8895,61,AETHELNEY,8895,Gloria Ferrer Brut,750mL,8,17.99,2024-01-01
51_ABERDEEN_3485,51,ABERDEEN,3485,Luksusowa Potato Vodka,1.75L,23,19.99,2024-01-01
50_MOUNTMEND_24451,50,MOUNTMEND,24451,Llopart Rose Cava Brut Rsva,750mL,27,22.99,2024-01-01
73_DONCASTER_4796,73,DONCASTER,4796,Caravella Limoncello,750mL,17,16.99,2024-01-01
73_DONCASTER_20383,73,DONCASTER,20383,Fabrizio Dionisio Cast Syrah,750mL,10,13.99,2024-01-01
54_GUTHRAM_18837,54,GUTHRAM,18837,Moonlight Meadery Red Dress,375mL,18,12.99,2024-01-01
75_BARNCOMBE_603,75,BARNCOMBE,603,McCormick Gold Rum,Liter,3,6.99,2024-01-01
67_EANVERNESS_42765,67,EANVERNESS,42765,14 Hands Chard Wash,750mL,95,8.95,2024-01-01
67_EANVERNESS_3695,67,EANVERNESS,3695,Rain Handcrafted Vodka,750mL,24,9.99,2024-01-01
62_KILMARNOCK_4878,62,KILMARNOCK,4878,Allens Coffee Brandy,750mL,18,6.99,2024-01-01
53_HILLFAR_5444,53,HILLFAR,5444,E & J Superior RSV VSOP,1.75L,12,19.99,2024-01-01
61_AETHELNEY_35664,61,AETHELNEY,35664,Redwood Creek Cab Svgn Cal,1.5L,9,9.99,2024-01-01
59_CLAETHORPES_13940,59,CLAETHORPES,13940,Black Box Malbec,3L,0,18.99,2024-01-01
54_GUTHRAM_6116,54,GUTHRAM,6116,Sogno di Sorrento Lemoncell,750mL,7,25.99,2024-01-01
64_CESTERFIELD_8066,64,CESTERFIELD,8066,DeKuyper Triple Sec,1.75L,14,9.99,2024-01-01
56_BEGGAR'S HOLE_2692,56,BEGGAR'S HOLE,2692,Glenmorangie 10 Yr Scotch,750mL,17,34.99,2024-01-01
64_CESTERFIELD_24650,64,CESTERFIELD,24650,Perrier Jouet BE Luxury Case,750mL,3,111.99,2024-01-01
70_KELD_18142,70,KELD,18142,Banfi Brunello di Montalcino,750mL,3,59.99,2024-01-01
44_PORTHCRAWL_3356,44,PORTHCRAWL,3356,Svedka Vodka,375mL,13,6.99,2024-01-01
68_SOLARIS_6495,68,SOLARIS,6495,Exotico Blanco Tequila,750mL,31,13.99,2024-01-01
68_SOLARIS_12181,68,SOLARIS,12181,Cakebread Chard,750mL,12,35.99,2024-01-01
64_CESTERFIELD_18893,64,CESTERFIELD,18893,19 Crimes Red,750mL,14,9.99,2024-01-01
47_PELLA'S WISH_33037,47,PELLA'S WISH,33037,Beringer Fndrs Est Cab Svgn,1.5L,10,18.99,2024-01-01
64_CESTERFIELD_38897,64,CESTERFIELD,38897,L Martini RSV Cab Svgn Alex,750mL,2,26.99,2024-01-01
50_MOUNTMEND_6824,50,MOUNTMEND,6824,Kendall Jackson Pnt Nr Vtnr,750mL,91,14.99,2024-01-01
68_SOLARIS_2339,68,SOLARIS,2339,Alberta Rye Dark Batch,750mL,8,21.99,2024-01-01
62_KILMARNOCK_2149,62,KILMARNOCK,2149,Canadian Ltd Traveler,750mL,19,7.99,2024-01-01
74_PAENTMARWY_3314,74,PAENTMARWY,3314,El Jimador Blanco Tequila,1.75L,4,26.99,2024-01-01
63_SWORDBREAK_4502,63,SWORDBREAK,4502,E & J XO Brandy,1.75L,4,21.99,2024-01-01
55_DRY GULCH_1415,55,DRY GULCH,1415,Old Grand Dad,750mL,23,12.99,2024-01-01
55_DRY GULCH_35490,55,DRY GULCH,35490,Sierra Cantabria Rioja Tint,750mL,56,13.99,2024-01-01
49_GARIGILL_3160,49,GARIGILL,3160,Little Black Dress Vodka,750mL,1,13.99,2024-01-01
54_GUTHRAM_1258,54,GUTHRAM,1258,Jim Beam Black,750mL,7,22.99,2024-01-01
60_IRRAGIN_18533,60,IRRAGIN,18533,Candia Vyds Diamond,750mL,11,14.99,2024-01-01
55_DRY GULCH_90010,55,DRY GULCH,90010,Ch Smith Haut Lafitte 12,750mL,2,91.99,2024-01-01
47_PELLA'S WISH_2645,47,PELLA'S WISH,2645,Chivas Regal,750mL,2,29.99,2024-01-01
74_PAENTMARWY_4787,74,PAENTMARWY,4787,Appleton Special Gold Rum,1.75L,5,19.99,2024-01-01
42_BLACK HOLLOW_497,42,BLACK HOLLOW,497,Capt Morgan Spiced Rum,Liter,13,19.99,2024-01-01
69_MOUNTMEND_90014,69,MOUNTMEND,90014,Ch Giscours Margaux 12,750mL,20,61.99,2024-01-01
56_BEGGAR'S HOLE_4701,56,BEGGAR'S HOLE,4701,Fabrizia Limoncello,750mL,22,16.99,2024-01-01
67_EANVERNESS_7535,67,EANVERNESS,7535,Gekkeikan Sake,750mL,11,5.99,2024-01-01
47_PELLA'S WISH_4379,47,PELLA'S WISH,4379,Bacardi Coconut,50mL,81,0.99,2024-01-01
43_WOLFORD_5849,43,WOLFORD,5849,GranGala Triple Orange,750mL,6,16.99,2024-01-01
42_BLACK HOLLOW_1746,42,BLACK HOLLOW,1746,Tomatin 12 Yr Old Scotch,750mL,4,26.99,2024-01-01
57_LANTEGLOS_3058,57,LANTEGLOS,3058,Three Olives Vodka,50mL,2,0.99,2024-01-01
73_DONCASTER_27512,73,DONCASTER,27512,Warre's Late Bottled Vintage,750mL,15,20.99,2024-01-01
54_GUTHRAM_7878,54,GUTHRAM,7878,Allens Coffee Brandy,1.75L,19,15.99,2024-01-01
62_KILMARNOCK_2772,62,KILMARNOCK,2772,Talisker Storm Scotch,750mL,8,59.99,2024-01-01
55_DRY GULCH_21730,55,DRY GULCH,21730,Ch Les Ormes Saint-Julien,750mL,21,57.99,2024-01-01
66_EANVERNESS_1395,66,EANVERNESS,1395,Old Crow,750mL,11,7.99,2024-01-01
53_HILLFAR_8102,53,HILLFAR,8102,Absolut Mandrin,1.75L,29,24.99,2024-01-01
56_BEGGAR'S HOLE_14184,56,BEGGAR'S HOLE,14184,Ch M Vert Lussac St Emilion,750mL,27,14.99,2024-01-01
41_LARNWICK_28258,41,LARNWICK,28258,Nathanson Creek Cab Svgn,1.5L,14,7.99,2024-01-01
46_TYWARDREATH_3704,46,TYWARDREATH,3704,Ciroc Pineapple Vodka,750mL,3,24.99,2024-01-01
49_GARIGILL_2292,49,GARIGILL,2292,Glenrothes Single Malt Scot,750mL,9,41.99,2024-01-01
43_WOLFORD_19055,43,WOLFORD,19055,Wolf Blass Yllw Lbl Cab Svgn,750mL,3,9.99,2024-01-01
71_CLARCTON_18096,71,CLARCTON,18096,Bolla Amarone Valpolicella,750mL,11,31.99,2024-01-01
72_HARDERSFIELD_14279,72,HARDERSFIELD,14279,Movendo Moscato,750mL,12,10.99,2024-01-01
42_BLACK HOLLOW_17754,42,BLACK HOLLOW,17754,Chocolate Shop Red,750mL,15,11.99,2024-01-01
56_BEGGAR'S HOLE_6356,56,BEGGAR'S HOLE,6356,Taylor Cream Sherry,1.5L,5,7.79,2024-01-01
57_LANTEGLOS_8143,57,LANTEGLOS,8143,Perrier Jouet Grand Brut,750mL,8,34.99,2024-01-01
65_LUTON_23049,65,LUTON,23049,Benziger Svgn Bl N Cst,750mL,10,9.99,2024-01-01
54_GUTHRAM_33348,54,GUTHRAM,33348,Greg Norman Limestone Shiraz,750mL,23,10.99,2024-01-01
64_CESTERFIELD_4230,64,CESTERFIELD,4230,Pumpkin Face Rum,750mL,1,34.99,2024-01-01
50_MOUNTMEND_3695,50,MOUNTMEND,3695,Rain Handcrafted Vodka,750mL,10,9.99,2024-01-01
72_HARDERSFIELD_6281,72,HARDERSFIELD,6281,Franzia Sunset Blush Tap,5L,19,12.99,2024-01-01
53_HILLFAR_7715,53,HILLFAR,7715,Andre Extra Dry,750mL,57,4.49,2024-01-01
45_VERITAS_1737,45,VERITAS,1737,Makers Mark,1.75L,6,48.99,2024-01-01
45_VERITAS_1886,45,VERITAS,1886,Seagrams 7 Crown,750mL,16,10.99,2024-01-01
60_IRRAGIN_8420,60,IRRAGIN,8420,Frangelico Hazelnut Liqueur,1.75L,8,39.99,2024-01-01
42_BLACK HOLLOW_8110,42,BLACK HOLLOW,8110,Tribuno Dry Vermouth,1.5L,9,8.99,2024-01-01
49_GARIGILL_2755,49,GARIGILL,2755,Johnnie Walker Red Label,750mL,15,24.99,2024-01-01
50_MOUNTMEND_3325,50,MOUNTMEND,3325,Pinnacle Caramel Apple Vodka,750mL,24,9.99,2024-01-01
69_MOUNTMEND_23385,69,MOUNTMEND,23385,Dom Roux Bourgogne Chard,750mL,23,19.99,2024-01-01
55_DRY GULCH_5492,55,DRY GULCH,5492,Grand Marnier Cuvee du Cent,750mL,9,149.99,2024-01-01
50_MOUNTMEND_42735,50,MOUNTMEND,42735,Magnificent Wine Co House Re,750mL,14,11.99,2024-01-01
58_HARTLEPOOL_6879,58,HARTLEPOOL,6879,Maurice's Mentholated Mint,50mL,228,0.99,2024-01-01
63_SWORDBREAK_37731,63,SWORDBREAK,37731,Corbett Canyon Chard,3L,15,10.99,2024-01-01
46_TYWARDREATH_5298,46,TYWARDREATH,5298,Southern Comfort 100 Proof,750mL,9,16.99,2024-01-01
73_DONCASTER_18550,73,DONCASTER,18550,Merry Edwards Olivet Lane,750mL,3,79.99,2024-01-01
56_BEGGAR'S HOLE_40658,56,BEGGAR'S HOLE,40658,Lemelson Theas Slctn Pnt Nr,750mL,3,29.99,2024-01-01
72_HARDERSFIELD_3397,72,HARDERSFIELD,3397,Ciroc Red Berry Vodka,750mL,9,24.99,2024-01-01
67_EANVERNESS_16948,67,EANVERNESS,16948,Rex Goliath Malbec,750mL,30,5.99,2024-01-01
55_DRY GULCH_37527,55,DRY GULCH,37527,Redwood Creek Pnt Grigio,1.5L,15,10.99,2024-01-01
59_CLAETHORPES_4689,59,CLAETHORPES,4689,Hennessy Privilege VSOP,750mL,8,51.99,2024-01-01
58_HARTLEPOOL_2534,58,HARTLEPOOL,2534,The Dalmore 12Yr Single Malt,750mL,6,49.99,2024-01-01
71_CLARCTON_5191,71,CLARCTON,5191,Fireball Cinnamon Whiskey,375mL,26,9.99,2024-01-01
47_PELLA'S WISH_4208,47,PELLA'S WISH,4208,Conch Republic Dark Rum,1.75L,6,12.49,2024-01-01
64_CESTERFIELD_24088,64,CESTERFIELD,24088,Hess Select Cab Svgn,750mL,30,16.99,2024-01-01
66_EANVERNESS_19821,66,EANVERNESS,19821,Castello Chianti Classico,750mL,41,17.99,2024-01-01
73_DONCASTER_22416,73,DONCASTER,22416,Layer Cake Sea of Stones Red,750mL,19,15.99,2024-01-01
60_IRRAGIN_3237,60,IRRAGIN,3237,Firefly Sweet Tea Vodka,1.75L,12,23.99,2024-01-01
64_CESTERFIELD_6721,64,CESTERFIELD,6721,Piccini Chianti,1.5L,12,16.99,2024-01-01
63_SWORDBREAK_13708,63,SWORDBREAK,13708,Bota Box Cab Svgn,3L,9,17.99,2024-01-01
53_HILLFAR_7423,53,HILLFAR,7423,Manischewitz Concord Kosher,1.5L,9,7.99,2024-01-01
69_MOUNTMEND_3472,69,MOUNTMEND,3472,Cazadores Blanco Tequila,750mL,5,14.99,2024-01-01
67_EANVERNESS_13065,67,EANVERNESS,13065,P Michael L'Espirit Brdx,750mL,12,89.99,2024-01-01
59_CLAETHORPES_6173,59,CLAETHORPES,6173,Gallo Fairbanks Red Port,1.5L,8,7.99,2024-01-01
76_DONCASTER_21463,76,DONCASTER,21463,Chateau Pontet Canet Pauilac,750mL,13,139.99,2024-01-01
47_PELLA'S WISH_41751,47,PELLA'S WISH,41751,Clos du Bois Pnt Grigio Cal,750mL,20,8.99,2024-01-01
68_SOLARIS_3524,68,SOLARIS,3524,Pravda Polish Vodka,750mL,1,19.99,2024-01-01
57_LANTEGLOS_4246,57,LANTEGLOS,4246,Bacardi Superior Rum,375mL,15,5.49,2024-01-01
58_HARTLEPOOL_35472,58,HARTLEPOOL,35472,R M Woodbridge Pnt Grigio,1.5L,22,8.99,2024-01-01
55_DRY GULCH_1758,55,DRY GULCH,1758,Aberlour Glenlivet 12 Yr,750mL,11,39.99,2024-01-01
64_CESTERFIELD_21105,64,CESTERFIELD,21105,Ken Volk Pnt Nr Cuvee St Mar,750mL,6,29.99,2024-01-01
76_DONCASTER_3502,76,DONCASTER,3502,Pinnacle Vodka,750mL,21,12.99,2024-01-01
51_ABERDEEN_1244,51,ABERDEEN,1244,Jack Daniels Winter Jack,750mL,0,15.99,2024-01-01
49_GARIGILL_24101,49,GARIGILL,24101,Soli White Blend,750mL,34,7.99,2024-01-01
64_CESTERFIELD_26966,64,CESTERFIELD,26966,De Loach Cab Svgn Cal,750mL,24,9.99,2024-01-01
76_DONCASTER_24576,76,DONCASTER,24576,Failla Chard Sonoma Cst,750mL,10,34.99,2024-01-01
52_GRAYCOTT_366,52,GRAYCOTT,366,Crown Royal w/2 Glasses,750mL,0,21.99,2024-01-01
61_AETHELNEY_46476,61,AETHELNEY,46476,Tilia Malbec Mendoza,750mL,10,9.99,2024-01-01
66_EANVERNESS_2514,66,EANVERNESS,2514,Bird Dog Peach Whiskey,750mL,80,14.99,2024-01-01
55_DRY GULCH_2922,55,DRY GULCH,2922,Usquaebach 15 Yr Whisky,750mL,0,69.99,2024-01-01
66_EANVERNESS_16971,66,EANVERNESS,16971,Angeline Rsv Cab Svgn,750mL,34,14.99,2024-01-01
75_BARNCOMBE_896,75,BARNCOMBE,896,Rumpleminze,Liter,22,23.99,2024-01-01
71_CLARCTON_4243,71,CLARCTON,4243,Bacardi Superior Rum,1.75L,208,19.99,2024-01-01
62_KILMARNOCK_17967,62,KILMARNOCK,17967,Banfi Principessa Gavia Gav,750mL,13,15.99,2024-01-01
55_DRY GULCH_23394,55,DRY GULCH,23394,Couleurs Du Sud Viognier,750mL,4,9.99,2024-01-01
72_HARDERSFIELD_1886,72,HARDERSFIELD,1886,Seagrams 7 Crown,750mL,13,10.99,2024-01-01
69_MOUNTMEND_5713,69,MOUNTMEND,5713,DeKuyper Sour Apple Pucker,1.75L,19,16.99,2024-01-01
67_EANVERNESS_23919,67,EANVERNESS,23919,JJ Vincent Plly-Fuisse Marie,750mL,22,23.99,2024-01-01
73_DONCASTER_24452,73,DONCASTER,24452,Vega Sindoa 14 Chard Navarra,750mL,38,10.99,2024-01-01
48_NORFOLK_3967,48,NORFOLK,3967,Deep Eddy Ruby Red,750mL,8,18.99,2024-01-01
45_VERITAS_37827,45,VERITAS,37827,Yellow Tail Shiraz/Cab Ausl,750mL,5,7.99,2024-01-01
75_BARNCOMBE_5285,75,BARNCOMBE,5285,Jacquin Triple Sec,750mL,17,7.99,2024-01-01
48_NORFOLK_8746,48,NORFOLK,8746,Cavit Pinot Grigio,750mL,15,8.99,2024-01-01
55_DRY GULCH_1181,55,DRY GULCH,1181,Kahlua Peppermint Mocha,750mL,0,18.99,2024-01-01
69_MOUNTMEND_2609,69,MOUNTMEND,2609,Pigs Nose Scotch,750mL,10,24.99,2024-01-01
50_MOUNTMEND_8670,50,MOUNTMEND,8670,Arrow Coffee Brandy,1.75L,33,10.99,2024-01-01
65_LUTON_14622,65,LUTON,14622,La Marca Prosecco,750mL,7,12.99,2024-01-01
50_MOUNTMEND_19577,50,MOUNTMEND,19577,Forma de Art Red,750mL,9,14.99,2024-01-01
56_BEGGAR'S HOLE_8474,56,BEGGAR'S HOLE,8474,1800 Reposado Gold Tequila,1.75L,8,41.99,2024-01-01
46_TYWARDREATH_1789,46,TYWARDREATH,1789,Jack Daniels Tennesse Fire,750mL,59,25.99,2024-01-01
70_KELD_3731,70,KELD,3731,Absolut Apeach,750mL,14,17.99,2024-01-01
69_MOUNTMEND_41417,69,MOUNTMEND,41417,Nanbu Bijin Southern Beauty,300mL,23,15.99,2024-01-01
69_MOUNTMEND_45876,69,MOUNTMEND,45876,Frei Bros RSV Svgn Bl RRV,750mL,16,14.99,2024-01-01
77_TAMWORTH_1384,77,TAMWORTH,1384,Bulleit 95 Rye,750mL,15,27.99,2024-01-01
74_PAENTMARWY_38546,74,PAENTMARWY,38546,Mark West Pnt Nr Sonoma,750mL,74,8.99,2024-01-01
54_GUTHRAM_17814,54,GUTHRAM,17814,Ruffino Chianti Clsc Rsv Gld,750mL,14,34.99,2024-01-01
55_DRY GULCH_41030,55,DRY GULCH,41030,Folie A Deux Cab Svgn,750mL,22,16.99,2024-01-01
49_GARIGILL_15393,49,GARIGILL,15393,Cupcake Pnt Grigio,750mL,113,7.49,2024-01-01
61_AETHELNEY_36524,61,AETHELNEY,36524,Ch de Ribebon Brdx,750mL,3,14.99,2024-01-01
66_EANVERNESS_28238,66,EANVERNESS,28238,Banfi Pnt Grigio Rime,750mL,12,10.99,2024-01-01
48_NORFOLK_24419,48,NORFOLK,24419,Bonterra Mendocino Org Chard,750mL,10,10.99,2024-01-01
62_KILMARNOCK_46424,62,KILMARNOCK,46424,Hob Nob Pnt Nr VDP D'Oc,750mL,15,9.99,2024-01-01
45_VERITAS_11214,45,VERITAS,11214,Caymus Cab Svgn Napa Vly,750mL,3,74.99,2024-01-01
54_GUTHRAM_5342,54,GUTHRAM,5342,Grand Marnier,750mL,16,26.99,2024-01-01
68_SOLARIS_3488,68,SOLARIS,3488,Tanqueray,750mL,35,19.99,2024-01-01
68_SOLARIS_14663,68,SOLARIS,14663,Spellbound Merlot,750mL,4,13.99,2024-01-01
55_DRY GULCH_29619,55,DRY GULCH,29619,Schmitt Sohne Auslese,750mL,29,15.99,2024-01-01
59_CLAETHORPES_29431,59,CLAETHORPES,29431,Clos du Val Cab Svgn Napa,750mL,23,29.99,2024-01-01
56_BEGGAR'S HOLE_9109,56,BEGGAR'S HOLE,9109,Deep Eddy Ruby Red Vodka,50mL,17,0.99,2024-01-01
76_DONCASTER_14690,76,DONCASTER,14690,Bridlewood Pnt Nr Monterey C,750mL,95,13.99,2024-01-01
66_EANVERNESS_44511,66,EANVERNESS,44511,MacMurray Ranch C Cst Pnt Nr,750mL,69,13.95,2024-01-01
56_BEGGAR'S HOLE_16140,56,BEGGAR'S HOLE,16140,Ravines Meritage,750mL,10,22.99,2024-01-01
68_SOLARIS_2899,68,SOLARIS,2899,Laphroiag Select Single Malt,750mL,8,52.99,2024-01-01
46_TYWARDREATH_8018,46,TYWARDREATH,8018,La Vieille Ferme Red Ventoux,750mL,9,6.99,2024-01-01
73_DONCASTER_3945,73,DONCASTER,3945,Sauza Conmemorativo,750mL,14,17.99,2024-01-01
49_GARIGILL_16539,49,GARIGILL,16539,Catalpa Chard,750mL,16,14.99,2024-01-01
50_MOUNTMEND_32915,50,MOUNTMEND,32915,Kim Crawford Svgn Bl Marlbro,750mL,41,14.99,2024-01-01
66_EANVERNESS_19122,66,EANVERNESS,19122,Liberty School Merlot CC,750mL,85,12.99,2024-01-01
66_EANVERNESS_21690,66,EANVERNESS,21690,Kenwood Chard 12,750mL,16,8.49,2024-01-01
73_DONCASTER_8112,73,DONCASTER,8112,Stolichnaya,1.75L,330,24.99,2024-01-01
67_EANVERNESS_24963,67,EANVERNESS,24963,Ch Messile Aubert Montgne St,750mL,23,21.99,2024-01-01
70_KELD_24875,70,KELD,24875,Glen Ellen Merlot RSV,1.5L,17,6.99,2024-01-01
55_DRY GULCH_33684,55,DRY GULCH,33684,R Mondavi Private Slct Merlt,1.5L,6,20.99,2024-01-01
59_CLAETHORPES_22662,59,CLAETHORPES,22662,Trefethen Chard Napa,750mL,13,32.99,2024-01-01
74_PAENTMARWY_8275,74,PAENTMARWY,8275,El Mayor Anejo Tequila,750mL,6,32.99,2024-01-01
69_MOUNTMEND_19039,69,MOUNTMEND,19039,The Path Pnt Nr,750mL,14,12.99,2024-01-01
54_GUTHRAM_16568,54,GUTHRAM,16568,Moonlight Meadery Sumptuous,375mL,17,12.99,2024-01-01
57_LANTEGLOS_5358,57,LANTEGLOS,5358,Irish Mist Honey Liqueur,750mL,7,25.99,2024-01-01
69_MOUNTMEND_36088,69,MOUNTMEND,36088,Dom Poujol Rose Coteaux du,750mL,46,16.99,2024-01-01
76_DONCASTER_15290,76,DONCASTER,15290,Backhouse Pnt Nr,750mL,23,6.99,2024-01-01
52_GRAYCOTT_4233,52,GRAYCOTT,4233,Castillo Silver Label Rum,1.75L,9,9.99,2024-01-01
66_EANVERNESS_22019,66,EANVERNESS,22019,Mumm Napa Brut Rose,750mL,81,14.99,2024-01-01
68_SOLARIS_4358,68,SOLARIS,4358,Mr Boston Light Rum,750mL,11,5.49,2024-01-01
47_PELLA'S WISH_24612,47,PELLA'S WISH,24612,Estancia Pnt Nr Monterey,750mL,10,13.99,2024-01-01
49_GARIGILL_6319,49,GARIGILL,6319,Santa Cristina Toscana,750mL,12,10.99,2024-01-01
60_IRRAGIN_46476,60,IRRAGIN,46476,Tilia Malbec Mendoza,750mL,74,9.99,2024-01-01
55_DRY GULCH_36200,55,DRY GULCH,36200,Four Vines Truant Znfdl,750mL,25,11.99,2024-01-01
48_NORFOLK_16314,48,NORFOLK,16314,Line 39 Chard,750mL,33,9.99,2024-01-01
74_PAENTMARWY_3100,74,PAENTMARWY,3100,Ciroc Red Berry Vodka,1.75L,4,47.99,2024-01-01
76_DONCASTER_24728,76,DONCASTER,24728,Nardi Rosso di Montalcino 13,750mL,1,21.99,2024-01-01
49_GARIGILL_23161,49,GARIGILL,23161,Loft Cab Svgn,3L,5,19.99,2024-01-01
66_EANVERNESS_90086,66,EANVERNESS,90086,La Dame Montrose St Estep 11,750mL,5,51.99,2024-01-01
55_DRY GULCH_15105,55,DRY GULCH,15105,Kendall Jackson Avant Chard,750mL,151,9.95,2024-01-01
70_KELD_44041,70,KELD,44041,Bella Sera Pinot Noir Delle,1.5L,3,11.49,2024-01-01
74_PAENTMARWY_3545,74,PAENTMARWY,3545,Ketel One Vodka,1.75L,197,31.99,2024-01-01
75_BARNCOMBE_5218,75,BARNCOMBE,5218,Chila Orchata Cinnamon Cream,750mL,9,13.99,2024-01-01
49_GARIGILL_43809,49,GARIGILL,43809,R M Woodbridge Pnt Nr,1.5L,69,8.99,2024-01-01
60_IRRAGIN_1623,60,IRRAGIN,1623,Bulleit 95 Rye,375mL,8,12.99,2024-01-01
55_DRY GULCH_46947,55,DRY GULCH,46947,Murphy-Goode Merlot Alexandr,750mL,17,12.99,2024-01-01
66_EANVERNESS_18637,66,EANVERNESS,18637,Iris Vineyard Pnt Nr,750mL,0,19.99,2024-01-01
53_HILLFAR_19748,53,HILLFAR,19748,Clos du Bois Chard,1.5L,48,15.99,2024-01-01
73_DONCASTER_2531,73,DONCASTER,2531,WhistlePig 10 Yr Old Rye,750mL,8,65.99,2024-01-01
48_NORFOLK_8232,48,NORFOLK,8232,Riunite Lambrusco,1.5L,8,8.99,2024-01-01
42_BLACK HOLLOW_5810,42,BLACK HOLLOW,5810,Cuervo Watermelon Margaritas,1.75L,10,15.99,2024-01-01
67_EANVERNESS_15295,67,EANVERNESS,15295,Flip Flop Pnt Grigio,750mL,25,4.99,2024-01-01
45_VERITAS_5371,45,VERITAS,5371,Dr McGillicudy's Buttersctch,50mL,0,0.99,2024-01-01
69_MOUNTMEND_3690,69,MOUNTMEND,3690,Tanqueray Ten Gin,750mL,15,27.99,2024-01-01
68_SOLARIS_4223,68,SOLARIS,4223,Bacardi Gold Rum,1.75L,46,19.99,2024-01-01
44_PORTHCRAWL_3278,44,PORTHCRAWL,3278,Gordons London Dry,750mL,25,7.99,2024-01-01
69_MOUNTMEND_3815,69,MOUNTMEND,3815,Solid Granite Vodka,750mL,8,27.99,2024-01-01
55_DRY GULCH_35914,55,DRY GULCH,35914,Stone Cellars Chard,1.5L,23,8.99,2024-01-01
46_TYWARDREATH_1174,46,TYWARDREATH,1174,Rebel Yell,1.75L,6,19.99,2024-01-01
44_PORTHCRAWL_8214,44,PORTHCRAWL,8214,E & J Brandy VS,750mL,13,9.99,2024-01-01
64_CESTERFIELD_32367,64,CESTERFIELD,32367,Cavit Pinot Noir Delle Vene,750mL,14,8.99,2024-01-01
60_IRRAGIN_2563,60,IRRAGIN,2563,Greenore Irish Whiskey,750mL,3,49.99,2024-01-01
69_MOUNTMEND_4702,69,MOUNTMEND,4702,Metaxa Amphora,750mL,18,22.99,2024-01-01
49_GARIGILL_42053,49,GARIGILL,42053,Paraduxx Red Duckhorn Napa,750mL,7,32.99,2024-01-01
69_MOUNTMEND_1346,69,MOUNTMEND,1346,Knob Creek Bourbon,750mL,77,29.99,2024-01-01
47_PELLA'S WISH_6650,47,PELLA'S WISH,6650,Simi Chard,750mL,45,14.99,2024-01-01
63_SWORDBREAK_5758,63,SWORDBREAK,5758,1800 Ultimate Margarita RTD,1.75L,8,19.99,2024-01-01
64_CESTERFIELD_2893,64,CESTERFIELD,2893,Glenmorangie Quinta Ruban,750mL,3,49.99,2024-01-01
66_EANVERNESS_11141,66,EANVERNESS,11141,C K Mondavi Chard,1.5L,21,9.99,2024-01-01
43_WOLFORD_6105,43,WOLFORD,6105,Midnight Moon,750mL,7,19.99,2024-01-01
67_EANVERNESS_15916,67,EANVERNESS,15916,Simply Naked Pnt Grigio,750mL,19,8.99,2024-01-01
41_LARNWICK_26732,41,LARNWICK,26732,Bonterra Cab Svgn Organic,750mL,22,13.99,2024-01-01
57_LANTEGLOS_2646,57,LANTEGLOS,2646,Chivas Regal,1.75L,5,54.99,2024-01-01
69_MOUNTMEND_21352,69,MOUNTMEND,21352,C Y Toro Don Melchr Cab Svgn,750mL,3,79.99,2024-01-01
47_PELLA'S WISH_11854,47,PELLA'S WISH,11854,Trivento Amado Sur Malbec,750mL,7,14.99,2024-01-01
73_DONCASTER_40801,73,DONCASTER,40801,Sileni Sauvignon Blanc,750mL,28,10.99,2024-01-01
72_HARDERSFIELD_34134,72,HARDERSFIELD,34134,Turning Leaf RSV Chard Cal,1.5L,63,9.99,2024-01-01
47_PELLA'S WISH_8808,47,PELLA'S WISH,8808,Salignac VS Cognac,750mL,3,17.99,2024-01-01
67_EANVERNESS_1869,67,EANVERNESS,1869,Oban 14-Yr Single Malt,750mL,33,57.99,2024-01-01
49_GARIGILL_44717,49,GARIGILL,44717,Dom Chandon Rose Spklg,750mL,31,13.99,2024-01-01
66_EANVERNESS_3651,66,EANVERNESS,3651,Belvedere Vodka,50mL,111,3.99,2024-01-01
55_DRY GULCH_4252,55,DRY GULCH,4252,Bacardi Limon Rum,50mL,210,0.99,2024-01-01
56_BEGGAR'S HOLE_3878,56,BEGGAR'S HOLE,3878,Smirnoff 80 Proof,750mL,31,12.99,2024-01-01
68_SOLARIS_9109,68,SOLARIS,9109,Deep Eddy Ruby Red Vodka,50mL,38,0.99,2024-01-01
68_SOLARIS_1180,68,SOLARIS,1180,Evan Williams Black Label B,1.75L,9,20.99,2024-01-01
60_IRRAGIN_3172,60,IRRAGIN,3172,Skyy Infusions Blood Orange,750mL,14,12.99,2024-01-01
58_HARTLEPOOL_1228,58,HARTLEPOOL,1228,Glenfiddich Ancient RSV 18,750mL,4,94.99,2024-01-01
68_SOLARIS_31452,68,SOLARIS,31452,Foxhorn SE Cab Svgn Australi,1.5L,6,7.99,2024-01-01
62_KILMARNOCK_6579,62,KILMARNOCK,6579,J Lohr Riverstone Chard,750mL,16,9.99,2024-01-01
61_AETHELNEY_28890,61,AETHELNEY,28890,Peter Vella Wh Znfdl Cal,5L,4,14.99,2024-01-01
73_DONCASTER_6984,73,DONCASTER,6984,Kendall Jackson Vntrs RSV Me,750mL,19,16.99,2024-01-01
66_EANVERNESS_14471,66,EANVERNESS,14471,De Loach Merlot Cal,750mL,30,9.99,2024-01-01
66_EANVERNESS_11397,66,EANVERNESS,11397,Buried Cane Chard,750mL,5,11.99,2024-01-01
41_LARNWICK_19848,41,LARNWICK,19848,Carnivor Cab Svgn,750mL,33,9.99,2024-01-01
69_MOUNTMEND_37604,69,MOUNTMEND,37604,Hardys Chard Ausl,3L,17,16.99,2024-01-01
62_KILMARNOCK_35411,62,KILMARNOCK,35411,Yellow Tail Chard Ausl,750mL,18,7.99,2024-01-01
71_CLARCTON_23143,71,CLARCTON,23143,Bogle Chard,750mL,45,7.99,2024-01-01
60_IRRAGIN_1001,60,IRRAGIN,1001,Baileys 50mL 4 Pack,50mL 4 Pk,1,5.99,2024-01-01
76_DONCASTER_2841,76,DONCASTER,2841,High West Double Rye Whiskey,750mL,6,34.99,2024-01-01
73_DONCASTER_22957,73,DONCASTER,22957,Guigal Cote Rotie Br et Blnd,750mL,4,64.99,2024-01-01
66_EANVERNESS_23270,66,EANVERNESS,23270,Campo Viejo Gr Cava Brut Rsv,750mL,0,9.99,2024-01-01
55_DRY GULCH_1051,55,DRY GULCH,1051,Woodford Reserve MC 1838,750mL,0,99.99,2024-01-01
62_KILMARNOCK_3690,62,KILMARNOCK,3690,Tanqueray Ten Gin,750mL,10,27.99,2024-01-01
69_MOUNTMEND_15076,69,MOUNTMEND,15076,Cigar Box Cab Svgn Valle Cen,750mL,22,11.99,2024-01-01
48_NORFOLK_2797,48,NORFOLK,2797,Wicked 87 Whiskey,50mL,32,0.99,2024-01-01
56_BEGGAR'S HOLE_7198,56,BEGGAR'S HOLE,7198,New Amsterdam Pineapple Vdka,750mL,26,9.99,2024-01-01
46_TYWARDREATH_28081,46,TYWARDREATH,28081,Gandia Hoya de Cadenas RSV,750mL,6,8.99,2024-01-01
49_GARIGILL_46201,49,GARIGILL,46201,Petite Petit Phillips Lodi,750mL,30,16.99,2024-01-01
74_PAENTMARWY_35578,74,PAENTMARWY,35578,Alamos Ridge Cab Svgn Mendza,750mL,14,9.99,2024-01-01
74_PAENTMARWY_3364,74,PAENTMARWY,3364,Absolut Ruby Red,1.75L,29,24.99,2024-01-01
48_NORFOLK_824,48,NORFOLK,824,Dewars White Label Scotch,Liter,25,26.99,2024-01-01
76_DONCASTER_2122,76,DONCASTER,2122,Canadian Club 1858,750mL,29,10.99,2024-01-01
55_DRY GULCH_22975,55,DRY GULCH,22975,L.A. Cetto Nebbiolo Priv Rsv,750mL,12,5.29,2024-01-01
42_BLACK HOLLOW_3572,42,BLACK HOLLOW,3572,Pinnacle Habanero Vodka,750mL,6,9.99,2024-01-01
50_MOUNTMEND_8897,50,MOUNTMEND,8897,Moet & Chandon Brut Imprl Ro,750mL,17,49.99,2024-01-01
70_KELD_2753,70,KELD,2753,Johnnie Walker Black Label,1.75L,36,61.99,2024-01-01
58_HARTLEPOOL_6828,58,HARTLEPOOL,6828,Santa Rita RSV Cab Svgn,750mL,8,9.99,2024-01-01
62_KILMARNOCK_3987,62,KILMARNOCK,3987,Smirnoff Peppermint Twist,750mL,5,10.99,2024-01-01
67_EANVERNESS_8078,67,EANVERNESS,8078,Glenfiddich Special Rsv 12Yr,375mL,23,19.99,2024-01-01
76_DONCASTER_24924,76,DONCASTER,24924,Sea Smoke Sea Spray Blanc,750mL,5,79.99,2024-01-01
72_HARDERSFIELD_6499,72,HARDERSFIELD,6499,Kinky Liqueur,750mL,18,16.99,2024-01-01
56_BEGGAR'S HOLE_3221,56,BEGGAR'S HOLE,3221,Pinnacle Raspberry Vodka,750mL,18,9.99,2024-01-01
69_MOUNTMEND_25181,69,MOUNTMEND,25181,Grahams 2000 Vintage Port,750mL,6,95.99,2024-01-01
42_BLACK HOLLOW_2826,42,BLACK HOLLOW,2826,Bowmore Small Batch Sngl Mlt,750mL,8,39.99,2024-01-01
76_DONCASTER_21145,76,DONCASTER,21145,David Girard Vyds Code Rouge,750mL,6,11.99,2024-01-01
44_PORTHCRAWL_5628,44,PORTHCRAWL,5628,Baja Rosa Strawberry Liqueur,750mL,5,9.99,2024-01-01
65_LUTON_4513,65,LUTON,4513,Chauffe-Coeur Calvados VSOP,750mL,3,44.99,2024-01-01
45_VERITAS_8143,45,VERITAS,8143,Perrier Jouet Grand Brut,750mL,12,34.99,2024-01-01
73_DONCASTER_15247,73,DONCASTER,15247,Juve y Camps Brut Nature,750mL,12,15.99,2024-01-01
49_GARIGILL_23632,49,GARIGILL,23632,Firesteed Wines Rose Pnt Nr,750mL,0,15.99,2024-01-01
63_SWORDBREAK_5740,63,SWORDBREAK,5740,Sweet Revenge,750mL,6,17.99,2024-01-01
47_PELLA'S WISH_5165,47,PELLA'S WISH,5165,Hpnotiq Liqueur,750mL,5,19.99,2024-01-01
76_DONCASTER_13793,76,DONCASTER,13793,Yellow Tail Svgn Bl,1.5L,14,9.99,2024-01-01
62_KILMARNOCK_2445,62,KILMARNOCK,2445,Seagrams VO,750mL,30,11.99,2024-01-01
55_DRY GULCH_16829,55,DRY GULCH,16829,C Y Toro Gran Reserva Cab Sv,750mL,10,13.99,2024-01-01
71_CLARCTON_35959,71,CLARCTON,35959,Stags Leap Winery Cab Svgn,750mL,6,49.99,2024-01-01
56_BEGGAR'S HOLE_5697,56,BEGGAR'S HOLE,5697,Metcalfe's Maple Liqueur,750mL,4,19.99,2024-01-01
67_EANVERNESS_32832,67,EANVERNESS,32832,Cesari Valpolicella Clsc Am,750mL,45,29.99,2024-01-01
75_BARNCOMBE_37826,75,BARNCOMBE,37826,Yellow Tail Cab Svgn Ausl,750mL,9,7.99,2024-01-01
73_DONCASTER_482,73,DONCASTER,482,Absolut 80 Proof,Liter,26,19.99,2024-01-01
66_EANVERNESS_23895,66,EANVERNESS,23895,Lindemans Bin 50 Shiraz,750mL,19,7.99,2024-01-01
67_EANVERNESS_11141,67,EANVERNESS,11141,C K Mondavi Chard,1.5L,25,9.99,2024-01-01
58_HARTLEPOOL_5817,58,HARTLEPOOL,5817,GranGala Triple Orange,1.75L,7,29.99,2024-01-01
49_GARIGILL_8082,49,GARIGILL,8082,Baileys Irish Cream,1.75L,264,29.99,2024-01-01
64_CESTERFIELD_17840,64,CESTERFIELD,17840,L'Opale de la Presquile Rose,750mL,10,14.99,2024-01-01
54_GUTHRAM_4211,54,GUTHRAM,4211,Cruzan Passion Fruit Rum,750mL,18,9.99,2024-01-01
51_ABERDEEN_41254,51,ABERDEEN,41254,Ch St Jean Merlot Cal,750mL,13,11.99,2024-01-01
45_VERITAS_7977,45,VERITAS,7977,M & R X Dry Vermouth,1.5L,12,10.49,2024-01-01
75_BARNCOMBE_27146,75,BARNCOMBE,27146,Codice Sierra Cantabria Red,750mL,7,9.99,2024-01-01
66_EANVERNESS_44715,66,EANVERNESS,44715,Drouhin St Veran,750mL,3,17.99,2024-01-01
61_AETHELNEY_44452,61,AETHELNEY,44452,Ravenswood Zen of Zin Znfdl,750mL,28,10.99,2024-01-01
64_CESTERFIELD_6958,64,CESTERFIELD,6958,Vendange Svgn Bl,1.5L,10,7.99,2024-01-01
76_DONCASTER_24312,76,DONCASTER,24312,Ch Clos Fourtet 12 St-Emilin,750mL,24,99.99,2024-01-01
48_NORFOLK_7716,48,NORFOLK,7716,Andre Brut,750mL,12,5.49,2024-01-01
48_NORFOLK_6433,48,NORFOLK,6433,Avion Anejo Tequila,750mL,15,49.99,2024-01-01
55_DRY GULCH_35471,55,DRY GULCH,35471,R M Woodbridge Pnt Grigio,750mL,32,7.99,2024-01-01
75_BARNCOMBE_6864,75,BARNCOMBE,6864,St Francis Chard,750mL,6,9.99,2024-01-01
42_BLACK HOLLOW_8691,42,BLACK HOLLOW,8691,Jose Cuervo Especial,750mL,31,14.99,2024-01-01
69_MOUNTMEND_8422,69,MOUNTMEND,8422,Paul Masson Carafe Wh Znfdl,Liter,24,4.49,2024-01-01
73_DONCASTER_3707,73,DONCASTER,3707,Smirnoff Ruby Red Grapefruit,50mL,0,0.99,2024-01-01
77_TAMWORTH_1962,77,TAMWORTH,1962,Jim Beam Apple,750mL,16,13.99,2024-01-01
64_CESTERFIELD_26732,64,CESTERFIELD,26732,Bonterra Cab Svgn Organic,750mL,26,13.99,2024-01-01
73_DONCASTER_6115,73,DONCASTER,6115,Midnight Moon Raspberry,750mL,12,19.99,2024-01-01
48_NORFOLK_1348,48,NORFOLK,1348,Knob Creek Bourbon,375mL,18,15.99,2024-01-01
49_GARIGILL_1253,49,GARIGILL,1253,Tullibardine Burgundy Finish,750mL,12,64.99,2024-01-01
53_HILLFAR_31573,53,HILLFAR,31573,Martin/Weyrich Moscato Alleg,750mL,10,10.99,2024-01-01
76_DONCASTER_22389,76,DONCASTER,22389,Villa Cornaro Prosecco,187mL,23,4.99,2024-01-01
60_IRRAGIN_18535,60,IRRAGIN,18535,Candia Vyds Ice Storm,375mL,11,27.99,2024-01-01
61_AETHELNEY_14551,61,AETHELNEY,14551,Cava Mistinguett Brut,750mL,12,7.99,2024-01-01
42_BLACK HOLLOW_3835,42,BLACK HOLLOW,3835,Smirnoff Raspberry Vodka,750mL,15,12.99,2024-01-01
42_BLACK HOLLOW_15035,42,BLACK HOLLOW,15035,Morellino d Scansano Rsv,750mL,17,10.99,2024-01-01
71_CLARCTON_32908,71,CLARCTON,32908,Sterling Vintners Cltn Merlo,750mL,66,10.99,2024-01-01
60_IRRAGIN_6256,60,IRRAGIN,6256,Sutter Home Chard,1.5L,46,9.99,2024-01-01
45_VERITAS_7261,45,VERITAS,7261,Gallo X Dry Vermouth,750mL,10,5.49,2024-01-01
73_DONCASTER_5128,73,DONCASTER,5128,Carolans Irish Cream,750mL,15,11.49,2024-01-01
56_BEGGAR'S HOLE_4346,56,BEGGAR'S HOLE,4346,Mr Boston Dark Rum,1.75L,10,10.99,2024-01-01
49_GARIGILL_39087,49,GARIGILL,39087,Corbett Canyon Pnt Grigio,3L,19,10.99,2024-01-01
68_SOLARIS_13662,68,SOLARIS,13662,Duckhorn Decoy Svgn Bl,750mL,20,13.95,2024-01-01
70_KELD_6748,70,KELD,6748,Turning Leaf RSV Chard Cal,750mL,37,5.99,2024-01-01
75_BARNCOMBE_28214,75,BARNCOMBE,28214,Lagaria Venezie Pnt Grigio,750mL,5,11.99,2024-01-01
63_SWORDBREAK_2963,63,SWORDBREAK,2963,Bruichladdich The Laddie Ten,750mL,0,59.99,2024-01-01
73_DONCASTER_24790,73,DONCASTER,24790,Ridge Monte Bello 12,750mL,2,168.99,2024-01-01
66_EANVERNESS_3133,66,EANVERNESS,3133,Svedka Strwbry Lemonad Vodka,750mL,60,10.99,2024-01-01
50_MOUNTMEND_5142,50,MOUNTMEND,5142,Carolans Irish Cream,1.75L,62,22.99,2024-01-01
61_AETHELNEY_29996,61,AETHELNEY,29996,Wild Horse CC Cab Svgn,750mL,20,16.99,2024-01-01
42_BLACK HOLLOW_3808,42,BLACK HOLLOW,3808,Three Olives Vodka,750mL,52,14.99,2024-01-01
56_BEGGAR'S HOLE_40219,56,BEGGAR'S HOLE,40219,Fat Bastard Merlot,750mL,2,10.99,2024-01-01
50_MOUNTMEND_7909,50,MOUNTMEND,7909,DeLeon Reposado Tequila,750mL,5,59.99,2024-01-01
73_DONCASTER_22075,73,DONCASTER,22075,Kesselstatt Piesporter Gold,750mL,3,29.99,2024-01-01
75_BARNCOMBE_3235,75,BARNCOMBE,3235,Absolut Berri Acai,750mL,17,17.99,2024-01-01
68_SOLARIS_3870,68,SOLARIS,3870,Montelobos Mezcal,750mL,5,36.99,2024-01-01
53_HILLFAR_4412,53,HILLFAR,4412,Pusser's British Navy Rum,750mL,3,17.99,2024-01-01
58_HARTLEPOOL_3769,58,HARTLEPOOL,3769,Jenkins Vodka,1.75L,19,8.99,2024-01-01
69_MOUNTMEND_18001,69,MOUNTMEND,18001,Ruca Malen Malbec Rsv,750mL,3,16.99,2024-01-01
64_CESTERFIELD_62,64,CESTERFIELD,62,Herradura Silver Tequila,750mL,4,36.99,2024-01-01
61_AETHELNEY_24398,61,AETHELNEY,24398,Fleur de Pnt Nr California,750mL,16,16.99,2024-01-01
69_MOUNTMEND_22170,69,MOUNTMEND,22170,Bone Shaker Znfdl,750mL,24,21.99,2024-01-01
52_GRAYCOTT_16318,52,GRAYCOTT,16318,Noble Vines 667 Pnt Nr Mntry,750mL,4,11.99,2024-01-01
53_HILLFAR_42881,53,HILLFAR,42881,La Bastarda Pnt Gr Sicily,750mL,36,8.99,2024-01-01
49_GARIGILL_34951,49,GARIGILL,34951,Ch Ste Michelle Eroica Rsl W,750mL,10,16.99,2024-01-01
51_ABERDEEN_3945,51,ABERDEEN,3945,Sauza Conmemorativo,750mL,14,17.99,2024-01-01
62_KILMARNOCK_1415,62,KILMARNOCK,1415,Old Grand Dad,750mL,25,12.99,2024-01-01
66_EANVERNESS_2619,66,EANVERNESS,2619,Glenmorangie Original 10 Yr,1.75L,14,64.99,2024-01-01
59_CLAETHORPES_39750,59,CLAETHORPES,39750,Red Diamond Merlot Wash,750mL,26,8.99,2024-01-01
42_BLACK HOLLOW_13397,42,BLACK HOLLOW,13397,Dom Seguinot-Bordet Chablis,750mL,10,19.99,2024-01-01
70_KELD_2287,70,KELD,2287,Johnnie Walker Double Black,750mL,5,39.99,2024-01-01
76_DONCASTER_6096,76,DONCASTER,6096,Kinky Blue Liqueur,750mL,23,16.99,2024-01-01
69_MOUNTMEND_45845,69,MOUNTMEND,45845,Joseph Carr Chard Napa,750mL,15,15.99,2024-01-01
55_DRY GULCH_3216,55,DRY GULCH,3216,Fleischmanns X Dry Gin,1.75L,27,9.99,2024-01-01
55_DRY GULCH_4522,55,DRY GULCH,4522,Lairds Apple Jack,750mL,9,15.99,2024-01-01
49_GARIGILL_4580,49,GARIGILL,4580,Casamigos Reposado Tequila,375mL,13,29.99,2024-01-01
73_DONCASTER_2808,73,DONCASTER,2808,Uisce Beatha Irish Whisky,750mL,13,29.99,2024-01-01
49_GARIGILL_3689,49,GARIGILL,3689,Stolichnaya Vanil,750mL,23,16.99,2024-01-01
69_MOUNTMEND_41980,69,MOUNTMEND,41980,Ridge Lytton Spring Znfdl,375mL,2,19.99,2024-01-01
65_LUTON_7221,65,LUTON,7221,M & R Sweet Vermouth,1.5L,7,10.49,2024-01-01
50_MOUNTMEND_2821,50,MOUNTMEND,2821,Auchentoshan American Oak,750mL,6,39.99,2024-01-01
51_ABERDEEN_3694,51,ABERDEEN,3694,Stolichnaya Razberi,750mL,8,16.99,2024-01-01
44_PORTHCRAWL_31458,44,PORTHCRAWL,31458,Foxhorn Wh Znfdl Cal,1.5L,10,7.99,2024-01-01
71_CLARCTON_3572,71,CLARCTON,3572,Pinnacle Habanero Vodka,750mL,17,9.99,2024-01-01
63_SWORDBREAK_5767,63,SWORDBREAK,5767,Jose Cuervo Strawberry Marg,1.75L,7,15.99,2024-01-01
42_BLACK HOLLOW_4103,42,BLACK HOLLOW,4103,Capt Morgan White,750mL,52,14.99,2024-01-01
57_LANTEGLOS_361,57,LANTEGLOS,361,Effen Cucumber Vodka,750mL,3,19.99,2024-01-01
67_EANVERNESS_4200,67,EANVERNESS,4200,Bacardi Grand Melon,750mL,22,9.99,2024-01-01
71_CLARCTON_999,71,CLARCTON,999,Jameson 18 Year Old,750mL,0,119.99,2024-01-01
51_ABERDEEN_32545,51,ABERDEEN,32545,Artesa Carneros Chard,750mL,6,15.99,2024-01-01
54_GUTHRAM_33874,54,GUTHRAM,33874,Bella Sera Pinot Grigio Del,1.5L,17,9.99,2024-01-01
66_EANVERNESS_2609,66,EANVERNESS,2609,Pigs Nose Scotch,750mL,13,24.99,2024-01-01
50_MOUNTMEND_8840,50,MOUNTMEND,8840,Burnetts Gin,1.75L,41,11.99,2024-01-01
76_DONCASTER_4060,76,DONCASTER,4060,Sauza Cucumber Chili Tequila,750mL,14,14.99,2024-01-01
42_BLACK HOLLOW_2125,42,BLACK HOLLOW,2125,Glenfiddich 14 Yr Barrel Rsv,750mL,7,49.99,2024-01-01
59_CLAETHORPES_3154,59,CLAETHORPES,3154,New Amsterdam Peach Vodka,750mL,15,9.99,2024-01-01
48_NORFOLK_13661,48,NORFOLK,13661,Duckhorn Decoy Pnt Nr Sonoma,750mL,16,16.95,2024-01-01
60_IRRAGIN_5334,60,IRRAGIN,5334,Kahlua Especial,750mL,11,22.99,2024-01-01
55_DRY GULCH_11970,55,DRY GULCH,11970,Zaccagnini Montepulciano Rsv,750mL,28,14.99,2024-01-01
70_KELD_24842,70,KELD,24842,Jacobs Crk Shrz/Cab Svgn,750mL,10,7.99,2024-01-01
42_BLACK HOLLOW_41213,42,BLACK HOLLOW,41213,A to Z Pnt Nr Ore,750mL,9,17.99,2024-01-01
42_BLACK HOLLOW_27817,42,BLACK HOLLOW,27817,Clos Pegase Carneros Chard,750mL,48,15.99,2024-01-01
56_BEGGAR'S HOLE_11354,56,BEGGAR'S HOLE,11354,Paso a Paso Tempranillo,750mL,7,9.99,2024-01-01
52_GRAYCOTT_7872,52,GRAYCOTT,7872,Piper Heidsieck Brut,750mL,30,44.99,2024-01-01
51_ABERDEEN_10062,51,ABERDEEN,10062,Terroirs du Rhone,750mL,14,8.99,2024-01-01
71_CLARCTON_18010,71,CLARCTON,18010,Cocobon Red,750mL,16,5.99,2024-01-01
64_CESTERFIELD_23998,64,CESTERFIELD,23998,Belguardo Serrata Toscana,750mL,0,9.99,2024-01-01
42_BLACK HOLLOW_3798,42,BLACK HOLLOW,3798,Ciroc Apple Vodka,750mL,10,24.99,2024-01-01
76_DONCASTER_3138,76,DONCASTER,3138,Svedka 100 Vodka,750mL,16,11.99,2024-01-01
55_DRY GULCH_8402,55,DRY GULCH,8402,Spud Pumpkin Spice Vodka,750mL,2,19.99,2024-01-01
73_DONCASTER_4903,73,DONCASTER,4903,Bacardi Superior Rum,200mL,249,3.99,2024-01-01
71_CLARCTON_1237,71,CLARCTON,1237,Jack Daniels Single Barrel,750mL,24,44.99,2024-01-01
67_EANVERNESS_1788,67,EANVERNESS,1788,Knappogue Castle Irish 12 Yr,750mL,1,39.99,2024-01-01
56_BEGGAR'S HOLE_21267,56,BEGGAR'S HOLE,21267,Latour 13 Cuvee Bourgog Blnc,750mL,5,15.99,2024-01-01
42_BLACK HOLLOW_3882,42,BLACK HOLLOW,3882,Smirnoff Strawberry Vodka,750mL,9,12.99,2024-01-01
43_WOLFORD_28260,43,WOLFORD,28260,Nathanson Creek Chard,1.5L,11,7.99,2024-01-01
76_DONCASTER_8728,76,DONCASTER,8728,Blue Nun Authentic White,1.5L,16,13.99,2024-01-01
73_DONCASTER_14852,73,DONCASTER,14852,Mooiplaas The Bean Pinotage,750mL,9,14.99,2024-01-01
73_DONCASTER_16441,73,DONCASTER,16441,Bota Box RedVolution,3L,7,17.99,2024-01-01
72_HARDERSFIELD_12211,72,HARDERSFIELD,12211,Black Box Rsl,3L,15,18.99,2024-01-01
65_LUTON_11827,65,LUTON,11827,Cupcake Merlot,750mL,20,7.49,2024-01-01
50_MOUNTMEND_1845,50,MOUNTMEND,1845,Cluny Scotch Whiskey,1.75L,9,14.99,2024-01-01
42_BLACK HOLLOW_46298,42,BLACK HOLLOW,46298,Intorcia Marsala Sweet,Liter,9,11.99,2024-01-01
68_SOLARIS_44703,68,SOLARIS,44703,J Lohr Seven Rst Cv Cab Svgn,750mL,7,13.49,2024-01-01
56_BEGGAR'S HOLE_38946,56,BEGGAR'S HOLE,38946,Bully Hill Sweet Walter Rd,750mL,11,8.99,2024-01-01
47_PELLA'S WISH_7535,47,PELLA'S WISH,7535,Gekkeikan Sake,750mL,3,5.99,2024-01-01
74_PAENTMARWY_32908,74,PAENTMARWY,32908,Sterling Vintners Cltn Merlo,750mL,40,10.99,2024-01-01
55_DRY GULCH_14719,55,DRY GULCH,14719,Alto Moncayo Veraton Garnach,750mL,12,21.99,2024-01-01
75_BARNCOMBE_4521,75,BARNCOMBE,4521,Appleton Estate Reserve Rum,750mL,4,21.99,2024-01-01
66_EANVERNESS_4563,66,EANVERNESS,4563,Christian Bros Brandy,1.75L,55,18.99,2024-01-01
66_EANVERNESS_20024,66,EANVERNESS,20024,Inglenook Rubicon,750mL,5,170.99,2024-01-01
61_AETHELNEY_24003,61,AETHELNEY,24003,Corbett Canyon Cab Svgn,1.5L,21,8.99,2024-01-01
47_PELLA'S WISH_4513,47,PELLA'S WISH,4513,Chauffe-Coeur Calvados VSOP,750mL,4,44.99,2024-01-01
42_BLACK HOLLOW_4881,42,BLACK HOLLOW,4881,Bacardi Twin Pack 2/750mls,750mL 2 Pk,32,19.99,2024-01-01
71_CLARCTON_3961,71,CLARCTON,3961,Grey Goose La Poire Vodka,750mL,30,23.99,2024-01-01
43_WOLFORD_8517,43,WOLFORD,8517,Baileys Salted Caramel,750mL,5,18.99,2024-01-01
53_HILLFAR_3840,53,HILLFAR,3840,Smirnoff Raspberry Vodka,1.75L,34,17.99,2024-01-01
73_DONCASTER_7266,73,DONCASTER,7266,Fonseca Bin No 27,750mL,26,13.99,2024-01-01
72_HARDERSFIELD_1875,72,HARDERSFIELD,1875,Bushmills Black Bush,750mL,33,28.99,2024-01-01
71_CLARCTON_2189,71,CLARCTON,2189,Cleveland Black Rsv Whiskey,750mL,8,26.99,2024-01-01
61_AETHELNEY_3422,61,AETHELNEY,3422,Beefeater,750mL,35,19.99,2024-01-01
49_GARIGILL_7341,49,GARIGILL,7341,Smirnoff Watermelon,50mL,68,0.99,2024-01-01
49_GARIGILL_23076,49,GARIGILL,23076,Madrigal Znfdl,750mL,3,13.99,2024-01-01
73_DONCASTER_3237,73,DONCASTER,3237,Firefly Sweet Tea Vodka,1.75L,15,23.99,2024-01-01
66_EANVERNESS_21273,66,EANVERNESS,21273,Arindo Verdejo Rueda,750mL,3,10.99,2024-01-01
61_AETHELNEY_8674,61,AETHELNEY,8674,Riunite Moscato,1.5L,14,8.99,2024-01-01
68_SOLARIS_6570,68,SOLARIS,6570,Kendall Jackson Chard Vt RSV,750mL,355,9.95,2024-01-01
76_DONCASTER_6569,76,DONCASTER,6569,William Hill Est Chard Napa,750mL,29,19.99,2024-01-01
63_SWORDBREAK_2554,63,SWORDBREAK,2554,WhistlePig Old World 12 Yr,750mL,6,109.99,2024-01-01
76_DONCASTER_18971,76,DONCASTER,18971,Tenuta Guado Al Tasso Bructo,750mL,8,22.99,2024-01-01
46_TYWARDREATH_4767,46,TYWARDREATH,4767,El Jimador Reposado Tequila,1.75L,5,26.99,2024-01-01
44_PORTHCRAWL_8395,44,PORTHCRAWL,8395,Casamigos Anejo,750mL,6,61.99,2024-01-01
71_CLARCTON_13968,71,CLARCTON,13968,Spellbound Chard,750mL,10,13.99,2024-01-01
58_HARTLEPOOL_5507,58,HARTLEPOOL,5507,Arrow Blackberry Brandy,750mL,2,5.99,2024-01-01
68_SOLARIS_3235,68,SOLARIS,3235,Absolut Berri Acai,750mL,10,17.99,2024-01-01
65_LUTON_6269,65,LUTON,6269,Sutter Home Cab Svgn,1.5L,12,9.99,2024-01-01
63_SWORDBREAK_5317,63,SWORDBREAK,5317,B & B Liqueur Dom,50mL,29,3.29,2024-01-01
73_DONCASTER_29621,73,DONCASTER,29621,Schmitt Sohne Spatlese,750mL,32,13.99,2024-01-01
53_HILLFAR_6420,53,HILLFAR,6420,R M Woodbridge Chard Cal,750mL,100,7.99,2024-01-01
66_EANVERNESS_27854,66,EANVERNESS,27854,F Coppola Black Label Claret,750mL,18,16.99,2024-01-01
61_AETHELNEY_2214,61,AETHELNEY,2214,James E Pepper Bourbon,750mL,8,36.99,2024-01-01
58_HARTLEPOOL_43362,58,HARTLEPOOL,43362,Silver Oak Cab Svgn Napa,750mL,5,99.95,2024-01-01
48_NORFOLK_8838,48,NORFOLK,8838,Ch Ste Michelle Cab Svgn Col,750mL,30,12.99,2024-01-01
76_DONCASTER_2199,76,DONCASTER,2199,St George Terrior Gin,750mL,11,29.99,2024-01-01
50_MOUNTMEND_2209,50,MOUNTMEND,2209,Pendleton 1910 Rye,750mL,7,29.99,2024-01-01
42_BLACK HOLLOW_2893,42,BLACK HOLLOW,2893,Glenmorangie Quinta Ruban,750mL,3,49.99,2024-01-01
43_WOLFORD_6879,43,WOLFORD,6879,Maurice's Mentholated Mint,50mL,118,0.99,2024-01-01
55_DRY GULCH_25190,55,DRY GULCH,25190,Sixto Chardonnay,750mL,8,35.99,2024-01-01
76_DONCASTER_8442,76,DONCASTER,8442,1800 Silver Tequila,375mL,29,14.49,2024-01-01
42_BLACK HOLLOW_8369,42,BLACK HOLLOW,8369,Pernod Anise Liqueur,750mL,4,33.99,2024-01-01
42_BLACK HOLLOW_4223,42,BLACK HOLLOW,4223,Bacardi Gold Rum,1.75L,13,19.99,2024-01-01
56_BEGGAR'S HOLE_62,56,BEGGAR'S HOLE,62,Herradura Silver Tequila,750mL,9,36.99,2024-01-01
55_DRY GULCH_23830,55,DRY GULCH,23830,Florette Rose de Provence,750mL,14,14.99,2024-01-01
64_CESTERFIELD_8265,64,CESTERFIELD,8265,Cockburns Fine Ruby Port,750mL,7,9.99,2024-01-01
51_ABERDEEN_4787,51,ABERDEEN,4787,Appleton Special Gold Rum,1.75L,3,19.99,2024-01-01
69_MOUNTMEND_4652,69,MOUNTMEND,4652,Hennessy XO Cognac,750mL,19,199.99,2024-01-01
52_GRAYCOTT_11456,52,GRAYCOTT,11456,Burgess Cab Svgn Napa,750mL,11,35.99,2024-01-01
67_EANVERNESS_2646,67,EANVERNESS,2646,Chivas Regal,1.75L,44,54.99,2024-01-01
49_GARIGILL_1373,49,GARIGILL,1373,Jim Beam Honey,750mL,51,13.99,2024-01-01
66_EANVERNESS_6896,66,EANVERNESS,6896,Sterling Merlot,750mL,71,14.95,2024-01-01
61_AETHELNEY_39598,61,AETHELNEY,39598,R M Woodbridge Cab Svgn Cal,187mL 4 Pk,48,6.99,2024-01-01
55_DRY GULCH_3625,55,DRY GULCH,3625,Absolut 80 Proof,750mL,83,17.99,2024-01-01
41_LARNWICK_42764,41,LARNWICK,42764,14 Hands Cab Svgn Wash,750mL,57,8.95,2024-01-01
56_BEGGAR'S HOLE_14130,56,BEGGAR'S HOLE,14130,14 Hands Hot to Trot White,750mL,11,8.99,2024-01-01
50_MOUNTMEND_24493,50,MOUNTMEND,24493,Buehler Cab Svgn Napa,750mL,13,23.99,2024-01-01
58_HARTLEPOOL_1366,58,HARTLEPOOL,1366,Red Stag by Jim Beam,50mL,70,1.29,2024-01-01
48_NORFOLK_1860,48,NORFOLK,1860,Bruichladdich Islay Barley,750mL,3,64.99,2024-01-01
58_HARTLEPOOL_29649,58,HARTLEPOOL,29649,St Hilaire Blanc de Blancs,750mL,8,16.99,2024-01-01
67_EANVERNESS_40337,67,EANVERNESS,40337,Da Vinci Chianti Tuscany,750mL,40,9.99,2024-01-01
59_CLAETHORPES_19662,59,CLAETHORPES,19662,Santa Rita 120 Svgn Bl,750mL,28,5.99,2024-01-01
44_PORTHCRAWL_1876,44,PORTHCRAWL,1876,Midleton Rare Irish Whiskey,750mL,2,149.99,2024-01-01
72_HARDERSFIELD_1955,72,HARDERSFIELD,1955,Jack Daniels Tennessee Honey,375mL,12,12.99,2024-01-01
58_HARTLEPOOL_5489,58,HARTLEPOOL,5489,DeKuyper Hot Damn Cinnamon,750mL,14,10.99,2024-01-01
67_EANVERNESS_3199,67,EANVERNESS,3199,Grey Goose La Poire Vodka,1.75L,35,46.99,2024-01-01
73_DONCASTER_23250,73,DONCASTER,23250,Ch de Jarnioux Bjls,750mL,52,5.79,2024-01-01
42_BLACK HOLLOW_1862,42,BLACK HOLLOW,1862,John Power Irish Whiskey,750mL,9,25.99,2024-01-01
59_CLAETHORPES_2152,59,CLAETHORPES,2152,New Amsterdam Gin,750mL,22,9.99,2024-01-01
70_KELD_23870,70,KELD,23870,Col-di-Sasso Sangiovese/Cab,750mL,11,10.99,2024-01-01
55_DRY GULCH_45912,55,DRY GULCH,45912,L'Ecole No 41 Chenin Bl OV,750mL,6,16.99,2024-01-01
67_EANVERNESS_20762,67,EANVERNESS,20762,Lamole Chianti Clsco Racolto,750mL,10,15.99,2024-01-01
67_EANVERNESS_8962,67,EANVERNESS,8962,Pimms Cup No 1,750mL,32,17.99,2024-01-01
50_MOUNTMEND_821,50,MOUNTMEND,821,Grand Marnier,Liter,36,38.99,2024-01-01
55_DRY GULCH_18304,55,DRY GULCH,18304,Satellite Svgn Blanc Marlbor,750mL,12,8.49,2024-01-01
48_NORFOLK_6264,48,NORFOLK,6264,Cooks Extra Dry,750mL,20,6.99,2024-01-01
76_DONCASTER_3038,76,DONCASTER,3038,Zhenka Raspberry Vodka,1.75L,17,8.99,2024-01-01
49_GARIGILL_24786,49,GARIGILL,24786,Opus One 12,750mL,5,245.99,2024-01-01
51_ABERDEEN_6987,51,ABERDEEN,6987,Rosemount Shiraz/Cab Svgn,750mL,17,9.99,2024-01-01
66_EANVERNESS_15916,66,EANVERNESS,15916,Simply Naked Pnt Grigio,750mL,14,8.99,2024-01-01
68_SOLARIS_4806,68,SOLARIS,4806,Leroux Blackberry Brandy,1.75L,10,14.99,2024-01-01
76_DONCASTER_14280,76,DONCASTER,14280,Cupcake Shiraz,750mL,20,7.49,2024-01-01
56_BEGGAR'S HOLE_3547,56,BEGGAR'S HOLE,3547,Ketel One Vodka,50mL,31,2.79,2024-01-01
55_DRY GULCH_19392,55,DRY GULCH,19392,Dom Virginie Thunevin Brdx,750mL,6,14.99,2024-01-01
48_NORFOLK_26391,48,NORFOLK,26391,Pepperwood Grove Chard,750mL,13,7.99,2024-01-01
51_ABERDEEN_1394,51,ABERDEEN,1394,Makers Mark,375mL,1,16.49,2024-01-01
49_GARIGILL_2398,49,GARIGILL,2398,Tullamore Dew,750mL,40,22.99,2024-01-01
47_PELLA'S WISH_26787,47,PELLA'S WISH,26787,Moet & Chandon Imperial,187mL,17,10.99,2024-01-01
54_GUTHRAM_3830,54,GUTHRAM,3830,Grey Goose L'Orange Vodka,750mL,17,23.99,2024-01-01
53_HILLFAR_356,53,HILLFAR,356,Carolans Irish Cr Gift Set,750mL,0,11.49,2024-01-01
41_LARNWICK_28736,41,LARNWICK,28736,Turning Leaf RSV Pnt Grigio,750mL,15,5.99,2024-01-01
69_MOUNTMEND_23331,69,MOUNTMEND,23331,Ch Ducru Beaucaillou 11 Jul,750mL,11,149.99,2024-01-01
44_PORTHCRAWL_7371,44,PORTHCRAWL,7371,Placido Sangiovese Primever,1.5L,6,12.99,2024-01-01
66_EANVERNESS_17432,66,EANVERNESS,17432,Predator Old Vine Znfdl Lodi,750mL,15,14.99,2024-01-01
70_KELD_2245,70,KELD,2245,DUKE Kentucky Bourbon,750mL,4,35.99,2024-01-01
48_NORFOLK_18801,48,NORFOLK,18801,Bolla Prosecco Extra Dry,750mL,7,10.99,2024-01-01
60_IRRAGIN_38441,60,IRRAGIN,38441,Toasted Head Cab Svgn,750mL,10,9.99,2024-01-01
54_GUTHRAM_11437,54,GUTHRAM,11437,Schug Svgn Bl Sonoma Vly,750mL,24,15.99,2024-01-01
46_TYWARDREATH_35412,46,TYWARDREATH,35412,Yellow Tail Chard Ausl,1.5L,29,8.95,2024-01-01
63_SWORDBREAK_8342,63,SWORDBREAK,8342,Korbel X Dry,750mL,11,11.99,2024-01-01
69_MOUNTMEND_18102,69,MOUNTMEND,18102,Ruffino Greppone Mazzi Bru,750mL,0,49.99,2024-01-01
50_MOUNTMEND_15209,50,MOUNTMEND,15209,Writer's Block Pnt Nr,750mL,24,15.99,2024-01-01
55_DRY GULCH_27429,55,DRY GULCH,27429,Grahams Six Grapes,750mL,14,19.99,2024-01-01
66_EANVERNESS_3497,66,EANVERNESS,3497,Johnnie Walker Platinum,750mL,22,94.99,2024-01-01
57_LANTEGLOS_6267,57,LANTEGLOS,6267,Kinky Gold Liqueur,750mL,6,16.99,2024-01-01
55_DRY GULCH_2232,55,DRY GULCH,2232,Sipsmith Gin,750mL,8,39.99,2024-01-01
60_IRRAGIN_22923,60,IRRAGIN,22923,Patricius Tokaj Harslevelu,750mL,22,17.99,2024-01-01
55_DRY GULCH_3162,55,DRY GULCH,3162,Burnett's Peach Vodka,50mL,112,0.99,2024-01-01
42_BLACK HOLLOW_5101,42,BLACK HOLLOW,5101,Dr McGillicuddy's Mentholmnt,750mL,48,12.99,2024-01-01
70_KELD_2795,70,KELD,2795,George Dickel Rye,750mL,7,23.99,2024-01-01
63_SWORDBREAK_5849,63,SWORDBREAK,5849,GranGala Triple Orange,750mL,10,16.99,2024-01-01
54_GUTHRAM_283,54,GUTHRAM,283,Milagro Tequila Reposado SBR,750mL,3,57.99,2024-01-01
76_DONCASTER_12220,76,DONCASTER,12220,Angeline Pnt Nr,750mL,49,9.99,2024-01-01
76_DONCASTER_19940,76,DONCASTER,19940,Bogle Petite Sirah,750mL,20,9.99,2024-01-01
49_GARIGILL_4748,49,GARIGILL,4748,Patron XO Cafe Incendio,750mL,2,20.99,2024-01-01
63_SWORDBREAK_4330,63,SWORDBREAK,4330,Capt Morgan Spiced Rum 100,1.75L,17,25.99,2024-01-01
61_AETHELNEY_42188,61,AETHELNEY,42188,Moet & Chandon Nectar Imp Rs,750mL,20,49.99,2024-01-01
53_HILLFAR_31488,53,HILLFAR,31488,Barefoot Chard Cal,750mL,9,4.99,2024-01-01
47_PELLA'S WISH_20357,47,PELLA'S WISH,20357,Apothic Dark,750mL,11,9.99,2024-01-01
59_CLAETHORPES_1001,59,CLAETHORPES,1001,Baileys 50mL 4 Pack,50mL 4 Pk,2,5.99,2024-01-01
58_HARTLEPOOL_39479,58,HARTLEPOOL,39479,Barefoot Premium X-Dry,750mL,0,7.99,2024-01-01
70_KELD_3529,70,KELD,3529,U V Vodka,1.75L,13,13.99,2024-01-01
68_SOLARIS_15232,68,SOLARIS,15232,Flowers Pnt Nr Sonoma Coast,750mL,5,49.99,2024-01-01
73_DONCASTER_3754,73,DONCASTER,3754,Smirnoff Blueberry Vodka,750mL,46,12.99,2024-01-01
68_SOLARIS_6873,68,SOLARIS,6873,Guigal Cotes du Rhone Red,750mL,12,14.99,2024-01-01
49_GARIGILL_19962,49,GARIGILL,19962,St Francis Merlot,750mL,23,14.99,2024-01-01
74_PAENTMARWY_5875,74,PAENTMARWY,5875,Malibu Light Bl Hawaiian RTD,1.75L,10,17.99,2024-01-01
69_MOUNTMEND_8567,69,MOUNTMEND,8567,Cribari Chianti,3L,8,9.99,2024-01-01
48_NORFOLK_8023,48,NORFOLK,8023,DeKuyper Triple Sec,750mL,24,4.49,2024-01-01
69_MOUNTMEND_19559,69,MOUNTMEND,19559,Cardinale Cab Svgn Napa Vly,750mL,2,224.99,2024-01-01
50_MOUNTMEND_5566,50,MOUNTMEND,5566,Grind Espresso Shot,750mL,22,14.99,2024-01-01
45_VERITAS_17176,45,VERITAS,17176,Beringer Classic Chard,1.5L,25,7.99,2024-01-01
75_BARNCOMBE_934,75,BARNCOMBE,934,Tanteo Jalapeno Tequila,750mL,3,35.99,2024-01-01
71_CLARCTON_24096,71,CLARCTON,24096,Gallo Copperidge Chard Cal,1.5L,6,6.99,2024-01-01
67_EANVERNESS_24858,67,EANVERNESS,24858,Ch Plaisance Cuvee Alix Roug,750mL,20,14.99,2024-01-01
60_IRRAGIN_25036,60,IRRAGIN,25036,Albola Pinot Grigio,750mL,12,10.99,2024-01-01
69_MOUNTMEND_8085,69,MOUNTMEND,8085,Wild Turkey,1.75L,11,31.99,2024-01-01
64_CESTERFIELD_3517,64,CESTERFIELD,3517,Smirnoff Sorbet Mango/Pasion,750mL,37,12.99,2024-01-01
66_EANVERNESS_19121,66,EANVERNESS,19121,Liberty School Pnt Nr CC,750mL,70,11.99,2024-01-01
55_DRY GULCH_1883,55,DRY GULCH,1883,Seagrams 7 Crown,1.75L,69,17.99,2024-01-01
42_BLACK HOLLOW_8847,42,BLACK HOLLOW,8847,J Roget Extra Dry,750mL,20,5.99,2024-01-01
76_DONCASTER_2849,76,DONCASTER,2849,Tullibardine 20 YO Highland,750mL,5,179.99,2024-01-01
47_PELLA'S WISH_21033,47,PELLA'S WISH,21033,Taylor Fladgate 20-Yr Tawny,750mL,5,38.99,2024-01-01
64_CESTERFIELD_5653,64,CESTERFIELD,5653,Kahlua Cinnamon Spice,750mL,13,19.99,2024-01-01
48_NORFOLK_35393,48,NORFOLK,35393,Tohu Svgn Bl Marlboro,750mL,7,13.99,2024-01-01
62_KILMARNOCK_44547,62,KILMARNOCK,44547,Silver Oak Cab Svgn Alex Vly,750mL,9,69.99,2024-01-01
46_TYWARDREATH_5297,46,TYWARDREATH,5297,Southern Comfort,750mL,14,13.99,2024-01-01
59_CLAETHORPES_11340,59,CLAETHORPES,11340,Herzog Kosher Chard,750mL,9,13.99,2024-01-01
45_VERITAS_3388,45,VERITAS,3388,Seagrams Extra Dry Gin,750mL,11,8.99,2024-01-01
42_BLACK HOLLOW_10680,42,BLACK HOLLOW,10680,Segura Viudas Brut RSV,750mL,10,10.99,2024-01-01
67_EANVERNESS_24365,67,EANVERNESS,24365,Mommessin Les Gr Morgon C Py,750mL,1,24.99,2024-01-01
46_TYWARDREATH_8978,46,TYWARDREATH,8978,Riunite Lambrusco,3L,3,16.99,2024-01-01
56_BEGGAR'S HOLE_3510,56,BEGGAR'S HOLE,3510,Smirnoff Light Lemon Sorbet,750mL,17,12.99,2024-01-01
54_GUTHRAM_35668,54,GUTHRAM,35668,Redwood Creek Merlot Cal,1.5L,15,10.99,2024-01-01
47_PELLA'S WISH_2722,47,PELLA'S WISH,2722,J & B Rare,750mL,1,21.99,2024-01-01
73_DONCASTER_3425,73,DONCASTER,3425,Olmeca Altos Plata Tequila,750mL,42,20.99,2024-01-01
44_PORTHCRAWL_8016,44,PORTHCRAWL,8016,La Vieille Ferme Wh Rhone,750mL,8,6.99,2024-01-01
55_DRY GULCH_2585,55,DRY GULCH,2585,Jameson Irish Whiskey,750mL,175,22.99,2024-01-01
69_MOUNTMEND_42456,69,MOUNTMEND,42456,Two Hands Angels Share Shira,750mL,14,31.99,2024-01-01
42_BLACK HOLLOW_3532,42,BLACK HOLLOW,3532,Milagro Reposado Tequila,750mL,4,27.99,2024-01-01
69_MOUNTMEND_8691,69,MOUNTMEND,8691,Jose Cuervo Especial,750mL,42,14.99,2024-01-01
56_BEGGAR'S HOLE_18837,56,BEGGAR'S HOLE,18837,Moonlight Meadery Red Dress,375mL,7,12.99,2024-01-01
49_GARIGILL_7254,49,GARIGILL,7254,Cribari Marsala,750mL,19,7.99,2024-01-01
52_GRAYCOTT_23049,52,GRAYCOTT,23049,Benziger Svgn Bl N Cst,750mL,12,9.99,2024-01-01
55_DRY GULCH_20598,55,DRY GULCH,20598,Perez Cruz Cab Svgn Rsva,750mL,11,15.99,2024-01-01
41_LARNWICK_46380,41,LARNWICK,46380,Ghost Pines Chard L Martini,750mL,49,16.99,2024-01-01
59_CLAETHORPES_37678,59,CLAETHORPES,37678,Castle Rock Pnt Nr,750mL,9,10.99,2024-01-01
67_EANVERNESS_4705,67,EANVERNESS,4705,Blue Chair Bay Banana Rum,50mL,3,0.99,2024-01-01
56_BEGGAR'S HOLE_43832,56,BEGGAR'S HOLE,43832,3 Blind Moose Pnt Grigio Cal,750mL,2,8.99,2024-01-01
61_AETHELNEY_44234,61,AETHELNEY,44234,A by Acacia Pnt Nr Cal,750mL,27,13.99,2024-01-01
67_EANVERNESS_4524,67,EANVERNESS,4524,Smoky Quartz Granite Cst Rum,750mL,7,27.49,2024-01-01
55_DRY GULCH_26966,55,DRY GULCH,26966,De Loach Cab Svgn Cal,750mL,27,9.99,2024-01-01
43_WOLFORD_4652,43,WOLFORD,4652,Hennessy XO Cognac,750mL,1,199.99,2024-01-01
73_DONCASTER_10359,73,DONCASTER,10359,Adelsheim Elizbth RSV Pnt Nr,750mL,5,44.99,2024-01-01
71_CLARCTON_12415,71,CLARCTON,12415,Callia Alta Pnt Grigio,750mL,8,8.99,2024-01-01
68_SOLARIS_17175,68,SOLARIS,17175,Beringer Classic Cab Svgn,1.5L,23,7.99,2024-01-01
43_WOLFORD_7340,43,WOLFORD,7340,Viniq Shimmery Liqueur,750mL,6,18.99,2024-01-01
64_CESTERFIELD_24779,64,CESTERFIELD,24779,Straccali Chianti,1.5L,16,9.99,2024-01-01
60_IRRAGIN_15292,60,IRRAGIN,15292,Flip Flop Chard,750mL,7,4.99,2024-01-01
60_IRRAGIN_21231,60,IRRAGIN,21231,La Marca Prosecco,187mL,18,4.49,2024-01-01
74_PAENTMARWY_3794,74,PAENTMARWY,3794,Cabo Wabo Reposado Tequila,750mL,5,36.99,2024-01-01
44_PORTHCRAWL_644,44,PORTHCRAWL,644,Amaretto DiSaronno,Liter,4,26.99,2024-01-01
56_BEGGAR'S HOLE_4232,56,BEGGAR'S HOLE,4232,Castillo Silver Label Rum,Liter,17,8.29,2024-01-01
47_PELLA'S WISH_2418,47,PELLA'S WISH,2418,Crown Royal Regal Apple,750mL,45,21.99,2024-01-01
64_CESTERFIELD_17535,64,CESTERFIELD,17535,Ninety+Cellars Lot 66 Rsl Mo,750mL,7,10.99,2024-01-01
47_PELLA'S WISH_4270,47,PELLA'S WISH,4270,Brugal Anejo Rum,750mL,12,16.99,2024-01-01
71_CLARCTON_2100,71,CLARCTON,2100,Canadian Regal,1.75L,8,9.99,2024-01-01
58_HARTLEPOOL_4362,58,HARTLEPOOL,4362,Ron Virgin Heavy Bodied Rum,Liter,48,7.99,2024-01-01
68_SOLARIS_3834,68,SOLARIS,3834,Skyy Vodka,750mL,39,15.99,2024-01-01
46_TYWARDREATH_3444,46,TYWARDREATH,3444,Hornitos Plata Tequila,1.75L,6,39.99,2024-01-01
66_EANVERNESS_10702,66,EANVERNESS,10702,Kris Pnt Nr delle Venezie,750mL,11,11.99,2024-01-01
64_CESTERFIELD_8496,64,CESTERFIELD,8496,Jadot Chardonnay,750mL,13,14.99,2024-01-01
76_DONCASTER_3300,76,DONCASTER,3300,Smirnoff Sorbet Mango/Pasion,50mL,126,0.99,2024-01-01
50_MOUNTMEND_3583,50,MOUNTMEND,3583,Smirnoff Orange Vodka,1.75L,35,17.99,2024-01-01
75_BARNCOMBE_42188,75,BARNCOMBE,42188,Moet & Chandon Nectar Imp Rs,750mL,20,49.99,2024-01-01
59_CLAETHORPES_366,59,CLAETHORPES,366,Crown Royal w/2 Glasses,750mL,0,21.99,2024-01-01
43_WOLFORD_3483,43,WOLFORD,3483,Kru 82 Vodka,750mL,4,14.99,2024-01-01
73_DONCASTER_45885,73,DONCASTER,45885,Mer Soleil Silver Chard,750mL,26,19.99,2024-01-01
65_LUTON_10421,65,LUTON,10421,Barefoot Moscato Cal,1.5L,3,10.99,2024-01-01
51_ABERDEEN_3456,51,ABERDEEN,3456,Tanqueray Sterling Vodka,1.75L,22,19.99,2024-01-01
49_GARIGILL_32368,49,GARIGILL,32368,Cavit Pinot Noir Delle Vene,1.5L,48,9.99,2024-01-01
76_DONCASTER_8965,76,DONCASTER,8965,St George Absinthe Verte,750mL,8,54.99,2024-01-01
46_TYWARDREATH_2158,46,TYWARDREATH,2158,Sortilege Liqueur,375mL,5,19.99,2024-01-01
73_DONCASTER_20748,73,DONCASTER,20748,Terrasole 07 Brunelo d Montl,750mL,42,49.99,2024-01-01
60_IRRAGIN_13605,60,IRRAGIN,13605,Neal Family Svgn Bl Napa Vly,750mL,5,19.99,2024-01-01
69_MOUNTMEND_5399,69,MOUNTMEND,5399,Goldschlager Cinnamon Schna,50mL,175,1.99,2024-01-01
49_GARIGILL_3610,49,GARIGILL,3610,Smirnoff Cranberry Vodka,750mL,15,12.99,2024-01-01
45_VERITAS_42579,45,VERITAS,42579,Voga del Venezie Pnt Grigio,750mL,7,9.99,2024-01-01
67_EANVERNESS_2797,67,EANVERNESS,2797,Wicked 87 Whiskey,50mL,68,0.99,2024-01-01
46_TYWARDREATH_12586,46,TYWARDREATH,12586,C Y Toro Frontera Malbec,1.5L,14,10.99,2024-01-01
42_BLACK HOLLOW_2017,42,BLACK HOLLOW,2017,Redbreast Irish Whiskey,750mL,5,59.99,2024-01-01
65_LUTON_3344,65,LUTON,3344,Bombay Sapphire Gin,750mL,18,19.99,2024-01-01
58_HARTLEPOOL_4268,58,HARTLEPOOL,4268,Capt Morgan Private Stock,750mL,13,22.99,2024-01-01
50_MOUNTMEND_23074,50,MOUNTMEND,23074,Madrigal Cab Svgn,750mL,0,19.99,2024-01-01
73_DONCASTER_2878,73,DONCASTER,2878,Hudson Four Grain Bourbon,375mL,4,39.99,2024-01-01
51_ABERDEEN_1239,51,ABERDEEN,1239,Booker's Bourbon,750mL,2,50.99,2024-01-01
67_EANVERNESS_14622,67,EANVERNESS,14622,La Marca Prosecco,750mL,77,12.99,2024-01-01
47_PELLA'S WISH_7994,47,PELLA'S WISH,7994,Stock Italian Sweet Vermouth,1.5L,4,9.99,2024-01-01
67_EANVERNESS_13985,67,EANVERNESS,13985,Luiano Chianti Clsc,375mL,0,11.99,2024-01-01
56_BEGGAR'S HOLE_24786,56,BEGGAR'S HOLE,24786,Opus One 12,750mL,4,245.99,2024-01-01
69_MOUNTMEND_361,69,MOUNTMEND,361,Effen Cucumber Vodka,750mL,15,19.99,2024-01-01
72_HARDERSFIELD_2713,72,HARDERSFIELD,2713,Inver House Green Plaid 3-Y,1.75L,15,13.99,2024-01-01
50_MOUNTMEND_8630,50,MOUNTMEND,8630,Fontana Candida Frascati,750mL,8,9.99,2024-01-01
48_NORFOLK_782,48,NORFOLK,782,Remy Martin 1738 Accord Ryl,750mL,4,44.99,2024-01-01
54_GUTHRAM_19340,54,GUTHRAM,19340,Cannonball Svgn Bl,750mL,6,14.99,2024-01-01
70_KELD_6659,70,KELD,6659,Rosemount Diamond Chard,750mL,14,8.99,2024-01-01
68_SOLARIS_3486,68,SOLARIS,3486,Tanqueray,375mL,33,12.99,2024-01-01
47_PELLA'S WISH_3871,47,PELLA'S WISH,3871,Smirnoff Watermelon Vodka,750mL,13,12.99,2024-01-01
51_ABERDEEN_4261,51,ABERDEEN,4261,Capt Morgan Spiced Rum,1.75L,134,21.99,2024-01-01
42_BLACK HOLLOW_4174,42,BLACK HOLLOW,4174,Kraken Black Spiced Rum,1.75L,17,29.99,2024-01-01
55_DRY GULCH_1386,55,DRY GULCH,1386,George Dickel No 8 Bourbon,750mL,7,19.99,2024-01-01
64_CESTERFIELD_39410,64,CESTERFIELD,39410,Mirassou Cab Svgn Cal,750mL,6,9.99,2024-01-01
57_LANTEGLOS_8480,57,LANTEGLOS,8480,Clan MacGregor,1.75L,20,14.99,2024-01-01
55_DRY GULCH_5771,55,DRY GULCH,5771,Art In The Age Snap,750mL,8,29.99,2024-01-01
68_SOLARIS_1220,68,SOLARIS,1220,Woodford Reserve Bourbon,750mL,17,29.99,2024-01-01
60_IRRAGIN_11437,60,IRRAGIN,11437,Schug Svgn Bl Sonoma Vly,750mL,36,15.99,2024-01-01
68_SOLARIS_38549,68,SOLARIS,38549,Stemmari Nero D'Avola,750mL,12,7.99,2024-01-01
71_CLARCTON_3730,71,CLARCTON,3730,UV Ruby Red Grapefruit Vodka,50mL,31,0.99,2024-01-01
50_MOUNTMEND_11440,50,MOUNTMEND,11440,Peter Vella Sangria B/B,5L,8,14.99,2024-01-01
47_PELLA'S WISH_23143,47,PELLA'S WISH,23143,Bogle Chard,750mL,50,7.99,2024-01-01
43_WOLFORD_13461,43,WOLFORD,13461,R M Woodbridge Moscato,1.5L,9,8.99,2024-01-01
54_GUTHRAM_11154,54,GUTHRAM,11154,Canyon Road Cab Svgn,1.5L,6,8.99,2024-01-01
48_NORFOLK_2030,48,NORFOLK,2030,Glen Moray 12 Yr Scotch,750mL,3,30.99,2024-01-01
57_LANTEGLOS_8506,57,LANTEGLOS,8506,Myers Original Dark Rum,1.75L,10,32.99,2024-01-01
68_SOLARIS_3910,68,SOLARIS,3910,Hornitos Plata Tequila,375mL,4,12.99,2024-01-01
41_LARNWICK_42117,41,LARNWICK,42117,Jewell Towne Chardonnay,750mL,8,14.49,2024-01-01
72_HARDERSFIELD_42172,72,HARDERSFIELD,42172,Graffigna Centenario Malbec,750mL,2,9.99,2024-01-01
62_KILMARNOCK_18856,62,KILMARNOCK,18856,Barefoot Refresh Sweet White,750mL,5,5.99,2024-01-01
69_MOUNTMEND_8345,69,MOUNTMEND,8345,R M Woodbridge Cab Svgn Cal,750mL,25,7.99,2024-01-01
73_DONCASTER_8398,73,DONCASTER,8398,Casamigos Blanco,750mL,15,53.99,2024-01-01
56_BEGGAR'S HOLE_5390,56,BEGGAR'S HOLE,5390,Dr McGillicuddy's Peach,50mL,72,0.99,2024-01-01
62_KILMARNOCK_540,62,KILMARNOCK,540,Bacardi Pineapple Fusion,50mL,33,0.99,2024-01-01
45_VERITAS_5897,45,VERITAS,5897,99 Bananas,750mL,10,11.99,2024-01-01
60_IRRAGIN_6096,60,IRRAGIN,6096,Kinky Blue Liqueur,750mL,17,16.99,2024-01-01
77_TAMWORTH_2015,77,TAMWORTH,2015,Jack Daniels Tennessee Honey,750mL,57,26.99,2024-01-01
69_MOUNTMEND_3818,69,MOUNTMEND,3818,Cabo Wabo Blanco Tequila,750mL,8,29.99,2024-01-01
66_EANVERNESS_13258,66,EANVERNESS,13258,ChocoVine,750mL,21,9.99,2024-01-01
69_MOUNTMEND_23323,69,MOUNTMEND,23323,Alter Ego de Palmer Mrgx 11,750mL,4,82.99,2024-01-01
70_KELD_46379,70,KELD,46379,Ghost Pine Cab Svgn LMartini,750mL,11,16.99,2024-01-01
73_DONCASTER_5221,73,DONCASTER,5221,RumChata Liqueur,375mL,29,10.99,2024-01-01
76_DONCASTER_25090,76,DONCASTER,25090,Jadot Ch des Jacques Fleurie,750mL,8,21.99,2024-01-01
69_MOUNTMEND_32479,69,MOUNTMEND,32479,Danzante Del Vnzi Pnt Grigio,750mL,26,10.99,2024-01-01
49_GARIGILL_33579,49,GARIGILL,33579,Tommasi Valpo Clsc Supr Rafl,750mL,21,15.99,2024-01-01
67_EANVERNESS_4767,67,EANVERNESS,4767,El Jimador Reposado Tequila,1.75L,7,26.99,2024-01-01
54_GUTHRAM_2992,54,GUTHRAM,2992,Hudson Baby Bourbon Whiskey,750mL,6,49.99,2024-01-01
49_GARIGILL_12685,49,GARIGILL,12685,Brazin Old Vine Znfdl Lodi,750mL,12,12.99,2024-01-01
67_EANVERNESS_26949,67,EANVERNESS,26949,Sonoma-Cutrer Chard RRV,750mL,21,22.99,2024-01-01
71_CLARCTON_8482,71,CLARCTON,8482,Cabot Trail Cana Cream Maple,750mL,11,17.99,2024-01-01
42_BLACK HOLLOW_22531,42,BLACK HOLLOW,22531,BV Coastal Estate Chard,750mL,27,10.99,2024-01-01
74_PAENTMARWY_14416,74,PAENTMARWY,14416,J Lohr Falcons Perch Pnt Nr,750mL,48,13.99,2024-01-01
62_KILMARNOCK_6648,62,KILMARNOCK,6648,Marcus James Merlot,1.5L,14,7.99,2024-01-01
47_PELLA'S WISH_3654,47,PELLA'S WISH,3654,Patron Reposado Tequila,750mL,33,53.99,2024-01-01
48_NORFOLK_5359,48,NORFOLK,5359,Distroya Spiced Liqueur,750mL,8,17.99,2024-01-01
43_WOLFORD_14930,43,WOLFORD,14930,Yellow Tail Moscato,1.5L,17,8.95,2024-01-01
52_GRAYCOTT_5491,52,GRAYCOTT,5491,Rumpleminze,50mL,19,1.99,2024-01-01
62_KILMARNOCK_8491,62,KILMARNOCK,8491,Forbidden Secret Dark Mocha,750mL,7,19.99,2024-01-01
66_EANVERNESS_8283,66,EANVERNESS,8283,Korbel X Dry,1.5L,18,27.99,2024-01-01
46_TYWARDREATH_25934,46,TYWARDREATH,25934,Gabbiano Chianti,750mL,13,7.99,2024-01-01
69_MOUNTMEND_33965,69,MOUNTMEND,33965,Castellare Chianti Clsc,750mL,12,21.99,2024-01-01
71_CLARCTON_3620,71,CLARCTON,3620,Powers Signature Release,750mL,3,39.99,2024-01-01
69_MOUNTMEND_2226,69,MOUNTMEND,2226,Jim Beam Devils Cut,1.75L,2,36.99,2024-01-01
76_DONCASTER_15466,76,DONCASTER,15466,Mirassou Moscato,750mL,20,9.99,2024-01-01
63_SWORDBREAK_16761,63,SWORDBREAK,16761,Dolin Dry White Vermouth,750mL,2,13.99,2024-01-01
49_GARIGILL_3967,49,GARIGILL,3967,Deep Eddy Ruby Red,750mL,19,18.99,2024-01-01
76_DONCASTER_24672,76,DONCASTER,24672,Bolla Merlot,1.5L,27,15.99,2024-01-01
57_LANTEGLOS_8118,57,LANTEGLOS,8118,Mr Boston Blackberry Brandy,750mL,16,5.99,2024-01-01
52_GRAYCOTT_3858,52,GRAYCOTT,3858,Grey Goose Vodka,750mL,47,23.99,2024-01-01
70_KELD_3505,70,KELD,3505,Tito's Handmade Vodka,750mL,43,18.99,2024-01-01
60_IRRAGIN_3743,60,IRRAGIN,3743,Smirnoff Sorbet Pine/Coconut,750mL,18,12.99,2024-01-01
42_BLACK HOLLOW_2339,42,BLACK HOLLOW,2339,Alberta Rye Dark Batch,750mL,6,21.99,2024-01-01
54_GUTHRAM_40114,54,GUTHRAM,40114,M & R Prosecco Frizzante,750mL,10,9.99,2024-01-01
42_BLACK HOLLOW_10576,42,BLACK HOLLOW,10576,Diseno Malbec Mendoza,750mL,18,11.99,2024-01-01
66_EANVERNESS_45839,66,EANVERNESS,45839,White Oak Chard RRV,750mL,10,22.99,2024-01-01
49_GARIGILL_3625,49,GARIGILL,3625,Absolut 80 Proof,750mL,53,17.99,2024-01-01
50_MOUNTMEND_24029,50,MOUNTMEND,24029,William Hill Est Pnt Nr CC,750mL,30,14.99,2024-01-01
68_SOLARIS_877,68,SOLARIS,877,DeKuyper Creme de Cassis,Liter,10,8.99,2024-01-01
67_EANVERNESS_2830,67,EANVERNESS,2830,Serpent's Bite Cider Whiskey,750mL,37,13.99,2024-01-01
59_CLAETHORPES_10264,59,CLAETHORPES,10264,Fort Ross Pnt Nr Sonoma Cst,750mL,31,29.99,2024-01-01
61_AETHELNEY_4624,61,AETHELNEY,4624,Meukow 90,750mL,14,19.99,2024-01-01
45_VERITAS_40098,45,VERITAS,40098,Black Box Merlot Cal,3L,10,18.99,2024-01-01
64_CESTERFIELD_31233,64,CESTERFIELD,31233,Di Majo Norante Sangiovese,750mL,10,10.99,2024-01-01
56_BEGGAR'S HOLE_5031,56,BEGGAR'S HOLE,5031,DeKuyper Peppermint Schnapp,1.75L,6,14.99,2024-01-01
69_MOUNTMEND_5747,69,MOUNTMEND,5747,Malibu Pineapple Rum,750mL,18,12.99,2024-01-01
64_CESTERFIELD_20251,64,CESTERFIELD,20251,Round Pond Est Svgn Bl Napa,750mL,16,22.99,2024-01-01
52_GRAYCOTT_34175,52,GRAYCOTT,34175,Lindemans Bin 50 Shiraz,1.5L,29,9.99,2024-01-01
66_EANVERNESS_5318,66,EANVERNESS,5318,Benedictine Liqueur Dom,750mL,34,24.99,2024-01-01
66_EANVERNESS_39491,66,EANVERNESS,39491,Flag Hill Red Raspberry Fru,750mL,22,13.99,2024-01-01
64_CESTERFIELD_29169,64,CESTERFIELD,29169,Franzia Tap Merlot,5L,12,17.99,2024-01-01
67_EANVERNESS_42462,67,EANVERNESS,42462,Gnarly Head Old Vine Znfdl,750mL,86,9.99,2024-01-01
52_GRAYCOTT_2609,52,GRAYCOTT,2609,Pigs Nose Scotch,750mL,4,24.99,2024-01-01
66_EANVERNESS_8103,66,EANVERNESS,8103,Sauza Gold Tequila,50mL,127,0.99,2024-01-01
63_SWORDBREAK_5628,63,SWORDBREAK,5628,Baja Rosa Strawberry Liqueur,750mL,8,9.99,2024-01-01
74_PAENTMARWY_31231,74,PAENTMARWY,31231,Nobilo Svgn Bl MarlborougH,750mL,14,9.99,2024-01-01
66_EANVERNESS_29619,66,EANVERNESS,29619,Schmitt Sohne Auslese,750mL,13,15.99,2024-01-01
51_ABERDEEN_44717,51,ABERDEEN,44717,Dom Chandon Rose Spklg,750mL,12,13.99,2024-01-01
47_PELLA'S WISH_31458,47,PELLA'S WISH,31458,Foxhorn Wh Znfdl Cal,1.5L,6,7.99,2024-01-01
61_AETHELNEY_27867,61,AETHELNEY,27867,Vendange Merlot,1.5L,14,6.99,2024-01-01
69_MOUNTMEND_28887,69,MOUNTMEND,28887,Livingston Nat Flvrs Chard,3L,1,12.99,2024-01-01
49_GARIGILL_3439,49,GARIGILL,3439,Broker's London Dry Gin,750mL,9,16.99,2024-01-01
69_MOUNTMEND_5308,69,MOUNTMEND,5308,Paul Masson Red Berry Brandy,50mL,36,0.99,2024-01-01
61_AETHELNEY_43872,61,AETHELNEY,43872,Joseph Carr Cab Svgn Napa,750mL,23,19.99,2024-01-01
75_BARNCOMBE_42420,75,BARNCOMBE,42420,Yellow Tail Pnt Grigio Ausl,750mL,9,7.99,2024-01-01
41_LARNWICK_21517,41,LARNWICK,21517,Riunite Lambrusco Cuties,187mL,5,7.79,2024-01-01
66_EANVERNESS_13397,66,EANVERNESS,13397,Dom Seguinot-Bordet Chablis,750mL,12,19.99,2024-01-01
66_EANVERNESS_4416,66,EANVERNESS,4416,Cruzan Coconut Flavored Rum,750mL,38,9.99,2024-01-01
66_EANVERNESS_24281,66,EANVERNESS,24281,Col D'Orcia Brunello Montalc,750mL,3,109.99,2024-01-01
69_MOUNTMEND_25382,69,MOUNTMEND,25382,Drouhin Laforet Red Bourgog,750mL,20,17.99,2024-01-01
56_BEGGAR'S HOLE_29996,56,BEGGAR'S HOLE,29996,Wild Horse CC Cab Svgn,750mL,43,16.99,2024-01-01
44_PORTHCRAWL_29619,44,PORTHCRAWL,29619,Schmitt Sohne Auslese,750mL,9,15.99,2024-01-01
44_PORTHCRAWL_5378,44,PORTHCRAWL,5378,Galliano L'Autentico Liqueur,750mL,4,25.99,2024-01-01
67_EANVERNESS_13895,67,EANVERNESS,13895,Mohua Pinot Noir,750mL,12,14.99,2024-01-01
48_NORFOLK_41159,48,NORFOLK,41159,Phillips Earthquake Ld Znfdl,750mL,7,23.99,2024-01-01
67_EANVERNESS_8671,67,EANVERNESS,8671,Appleton Est Signature Rum,750mL,19,19.99,2024-01-01
45_VERITAS_3486,45,VERITAS,3486,Tanqueray,375mL,16,12.99,2024-01-01
73_DONCASTER_22903,73,DONCASTER,22903,Banfi Sangiovese CollePino,750mL,6,10.99,2024-01-01
57_LANTEGLOS_3488,57,LANTEGLOS,3488,Tanqueray,750mL,8,19.99,2024-01-01
65_LUTON_14805,65,LUTON,14805,Ninety+Cellars Lot 23 Malbec,750mL,15,10.99,2024-01-01
73_DONCASTER_36376,73,DONCASTER,36376,Sebastiani Pnt Nr Sonoma,750mL,23,15.99,2024-01-01
43_WOLFORD_5415,43,WOLFORD,5415,Amaretto di Amore,1.75L,7,13.99,2024-01-01
57_LANTEGLOS_5014,57,LANTEGLOS,5014,Penn Dutch Pumpkin Cr Liquer,750mL,3,6.99,2024-01-01
68_SOLARIS_3694,68,SOLARIS,3694,Stolichnaya Razberi,750mL,23,16.99,2024-01-01
55_DRY GULCH_23438,55,DRY GULCH,23438,Frost Bitten Ice Rsl,375mL,0,12.99,2024-01-01
57_LANTEGLOS_5403,57,LANTEGLOS,5403,Amaretto di Amore,750mL,15,9.99,2024-01-01
76_DONCASTER_8696,76,DONCASTER,8696,Gekkeikan Plum Wine,750mL,11,10.99,2024-01-01
47_PELLA'S WISH_2946,47,PELLA'S WISH,2946,Highland Park 15 Yr Old,750mL,9,79.99,2024-01-01
57_LANTEGLOS_3896,57,LANTEGLOS,3896,Zhenka Vodka,375mL,21,3.29,2024-01-01
59_CLAETHORPES_8450,59,CLAETHORPES,8450,E & J Brandy VS,1.75L,16,18.99,2024-01-01
55_DRY GULCH_10715,55,DRY GULCH,10715,C Y Toro Privada Rsv Casa Di,750mL,15,14.99,2024-01-01
64_CESTERFIELD_37842,64,CESTERFIELD,37842,Dona Paula Malbec Mendoza,750mL,18,11.99,2024-01-01
58_HARTLEPOOL_6960,58,HARTLEPOOL,6960,Cooks Brut,750mL,17,6.99,2024-01-01
55_DRY GULCH_6872,55,DRY GULCH,6872,Marquis de Chasse Red Gines,750mL,0,9.99,2024-01-01
49_GARIGILL_26827,49,GARIGILL,26827,Cavit Merlot Trentino,1.5L,9,9.99,2024-01-01
66_EANVERNESS_15871,66,EANVERNESS,15871,Cyan Toro Zamora,750mL,9,15.99,2024-01-01
49_GARIGILL_33960,49,GARIGILL,33960,Allegrini Valpolicella Clsc,750mL,23,14.99,2024-01-01
67_EANVERNESS_3282,67,EANVERNESS,3282,Skyy Watermelon Fresca Vodka,50mL,122,0.99,2024-01-01
68_SOLARIS_3884,68,SOLARIS,3884,Bracero Blanco Tequila,750mL,8,37.99,2024-01-01
73_DONCASTER_2897,73,DONCASTER,2897,Haig Club Scotch,750mL,2,59.99,2024-01-01
49_GARIGILL_2212,49,GARIGILL,2212,Canadian Rich & Rare,1.75L,18,10.99,2024-01-01
55_DRY GULCH_36209,55,DRY GULCH,36209,Big House White,750mL,9,7.99,2024-01-01
46_TYWARDREATH_8358,46,TYWARDREATH,8358,Bacardi 151 Proof,750mL,12,19.99,2024-01-01
55_DRY GULCH_5268,55,DRY GULCH,5268,Mr Boston Rock & Rye,750mL,22,8.99,2024-01-01
44_PORTHCRAWL_1384,44,PORTHCRAWL,1384,Bulleit 95 Rye,750mL,37,27.99,2024-01-01
68_SOLARIS_10931,68,SOLARIS,10931,Bridlewood Chard Monterey,750mL,24,11.99,2024-01-01
47_PELLA'S WISH_6285,47,PELLA'S WISH,6285,Gallo Twin Valley Wh Znfdl C,1.5L,9,9.99,2024-01-01
59_CLAETHORPES_22027,59,CLAETHORPES,22027,Jacobs Crk Cab Svgn,750mL,15,7.99,2024-01-01
71_CLARCTON_1066,71,CLARCTON,1066,DiSaronno Cavalli Glass Pack,750mL,0,19.99,2024-01-01
66_EANVERNESS_5838,66,EANVERNESS,5838,Agave Loco Pepper Cured Teq,750mL,4,24.99,2024-01-01
67_EANVERNESS_27145,67,EANVERNESS,27145,Schmitt Sohne QbA,750mL,22,8.99,2024-01-01
60_IRRAGIN_2114,60,IRRAGIN,2114,Black Velvet Canadian Whisky,1.75L,210,12.99,2024-01-01
60_IRRAGIN_2368,60,IRRAGIN,2368,Balvenie 17 Yr Doublewood,750mL,5,139.99,2024-01-01
66_EANVERNESS_25140,66,EANVERNESS,25140,Nicole Chanrion Cote de Brou,750mL,12,24.99,2024-01-01
53_HILLFAR_46568,53,HILLFAR,46568,R M Woodbridge Cab/Merlot,1.5L,13,8.99,2024-01-01
50_MOUNTMEND_34429,50,MOUNTMEND,34429,Frei Bros RSV Mendcno Merlot,750mL,16,16.99,2024-01-01
55_DRY GULCH_2991,55,DRY GULCH,2991,Tullibardine Single Malt,750mL,8,49.99,2024-01-01
72_HARDERSFIELD_743,72,HARDERSFIELD,743,Angels Envy Whiskey,750mL,1,49.99,2024-01-01
48_NORFOLK_5128,48,NORFOLK,5128,Carolans Irish Cream,750mL,11,11.49,2024-01-01
62_KILMARNOCK_3139,62,KILMARNOCK,3139,Grey Goose Le Melon,750mL,2,23.99,2024-01-01
55_DRY GULCH_41251,55,DRY GULCH,41251,Beringer Classic Pnt Grigio,750mL,52,5.99,2024-01-01
49_GARIGILL_4724,49,GARIGILL,4724,Patron Citronge Lime Liqueur,750mL,9,20.99,2024-01-01
73_DONCASTER_2247,73,DONCASTER,2247,Balvenie Portwood 21 Yr Sin,750mL,4,204.99,2024-01-01
64_CESTERFIELD_36510,64,CESTERFIELD,36510,Yalumba Y Series Shiraz Ausl,750mL,12,11.99,2024-01-01
66_EANVERNESS_5146,66,EANVERNESS,5146,Pama Pomegranate Liqueur,750mL,24,17.99,2024-01-01
55_DRY GULCH_23022,55,DRY GULCH,23022,Jarhead Chard,750mL,6,13.99,2024-01-01
50_MOUNTMEND_5817,50,MOUNTMEND,5817,GranGala Triple Orange,1.75L,14,29.99,2024-01-01
50_MOUNTMEND_29212,50,MOUNTMEND,29212,R Mondavi Merlot Pvt Sel,750mL,18,7.99,2024-01-01
74_PAENTMARWY_5230,74,PAENTMARWY,5230,Bacardi Party Drinks Bahama,1.75L,10,15.99,2024-01-01
54_GUTHRAM_1921,54,GUTHRAM,1921,Glenfiddich Special Rsv 12,1.75L,9,67.99,2024-01-01
54_GUTHRAM_25264,54,GUTHRAM,25264,Pommery Falltime Extra Dry C,750mL,14,29.99,2024-01-01
67_EANVERNESS_6461,67,EANVERNESS,6461,Blood Orange Liqueur,750mL,67,14.49,2024-01-01
51_ABERDEEN_2182,51,ABERDEEN,2182,McClelland Islay Single Mal,750mL,5,18.99,2024-01-01
56_BEGGAR'S HOLE_21673,56,BEGGAR'S HOLE,21673,Juan Gil Dry Wh Muscat Jumil,750mL,3,9.99,2024-01-01
60_IRRAGIN_2443,60,IRRAGIN,2443,Seagrams VO,1.75L,45,20.99,2024-01-01
64_CESTERFIELD_11441,64,CESTERFIELD,11441,Frei Bros Rsv Znfdl,750mL,12,16.99,2024-01-01
55_DRY GULCH_28856,55,DRY GULCH,28856,Seghesio Znfdl Sonoma,750mL,39,19.99,2024-01-01
46_TYWARDREATH_3967,46,TYWARDREATH,3967,Deep Eddy Ruby Red,750mL,4,18.99,2024-01-01
63_SWORDBREAK_3045,63,SWORDBREAK,3045,Pinnacle Salted Caramel,750mL,9,10.99,2024-01-01
72_HARDERSFIELD_32989,72,HARDERSFIELD,32989,Barefoot Cab Svgn Cal,1.5L,11,10.99,2024-01-01
54_GUTHRAM_5103,54,GUTHRAM,5103,Fireball Cinnamon Whisky,1.75L,16,23.99,2024-01-01
61_AETHELNEY_5285,61,AETHELNEY,5285,Jacquin Triple Sec,750mL,30,7.99,2024-01-01
69_MOUNTMEND_6145,69,MOUNTMEND,6145,Marcus James Cab Svgn,1.5L,13,7.99,2024-01-01
60_IRRAGIN_8781,60,IRRAGIN,8781,Rodney Strong Cab Svgn,750mL,94,15.99,2024-01-01
73_DONCASTER_9037,73,DONCASTER,9037,Prairie Organic Cucumber Vod,750mL,10,15.99,2024-01-01
47_PELLA'S WISH_5212,47,PELLA'S WISH,5212,Margaritaville Silver,1.75L,5,19.99,2024-01-01
73_DONCASTER_8130,73,DONCASTER,8130,Bacardi Superior Rum,50mL,204,1.29,2024-01-01
69_MOUNTMEND_822,69,MOUNTMEND,822,Tanqueray,Liter,32,26.99,2024-01-01
53_HILLFAR_42413,53,HILLFAR,42413,R M Woodbridge Rsl,1.5L,25,8.99,2024-01-01
49_GARIGILL_37601,49,GARIGILL,37601,Hardys Cab Svgn Ausl,3L,5,16.99,2024-01-01
73_DONCASTER_2988,73,DONCASTER,2988,Sauza 901 Silver Tequila,750mL,12,24.99,2024-01-01
74_PAENTMARWY_3755,74,PAENTMARWY,3755,Russian Standard Original,750mL,15,15.99,2024-01-01
50_MOUNTMEND_3894,50,MOUNTMEND,3894,Zhenka Vodka 100 Proof,1.75L,16,11.99,2024-01-01
55_DRY GULCH_11227,55,DRY GULCH,11227,Girard Svgn Bl Napa Vly,750mL,16,14.99,2024-01-01
73_DONCASTER_32367,73,DONCASTER,32367,Cavit Pinot Noir Delle Vene,750mL,36,8.99,2024-01-01
55_DRY GULCH_2897,55,DRY GULCH,2897,Haig Club Scotch,750mL,0,59.99,2024-01-01
68_SOLARIS_1771,68,SOLARIS,1771,Jack Daniels Tennessee Fire,50mL,0,2.99,2024-01-01
55_DRY GULCH_8451,55,DRY GULCH,8451,Cruzan Aged Dark Rum,1.75L,33,16.99,2024-01-01
59_CLAETHORPES_800,59,CLAETHORPES,800,Jameson Irish Whiskey,Liter,36,32.99,2024-01-01
49_GARIGILL_13718,49,GARIGILL,13718,Redwood Creek Malbec,1.5L,6,10.99,2024-01-01
59_CLAETHORPES_1239,59,CLAETHORPES,1239,Booker's Bourbon,750mL,6,50.99,2024-01-01
70_KELD_3871,70,KELD,3871,Smirnoff Watermelon Vodka,750mL,21,12.99,2024-01-01
68_SOLARIS_43223,68,SOLARIS,43223,Ch Beauchene Cotes du Rhone,750mL,39,8.95,2024-01-01
43_WOLFORD_5378,43,WOLFORD,5378,Galliano L'Autentico Liqueur,750mL,3,25.99,2024-01-01
42_BLACK HOLLOW_15057,42,BLACK HOLLOW,15057,Cono Sur Organic Cab Svgn,750mL,6,11.99,2024-01-01
62_KILMARNOCK_4783,62,KILMARNOCK,4783,Mr Boston Apricot Brandy,1.75L,9,13.99,2024-01-01
49_GARIGILL_36199,49,GARIGILL,36199,Four Vines Naked Chard,750mL,3,11.99,2024-01-01
68_SOLARIS_43043,68,SOLARIS,43043,Yellow Tail Rsl,750mL,15,7.99,2024-01-01
61_AETHELNEY_8203,61,AETHELNEY,8203,Grand Marnier,50mL,47,2.99,2024-01-01
71_CLARCTON_2787,71,CLARCTON,2787,Glenrothes Vintage Rsv,750mL,6,43.99,2024-01-01
52_GRAYCOTT_1359,52,GRAYCOTT,1359,Knob Creek Rye,750mL,4,27.99,2024-01-01
76_DONCASTER_25281,76,DONCASTER,25281,Ransom Dry Vermouth,500mL,5,18.99,2024-01-01
55_DRY GULCH_3945,55,DRY GULCH,3945,Sauza Conmemorativo,750mL,22,17.99,2024-01-01
52_GRAYCOTT_6398,52,GRAYCOTT,6398,BV Coastal Estate Cab Svgn,750mL,12,10.99,2024-01-01
69_MOUNTMEND_6225,69,MOUNTMEND,6225,St Germain Liqueur,50mL,4,3.99,2024-01-01
59_CLAETHORPES_40425,59,CLAETHORPES,40425,Mionetto Prosecco Brut,750mL,93,9.95,2024-01-01
56_BEGGAR'S HOLE_4060,56,BEGGAR'S HOLE,4060,Sauza Cucumber Chili Tequila,750mL,6,14.99,2024-01-01
47_PELLA'S WISH_6651,47,PELLA'S WISH,6651,Rocca Delle Macie Chianti C,750mL,12,11.99,2024-01-01
42_BLACK HOLLOW_23479,42,BLACK HOLLOW,23479,HandCraft Pnt Grigio,750mL,24,8.99,2024-01-01
52_GRAYCOTT_1228,52,GRAYCOTT,1228,Glenfiddich Ancient RSV 18,750mL,2,94.99,2024-01-01
68_SOLARIS_2226,68,SOLARIS,2226,Jim Beam Devils Cut,1.75L,6,36.99,2024-01-01
63_SWORDBREAK_5268,63,SWORDBREAK,5268,Mr Boston Rock & Rye,750mL,14,8.99,2024-01-01
47_PELLA'S WISH_1737,47,PELLA'S WISH,1737,Makers Mark,1.75L,10,48.99,2024-01-01
73_DONCASTER_36473,73,DONCASTER,36473,The Crossings Svgn Bl Marlbo,750mL,30,14.99,2024-01-01
74_PAENTMARWY_2212,74,PAENTMARWY,2212,Canadian Rich & Rare,1.75L,9,10.99,2024-01-01
45_VERITAS_3389,45,VERITAS,3389,Seagrams Extra Dry Gin,1.75L,25,16.99,2024-01-01
43_WOLFORD_8737,43,WOLFORD,8737,Freixenet Cordon Negro Brut,750mL,2,10.99,2024-01-01
64_CESTERFIELD_5033,64,CESTERFIELD,5033,Fireball Cinnamon Whisky,Liter,1,16.99,2024-01-01
47_PELLA'S WISH_8111,47,PELLA'S WISH,8111,Smirnoff 80 Proof,50mL,48,0.99,2024-01-01
55_DRY GULCH_896,55,DRY GULCH,896,Rumpleminze,Liter,4,23.99,2024-01-01
66_EANVERNESS_3598,66,EANVERNESS,3598,Ice Pik Vodka,750mL,12,13.99,2024-01-01
52_GRAYCOTT_26949,52,GRAYCOTT,26949,Sonoma-Cutrer Chard RRV,750mL,8,22.99,2024-01-01
50_MOUNTMEND_6660,50,MOUNTMEND,6660,Carlo Rossi Paisano Calif,4L,13,14.99,2024-01-01
67_EANVERNESS_4282,67,EANVERNESS,4282,Capt Morgan White Pineapple,750mL,81,12.99,2024-01-01
70_KELD_3595,70,KELD,3595,Smirnoff Blue 100 Proof,750mL,10,15.99,2024-01-01
76_DONCASTER_21730,76,DONCASTER,21730,Ch Les Ormes Saint-Julien,750mL,12,57.99,2024-01-01
61_AETHELNEY_2087,61,AETHELNEY,2087,Uncle Val's Peppered Gin,750mL,6,33.99,2024-01-01
69_MOUNTMEND_45601,69,MOUNTMEND,45601,Luigi Bosca Malbec,750mL,18,16.99,2024-01-01
51_ABERDEEN_46599,51,ABERDEEN,46599,Primaterra Primitivo,750mL,7,10.99,2024-01-01
76_DONCASTER_6670,76,DONCASTER,6670,Pinnacle Pineapple Vodka,750mL,20,9.99,2024-01-01
72_HARDERSFIELD_44828,72,HARDERSFIELD,44828,Nicolis Valpo Clsc,750mL,1,13.99,2024-01-01
55_DRY GULCH_18095,55,DRY GULCH,18095,Layer Cake Garnacha,750mL,19,15.99,2024-01-01
50_MOUNTMEND_2183,50,MOUNTMEND,2183,McClelland Highland Single,750mL,13,18.99,2024-01-01
68_SOLARIS_43450,68,SOLARIS,43450,Fish Eye Pnt Grigio,3L,8,16.99,2024-01-01
67_EANVERNESS_1515,67,EANVERNESS,1515,Old Overholt,750mL,12,13.99,2024-01-01
61_AETHELNEY_5054,61,AETHELNEY,5054,Jagermeister Spice,50mL,100,1.99,2024-01-01
76_DONCASTER_6995,76,DONCASTER,6995,Carlo Rossi Spanada Sangria,1.5L,6,6.99,2024-01-01
69_MOUNTMEND_8943,69,MOUNTMEND,8943,Malibu Rum Sparkler RTD,750mL,12,14.99,2024-01-01
64_CESTERFIELD_32832,64,CESTERFIELD,32832,Cesari Valpolicella Clsc Am,750mL,5,29.99,2024-01-01
76_DONCASTER_6724,76,DONCASTER,6724,Black Opal Cashmore Cab Svgn,750mL,33,7.99,2024-01-01
71_CLARCTON_24700,71,CLARCTON,24700,Cavas Hill 1887 Brut Cava,750mL,11,12.99,2024-01-01
71_CLARCTON_18813,71,CLARCTON,18813,Sweet Baby Vyds Raspberry,375mL,3,11.99,2024-01-01
54_GUTHRAM_33873,54,GUTHRAM,33873,Bella Sera Pnt Grigio Del,750mL,24,6.49,2024-01-01
44_PORTHCRAWL_36284,44,PORTHCRAWL,36284,Gruet Brut New Mexico,750mL,24,16.99,2024-01-01
46_TYWARDREATH_24088,46,TYWARDREATH,24088,Hess Select Cab Svgn,750mL,16,16.99,2024-01-01
60_IRRAGIN_19360,60,IRRAGIN,19360,Finca La Linda Cab Svgn,750mL,3,10.99,2024-01-01
61_AETHELNEY_4317,61,AETHELNEY,4317,Pyrat XO Reserve Rum,750mL,7,32.99,2024-01-01
66_EANVERNESS_34825,66,EANVERNESS,34825,J Vineyards Pnt Gris,750mL,22,17.99,2024-01-01
58_HARTLEPOOL_3562,58,HARTLEPOOL,3562,Pearl Vodka,50mL,123,0.99,2024-01-01
74_PAENTMARWY_10727,74,PAENTMARWY,10727,Starborough Svgn Bl Marlboro,750mL,50,7.95,2024-01-01
76_DONCASTER_31070,76,DONCASTER,31070,Treana Red Calif,750mL,18,19.99,2024-01-01
51_ABERDEEN_5847,51,ABERDEEN,5847,Godiva Chocolate Liqueur,750mL,18,21.99,2024-01-01
71_CLARCTON_39708,71,CLARCTON,39708,R Mondavi Pvt Sln Pnt Grigio,750mL,23,7.99,2024-01-01
72_HARDERSFIELD_6958,72,HARDERSFIELD,6958,Vendange Svgn Bl,1.5L,13,7.99,2024-01-01
54_GUTHRAM_3174,54,GUTHRAM,3174,Cold River Vodka,750mL,14,29.99,2024-01-01
69_MOUNTMEND_32054,69,MOUNTMEND,32054,Greg Norman Lmstn Cab/Merlot,750mL,23,11.99,2024-01-01
66_EANVERNESS_20863,66,EANVERNESS,20863,W Hill Est Chard N Coast,750mL,14,12.99,2024-01-01
66_EANVERNESS_2492,66,EANVERNESS,2492,Crown Royal Hand Slct Barrel,750mL,61,54.99,2024-01-01
50_MOUNTMEND_8619,50,MOUNTMEND,8619,Canadian Club,375mL,32,5.99,2024-01-01
69_MOUNTMEND_6322,69,MOUNTMEND,6322,Rene Junot Red,1.5L,9,11.99,2024-01-01
49_GARIGILL_6168,49,GARIGILL,6168,Kinky Pink Liqueur,375mL,10,7.99,2024-01-01
59_CLAETHORPES_21033,59,CLAETHORPES,21033,Taylor Fladgate 20-Yr Tawny,750mL,23,38.99,2024-01-01
64_CESTERFIELD_23778,64,CESTERFIELD,23778,M Chiarlo Barbera D'Asti,750mL,19,10.99,2024-01-01
44_PORTHCRAWL_8622,44,PORTHCRAWL,8622,Dom Perignon,750mL,3,134.99,2024-01-01
54_GUTHRAM_8565,54,GUTHRAM,8565,Skinnygirl Sprklng Margarita,750mL,7,10.99,2024-01-01
50_MOUNTMEND_4387,50,MOUNTMEND,4387,Allens Coffee Brandy Trv,750mL,10,8.49,2024-01-01
47_PELLA'S WISH_21019,47,PELLA'S WISH,21019,Black Box Pnt Nr,3L,4,18.99,2024-01-01
60_IRRAGIN_46783,60,IRRAGIN,46783,Oops Voluptuous Beauty Valle,750mL,9,9.99,2024-01-01
54_GUTHRAM_8929,54,GUTHRAM,8929,Sebastiani Chard Sonoma,750mL,22,12.99,2024-01-01
67_EANVERNESS_32906,67,EANVERNESS,32906,Sterling Vintners Cab Svgn C,750mL,166,10.99,2024-01-01
56_BEGGAR'S HOLE_14805,56,BEGGAR'S HOLE,14805,Ninety+Cellars Lot 23 Malbec,750mL,6,10.99,2024-01-01
69_MOUNTMEND_5371,69,MOUNTMEND,5371,Dr McGillicudy's Buttersctch,50mL,0,0.99,2024-01-01
45_VERITAS_2589,45,VERITAS,2589,Jameson Irish Whiskey,1.75L,35,39.99,2024-01-01
50_MOUNTMEND_8231,50,MOUNTMEND,8231,Folonari Valpolicella,1.5L,8,12.99,2024-01-01
71_CLARCTON_19218,71,CLARCTON,19218,Veuve Clicquot Brut Grande,750mL,6,119.99,2024-01-01
71_CLARCTON_8130,71,CLARCTON,8130,Bacardi Superior Rum,50mL,148,1.29,2024-01-01
59_CLAETHORPES_11141,59,CLAETHORPES,11141,C K Mondavi Chard,1.5L,28,9.99,2024-01-01
59_CLAETHORPES_2902,59,CLAETHORPES,2902,Stranahan's Colorado Whiskey,750mL,4,46.99,2024-01-01
66_EANVERNESS_3045,66,EANVERNESS,3045,Pinnacle Salted Caramel,750mL,36,10.99,2024-01-01
68_SOLARIS_8107,68,SOLARIS,8107,Wild Turkey 101,1.75L,16,34.99,2024-01-01
59_CLAETHORPES_3568,59,CLAETHORPES,3568,Pearl Cucumber Vodka,50mL,162,0.99,2024-01-01
73_DONCASTER_24365,73,DONCASTER,24365,Mommessin Les Gr Morgon C Py,750mL,1,24.99,2024-01-01
69_MOUNTMEND_6498,69,MOUNTMEND,6498,Franzia Chablis Old World C,5L,21,16.99,2024-01-01
55_DRY GULCH_2123,55,DRY GULCH,2123,Angels Envy Rye,750mL,0,79.99,2024-01-01
66_EANVERNESS_1737,66,EANVERNESS,1737,Makers Mark,1.75L,38,48.99,2024-01-01
61_AETHELNEY_8242,61,AETHELNEY,8242,Folonari Soave Dry White,1.5L,9,12.99,2024-01-01
76_DONCASTER_5505,76,DONCASTER,5505,Pallini Limoncello Liqueur,750mL,39,18.99,2024-01-01
70_KELD_6932,70,KELD,6932,Santa Rita 120 Chard,750mL,7,5.99,2024-01-01
74_PAENTMARWY_1178,74,PAENTMARWY,1178,Evan Williams Black Label B,750mL,17,11.49,2024-01-01
65_LUTON_5342,65,LUTON,5342,Grand Marnier,750mL,15,26.99,2024-01-01
64_CESTERFIELD_6329,64,CESTERFIELD,6329,R M Woodbridge Wh Znfdl Cal,1.5L,15,9.99,2024-01-01
74_PAENTMARWY_8680,74,PAENTMARWY,8680,Crown Royal,1.75L,88,38.99,2024-01-01
45_VERITAS_3487,45,VERITAS,3487,Stolichnaya Blueberi,750mL,9,16.99,2024-01-01
53_HILLFAR_1269,53,HILLFAR,1269,Jeffersons Bourbon,750mL,6,25.99,2024-01-01
54_GUTHRAM_8677,54,GUTHRAM,8677,Wild Turkey Rare Breed,750mL,3,35.99,2024-01-01
74_PAENTMARWY_15105,74,PAENTMARWY,15105,Kendall Jackson Avant Chard,750mL,70,9.95,2024-01-01
63_SWORDBREAK_4252,63,SWORDBREAK,4252,Bacardi Limon Rum,50mL,82,0.99,2024-01-01
66_EANVERNESS_37656,66,EANVERNESS,37656,MacMurray Ranch Sonma Pnt Nr,750mL,36,19.99,2024-01-01
67_EANVERNESS_31500,67,EANVERNESS,31500,Barefoot Wh Znfdl Cal,750mL,13,4.99,2024-01-01
55_DRY GULCH_43489,55,DRY GULCH,43489,Ken Forrester Petit Chenin B,750mL,9,11.99,2024-01-01
42_BLACK HOLLOW_4878,42,BLACK HOLLOW,4878,Allens Coffee Brandy,750mL,15,6.99,2024-01-01
54_GUTHRAM_3062,54,GUTHRAM,3062,Russian Standard Platinum,750mL,12,19.99,2024-01-01
61_AETHELNEY_37607,61,AETHELNEY,37607,Hardys Shiraz Ausl,3L,6,16.99,2024-01-01
50_MOUNTMEND_5147,50,MOUNTMEND,5147,Pallini Limoncello Liqueur,375mL,15,11.99,2024-01-01
67_EANVERNESS_12943,67,EANVERNESS,12943,Middle Sister Drama Queen Pi,750mL,29,9.99,2024-01-01
67_EANVERNESS_19687,67,EANVERNESS,19687,BT Termanthia 10 Toro Red,750mL,6,153.99,2024-01-01
69_MOUNTMEND_2917,69,MOUNTMEND,2917,Paddy's Irish Whiskey,750mL,11,19.99,2024-01-01
68_SOLARIS_2158,68,SOLARIS,2158,Sortilege Liqueur,375mL,6,19.99,2024-01-01
60_IRRAGIN_16761,60,IRRAGIN,16761,Dolin Dry White Vermouth,750mL,14,13.99,2024-01-01
42_BLACK HOLLOW_1385,42,BLACK HOLLOW,1385,Makers Mark,750mL,36,26.99,2024-01-01
66_EANVERNESS_21369,66,EANVERNESS,21369,Kendall Jackson Grand Pnt Nr,750mL,17,21.99,2024-01-01
66_EANVERNESS_37083,66,EANVERNESS,37083,Jewell Towne Cayuga Wh NH,750mL,25,11.49,2024-01-01
57_LANTEGLOS_3768,57,LANTEGLOS,3768,Jenkins Vodka,750mL,14,4.99,2024-01-01
72_HARDERSFIELD_4243,72,HARDERSFIELD,4243,Bacardi Superior Rum,1.75L,106,19.99,2024-01-01
73_DONCASTER_4272,73,DONCASTER,4272,Smith & Cross Jamacian Rum,750mL,20,29.99,2024-01-01
67_EANVERNESS_6590,67,EANVERNESS,6590,Almaden B/B Wh Znfdl Cal,5L,11,14.99,2024-01-01
46_TYWARDREATH_23595,46,TYWARDREATH,23595,Almaden Burgundy B/B,5L,7,14.99,2024-01-01
73_DONCASTER_19855,73,DONCASTER,19855,Davis Bynum Jane's Vyd Pnt,750mL,64,29.99,2024-01-01
49_GARIGILL_5855,49,GARIGILL,5855,Kahlua Salted Caramel,750mL,7,20.99,2024-01-01
76_DONCASTER_17175,76,DONCASTER,17175,Beringer Classic Cab Svgn,1.5L,97,7.99,2024-01-01
65_LUTON_3668,65,LUTON,3668,Belvedere Polish Vodka,1.75L,13,42.99,2024-01-01
71_CLARCTON_17345,71,CLARCTON,17345,Bogle Essential Red,750mL,20,9.99,2024-01-01
56_BEGGAR'S HOLE_16655,56,BEGGAR'S HOLE,16655,Dom Bousquet Cab Svgn Mendza,750mL,34,10.99,2024-01-01
71_CLARCTON_45848,71,CLARCTON,45848,Kendall Jackson Summation Re,750mL,17,9.95,2024-01-01
73_DONCASTER_35716,73,DONCASTER,35716,Miner Gary's Vyd Pnt Nr,750mL,2,56.99,2024-01-01
68_SOLARIS_2868,68,SOLARIS,2868,Mortlach Single Malt Scotch,750mL,3,89.99,2024-01-01
59_CLAETHORPES_3121,59,CLAETHORPES,3121,Pinnacle Rainbow Sherbet,750mL,14,9.99,2024-01-01
64_CESTERFIELD_25984,64,CESTERFIELD,25984,C Y Toro Casa Diablo Svgn Bl,750mL,13,9.99,2024-01-01
68_SOLARIS_42765,68,SOLARIS,42765,14 Hands Chard Wash,750mL,11,8.95,2024-01-01
55_DRY GULCH_3138,55,DRY GULCH,3138,Svedka 100 Vodka,750mL,7,11.99,2024-01-01
65_LUTON_8027,65,LUTON,8027,Absolut Mandrin,50mL,27,1.99,2024-01-01
69_MOUNTMEND_3738,69,MOUNTMEND,3738,Three Olives Chocolate Vodka,750mL,0,11.99,2024-01-01
60_IRRAGIN_21730,60,IRRAGIN,21730,Ch Les Ormes Saint-Julien,750mL,8,57.99,2024-01-01
63_SWORDBREAK_36558,63,SWORDBREAK,36558,Cruz Garcia Real Sangria Re,1.5L,11,9.99,2024-01-01
68_SOLARIS_1623,68,SOLARIS,1623,Bulleit 95 Rye,375mL,16,12.99,2024-01-01
42_BLACK HOLLOW_11480,42,BLACK HOLLOW,11480,Candia Vyds Noiret Vault RSV,750mL,11,14.99,2024-01-01
63_SWORDBREAK_3238,63,SWORDBREAK,3238,Hendrick's Gin,750mL,7,29.99,2024-01-01
76_DONCASTER_4201,76,DONCASTER,4201,Calico Jack Silver Rum,1.75L,22,12.99,2024-01-01
43_WOLFORD_31915,43,WOLFORD,31915,F Coppola Diamond Chard,750mL,11,12.99,2024-01-01
75_BARNCOMBE_3726,75,BARNCOMBE,3726,Gilbeys Vodka Traveler,750mL,33,4.99,2024-01-01
48_NORFOLK_8144,48,NORFOLK,8144,Corralejo Reposado Tequila,750mL,4,29.99,2024-01-01
76_DONCASTER_24124,76,DONCASTER,24124,Tarima 14 Blanco Alicante,750mL,22,8.99,2024-01-01
56_BEGGAR'S HOLE_23595,56,BEGGAR'S HOLE,23595,Almaden Burgundy B/B,5L,6,14.99,2024-01-01
76_DONCASTER_10715,76,DONCASTER,10715,C Y Toro Privada Rsv Casa Di,750mL,10,14.99,2024-01-01
65_LUTON_6567,65,LUTON,6567,Clos du Bois Merlot N Cst,750mL,22,8.99,2024-01-01
50_MOUNTMEND_4385,50,MOUNTMEND,4385,Parrot Bay 90 Coconut Capt,1.75L,18,24.99,2024-01-01
63_SWORDBREAK_8053,63,SWORDBREAK,8053,Seagrams 7 Crown,50mL,169,0.99,2024-01-01
66_EANVERNESS_24857,66,EANVERNESS,24857,Ch du Parc Brdx Rouge,750mL,22,12.99,2024-01-01
56_BEGGAR'S HOLE_16246,56,BEGGAR'S HOLE,16246,Domino Chard,1.5L,6,7.99,2024-01-01
51_ABERDEEN_802,51,ABERDEEN,802,Bacardi Torched Cherry Rum,750mL,17,9.99,2024-01-01
69_MOUNTMEND_20549,69,MOUNTMEND,20549,Fifty Shades Of Grey Wh Silk,750mL,20,10.99,2024-01-01
48_NORFOLK_3591,48,NORFOLK,3591,Absolut Vanilia,750mL,20,17.99,2024-01-01
49_GARIGILL_39550,49,GARIGILL,39550,Aquinas Cab Svgn,750mL,12,18.99,2024-01-01
56_BEGGAR'S HOLE_2661,56,BEGGAR'S HOLE,2661,Laphroaig Cask Strength 10Yr,750mL,4,61.99,2024-01-01
76_DONCASTER_4760,76,DONCASTER,4760,Kinky Flame Whisky,750mL,110,16.99,2024-01-01
59_CLAETHORPES_33874,59,CLAETHORPES,33874,Bella Sera Pinot Grigio Del,1.5L,19,9.99,2024-01-01
66_EANVERNESS_43615,66,EANVERNESS,43615,Talbott Kali Hart Vyd Pnt Nr,750mL,8,18.99,2024-01-01
54_GUTHRAM_31070,54,GUTHRAM,31070,Treana Red Calif,750mL,8,19.99,2024-01-01
68_SOLARIS_27512,68,SOLARIS,27512,Warre's Late Bottled Vintage,750mL,11,20.99,2024-01-01
67_EANVERNESS_13603,67,EANVERNESS,13603,Folonari Pnt Nr Venezie,3L,9,17.99,2024-01-01
42_BLACK HOLLOW_37817,42,BLACK HOLLOW,37817,Frescobaldi Chianti Castigln,750mL,9,13.99,2024-01-01
67_EANVERNESS_38850,67,EANVERNESS,38850,Ravenswood Vntrs Bl Cab Svgn,750mL,37,7.99,2024-01-01
59_CLAETHORPES_27644,59,CLAETHORPES,27644,Cline Znfdl Cal,750mL,15,9.99,2024-01-01
68_SOLARIS_1955,68,SOLARIS,1955,Jack Daniels Tennessee Honey,375mL,7,12.99,2024-01-01
63_SWORDBREAK_1416,63,SWORDBREAK,1416,Old Grand Dad,1.75L,13,27.99,2024-01-01
52_GRAYCOTT_7221,52,GRAYCOTT,7221,M & R Sweet Vermouth,1.5L,12,10.49,2024-01-01
76_DONCASTER_19320,76,DONCASTER,19320,Merriam Danielle Svgn Bl RRV,750mL,6,17.99,2024-01-01
60_IRRAGIN_18575,60,IRRAGIN,18575,Sartori Amarone,750mL,5,39.99,2024-01-01
57_LANTEGLOS_28775,57,LANTEGLOS,28775,C K Mondavi Merlot,1.5L,17,10.99,2024-01-01
70_KELD_106,70,KELD,106,Mr Boston Peach Schnapps,Liter,8,4.49,2024-01-01
69_MOUNTMEND_18097,69,MOUNTMEND,18097,Shafer Relentless Syrah,750mL,6,85.99,2024-01-01
46_TYWARDREATH_23739,46,TYWARDREATH,23739,Liberty School Cab Svgn,750mL,10,12.99,2024-01-01
58_HARTLEPOOL_2212,58,HARTLEPOOL,2212,Canadian Rich & Rare,1.75L,15,10.99,2024-01-01
52_GRAYCOTT_6402,52,GRAYCOTT,6402,Avion Silver Tequila,750mL,3,39.99,2024-01-01
54_GUTHRAM_3921,54,GUTHRAM,3921,Espolon Reposado Tequila,750mL,5,23.99,2024-01-01
50_MOUNTMEND_3351,50,MOUNTMEND,3351,Pinnacle Whipped Vodka,1.75L,30,16.99,2024-01-01
61_AETHELNEY_426,61,AETHELNEY,426,Crystal Head Vodka,50mL,39,7.99,2024-01-01
47_PELLA'S WISH_4211,47,PELLA'S WISH,4211,Cruzan Passion Fruit Rum,750mL,5,9.99,2024-01-01
48_NORFOLK_2890,48,NORFOLK,2890,Four Roses Bourbon,750mL,1,27.99,2024-01-01
73_DONCASTER_25340,73,DONCASTER,25340,Dom La Soumade Rast Prestige,750mL,23,24.99,2024-01-01
69_MOUNTMEND_2467,69,MOUNTMEND,2467,Catskill Most Righteous Brbn,375mL,22,23.99,2024-01-01
61_AETHELNEY_44719,61,AETHELNEY,44719,Cavit Prosecco Lunetta,750mL,81,9.99,2024-01-01
71_CLARCTON_5065,71,CLARCTON,5065,Berentzen Apple Liqueur,750mL,35,17.99,2024-01-01
49_GARIGILL_4722,49,GARIGILL,4722,Remy Martin VSOP Cognac,750mL,61,34.99,2024-01-01
50_MOUNTMEND_8112,50,MOUNTMEND,8112,Stolichnaya,1.75L,490,24.99,2024-01-01
65_LUTON_34905,65,LUTON,34905,Smoking Loon Merlot,750mL,28,7.99,2024-01-01
64_CESTERFIELD_5080,64,CESTERFIELD,5080,Hpnotiq Harmonie,750mL,3,19.99,2024-01-01
66_EANVERNESS_1231,66,EANVERNESS,1231,Jack Daniels No 7 Black,375mL,32,12.99,2024-01-01
71_CLARCTON_7994,71,CLARCTON,7994,Stock Italian Sweet Vermouth,1.5L,11,9.99,2024-01-01
68_SOLARIS_2145,68,SOLARIS,2145,WolfHound Irish Whiskey,750mL,14,17.99,2024-01-01
60_IRRAGIN_12901,60,IRRAGIN,12901,Madria Sangria,1.5L,10,8.99,2024-01-01
60_IRRAGIN_6241,60,IRRAGIN,6241,Sutter Home Chard,750mL,12,5.99,2024-01-01
76_DONCASTER_27831,76,DONCASTER,27831,Wild Horse CC Chard,750mL,35,10.99,2024-01-01
55_DRY GULCH_42122,55,DRY GULCH,42122,Smoking Loon Svgn Bl Cal,750mL,46,9.99,2024-01-01
73_DONCASTER_19908,73,DONCASTER,19908,Ravenswood Besieged Red,750mL,38,13.99,2024-01-01
56_BEGGAR'S HOLE_34427,56,BEGGAR'S HOLE,34427,Frei Bros RSV Cab Svgn Alex,750mL,13,21.99,2024-01-01
57_LANTEGLOS_3568,57,LANTEGLOS,3568,Pearl Cucumber Vodka,50mL,60,0.99,2024-01-01
50_MOUNTMEND_3785,50,MOUNTMEND,3785,Svedka Orange Cream Pop,750mL,38,12.99,2024-01-01
43_WOLFORD_34905,43,WOLFORD,34905,Smoking Loon Merlot,750mL,23,7.99,2024-01-01
67_EANVERNESS_13663,67,EANVERNESS,13663,Duckhorn Decoy Znfdl Sonoma,750mL,88,16.95,2024-01-01
75_BARNCOMBE_8462,75,BARNCOMBE,8462,Frangelico Hazelnut Liqueur,750mL,49,21.99,2024-01-01
73_DONCASTER_35393,73,DONCASTER,35393,Tohu Svgn Bl Marlboro,750mL,37,13.99,2024-01-01
69_MOUNTMEND_24013,69,MOUNTMEND,24013,Heritance Cab Svgn,750mL,10,25.99,2024-01-01
76_DONCASTER_5346,76,DONCASTER,5346,Green Chartreuse Liqueur,750mL,9,49.99,2024-01-01
57_LANTEGLOS_2859,57,LANTEGLOS,2859,Bushmills Irish Honey,750mL,8,19.99,2024-01-01
63_SWORDBREAK_6451,63,SWORDBREAK,6451,Columbia Crest G E Cab Svgn,750mL,23,9.99,2024-01-01
73_DONCASTER_39437,73,DONCASTER,39437,Columbia Crest Two Cab Svgn,750mL,29,6.99,2024-01-01
60_IRRAGIN_7860,60,IRRAGIN,7860,Sutter Home Wh Znfdl,750mL,17,5.99,2024-01-01
42_BLACK HOLLOW_16431,42,BLACK HOLLOW,16431,HandCraft Artisan Coll Cab S,750mL,27,9.99,2024-01-01
68_SOLARIS_36199,68,SOLARIS,36199,Four Vines Naked Chard,750mL,14,11.99,2024-01-01
69_MOUNTMEND_2757,69,MOUNTMEND,2757,Johnnie Walker Red Label,1.75L,389,29.99,2024-01-01
74_PAENTMARWY_14393,74,PAENTMARWY,14393,Ch Montaud Cotes de Prov Rse,750mL,40,12.99,2024-01-01
67_EANVERNESS_6378,67,EANVERNESS,6378,Walnut Crest Merlot Rapel,1.5L,13,9.99,2024-01-01
61_AETHELNEY_10062,61,AETHELNEY,10062,Terroirs du Rhone,750mL,15,8.99,2024-01-01
42_BLACK HOLLOW_5105,42,BLACK HOLLOW,5105,Dr McGillicuddy's Mentholmnt,1.75L,16,19.99,2024-01-01
66_EANVERNESS_25069,66,EANVERNESS,25069,Jadot Cote de Beaune Vlgs 13,750mL,11,29.99,2024-01-01
59_CLAETHORPES_1269,59,CLAETHORPES,1269,Jeffersons Bourbon,750mL,16,25.99,2024-01-01
75_BARNCOMBE_3246,75,BARNCOMBE,3246,Bentley's Vodka,1.75L,60,8.79,2024-01-01
46_TYWARDREATH_2598,46,TYWARDREATH,2598,Firefly Apple Pie Moonshine,750mL,6,14.99,2024-01-01
49_GARIGILL_19283,49,GARIGILL,19283,Roscato Bianco,750mL,10,10.99,2024-01-01
76_DONCASTER_17954,76,DONCASTER,17954,Drops of Jupiter Red,750mL,22,7.99,2024-01-01
55_DRY GULCH_40097,55,DRY GULCH,40097,Black Box Chard,3L,27,18.99,2024-01-01
59_CLAETHORPES_2854,59,CLAETHORPES,2854,Talisker 10-Yr Single Malt,750mL,10,54.99,2024-01-01
67_EANVERNESS_28474,67,EANVERNESS,28474,Burgans Albarino Baixas Rio,750mL,33,14.99,2024-01-01
66_EANVERNESS_77,66,EANVERNESS,77,Three Olives Espresso Vodka,750mL,73,14.99,2024-01-01
60_IRRAGIN_22079,60,IRRAGIN,22079,C Y Toro Casa Diblo Cab Svgn,750mL,33,9.99,2024-01-01
68_SOLARIS_3894,68,SOLARIS,3894,Zhenka Vodka 100 Proof,1.75L,9,11.99,2024-01-01
55_DRY GULCH_4150,55,DRY GULCH,4150,Shellback Spiced Rum,750mL,9,11.99,2024-01-01
52_GRAYCOTT_7341,52,GRAYCOTT,7341,Smirnoff Watermelon,50mL,13,0.99,2024-01-01
66_EANVERNESS_8476,66,EANVERNESS,8476,1800 Reposado Gold Tequila,375mL,16,11.49,2024-01-01
59_CLAETHORPES_3583,59,CLAETHORPES,3583,Smirnoff Orange Vodka,1.75L,24,17.99,2024-01-01
73_DONCASTER_14381,73,DONCASTER,14381,LaBelle Winery Riesling,750mL,22,15.99,2024-01-01
66_EANVERNESS_2163,66,EANVERNESS,2163,Sloane's Gin,750mL,12,24.99,2024-01-01
69_MOUNTMEND_17856,69,MOUNTMEND,17856,Charles Joguet Chinon Rose,750mL,1,13.99,2024-01-01
64_CESTERFIELD_33334,64,CESTERFIELD,33334,Cavit Pinot Grigio Delle Ve,187mL 4 Pk,21,8.99,2024-01-01
69_MOUNTMEND_5353,69,MOUNTMEND,5353,Grand Marnier,375mL,29,18.99,2024-01-01
44_PORTHCRAWL_3591,44,PORTHCRAWL,3591,Absolut Vanilia,750mL,6,17.99,2024-01-01
54_GUTHRAM_35918,54,GUTHRAM,35918,Stone Cellars Pnt Grigio,1.5L,23,10.99,2024-01-01
69_MOUNTMEND_8124,69,MOUNTMEND,8124,Mouton Cadet White Brdx,750mL,25,12.99,2024-01-01
71_CLARCTON_35670,71,CLARCTON,35670,Redwood Creek Svgn Bl Cal,1.5L,8,10.99,2024-01-01
73_DONCASTER_40114,73,DONCASTER,40114,M & R Prosecco Frizzante,750mL,12,9.99,2024-01-01
76_DONCASTER_44266,76,DONCASTER,44266,Mommys Time Out Garganega/P,750mL,26,8.99,2024-01-01
69_MOUNTMEND_14078,69,MOUNTMEND,14078,Bota Box Malbec,3L,6,17.99,2024-01-01
68_SOLARIS_25125,68,SOLARIS,25125,Zorvino Vyds Mango Magnifico,750mL,10,12.49,2024-01-01
56_BEGGAR'S HOLE_3517,56,BEGGAR'S HOLE,3517,Smirnoff Sorbet Mango/Pasion,750mL,24,12.99,2024-01-01
55_DRY GULCH_7266,55,DRY GULCH,7266,Fonseca Bin No 27,750mL,12,13.99,2024-01-01
73_DONCASTER_3627,73,DONCASTER,3627,Absolut 80 Proof,375mL,27,11.99,2024-01-01
66_EANVERNESS_40801,66,EANVERNESS,40801,Sileni Sauvignon Blanc,750mL,7,10.99,2024-01-01
48_NORFOLK_5828,48,NORFOLK,5828,Ryans Irish Cream,750mL,24,8.99,2024-01-01
69_MOUNTMEND_19962,69,MOUNTMEND,19962,St Francis Merlot,750mL,18,14.99,2024-01-01
75_BARNCOMBE_4368,75,BARNCOMBE,4368,Capt Morgan Private Stock,1.75L,21,33.99,2024-01-01
49_GARIGILL_36523,49,GARIGILL,36523,Ch Macard Brdx Superieur,750mL,38,14.99,2024-01-01
67_EANVERNESS_27460,67,EANVERNESS,27460,Ecco Domani Merlot Venezie,750mL,19,9.99,2024-01-01
49_GARIGILL_4897,49,GARIGILL,4897,Remy Martin VSOP Cognac,50mL,130,4.49,2024-01-01
44_PORTHCRAWL_34137,44,PORTHCRAWL,34137,Fat Bastard Chard,750mL,5,10.99,2024-01-01
74_PAENTMARWY_1389,74,PAENTMARWY,1389,Makers Mark,50mL,0,2.99,2024-01-01
62_KILMARNOCK_5490,62,KILMARNOCK,5490,DeKuyper Hot Damn Cinnamon,50mL,110,0.99,2024-01-01
67_EANVERNESS_6398,67,EANVERNESS,6398,BV Coastal Estate Cab Svgn,750mL,24,10.99,2024-01-01
68_SOLARIS_6432,68,SOLARIS,6432,Shady Fruit Real Ruby Red Gr,50mL,9,0.99,2024-01-01
46_TYWARDREATH_6329,46,TYWARDREATH,6329,R M Woodbridge Wh Znfdl Cal,1.5L,6,9.99,2024-01-01
73_DONCASTER_7282,73,DONCASTER,7282,Colombo Marsala Sweet,750mL,27,9.99,2024-01-01
51_ABERDEEN_5356,51,ABERDEEN,5356,Kahlua,375mL,19,9.99,2024-01-01
54_GUTHRAM_24557,54,GUTHRAM,24557,Dom La Fage Tess Carignan VV,750mL,12,12.99,2024-01-01
73_DONCASTER_8822,73,DONCASTER,8822,Absolut 80 Proof,50mL,164,1.99,2024-01-01
60_IRRAGIN_3500,60,IRRAGIN,3500,Tito's Handmade Vodka,50mL,64,1.49,2024-01-01
50_MOUNTMEND_5747,50,MOUNTMEND,5747,Malibu Pineapple Rum,750mL,11,12.99,2024-01-01
52_GRAYCOTT_31488,52,GRAYCOTT,31488,Barefoot Chard Cal,750mL,28,4.99,2024-01-01
67_EANVERNESS_8498,67,EANVERNESS,8498,R M Woodbridge Svgn Bl Cal,1.5L,149,8.99,2024-01-01
66_EANVERNESS_10470,66,EANVERNESS,10470,Easton Amador Cnty Znfdl,750mL,11,18.99,2024-01-01
58_HARTLEPOOL_8267,58,HARTLEPOOL,8267,Gazdina Rakija Pear Brandy,750mL,6,24.99,2024-01-01
61_AETHELNEY_6081,61,AETHELNEY,6081,Kinky Blue Liqueur,50mL,78,1.99,2024-01-01
64_CESTERFIELD_1868,64,CESTERFIELD,1868,Lagavulin Single Malt 16-Yr,750mL,6,69.99,2024-01-01
73_DONCASTER_17394,73,DONCASTER,17394,Ch La Mission 09 Blanc Pessc,750mL,7,799.99,2024-01-01
68_SOLARIS_20557,68,SOLARIS,20557,The Other Red,750mL,6,11.99,2024-01-01
70_KELD_3158,70,KELD,3158,Pinnacle Tropical Punch,1.75L,12,16.99,2024-01-01
68_SOLARIS_495,68,SOLARIS,495,Sweet Carolina Sweet Tea Vdk,Liter,12,15.99,2024-01-01
76_DONCASTER_2610,76,DONCASTER,2610,Glenmorangie Signet Sng Malt,750mL,6,189.99,2024-01-01
50_MOUNTMEND_38441,50,MOUNTMEND,38441,Toasted Head Cab Svgn,750mL,14,9.99,2024-01-01
67_EANVERNESS_6976,67,EANVERNESS,6976,Ruffino Chianti Clsc RSV Tan,750mL,38,18.99,2024-01-01
48_NORFOLK_1767,48,NORFOLK,1767,Buffalo Trace Bourbon,750mL,8,24.99,2024-01-01
50_MOUNTMEND_24662,50,MOUNTMEND,24662,Silver Totem Cab Svgn,750mL,14,19.99,2024-01-01
67_EANVERNESS_11367,67,EANVERNESS,11367,Two Oceans WstrnCape Svgn Bl,750mL,22,8.99,2024-01-01
51_ABERDEEN_1623,51,ABERDEEN,1623,Bulleit 95 Rye,375mL,11,12.99,2024-01-01
42_BLACK HOLLOW_5925,42,BLACK HOLLOW,5925,Pimms Blackberry & Elderflwr,750mL,3,17.99,2024-01-01
69_MOUNTMEND_41081,69,MOUNTMEND,41081,Gramona Gran Cuve Cava Spklg,750mL,9,17.99,2024-01-01
73_DONCASTER_43801,73,DONCASTER,43801,C Y Toro Frontera Cab Svgn,1.5L,13,10.99,2024-01-01
55_DRY GULCH_23948,55,DRY GULCH,23948,Ch La Croix Lartigue 09,750mL,5,38.99,2024-01-01
77_TAMWORTH_2054,77,TAMWORTH,2054,Johnnie Walker Select Casks,750mL,5,43.99,2024-01-01
60_IRRAGIN_1178,60,IRRAGIN,1178,Evan Williams Black Label B,750mL,17,11.49,2024-01-01
51_ABERDEEN_3549,51,ABERDEEN,3549,Ketel One Vodka,750mL,18,22.99,2024-01-01
42_BLACK HOLLOW_8078,42,BLACK HOLLOW,8078,Glenfiddich Special Rsv 12Yr,375mL,24,19.99,2024-01-01
44_PORTHCRAWL_6174,44,PORTHCRAWL,6174,Columbia Crest Grand Merlot,750mL,10,9.99,2024-01-01
76_DONCASTER_39598,76,DONCASTER,39598,R M Woodbridge Cab Svgn Cal,187mL 4 Pk,28,6.99,2024-01-01
59_CLAETHORPES_12478,59,CLAETHORPES,12478,Commanderie Bargmn Prov Rose,750mL,12,18.99,2024-01-01
50_MOUNTMEND_43922,50,MOUNTMEND,43922,Farnum Hill Farmhouse Cider,750mL,2,8.99,2024-01-01
64_CESTERFIELD_3925,64,CESTERFIELD,3925,Don Julio Reposado Tequila,750mL,4,49.99,2024-01-01
73_DONCASTER_11037,73,DONCASTER,11037,Beringer Classic Cab Svgn,750mL,61,5.99,2024-01-01
70_KELD_6312,70,KELD,6312,Gallo Twin Valley Svgn Bl Ca,1.5L,4,9.99,2024-01-01
67_EANVERNESS_12227,67,EANVERNESS,12227,Korbel Sweet Rose,750mL,24,12.99,2024-01-01
46_TYWARDREATH_17176,46,TYWARDREATH,17176,Beringer Classic Chard,1.5L,12,7.99,2024-01-01
57_LANTEGLOS_5759,57,LANTEGLOS,5759,Malibu Tropical Banana Rum,750mL,5,12.99,2024-01-01
69_MOUNTMEND_46297,69,MOUNTMEND,46297,Intorcia Marsala Dry,Liter,13,11.99,2024-01-01
68_SOLARIS_587,68,SOLARIS,587,Malibu Mango Rum,Liter,7,16.99,2024-01-01
62_KILMARNOCK_5253,62,KILMARNOCK,5253,Kahlua Original Mudslide RTD,1.75L,7,15.99,2024-01-01
49_GARIGILL_28887,49,GARIGILL,28887,Livingston Nat Flvrs Chard,3L,8,12.99,2024-01-01
50_MOUNTMEND_2945,50,MOUNTMEND,2945,The Macallan Rare Cask,750mL,6,274.99,2024-01-01
52_GRAYCOTT_3707,52,GRAYCOTT,3707,Smirnoff Ruby Red Grapefruit,50mL,17,0.99,2024-01-01
55_DRY GULCH_3268,55,DRY GULCH,3268,Pinnacle CranApple Vodka,750mL,25,9.99,2024-01-01
49_GARIGILL_3363,49,GARIGILL,3363,Lunazul Reposado Tequila,750mL,14,13.99,2024-01-01
76_DONCASTER_3306,76,DONCASTER,3306,Hammer & Sickle Vodka,1.75L,2,28.99,2024-01-01
67_EANVERNESS_17457,67,EANVERNESS,17457,Skinnygirl White Wine,750mL,24,8.99,2024-01-01
68_SOLARIS_5315,68,SOLARIS,5315,B & B Liqueur Dom,750mL,14,24.99,2024-01-01
73_DONCASTER_20398,73,DONCASTER,20398,I Lauri Bajo Montepul d'Abru,750mL,25,8.99,2024-01-01
44_PORTHCRAWL_15889,44,PORTHCRAWL,15889,R M Woodbridge Malbec,1.5L,14,8.99,2024-01-01
73_DONCASTER_16896,73,DONCASTER,16896,Nicolas Catena Zapata Mendza,750mL,12,109.99,2024-01-01
61_AETHELNEY_735,61,AETHELNEY,735,Orange Quattro di Amore,Liter,14,14.49,2024-01-01
65_LUTON_104,65,LUTON,104,Mr Boston Wild Cherry Brandy,Liter,3,8.79,2024-01-01
42_BLACK HOLLOW_46826,42,BLACK HOLLOW,46826,LaBelle Winery Grnt St Apple,375mL,6,14.99,2024-01-01
54_GUTHRAM_5054,54,GUTHRAM,5054,Jagermeister Spice,50mL,83,1.99,2024-01-01
61_AETHELNEY_46628,61,AETHELNEY,46628,Paso Creek Cab Svgn,750mL,14,13.99,2024-01-01
60_IRRAGIN_1657,60,IRRAGIN,1657,Dalwhinnie Distillers Edtion,750mL,8,69.99,2024-01-01
54_GUTHRAM_12078,54,GUTHRAM,12078,F Coppola Votre Sante Pnt Nr,750mL,11,10.99,2024-01-01
63_SWORDBREAK_8097,63,SWORDBREAK,8097,Patron Citronge Orange,375mL,11,11.99,2024-01-01
69_MOUNTMEND_20216,69,MOUNTMEND,20216,Conti Zecca Negroamaro 10,750mL,116,9.99,2024-01-01
63_SWORDBREAK_1545,63,SWORDBREAK,1545,Gentleman Jack,750mL,17,26.99,2024-01-01
49_GARIGILL_233,49,GARIGILL,233,Tullamore Dew 12 Yr Old,750mL,36,42.99,2024-01-01
76_DONCASTER_25522,76,DONCASTER,25522,Sutter Home Clsc Cab Svgn,187mL 4 Pk,28,5.99,2024-01-01
60_IRRAGIN_31497,60,IRRAGIN,31497,Barefoot Svgn Bl Cal,1.5L,7,10.99,2024-01-01
68_SOLARIS_13792,68,SOLARIS,13792,The Wolftrap Syrah Vio Mourv,750mL,14,9.99,2024-01-01
67_EANVERNESS_41072,67,EANVERNESS,41072,Angeline Pnt Nr Rsv,750mL,56,11.99,2024-01-01
69_MOUNTMEND_16189,69,MOUNTMEND,16189,Frescobaldi Tenuta Castglni,750mL,12,27.99,2024-01-01
52_GRAYCOTT_3608,52,GRAYCOTT,3608,Smirnoff Orange Vodka,50mL,47,0.99,2024-01-01
60_IRRAGIN_4230,60,IRRAGIN,4230,Pumpkin Face Rum,750mL,4,34.99,2024-01-01
67_EANVERNESS_23945,67,EANVERNESS,23945,Ch Haut Piquat 09,750mL,11,18.99,2024-01-01
62_KILMARNOCK_22079,62,KILMARNOCK,22079,C Y Toro Casa Diblo Cab Svgn,750mL,14,9.99,2024-01-01
76_DONCASTER_19671,76,DONCASTER,19671,14 Hands Pinot Grigio,750mL,17,8.95,2024-01-01
49_GARIGILL_6946,49,GARIGILL,6946,Rosemount Diamond Cab Svgn,750mL,20,8.99,2024-01-01
57_LANTEGLOS_3368,57,LANTEGLOS,3368,Pinnacle Grape Vodka,1.75L,8,16.99,2024-01-01
74_PAENTMARWY_1359,74,PAENTMARWY,1359,Knob Creek Rye,750mL,8,27.99,2024-01-01
67_EANVERNESS_14838,67,EANVERNESS,14838,Layer Cake Cab Svgn,750mL,70,11.95,2024-01-01
49_GARIGILL_27735,49,GARIGILL,27735,Bogle Cab Svgn Cal,750mL,60,9.99,2024-01-01
47_PELLA'S WISH_34439,47,PELLA'S WISH,34439,Toad Hollow Mendocino Chard,750mL,13,15.99,2024-01-01
53_HILLFAR_4796,53,HILLFAR,4796,Caravella Limoncello,750mL,4,16.99,2024-01-01
76_DONCASTER_21596,76,DONCASTER,21596,Siduri Pnt Nr Sonoma Cst,750mL,81,21.99,2024-01-01
59_CLAETHORPES_3847,59,CLAETHORPES,3847,Grey Goose Vodka,50mL,21,3.99,2024-01-01
42_BLACK HOLLOW_18013,42,BLACK HOLLOW,18013,Cecchi Sangiovese,750mL,14,7.99,2024-01-01
58_HARTLEPOOL_44037,58,HARTLEPOOL,44037,Barefoot Pnt Grigio Cal,750mL,17,4.99,2024-01-01
42_BLACK HOLLOW_5087,42,BLACK HOLLOW,5087,Dr McGillicuddy's Peach,750mL,12,12.99,2024-01-01
64_CESTERFIELD_8018,64,CESTERFIELD,8018,La Vieille Ferme Red Ventoux,750mL,29,6.99,2024-01-01
54_GUTHRAM_9136,54,GUTHRAM,9136,Caffo Amaretto Liqueur,750mL,7,16.99,2024-01-01
46_TYWARDREATH_3405,46,TYWARDREATH,3405,Tito's Handmade Vodka,1.75L,85,29.99,2024-01-01
51_ABERDEEN_15527,51,ABERDEEN,15527,Roscato Rosso,750mL,24,9.99,2024-01-01
71_CLARCTON_35103,71,CLARCTON,35103,Ruffino Chianti Superiore,750mL,12,9.99,2024-01-01
55_DRY GULCH_2085,55,DRY GULCH,2085,Jesse James America's Outlaw,750mL,18,13.99,2024-01-01
68_SOLARIS_5414,68,SOLARIS,5414,Bols Amaretto Liqueur,750mL,11,7.99,2024-01-01
62_KILMARNOCK_8537,62,KILMARNOCK,8537,Dom Chandon Brut Cuvee,750mL,15,13.99,2024-01-01
44_PORTHCRAWL_4380,44,PORTHCRAWL,4380,Ron Virgin Heavy Bodied Rum,1.75L,11,13.99,2024-01-01
74_PAENTMARWY_4157,74,PAENTMARWY,4157,Smirnoff Green Apple Vodka,50mL,167,0.99,2024-01-01
46_TYWARDREATH_32989,46,TYWARDREATH,32989,Barefoot Cab Svgn Cal,1.5L,8,10.99,2024-01-01
50_MOUNTMEND_7265,50,MOUNTMEND,7265,Taylor Fladgate LBV Port,750mL,15,15.99,2024-01-01
76_DONCASTER_1375,76,DONCASTER,1375,Jim Beam,750mL,95,16.49,2024-01-01
69_MOUNTMEND_10680,69,MOUNTMEND,10680,Segura Viudas Brut RSV,750mL,13,10.99,2024-01-01
42_BLACK HOLLOW_4157,42,BLACK HOLLOW,4157,Smirnoff Green Apple Vodka,50mL,25,0.99,2024-01-01
73_DONCASTER_23662,73,DONCASTER,23662,Dom Cachot Monot Ct Nuits,750mL,15,26.99,2024-01-01
68_SOLARIS_12747,68,SOLARIS,12747,Barefoot Cellars Pnt Nr,750mL,16,4.99,2024-01-01
66_EANVERNESS_8421,66,EANVERNESS,8421,Beringer Classic Wh Znfdl,750mL,152,5.99,2024-01-01
55_DRY GULCH_281,55,DRY GULCH,281,Kamora Coffee Gift Pack,750mL,11,9.99,2024-01-01
66_EANVERNESS_2384,66,EANVERNESS,2384,Old Tahoe Straight Rye,750mL,72,39.99,2024-01-01
73_DONCASTER_15911,73,DONCASTER,15911,Primal Roots Red Cal,750mL,11,8.99,2024-01-01
64_CESTERFIELD_19199,64,CESTERFIELD,19199,La Crema Pnt Gris Monterey,750mL,20,16.99,2024-01-01
69_MOUNTMEND_2586,69,MOUNTMEND,2586,Jameson Irish Whiskey,50mL,68,2.99,2024-01-01
61_AETHELNEY_5106,61,AETHELNEY,5106,Capt Morgan Long Isl Tea RTD,750mL,9,11.99,2024-01-01
48_NORFOLK_32675,48,NORFOLK,32675,Blackstone Cab Svgn Cal,750mL,19,7.99,2024-01-01
76_DONCASTER_8265,76,DONCASTER,8265,Cockburns Fine Ruby Port,750mL,34,9.99,2024-01-01
54_GUTHRAM_3617,54,GUTHRAM,3617,Olmeca Altos Reposado,750mL,6,21.99,2024-01-01
68_SOLARIS_41713,68,SOLARIS,41713,Fish Eye Merlot,750mL,17,5.99,2024-01-01
49_GARIGILL_8101,49,GARIGILL,8101,Tanqueray,50mL,22,1.99,2024-01-01
57_LANTEGLOS_3878,57,LANTEGLOS,3878,Smirnoff 80 Proof,750mL,11,12.99,2024-01-01
44_PORTHCRAWL_3560,44,PORTHCRAWL,3560,Ciroc Amaretto Vodka,375mL,6,15.49,2024-01-01
69_MOUNTMEND_10298,69,MOUNTMEND,10298,Alamos Torrontes,750mL,11,9.99,2024-01-01
51_ABERDEEN_13458,51,ABERDEEN,13458,Ch Ste Michelle Harvest Rsl,750mL,59,8.99,2024-01-01
49_GARIGILL_37604,49,GARIGILL,37604,Hardys Chard Ausl,3L,8,16.99,2024-01-01
60_IRRAGIN_12946,60,IRRAGIN,12946,Middle Sister Smarty Pants C,750mL,8,9.99,2024-01-01
67_EANVERNESS_10443,67,EANVERNESS,10443,Charles Smith Kung Fu Girl R,750mL,36,11.99,2024-01-01
55_DRY GULCH_13086,55,DRY GULCH,13086,Armand De Brignac Brut,750mL,4,289.99,2024-01-01
61_AETHELNEY_2105,61,AETHELNEY,2105,Black Velvet Toasted Caramel,750mL,51,9.99,2024-01-01
44_PORTHCRAWL_4410,44,PORTHCRAWL,4410,Cruzan Mango Flavored Rum,750mL,8,9.99,2024-01-01
48_NORFOLK_35800,48,NORFOLK,35800,Penfolds T Hyland Shiraz,750mL,13,11.99,2024-01-01
67_EANVERNESS_6596,67,EANVERNESS,6596,Kenwood Svgn Bl Sonoma,750mL,91,11.99,2024-01-01
45_VERITAS_4234,45,VERITAS,4234,Bacardi Pineapple Fusion,750mL,19,9.99,2024-01-01
47_PELLA'S WISH_15393,47,PELLA'S WISH,15393,Cupcake Pnt Grigio,750mL,33,7.49,2024-01-01
66_EANVERNESS_3485,66,EANVERNESS,3485,Luksusowa Potato Vodka,1.75L,88,19.99,2024-01-01
42_BLACK HOLLOW_20483,42,BLACK HOLLOW,20483,Joel Gott Pnt Nr,750mL,4,18.99,2024-01-01
68_SOLARIS_10581,68,SOLARIS,10581,Fat Bastard Pnt Nr,750mL,8,10.99,2024-01-01
75_BARNCOMBE_5160,75,BARNCOMBE,5160,Hpnotiq Liqueur,375mL,6,10.99,2024-01-01
72_HARDERSFIELD_2152,72,HARDERSFIELD,2152,New Amsterdam Gin,750mL,8,9.99,2024-01-01
50_MOUNTMEND_23143,50,MOUNTMEND,23143,Bogle Chard,750mL,119,7.99,2024-01-01
72_HARDERSFIELD_5747,72,HARDERSFIELD,5747,Malibu Pineapple Rum,750mL,11,12.99,2024-01-01
54_GUTHRAM_31160,54,GUTHRAM,31160,Monsanto Chianti Clsc RSV,750mL,12,19.99,2024-01-01
74_PAENTMARWY_5075,74,PAENTMARWY,5075,Tuaca Italian Liqueur,750mL,16,21.99,2024-01-01
58_HARTLEPOOL_4368,58,HARTLEPOOL,4368,Capt Morgan Private Stock,1.75L,12,33.99,2024-01-01
50_MOUNTMEND_1281,50,MOUNTMEND,1281,Benchmark Old #8 Bourbon,1.75L,0,14.99,2024-01-01
54_GUTHRAM_40425,54,GUTHRAM,40425,Mionetto Prosecco Brut,750mL,7,9.95,2024-01-01
64_CESTERFIELD_31186,64,CESTERFIELD,31186,Almaden Merlot Cal B/B,5L,9,15.99,2024-01-01
52_GRAYCOTT_8358,52,GRAYCOTT,8358,Bacardi 151 Proof,750mL,17,19.99,2024-01-01
59_CLAETHORPES_46763,59,CLAETHORPES,46763,Clayhouse Svgn Bl Paso Roble,750mL,12,11.99,2024-01-01
55_DRY GULCH_3104,55,DRY GULCH,3104,Smirnoff Whipped Cream,750mL,18,10.99,2024-01-01
59_CLAETHORPES_3227,59,CLAETHORPES,3227,Taaka Gin,1.75L,8,8.99,2024-01-01
42_BLACK HOLLOW_18507,42,BLACK HOLLOW,18507,Cakebread Cab Svgn,750mL,22,64.99,2024-01-01
71_CLARCTON_23397,71,CLARCTON,23397,Secoli 13 Prosecco Valdobbia,750mL,0,11.99,2024-01-01
55_DRY GULCH_38822,55,DRY GULCH,38822,Castano Yecla Monastrell Red,750mL,15,11.99,2024-01-01
51_ABERDEEN_435,51,ABERDEEN,435,Il Tramonto Limoncello,750mL,5,15.99,2024-01-01
42_BLACK HOLLOW_3351,42,BLACK HOLLOW,3351,Pinnacle Whipped Vodka,1.75L,26,16.99,2024-01-01
76_DONCASTER_2143,76,DONCASTER,2143,Canadian Mist,1.75L,153,13.99,2024-01-01
72_HARDERSFIELD_46476,72,HARDERSFIELD,46476,Tilia Malbec Mendoza,750mL,6,9.99,2024-01-01
74_PAENTMARWY_7266,74,PAENTMARWY,7266,Fonseca Bin No 27,750mL,0,13.99,2024-01-01
58_HARTLEPOOL_2017,58,HARTLEPOOL,2017,Redbreast Irish Whiskey,750mL,3,59.99,2024-01-01
69_MOUNTMEND_21000,69,MOUNTMEND,21000,Bonpas Ch du Pape Rouge Rsv,750mL,20,42.99,2024-01-01
51_ABERDEEN_5536,51,ABERDEEN,5536,St Brendans Irish Cream,50mL,98,1.49,2024-01-01
67_EANVERNESS_3123,67,EANVERNESS,3123,Booths London Dry Gin,1.75L,26,14.99,2024-01-01
67_EANVERNESS_4414,67,EANVERNESS,4414,Cruzan Pineapple Rum,750mL,20,9.99,2024-01-01
59_CLAETHORPES_5277,59,CLAETHORPES,5277,Arrow Sloe Gin,750mL,8,7.99,2024-01-01
50_MOUNTMEND_1282,50,MOUNTMEND,1282,1792 Small Batch Bourbon.,750mL,14,25.99,2024-01-01
55_DRY GULCH_3295,55,DRY GULCH,3295,Tito's Handmade Vodka,375mL,39,9.99,2024-01-01
75_BARNCOMBE_6553,75,BARNCOMBE,6553,Harveys Bristol Cream Sherry,750mL,10,11.99,2024-01-01
54_GUTHRAM_970,54,GUTHRAM,970,Prairie Organic Kosher Vodka,750mL,5,15.99,2024-01-01
55_DRY GULCH_27330,55,DRY GULCH,27330,Hahn Cab Svgn Santa Lucia,750mL,30,11.99,2024-01-01
68_SOLARIS_11238,68,SOLARIS,11238,Willamette Whole Clst Pnt Nr,750mL,12,20.99,2024-01-01
50_MOUNTMEND_37235,50,MOUNTMEND,37235,Mionetto Il Prosecco Spklg,750mL,18,11.99,2024-01-01
66_EANVERNESS_21957,66,EANVERNESS,21957,Cooks Spumante,750mL,0,6.99,2024-01-01
75_BARNCOMBE_6918,75,BARNCOMBE,6918,Franzia Tap Cab Svgn,5L,5,17.99,2024-01-01
71_CLARCTON_3221,71,CLARCTON,3221,Pinnacle Raspberry Vodka,750mL,8,9.99,2024-01-01
62_KILMARNOCK_46447,62,KILMARNOCK,46447,Gascon Malbec Mendoza,750mL,34,10.99,2024-01-01
60_IRRAGIN_3731,60,IRRAGIN,3731,Absolut Apeach,750mL,10,17.99,2024-01-01
69_MOUNTMEND_1238,69,MOUNTMEND,1238,The Glenlivet 12 Yr Single,50mL,140,4.99,2024-01-01
45_VERITAS_5780,45,VERITAS,5780,Malibu Black,750mL,6,13.99,2024-01-01
66_EANVERNESS_1296,66,EANVERNESS,1296,Tap 357 Maple Rye Whisky,750mL,13,26.99,2024-01-01
63_SWORDBREAK_21086,63,SWORDBREAK,21086,Bright Light White,750mL,0,6.99,2024-01-01
50_MOUNTMEND_14096,50,MOUNTMEND,14096,Firesteed Citation Chard,750mL,0,35.99,2024-01-01
64_CESTERFIELD_19302,64,CESTERFIELD,19302,Tomaiolo Chianti Clsco Rsva,750mL,7,11.99,2024-01-01
49_GARIGILL_23420,49,GARIGILL,23420,Dom D'Andezon CdRhone Red,750mL,81,14.99,2024-01-01
72_HARDERSFIELD_5390,72,HARDERSFIELD,5390,Dr McGillicuddy's Peach,50mL,37,0.99,2024-01-01
59_CLAETHORPES_6267,59,CLAETHORPES,6267,Kinky Gold Liqueur,750mL,7,16.99,2024-01-01
75_BARNCOMBE_38622,75,BARNCOMBE,38622,Canella Bellini Cocktail Vnz,750mL,5,12.99,2024-01-01
52_GRAYCOTT_1001,52,GRAYCOTT,1001,Baileys 50mL 4 Pack,50mL 4 Pk,0,5.99,2024-01-01
67_EANVERNESS_934,67,EANVERNESS,934,Tanteo Jalapeno Tequila,750mL,7,35.99,2024-01-01
64_CESTERFIELD_33874,64,CESTERFIELD,33874,Bella Sera Pinot Grigio Del,1.5L,21,9.99,2024-01-01
67_EANVERNESS_39479,67,EANVERNESS,39479,Barefoot Premium X-Dry,750mL,47,7.99,2024-01-01
47_PELLA'S WISH_6586,47,PELLA'S WISH,6586,Citra Montepulciano,1.5L,8,10.99,2024-01-01
46_TYWARDREATH_3054,46,TYWARDREATH,3054,Smirnoff Kissed Caramel,750mL,15,10.99,2024-01-01
47_PELLA'S WISH_6649,47,PELLA'S WISH,6649,Wente Morning Fog Chard,750mL,7,11.99,2024-01-01
76_DONCASTER_2711,76,DONCASTER,2711,Grant's Ale Cask Finish,750mL,15,19.99,2024-01-01
52_GRAYCOTT_28856,52,GRAYCOTT,28856,Seghesio Znfdl Sonoma,750mL,15,19.99,2024-01-01
42_BLACK HOLLOW_5759,42,BLACK HOLLOW,5759,Malibu Tropical Banana Rum,750mL,9,12.99,2024-01-01
59_CLAETHORPES_3579,59,CLAETHORPES,3579,Ciroc Pineapple Vodka,375mL,16,15.49,2024-01-01
75_BARNCOMBE_1059,75,BARNCOMBE,1059,Old St Nick's Egg Nog,750mL,0,5.99,2024-01-01
74_PAENTMARWY_2626,74,PAENTMARWY,2626,Crown Royal Regal Apple,50mL,0,1.99,2024-01-01
69_MOUNTMEND_16290,69,MOUNTMEND,16290,Canyon Road Moscato,750mL,35,4.79,2024-01-01
42_BLACK HOLLOW_7996,42,BLACK HOLLOW,7996,Stock Italian Sweet Vermouth,750mL,19,6.49,2024-01-01
75_BARNCOMBE_4798,75,BARNCOMBE,4798,Sambuca Romana Liqueur,50mL,111,1.99,2024-01-01
45_VERITAS_7993,45,VERITAS,7993,Stock Italian X Dry Vermouth,750mL,12,6.49,2024-01-01
70_KELD_5394,70,KELD,5394,Goldschlager Cinnamon Schnap,375mL,8,10.99,2024-01-01
46_TYWARDREATH_2030,46,TYWARDREATH,2030,Glen Moray 12 Yr Scotch,750mL,2,30.99,2024-01-01
55_DRY GULCH_41157,55,DRY GULCH,41157,Phillips Sixth Sense Syrah,750mL,24,15.99,2024-01-01
71_CLARCTON_3510,71,CLARCTON,3510,Smirnoff Light Lemon Sorbet,750mL,47,12.99,2024-01-01
76_DONCASTER_23595,76,DONCASTER,23595,Almaden Burgundy B/B,5L,8,14.99,2024-01-01
51_ABERDEEN_3858,51,ABERDEEN,3858,Grey Goose Vodka,750mL,142,23.99,2024-01-01
75_BARNCOMBE_27460,75,BARNCOMBE,27460,Ecco Domani Merlot Venezie,750mL,10,9.99,2024-01-01
42_BLACK HOLLOW_31356,42,BLACK HOLLOW,31356,Justin Isosceles Paso Roble,750mL,1,79.99,2024-01-01
44_PORTHCRAWL_1398,44,PORTHCRAWL,1398,Blantons Sgl Barrel Bourbon,750mL,3,53.99,2024-01-01
47_PELLA'S WISH_24325,47,PELLA'S WISH,24325,La Crema Chard Sonoma Cst,750mL,0,15.99,2024-01-01
73_DONCASTER_17405,73,DONCASTER,17405,Ch Haut-Bailly 09 Pessac Brd,750mL,7,132.99,2024-01-01
47_PELLA'S WISH_2476,47,PELLA'S WISH,2476,Crown Royal Maple Whisky,750mL,24,21.99,2024-01-01
69_MOUNTMEND_23496,69,MOUNTMEND,23496,Ch Reserve d La Cometesse 11,750mL,9,45.99,2024-01-01
45_VERITAS_11888,45,VERITAS,11888,Penfolds Koonunga Hills Shir,750mL,10,10.99,2024-01-01
59_CLAETHORPES_7828,59,CLAETHORPES,7828,Bols Peach Schnapps,750mL,6,7.99,2024-01-01
47_PELLA'S WISH_3682,47,PELLA'S WISH,3682,Belvedere Vodka,750mL,7,22.99,2024-01-01
55_DRY GULCH_217,55,DRY GULCH,217,Absolut Vanilia,Liter,21,19.99,2024-01-01
66_EANVERNESS_5414,66,EANVERNESS,5414,Bols Amaretto Liqueur,750mL,4,7.99,2024-01-01
59_CLAETHORPES_5242,59,CLAETHORPES,5242,Cointreau Liqueur,750mL,38,29.99,2024-01-01
68_SOLARIS_4195,68,SOLARIS,4195,Calico Jack Spiced Rum No 94,750mL,8,10.99,2024-01-01
75_BARNCOMBE_4066,75,BARNCOMBE,4066,Bacardi Oakheart Spiced Rum,1.75L,27,17.99,2024-01-01
65_LUTON_6654,65,LUTON,6654,Veuve Clicquot Brut Yellow,750mL,48,39.99,2024-01-01
57_LANTEGLOS_26817,57,LANTEGLOS,26817,Ravenswood Vntrs Blnd Merlot,750mL,35,8.99,2024-01-01
42_BLACK HOLLOW_8620,42,BLACK HOLLOW,8620,Sambuca Romana,375mL,13,11.99,2024-01-01
76_DONCASTER_3607,76,DONCASTER,3607,Smirnoff Citrus Vodka,50mL,138,0.99,2024-01-01
65_LUTON_27145,65,LUTON,27145,Schmitt Sohne QbA,750mL,0,8.99,2024-01-01
53_HILLFAR_2656,53,HILLFAR,2656,Cutty Sark,1.75L,8,24.99,2024-01-01
63_SWORDBREAK_5833,63,SWORDBREAK,5833,Patron Roca Silver Tequila,750mL,4,69.99,2024-01-01
52_GRAYCOTT_1883,52,GRAYCOTT,1883,Seagrams 7 Crown,1.75L,31,17.99,2024-01-01
64_CESTERFIELD_5124,64,CESTERFIELD,5124,Cointreau Liqueur,1.75L,3,66.99,2024-01-01
69_MOUNTMEND_14622,69,MOUNTMEND,14622,La Marca Prosecco,750mL,92,12.99,2024-01-01
59_CLAETHORPES_32650,59,CLAETHORPES,32650,Beringer Fndrs Est Pnt Nr,750mL,34,8.99,2024-01-01
73_DONCASTER_24727,73,DONCASTER,24727,Nardi Brunllo d Montlcino 10,750mL,6,52.99,2024-01-01
60_IRRAGIN_6984,60,IRRAGIN,6984,Kendall Jackson Vntrs RSV Me,750mL,45,16.99,2024-01-01
55_DRY GULCH_2162,55,DRY GULCH,2162,Djinn Spirits Gin,750mL,23,31.99,2024-01-01
41_LARNWICK_38899,41,LARNWICK,38899,L Martini Cab Svgn Sonoma,750mL,44,12.99,2024-01-01
62_KILMARNOCK_8258,62,KILMARNOCK,8258,Campari,750mL,9,29.99,2024-01-01
61_AETHELNEY_40559,61,AETHELNEY,40559,McManis Cab Svgn Cal,750mL,15,10.99,2024-01-01
56_BEGGAR'S HOLE_2103,56,BEGGAR'S HOLE,2103,Coldcock American Herbal Whi,750mL,5,18.99,2024-01-01
54_GUTHRAM_4385,54,GUTHRAM,4385,Parrot Bay 90 Coconut Capt,1.75L,8,24.99,2024-01-01
62_KILMARNOCK_3784,62,KILMARNOCK,3784,Margaritaville Gold Tequila,750mL,12,9.99,2024-01-01
49_GARIGILL_23122,49,GARIGILL,23122,Innocenti Vignalsole Rosso,750mL,5,25.99,2024-01-01
66_EANVERNESS_25338,66,EANVERNESS,25338,Ch Chantelune Margaux,750mL,11,49.99,2024-01-01
76_DONCASTER_43784,76,DONCASTER,43784,Newton Claret Napa,750mL,16,16.99,2024-01-01
50_MOUNTMEND_31346,50,MOUNTMEND,31346,Florio Dry Marsala Italy,750mL,16,10.99,2024-01-01
61_AETHELNEY_10443,61,AETHELNEY,10443,Charles Smith Kung Fu Girl R,750mL,17,11.99,2024-01-01
41_LARNWICK_22194,41,LARNWICK,22194,Placido Pinot Grigio Venezi,1.5L,6,12.99,2024-01-01
74_PAENTMARWY_12086,74,PAENTMARWY,12086,Candia Vyds Classic Cab Svgn,750mL,14,13.99,2024-01-01
51_ABERDEEN_3766,51,ABERDEEN,3766,Three Olives Grape Vodka,750mL,22,14.99,2024-01-01
69_MOUNTMEND_8066,69,MOUNTMEND,8066,DeKuyper Triple Sec,1.75L,32,9.99,2024-01-01
48_NORFOLK_3997,48,NORFOLK,3997,Hornitos Plata Tequila,750mL,137,19.99,2024-01-01
72_HARDERSFIELD_6214,72,HARDERSFIELD,6214,Taylor Red Port,3L,16,13.99,2024-01-01
70_KELD_824,70,KELD,824,Dewars White Label Scotch,Liter,8,26.99,2024-01-01
43_WOLFORD_5367,43,WOLFORD,5367,Sambuca di Amore,750mL,19,9.99,2024-01-01
56_BEGGAR'S HOLE_3941,56,BEGGAR'S HOLE,3941,Tres Generaciones Reposado,750mL,3,36.99,2024-01-01
64_CESTERFIELD_16429,64,CESTERFIELD,16429,HandCraft Artisan Coll Pnt N,750mL,26,9.99,2024-01-01
76_DONCASTER_2130,76,DONCASTER,2130,Bully Boy American Whiskey,750mL,12,29.99,2024-01-01
73_DONCASTER_8658,73,DONCASTER,8658,Absente 'Absinthe Refined',750mL,10,33.99,2024-01-01
73_DONCASTER_34947,73,DONCASTER,34947,M Chiarlo Moscato D'Asti Ni,375mL,12,11.49,2024-01-01
48_NORFOLK_4265,48,NORFOLK,4265,Capt Morgan Spiced Rum,375mL,22,10.99,2024-01-01
55_DRY GULCH_2443,55,DRY GULCH,2443,Seagrams VO,1.75L,27,20.99,2024-01-01
51_ABERDEEN_1545,51,ABERDEEN,1545,Gentleman Jack,750mL,41,26.99,2024-01-01
58_HARTLEPOOL_2245,58,HARTLEPOOL,2245,DUKE Kentucky Bourbon,750mL,8,35.99,2024-01-01
51_ABERDEEN_2654,51,ABERDEEN,2654,Tanqueray Bloomsbury,Liter,19,28.99,2024-01-01
56_BEGGAR'S HOLE_22143,56,BEGGAR'S HOLE,22143,Simi Cab Svgn,750mL,48,18.99,2024-01-01
76_DONCASTER_8398,76,DONCASTER,8398,Casamigos Blanco,750mL,5,53.99,2024-01-01
56_BEGGAR'S HOLE_2623,56,BEGGAR'S HOLE,2623,Ballantines,1.75L,7,28.99,2024-01-01
59_CLAETHORPES_3565,59,CLAETHORPES,3565,Ultimat Vodka,750mL,10,39.99,2024-01-01
71_CLARCTON_3610,71,CLARCTON,3610,Smirnoff Cranberry Vodka,750mL,6,12.99,2024-01-01
69_MOUNTMEND_31203,69,MOUNTMEND,31203,Beringer Fndrs Est Merlot,750mL,6,8.99,2024-01-01
76_DONCASTER_5681,76,DONCASTER,5681,Josiah Bartlett Apple Brandy,750mL,12,29.99,2024-01-01
50_MOUNTMEND_8704,50,MOUNTMEND,8704,Beringer Chard Napa Vly,750mL,8,14.99,2024-01-01
60_IRRAGIN_4245,60,IRRAGIN,4245,Bacardi Superior Rum,750mL,28,9.99,2024-01-01
44_PORTHCRAWL_12465,44,PORTHCRAWL,12465,Cline Cashmere Red Cal,750mL,4,8.99,2024-01-01
74_PAENTMARWY_39254,74,PAENTMARWY,39254,Las Rocas Garnacha San Alej,750mL,9,10.99,2024-01-01
58_HARTLEPOOL_8258,58,HARTLEPOOL,8258,Campari,750mL,5,29.99,2024-01-01
76_DONCASTER_3286,76,DONCASTER,3286,Ciroc Snap Frost Vodka,1.75L,12,47.99,2024-01-01
66_EANVERNESS_45474,66,EANVERNESS,45474,Belle Glos Alturas Pnt Nr,750mL,9,49.99,2024-01-01
67_EANVERNESS_36850,67,EANVERNESS,36850,Frey Svgn Bl Organic Mendcno,750mL,15,13.99,2024-01-01
67_EANVERNESS_21510,67,EANVERNESS,21510,Mezzacorona Cab Svgn,1.5L,56,10.99,2024-01-01
49_GARIGILL_5058,49,GARIGILL,5058,Capt Morgan Long Isl Tea RTD,1.75L,8,17.99,2024-01-01
64_CESTERFIELD_8288,64,CESTERFIELD,8288,Korbel Brut,750mL,19,11.99,2024-01-01
49_GARIGILL_20424,49,GARIGILL,20424,Viberti Barolo Rsv 06 Volta,750mL,11,93.99,2024-01-01
71_CLARCTON_938,71,CLARCTON,938,Jack Daniels Master Dist VAP,750mL,13,29.99,2024-01-01
58_HARTLEPOOL_2026,58,HARTLEPOOL,2026,Camarena Silver Tequila,750mL,11,18.99,2024-01-01
54_GUTHRAM_2494,54,GUTHRAM,2494,Crown Royal Regal Apple,1.75L,11,46.99,2024-01-01
69_MOUNTMEND_45993,69,MOUNTMEND,45993,Casa Liliana Good Merlot,750mL,0,10.99,2024-01-01
50_MOUNTMEND_3314,50,MOUNTMEND,3314,El Jimador Blanco Tequila,1.75L,0,26.99,2024-01-01
63_SWORDBREAK_31204,63,SWORDBREAK,31204,Beringer Fndrs Est Svgn Bl,750mL,8,8.99,2024-01-01
60_IRRAGIN_18835,60,IRRAGIN,18835,Don Miguel Gascon Colosal Rd,750mL,3,11.99,2024-01-01
50_MOUNTMEND_3483,50,MOUNTMEND,3483,Kru 82 Vodka,750mL,5,14.99,2024-01-01
46_TYWARDREATH_46763,46,TYWARDREATH,46763,Clayhouse Svgn Bl Paso Roble,750mL,5,11.99,2024-01-01
73_DONCASTER_7993,73,DONCASTER,7993,Stock Italian X Dry Vermouth,750mL,42,6.49,2024-01-01
62_KILMARNOCK_5255,62,KILMARNOCK,5255,TGI Fridays Ultimte Mudslide,1.75L,9,12.99,2024-01-01
59_CLAETHORPES_9304,59,CLAETHORPES,9304,Arak Razzouk,750mL,7,21.99,2024-01-01
76_DONCASTER_8092,76,DONCASTER,8092,Johnnie Walker Red Label,50mL,35,2.29,2024-01-01
50_MOUNTMEND_1896,50,MOUNTMEND,1896,The Glenlivet 18 Yr Single,750mL,17,99.99,2024-01-01
69_MOUNTMEND_5849,69,MOUNTMEND,5849,GranGala Triple Orange,750mL,16,16.99,2024-01-01
76_DONCASTER_8606,76,DONCASTER,8606,Baileys Espresso Creme,50mL,2,0.99,2024-01-01
49_GARIGILL_1181,49,GARIGILL,1181,Kahlua Peppermint Mocha,750mL,0,18.99,2024-01-01
51_ABERDEEN_5734,51,ABERDEEN,5734,Malibu Rum,1.75L,39,21.99,2024-01-01
50_MOUNTMEND_37313,50,MOUNTMEND,37313,Salmon Run NY Rsl,750mL,34,11.99,2024-01-01
58_HARTLEPOOL_3220,58,HARTLEPOOL,3220,Svedka Clementine Vodka,1.75L,11,18.99,2024-01-01
75_BARNCOMBE_2648,75,BARNCOMBE,2648,Chivas Regal,375mL,12,15.99,2024-01-01
55_DRY GULCH_29212,55,DRY GULCH,29212,R Mondavi Merlot Pvt Sel,750mL,40,7.99,2024-01-01
67_EANVERNESS_3877,67,EANVERNESS,3877,Smirnoff Green Apple Vodka,750mL,17,12.99,2024-01-01
51_ABERDEEN_35414,51,ABERDEEN,35414,Yellow Tail Shiraz Ausl,1.5L,50,8.95,2024-01-01
76_DONCASTER_10443,76,DONCASTER,10443,Charles Smith Kung Fu Girl R,750mL,28,11.99,2024-01-01
69_MOUNTMEND_3437,69,MOUNTMEND,3437,Bombay Dry Gin,750mL,10,19.99,2024-01-01
55_DRY GULCH_6523,55,DRY GULCH,6523,Franzia Burgundy Tap Red,5L,17,16.99,2024-01-01
57_LANTEGLOS_875,57,LANTEGLOS,875,DeKuyper Creme de Cacao Dark,Liter,14,8.99,2024-01-01
56_BEGGAR'S HOLE_5268,56,BEGGAR'S HOLE,5268,Mr Boston Rock & Rye,750mL,11,8.99,2024-01-01
42_BLACK HOLLOW_12747,42,BLACK HOLLOW,12747,Barefoot Cellars Pnt Nr,750mL,15,4.99,2024-01-01
67_EANVERNESS_41405,67,EANVERNESS,41405,La Posta Angel Plucci Malbec,750mL,15,14.99,2024-01-01
68_SOLARIS_18767,68,SOLARIS,18767,Cosentino The Zin,750mL,12,14.99,2024-01-01
50_MOUNTMEND_2915,50,MOUNTMEND,2915,Pendleton Limited Edition,750mL,3,21.99,2024-01-01
69_MOUNTMEND_40545,69,MOUNTMEND,40545,Whitehaven Svgn Bl Marlboro,750mL,24,14.99,2024-01-01
49_GARIGILL_28682,49,GARIGILL,28682,F Coppola Rosso Bianco Pnt G,750mL,14,9.99,2024-01-01
71_CLARCTON_28947,71,CLARCTON,28947,R M Woodbridge Merlot Cal,1.5L,84,8.99,2024-01-01
42_BLACK HOLLOW_2878,42,BLACK HOLLOW,2878,Hudson Four Grain Bourbon,375mL,6,39.99,2024-01-01
49_GARIGILL_5168,49,GARIGILL,5168,Kahlua French Vanilla,750mL,9,18.99,2024-01-01
75_BARNCOMBE_2030,75,BARNCOMBE,2030,Glen Moray 12 Yr Scotch,750mL,3,30.99,2024-01-01
73_DONCASTER_8728,73,DONCASTER,8728,Blue Nun Authentic White,1.5L,14,13.99,2024-01-01
41_LARNWICK_38850,41,LARNWICK,38850,Ravenswood Vntrs Bl Cab Svgn,750mL,14,7.99,2024-01-01
73_DONCASTER_37984,73,DONCASTER,37984,Barone Fini Pnt Gr Valdadige,750mL,34,11.99,2024-01-01
68_SOLARIS_3363,68,SOLARIS,3363,Lunazul Reposado Tequila,750mL,11,13.99,2024-01-01
53_HILLFAR_34504,53,HILLFAR,34504,Ca'Montini Pinot Grigio Tre,750mL,5,14.99,2024-01-01
55_DRY GULCH_36648,55,DRY GULCH,36648,Groth Cab Svgn Napa,750mL,37,57.99,2024-01-01
55_DRY GULCH_12024,55,DRY GULCH,12024,Terre Rouge Syrah Les Cotes,750mL,19,18.99,2024-01-01
55_DRY GULCH_10239,55,DRY GULCH,10239,Cannonball Cab Svgn Cal,750mL,90,13.99,2024-01-01
57_LANTEGLOS_810,57,LANTEGLOS,810,Bacardi Black Razz,750mL,15,9.99,2024-01-01
74_PAENTMARWY_438,74,PAENTMARWY,438,Licor 43 Vanilla Liqueur,750mL,11,18.99,2024-01-01
63_SWORDBREAK_5311,63,SWORDBREAK,5311,Amaretto DiSaronno,1.75L,18,34.99,2024-01-01
51_ABERDEEN_37657,51,ABERDEEN,37657,Maso Canali Pinot Grigio Tr,750mL,11,17.99,2024-01-01
76_DONCASTER_3549,76,DONCASTER,3549,Ketel One Vodka,750mL,25,22.99,2024-01-01
58_HARTLEPOOL_8050,58,HARTLEPOOL,8050,Absolut Mandrin,750mL,12,17.99,2024-01-01
66_EANVERNESS_4287,66,EANVERNESS,4287,Dictador 20 Yr Rum,750mL,27,59.99,2024-01-01
67_EANVERNESS_44620,67,EANVERNESS,44620,A to Z Ore Chard,750mL,17,15.99,2024-01-01
73_DONCASTER_21032,73,DONCASTER,21032,Taylor Fladgate 10-Yr Tawny,750mL,9,22.99,2024-01-01
65_LUTON_2663,65,LUTON,2663,Dewars White Label,1.75L,24,29.99,2024-01-01
76_DONCASTER_15889,76,DONCASTER,15889,R M Woodbridge Malbec,1.5L,17,8.99,2024-01-01
46_TYWARDREATH_8612,46,TYWARDREATH,8612,Grand Marnier,1.75L,3,67.99,2024-01-01
48_NORFOLK_5630,48,NORFOLK,5630,Cabin Fever Maple Liqueur,750mL,37,17.99,2024-01-01
50_MOUNTMEND_4141,50,MOUNTMEND,4141,Wild Turkey American Honey,50mL,14,0.99,2024-01-01
57_LANTEGLOS_8097,57,LANTEGLOS,8097,Patron Citronge Orange,375mL,5,11.99,2024-01-01
77_TAMWORTH_1634,77,TAMWORTH,1634,The Famous Grouse,1.75L,10,27.99,2024-01-01
52_GRAYCOTT_4783,52,GRAYCOTT,4783,Mr Boston Apricot Brandy,1.75L,6,13.99,2024-01-01
66_EANVERNESS_8252,66,EANVERNESS,8252,Gazdina Rakija Plum Brandy,750mL,22,20.49,2024-01-01
42_BLACK HOLLOW_3982,42,BLACK HOLLOW,3982,Hornitos Reposado Tequila,750mL,16,19.99,2024-01-01
43_WOLFORD_21019,43,WOLFORD,21019,Black Box Pnt Nr,3L,6,18.99,2024-01-01
60_IRRAGIN_8359,60,IRRAGIN,8359,R M Woodbridge Svgn Bl Cal,750mL,17,7.99,2024-01-01
67_EANVERNESS_6477,67,EANVERNESS,6477,Avion Tequila 3/50ml Sampler,50mL 3 Pk,12,9.99,2024-01-01
66_EANVERNESS_5773,66,EANVERNESS,5773,Kahlua Midnight,750mL,114,19.99,2024-01-01
55_DRY GULCH_3320,55,DRY GULCH,3320,Rosita Tequila Wh,Liter,23,9.29,2024-01-01
68_SOLARIS_2148,68,SOLARIS,2148,Canadian Mist Traveler,750mL,18,7.99,2024-01-01
62_KILMARNOCK_19748,62,KILMARNOCK,19748,Clos du Bois Chard,1.5L,53,15.99,2024-01-01
66_EANVERNESS_2740,66,EANVERNESS,2740,GlenDronach 15 Yr Scotch,750mL,9,91.99,2024-01-01
70_KELD_5628,70,KELD,5628,Baja Rosa Strawberry Liqueur,750mL,5,9.99,2024-01-01
55_DRY GULCH_3925,55,DRY GULCH,3925,Don Julio Reposado Tequila,750mL,7,49.99,2024-01-01
44_PORTHCRAWL_5877,44,PORTHCRAWL,5877,Ryans Irish Cream,50mL,121,0.99,2024-01-01
45_VERITAS_3462,45,VERITAS,3462,Absolut Ruby Red,750mL,9,17.99,2024-01-01
70_KELD_5873,70,KELD,5873,Malibu Pina Colada Light RTD,1.75L,0,17.99,2024-01-01
43_WOLFORD_4945,43,WOLFORD,4945,Jacquin Ginger Brandy,750mL,5,9.49,2024-01-01
61_AETHELNEY_5308,61,AETHELNEY,5308,Paul Masson Red Berry Brandy,50mL,64,0.99,2024-01-01
68_SOLARIS_1875,68,SOLARIS,1875,Bushmills Black Bush,750mL,7,28.99,2024-01-01
48_NORFOLK_6231,48,NORFOLK,6231,Mumm Brut Prestige,750mL,7,14.99,2024-01-01
45_VERITAS_1468,45,VERITAS,1468,Knob Creek Single Barrel Rsv,750mL,8,41.99,2024-01-01
68_SOLARIS_42099,68,SOLARIS,42099,Bota Box Pnt Grigio Cal,3L,6,17.99,2024-01-01
47_PELLA'S WISH_5142,47,PELLA'S WISH,5142,Carolans Irish Cream,1.75L,21,22.99,2024-01-01
65_LUTON_8124,65,LUTON,8124,Mouton Cadet White Brdx,750mL,43,12.99,2024-01-01
66_EANVERNESS_25269,66,EANVERNESS,25269,R Mondavi Cab Svgn Pvt Sel,750mL,37,7.99,2024-01-01
53_HILLFAR_4438,53,HILLFAR,4438,Cruzan Black Cherry Rum,750mL,7,9.99,2024-01-01
50_MOUNTMEND_11888,50,MOUNTMEND,11888,Penfolds Koonunga Hills Shir,750mL,19,10.99,2024-01-01
67_EANVERNESS_13693,67,EANVERNESS,13693,Toasted Head Untamed Red,750mL,18,10.99,2024-01-01
76_DONCASTER_8704,76,DONCASTER,8704,Beringer Chard Napa Vly,750mL,24,14.99,2024-01-01
59_CLAETHORPES_44138,59,CLAETHORPES,44138,Crios Malbec,750mL,18,12.99,2024-01-01
50_MOUNTMEND_8576,50,MOUNTMEND,8576,E & J Brandy VS,375mL,47,4.99,2024-01-01
67_EANVERNESS_2607,67,EANVERNESS,2607,Grand MacNish 12 Yr Old,750mL,15,21.99,2024-01-01
42_BLACK HOLLOW_10421,42,BLACK HOLLOW,10421,Barefoot Moscato Cal,1.5L,7,10.99,2024-01-01
66_EANVERNESS_4881,66,EANVERNESS,4881,Bacardi Twin Pack 2/750mls,750mL 2 Pk,101,19.99,2024-01-01
54_GUTHRAM_854,54,GUTHRAM,854,Seagrams VO Canadian Whiskey,Liter,18,15.99,2024-01-01
73_DONCASTER_26105,73,DONCASTER,26105,Spottswoode Svgn Bl Napa Vly,750mL,16,35.99,2024-01-01
76_DONCASTER_3367,76,DONCASTER,3367,Pinnacle Pomegranate Vodka,750mL,20,9.99,2024-01-01
74_PAENTMARWY_6565,74,PAENTMARWY,6565,Clos du Bois Cab Svgn N Cst,750mL,54,8.99,2024-01-01
54_GUTHRAM_7725,54,GUTHRAM,7725,Great Western Brut,750mL,12,9.99,2024-01-01
69_MOUNTMEND_29077,69,MOUNTMEND,29077,Pine Ridge Chn Bl/Viognier,750mL,49,14.99,2024-01-01
54_GUTHRAM_8358,54,GUTHRAM,8358,Bacardi 151 Proof,750mL,14,19.99,2024-01-01
74_PAENTMARWY_1281,74,PAENTMARWY,1281,Benchmark Old #8 Bourbon,1.75L,0,14.99,2024-01-01
42_BLACK HOLLOW_1535,42,BLACK HOLLOW,1535,Gentleman Jack,50mL,25,3.99,2024-01-01
58_HARTLEPOOL_3787,58,HARTLEPOOL,3787,Jose Cuervo Especial Silver,750mL,18,16.99,2024-01-01
59_CLAETHORPES_8680,59,CLAETHORPES,8680,Crown Royal,1.75L,130,38.99,2024-01-01
70_KELD_6650,70,KELD,6650,Simi Chard,750mL,9,14.99,2024-01-01
54_GUTHRAM_37923,54,GUTHRAM,37923,Five Rivers Cab Svgn,750mL,4,13.99,2024-01-01
71_CLARCTON_3216,71,CLARCTON,3216,Fleischmanns X Dry Gin,1.75L,23,9.99,2024-01-01
56_BEGGAR'S HOLE_22899,56,BEGGAR'S HOLE,22899,Simi Svgn Bl,750mL,46,14.99,2024-01-01
50_MOUNTMEND_32545,50,MOUNTMEND,32545,Artesa Carneros Chard,750mL,23,15.99,2024-01-01
46_TYWARDREATH_5462,46,TYWARDREATH,5462,Barenjager Honey Liqueur,750mL,8,21.99,2024-01-01
69_MOUNTMEND_24493,69,MOUNTMEND,24493,Buehler Cab Svgn Napa,750mL,24,23.99,2024-01-01
64_CESTERFIELD_428,64,CESTERFIELD,428,Sauza Giro Gold Tequila,Liter,7,9.49,2024-01-01
67_EANVERNESS_21789,67,EANVERNESS,21789,Carpene Malvolti Sprklg Rose,750mL,13,19.99,2024-01-01
71_CLARCTON_5645,71,CLARCTON,5645,Pallini Raspicello Liqueur,750mL,3,24.99,2024-01-01
61_AETHELNEY_18027,61,AETHELNEY,18027,Banfi Rosa Regale,750mL,5,13.99,2024-01-01
42_BLACK HOLLOW_25704,42,BLACK HOLLOW,25704,Murphy-Goode Chard Sonoma,750mL,18,12.99,2024-01-01
63_SWORDBREAK_700,63,SWORDBREAK,700,Hiram Walker Cr de Cacao Br,Liter,1,8.29,2024-01-01
69_MOUNTMEND_17967,69,MOUNTMEND,17967,Banfi Principessa Gavia Gav,750mL,44,15.99,2024-01-01
67_EANVERNESS_20685,67,EANVERNESS,20685,A Bichot Ch Gris Nuits St Ge,750mL,1,58.99,2024-01-01
57_LANTEGLOS_2143,57,LANTEGLOS,2143,Canadian Mist,1.75L,40,13.99,2024-01-01
41_LARNWICK_22584,41,LARNWICK,22584,Cambria Katherines Chard,750mL,8,17.99,2024-01-01
54_GUTHRAM_419,54,GUTHRAM,419,Absolut Citron,Liter,15,19.99,2024-01-01
70_KELD_13461,70,KELD,13461,R M Woodbridge Moscato,1.5L,11,8.99,2024-01-01
50_MOUNTMEND_3805,50,MOUNTMEND,3805,Cuervo Silver Rolling Stones,750mL,65,14.99,2024-01-01
62_KILMARNOCK_8205,62,KILMARNOCK,8205,Frangelico Hazelnut Liqueur,50mL,70,1.99,2024-01-01
72_HARDERSFIELD_8267,72,HARDERSFIELD,8267,Gazdina Rakija Pear Brandy,750mL,7,24.99,2024-01-01
46_TYWARDREATH_1964,46,TYWARDREATH,1964,Jim Beam Single Barrel,750mL,3,29.99,2024-01-01
44_PORTHCRAWL_3781,44,PORTHCRAWL,3781,Three Olives Vanilla Vodka,750mL,4,11.99,2024-01-01
64_CESTERFIELD_4258,64,CESTERFIELD,4258,Bacardi Mango Fusion,750mL,26,9.99,2024-01-01
56_BEGGAR'S HOLE_3397,56,BEGGAR'S HOLE,3397,Ciroc Red Berry Vodka,750mL,25,24.99,2024-01-01
51_ABERDEEN_8096,51,ABERDEEN,8096,Beefeater Gin,50mL,84,1.99,2024-01-01
73_DONCASTER_6635,73,DONCASTER,6635,Gallo Twin Valley Hearty Bur,1.5L,17,9.99,2024-01-01
73_DONCASTER_15092,73,DONCASTER,15092,Anne Amie Pnt Nr,750mL,19,27.99,2024-01-01
61_AETHELNEY_3894,61,AETHELNEY,3894,Zhenka Vodka 100 Proof,1.75L,6,11.99,2024-01-01
47_PELLA'S WISH_14008,47,PELLA'S WISH,14008,Cigar Box Malbec Mendoza,750mL,8,11.99,2024-01-01
68_SOLARIS_24419,68,SOLARIS,24419,Bonterra Mendocino Org Chard,750mL,22,10.99,2024-01-01
76_DONCASTER_2749,76,DONCASTER,2749,John Begg Blue Cap,1.75L,32,16.99,2024-01-01
69_MOUNTMEND_36376,69,MOUNTMEND,36376,Sebastiani Pnt Nr Sonoma,750mL,6,15.99,2024-01-01
53_HILLFAR_4291,53,HILLFAR,4291,Ronrico Gold,1.75L,12,12.99,2024-01-01
61_AETHELNEY_4282,61,AETHELNEY,4282,Capt Morgan White Pineapple,750mL,38,12.99,2024-01-01
59_CLAETHORPES_8749,59,CLAETHORPES,8749,Lugny Les Charmes Macon,750mL,14,15.99,2024-01-01
49_GARIGILL_1323,49,GARIGILL,1323,Early Times,1.75L,7,17.99,2024-01-01
76_DONCASTER_46476,76,DONCASTER,46476,Tilia Malbec Mendoza,750mL,73,9.99,2024-01-01
50_MOUNTMEND_38772,50,MOUNTMEND,38772,Rob Stuart Big Fire Pnt Nr,750mL,50,16.99,2024-01-01
41_LARNWICK_32108,41,LARNWICK,32108,Erath Pnt Nr Oregon,750mL,46,14.99,2024-01-01
63_SWORDBREAK_10603,63,SWORDBREAK,10603,Parducci Petite Sirah,750mL,11,13.99,2024-01-01
47_PELLA'S WISH_12368,47,PELLA'S WISH,12368,Vina Zaco Tempranillo Rioja,750mL,24,11.99,2024-01-01
76_DONCASTER_3292,76,DONCASTER,3292,GlenDronach 1995,750mL,4,169.99,2024-01-01
69_MOUNTMEND_4270,69,MOUNTMEND,4270,Brugal Anejo Rum,750mL,8,16.99,2024-01-01
70_KELD_31465,70,KELD,31465,Franzia Tap Chard,5L,16,17.99,2024-01-01
67_EANVERNESS_10175,67,EANVERNESS,10175,Big House Birdman Pnt Grigio,750mL,3,7.99,2024-01-01
66_EANVERNESS_17073,66,EANVERNESS,17073,Tomaiolo Pinot Grigio,750mL,19,11.99,2024-01-01
49_GARIGILL_4411,49,GARIGILL,4411,Fabrizia's Italian Margarita,750mL,31,9.99,2024-01-01
62_KILMARNOCK_8840,62,KILMARNOCK,8840,Burnetts Gin,1.75L,12,11.99,2024-01-01
59_CLAETHORPES_3376,59,CLAETHORPES,3376,Tommy Guns Vodka,750mL,11,39.99,2024-01-01
73_DONCASTER_8688,73,DONCASTER,8688,Paul Masson Chablis,3L,18,9.99,2024-01-01
71_CLARCTON_6929,71,CLARCTON,6929,Marie Brizard Orange Curacao,750mL,11,17.99,2024-01-01
47_PELLA'S WISH_3747,47,PELLA'S WISH,3747,Gordons Vodka Traveler,750mL,11,6.99,2024-01-01
42_BLACK HOLLOW_31454,42,BLACK HOLLOW,31454,Foxhorn SE Chard Australia,1.5L,10,6.99,2024-01-01
72_HARDERSFIELD_13163,72,HARDERSFIELD,13163,Barefoot Bubbly Moscato,750mL,0,7.99,2024-01-01
73_DONCASTER_11196,73,DONCASTER,11196,Angelini Pnt Grigio Veneto,750mL,48,9.99,2024-01-01
60_IRRAGIN_4722,60,IRRAGIN,4722,Remy Martin VSOP Cognac,750mL,15,34.99,2024-01-01
51_ABERDEEN_5392,51,ABERDEEN,5392,Goldschlager Cinnamon Schnps,750mL,19,17.99,2024-01-01
64_CESTERFIELD_46762,64,CESTERFIELD,46762,Clayhouse Cab Svgn Paso Rbls,750mL,60,11.99,2024-01-01
46_TYWARDREATH_3913,46,TYWARDREATH,3913,Svedka Vodka,1.75L,78,17.99,2024-01-01
54_GUTHRAM_20398,54,GUTHRAM,20398,I Lauri Bajo Montepul d'Abru,750mL,22,8.99,2024-01-01
45_VERITAS_32054,45,VERITAS,32054,Greg Norman Lmstn Cab/Merlot,750mL,11,11.99,2024-01-01
42_BLACK HOLLOW_178,42,BLACK HOLLOW,178,Wild Turkey Russell's RSV,750mL,7,26.99,2024-01-01
61_AETHELNEY_6314,61,AETHELNEY,6314,Livingston Burgundy Calif,3L,9,11.99,2024-01-01
60_IRRAGIN_22362,60,IRRAGIN,22362,Barefoot Bubbly Peach Fusion,750mL,4,9.99,2024-01-01
42_BLACK HOLLOW_17119,42,BLACK HOLLOW,17119,Zaccagnini Cerasuolo Rose,750mL,6,18.99,2024-01-01
67_EANVERNESS_23095,67,EANVERNESS,23095,Glen Ellen Cab Svgn RSV,1.5L,20,6.99,2024-01-01
50_MOUNTMEND_759,50,MOUNTMEND,759,Bunnahabhain 12 Yr Single,750mL,3,51.99,2024-01-01
68_SOLARIS_19552,68,SOLARIS,19552,Tenuta Alzatura Sagrantino,750mL,8,19.99,2024-01-01
69_MOUNTMEND_6724,69,MOUNTMEND,6724,Black Opal Cashmore Cab Svgn,750mL,25,7.99,2024-01-01
75_BARNCOMBE_36378,75,BARNCOMBE,36378,MezzaCorona Pnt Grigio,1.5L,54,10.99,2024-01-01
64_CESTERFIELD_32908,64,CESTERFIELD,32908,Sterling Vintners Cltn Merlo,750mL,51,10.99,2024-01-01
71_CLARCTON_8246,71,CLARCTON,8246,BV Coastal Estate Pnt Nr,750mL,37,10.99,2024-01-01
71_CLARCTON_6312,71,CLARCTON,6312,Gallo Twin Valley Svgn Bl Ca,1.5L,10,9.99,2024-01-01
66_EANVERNESS_5492,66,EANVERNESS,5492,Grand Marnier Cuvee du Cent,750mL,12,149.99,2024-01-01
74_PAENTMARWY_3876,74,PAENTMARWY,3876,Smirnoff 80 Proof,1.75L,213,17.99,2024-01-01
61_AETHELNEY_5434,61,AETHELNEY,5434,Southern Comfort Caramel,750mL,11,11.49,2024-01-01
72_HARDERSFIELD_254,72,HARDERSFIELD,254,DeKuyper Root Beer Schnapps,Liter,6,10.99,2024-01-01
68_SOLARIS_2189,68,SOLARIS,2189,Cleveland Black Rsv Whiskey,750mL,3,26.99,2024-01-01
61_AETHELNEY_3102,61,AETHELNEY,3102,Smirnoff Traveler,1.75L,0,17.99,2024-01-01
70_KELD_44334,70,KELD,44334,Noble Vines 337 Cab Svgn,750mL,15,11.99,2024-01-01
69_MOUNTMEND_3910,69,MOUNTMEND,3910,Hornitos Plata Tequila,375mL,7,12.99,2024-01-01
62_KILMARNOCK_6162,62,KILMARNOCK,6162,Jadot Pouilly Fuisse,750mL,38,21.99,2024-01-01
64_CESTERFIELD_39473,64,CESTERFIELD,39473,Acorn Cve Alegria Russ Syrah,750mL,12,26.99,2024-01-01
62_KILMARNOCK_16441,62,KILMARNOCK,16441,Bota Box RedVolution,3L,5,17.99,2024-01-01
50_MOUNTMEND_2186,50,MOUNTMEND,2186,Label 5 Scotch 12 Yr,750mL,2,31.99,2024-01-01
61_AETHELNEY_3842,61,AETHELNEY,3842,Barton Vodka,Liter,7,5.79,2024-01-01
59_CLAETHORPES_10579,59,CLAETHORPES,10579,High Note Malbec Mendoza,750mL,15,10.99,2024-01-01
66_EANVERNESS_1384,66,EANVERNESS,1384,Bulleit 95 Rye,750mL,73,27.99,2024-01-01
54_GUTHRAM_8678,54,GUTHRAM,8678,Banfi Chianti Clsc RSV,750mL,82,16.99,2024-01-01
69_MOUNTMEND_24907,69,MOUNTMEND,24907,Bogle Old Vine Znfdl Cal,750mL,17,9.99,2024-01-01
72_HARDERSFIELD_4187,72,HARDERSFIELD,4187,Kraken Black Spiced Rum,750mL,4,17.99,2024-01-01
51_ABERDEEN_5255,51,ABERDEEN,5255,TGI Fridays Ultimte Mudslide,1.75L,7,12.99,2024-01-01
76_DONCASTER_20058,76,DONCASTER,20058,Ch Picon Longueville Comt 10,750mL,21,329.99,2024-01-01
66_EANVERNESS_17118,66,EANVERNESS,17118,Heitz Martha's Vyd Cab Svgn,750mL,2,224.99,2024-01-01
48_NORFOLK_1789,48,NORFOLK,1789,Jack Daniels Tennesse Fire,750mL,60,25.99,2024-01-01
54_GUTHRAM_3650,54,GUTHRAM,3650,Patron Silver Tequila,750mL,25,48.99,2024-01-01
58_HARTLEPOOL_3894,58,HARTLEPOOL,3894,Zhenka Vodka 100 Proof,1.75L,21,11.99,2024-01-01
63_SWORDBREAK_26391,63,SWORDBREAK,26391,Pepperwood Grove Chard,750mL,15,7.99,2024-01-01
72_HARDERSFIELD_8128,72,HARDERSFIELD,8128,Espolon Anejo Tequila,750mL,3,29.99,2024-01-01
65_LUTON_2943,65,LUTON,2943,The Macallan 18 Yr Old,375mL,7,119.99,2024-01-01
57_LANTEGLOS_2979,57,LANTEGLOS,2979,Bowmore 12-Yr Scotch,750mL,3,44.99,2024-01-01
43_WOLFORD_18347,43,WOLFORD,18347,Banfi Pnt Grigio San Angelo,750mL,38,16.99,2024-01-01
59_CLAETHORPES_46070,59,CLAETHORPES,46070,Carpineto Dogajolo Rose,750mL,8,14.99,2024-01-01
75_BARNCOMBE_42118,75,BARNCOMBE,42118,Jewell Towne Seyval NH,750mL,8,10.49,2024-01-01
74_PAENTMARWY_2026,74,PAENTMARWY,2026,Camarena Silver Tequila,750mL,6,18.99,2024-01-01
47_PELLA'S WISH_5109,47,PELLA'S WISH,5109,Dr McGillicuddy's Menth Trav,750mL,0,12.99,2024-01-01
42_BLACK HOLLOW_3472,42,BLACK HOLLOW,3472,Cazadores Blanco Tequila,750mL,12,14.99,2024-01-01
48_NORFOLK_7344,48,NORFOLK,7344,Viniq Shimmery Liqueur,375mL,1,10.99,2024-01-01
62_KILMARNOCK_3042,62,KILMARNOCK,3042,Ciroc Red Berry Vodka,375mL,4,15.49,2024-01-01
75_BARNCOMBE_15619,75,BARNCOMBE,15619,Beringer Classic Red Moscato,750mL,6,5.99,2024-01-01
44_PORTHCRAWL_2679,44,PORTHCRAWL,2679,Dewars Highlander Honey,750mL,35,19.99,2024-01-01
76_DONCASTER_2508,76,DONCASTER,2508,Crown Royal No Harvest Rye,50mL,25,1.99,2024-01-01
64_CESTERFIELD_18743,64,CESTERFIELD,18743,Ca'Momi Merlot Napa Valley,750mL,1,9.99,2024-01-01
49_GARIGILL_4334,49,GARIGILL,4334,Casa Noble Blanco Crystal,750mL,7,34.99,2024-01-01
61_AETHELNEY_1348,61,AETHELNEY,1348,Knob Creek Bourbon,375mL,25,15.99,2024-01-01
67_EANVERNESS_24715,67,EANVERNESS,24715,Banfi Summus Tuscany Red,750mL,7,60.99,2024-01-01
61_AETHELNEY_3766,61,AETHELNEY,3766,Three Olives Grape Vodka,750mL,37,14.99,2024-01-01
55_DRY GULCH_21321,55,DRY GULCH,21321,Rex Goliath Red Sangria,750mL,19,5.99,2024-01-01
66_EANVERNESS_13422,66,EANVERNESS,13422,Gnarly Head Pnt Nr,750mL,19,9.99,2024-01-01
73_DONCASTER_8482,73,DONCASTER,8482,Cabot Trail Cana Cream Maple,750mL,22,17.99,2024-01-01
56_BEGGAR'S HOLE_8619,56,BEGGAR'S HOLE,8619,Canadian Club,375mL,22,5.99,2024-01-01
42_BLACK HOLLOW_6861,42,BLACK HOLLOW,6861,Sutter Home Clsc Wh Znfdl,187mL 4 Pk,8,5.99,2024-01-01
64_CESTERFIELD_18014,64,CESTERFIELD,18014,Argyle Brut,750mL,10,19.99,2024-01-01
61_AETHELNEY_4664,61,AETHELNEY,4664,Hennessy Black Cognac,750mL,10,34.99,2024-01-01
75_BARNCOMBE_1346,75,BARNCOMBE,1346,Knob Creek Bourbon,750mL,12,29.99,2024-01-01
56_BEGGAR'S HOLE_46424,56,BEGGAR'S HOLE,46424,Hob Nob Pnt Nr VDP D'Oc,750mL,30,9.99,2024-01-01
48_NORFOLK_34134,48,NORFOLK,34134,Turning Leaf RSV Chard Cal,1.5L,54,9.99,2024-01-01
55_DRY GULCH_45474,55,DRY GULCH,45474,Belle Glos Alturas Pnt Nr,750mL,15,49.99,2024-01-01
54_GUTHRAM_31500,54,GUTHRAM,31500,Barefoot Wh Znfdl Cal,750mL,17,4.99,2024-01-01
62_KILMARNOCK_4262,62,KILMARNOCK,4262,Capt Morgan Spiced Rum,750mL,55,16.99,2024-01-01
49_GARIGILL_3728,49,GARIGILL,3728,Absolut Citron,1.75L,35,24.99,2024-01-01
73_DONCASTER_2690,73,DONCASTER,2690,Black Velvet Reserve,750mL,22,9.99,2024-01-01
57_LANTEGLOS_3345,57,LANTEGLOS,3345,Bombay Sapphire Gin,50mL,21,1.99,2024-01-01
42_BLACK HOLLOW_10727,42,BLACK HOLLOW,10727,Starborough Svgn Bl Marlboro,750mL,24,7.95,2024-01-01
54_GUTHRAM_2830,54,GUTHRAM,2830,Serpent's Bite Cider Whiskey,750mL,11,13.99,2024-01-01
61_AETHELNEY_2780,61,AETHELNEY,2780,Bulleit 10 Yr Old Bourbon,750mL,28,38.99,2024-01-01
72_HARDERSFIELD_5361,72,HARDERSFIELD,5361,Grind Espresso Shot,50mL,0,0.99,2024-01-01
46_TYWARDREATH_1734,46,TYWARDREATH,1734,Duggans Dew O Kirkintilloch,1.75L,3,23.49,2024-01-01
50_MOUNTMEND_5444,50,MOUNTMEND,5444,E & J Superior RSV VSOP,1.75L,26,19.99,2024-01-01
73_DONCASTER_4064,73,DONCASTER,4064,Calico Jack Pin/Coc Rum,1.75L,26,12.99,2024-01-01
42_BLACK HOLLOW_5111,42,BLACK HOLLOW,5111,Dr McGillicuddy's Mentholmnt,50mL,37,0.99,2024-01-01
60_IRRAGIN_21386,60,IRRAGIN,21386,Segal's Cab Svgn Spcl Rsv Ga,750mL,9,20.99,2024-01-01
54_GUTHRAM_35414,54,GUTHRAM,35414,Yellow Tail Shiraz Ausl,1.5L,38,8.95,2024-01-01
56_BEGGAR'S HOLE_8096,56,BEGGAR'S HOLE,8096,Beefeater Gin,50mL,25,1.99,2024-01-01
58_HARTLEPOOL_5254,58,HARTLEPOOL,5254,DeKuyper Buttershots Schnpps,750mL,19,10.99,2024-01-01
45_VERITAS_28856,45,VERITAS,28856,Seghesio Znfdl Sonoma,750mL,10,19.99,2024-01-01
73_DONCASTER_1896,73,DONCASTER,1896,The Glenlivet 18 Yr Single,750mL,6,99.99,2024-01-01
49_GARIGILL_3138,49,GARIGILL,3138,Svedka 100 Vodka,750mL,5,11.99,2024-01-01
51_ABERDEEN_36139,51,ABERDEEN,36139,Renzo Masi Chiant Rufina RS,750mL,10,14.99,2024-01-01
67_EANVERNESS_3684,67,EANVERNESS,3684,Fleischmanns Royal Vodka,1.75L,38,9.99,2024-01-01
73_DONCASTER_17063,73,DONCASTER,17063,Ch Tanunda Gr Barossa Cab Sv,750mL,30,18.99,2024-01-01
74_PAENTMARWY_43918,74,PAENTMARWY,43918,Farnum Hill X-Dry Cider,750mL,10,11.99,2024-01-01
67_EANVERNESS_39412,67,EANVERNESS,39412,Mirassou Merlot Cal,750mL,37,9.99,2024-01-01
71_CLARCTON_43131,71,CLARCTON,43131,Carpano Antica Formula,375mL,6,12.99,2024-01-01
55_DRY GULCH_3244,55,DRY GULCH,3244,Burnetts Vodka,750mL,28,6.79,2024-01-01
43_WOLFORD_27801,43,WOLFORD,27801,Moet & Chandon Nectar Imper,750mL,5,45.99,2024-01-01
69_MOUNTMEND_35049,69,MOUNTMEND,35049,Ch Pesquie Cotes du Ventoux,750mL,15,14.99,2024-01-01
74_PAENTMARWY_6734,74,PAENTMARWY,6734,Gallo Twin Valley Cab Svgn C,1.5L,12,9.99,2024-01-01
62_KILMARNOCK_8379,62,KILMARNOCK,8379,Wild Turkey 101,375mL,7,11.99,2024-01-01
74_PAENTMARWY_25126,74,PAENTMARWY,25126,Zorvino Vyds Peachez,750mL,4,9.99,2024-01-01
44_PORTHCRAWL_25269,44,PORTHCRAWL,25269,R Mondavi Cab Svgn Pvt Sel,750mL,26,7.99,2024-01-01
69_MOUNTMEND_2232,69,MOUNTMEND,2232,Sipsmith Gin,750mL,8,39.99,2024-01-01
46_TYWARDREATH_17814,46,TYWARDREATH,17814,Ruffino Chianti Clsc Rsv Gld,750mL,5,34.99,2024-01-01
73_DONCASTER_5191,73,DONCASTER,5191,Fireball Cinnamon Whiskey,375mL,53,9.99,2024-01-01
50_MOUNTMEND_32649,50,MOUNTMEND,32649,Beringer Classic Wh Merlot,1.5L,13,9.99,2024-01-01
59_CLAETHORPES_5705,59,CLAETHORPES,5705,Bauchant Orange Liqueur,750mL,9,19.99,2024-01-01
49_GARIGILL_3436,49,GARIGILL,3436,Bombay Dry Gin,1.75L,13,24.99,2024-01-01
67_EANVERNESS_21317,67,EANVERNESS,21317,Bartenura Moscato,750mL,8,13.99,2024-01-01
69_MOUNTMEND_8072,69,MOUNTMEND,8072,Taittinger Brut La Francais,750mL,57,36.99,2024-01-01
42_BLACK HOLLOW_3025,42,BLACK HOLLOW,3025,Ciroc Snap Frost Vodka,375mL,7,15.49,2024-01-01
50_MOUNTMEND_14930,50,MOUNTMEND,14930,Yellow Tail Moscato,1.5L,68,8.95,2024-01-01
49_GARIGILL_22566,49,GARIGILL,22566,LaBelle Winery 2013 Dry Rsl,750mL,58,13.99,2024-01-01
76_DONCASTER_24357,76,DONCASTER,24357,Bota Box Nighthawk Dark Red,3L,0,21.99,2024-01-01
43_WOLFORD_41712,43,WOLFORD,41712,Fish Eye Chard,750mL,16,5.99,2024-01-01
46_TYWARDREATH_27515,46,TYWARDREATH,27515,Clos du Bois RSV Chard RRV,750mL,10,13.99,2024-01-01
59_CLAETHORPES_1770,59,CLAETHORPES,1770,Jack Daniels Tennessee Fire,1.75L,21,36.99,2024-01-01
67_EANVERNESS_2518,67,EANVERNESS,2518,Woodford Reserve Double Oak,750mL,15,49.99,2024-01-01
49_GARIGILL_2158,49,GARIGILL,2158,Sortilege Liqueur,375mL,7,19.99,2024-01-01
50_MOUNTMEND_1465,50,MOUNTMEND,1465,Woodford Rsv Bourbon,375mL,13,17.99,2024-01-01
69_MOUNTMEND_45322,69,MOUNTMEND,45322,Zabrin de Fuego Garnacha,750mL,80,8.99,2024-01-01
66_EANVERNESS_5230,66,EANVERNESS,5230,Bacardi Party Drinks Bahama,1.75L,18,15.99,2024-01-01
56_BEGGAR'S HOLE_18347,56,BEGGAR'S HOLE,18347,Banfi Pnt Grigio San Angelo,750mL,52,16.99,2024-01-01
66_EANVERNESS_35319,66,EANVERNESS,35319,Jewell Towne Rsl NH,750mL,17,14.49,2024-01-01
67_EANVERNESS_24135,67,EANVERNESS,24135,Chanson Vire Clesse,750mL,12,22.99,2024-01-01
58_HARTLEPOOL_4201,58,HARTLEPOOL,4201,Calico Jack Silver Rum,1.75L,23,12.99,2024-01-01
64_CESTERFIELD_3100,64,CESTERFIELD,3100,Ciroc Red Berry Vodka,1.75L,7,47.99,2024-01-01
70_KELD_6460,70,KELD,6460,Columbia Crest Two Vns Chard,750mL,17,6.99,2024-01-01
61_AETHELNEY_4689,61,AETHELNEY,4689,Hennessy Privilege VSOP,750mL,12,51.99,2024-01-01
64_CESTERFIELD_2954,64,CESTERFIELD,2954,Highland Park 12 Yr Single,750mL,5,46.99,2024-01-01
66_EANVERNESS_2148,66,EANVERNESS,2148,Canadian Mist Traveler,750mL,28,7.99,2024-01-01
62_KILMARNOCK_3794,62,KILMARNOCK,3794,Cabo Wabo Reposado Tequila,750mL,3,36.99,2024-01-01
48_NORFOLK_27867,48,NORFOLK,27867,Vendange Merlot,1.5L,61,6.99,2024-01-01
63_SWORDBREAK_22143,63,SWORDBREAK,22143,Simi Cab Svgn,750mL,4,18.99,2024-01-01
56_BEGGAR'S HOLE_41213,56,BEGGAR'S HOLE,41213,A to Z Pnt Nr Ore,750mL,27,17.99,2024-01-01
57_LANTEGLOS_5706,57,LANTEGLOS,5706,Gr Marnier Raspberry Peach,750mL,9,26.99,2024-01-01
66_EANVERNESS_6650,66,EANVERNESS,6650,Simi Chard,750mL,195,14.99,2024-01-01
42_BLACK HOLLOW_18095,42,BLACK HOLLOW,18095,Layer Cake Garnacha,750mL,4,15.99,2024-01-01
50_MOUNTMEND_23633,50,MOUNTMEND,23633,Chateau Simon Bordeaux Blanc,750mL,8,14.99,2024-01-01
73_DONCASTER_23075,73,DONCASTER,23075,Madrigal Petite Sirah,750mL,3,16.99,2024-01-01
61_AETHELNEY_2143,61,AETHELNEY,2143,Canadian Mist,1.75L,19,13.99,2024-01-01
62_KILMARNOCK_19926,62,KILMARNOCK,19926,Santa Rita RSV Svgn Bl,750mL,7,9.99,2024-01-01
64_CESTERFIELD_2952,64,CESTERFIELD,2952,Old Bushmills,750mL,10,20.99,2024-01-01
64_CESTERFIELD_1366,64,CESTERFIELD,1366,Red Stag by Jim Beam,50mL,71,1.29,2024-01-01
52_GRAYCOTT_8476,52,GRAYCOTT,8476,1800 Reposado Gold Tequila,375mL,4,11.49,2024-01-01
55_DRY GULCH_8660,55,DRY GULCH,8660,Drambuie Liqueur,375mL,13,12.99,2024-01-01
66_EANVERNESS_22079,66,EANVERNESS,22079,C Y Toro Casa Diblo Cab Svgn,750mL,27,9.99,2024-01-01
64_CESTERFIELD_3836,64,CESTERFIELD,3836,Smirnoff Citrus Vodka,750mL,10,12.99,2024-01-01
43_WOLFORD_5689,43,WOLFORD,5689,Villa Massa Limoncello,750mL,7,18.99,2024-01-01
63_SWORDBREAK_3174,63,SWORDBREAK,3174,Cold River Vodka,750mL,11,29.99,2024-01-01
49_GARIGILL_4760,49,GARIGILL,4760,Kinky Flame Whisky,750mL,113,16.99,2024-01-01
47_PELLA'S WISH_31971,47,PELLA'S WISH,31971,Trinchero Main St Cab Svgn,750mL,11,8.99,2024-01-01
56_BEGGAR'S HOLE_14342,56,BEGGAR'S HOLE,14342,Cupcake Pnt Nr,750mL,19,7.49,2024-01-01
48_NORFOLK_4018,48,NORFOLK,4018,Papa's Pilar Dark Rum,750mL,8,35.99,2024-01-01
46_TYWARDREATH_3894,46,TYWARDREATH,3894,Zhenka Vodka 100 Proof,1.75L,9,11.99,2024-01-01
67_EANVERNESS_44755,67,EANVERNESS,44755,Bollinger Brut Grande Annee,750mL,17,131.99,2024-01-01
68_SOLARIS_6173,68,SOLARIS,6173,Gallo Fairbanks Red Port,1.5L,8,7.99,2024-01-01
47_PELLA'S WISH_46379,47,PELLA'S WISH,46379,Ghost Pine Cab Svgn LMartini,750mL,10,16.99,2024-01-01
47_PELLA'S WISH_1892,47,PELLA'S WISH,1892,Yukon Jack,50mL,85,0.99,2024-01-01
51_ABERDEEN_4734,51,ABERDEEN,4734,Capt Morgan Cannon Blast,750mL,2,14.99,2024-01-01
57_LANTEGLOS_8590,57,LANTEGLOS,8590,Arrow Peppermint Schnapps,750mL,5,7.99,2024-01-01
59_CLAETHORPES_44334,59,CLAETHORPES,44334,Noble Vines 337 Cab Svgn,750mL,44,11.99,2024-01-01
49_GARIGILL_21309,49,GARIGILL,21309,Chloe Red,750mL,12,14.99,2024-01-01
50_MOUNTMEND_5691,50,MOUNTMEND,5691,P & J Cold Soaked Pineapples,375mL,2,9.99,2024-01-01
66_EANVERNESS_16918,66,EANVERNESS,16918,Villa Pozzi Moscato,750mL,4,8.99,2024-01-01
49_GARIGILL_32969,49,GARIGILL,32969,Alice White Shiraz Ausl,1.5L,8,13.99,2024-01-01
48_NORFOLK_6896,48,NORFOLK,6896,Sterling Merlot,750mL,7,14.95,2024-01-01
47_PELLA'S WISH_2795,47,PELLA'S WISH,2795,George Dickel Rye,750mL,11,23.99,2024-01-01
54_GUTHRAM_8082,54,GUTHRAM,8082,Baileys Irish Cream,1.75L,73,29.99,2024-01-01
67_EANVERNESS_8021,67,EANVERNESS,8021,Glenfiddich Special Rsv 12,750mL,34,42.99,2024-01-01
53_HILLFAR_809,53,HILLFAR,809,Southern Comfort,Liter,16,19.99,2024-01-01
49_GARIGILL_3472,49,GARIGILL,3472,Cazadores Blanco Tequila,750mL,7,14.99,2024-01-01
76_DONCASTER_8232,76,DONCASTER,8232,Riunite Lambrusco,1.5L,25,8.99,2024-01-01
76_DONCASTER_12910,76,DONCASTER,12910,Drouhin Gevrey-Chambertin 13,750mL,10,61.99,2024-01-01
54_GUTHRAM_5897,54,GUTHRAM,5897,99 Bananas,750mL,14,11.99,2024-01-01
50_MOUNTMEND_8664,50,MOUNTMEND,8664,Asbach Uralt German Brandy,750mL,19,23.49,2024-01-01
42_BLACK HOLLOW_6958,42,BLACK HOLLOW,6958,Vendange Svgn Bl,1.5L,12,7.99,2024-01-01
54_GUTHRAM_6980,54,GUTHRAM,6980,Midnight Moon Blueberry,750mL,10,19.99,2024-01-01
65_LUTON_4412,65,LUTON,4412,Pusser's British Navy Rum,750mL,4,17.99,2024-01-01
66_EANVERNESS_20557,66,EANVERNESS,20557,The Other Red,750mL,11,11.99,2024-01-01
72_HARDERSFIELD_6584,72,HARDERSFIELD,6584,Schmitt Sohne Spatlese Psprt,750mL,5,11.99,2024-01-01
65_LUTON_28260,65,LUTON,28260,Nathanson Creek Chard,1.5L,33,7.99,2024-01-01
73_DONCASTER_40837,73,DONCASTER,40837,JJ Prum Graacher Himel Rsl K,750mL,34,29.99,2024-01-01
55_DRY GULCH_5219,55,DRY GULCH,5219,Sambuca Romana Black,750mL,15,19.99,2024-01-01
63_SWORDBREAK_3663,63,SWORDBREAK,3663,Tarantula Azul Tequila,750mL,14,13.99,2024-01-01
69_MOUNTMEND_2656,69,MOUNTMEND,2656,Cutty Sark,1.75L,25,24.99,2024-01-01
76_DONCASTER_8342,76,DONCASTER,8342,Korbel X Dry,750mL,77,11.99,2024-01-01
74_PAENTMARWY_4196,74,PAENTMARWY,4196,Bacardi Dragon Berry Rum,750mL,38,9.99,2024-01-01
64_CESTERFIELD_2739,64,CESTERFIELD,2739,Bruichladdich Rocks Sngl Mlt,750mL,3,49.99,2024-01-01
53_HILLFAR_4683,53,HILLFAR,4683,Hennessy VS Cognac,50mL,52,3.79,2024-01-01
61_AETHELNEY_4634,61,AETHELNEY,4634,Gold Crown Wh Rum,1.75L,13,10.99,2024-01-01
69_MOUNTMEND_13124,69,MOUNTMEND,13124,Shaya Verdejo Old Vines Whit,750mL,14,12.99,2024-01-01
56_BEGGAR'S HOLE_32649,56,BEGGAR'S HOLE,32649,Beringer Classic Wh Merlot,1.5L,11,9.99,2024-01-01
74_PAENTMARWY_42766,74,PAENTMARWY,42766,14 Hands Merlot Wash,750mL,56,8.95,2024-01-01
61_AETHELNEY_1021,61,AETHELNEY,1021,St Brendans Peppermint Bark,750mL,8,13.99,2024-01-01
72_HARDERSFIELD_4044,72,HARDERSFIELD,4044,Calico Jack Mango Rum,1.75L,10,12.99,2024-01-01
62_KILMARNOCK_2534,62,KILMARNOCK,2534,The Dalmore 12Yr Single Malt,750mL,4,49.99,2024-01-01
45_VERITAS_4297,45,VERITAS,4297,Ronrico Silver Traveler,750mL,10,7.99,2024-01-01
64_CESTERFIELD_44761,64,CESTERFIELD,44761,Gekkeikan Sake Zipang Spklg,250mL,13,5.49,2024-01-01
67_EANVERNESS_44650,67,EANVERNESS,44650,Nickel Branding Irn Cab Svgn,750mL,6,99.99,2024-01-01
60_IRRAGIN_43450,60,IRRAGIN,43450,Fish Eye Pnt Grigio,3L,5,16.99,2024-01-01
55_DRY GULCH_5058,55,DRY GULCH,5058,Capt Morgan Long Isl Tea RTD,1.75L,14,17.99,2024-01-01
61_AETHELNEY_5685,61,AETHELNEY,5685,P & J Cold Soaked Peaches,750mL,34,18.99,2024-01-01
54_GUTHRAM_4368,54,GUTHRAM,4368,Capt Morgan Private Stock,1.75L,22,33.99,2024-01-01
69_MOUNTMEND_8725,69,MOUNTMEND,8725,Chambord Royale de France,375mL,20,17.99,2024-01-01
76_DONCASTER_23271,76,DONCASTER,23271,Darkhorse Merlot,750mL,10,7.99,2024-01-01
66_EANVERNESS_4075,66,EANVERNESS,4075,Bacardi Pineapple Fusion,1.75L,18,19.99,2024-01-01
55_DRY GULCH_38726,55,DRY GULCH,38726,McWilliams Hanwood Cab Svgn,750mL,5,6.99,2024-01-01
69_MOUNTMEND_24424,69,MOUNTMEND,24424,Adaption by Odette Chard,750mL,23,31.99,2024-01-01
75_BARNCOMBE_46380,75,BARNCOMBE,46380,Ghost Pines Chard L Martini,750mL,8,16.99,2024-01-01
76_DONCASTER_35048,76,DONCASTER,35048,Castell Del Remei Gotim Bru,750mL,14,13.99,2024-01-01
60_IRRAGIN_24456,60,IRRAGIN,24456,Franciscan Est Chard Napa,750mL,75,11.98,2024-01-01
73_DONCASTER_165,73,DONCASTER,165,Gentleman Jack Gift Pack,750mL,1,26.99,2024-01-01
69_MOUNTMEND_13895,69,MOUNTMEND,13895,Mohua Pinot Noir,750mL,11,14.99,2024-01-01
74_PAENTMARWY_3818,74,PAENTMARWY,3818,Cabo Wabo Blanco Tequila,750mL,3,29.99,2024-01-01
63_SWORDBREAK_2270,63,SWORDBREAK,2270,Laphroaig Triple Wood,750mL,3,74.99,2024-01-01
75_BARNCOMBE_4363,75,BARNCOMBE,4363,Capt Morgan Black Spiced Rum,1.75L,6,32.99,2024-01-01
60_IRRAGIN_37313,60,IRRAGIN,37313,Salmon Run NY Rsl,750mL,13,11.99,2024-01-01
57_LANTEGLOS_6581,57,LANTEGLOS,6581,Ch Ste Michelle Merlot Colum,750mL,10,12.99,2024-01-01
44_PORTHCRAWL_1956,44,PORTHCRAWL,1956,Balvenie 12 Yr Doublewood S,750mL,9,56.99,2024-01-01
75_BARNCOMBE_26463,75,BARNCOMBE,26463,Ravenswood Vints Blend Znfdl,750mL,5,7.99,2024-01-01
44_PORTHCRAWL_4226,44,PORTHCRAWL,4226,Bacardi Superior Rum Trav,750mL,16,9.99,2024-01-01
62_KILMARNOCK_3310,62,KILMARNOCK,3310,Pinnacle Vodka,375mL,23,5.99,2024-01-01
69_MOUNTMEND_25711,69,MOUNTMEND,25711,Alexander Vly Vyd Cab Svgn,750mL,0,15.99,2024-01-01
47_PELLA'S WISH_8472,47,PELLA'S WISH,8472,1800 Silver Tequila,750mL,5,21.99,2024-01-01
76_DONCASTER_16990,76,DONCASTER,16990,Santa Cristina Antinori Wh,750mL,12,10.99,2024-01-01
76_DONCASTER_2440,76,DONCASTER,2440,Platte Valley Fireshine,750mL,7,16.99,2024-01-01
42_BLACK HOLLOW_2631,42,BLACK HOLLOW,2631,Scapa Skiren Single Malt,750mL,3,71.99,2024-01-01
66_EANVERNESS_2830,66,EANVERNESS,2830,Serpent's Bite Cider Whiskey,750mL,9,13.99,2024-01-01
56_BEGGAR'S HOLE_3984,56,BEGGAR'S HOLE,3984,Sauza Tres Generacions Anejo,750mL,8,41.99,2024-01-01
44_PORTHCRAWL_3827,44,PORTHCRAWL,3827,Popov Vodka,1.75L,11,12.99,2024-01-01
50_MOUNTMEND_2748,50,MOUNTMEND,2748,Johnnie Walker Blue Label,1.75L,19,319.99,2024-01-01
47_PELLA'S WISH_44217,47,PELLA'S WISH,44217,Ruffino Il Ducale Toscana Rd,750mL,6,15.99,2024-01-01
65_LUTON_44334,65,LUTON,44334,Noble Vines 337 Cab Svgn,750mL,8,11.99,2024-01-01
51_ABERDEEN_21784,51,ABERDEEN,21784,Grape Time Winery Rsl Granny,750mL,24,12.99,2024-01-01
47_PELLA'S WISH_3951,47,PELLA'S WISH,3951,Hornitos Reposado Tequila,50mL,19,2.49,2024-01-01
67_EANVERNESS_36153,67,EANVERNESS,36153,Edna Valley Paragon Pnt Nr,750mL,16,13.99,2024-01-01
51_ABERDEEN_8032,51,ABERDEEN,8032,Ballatore Gran Spumante,750mL,68,7.99,2024-01-01
67_EANVERNESS_4062,67,EANVERNESS,4062,Goslings Dark'N Stormy RTD,250mL 4 Pk,12,8.99,2024-01-01
64_CESTERFIELD_3887,64,CESTERFIELD,3887,Wolfschmidt Vodka 80 Proof,1.75L,22,10.99,2024-01-01
76_DONCASTER_2740,76,DONCASTER,2740,GlenDronach 15 Yr Scotch,750mL,10,91.99,2024-01-01
69_MOUNTMEND_16326,69,MOUNTMEND,16326,Black Box Cab Svgn,500mL,20,3.99,2024-01-01
59_CLAETHORPES_15251,59,CLAETHORPES,15251,Bota Mini Cab Svgn,500mL,17,3.99,2024-01-01
68_SOLARIS_2722,68,SOLARIS,2722,J & B Rare,750mL,16,21.99,2024-01-01
55_DRY GULCH_24246,55,DRY GULCH,24246,Marco Barbanera Chianti DOCG,750mL,0,5.99,2024-01-01
75_BARNCOMBE_3877,75,BARNCOMBE,3877,Smirnoff Green Apple Vodka,750mL,13,12.99,2024-01-01
47_PELLA'S WISH_4150,47,PELLA'S WISH,4150,Shellback Spiced Rum,750mL,10,11.99,2024-01-01
61_AETHELNEY_8187,61,AETHELNEY,8187,Wild Turkey,750mL,19,16.99,2024-01-01
68_SOLARIS_10421,68,SOLARIS,10421,Barefoot Moscato Cal,1.5L,12,10.99,2024-01-01
47_PELLA'S WISH_854,47,PELLA'S WISH,854,Seagrams VO Canadian Whiskey,Liter,16,15.99,2024-01-01
65_LUTON_2784,65,LUTON,2784,Lauders,Liter,2,9.79,2024-01-01
69_MOUNTMEND_23889,69,MOUNTMEND,23889,Corbett Canyon Wh Znfdl,1.5L,18,8.99,2024-01-01
70_KELD_5218,70,KELD,5218,Chila Orchata Cinnamon Cream,750mL,9,13.99,2024-01-01
61_AETHELNEY_32203,61,AETHELNEY,32203,Rancho Zabaco Heritage Znfdl,750mL,12,12.99,2024-01-01
51_ABERDEEN_31202,51,ABERDEEN,31202,Beringer Fndrs Est Chard,750mL,19,8.99,2024-01-01
49_GARIGILL_25187,49,GARIGILL,25187,Ch Bruni Brdx Superieur,750mL,12,10.99,2024-01-01
50_MOUNTMEND_17349,50,MOUNTMEND,17349,Moonlight Meadery Desire,375mL,15,13.99,2024-01-01
51_ABERDEEN_39254,51,ABERDEEN,39254,Las Rocas Garnacha San Alej,750mL,20,10.99,2024-01-01
65_LUTON_3679,65,LUTON,3679,Chopin Vodka,750mL,10,21.99,2024-01-01
73_DONCASTER_3219,73,DONCASTER,3219,Svedka Grapefruit Jalapeno,50mL,30,0.99,2024-01-01
55_DRY GULCH_27145,55,DRY GULCH,27145,Schmitt Sohne QbA,750mL,21,8.99,2024-01-01
42_BLACK HOLLOW_14475,42,BLACK HOLLOW,14475,Belcreme de Lys Chard,750mL,8,9.99,2024-01-01
64_CESTERFIELD_3668,64,CESTERFIELD,3668,Belvedere Polish Vodka,1.75L,22,42.99,2024-01-01
73_DONCASTER_7224,73,DONCASTER,7224,Jagermeister Spice,750mL,58,15.99,2024-01-01
68_SOLARIS_21317,68,SOLARIS,21317,Bartenura Moscato,750mL,4,13.99,2024-01-01
73_DONCASTER_25005,73,DONCASTER,25005,Volpaia Chianti Clsco,750mL,2,17.99,2024-01-01
60_IRRAGIN_32988,60,IRRAGIN,32988,Barefoot Cab Svgn Cal,750mL,7,4.99,2024-01-01
65_LUTON_41254,65,LUTON,41254,Ch St Jean Merlot Cal,750mL,34,11.99,2024-01-01
66_EANVERNESS_3162,66,EANVERNESS,3162,Burnett's Peach Vodka,50mL,60,0.99,2024-01-01
48_NORFOLK_8480,48,NORFOLK,8480,Clan MacGregor,1.75L,46,14.99,2024-01-01
69_MOUNTMEND_12646,69,MOUNTMEND,12646,Blackbird Vyds Arise Red,750mL,7,52.99,2024-01-01
63_SWORDBREAK_1479,63,SWORDBREAK,1479,Ten High,1.75L,11,13.99,2024-01-01
64_CESTERFIELD_17504,64,CESTERFIELD,17504,Butternut Chard,750mL,29,14.99,2024-01-01
62_KILMARNOCK_35918,62,KILMARNOCK,35918,Stone Cellars Pnt Grigio,1.5L,13,10.99,2024-01-01
42_BLACK HOLLOW_2622,42,BLACK HOLLOW,2622,Dewars Scratch Cask Scotch,750mL,11,24.99,2024-01-01
56_BEGGAR'S HOLE_2247,56,BEGGAR'S HOLE,2247,Balvenie Portwood 21 Yr Sin,750mL,1,204.99,2024-01-01
65_LUTON_33216,65,LUTON,33216,Sycamore Lane Wh Znfdl Cal,1.5L,6,8.49,2024-01-01
60_IRRAGIN_2958,60,IRRAGIN,2958,Dalwhinnie 15-Yr Single Mal,750mL,25,57.99,2024-01-01
46_TYWARDREATH_3288,46,TYWARDREATH,3288,Svedka Strwbry Lemonad Vodka,1.75L,0,22.99,2024-01-01
76_DONCASTER_11414,76,DONCASTER,11414,Beringer Classic Moscato,750mL,15,5.99,2024-01-01
60_IRRAGIN_5713,60,IRRAGIN,5713,DeKuyper Sour Apple Pucker,1.75L,7,16.99,2024-01-01
52_GRAYCOTT_2514,52,GRAYCOTT,2514,Bird Dog Peach Whiskey,750mL,8,14.99,2024-01-01
60_IRRAGIN_1364,60,IRRAGIN,1364,Bols Pumpkin Spice,750mL,29,9.99,2024-01-01
56_BEGGAR'S HOLE_4227,56,BEGGAR'S HOLE,4227,Bacardi Superior Rum Trav,1.75L,114,17.99,2024-01-01
69_MOUNTMEND_5410,69,MOUNTMEND,5410,Raspberry di Amore,750mL,19,7.99,2024-01-01
48_NORFOLK_6314,48,NORFOLK,6314,Livingston Burgundy Calif,3L,10,11.99,2024-01-01
68_SOLARIS_45392,68,SOLARIS,45392,Norton RSV Malbec Mendoza,750mL,8,18.99,2024-01-01
68_SOLARIS_6942,68,SOLARIS,6942,Southern Comfort Cherry,750mL,4,13.99,2024-01-01
42_BLACK HOLLOW_23357,42,BLACK HOLLOW,23357,Saddleback Clrs 09 Cab Svgn,750mL,12,37.99,2024-01-01
59_CLAETHORPES_2159,59,CLAETHORPES,2159,Connemara Irish Whiskey,750mL,8,39.99,2024-01-01
55_DRY GULCH_12465,55,DRY GULCH,12465,Cline Cashmere Red Cal,750mL,0,8.99,2024-01-01
76_DONCASTER_14719,76,DONCASTER,14719,Alto Moncayo Veraton Garnach,750mL,23,21.99,2024-01-01
44_PORTHCRAWL_26383,44,PORTHCRAWL,26383,Buehler Chard RRV,750mL,8,11.99,2024-01-01
51_ABERDEEN_8023,51,ABERDEEN,8023,DeKuyper Triple Sec,750mL,12,4.49,2024-01-01
66_EANVERNESS_6734,66,EANVERNESS,6734,Gallo Twin Valley Cab Svgn C,1.5L,13,9.99,2024-01-01
69_MOUNTMEND_24992,69,MOUNTMEND,24992,Buglioni L'Amarone,750mL,11,54.99,2024-01-01
46_TYWARDREATH_3356,46,TYWARDREATH,3356,Svedka Vodka,375mL,10,6.99,2024-01-01
61_AETHELNEY_16669,61,AETHELNEY,16669,Sweet Baby Vyds Blueberry,750mL,0,12.99,2024-01-01
55_DRY GULCH_5912,55,DRY GULCH,5912,Yeni Raki,750mL,3,19.99,2024-01-01
63_SWORDBREAK_4250,63,SWORDBREAK,4250,Zaya Grand Reserva Rum,750mL,4,34.99,2024-01-01
76_DONCASTER_5403,76,DONCASTER,5403,Amaretto di Amore,750mL,35,9.99,2024-01-01
44_PORTHCRAWL_8413,44,PORTHCRAWL,8413,St Elder Elderflower Liqueur,750mL,14,17.99,2024-01-01
68_SOLARIS_63,68,SOLARIS,63,Herradura Reposado Tequila,750mL,2,38.99,2024-01-01
53_HILLFAR_22143,53,HILLFAR,22143,Simi Cab Svgn,750mL,23,18.99,2024-01-01
56_BEGGAR'S HOLE_6670,56,BEGGAR'S HOLE,6670,Pinnacle Pineapple Vodka,750mL,10,9.99,2024-01-01
58_HARTLEPOOL_5628,58,HARTLEPOOL,5628,Baja Rosa Strawberry Liqueur,750mL,4,9.99,2024-01-01
74_PAENTMARWY_33038,74,PAENTMARWY,33038,Beringer Fndrs Est Chard,1.5L,19,18.99,2024-01-01
64_CESTERFIELD_3539,64,CESTERFIELD,3539,MacGavin's Highland Scotch,750mL,2,24.99,2024-01-01
73_DONCASTER_1001,73,DONCASTER,1001,Baileys 50mL 4 Pack,50mL 4 Pk,2,5.99,2024-01-01
54_GUTHRAM_1886,54,GUTHRAM,1886,Seagrams 7 Crown,750mL,15,10.99,2024-01-01
57_LANTEGLOS_4818,57,LANTEGLOS,4818,Skyy Infusions Pacific Blueb,750mL,3,12.99,2024-01-01
56_BEGGAR'S HOLE_7537,56,BEGGAR'S HOLE,7537,Avion Silver Tequila,1.75L,3,89.99,2024-01-01
76_DONCASTER_25183,76,DONCASTER,25183,Brewer-Clifton Sta. Rita Pnt,750mL,19,38.99,2024-01-01
67_EANVERNESS_44712,67,EANVERNESS,44712,Sonoma-Cutrer Chard Sonoma,750mL,117,20.99,2024-01-01
68_SOLARIS_14623,68,SOLARIS,14623,The Naked Grape Pnt Grigio,750mL,5,6.99,2024-01-01
70_KELD_4349,70,KELD,4349,Sauza Blue Silver,750mL,9,15.99,2024-01-01
63_SWORDBREAK_5739,63,SWORDBREAK,5739,Malibu Rum,50mL,14,1.99,2024-01-01
57_LANTEGLOS_4227,57,LANTEGLOS,4227,Bacardi Superior Rum Trav,1.75L,78,17.99,2024-01-01
66_EANVERNESS_19791,66,EANVERNESS,19791,Ch Ksara Bl de L'Observatoir,750mL,4,11.99,2024-01-01
67_EANVERNESS_6455,67,EANVERNESS,6455,Folonari Pinot Grigio Venez,1.5L,110,8.95,2024-01-01
62_KILMARNOCK_1366,62,KILMARNOCK,1366,Red Stag by Jim Beam,50mL,81,1.29,2024-01-01
47_PELLA'S WISH_13807,47,PELLA'S WISH,13807,Oh Schist Rsl,750mL,3,10.99,2024-01-01
43_WOLFORD_4368,43,WOLFORD,4368,Capt Morgan Private Stock,1.75L,3,33.99,2024-01-01
43_WOLFORD_2062,43,WOLFORD,2062,Woodford Reserve Bourbon,1.75L,0,59.99,2024-01-01
51_ABERDEEN_33149,51,ABERDEEN,33149,Alamos Ridge Malbec Mendoza,750mL,31,8.99,2024-01-01
54_GUTHRAM_23271,54,GUTHRAM,23271,Darkhorse Merlot,750mL,2,7.99,2024-01-01
71_CLARCTON_4245,71,CLARCTON,4245,Bacardi Superior Rum,750mL,57,9.99,2024-01-01
55_DRY GULCH_25879,55,DRY GULCH,25879,Firestone Santa Ynez Rsl,750mL,25,10.99,2024-01-01
54_GUTHRAM_44761,54,GUTHRAM,44761,Gekkeikan Sake Zipang Spklg,250mL,11,5.49,2024-01-01
53_HILLFAR_1595,53,HILLFAR,1595,Gentleman Jack,375mL,5,15.99,2024-01-01
42_BLACK HOLLOW_43808,42,BLACK HOLLOW,43808,R M Woodbridge Pnt Nr Cal,750mL,27,7.99,2024-01-01
65_LUTON_42642,65,LUTON,42642,The Monterey Vyds Pnt Nr,750mL,13,11.99,2024-01-01
63_SWORDBREAK_8517,63,SWORDBREAK,8517,Baileys Salted Caramel,750mL,10,18.99,2024-01-01
41_LARNWICK_44035,41,LARNWICK,44035,De Loach Pnt Nr,750mL,10,9.99,2024-01-01
66_EANVERNESS_597,66,EANVERNESS,597,Baileys Irish Cream,Liter,63,27.99,2024-01-01
47_PELLA'S WISH_1358,47,PELLA'S WISH,1358,Knob Creek Bourbon,1.75L,5,61.99,2024-01-01
70_KELD_38822,70,KELD,38822,Castano Yecla Monastrell Red,750mL,8,11.99,2024-01-01
54_GUTHRAM_32968,54,GUTHRAM,32968,Alice White Chard Ausl,1.5L,26,13.99,2024-01-01
67_EANVERNESS_23870,67,EANVERNESS,23870,Col-di-Sasso Sangiovese/Cab,750mL,12,10.99,2024-01-01
54_GUTHRAM_20446,54,GUTHRAM,20446,Barefoot Bubbly Brut Cuvee,187mL 4 Pk,7,9.99,2024-01-01
73_DONCASTER_24829,73,DONCASTER,24829,Cecchi Chianti Classico,750mL,152,11.99,2024-01-01
64_CESTERFIELD_10296,64,CESTERFIELD,10296,Alamos Slcn Malbec Mendoza,750mL,19,15.99,2024-01-01
70_KELD_44719,70,KELD,44719,Cavit Prosecco Lunetta,750mL,12,9.99,2024-01-01
67_EANVERNESS_4291,67,EANVERNESS,4291,Ronrico Gold,1.75L,25,12.99,2024-01-01
53_HILLFAR_4330,53,HILLFAR,4330,Capt Morgan Spiced Rum 100,1.75L,24,25.99,2024-01-01
66_EANVERNESS_31070,66,EANVERNESS,31070,Treana Red Calif,750mL,43,19.99,2024-01-01
43_WOLFORD_5668,43,WOLFORD,5668,Dr McGillicuddy's Grape,750mL,2,12.99,2024-01-01
47_PELLA'S WISH_32749,47,PELLA'S WISH,32749,Brancott Svgn Bl Marlboro,750mL,12,9.99,2024-01-01
55_DRY GULCH_3197,55,DRY GULCH,3197,Pinnacle Vodka 100 Proof,1.75L,13,20.99,2024-01-01
50_MOUNTMEND_23692,50,MOUNTMEND,23692,R Mondavi Merlot Napa,750mL,14,19.99,2024-01-01
46_TYWARDREATH_2780,46,TYWARDREATH,2780,Bulleit 10 Yr Old Bourbon,750mL,9,38.99,2024-01-01
73_DONCASTER_5316,73,DONCASTER,5316,Amaretto DiSaronno,50mL,52,2.29,2024-01-01
54_GUTHRAM_20781,54,GUTHRAM,20781,Steele Clear Lake Merlot Cty,750mL,11,14.99,2024-01-01
50_MOUNTMEND_21105,50,MOUNTMEND,21105,Ken Volk Pnt Nr Cuvee St Mar,750mL,6,29.99,2024-01-01
68_SOLARIS_11320,68,SOLARIS,11320,Edna Valley Paragon Svgn Bl,750mL,10,11.99,2024-01-01
74_PAENTMARWY_4779,74,PAENTMARWY,4779,Molletto Grappa di Barbera,750mL,4,26.99,2024-01-01
64_CESTERFIELD_3706,64,CESTERFIELD,3706,Pinnacle Citrus Vodka,1.75L,33,16.99,2024-01-01
66_EANVERNESS_6855,66,EANVERNESS,6855,Midnight Moon Apple Pie,750mL,25,19.99,2024-01-01
76_DONCASTER_2016,76,DONCASTER,2016,Ardbeg Perpetuum Single Malt,750mL,22,99.99,2024-01-01
58_HARTLEPOOL_3121,58,HARTLEPOOL,3121,Pinnacle Rainbow Sherbet,750mL,3,9.99,2024-01-01
53_HILLFAR_3227,53,HILLFAR,3227,Taaka Gin,1.75L,24,8.99,2024-01-01
57_LANTEGLOS_6278,57,LANTEGLOS,6278,Sterling Svgn Bl,750mL,12,10.95,2024-01-01
74_PAENTMARWY_42115,74,PAENTMARWY,42115,Jewell Towne Cab Svgn NH,750mL,3,14.49,2024-01-01
59_CLAETHORPES_8840,59,CLAETHORPES,8840,Burnetts Gin,1.75L,15,11.99,2024-01-01
68_SOLARIS_45600,68,SOLARIS,45600,Luigi Bosca La Linda Malbec,750mL,12,10.99,2024-01-01
76_DONCASTER_17346,76,DONCASTER,17346,Ridge Estate Merlot,750mL,11,47.99,2024-01-01
74_PAENTMARWY_5977,74,PAENTMARWY,5977,Absinthe Ordinaire,750mL,4,22.99,2024-01-01
76_DONCASTER_43131,76,DONCASTER,43131,Carpano Antica Formula,375mL,8,12.99,2024-01-01
76_DONCASTER_14334,76,DONCASTER,14334,Latour 07 Clos Vougeot Rouge,750mL,3,134.99,2024-01-01
75_BARNCOMBE_25994,75,BARNCOMBE,25994,Rodney Strong Merlot Sonoma,750mL,11,16.99,2024-01-01
42_BLACK HOLLOW_2163,42,BLACK HOLLOW,2163,Sloane's Gin,750mL,5,24.99,2024-01-01
67_EANVERNESS_24169,67,EANVERNESS,24169,Monsanto 09 Il Poggio Chiant,750mL,1,49.99,2024-01-01
63_SWORDBREAK_42420,63,SWORDBREAK,42420,Yellow Tail Pnt Grigio Ausl,750mL,14,7.99,2024-01-01
76_DONCASTER_19768,76,DONCASTER,19768,B & G CDP Rose,750mL,1,13.99,2024-01-01
50_MOUNTMEND_24952,50,MOUNTMEND,24952,Jackhammer Chard Monterey,750mL,12,16.99,2024-01-01
49_GARIGILL_8691,49,GARIGILL,8691,Jose Cuervo Especial,750mL,35,14.99,2024-01-01
71_CLARCTON_5109,71,CLARCTON,5109,Dr McGillicuddy's Menth Trav,750mL,14,12.99,2024-01-01
59_CLAETHORPES_2749,59,CLAETHORPES,2749,John Begg Blue Cap,1.75L,12,16.99,2024-01-01
75_BARNCOMBE_1389,75,BARNCOMBE,1389,Makers Mark,50mL,26,2.99,2024-01-01
58_HARTLEPOOL_3503,58,HARTLEPOOL,3503,Smirnoff Sorbet Rasp/Pomegra,750mL,14,12.99,2024-01-01
56_BEGGAR'S HOLE_2189,56,BEGGAR'S HOLE,2189,Cleveland Black Rsv Whiskey,750mL,4,26.99,2024-01-01
53_HILLFAR_11828,53,HILLFAR,11828,Cupcake Svgn Bl,750mL,60,7.49,2024-01-01
45_VERITAS_1396,45,VERITAS,1396,Old Crow,1.75L,17,15.99,2024-01-01
44_PORTHCRAWL_35464,44,PORTHCRAWL,35464,Stags Leap WC Artemis Cab,750mL,14,42.95,2024-01-01
43_WOLFORD_3244,43,WOLFORD,3244,Burnetts Vodka,750mL,15,6.79,2024-01-01
54_GUTHRAM_7198,54,GUTHRAM,7198,New Amsterdam Pineapple Vdka,750mL,27,9.99,2024-01-01
66_EANVERNESS_40545,66,EANVERNESS,40545,Whitehaven Svgn Bl Marlboro,750mL,1,14.99,2024-01-01
67_EANVERNESS_5805,67,EANVERNESS,5805,Jose Cuervo Light Margaritas,1.75L,39,15.99,2024-01-01
69_MOUNTMEND_17086,69,MOUNTMEND,17086,Harrison Clarke Syrah,750mL,50,39.99,2024-01-01
73_DONCASTER_6312,73,DONCASTER,6312,Gallo Twin Valley Svgn Bl Ca,1.5L,13,9.99,2024-01-01
64_CESTERFIELD_5255,64,CESTERFIELD,5255,TGI Fridays Ultimte Mudslide,1.75L,2,12.99,2024-01-01
61_AETHELNEY_27512,61,AETHELNEY,27512,Warre's Late Bottled Vintage,750mL,6,20.99,2024-01-01
52_GRAYCOTT_41143,52,GRAYCOTT,41143,Red Diamond Cab Svgn Wash,750mL,16,8.99,2024-01-01
61_AETHELNEY_1734,61,AETHELNEY,1734,Duggans Dew O Kirkintilloch,1.75L,9,23.49,2024-01-01
69_MOUNTMEND_16526,69,MOUNTMEND,16526,Flaco Tempranillo,750mL,18,8.99,2024-01-01
59_CLAETHORPES_5838,59,CLAETHORPES,5838,Agave Loco Pepper Cured Teq,750mL,4,24.99,2024-01-01
75_BARNCOMBE_3727,75,BARNCOMBE,3727,Absolut Citron,50mL,118,1.99,2024-01-01
71_CLARCTON_13963,71,CLARCTON,13963,Yellow Tail Pnt Nr,1.5L,13,9.99,2024-01-01
61_AETHELNEY_27644,61,AETHELNEY,27644,Cline Znfdl Cal,750mL,21,9.99,2024-01-01
66_EANVERNESS_44613,66,EANVERNESS,44613,Bodegas Borsao 14 Rose,750mL,23,8.99,2024-01-01
66_EANVERNESS_19961,66,EANVERNESS,19961,Dom du Pegau Chntf du Pape R,750mL,12,69.99,2024-01-01
63_SWORDBREAK_934,63,SWORDBREAK,934,Tanteo Jalapeno Tequila,750mL,3,35.99,2024-01-01
73_DONCASTER_6687,73,DONCASTER,6687,Hedges Red Columbia Vly,750mL,24,14.99,2024-01-01
50_MOUNTMEND_8447,50,MOUNTMEND,8447,Studebaker Old Fashioned RTD,750mL,12,21.99,2024-01-01
58_HARTLEPOOL_4224,58,HARTLEPOOL,4224,Goslings Black Seal Rum 80,750mL,11,14.99,2024-01-01
49_GARIGILL_6748,49,GARIGILL,6748,Turning Leaf RSV Chard Cal,750mL,16,5.99,2024-01-01
55_DRY GULCH_5335,55,DRY GULCH,5335,Ginza No Suzume Shochuu,750mL,7,29.99,2024-01-01
69_MOUNTMEND_7728,69,MOUNTMEND,7728,Great Western X Dry,750mL,23,9.99,2024-01-01
55_DRY GULCH_24456,55,DRY GULCH,24456,Franciscan Est Chard Napa,750mL,43,11.98,2024-01-01
73_DONCASTER_35959,73,DONCASTER,35959,Stags Leap Winery Cab Svgn,750mL,18,49.99,2024-01-01
74_PAENTMARWY_5662,74,PAENTMARWY,5662,Skinnygirl W Peach Margarita,750mL,12,10.99,2024-01-01
48_NORFOLK_13854,48,NORFOLK,13854,Mark West Pnt Nr RRV,750mL,13,16.99,2024-01-01
72_HARDERSFIELD_6460,72,HARDERSFIELD,6460,Columbia Crest Two Vns Chard,750mL,20,6.99,2024-01-01
65_LUTON_2258,65,LUTON,2258,Dewars Special Reserve 12 Yr,375mL,13,12.99,2024-01-01
51_ABERDEEN_6256,51,ABERDEEN,6256,Sutter Home Chard,1.5L,38,9.99,2024-01-01
73_DONCASTER_23973,73,DONCASTER,23973,Catena RSV Cab Svgn,750mL,20,16.99,2024-01-01
56_BEGGAR'S HOLE_1479,56,BEGGAR'S HOLE,1479,Ten High,1.75L,9,13.99,2024-01-01
76_DONCASTER_27514,76,DONCASTER,27514,Clos du Bois RSV Cab Svgn,750mL,18,17.99,2024-01-01
57_LANTEGLOS_8329,57,LANTEGLOS,8329,R Mondavi Chard Pvt Sel,750mL,63,7.99,2024-01-01
59_CLAETHORPES_8448,59,CLAETHORPES,8448,Cruzan Aged Dark Rum,750mL,17,9.99,2024-01-01
67_EANVERNESS_2823,67,EANVERNESS,2823,The Macallan MOP,375mL,2,1499.99,2024-01-01
67_EANVERNESS_13268,67,EANVERNESS,13268,Backhouse Chard,750mL,8,6.99,2024-01-01
69_MOUNTMEND_3687,69,MOUNTMEND,3687,Fleischmanns Royal Traveler,750mL,38,4.99,2024-01-01
74_PAENTMARWY_37433,74,PAENTMARWY,37433,C Y Toro Casillero Carmenere,750mL,17,9.99,2024-01-01
62_KILMARNOCK_43434,62,KILMARNOCK,43434,Phillips Earthquake Cab Svgn,750mL,11,23.99,2024-01-01
76_DONCASTER_44082,76,DONCASTER,44082,Wente Sandstone Mntry Merlot,750mL,13,13.99,2024-01-01
59_CLAETHORPES_2679,59,CLAETHORPES,2679,Dewars Highlander Honey,750mL,32,19.99,2024-01-01
64_CESTERFIELD_7991,64,CESTERFIELD,7991,Stock Italian X Dry Vermouth,1.5L,14,9.99,2024-01-01
55_DRY GULCH_23747,55,DRY GULCH,23747,Ch Cantemerie 12 Haut-Medoc,750mL,12,40.99,2024-01-01
50_MOUNTMEND_41254,50,MOUNTMEND,41254,Ch St Jean Merlot Cal,750mL,47,11.99,2024-01-01
75_BARNCOMBE_3757,75,BARNCOMBE,3757,Ketel One 325 Commemorative,Liter,2,28.99,2024-01-01
66_EANVERNESS_27735,66,EANVERNESS,27735,Bogle Cab Svgn Cal,750mL,114,9.99,2024-01-01
60_IRRAGIN_44107,60,IRRAGIN,44107,Carmel Road Pnt Nr Monterey,750mL,12,15.99,2024-01-01
42_BLACK HOLLOW_21032,42,BLACK HOLLOW,21032,Taylor Fladgate 10-Yr Tawny,750mL,4,22.99,2024-01-01
72_HARDERSFIELD_8173,72,HARDERSFIELD,8173,Amarula Cream Liqueur,750mL,7,20.99,2024-01-01
44_PORTHCRAWL_41304,44,PORTHCRAWL,41304,Craggy Range Svgn Bl Marlbro,750mL,9,19.99,2024-01-01
69_MOUNTMEND_5220,69,MOUNTMEND,5220,Basilica Sambuca,750mL,17,8.99,2024-01-01
47_PELLA'S WISH_7978,47,PELLA'S WISH,7978,M & R X Dry Vermouth,750mL,7,7.49,2024-01-01
71_CLARCTON_3347,71,CLARCTON,3347,Milagro Silver Tequila,1.75L,8,39.99,2024-01-01
66_EANVERNESS_25339,66,EANVERNESS,25339,Le Haut Medoc de Lascombes,750mL,23,34.99,2024-01-01
67_EANVERNESS_4527,67,EANVERNESS,4527,Camus Grand VSOP Elegance,750mL,16,34.99,2024-01-01
72_HARDERSFIELD_2682,72,HARDERSFIELD,2682,The Glendronach 12 Yr Scotch,750mL,8,52.99,2024-01-01
69_MOUNTMEND_3613,69,MOUNTMEND,3613,Bacardi Reserva Limitada,750mL,24,89.99,2024-01-01
67_EANVERNESS_7282,67,EANVERNESS,7282,Colombo Marsala Sweet,750mL,23,9.99,2024-01-01
44_PORTHCRAWL_854,44,PORTHCRAWL,854,Seagrams VO Canadian Whiskey,Liter,19,15.99,2024-01-01
63_SWORDBREAK_999,63,SWORDBREAK,999,Jameson 18 Year Old,750mL,3,119.99,2024-01-01
59_CLAETHORPES_6725,59,CLAETHORPES,6725,Franzia Crisp White Tap,5L,10,12.99,2024-01-01
41_LARNWICK_24971,41,LARNWICK,24971,Hugel Gentil White,750mL,14,10.99,2024-01-01
69_MOUNTMEND_4528,69,MOUNTMEND,4528,Remy Martin XO Cognac,750mL,18,139.99,2024-01-01
53_HILLFAR_12586,53,HILLFAR,12586,C Y Toro Frontera Malbec,1.5L,13,10.99,2024-01-01
65_LUTON_5438,65,LUTON,5438,Emmets Irish Cream,750mL,13,9.99,2024-01-01
72_HARDERSFIELD_3693,72,HARDERSFIELD,3693,Smirnoff Ruby Red Grapefruit,750mL,26,12.99,2024-01-01
48_NORFOLK_28681,48,NORFOLK,28681,F Coppola Rosso Bianco Rosso,750mL,5,9.99,2024-01-01
56_BEGGAR'S HOLE_115,56,BEGGAR'S HOLE,115,Belvedere Vodka,Liter,6,27.99,2024-01-01
76_DONCASTER_28946,76,DONCASTER,28946,Silverado Merlot Napa,750mL,24,27.99,2024-01-01
42_BLACK HOLLOW_4294,42,BLACK HOLLOW,4294,Goslings Black Seal 151,750mL,9,15.99,2024-01-01
70_KELD_46763,70,KELD,46763,Clayhouse Svgn Bl Paso Roble,750mL,8,11.99,2024-01-01
63_SWORDBREAK_3970,63,SWORDBREAK,3970,El Toro Gold,750mL,6,9.29,2024-01-01
61_AETHELNEY_17473,61,AETHELNEY,17473,Loukatos Retsina,Liter,22,8.49,2024-01-01
70_KELD_33028,70,KELD,33028,Rombauer Cab Svgn Napa,750mL,11,54.99,2024-01-01
69_MOUNTMEND_233,69,MOUNTMEND,233,Tullamore Dew 12 Yr Old,750mL,12,42.99,2024-01-01
66_EANVERNESS_15900,66,EANVERNESS,15900,Ch St Jean Svgn Bl Sonoma,750mL,5,10.99,2024-01-01
61_AETHELNEY_18593,61,AETHELNEY,18593,Barefoot Bubbly Red Moscato,750mL,5,9.99,2024-01-01
73_DONCASTER_37541,73,DONCASTER,37541,Frogs Leap Cab Svgn Napa,750mL,35,52.99,2024-01-01
73_DONCASTER_33873,73,DONCASTER,33873,Bella Sera Pnt Grigio Del,750mL,18,6.49,2024-01-01
54_GUTHRAM_4818,54,GUTHRAM,4818,Skyy Infusions Pacific Blueb,750mL,21,12.99,2024-01-01
43_WOLFORD_8218,43,WOLFORD,8218,Camarena Reposado Tequila,1.75L,9,31.99,2024-01-01
66_EANVERNESS_18562,66,EANVERNESS,18562,Jewell Towne Vyds So Hampton,750mL,5,11.99,2024-01-01
41_LARNWICK_42115,41,LARNWICK,42115,Jewell Towne Cab Svgn NH,750mL,12,14.49,2024-01-01
43_WOLFORD_37433,43,WOLFORD,37433,C Y Toro Casillero Carmenere,750mL,7,9.99,2024-01-01
67_EANVERNESS_29477,67,EANVERNESS,29477,R Mondavi Pvt Sel Rsl,750mL,11,7.99,2024-01-01
73_DONCASTER_2398,73,DONCASTER,2398,Tullamore Dew,750mL,34,22.99,2024-01-01
56_BEGGAR'S HOLE_32988,56,BEGGAR'S HOLE,32988,Barefoot Cab Svgn Cal,750mL,17,4.99,2024-01-01
72_HARDERSFIELD_6932,72,HARDERSFIELD,6932,Santa Rita 120 Chard,750mL,12,5.99,2024-01-01
55_DRY GULCH_28262,55,DRY GULCH,28262,Nathanson Creek Merlot,1.5L,19,7.99,2024-01-01
59_CLAETHORPES_26817,59,CLAETHORPES,26817,Ravenswood Vntrs Blnd Merlot,750mL,11,8.99,2024-01-01
58_HARTLEPOOL_26530,58,HARTLEPOOL,26530,Corbett Canyon Merlot,1.5L,9,8.99,2024-01-01
73_DONCASTER_15334,73,DONCASTER,15334,Brotte La Griveliere CDR,750mL,24,9.99,2024-01-01
66_EANVERNESS_3489,66,EANVERNESS,3489,Tanqueray,1.75L,220,27.99,2024-01-01
56_BEGGAR'S HOLE_36378,56,BEGGAR'S HOLE,36378,MezzaCorona Pnt Grigio,1.5L,31,10.99,2024-01-01
56_BEGGAR'S HOLE_18152,56,BEGGAR'S HOLE,18152,Banfi Centine Mntcln Tscna,750mL,53,10.99,2024-01-01
65_LUTON_1395,65,LUTON,1395,Old Crow,750mL,6,7.99,2024-01-01
73_DONCASTER_25183,73,DONCASTER,25183,Brewer-Clifton Sta. Rita Pnt,750mL,20,38.99,2024-01-01
75_BARNCOMBE_8078,75,BARNCOMBE,8078,Glenfiddich Special Rsv 12Yr,375mL,24,19.99,2024-01-01
47_PELLA'S WISH_5220,47,PELLA'S WISH,5220,Basilica Sambuca,750mL,11,8.99,2024-01-01
64_CESTERFIELD_5394,64,CESTERFIELD,5394,Goldschlager Cinnamon Schnap,375mL,15,10.99,2024-01-01
67_EANVERNESS_39491,67,EANVERNESS,39491,Flag Hill Red Raspberry Fru,750mL,15,13.99,2024-01-01
73_DONCASTER_2148,73,DONCASTER,2148,Canadian Mist Traveler,750mL,19,7.99,2024-01-01
76_DONCASTER_4385,76,DONCASTER,4385,Parrot Bay 90 Coconut Capt,1.75L,21,24.99,2024-01-01
44_PORTHCRAWL_6938,44,PORTHCRAWL,6938,Vendange Chard,1.5L,16,6.99,2024-01-01
67_EANVERNESS_10931,67,EANVERNESS,10931,Bridlewood Chard Monterey,750mL,13,11.99,2024-01-01
70_KELD_26285,70,KELD,26285,Moet & Chandon Imperial,1.5L,3,69.99,2024-01-01
66_EANVERNESS_6864,66,EANVERNESS,6864,St Francis Chard,750mL,38,9.99,2024-01-01
55_DRY GULCH_22919,55,DRY GULCH,22919,Complicated Pnt Nr,750mL,38,18.99,2024-01-01
48_NORFOLK_38322,48,NORFOLK,38322,Fuki Sake,750mL,9,11.99,2024-01-01
49_GARIGILL_19260,49,GARIGILL,19260,The Beach House Pinot Grigio,750mL,18,9.99,2024-01-01
62_KILMARNOCK_15428,62,KILMARNOCK,15428,Ruffino Prosecco Sparkling,750mL,12,11.99,2024-01-01
54_GUTHRAM_7828,54,GUTHRAM,7828,Bols Peach Schnapps,750mL,3,7.99,2024-01-01
67_EANVERNESS_3878,67,EANVERNESS,3878,Smirnoff 80 Proof,750mL,121,12.99,2024-01-01
76_DONCASTER_497,76,DONCASTER,497,Capt Morgan Spiced Rum,Liter,6,19.99,2024-01-01
63_SWORDBREAK_17168,63,SWORDBREAK,17168,Kendall Jackson Vntrs Rsl Rs,750mL,8,9.99,2024-01-01
43_WOLFORD_5628,43,WOLFORD,5628,Baja Rosa Strawberry Liqueur,750mL,7,9.99,2024-01-01
45_VERITAS_4346,45,VERITAS,4346,Mr Boston Dark Rum,1.75L,18,10.99,2024-01-01
65_LUTON_3726,65,LUTON,3726,Gilbeys Vodka Traveler,750mL,17,4.99,2024-01-01
56_BEGGAR'S HOLE_5685,56,BEGGAR'S HOLE,5685,P & J Cold Soaked Peaches,750mL,12,18.99,2024-01-01
67_EANVERNESS_3385,67,EANVERNESS,3385,Pinnacle Strawbry Kiwi Vodka,1.75L,17,16.99,2024-01-01
64_CESTERFIELD_2047,64,CESTERFIELD,2047,Sheep Dip Scotch,750mL,5,34.99,2024-01-01
59_CLAETHORPES_25716,59,CLAETHORPES,25716,Grgich Hills Chard Napa,750mL,16,44.99,2024-01-01
59_CLAETHORPES_3356,59,CLAETHORPES,3356,Svedka Vodka,375mL,48,6.99,2024-01-01
50_MOUNTMEND_5361,50,MOUNTMEND,5361,Grind Espresso Shot,50mL,0,0.99,2024-01-01
60_IRRAGIN_1883,60,IRRAGIN,1883,Seagrams 7 Crown,1.75L,32,17.99,2024-01-01
45_VERITAS_1770,45,VERITAS,1770,Jack Daniels Tennessee Fire,1.75L,5,36.99,2024-01-01
71_CLARCTON_6877,71,CLARCTON,6877,Original Wondermint Schnapps,750mL,2,18.99,2024-01-01
50_MOUNTMEND_39979,50,MOUNTMEND,39979,Little Penguin Chard Ausl,1.5L,8,11.99,2024-01-01
54_GUTHRAM_21267,54,GUTHRAM,21267,Latour 13 Cuvee Bourgog Blnc,750mL,16,15.99,2024-01-01
64_CESTERFIELD_3436,64,CESTERFIELD,3436,Bombay Dry Gin,1.75L,20,24.99,2024-01-01
61_AETHELNEY_4280,61,AETHELNEY,4280,Capt Morgan Parrot Bay Coco,1.75L,9,23.99,2024-01-01
55_DRY GULCH_25016,55,DRY GULCH,25016,Roger et Didier Raimbault Rs,750mL,7,24.99,2024-01-01
68_SOLARIS_3936,68,SOLARIS,3936,Stolichnaya,Liter,7,20.99,2024-01-01
56_BEGGAR'S HOLE_24146,56,BEGGAR'S HOLE,24146,Louis Latour 12 Marsannay Bl,750mL,44,19.99,2024-01-01
48_NORFOLK_3579,48,NORFOLK,3579,Ciroc Pineapple Vodka,375mL,7,15.49,2024-01-01
73_DONCASTER_36769,73,DONCASTER,36769,Toad Hollow Rose Eye Pnt Nr,750mL,8,7.99,2024-01-01
70_KELD_2932,70,KELD,2932,Jameson Black Barrel,750mL,21,31.99,2024-01-01
72_HARDERSFIELD_38898,72,HARDERSFIELD,38898,L Martini Cab Svgn Napa,750mL,13,29.99,2024-01-01
63_SWORDBREAK_35668,63,SWORDBREAK,35668,Redwood Creek Merlot Cal,1.5L,14,10.99,2024-01-01
41_LARNWICK_44072,41,LARNWICK,44072,Bogle Russian River Pnt Nr,750mL,11,10.99,2024-01-01
69_MOUNTMEND_18618,69,MOUNTMEND,18618,Picket Fence Pnt Nr RRV,750mL,20,15.99,2024-01-01
75_BARNCOMBE_5254,75,BARNCOMBE,5254,DeKuyper Buttershots Schnpps,750mL,12,10.99,2024-01-01
51_ABERDEEN_5758,51,ABERDEEN,5758,1800 Ultimate Margarita RTD,1.75L,11,19.99,2024-01-01
42_BLACK HOLLOW_3243,42,BLACK HOLLOW,3243,Burnetts Vodka,1.75L,23,10.49,2024-01-01
53_HILLFAR_1875,53,HILLFAR,1875,Bushmills Black Bush,750mL,11,28.99,2024-01-01
48_NORFOLK_19934,48,NORFOLK,19934,Perrin Cotes du Rhone RSV Rg,750mL,12,10.99,2024-01-01
47_PELLA'S WISH_25649,47,PELLA'S WISH,25649,De Loach Chard Cal,750mL,7,9.99,2024-01-01
59_CLAETHORPES_8688,59,CLAETHORPES,8688,Paul Masson Chablis,3L,9,9.99,2024-01-01
51_ABERDEEN_3764,51,ABERDEEN,3764,Patron Reposado Tequila,375mL,10,26.99,2024-01-01
42_BLACK HOLLOW_2899,42,BLACK HOLLOW,2899,Laphroiag Select Single Malt,750mL,5,52.99,2024-01-01
53_HILLFAR_6938,53,HILLFAR,6938,Vendange Chard,1.5L,22,6.99,2024-01-01
76_DONCASTER_24993,76,DONCASTER,24993,Tardieu Laurent Le Becs Fins,750mL,9,18.99,2024-01-01
69_MOUNTMEND_5391,69,MOUNTMEND,5391,Kamora Coffee,1.75L,27,15.99,2024-01-01
66_EANVERNESS_22950,66,EANVERNESS,22950,Pierre Andre Chablis,750mL,27,28.99,2024-01-01
56_BEGGAR'S HOLE_3485,56,BEGGAR'S HOLE,3485,Luksusowa Potato Vodka,1.75L,13,19.99,2024-01-01
64_CESTERFIELD_5708,64,CESTERFIELD,5708,Dr McGillicuddy's Root Beer,50mL,0,0.99,2024-01-01
50_MOUNTMEND_7537,50,MOUNTMEND,7537,Avion Silver Tequila,1.75L,5,89.99,2024-01-01
57_LANTEGLOS_35472,57,LANTEGLOS,35472,R M Woodbridge Pnt Grigio,1.5L,26,8.99,2024-01-01
46_TYWARDREATH_8496,46,TYWARDREATH,8496,Jadot Chardonnay,750mL,6,14.99,2024-01-01
62_KILMARNOCK_2235,62,KILMARNOCK,2235,Deanston SM Virgin Oak,750mL,7,26.99,2024-01-01
54_GUTHRAM_2200,54,GUTHRAM,2200,Bonnie Rose Spiced Apple,750mL,10,19.99,2024-01-01
61_AETHELNEY_8267,61,AETHELNEY,8267,Gazdina Rakija Pear Brandy,750mL,16,24.99,2024-01-01
49_GARIGILL_3928,49,GARIGILL,3928,Barcraft Watermelon Fresca V,750mL,19,11.99,2024-01-01
48_NORFOLK_28775,48,NORFOLK,28775,C K Mondavi Merlot,1.5L,12,10.99,2024-01-01
62_KILMARNOCK_13940,62,KILMARNOCK,13940,Black Box Malbec,3L,0,18.99,2024-01-01
52_GRAYCOTT_6357,52,GRAYCOTT,6357,Taylor Golden Sherry,3L,14,13.99,2024-01-01
64_CESTERFIELD_20407,64,CESTERFIELD,20407,Riondo Blu Prosecco,750mL,0,13.99,2024-01-01
71_CLARCTON_33767,71,CLARCTON,33767,Sensi Chianti DOCG,750mL,9,10.99,2024-01-01
59_CLAETHORPES_3498,59,CLAETHORPES,3498,Baileys Vanilla Cinnamon,750mL,25,18.99,2024-01-01
64_CESTERFIELD_28580,64,CESTERFIELD,28580,Silverado Chard,750mL,9,23.99,2024-01-01
63_SWORDBREAK_2722,63,SWORDBREAK,2722,J & B Rare,750mL,8,21.99,2024-01-01
73_DONCASTER_22291,73,DONCASTER,22291,Locations E Red Spanish,750mL,75,16.99,2024-01-01
70_KELD_3859,70,KELD,3859,Smirnoff 80 Proof,375mL,30,8.99,2024-01-01
67_EANVERNESS_4187,67,EANVERNESS,4187,Kraken Black Spiced Rum,750mL,14,17.99,2024-01-01
69_MOUNTMEND_6585,69,MOUNTMEND,6585,Kijafa Cherry,750mL,24,7.99,2024-01-01
76_DONCASTER_38245,76,DONCASTER,38245,Hendry Block 7 Znfdl Napa,750mL,16,36.99,2024-01-01
47_PELLA'S WISH_8623,47,PELLA'S WISH,8623,Casamigos Anejo Tequila,50mL,17,2.99,2024-01-01
72_HARDERSFIELD_8184,72,HARDERSFIELD,8184,Kahlua,50mL,97,1.99,2024-01-01
49_GARIGILL_2986,49,GARIGILL,2986,Hibiki Harmony Japan Whiskey,750mL,6,65.99,2024-01-01
76_DONCASTER_4249,76,DONCASTER,4249,Capt Morgan White Coconut,750mL,37,12.99,2024-01-01
57_LANTEGLOS_1397,57,LANTEGLOS,1397,Jim Beam Kentucky Fire,750mL,6,13.99,2024-01-01
69_MOUNTMEND_12192,69,MOUNTMEND,12192,Meander Cab Svgn Napa Vly,750mL,26,59.99,2024-01-01
48_NORFOLK_5212,48,NORFOLK,5212,Margaritaville Silver,1.75L,9,19.99,2024-01-01
65_LUTON_8120,65,LUTON,8120,Tribuno Sweet Vermouth,1.5L,5,8.99,2024-01-01
73_DONCASTER_5101,73,DONCASTER,5101,Dr McGillicuddy's Mentholmnt,750mL,86,12.99,2024-01-01
73_DONCASTER_34175,73,DONCASTER,34175,Lindemans Bin 50 Shiraz,1.5L,86,9.99,2024-01-01
60_IRRAGIN_43365,60,IRRAGIN,43365,Cavit Riesling Trentino,1.5L,17,9.99,2024-01-01
76_DONCASTER_34431,76,DONCASTER,34431,Beaulieu Cab Svgn Napa,750mL,35,15.99,2024-01-01
72_HARDERSFIELD_8408,72,HARDERSFIELD,8408,Wild Turkey American Honey,1.75L,26,34.99,2024-01-01
69_MOUNTMEND_23069,69,MOUNTMEND,23069,Delamotte Bl de Bl Brut,375mL,24,24.99,2024-01-01
48_NORFOLK_25846,48,NORFOLK,25846,Groth Svgn Bl Napa Valley,750mL,12,19.99,2024-01-01
66_EANVERNESS_36473,66,EANVERNESS,36473,The Crossings Svgn Bl Marlbo,750mL,17,14.99,2024-01-01
51_ABERDEEN_2532,51,ABERDEEN,2532,The Macallan 12 Yr Old,1.75L,5,134.99,2024-01-01
77_TAMWORTH_1282,77,TAMWORTH,1282,1792 Small Batch Bourbon.,750mL,5,25.99,2024-01-01
71_CLARCTON_19977,71,CLARCTON,19977,Hideyoshi Namacho Honjozo Sa,300mL,3,10.99,2024-01-01
67_EANVERNESS_10453,67,EANVERNESS,10453,Line 39 Svgn Bl Lake County,750mL,20,9.99,2024-01-01
75_BARNCOMBE_20724,75,BARNCOMBE,20724,Chronic C Spritz and Giggles,750mL,12,14.99,2024-01-01
76_DONCASTER_21313,76,DONCASTER,21313,Kedem Concord Grape Kosher,750mL,17,6.99,2024-01-01
73_DONCASTER_45599,73,DONCASTER,45599,Luigi Bosca RSV Cab Svgn,750mL,26,16.99,2024-01-01
53_HILLFAR_5103,53,HILLFAR,5103,Fireball Cinnamon Whisky,1.75L,18,23.99,2024-01-01
55_DRY GULCH_6986,55,DRY GULCH,6986,Marquis de Chasse Ginestet,750mL,0,9.99,2024-01-01
59_CLAETHORPES_38651,59,CLAETHORPES,38651,Carpineto Chianti Clsc,750mL,7,15.99,2024-01-01
59_CLAETHORPES_39384,59,CLAETHORPES,39384,F Coppola Diamond Pnt Nr,750mL,36,16.99,2024-01-01
71_CLARCTON_7535,71,CLARCTON,7535,Gekkeikan Sake,750mL,8,5.99,2024-01-01
69_MOUNTMEND_21447,69,MOUNTMEND,21447,Ch Leoville Barton St Julien,750mL,8,92.99,2024-01-01
73_DONCASTER_5153,73,DONCASTER,5153,Fireball Cinn Whisky Trav,750mL,43,15.99,2024-01-01
74_PAENTMARWY_3329,74,PAENTMARWY,3329,Seagrams Extra Smooth Vodka,1.75L,16,14.99,2024-01-01
56_BEGGAR'S HOLE_21103,56,BEGGAR'S HOLE,21103,Farnum Hill Dooryard Still,750mL,9,11.99,2024-01-01
49_GARIGILL_8520,49,GARIGILL,8520,Brady's Irish Cream,1.75L,12,16.99,2024-01-01
49_GARIGILL_8107,49,GARIGILL,8107,Wild Turkey 101,1.75L,24,34.99,2024-01-01
57_LANTEGLOS_33149,57,LANTEGLOS,33149,Alamos Ridge Malbec Mendoza,750mL,14,8.99,2024-01-01
69_MOUNTMEND_27831,69,MOUNTMEND,27831,Wild Horse CC Chard,750mL,85,10.99,2024-01-01
51_ABERDEEN_3511,51,ABERDEEN,3511,New Amsterdam Vodka,750mL,23,9.99,2024-01-01
49_GARIGILL_649,49,GARIGILL,649,Sauza Tres Generaciones Pla,750mL,7,39.99,2024-01-01
73_DONCASTER_1476,73,DONCASTER,1476,Jim Beam Traveler,1.75L,402,21.99,2024-01-01
42_BLACK HOLLOW_2112,42,BLACK HOLLOW,2112,Cutty Sark Prohibition,750mL,5,26.99,2024-01-01
73_DONCASTER_32137,73,DONCASTER,32137,F Coppola Diamond Znfd,750mL,29,14.99,2024-01-01
70_KELD_8840,70,KELD,8840,Burnetts Gin,1.75L,22,11.99,2024-01-01
48_NORFOLK_13695,48,NORFOLK,13695,Red Rock Winery Malbec,750mL,9,8.99,2024-01-01
60_IRRAGIN_3887,60,IRRAGIN,3887,Wolfschmidt Vodka 80 Proof,1.75L,23,10.99,2024-01-01
73_DONCASTER_21208,73,DONCASTER,21208,Kendall Jackson Grand Rsv Ch,750mL,54,15.99,2024-01-01
47_PELLA'S WISH_4736,47,PELLA'S WISH,4736,Capt Morgan Spiced Rum,100mL,23,2.99,2024-01-01
44_PORTHCRAWL_18901,44,PORTHCRAWL,18901,Anderra Svgn Bl,750mL,18,8.99,2024-01-01
41_LARNWICK_37735,41,LARNWICK,37735,Walnut Crest Vnto Pnt Grigio,1.5L,5,12.99,2024-01-01
73_DONCASTER_3530,73,DONCASTER,3530,Pinnacle Peach Vodka,750mL,7,9.99,2024-01-01
60_IRRAGIN_27854,60,IRRAGIN,27854,F Coppola Black Label Claret,750mL,56,16.99,2024-01-01
42_BLACK HOLLOW_18562,42,BLACK HOLLOW,18562,Jewell Towne Vyds So Hampton,750mL,14,11.99,2024-01-01
65_LUTON_10058,65,LUTON,10058,F Coppola Dmd Ivry Cab Svgn,750mL,11,14.99,2024-01-01
74_PAENTMARWY_4385,74,PAENTMARWY,4385,Parrot Bay 90 Coconut Capt,1.75L,8,24.99,2024-01-01
46_TYWARDREATH_31487,46,TYWARDREATH,31487,Barefoot Bubbly Brut Cve,750mL,6,7.99,2024-01-01
54_GUTHRAM_810,54,GUTHRAM,810,Bacardi Black Razz,750mL,14,9.99,2024-01-01
49_GARIGILL_41252,49,GARIGILL,41252,Beringer Classic Pnt Grigio,1.5L,44,7.99,2024-01-01
76_DONCASTER_16837,76,DONCASTER,16837,Beringer Classic Pink Moscat,750mL,36,5.99,2024-01-01
50_MOUNTMEND_4178,50,MOUNTMEND,4178,Fabrizia Limoncello,375mL,32,9.99,2024-01-01
50_MOUNTMEND_5735,50,MOUNTMEND,5735,Malibu Rum,750mL,68,12.99,2024-01-01
60_IRRAGIN_4267,60,IRRAGIN,4267,Bacardi Limon Rum,1.75L,19,19.99,2024-01-01
65_LUTON_361,65,LUTON,361,Effen Cucumber Vodka,750mL,3,19.99,2024-01-01
53_HILLFAR_2665,53,HILLFAR,2665,Dewars White Label,750mL,20,19.99,2024-01-01
72_HARDERSFIELD_5230,72,HARDERSFIELD,5230,Bacardi Party Drinks Bahama,1.75L,9,15.99,2024-01-01
48_NORFOLK_27644,48,NORFOLK,27644,Cline Znfdl Cal,750mL,16,9.99,2024-01-01
44_PORTHCRAWL_7535,44,PORTHCRAWL,7535,Gekkeikan Sake,750mL,16,5.99,2024-01-01
66_EANVERNESS_10400,66,EANVERNESS,10400,Rodney Strong Symmetry,750mL,12,56.99,2024-01-01
47_PELLA'S WISH_6273,47,PELLA'S WISH,6273,Vendange Wh Znfdl,1.5L,10,7.99,2024-01-01
69_MOUNTMEND_19062,69,MOUNTMEND,19062,Ch Olivier 10 Blanc Pessac-L,750mL,18,50.99,2024-01-01
55_DRY GULCH_2630,55,DRY GULCH,2630,Old Pulteney Single Malt Sc,750mL,10,37.99,2024-01-01
46_TYWARDREATH_23253,46,TYWARDREATH,23253,Summers Cab Svgn Rsv,750mL,5,19.99,2024-01-01
57_LANTEGLOS_4265,57,LANTEGLOS,4265,Capt Morgan Spiced Rum,375mL,11,10.99,2024-01-01
75_BARNCOMBE_17177,75,BARNCOMBE,17177,Beringer Classic Merlot,1.5L,12,7.99,2024-01-01
65_LUTON_2152,65,LUTON,2152,New Amsterdam Gin,750mL,13,9.99,2024-01-01
66_EANVERNESS_43129,66,EANVERNESS,43129,Jelu Malbec San Juan,750mL,8,12.99,2024-01-01
70_KELD_2794,70,KELD,2794,Bird Dog Bourbon,750mL,2,14.99,2024-01-01
59_CLAETHORPES_2270,59,CLAETHORPES,2270,Laphroaig Triple Wood,750mL,4,74.99,2024-01-01
75_BARNCOMBE_2183,75,BARNCOMBE,2183,McClelland Highland Single,750mL,15,18.99,2024-01-01
59_CLAETHORPES_6021,59,CLAETHORPES,6021,Jackson Morgan Pepmint Mocha,750mL,4,22.99,2024-01-01
64_CESTERFIELD_19041,64,CESTERFIELD,19041,The Path Cab Svgn,750mL,24,12.99,2024-01-01
55_DRY GULCH_4261,55,DRY GULCH,4261,Capt Morgan Spiced Rum,1.75L,297,21.99,2024-01-01
42_BLACK HOLLOW_5058,42,BLACK HOLLOW,5058,Capt Morgan Long Isl Tea RTD,1.75L,7,17.99,2024-01-01
76_DONCASTER_33966,76,DONCASTER,33966,Prunotto Barolo DOCG,750mL,24,50.99,2024-01-01
65_LUTON_779,65,LUTON,779,Svedka Raspberry Vodka,Liter,2,12.99,2024-01-01
70_KELD_3583,70,KELD,3583,Smirnoff Orange Vodka,1.75L,14,17.99,2024-01-01
55_DRY GULCH_27368,55,DRY GULCH,27368,Muga Rioja RSV,750mL,14,20.99,2024-01-01
47_PELLA'S WISH_5054,47,PELLA'S WISH,5054,Jagermeister Spice,50mL,104,1.99,2024-01-01
76_DONCASTER_2780,76,DONCASTER,2780,Bulleit 10 Yr Old Bourbon,750mL,16,38.99,2024-01-01
44_PORTHCRAWL_8078,44,PORTHCRAWL,8078,Glenfiddich Special Rsv 12Yr,375mL,20,19.99,2024-01-01
47_PELLA'S WISH_2586,47,PELLA'S WISH,2586,Jameson Irish Whiskey,50mL,16,2.99,2024-01-01
47_PELLA'S WISH_4245,47,PELLA'S WISH,4245,Bacardi Superior Rum,750mL,22,9.99,2024-01-01
59_CLAETHORPES_2017,59,CLAETHORPES,2017,Redbreast Irish Whiskey,750mL,3,59.99,2024-01-01
68_SOLARIS_14688,68,SOLARIS,14688,Ferrari-Carano RSV Chard,750mL,6,34.99,2024-01-01
44_PORTHCRAWL_4297,44,PORTHCRAWL,4297,Ronrico Silver Traveler,750mL,14,7.99,2024-01-01
69_MOUNTMEND_6535,69,MOUNTMEND,6535,Sandeman Tawny Port,750mL,15,11.99,2024-01-01
69_MOUNTMEND_8670,69,MOUNTMEND,8670,Arrow Coffee Brandy,1.75L,23,10.99,2024-01-01
77_TAMWORTH_938,77,TAMWORTH,938,Jack Daniels Master Dist VAP,750mL,1,29.99,2024-01-01
74_PAENTMARWY_3310,74,PAENTMARWY,3310,Pinnacle Vodka,375mL,32,5.99,2024-01-01
66_EANVERNESS_8359,66,EANVERNESS,8359,R M Woodbridge Svgn Bl Cal,750mL,41,7.99,2024-01-01
73_DONCASTER_36844,73,DONCASTER,36844,Frey Chard Organic Mendocino,750mL,20,13.99,2024-01-01
69_MOUNTMEND_13245,69,MOUNTMEND,13245,Garden Creek Chard,750mL,10,54.99,2024-01-01
70_KELD_37401,70,KELD,37401,Excelsior S Afr Cab Svgn,750mL,6,7.99,2024-01-01
48_NORFOLK_3409,48,NORFOLK,3409,Crystal Head Vodka,750mL,7,49.99,2024-01-01
66_EANVERNESS_37840,66,EANVERNESS,37840,Los Cardos Malbec Mendoza,750mL,16,7.99,2024-01-01
74_PAENTMARWY_8130,74,PAENTMARWY,8130,Bacardi Superior Rum,50mL,72,1.29,2024-01-01
62_KILMARNOCK_13718,62,KILMARNOCK,13718,Redwood Creek Malbec,1.5L,7,10.99,2024-01-01
53_HILLFAR_2894,53,HILLFAR,2894,Scoresby Rare,1.75L,13,17.99,2024-01-01
52_GRAYCOTT_3072,52,GRAYCOTT,3072,Ciroc Peach Vodka,750mL,6,24.99,2024-01-01
49_GARIGILL_38946,49,GARIGILL,38946,Bully Hill Sweet Walter Rd,750mL,10,8.99,2024-01-01
50_MOUNTMEND_72,50,MOUNTMEND,72,No. 3 London Dry Gin,750mL,6,34.99,2024-01-01
49_GARIGILL_21033,49,GARIGILL,21033,Taylor Fladgate 20-Yr Tawny,750mL,13,38.99,2024-01-01
55_DRY GULCH_3827,55,DRY GULCH,3827,Popov Vodka,1.75L,12,12.99,2024-01-01
48_NORFOLK_25269,48,NORFOLK,25269,R Mondavi Cab Svgn Pvt Sel,750mL,18,7.99,2024-01-01
61_AETHELNEY_2721,61,AETHELNEY,2721,Johnnie Walker Green Label,750mL,13,59.99,2024-01-01
50_MOUNTMEND_5373,50,MOUNTMEND,5373,E&J Peach Brandy,750mL,23,9.99,2024-01-01
69_MOUNTMEND_2514,69,MOUNTMEND,2514,Bird Dog Peach Whiskey,750mL,15,14.99,2024-01-01
74_PAENTMARWY_2646,74,PAENTMARWY,2646,Chivas Regal,1.75L,35,54.99,2024-01-01
46_TYWARDREATH_2398,46,TYWARDREATH,2398,Tullamore Dew,750mL,6,22.99,2024-01-01
69_MOUNTMEND_16647,69,MOUNTMEND,16647,Cesari Lugana Cento Filari,750mL,23,12.99,2024-01-01
66_EANVERNESS_21000,66,EANVERNESS,21000,Bonpas Ch du Pape Rouge Rsv,750mL,9,42.99,2024-01-01
66_EANVERNESS_16794,66,EANVERNESS,16794,Freakshow Cab Svgn,750mL,177,17.99,2024-01-01
50_MOUNTMEND_4018,50,MOUNTMEND,4018,Papa's Pilar Dark Rum,750mL,7,35.99,2024-01-01
55_DRY GULCH_8840,55,DRY GULCH,8840,Burnetts Gin,1.75L,22,11.99,2024-01-01
63_SWORDBREAK_3357,63,SWORDBREAK,3357,Smirnoff Sours Green Apple,50mL,0,0.99,2024-01-01
53_HILLFAR_3564,53,HILLFAR,3564,Ciroc Amaretto Vodka,1.75L,17,47.99,2024-01-01
43_WOLFORD_3221,43,WOLFORD,3221,Pinnacle Raspberry Vodka,750mL,13,9.99,2024-01-01
51_ABERDEEN_5353,51,ABERDEEN,5353,Grand Marnier,375mL,30,18.99,2024-01-01
75_BARNCOMBE_5962,75,BARNCOMBE,5962,Vermont Ice Maple Creme,750mL,4,24.99,2024-01-01
65_LUTON_2753,65,LUTON,2753,Johnnie Walker Black Label,1.75L,20,61.99,2024-01-01
51_ABERDEEN_8693,51,ABERDEEN,8693,Ezra Brooks,750mL,3,9.99,2024-01-01
64_CESTERFIELD_5415,64,CESTERFIELD,5415,Amaretto di Amore,1.75L,6,13.99,2024-01-01
56_BEGGAR'S HOLE_2494,56,BEGGAR'S HOLE,2494,Crown Royal Regal Apple,1.75L,10,46.99,2024-01-01
50_MOUNTMEND_19926,50,MOUNTMEND,19926,Santa Rita RSV Svgn Bl,750mL,19,9.99,2024-01-01
73_DONCASTER_7828,73,DONCASTER,7828,Bols Peach Schnapps,750mL,15,7.99,2024-01-01
68_SOLARIS_2207,68,SOLARIS,2207,Glenrothes Sherry Cask Rsv,750mL,3,59.99,2024-01-01
60_IRRAGIN_21313,60,IRRAGIN,21313,Kedem Concord Grape Kosher,750mL,14,6.99,2024-01-01
73_DONCASTER_3989,73,DONCASTER,3989,Deep Eddy Lemon Vodka,750mL,34,18.99,2024-01-01
67_EANVERNESS_34429,67,EANVERNESS,34429,Frei Bros RSV Mendcno Merlot,750mL,25,16.99,2024-01-01
61_AETHELNEY_17177,61,AETHELNEY,17177,Beringer Classic Merlot,1.5L,24,7.99,2024-01-01
68_SOLARIS_8448,68,SOLARIS,8448,Cruzan Aged Dark Rum,750mL,31,9.99,2024-01-01
63_SWORDBREAK_39256,63,SWORDBREAK,39256,Schmitt Sohne Relax Mosel,750mL,15,10.99,2024-01-01
49_GARIGILL_8905,49,GARIGILL,8905,Livingston Cellars Red Rose,3L,7,11.99,2024-01-01
66_EANVERNESS_21534,66,EANVERNESS,21534,Broadbent Vinho Verde Rose,750mL,9,11.99,2024-01-01
55_DRY GULCH_11553,55,DRY GULCH,11553,M by Michael Mondavi Cab Svg,750mL,2,186.99,2024-01-01
58_HARTLEPOOL_3893,58,HARTLEPOOL,3893,Zhenka 80 Proof,1.75L,135,9.99,2024-01-01
66_EANVERNESS_46093,66,EANVERNESS,46093,Mouton Cadet Rose,750mL,10,12.99,2024-01-01
50_MOUNTMEND_8338,50,MOUNTMEND,8338,The Glenlivet 12 Yr Single,375mL,24,21.99,2024-01-01
44_PORTHCRAWL_3376,44,PORTHCRAWL,3376,Tommy Guns Vodka,750mL,3,39.99,2024-01-01
66_EANVERNESS_6432,66,EANVERNESS,6432,Shady Fruit Real Ruby Red Gr,50mL,91,0.99,2024-01-01
69_MOUNTMEND_16538,69,MOUNTMEND,16538,Catalpa Malbec,750mL,12,14.99,2024-01-01
56_BEGGAR'S HOLE_3764,56,BEGGAR'S HOLE,3764,Patron Reposado Tequila,375mL,3,26.99,2024-01-01
66_EANVERNESS_42579,66,EANVERNESS,42579,Voga del Venezie Pnt Grigio,750mL,30,9.99,2024-01-01
54_GUTHRAM_11337,54,GUTHRAM,11337,Freemark Abbey Merlot Napa,750mL,14,27.99,2024-01-01
66_EANVERNESS_21033,66,EANVERNESS,21033,Taylor Fladgate 20-Yr Tawny,750mL,30,38.99,2024-01-01
74_PAENTMARWY_34947,74,PAENTMARWY,34947,M Chiarlo Moscato D'Asti Ni,375mL,6,11.49,2024-01-01
59_CLAETHORPES_3682,59,CLAETHORPES,3682,Belvedere Vodka,750mL,29,22.99,2024-01-01
53_HILLFAR_4327,53,HILLFAR,4327,Capt Morgan Spiced Rum 100,750mL,11,19.99,2024-01-01
75_BARNCOMBE_2598,75,BARNCOMBE,2598,Firefly Apple Pie Moonshine,750mL,12,14.99,2024-01-01
72_HARDERSFIELD_27808,72,HARDERSFIELD,27808,Blackstone Chard Monterey,750mL,36,7.99,2024-01-01
56_BEGGAR'S HOLE_8102,56,BEGGAR'S HOLE,8102,Absolut Mandrin,1.75L,22,24.99,2024-01-01
72_HARDERSFIELD_8693,72,HARDERSFIELD,8693,Ezra Brooks,750mL,12,9.99,2024-01-01
57_LANTEGLOS_1771,57,LANTEGLOS,1771,Jack Daniels Tennessee Fire,50mL,0,2.99,2024-01-01
73_DONCASTER_3941,73,DONCASTER,3941,Tres Generaciones Reposado,750mL,8,36.99,2024-01-01
49_GARIGILL_12079,49,GARIGILL,12079,F Coppola Votre Sante Chard,750mL,13,10.99,2024-01-01
68_SOLARIS_42766,68,SOLARIS,42766,14 Hands Merlot Wash,750mL,110,8.95,2024-01-01
48_NORFOLK_2114,48,NORFOLK,2114,Black Velvet Canadian Whisky,1.75L,215,12.99,2024-01-01
76_DONCASTER_18583,76,DONCASTER,18583,Heidsieck Monopole Gold Top,750mL,14,45.99,2024-01-01
52_GRAYCOTT_2932,52,GRAYCOTT,2932,Jameson Black Barrel,750mL,18,31.99,2024-01-01
66_EANVERNESS_423,66,EANVERNESS,423,Hennessy Richard Cognac,750mL,1,4559.99,2024-01-01
54_GUTHRAM_17865,54,GUTHRAM,17865,Ch St Jean Pnt Nr,750mL,14,11.99,2024-01-01
44_PORTHCRAWL_3614,44,PORTHCRAWL,3614,Finlandia Vodka,1.75L,14,19.99,2024-01-01
71_CLARCTON_4174,71,CLARCTON,4174,Kraken Black Spiced Rum,1.75L,15,29.99,2024-01-01
58_HARTLEPOOL_1595,58,HARTLEPOOL,1595,Gentleman Jack,375mL,4,15.99,2024-01-01
46_TYWARDREATH_29427,46,TYWARDREATH,29427,Gekkeikan Sake Calif,18L,1,66.99,2024-01-01
60_IRRAGIN_39384,60,IRRAGIN,39384,F Coppola Diamond Pnt Nr,750mL,27,16.99,2024-01-01
61_AETHELNEY_27830,61,AETHELNEY,27830,Silverado Svgn Bl Napa,750mL,7,16.99,2024-01-01
53_HILLFAR_37826,53,HILLFAR,37826,Yellow Tail Cab Svgn Ausl,750mL,8,7.99,2024-01-01
55_DRY GULCH_8627,55,DRY GULCH,8627,Jadot Beaujolais Villages,750mL,15,7.98,2024-01-01
73_DONCASTER_18600,73,DONCASTER,18600,Perrier Jouet Belle Epoque,750mL,20,116.99,2024-01-01
50_MOUNTMEND_3929,50,MOUNTMEND,3929,Los Amantes Mezcal,750mL,12,42.99,2024-01-01
70_KELD_8961,70,KELD,8961,Jose Cuervo Especial,50mL,28,1.49,2024-01-01
66_EANVERNESS_7279,66,EANVERNESS,7279,Yago Sant'Gria Red,1.5L,33,6.99,2024-01-01
63_SWORDBREAK_8064,63,SWORDBREAK,8064,Canadian Club,50mL,272,0.99,2024-01-01
51_ABERDEEN_8361,51,ABERDEEN,8361,Carlo Rossi Chablis Calif,4L,6,14.99,2024-01-01
43_WOLFORD_36378,43,WOLFORD,36378,MezzaCorona Pnt Grigio,1.5L,31,10.99,2024-01-01
65_LUTON_3131,65,LUTON,3131,Pinnacle Key Lime Whipped,750mL,20,12.99,2024-01-01
73_DONCASTER_4478,73,DONCASTER,4478,Myers Original Dark Rum,750mL,25,17.99,2024-01-01
50_MOUNTMEND_3763,50,MOUNTMEND,3763,Patron Anejo Tequila,375mL,0,27.99,2024-01-01
65_LUTON_39600,65,LUTON,39600,R M Woodbridge Merlot Cal,187mL 4 Pk,5,6.99,2024-01-01
64_CESTERFIELD_2026,64,CESTERFIELD,2026,Camarena Silver Tequila,750mL,2,18.99,2024-01-01
69_MOUNTMEND_2671,69,MOUNTMEND,2671,Christian Drouin Calvados,375mL,10,22.99,2024-01-01
68_SOLARIS_3693,68,SOLARIS,3693,Smirnoff Ruby Red Grapefruit,750mL,13,12.99,2024-01-01
66_EANVERNESS_25846,66,EANVERNESS,25846,Groth Svgn Bl Napa Valley,750mL,44,19.99,2024-01-01
46_TYWARDREATH_3999,46,TYWARDREATH,3999,Hornitos Anejo Tequila,750mL,2,21.99,2024-01-01
66_EANVERNESS_16000,66,EANVERNESS,16000,Drouhin Pouilly Fuisse,750mL,16,23.99,2024-01-01
56_BEGGAR'S HOLE_2602,56,BEGGAR'S HOLE,2602,Caol Ila 12 Yr Islay Single,750mL,6,56.99,2024-01-01
50_MOUNTMEND_5877,50,MOUNTMEND,5877,Ryans Irish Cream,50mL,102,0.99,2024-01-01
67_EANVERNESS_17345,67,EANVERNESS,17345,Bogle Essential Red,750mL,50,9.99,2024-01-01
49_GARIGILL_2852,49,GARIGILL,2852,Bushmills 10 Yr Irish Whisky,750mL,7,40.99,2024-01-01
56_BEGGAR'S HOLE_8296,56,BEGGAR'S HOLE,8296,Knob Creek Smoked Maple,750mL,4,27.99,2024-01-01
55_DRY GULCH_4682,55,DRY GULCH,4682,Courvoisier VSOP Cognac,750mL,13,34.99,2024-01-01
67_EANVERNESS_31971,67,EANVERNESS,31971,Trinchero Main St Cab Svgn,750mL,13,8.99,2024-01-01
53_HILLFAR_4141,53,HILLFAR,4141,Wild Turkey American Honey,50mL,51,0.99,2024-01-01
76_DONCASTER_15043,76,DONCASTER,15043,Cuvee Aurora Rose Sparkling,750mL,6,22.99,2024-01-01
69_MOUNTMEND_2790,69,MOUNTMEND,2790,High West American Prairie,750mL,4,32.99,2024-01-01
75_BARNCOMBE_34850,75,BARNCOMBE,34850,Bargetto Chaucer's Hney Mead,750mL,6,12.99,2024-01-01
55_DRY GULCH_36991,55,DRY GULCH,36991,Duck Pond Pnt Gris Ore,750mL,22,10.99,2024-01-01
47_PELLA'S WISH_3357,47,PELLA'S WISH,3357,Smirnoff Sours Green Apple,50mL,0,0.99,2024-01-01
60_IRRAGIN_2740,60,IRRAGIN,2740,GlenDronach 15 Yr Scotch,750mL,6,91.99,2024-01-01
50_MOUNTMEND_25649,50,MOUNTMEND,25649,De Loach Chard Cal,750mL,5,9.99,2024-01-01
62_KILMARNOCK_8092,62,KILMARNOCK,8092,Johnnie Walker Red Label,50mL,21,2.29,2024-01-01
67_EANVERNESS_20658,67,EANVERNESS,20658,Notarious Syrah,750mL,12,39.99,2024-01-01
75_BARNCOMBE_3693,75,BARNCOMBE,3693,Smirnoff Ruby Red Grapefruit,750mL,4,12.99,2024-01-01
72_HARDERSFIELD_3568,72,HARDERSFIELD,3568,Pearl Cucumber Vodka,50mL,161,0.99,2024-01-01
50_MOUNTMEND_6987,50,MOUNTMEND,6987,Rosemount Shiraz/Cab Svgn,750mL,14,9.99,2024-01-01
67_EANVERNESS_39334,67,EANVERNESS,39334,Michael David Chard,750mL,19,15.99,2024-01-01
54_GUTHRAM_8124,54,GUTHRAM,8124,Mouton Cadet White Brdx,750mL,22,12.99,2024-01-01
42_BLACK HOLLOW_14240,42,BLACK HOLLOW,14240,Ninety+Cellars Lot 2 Svgn Bl,750mL,18,10.99,2024-01-01
53_HILLFAR_35103,53,HILLFAR,35103,Ruffino Chianti Superiore,750mL,19,9.99,2024-01-01
55_DRY GULCH_1425,55,DRY GULCH,1425,Granite Lightning Whiskey,750mL,12,27.99,2024-01-01
69_MOUNTMEND_4903,69,MOUNTMEND,4903,Bacardi Superior Rum,200mL,270,3.99,2024-01-01
59_CLAETHORPES_4411,59,CLAETHORPES,4411,Fabrizia's Italian Margarita,750mL,9,9.99,2024-01-01
71_CLARCTON_32649,71,CLARCTON,32649,Beringer Classic Wh Merlot,1.5L,12,9.99,2024-01-01
50_MOUNTMEND_2694,50,MOUNTMEND,2694,Glenmorangie LaSanta,750mL,14,49.99,2024-01-01
51_ABERDEEN_5401,51,ABERDEEN,5401,Jagermeister Liqueur,200mL,43,5.99,2024-01-01
64_CESTERFIELD_1330,64,CESTERFIELD,1330,Grey Goose Glass Pack,1.75L,7,48.99,2024-01-01
68_SOLARIS_22509,68,SOLARIS,22509,Alderbrook Pnt Nr RRV,750mL,4,17.99,2024-01-01
73_DONCASTER_1781,73,DONCASTER,1781,Wild Turkey Russell's Rsv,750mL,43,49.99,2024-01-01
69_MOUNTMEND_44666,69,MOUNTMEND,44666,Tenuta San Guido Guidalberto,750mL,2,24.99,2024-01-01
52_GRAYCOTT_24846,52,GRAYCOTT,24846,Franciscan Merlot Napa,750mL,16,18.99,2024-01-01
48_NORFOLK_10372,48,NORFOLK,10372,Hazlitt Red Cat Finger Lakes,750mL,25,7.99,2024-01-01
59_CLAETHORPES_8173,59,CLAETHORPES,8173,Amarula Cream Liqueur,750mL,12,20.99,2024-01-01
65_LUTON_1226,65,LUTON,1226,Lexington Bourbon,750mL,4,25.99,2024-01-01
65_LUTON_4829,65,LUTON,4829,Mr Boston Blackberry Brandy,1.75L,5,13.99,2024-01-01
72_HARDERSFIELD_6524,72,HARDERSFIELD,6524,Rosemount Diamond Shiraz,750mL,16,6.99,2024-01-01
65_LUTON_2015,65,LUTON,2015,Jack Daniels Tennessee Honey,750mL,39,26.99,2024-01-01
67_EANVERNESS_8144,67,EANVERNESS,8144,Corralejo Reposado Tequila,750mL,15,29.99,2024-01-01
54_GUTHRAM_1715,54,GUTHRAM,1715,Ole Smoky Apple Pie Moonshne,750mL,2,18.99,2024-01-01
47_PELLA'S WISH_38899,47,PELLA'S WISH,38899,L Martini Cab Svgn Sonoma,750mL,52,12.99,2024-01-01
69_MOUNTMEND_2959,69,MOUNTMEND,2959,Spring 44 Old Tom Gin,750mL,1,38.99,2024-01-01
60_IRRAGIN_29835,60,IRRAGIN,29835,Casal Garcia Vinho Verde Wh,750mL,34,7.99,2024-01-01
67_EANVERNESS_26501,67,EANVERNESS,26501,Rodney Strong Knotty Vn Znfl,750mL,24,20.99,2024-01-01
69_MOUNTMEND_3925,69,MOUNTMEND,3925,Don Julio Reposado Tequila,750mL,20,49.99,2024-01-01
63_SWORDBREAK_3882,63,SWORDBREAK,3882,Smirnoff Strawberry Vodka,750mL,12,12.99,2024-01-01
42_BLACK HOLLOW_11456,42,BLACK HOLLOW,11456,Burgess Cab Svgn Napa,750mL,15,35.99,2024-01-01
67_EANVERNESS_25444,67,EANVERNESS,25444,Calera Mt Harlan Chard,750mL,15,40.99,2024-01-01
67_EANVERNESS_2432,67,EANVERNESS,2432,Crown Royal,750mL,254,21.99,2024-01-01
53_HILLFAR_8413,53,HILLFAR,8413,St Elder Elderflower Liqueur,750mL,3,17.99,2024-01-01
73_DONCASTER_35414,73,DONCASTER,35414,Yellow Tail Shiraz Ausl,1.5L,88,8.95,2024-01-01
64_CESTERFIELD_2967,64,CESTERFIELD,2967,3lenfiddich Solera 15 Yr RSV,750mL,2,54.99,2024-01-01
47_PELLA'S WISH_34175,47,PELLA'S WISH,34175,Lindemans Bin 50 Shiraz,1.5L,15,9.99,2024-01-01
49_GARIGILL_45535,49,GARIGILL,45535,Citra Pnt Grigio,1.5L,8,10.99,2024-01-01
62_KILMARNOCK_2105,62,KILMARNOCK,2105,Black Velvet Toasted Caramel,750mL,23,9.99,2024-01-01
76_DONCASTER_38181,76,DONCASTER,38181,Rex Goliath Pnt Nr,750mL,20,5.99,2024-01-01
53_HILLFAR_18642,53,HILLFAR,18642,Yellow Tail Pink Moscato,1.5L,3,8.95,2024-01-01
76_DONCASTER_686,76,DONCASTER,686,Midnight Moon Cherry,750mL,17,19.99,2024-01-01
50_MOUNTMEND_2412,50,MOUNTMEND,2412,JP Wiser's Rye,750mL,10,19.99,2024-01-01
65_LUTON_42764,65,LUTON,42764,14 Hands Cab Svgn Wash,750mL,44,8.95,2024-01-01
59_CLAETHORPES_46060,59,CLAETHORPES,46060,Martin Codax Albarino,750mL,9,13.99,2024-01-01
61_AETHELNEY_1178,61,AETHELNEY,1178,Evan Williams Black Label B,750mL,20,11.49,2024-01-01
66_EANVERNESS_37984,66,EANVERNESS,37984,Barone Fini Pnt Gr Valdadige,750mL,12,11.99,2024-01-01
65_LUTON_4263,65,LUTON,4263,Capt Morgan Silver Spicd Rum,750mL,2,16.99,2024-01-01
73_DONCASTER_20160,73,DONCASTER,20160,F Coppola Sofia Chard,750mL,12,14.99,2024-01-01
66_EANVERNESS_31847,66,EANVERNESS,31847,Saintsbury Carneros Pnt Nr,750mL,8,32.99,2024-01-01
42_BLACK HOLLOW_6857,42,BLACK HOLLOW,6857,Sutter Home Wh Znfdl,1.5L,26,9.99,2024-01-01
49_GARIGILL_4345,49,GARIGILL,4345,Capt Morgan Tattoo Rum,750mL,20,19.99,2024-01-01
73_DONCASTER_24777,73,DONCASTER,24777,Mayu Svgn Bl,750mL,12,14.99,2024-01-01
70_KELD_5452,70,KELD,5452,Bauchant XO Apple,750mL,0,11.99,2024-01-01
68_SOLARIS_8170,68,SOLARIS,8170,Courvoisier VS Cognac,50mL,27,2.99,2024-01-01
72_HARDERSFIELD_6356,72,HARDERSFIELD,6356,Taylor Cream Sherry,1.5L,12,7.79,2024-01-01
60_IRRAGIN_19610,60,IRRAGIN,19610,Ch Rieussec Gr Cru 10 Sauter,750mL,10,124.99,2024-01-01
56_BEGGAR'S HOLE_8021,56,BEGGAR'S HOLE,8021,Glenfiddich Special Rsv 12,750mL,21,42.99,2024-01-01
54_GUTHRAM_2756,54,GUTHRAM,2756,Jameson Caskmates,750mL,32,29.99,2024-01-01
73_DONCASTER_21609,73,DONCASTER,21609,Josh Cellars Legacy Red,750mL,18,13.99,2024-01-01
49_GARIGILL_3835,49,GARIGILL,3835,Smirnoff Raspberry Vodka,750mL,56,12.99,2024-01-01
76_DONCASTER_25621,76,DONCASTER,25621,Forest Glen Cab Svgn Cal,750mL,15,8.99,2024-01-01
42_BLACK HOLLOW_13695,42,BLACK HOLLOW,13695,Red Rock Winery Malbec,750mL,14,8.99,2024-01-01
56_BEGGAR'S HOLE_3598,56,BEGGAR'S HOLE,3598,Ice Pik Vodka,750mL,12,13.99,2024-01-01
49_GARIGILL_14382,49,GARIGILL,14382,LaBelle Winery Raspberry,375mL,9,15.99,2024-01-01
53_HILLFAR_5075,53,HILLFAR,5075,Tuaca Italian Liqueur,750mL,4,21.99,2024-01-01
44_PORTHCRAWL_11080,44,PORTHCRAWL,11080,G Vigouroux Pigmentum Malbec,750mL,7,9.99,2024-01-01
69_MOUNTMEND_41633,69,MOUNTMEND,41633,Prinz Salm Two Princes Nahe,750mL,11,13.99,2024-01-01
75_BARNCOMBE_41537,75,BARNCOMBE,41537,Mer Soleil Chard Central Cst,750mL,10,27.99,2024-01-01
71_CLARCTON_10453,71,CLARCTON,10453,Line 39 Svgn Bl Lake County,750mL,15,9.99,2024-01-01
73_DONCASTER_39450,73,DONCASTER,39450,Ponzi Willamette Pnt Nr,750mL,11,34.99,2024-01-01
58_HARTLEPOOL_3054,58,HARTLEPOOL,3054,Smirnoff Kissed Caramel,750mL,25,10.99,2024-01-01
53_HILLFAR_828,53,HILLFAR,828,Bols Sloe Gin,Liter,5,9.99,2024-01-01
69_MOUNTMEND_22555,69,MOUNTMEND,22555,Jadot Savigny Beaune Blan 12,750mL,2,29.99,2024-01-01
63_SWORDBREAK_538,63,SWORDBREAK,538,Amaretto DiSaronno,375mL,17,10.99,2024-01-01
76_DONCASTER_31277,76,DONCASTER,31277,Landmark Overlook Chard,750mL,63,15.99,2024-01-01
75_BARNCOMBE_3689,75,BARNCOMBE,3689,Stolichnaya Vanil,750mL,4,16.99,2024-01-01
55_DRY GULCH_20030,55,DRY GULCH,20030,Trivento Rsv Cab Malbec,750mL,3,11.99,2024-01-01
69_MOUNTMEND_2247,69,MOUNTMEND,2247,Balvenie Portwood 21 Yr Sin,750mL,5,204.99,2024-01-01
76_DONCASTER_4239,76,DONCASTER,4239,Pampero Ron Anejo Aniversari,750mL,15,21.99,2024-01-01
56_BEGGAR'S HOLE_3626,56,BEGGAR'S HOLE,3626,Sauza Extra Gold Tequila,750mL,17,12.99,2024-01-01
57_LANTEGLOS_1416,57,LANTEGLOS,1416,Old Grand Dad,1.75L,5,27.99,2024-01-01
58_HARTLEPOOL_5875,58,HARTLEPOOL,5875,Malibu Light Bl Hawaiian RTD,1.75L,6,17.99,2024-01-01
71_CLARCTON_3654,71,CLARCTON,3654,Patron Reposado Tequila,750mL,74,53.99,2024-01-01
42_BLACK HOLLOW_14300,42,BLACK HOLLOW,14300,Masi Passo Doble,750mL,6,11.99,2024-01-01
51_ABERDEEN_2183,51,ABERDEEN,2183,McClelland Highland Single,750mL,9,18.99,2024-01-01
75_BARNCOMBE_5713,75,BARNCOMBE,5713,DeKuyper Sour Apple Pucker,1.75L,13,16.99,2024-01-01
58_HARTLEPOOL_8726,58,HARTLEPOOL,8726,Baileys Irish Cream,50mL,73,1.99,2024-01-01
68_SOLARIS_5220,68,SOLARIS,5220,Basilica Sambuca,750mL,7,8.99,2024-01-01
46_TYWARDREATH_6975,46,TYWARDREATH,6975,Jacobs Crk Chard,750mL,7,7.99,2024-01-01
58_HARTLEPOOL_8476,58,HARTLEPOOL,8476,1800 Reposado Gold Tequila,375mL,8,11.49,2024-01-01
69_MOUNTMEND_18668,69,MOUNTMEND,18668,G Bertrand T Jeffrsn Cremant,750mL,9,12.99,2024-01-01
70_KELD_8016,70,KELD,8016,La Vieille Ferme Wh Rhone,750mL,4,6.99,2024-01-01
61_AETHELNEY_18801,61,AETHELNEY,18801,Bolla Prosecco Extra Dry,750mL,32,10.99,2024-01-01
49_GARIGILL_3296,49,GARIGILL,3296,Belvedere Pink Grapefruit,750mL,12,22.99,2024-01-01
71_CLARCTON_39348,71,CLARCTON,39348,Sterling Vintners Cltn Pnt N,750mL,67,10.99,2024-01-01
55_DRY GULCH_23021,55,DRY GULCH,23021,Jarhead Red,750mL,27,13.99,2024-01-01
61_AETHELNEY_9388,61,AETHELNEY,9388,Hennessy Privilege VSOP,375mL,7,23.99,2024-01-01
56_BEGGAR'S HOLE_3243,56,BEGGAR'S HOLE,3243,Burnetts Vodka,1.75L,26,10.49,2024-01-01
74_PAENTMARWY_25704,74,PAENTMARWY,25704,Murphy-Goode Chard Sonoma,750mL,15,12.99,2024-01-01
72_HARDERSFIELD_21469,72,HARDERSFIELD,21469,St Supery Cab Svgn,750mL,18,29.99,2024-01-01
60_IRRAGIN_44734,60,IRRAGIN,44734,Casa Liliana Good Pnt Grg,750mL,5,7.99,2024-01-01
59_CLAETHORPES_6624,59,CLAETHORPES,6624,Poli Sarpa Grappa,750mL,6,49.99,2024-01-01
55_DRY GULCH_5705,55,DRY GULCH,5705,Bauchant Orange Liqueur,750mL,16,19.99,2024-01-01
53_HILLFAR_3959,53,HILLFAR,3959,Hornitos Black Barrel,750mL,12,26.99,2024-01-01
74_PAENTMARWY_2465,74,PAENTMARWY,2465,Crown Royal Mini,50mL,55,2.99,2024-01-01
43_WOLFORD_3826,43,WOLFORD,3826,Skyy Vodka,1.75L,36,19.99,2024-01-01
58_HARTLEPOOL_273,58,HARTLEPOOL,273,Sauza Extra Gold Tequila,1.75L,27,21.99,2024-01-01
50_MOUNTMEND_21076,50,MOUNTMEND,21076,Natura Pnt Nr,750mL,23,11.99,2024-01-01
59_CLAETHORPES_6498,59,CLAETHORPES,6498,Franzia Chablis Old World C,5L,14,16.99,2024-01-01
44_PORTHCRAWL_3997,44,PORTHCRAWL,3997,Hornitos Plata Tequila,750mL,75,19.99,2024-01-01
75_BARNCOMBE_2749,75,BARNCOMBE,2749,John Begg Blue Cap,1.75L,10,16.99,2024-01-01
66_EANVERNESS_8110,66,EANVERNESS,8110,Tribuno Dry Vermouth,1.5L,14,8.99,2024-01-01
74_PAENTMARWY_1366,74,PAENTMARWY,1366,Red Stag by Jim Beam,50mL,134,1.29,2024-01-01
75_BARNCOMBE_3054,75,BARNCOMBE,3054,Smirnoff Kissed Caramel,750mL,14,10.99,2024-01-01
69_MOUNTMEND_27807,69,MOUNTMEND,27807,Night Harvest Chard,750mL,26,5.99,2024-01-01
66_EANVERNESS_34428,66,EANVERNESS,34428,Frei Bros RSV Chard RRV,750mL,68,15.99,2024-01-01
44_PORTHCRAWL_8203,44,PORTHCRAWL,8203,Grand Marnier,50mL,157,2.99,2024-01-01
76_DONCASTER_45876,76,DONCASTER,45876,Frei Bros RSV Svgn Bl RRV,750mL,17,14.99,2024-01-01
49_GARIGILL_2543,49,GARIGILL,2543,Darnley's View Gin,750mL,6,23.99,2024-01-01
66_EANVERNESS_24994,66,EANVERNESS,24994,Couvent des Thorins Moulin,750mL,12,25.99,2024-01-01
64_CESTERFIELD_23921,64,CESTERFIELD,23921,Landmark 12 Overlook Chard S,750mL,12,29.99,2024-01-01
67_EANVERNESS_18865,67,EANVERNESS,18865,Mirafiore Barolo,750mL,13,35.99,2024-01-01
67_EANVERNESS_3683,67,EANVERNESS,3683,Stolichnaya Ohranj,750mL,28,16.99,2024-01-01
51_ABERDEEN_16669,51,ABERDEEN,16669,Sweet Baby Vyds Blueberry,750mL,1,12.99,2024-01-01
74_PAENTMARWY_2183,74,PAENTMARWY,2183,McClelland Highland Single,750mL,6,18.99,2024-01-01
73_DONCASTER_8464,73,DONCASTER,8464,Ch de Montfort Vouvray,750mL,21,15.99,2024-01-01
73_DONCASTER_20254,73,DONCASTER,20254,Avancia Cuvee De O Valdeoras,750mL,21,14.99,2024-01-01
70_KELD_995,70,KELD,995,Absolut Ruby Red,Liter,4,19.99,2024-01-01
50_MOUNTMEND_13154,50,MOUNTMEND,13154,Clayhouse Malbec Paso Robles,750mL,9,11.99,2024-01-01
66_EANVERNESS_40054,66,EANVERNESS,40054,Campo Viejo Tempranillo RSV,750mL,24,12.99,2024-01-01
52_GRAYCOTT_8338,52,GRAYCOTT,8338,The Glenlivet 12 Yr Single,375mL,9,21.99,2024-01-01
49_GARIGILL_6692,49,GARIGILL,6692,Jaboulet Cotes du Rhone Par,750mL,15,11.99,2024-01-01
67_EANVERNESS_25341,67,EANVERNESS,25341,Bollinger R.D. 2002,750mL,2,279.99,2024-01-01
58_HARTLEPOOL_5921,58,HARTLEPOOL,5921,RumChata Liqueur,750mL,11,21.99,2024-01-01
61_AETHELNEY_13807,61,AETHELNEY,13807,Oh Schist Rsl,750mL,19,10.99,2024-01-01
60_IRRAGIN_5090,60,IRRAGIN,5090,El Charro Silver Tequila,750mL,14,12.99,2024-01-01
47_PELLA'S WISH_3788,47,PELLA'S WISH,3788,Patron Silver Tequila,375mL,1,25.99,2024-01-01
65_LUTON_5661,65,LUTON,5661,Dr McGillicuddy's Root Beer,750mL,18,12.99,2024-01-01
47_PELLA'S WISH_19962,47,PELLA'S WISH,19962,St Francis Merlot,750mL,11,14.99,2024-01-01
53_HILLFAR_12212,53,HILLFAR,12212,Black Box Svgn Bl,3L,14,18.99,2024-01-01
64_CESTERFIELD_41254,64,CESTERFIELD,41254,Ch St Jean Merlot Cal,750mL,41,11.99,2024-01-01
42_BLACK HOLLOW_23383,42,BLACK HOLLOW,23383,Vivanco Rioja Rsva 08,750mL,20,16.99,2024-01-01
68_SOLARIS_2085,68,SOLARIS,2085,Jesse James America's Outlaw,750mL,8,13.99,2024-01-01
44_PORTHCRAWL_1896,44,PORTHCRAWL,1896,The Glenlivet 18 Yr Single,750mL,4,99.99,2024-01-01
61_AETHELNEY_14342,61,AETHELNEY,14342,Cupcake Pnt Nr,750mL,99,7.49,2024-01-01
59_CLAETHORPES_5137,59,CLAETHORPES,5137,Irish Manor Irish Cream,750mL,9,9.99,2024-01-01
49_GARIGILL_8298,49,GARIGILL,8298,Skinnygirl Grapefruit Marg,750mL,21,10.99,2024-01-01
49_GARIGILL_2692,49,GARIGILL,2692,Glenmorangie 10 Yr Scotch,750mL,8,34.99,2024-01-01
71_CLARCTON_4294,71,CLARCTON,4294,Goslings Black Seal 151,750mL,16,15.99,2024-01-01
55_DRY GULCH_3984,55,DRY GULCH,3984,Sauza Tres Generacions Anejo,750mL,11,41.99,2024-01-01
70_KELD_25269,70,KELD,25269,R Mondavi Cab Svgn Pvt Sel,750mL,26,7.99,2024-01-01
63_SWORDBREAK_3385,63,SWORDBREAK,3385,Pinnacle Strawbry Kiwi Vodka,1.75L,7,16.99,2024-01-01
55_DRY GULCH_21329,55,DRY GULCH,21329,Masi Campofiorin,750mL,18,15.99,2024-01-01
48_NORFOLK_3882,48,NORFOLK,3882,Smirnoff Strawberry Vodka,750mL,16,12.99,2024-01-01
67_EANVERNESS_2215,67,EANVERNESS,2215,Ole Smoky Harley-Davidson,750mL,6,18.99,2024-01-01
71_CLARCTON_982,71,CLARCTON,982,McCormick Long Island Iced,Liter,16,6.99,2024-01-01
73_DONCASTER_37786,73,DONCASTER,37786,Lindemans Bin 45 Cab Svgn,1.5L,40,9.99,2024-01-01
65_LUTON_38899,65,LUTON,38899,L Martini Cab Svgn Sonoma,750mL,19,12.99,2024-01-01
60_IRRAGIN_3452,60,IRRAGIN,3452,Vanya Light Vodka,1.75L,33,6.99,2024-01-01
66_EANVERNESS_1022,66,EANVERNESS,1022,St Brendans Salted Caramel,750mL,15,13.99,2024-01-01
61_AETHELNEY_12666,61,AETHELNEY,12666,Carpineto Dogajolo Tuscan Wh,750mL,15,12.99,2024-01-01
59_CLAETHORPES_2965,59,CLAETHORPES,2965,Ardbeg 10 Yr Single Malt Sc,750mL,3,46.99,2024-01-01
54_GUTHRAM_19120,54,GUTHRAM,19120,Bodegas Borsao Berola,750mL,12,12.99,2024-01-01
60_IRRAGIN_1384,60,IRRAGIN,1384,Bulleit 95 Rye,750mL,62,27.99,2024-01-01
61_AETHELNEY_21308,61,AETHELNEY,21308,Chloe Pnt Grigio,750mL,12,10.99,2024-01-01
69_MOUNTMEND_23384,69,MOUNTMEND,23384,Dom Fouassier Sancerre 13,750mL,31,17.99,2024-01-01
64_CESTERFIELD_29433,64,CESTERFIELD,29433,Clos du Val Carneros Chard,750mL,10,19.99,2024-01-01
72_HARDERSFIELD_42881,72,HARDERSFIELD,42881,La Bastarda Pnt Gr Sicily,750mL,58,8.99,2024-01-01
49_GARIGILL_15168,49,GARIGILL,15168,Durigutti Malbec Mendoza,750mL,12,14.99,2024-01-01
70_KELD_4829,70,KELD,4829,Mr Boston Blackberry Brandy,1.75L,14,13.99,2024-01-01
43_WOLFORD_3879,43,WOLFORD,3879,Smirnoff 80 Proof Traveler,750mL,32,10.99,2024-01-01
50_MOUNTMEND_5705,50,MOUNTMEND,5705,Bauchant Orange Liqueur,750mL,7,19.99,2024-01-01
49_GARIGILL_8424,49,GARIGILL,8424,1800 Coconut Tequila,750mL,14,22.99,2024-01-01
68_SOLARIS_2624,68,SOLARIS,2624,Dewars 18 Yr Old Founders Rv,750mL,6,64.99,2024-01-01
54_GUTHRAM_3791,54,GUTHRAM,3791,Jose Cuervo Especial Silver,375mL,18,10.99,2024-01-01
51_ABERDEEN_5404,51,ABERDEEN,5404,E & J Superior Rsv VSOP,375mL,24,5.49,2024-01-01
76_DONCASTER_29649,76,DONCASTER,29649,St Hilaire Blanc de Blancs,750mL,33,16.99,2024-01-01
67_EANVERNESS_21201,67,EANVERNESS,21201,Bota Box Pnt Nr,3L,10,17.99,2024-01-01
68_SOLARIS_23778,68,SOLARIS,23778,M Chiarlo Barbera D'Asti,750mL,6,10.99,2024-01-01
60_IRRAGIN_12271,60,IRRAGIN,12271,Caposaldo Prosecco Brut,750mL,8,12.99,2024-01-01
52_GRAYCOTT_3747,52,GRAYCOTT,3747,Gordons Vodka Traveler,750mL,2,6.99,2024-01-01
68_SOLARIS_33441,68,SOLARIS,33441,Etude Carneros Pnt Nr,750mL,11,41.99,2024-01-01
67_EANVERNESS_14706,67,EANVERNESS,14706,Cupcake Prosecco,750mL,45,6.99,2024-01-01
66_EANVERNESS_2910,66,EANVERNESS,2910,Full Throttle Vanila Whiskey,750mL,36,19.99,2024-01-01
56_BEGGAR'S HOLE_3730,56,BEGGAR'S HOLE,3730,UV Ruby Red Grapefruit Vodka,50mL,50,0.99,2024-01-01
62_KILMARNOCK_38502,62,KILMARNOCK,38502,Ruffino Lumina Pnt Grigio,750mL,16,6.99,2024-01-01
68_SOLARIS_3373,68,SOLARIS,3373,Svedka Citron Vodka,1.75L,18,18.99,2024-01-01
54_GUTHRAM_11199,54,GUTHRAM,11199,Carpene Malvolti Prosecco,750mL,11,14.99,2024-01-01
46_TYWARDREATH_19934,46,TYWARDREATH,19934,Perrin Cotes du Rhone RSV Rg,750mL,8,10.99,2024-01-01
60_IRRAGIN_8609,60,IRRAGIN,8609,Duboeuf Beaujolais Villages,750mL,9,9.99,2024-01-01
50_MOUNTMEND_4478,50,MOUNTMEND,4478,Myers Original Dark Rum,750mL,16,17.99,2024-01-01
76_DONCASTER_3610,76,DONCASTER,3610,Smirnoff Cranberry Vodka,750mL,20,12.99,2024-01-01
67_EANVERNESS_25130,67,EANVERNESS,25130,Stratus Cab Franc VQA,750mL,10,29.99,2024-01-01
59_CLAETHORPES_28658,59,CLAETHORPES,28658,R Mondavi Pnt Nr Pvt Sel,750mL,48,7.99,2024-01-01
48_NORFOLK_3137,48,NORFOLK,3137,Three Olives Blueberry Vodka,50mL,82,0.99,2024-01-01
52_GRAYCOTT_14471,52,GRAYCOTT,14471,De Loach Merlot Cal,750mL,15,9.99,2024-01-01
67_EANVERNESS_8693,67,EANVERNESS,8693,Ezra Brooks,750mL,13,9.99,2024-01-01
76_DONCASTER_18884,76,DONCASTER,18884,Hess Treo Winemaker's Blend,750mL,22,15.99,2024-01-01
62_KILMARNOCK_8387,62,KILMARNOCK,8387,Wild Turkey 101,750mL,14,21.99,2024-01-01
48_NORFOLK_46021,48,NORFOLK,46021,Spellbound Cab Svgn Cal,750mL,11,11.99,2024-01-01
42_BLACK HOLLOW_8408,42,BLACK HOLLOW,8408,Wild Turkey American Honey,1.75L,9,34.99,2024-01-01
58_HARTLEPOOL_42422,58,HARTLEPOOL,42422,Firesteed Pnt Nr Ore,750mL,5,12.99,2024-01-01
44_PORTHCRAWL_497,44,PORTHCRAWL,497,Capt Morgan Spiced Rum,Liter,17,19.99,2024-01-01
67_EANVERNESS_8237,67,EANVERNESS,8237,Grand Mayan Ultra Aged Teq,750mL,11,99.99,2024-01-01
52_GRAYCOTT_3606,52,GRAYCOTT,3606,Smirnoff Raspberry Vodka,50mL,33,0.99,2024-01-01
68_SOLARIS_1022,68,SOLARIS,1022,St Brendans Salted Caramel,750mL,0,13.99,2024-01-01
73_DONCASTER_686,73,DONCASTER,686,Midnight Moon Cherry,750mL,48,19.99,2024-01-01
46_TYWARDREATH_6126,46,TYWARDREATH,6126,Sogno di Sorrento Crema Lem,750mL,7,25.99,2024-01-01
68_SOLARIS_1862,68,SOLARIS,1862,John Power Irish Whiskey,750mL,7,25.99,2024-01-01
49_GARIGILL_19041,49,GARIGILL,19041,The Path Cab Svgn,750mL,20,12.99,2024-01-01
76_DONCASTER_82,76,DONCASTER,82,Hundred Acre Ark Vy Cab Svgn,750mL,6,374.99,2024-01-01
70_KELD_40786,70,KELD,40786,Morgan Winery Cd Crows Monte,750mL,10,14.99,2024-01-01
60_IRRAGIN_26744,60,IRRAGIN,26744,Santa Lucia Sangvs Monte Ant,750mL,11,11.99,2024-01-01
71_CLARCTON_757,71,CLARCTON,757,Jim Beam Rye,750mL,13,17.99,2024-01-01
47_PELLA'S WISH_2606,47,PELLA'S WISH,2606,Glenmorangie Original 18Yr,750mL,2,99.99,2024-01-01
76_DONCASTER_17293,76,DONCASTER,17293,Defesa Branco White Alentejo,750mL,11,12.99,2024-01-01
54_GUTHRAM_13225,54,GUTHRAM,13225,Alphonse Dolly Sancerre Cvee,750mL,17,19.99,2024-01-01
63_SWORDBREAK_4767,63,SWORDBREAK,4767,El Jimador Reposado Tequila,1.75L,7,26.99,2024-01-01
66_EANVERNESS_18102,66,EANVERNESS,18102,Ruffino Greppone Mazzi Bru,750mL,2,49.99,2024-01-01
46_TYWARDREATH_13960,46,TYWARDREATH,13960,Vieux Clocher Cote du Rhone,750mL,10,10.99,2024-01-01
68_SOLARIS_2062,68,SOLARIS,2062,Woodford Reserve Bourbon,1.75L,3,59.99,2024-01-01
43_WOLFORD_1348,43,WOLFORD,1348,Knob Creek Bourbon,375mL,10,15.99,2024-01-01
60_IRRAGIN_2655,60,IRRAGIN,2655,James Oliver Rye Whisky,750mL,8,29.99,2024-01-01
76_DONCASTER_2132,76,DONCASTER,2132,Lord Calvert Canadian,1.75L,91,12.99,2024-01-01
53_HILLFAR_1737,53,HILLFAR,1737,Makers Mark,1.75L,8,48.99,2024-01-01
59_CLAETHORPES_8205,59,CLAETHORPES,8205,Frangelico Hazelnut Liqueur,50mL,18,1.99,2024-01-01
67_EANVERNESS_23186,67,EANVERNESS,23186,Morgan Winery Double L  Rsl,750mL,8,22.99,2024-01-01
68_SOLARIS_4624,68,SOLARIS,4624,Meukow 90,750mL,1,19.99,2024-01-01
45_VERITAS_35913,45,VERITAS,35913,Stone Cellars Cab Svgn,1.5L,18,8.99,2024-01-01
69_MOUNTMEND_18974,69,MOUNTMEND,18974,Pine Ridge Napa Vlly Cab Svg,750mL,15,53.99,2024-01-01
56_BEGGAR'S HOLE_39335,56,BEGGAR'S HOLE,39335,Phillips Seven Deadly Znfdl,750mL,64,14.99,2024-01-01
72_HARDERSFIELD_45822,72,HARDERSFIELD,45822,Masciarelli Montepulciano,750mL,25,8.99,2024-01-01
66_EANVERNESS_3395,66,EANVERNESS,3395,Jeremiah Weed Sweet Tea Vdka,750mL,37,14.99,2024-01-01
56_BEGGAR'S HOLE_19940,56,BEGGAR'S HOLE,19940,Bogle Petite Sirah,750mL,17,9.99,2024-01-01
44_PORTHCRAWL_39600,44,PORTHCRAWL,39600,R M Woodbridge Merlot Cal,187mL 4 Pk,3,6.99,2024-01-01
55_DRY GULCH_24805,55,DRY GULCH,24805,Menage a Trois Silk Soft Red,750mL,60,12.99,2024-01-01
72_HARDERSFIELD_2050,72,HARDERSFIELD,2050,Tomatin 18 Yr Single Malt,750mL,5,74.99,2024-01-01
66_EANVERNESS_1220,66,EANVERNESS,1220,Woodford Reserve Bourbon,750mL,20,29.99,2024-01-01
55_DRY GULCH_19360,55,DRY GULCH,19360,Finca La Linda Cab Svgn,750mL,10,10.99,2024-01-01
56_BEGGAR'S HOLE_22914,56,BEGGAR'S HOLE,22914,Mount Veeder Cab Svgn,750mL,17,28.99,2024-01-01
49_GARIGILL_13492,49,GARIGILL,13492,Barefoot Cellars Pnt Nr,1.5L,5,8.99,2024-01-01
42_BLACK HOLLOW_16655,42,BLACK HOLLOW,16655,Dom Bousquet Cab Svgn Mendza,750mL,11,10.99,2024-01-01
45_VERITAS_3410,45,VERITAS,3410,American Harvest Organic,750mL,4,16.99,2024-01-01
69_MOUNTMEND_41030,69,MOUNTMEND,41030,Folie A Deux Cab Svgn,750mL,12,16.99,2024-01-01
75_BARNCOMBE_5165,75,BARNCOMBE,5165,Hpnotiq Liqueur,750mL,9,19.99,2024-01-01
47_PELLA'S WISH_8749,47,PELLA'S WISH,8749,Lugny Les Charmes Macon,750mL,12,15.99,2024-01-01
60_IRRAGIN_4197,60,IRRAGIN,4197,Sailor Jerry Spiced Rum Trav,750mL,17,18.99,2024-01-01
47_PELLA'S WISH_5713,47,PELLA'S WISH,5713,DeKuyper Sour Apple Pucker,1.75L,7,16.99,2024-01-01
72_HARDERSFIELD_46093,72,HARDERSFIELD,46093,Mouton Cadet Rose,750mL,9,12.99,2024-01-01
61_AETHELNEY_8275,61,AETHELNEY,8275,El Mayor Anejo Tequila,750mL,5,32.99,2024-01-01
66_EANVERNESS_32592,66,EANVERNESS,32592,Mionetto Frizzante Prosecco,750mL,54,16.99,2024-01-01
64_CESTERFIELD_37083,64,CESTERFIELD,37083,Jewell Towne Cayuga Wh NH,750mL,3,11.49,2024-01-01
73_DONCASTER_22361,73,DONCASTER,22361,Ecco Domani Prosecco,750mL,13,4.99,2024-01-01
46_TYWARDREATH_2591,46,TYWARDREATH,2591,Cardhu Scotch,750mL,5,39.99,2024-01-01
41_LARNWICK_20419,41,LARNWICK,20419,Spalletti Toscana Rosso Palz,750mL,19,19.49,2024-01-01
55_DRY GULCH_17134,55,DRY GULCH,17134,Ch Ste Michelle Indn Wls Red,750mL,16,15.99,2024-01-01
70_KELD_2101,70,KELD,2101,New Amsterdam Gin,375mL,23,5.99,2024-01-01
58_HARTLEPOOL_2438,58,HARTLEPOOL,2438,Crown Royal Special Reserve,1.75L,4,72.99,2024-01-01
52_GRAYCOTT_35941,52,GRAYCOTT,35941,Rancho Zabaco Dncg Bul Znfdl,750mL,6,8.99,2024-01-01
49_GARIGILL_8262,49,GARIGILL,8262,Metcalfe's Vermont Maple,750mL,9,21.99,2024-01-01
67_EANVERNESS_41530,67,EANVERNESS,41530,Septima Malbec Mendoza,750mL,34,9.99,2024-01-01
76_DONCASTER_35990,76,DONCASTER,35990,La Clarte de Haut Brion 10,750mL,10,110.99,2024-01-01
73_DONCASTER_16314,73,DONCASTER,16314,Line 39 Chard,750mL,21,9.99,2024-01-01
55_DRY GULCH_19356,55,DRY GULCH,19356,C Y Toro Marques Cs Cab Svgn,750mL,14,18.99,2024-01-01
58_HARTLEPOOL_14006,58,HARTLEPOOL,14006,Apothic Winemakers Red Blend,750mL,23,9.99,2024-01-01
44_PORTHCRAWL_3314,44,PORTHCRAWL,3314,El Jimador Blanco Tequila,1.75L,6,26.99,2024-01-01
67_EANVERNESS_23038,67,EANVERNESS,23038,Zenato Lugana Brut,750mL,6,34.99,2024-01-01
76_DONCASTER_3279,76,DONCASTER,3279,Double Cross Vodka,750mL,10,29.99,2024-01-01
59_CLAETHORPES_3947,59,CLAETHORPES,3947,Herradura Anejo Tequila,750mL,5,45.99,2024-01-01
55_DRY GULCH_4518,55,DRY GULCH,4518,Remy Martin VS Cognac,1.75L,4,64.99,2024-01-01
57_LANTEGLOS_22019,57,LANTEGLOS,22019,Mumm Napa Brut Rose,750mL,8,14.99,2024-01-01
74_PAENTMARWY_3667,74,PAENTMARWY,3667,Boru Original Irish Vodka,1.75L,15,17.99,2024-01-01
66_EANVERNESS_5107,66,EANVERNESS,5107,St Remy XO Napoleon Brandy,750mL,18,13.99,2024-01-01
60_IRRAGIN_32831,60,IRRAGIN,32831,Carpineto Dogajolo Tuscan Rd,750mL,156,11.99,2024-01-01
47_PELLA'S WISH_3497,47,PELLA'S WISH,3497,Johnnie Walker Platinum,750mL,3,94.99,2024-01-01
63_SWORDBREAK_36771,63,SWORDBREAK,36771,Yellow Tail Merlot Ausl,1.5L,38,8.95,2024-01-01
53_HILLFAR_4370,53,HILLFAR,4370,Ron Virgin White,1.75L,22,10.99,2024-01-01
55_DRY GULCH_13968,55,DRY GULCH,13968,Spellbound Chard,750mL,20,13.99,2024-01-01
58_HARTLEPOOL_42881,58,HARTLEPOOL,42881,La Bastarda Pnt Gr Sicily,750mL,51,8.99,2024-01-01
47_PELLA'S WISH_3731,47,PELLA'S WISH,3731,Absolut Apeach,750mL,4,17.99,2024-01-01
52_GRAYCOTT_8513,52,GRAYCOTT,8513,Baileys Irish Cream Mini's 4,100mL 4 Pk,54,8.99,2024-01-01
69_MOUNTMEND_31083,69,MOUNTMEND,31083,Stags Leap WC Karia Chard,750mL,12,28.99,2024-01-01
67_EANVERNESS_43820,67,EANVERNESS,43820,Little Black Dress Merlot,750mL,1,10.99,2024-01-01
71_CLARCTON_6213,71,CLARCTON,6213,Taylor Red Port,1.5L,13,7.99,2024-01-01
72_HARDERSFIELD_8451,72,HARDERSFIELD,8451,Cruzan Aged Dark Rum,1.75L,11,16.99,2024-01-01
67_EANVERNESS_15392,67,EANVERNESS,15392,Cupcake Riesling,750mL,16,7.49,2024-01-01
45_VERITAS_5758,45,VERITAS,5758,1800 Ultimate Margarita RTD,1.75L,6,19.99,2024-01-01
58_HARTLEPOOL_2214,58,HARTLEPOOL,2214,James E Pepper Bourbon,750mL,4,36.99,2024-01-01
56_BEGGAR'S HOLE_2131,56,BEGGAR'S HOLE,2131,Jack Daniels No 7 Black Trav,375mL,69,12.99,2024-01-01
54_GUTHRAM_6581,54,GUTHRAM,6581,Ch Ste Michelle Merlot Colum,750mL,72,12.99,2024-01-01
66_EANVERNESS_12666,66,EANVERNESS,12666,Carpineto Dogajolo Tuscan Wh,750mL,155,12.99,2024-01-01
69_MOUNTMEND_21434,69,MOUNTMEND,21434,Les Pagodes d Cos St Estephe,750mL,9,64.99,2024-01-01
71_CLARCTON_24706,71,CLARCTON,24706,Kenwood J London Znfdl,750mL,5,22.99,2024-01-01
64_CESTERFIELD_23218,64,CESTERFIELD,23218,Tangent Chard,750mL,41,9.99,2024-01-01
48_NORFOLK_16325,48,NORFOLK,16325,Smoking Loon Red Loonatic,750mL,12,9.99,2024-01-01
69_MOUNTMEND_15859,69,MOUNTMEND,15859,Roland Lavantureux Chablis,750mL,7,27.99,2024-01-01
50_MOUNTMEND_38369,50,MOUNTMEND,38369,Oyster Bay Pnt Nr Marlboro,750mL,69,14.99,2024-01-01
59_CLAETHORPES_10727,59,CLAETHORPES,10727,Starborough Svgn Bl Marlboro,750mL,63,7.95,2024-01-01
49_GARIGILL_4297,49,GARIGILL,4297,Ronrico Silver Traveler,750mL,15,7.99,2024-01-01
47_PELLA'S WISH_5316,47,PELLA'S WISH,5316,Amaretto DiSaronno,50mL,38,2.29,2024-01-01
66_EANVERNESS_33578,66,EANVERNESS,33578,Tommasi Pinot Grigio Le Ros,750mL,7,14.99,2024-01-01
49_GARIGILL_4258,49,GARIGILL,4258,Bacardi Mango Fusion,750mL,27,9.99,2024-01-01
46_TYWARDREATH_32649,46,TYWARDREATH,32649,Beringer Classic Wh Merlot,1.5L,7,9.99,2024-01-01
76_DONCASTER_14710,76,DONCASTER,14710,Ch Tanunda Gr Barossa Shiraz,750mL,24,19.99,2024-01-01
70_KELD_39413,70,KELD,39413,Mirassou Pnt Nr Cntrl Coast,750mL,10,8.99,2024-01-01
52_GRAYCOTT_4224,52,GRAYCOTT,4224,Goslings Black Seal Rum 80,750mL,16,14.99,2024-01-01
45_VERITAS_5731,45,VERITAS,5731,Malibu Passion Fruit Rum,750mL,16,12.99,2024-01-01
75_BARNCOMBE_2245,75,BARNCOMBE,2245,DUKE Kentucky Bourbon,750mL,8,35.99,2024-01-01
68_SOLARIS_5087,68,SOLARIS,5087,Dr McGillicuddy's Peach,750mL,7,12.99,2024-01-01
73_DONCASTER_3452,73,DONCASTER,3452,Vanya Light Vodka,1.75L,44,6.99,2024-01-01
75_BARNCOMBE_2120,75,BARNCOMBE,2120,Canadian Club,1.75L,79,15.99,2024-01-01
69_MOUNTMEND_5641,69,MOUNTMEND,5641,Flag Hill Raspberry Liqueur,375mL,6,14.99,2024-01-01
61_AETHELNEY_2062,61,AETHELNEY,2062,Woodford Reserve Bourbon,1.75L,6,59.99,2024-01-01
73_DONCASTER_23379,73,DONCASTER,23379,Luiano Sangiovese,750mL,9,11.99,2024-01-01
64_CESTERFIELD_16568,64,CESTERFIELD,16568,Moonlight Meadery Sumptuous,375mL,9,12.99,2024-01-01
55_DRY GULCH_6624,55,DRY GULCH,6624,Poli Sarpa Grappa,750mL,3,49.99,2024-01-01
66_EANVERNESS_3348,66,EANVERNESS,3348,Bombay Sapphire Gin,1.75L,87,29.99,2024-01-01
64_CESTERFIELD_5597,64,CESTERFIELD,5597,DeKuyper Watermelon Pucker,750mL,7,9.99,2024-01-01
76_DONCASTER_5434,76,DONCASTER,5434,Southern Comfort Caramel,750mL,3,11.49,2024-01-01
72_HARDERSFIELD_32968,72,HARDERSFIELD,32968,Alice White Chard Ausl,1.5L,18,13.99,2024-01-01
54_GUTHRAM_8085,54,GUTHRAM,8085,Wild Turkey,1.75L,17,31.99,2024-01-01
69_MOUNTMEND_5297,69,MOUNTMEND,5297,Southern Comfort,750mL,28,13.99,2024-01-01
64_CESTERFIELD_15264,64,CESTERFIELD,15264,Bridlewood Cab Svgn,750mL,16,13.99,2024-01-01
60_IRRAGIN_8897,60,IRRAGIN,8897,Moet & Chandon Brut Imprl Ro,750mL,23,49.99,2024-01-01
49_GARIGILL_3314,49,GARIGILL,3314,El Jimador Blanco Tequila,1.75L,10,26.99,2024-01-01
64_CESTERFIELD_13695,64,CESTERFIELD,13695,Red Rock Winery Malbec,750mL,14,8.99,2024-01-01
53_HILLFAR_6385,53,HILLFAR,6385,Fetzer Sundial Chard,1.5L,14,12.99,2024-01-01
73_DONCASTER_8893,73,DONCASTER,8893,Yukon Jack,750mL,15,16.99,2024-01-01
51_ABERDEEN_8746,51,ABERDEEN,8746,Cavit Pinot Grigio,750mL,27,8.99,2024-01-01
52_GRAYCOTT_35414,52,GRAYCOTT,35414,Yellow Tail Shiraz Ausl,1.5L,17,8.95,2024-01-01
60_IRRAGIN_16370,60,IRRAGIN,16370,Zinsane Znfdl Lodi,750mL,116,7.99,2024-01-01
56_BEGGAR'S HOLE_5698,56,BEGGAR'S HOLE,5698,P & J Cold Soaked Pineapples,750mL,11,18.99,2024-01-01
57_LANTEGLOS_4089,57,LANTEGLOS,4089,Capt Morgan White,1.75L,25,20.99,2024-01-01
63_SWORDBREAK_3656,63,SWORDBREAK,3656,Stolichnaya Vanil,1.75L,14,24.99,2024-01-01
45_VERITAS_1415,45,VERITAS,1415,Old Grand Dad,750mL,13,12.99,2024-01-01
67_EANVERNESS_8482,67,EANVERNESS,8482,Cabot Trail Cana Cream Maple,750mL,13,17.99,2024-01-01
75_BARNCOMBE_37312,75,BARNCOMBE,37312,Salmon Run NY Pnt Nr,750mL,12,14.99,2024-01-01
65_LUTON_426,65,LUTON,426,Crystal Head Vodka,50mL,31,7.99,2024-01-01
61_AETHELNEY_6585,61,AETHELNEY,6585,Kijafa Cherry,750mL,18,7.99,2024-01-01
69_MOUNTMEND_1985,69,MOUNTMEND,1985,Collier & McKeel Whiskey,750mL,1,48.99,2024-01-01
42_BLACK HOLLOW_17350,42,BLACK HOLLOW,17350,Moonlight Meadery Sensual,375mL,10,13.99,2024-01-01
55_DRY GULCH_29192,55,DRY GULCH,29192,Perrin Chtnf du Pape,750mL,6,32.99,2024-01-01
60_IRRAGIN_42422,60,IRRAGIN,42422,Firesteed Pnt Nr Ore,750mL,90,12.99,2024-01-01
66_EANVERNESS_10236,66,EANVERNESS,10236,Layer Cake Malbec Mendoza,750mL,20,11.95,2024-01-01
76_DONCASTER_12235,76,DONCASTER,12235,Murrieta's Well The Spur,750mL,6,21.99,2024-01-01
49_GARIGILL_1424,49,GARIGILL,1424,Bulleit Bourbon,375mL,11,12.99,2024-01-01
73_DONCASTER_21233,73,DONCASTER,21233,Cavicchioli Prosecco,750mL,31,10.99,2024-01-01
69_MOUNTMEND_24703,69,MOUNTMEND,24703,Kenwood J London Cab Svgn,750mL,8,25.99,2024-01-01
48_NORFOLK_35464,48,NORFOLK,35464,Stags Leap WC Artemis Cab,750mL,2,42.95,2024-01-01
60_IRRAGIN_8036,60,IRRAGIN,8036,Livingston Chablis Cal,3L,11,11.99,2024-01-01
59_CLAETHORPES_2960,59,CLAETHORPES,2960,The Macallan Fine Oak 15 Yr,750mL,12,94.99,2024-01-01
53_HILLFAR_6552,53,HILLFAR,6552,Harveys Bristol Cream Sherry,1.5L,3,22.99,2024-01-01
49_GARIGILL_36161,49,GARIGILL,36161,Ch Ste Michelle Pnt Gris Was,750mL,12,8.99,2024-01-01
76_DONCASTER_41532,76,DONCASTER,41532,Yellow Tail Shiraz/Grenache,1.5L,7,9.55,2024-01-01
64_CESTERFIELD_24094,64,CESTERFIELD,24094,Gallo Copperidge Cab Svgn,1.5L,29,6.99,2024-01-01
48_NORFOLK_4513,48,NORFOLK,4513,Chauffe-Coeur Calvados VSOP,750mL,8,44.99,2024-01-01
52_GRAYCOTT_2517,52,GRAYCOTT,2517,Balvenie 14 Yr Caribean Cask,750mL,3,71.99,2024-01-01
59_CLAETHORPES_2957,59,CLAETHORPES,2957,Glenfarclas 12-Yr Scotch,750mL,9,35.99,2024-01-01
43_WOLFORD_39146,43,WOLFORD,39146,Matua Svgn Bl Marlboro,750mL,11,10.99,2024-01-01
54_GUTHRAM_21232,54,GUTHRAM,21232,Barefoot Bubbly Prosecco,750mL,8,9.99,2024-01-01
69_MOUNTMEND_2484,69,MOUNTMEND,2484,Tatoosh Bourbon,750mL,18,50.99,2024-01-01
66_EANVERNESS_3591,66,EANVERNESS,3591,Absolut Vanilia,750mL,39,17.99,2024-01-01
44_PORTHCRAWL_26181,44,PORTHCRAWL,26181,Jaume Serra Cristalino Brut,750mL,55,6.99,2024-01-01
49_GARIGILL_11441,49,GARIGILL,11441,Frei Bros Rsv Znfdl,750mL,5,16.99,2024-01-01
55_DRY GULCH_45605,55,DRY GULCH,45605,Bex Rsl Mosel,750mL,15,8.99,2024-01-01
67_EANVERNESS_24299,67,EANVERNESS,24299,Rosemount Diamond Merlot,750mL,26,8.99,2024-01-01
67_EANVERNESS_18013,67,EANVERNESS,18013,Cecchi Sangiovese,750mL,158,7.99,2024-01-01
69_MOUNTMEND_19699,69,MOUNTMEND,19699,Seratina Primitivo,750mL,10,9.99,2024-01-01
41_LARNWICK_28138,41,LARNWICK,28138,Columbia Crest Grand Chard,750mL,62,9.99,2024-01-01
62_KILMARNOCK_1835,62,KILMARNOCK,1835,Knappogue Castle Irish Whsky,750mL,15,31.99,2024-01-01
45_VERITAS_7159,45,VERITAS,7159,Ruffino Chianti,750mL,11,6.99,2024-01-01
72_HARDERSFIELD_19662,72,HARDERSFIELD,19662,Santa Rita 120 Svgn Bl,750mL,9,5.99,2024-01-01
61_AETHELNEY_33348,61,AETHELNEY,33348,Greg Norman Limestone Shiraz,750mL,42,10.99,2024-01-01
73_DONCASTER_1520,73,DONCASTER,1520,Pinnacle Vodka Cane 4/50mls,50mL 4 Pk,2,3.99,2024-01-01
56_BEGGAR'S HOLE_4291,56,BEGGAR'S HOLE,4291,Ronrico Gold,1.75L,15,12.99,2024-01-01
63_SWORDBREAK_4550,63,SWORDBREAK,4550,E & J XO Brandy,750mL,5,12.99,2024-01-01
60_IRRAGIN_22901,60,IRRAGIN,22901,Hermann J Wiemer Dry Rsl,750mL,12,17.99,2024-01-01
57_LANTEGLOS_34904,57,LANTEGLOS,34904,Smoking Loon Chard,750mL,33,7.99,2024-01-01
54_GUTHRAM_3614,54,GUTHRAM,3614,Finlandia Vodka,1.75L,17,19.99,2024-01-01
68_SOLARIS_42874,68,SOLARIS,42874,Decoy by Duckhorn Red Sonoma,750mL,121,16.95,2024-01-01
60_IRRAGIN_24631,60,IRRAGIN,24631,Acumen Moutainside Red Napa,750mL,0,24.99,2024-01-01
74_PAENTMARWY_3397,74,PAENTMARWY,3397,Ciroc Red Berry Vodka,750mL,12,24.99,2024-01-01
72_HARDERSFIELD_19531,72,HARDERSFIELD,19531,Claude Riffault Les Boucauds,750mL,15,24.99,2024-01-01
76_DONCASTER_2734,76,DONCASTER,2734,Nikka Pure Malt whiskey,750mL,0,68.99,2024-01-01
64_CESTERFIELD_8609,64,CESTERFIELD,8609,Duboeuf Beaujolais Villages,750mL,26,9.99,2024-01-01
69_MOUNTMEND_8897,69,MOUNTMEND,8897,Moet & Chandon Brut Imprl Ro,750mL,46,49.99,2024-01-01
67_EANVERNESS_3357,67,EANVERNESS,3357,Smirnoff Sours Green Apple,50mL,0,0.99,2024-01-01
74_PAENTMARWY_1955,74,PAENTMARWY,1955,Jack Daniels Tennessee Honey,375mL,16,12.99,2024-01-01
73_DONCASTER_24572,73,DONCASTER,24572,Galerie Latro Cab S Knights,750mL,5,49.99,2024-01-01
62_KILMARNOCK_1725,62,KILMARNOCK,1725,Ole Smoky White Lightnin',750mL,3,18.99,2024-01-01
69_MOUNTMEND_23386,69,MOUNTMEND,23386,Dom Roux Bourgogne Pnt Nr,750mL,12,19.99,2024-01-01
73_DONCASTER_9140,73,DONCASTER,9140,Caffo Vecchio Amaro del Capo,750mL,15,21.99,2024-01-01
72_HARDERSFIELD_8021,72,HARDERSFIELD,8021,Glenfiddich Special Rsv 12,750mL,21,42.99,2024-01-01
44_PORTHCRAWL_8670,44,PORTHCRAWL,8670,Arrow Coffee Brandy,1.75L,13,10.99,2024-01-01
76_DONCASTER_42124,76,DONCASTER,42124,Pieropan Soave Clsc,750mL,17,19.99,2024-01-01
50_MOUNTMEND_6881,50,MOUNTMEND,6881,Midnight Moon Cranberry,750mL,31,19.99,2024-01-01
69_MOUNTMEND_24593,69,MOUNTMEND,24593,Bodegas La Cartuja Priorat,750mL,9,15.99,2024-01-01
58_HARTLEPOOL_6256,58,HARTLEPOOL,6256,Sutter Home Chard,1.5L,51,9.99,2024-01-01
46_TYWARDREATH_2675,46,TYWARDREATH,2675,Crown Royal XO,750mL,4,44.99,2024-01-01
67_EANVERNESS_15619,67,EANVERNESS,15619,Beringer Classic Red Moscato,750mL,170,5.99,2024-01-01
60_IRRAGIN_8689,60,IRRAGIN,8689,Paul Masson Rose,3L,9,9.99,2024-01-01
66_EANVERNESS_5292,66,EANVERNESS,5292,Rumpleminze,750mL,18,17.99,2024-01-01
65_LUTON_5075,65,LUTON,5075,Tuaca Italian Liqueur,750mL,4,21.99,2024-01-01
61_AETHELNEY_5629,61,AETHELNEY,5629,RumChata Liqueur,3/100mL,53,8.99,2024-01-01
67_EANVERNESS_1174,67,EANVERNESS,1174,Rebel Yell,1.75L,21,19.99,2024-01-01
45_VERITAS_31231,45,VERITAS,31231,Nobilo Svgn Bl MarlborougH,750mL,15,9.99,2024-01-01
69_MOUNTMEND_21032,69,MOUNTMEND,21032,Taylor Fladgate 10-Yr Tawny,750mL,29,22.99,2024-01-01
57_LANTEGLOS_5616,57,LANTEGLOS,5616,Emmets Irish Cream,1.75L,9,19.99,2024-01-01
42_BLACK HOLLOW_39062,42,BLACK HOLLOW,39062,Shelton Wild Thing Znfdl,750mL,10,17.99,2024-01-01
49_GARIGILL_2837,49,GARIGILL,2837,Girvan Patent Still #4 Apps,750mL,5,45.99,2024-01-01
76_DONCASTER_23452,76,DONCASTER,23452,Santa Rita Secret Rsv Red,750mL,19,8.99,2024-01-01
62_KILMARNOCK_6478,62,KILMARNOCK,6478,C Y Toro Frontera Merlot,1.5L,9,10.99,2024-01-01
50_MOUNTMEND_17910,50,MOUNTMEND,17910,Estancia Unoaked Chard,750mL,9,9.99,2024-01-01
54_GUTHRAM_23649,54,GUTHRAM,23649,Tom Gore Cabernet Svgn CA,750mL,11,12.99,2024-01-01
50_MOUNTMEND_19748,50,MOUNTMEND,19748,Clos du Bois Chard,1.5L,66,15.99,2024-01-01
76_DONCASTER_43872,76,DONCASTER,43872,Joseph Carr Cab Svgn Napa,750mL,88,19.99,2024-01-01
70_KELD_10298,70,KELD,10298,Alamos Torrontes,750mL,8,9.99,2024-01-01
69_MOUNTMEND_16918,69,MOUNTMEND,16918,Villa Pozzi Moscato,750mL,12,8.99,2024-01-01
55_DRY GULCH_33143,55,DRY GULCH,33143,Our Daily Red,750mL,13,8.99,2024-01-01
53_HILLFAR_21469,53,HILLFAR,21469,St Supery Cab Svgn,750mL,13,29.99,2024-01-01
56_BEGGAR'S HOLE_482,56,BEGGAR'S HOLE,482,Absolut 80 Proof,Liter,67,19.99,2024-01-01
56_BEGGAR'S HOLE_2443,56,BEGGAR'S HOLE,2443,Seagrams VO,1.75L,34,20.99,2024-01-01
67_EANVERNESS_24725,67,EANVERNESS,24725,Nozzole Vineto Il Pareto,750mL,5,62.99,2024-01-01
46_TYWARDREATH_18893,46,TYWARDREATH,18893,19 Crimes Red,750mL,14,9.99,2024-01-01
55_DRY GULCH_6193,55,DRY GULCH,6193,Midnight Moon Moonshine,750mL,10,19.99,2024-01-01
68_SOLARIS_34429,68,SOLARIS,34429,Frei Bros RSV Mendcno Merlot,750mL,18,16.99,2024-01-01
66_EANVERNESS_435,66,EANVERNESS,435,Il Tramonto Limoncello,750mL,17,15.99,2024-01-01
63_SWORDBREAK_3939,63,SWORDBREAK,3939,Boggy Meadow Switchel Vodka,750mL,3,29.99,2024-01-01
74_PAENTMARWY_21382,74,PAENTMARWY,21382,Barkan Clsc Merlot,750mL,6,13.99,2024-01-01
73_DONCASTER_27835,73,DONCASTER,27835,Wild Horse CC Pnt Nr,750mL,115,15.99,2024-01-01
59_CLAETHORPES_3740,59,CLAETHORPES,3740,Kru Peach Mango Vodka,750mL,9,16.99,2024-01-01
64_CESTERFIELD_4054,64,CESTERFIELD,4054,Patron XO Cafe Liqueur,375mL,13,12.99,2024-01-01
71_CLARCTON_3452,71,CLARCTON,3452,Vanya Light Vodka,1.75L,14,6.99,2024-01-01
71_CLARCTON_1386,71,CLARCTON,1386,George Dickel No 8 Bourbon,750mL,13,19.99,2024-01-01
48_NORFOLK_40545,48,NORFOLK,40545,Whitehaven Svgn Bl Marlboro,750mL,3,14.99,2024-01-01
65_LUTON_3489,65,LUTON,3489,Tanqueray,1.75L,44,27.99,2024-01-01
66_EANVERNESS_18423,66,EANVERNESS,18423,F Coppola Diamond Red,750mL,7,14.99,2024-01-01
45_VERITAS_3344,45,VERITAS,3344,Bombay Sapphire Gin,750mL,17,19.99,2024-01-01
66_EANVERNESS_24593,66,EANVERNESS,24593,Bodegas La Cartuja Priorat,750mL,12,15.99,2024-01-01
74_PAENTMARWY_3881,74,PAENTMARWY,3881,Finlandia Mango Fusion,750mL,6,16.99,2024-01-01
59_CLAETHORPES_3138,59,CLAETHORPES,3138,Svedka 100 Vodka,750mL,9,11.99,2024-01-01
66_EANVERNESS_5587,66,EANVERNESS,5587,Jose Cuervo Golden Margarita,1.75L,43,19.99,2024-01-01
50_MOUNTMEND_8537,50,MOUNTMEND,8537,Dom Chandon Brut Cuvee,750mL,132,13.99,2024-01-01
70_KELD_2975,70,KELD,2975,Bird Dog Blackberry Whiskey,750mL,6,14.99,2024-01-01
55_DRY GULCH_15232,55,DRY GULCH,15232,Flowers Pnt Nr Sonoma Coast,750mL,23,49.99,2024-01-01
69_MOUNTMEND_4882,69,MOUNTMEND,4882,Arrow Coffee Brandy,750mL,14,6.49,2024-01-01
57_LANTEGLOS_9037,57,LANTEGLOS,9037,Prairie Organic Cucumber Vod,750mL,3,15.99,2024-01-01
61_AETHELNEY_10058,61,AETHELNEY,10058,F Coppola Dmd Ivry Cab Svgn,750mL,27,14.99,2024-01-01
68_SOLARIS_6226,68,SOLARIS,6226,Marcus James Chard,1.5L,11,7.99,2024-01-01
55_DRY GULCH_8444,55,DRY GULCH,8444,Tres Agaves Blanco Tequila,750mL,6,23.99,2024-01-01
66_EANVERNESS_23186,66,EANVERNESS,23186,Morgan Winery Double L  Rsl,750mL,28,22.99,2024-01-01
42_BLACK HOLLOW_16477,42,BLACK HOLLOW,16477,Cupcake Angel Food,750mL,15,7.49,2024-01-01
67_EANVERNESS_1000,67,EANVERNESS,1000,Goslings Dark'n Stormy VAP,750mL,0,14.99,2024-01-01
73_DONCASTER_3939,73,DONCASTER,3939,Boggy Meadow Switchel Vodka,750mL,17,29.99,2024-01-01
66_EANVERNESS_5394,66,EANVERNESS,5394,Goldschlager Cinnamon Schnap,375mL,31,10.99,2024-01-01
71_CLARCTON_1392,71,CLARCTON,1392,Red Stag Hardcore Cider,750mL,2,13.99,2024-01-01
66_EANVERNESS_21596,66,EANVERNESS,21596,Siduri Pnt Nr Sonoma Cst,750mL,85,21.99,2024-01-01
70_KELD_12343,70,KELD,12343,Bota Box Znfdl,3L,4,17.99,2024-01-01
51_ABERDEEN_4343,51,ABERDEEN,4343,Cruzan Blueberry Lemonade,750mL,20,9.99,2024-01-01
49_GARIGILL_2884,49,GARIGILL,2884,Comandon XO Cognac,750mL,9,129.99,2024-01-01
72_HARDERSFIELD_2373,72,HARDERSFIELD,2373,Jim Beam Maple,750mL,27,13.99,2024-01-01
61_AETHELNEY_3230,61,AETHELNEY,3230,Svedka Grapefruit Jalapeno,750mL,46,9.49,2024-01-01
60_IRRAGIN_388,60,IRRAGIN,388,Smirnoff 80 Proof,Liter,14,14.49,2024-01-01
47_PELLA'S WISH_202,47,PELLA'S WISH,202,Ketel One Citroen Vodka,Liter,5,28.99,2024-01-01
65_LUTON_32054,65,LUTON,32054,Greg Norman Lmstn Cab/Merlot,750mL,5,11.99,2024-01-01
72_HARDERSFIELD_7302,72,HARDERSFIELD,7302,Marques de Caceres Rioja Re,750mL,45,10.99,2024-01-01
54_GUTHRAM_2676,54,GUTHRAM,2676,Grand MacNish,1.75L,12,14.99,2024-01-01
47_PELLA'S WISH_3510,47,PELLA'S WISH,3510,Smirnoff Light Lemon Sorbet,750mL,23,12.99,2024-01-01
69_MOUNTMEND_26966,69,MOUNTMEND,26966,De Loach Cab Svgn Cal,750mL,28,9.99,2024-01-01
67_EANVERNESS_44716,67,EANVERNESS,44716,Drouhin Chorey Les Beaune,750mL,10,24.99,2024-01-01
63_SWORDBREAK_8691,63,SWORDBREAK,8691,Jose Cuervo Especial,750mL,24,14.99,2024-01-01
51_ABERDEEN_8674,51,ABERDEEN,8674,Riunite Moscato,1.5L,7,8.99,2024-01-01
53_HILLFAR_3606,53,HILLFAR,3606,Smirnoff Raspberry Vodka,50mL,210,0.99,2024-01-01
73_DONCASTER_23592,73,DONCASTER,23592,Daou Soul of a Lion Red,750mL,12,114.99,2024-01-01
56_BEGGAR'S HOLE_3668,56,BEGGAR'S HOLE,3668,Belvedere Polish Vodka,1.75L,20,42.99,2024-01-01
73_DONCASTER_7992,73,DONCASTER,7992,Patron Anejo Tequila,50mL,29,6.99,2024-01-01
74_PAENTMARWY_5897,74,PAENTMARWY,5897,99 Bananas,750mL,2,11.99,2024-01-01
61_AETHELNEY_2586,61,AETHELNEY,2586,Jameson Irish Whiskey,50mL,28,2.99,2024-01-01
58_HARTLEPOOL_4385,58,HARTLEPOOL,4385,Parrot Bay 90 Coconut Capt,1.75L,11,24.99,2024-01-01
66_EANVERNESS_12910,66,EANVERNESS,12910,Drouhin Gevrey-Chambertin 13,750mL,4,61.99,2024-01-01
73_DONCASTER_3747,73,DONCASTER,3747,Gordons Vodka Traveler,750mL,29,6.99,2024-01-01
56_BEGGAR'S HOLE_2607,56,BEGGAR'S HOLE,2607,Grand MacNish 12 Yr Old,750mL,14,21.99,2024-01-01
58_HARTLEPOOL_14129,58,HARTLEPOOL,14129,14 Hands Hot to Trot Red,750mL,33,8.95,2024-01-01
50_MOUNTMEND_1746,50,MOUNTMEND,1746,Tomatin 12 Yr Old Scotch,750mL,2,26.99,2024-01-01
68_SOLARIS_5537,68,SOLARIS,5537,DeKuyper Pomegranate,750mL,13,9.99,2024-01-01
58_HARTLEPOOL_2050,58,HARTLEPOOL,2050,Tomatin 18 Yr Single Malt,750mL,6,74.99,2024-01-01
47_PELLA'S WISH_2636,47,PELLA'S WISH,2636,Nikka Whisky Taketsuru 12 Yr,750mL,1,68.99,2024-01-01
68_SOLARIS_3999,68,SOLARIS,3999,Hornitos Anejo Tequila,750mL,9,21.99,2024-01-01
73_DONCASTER_10910,73,DONCASTER,10910,Marcarini Barolo Brunate,750mL,2,59.99,2024-01-01
57_LANTEGLOS_46447,57,LANTEGLOS,46447,Gascon Malbec Mendoza,750mL,13,10.99,2024-01-01
73_DONCASTER_20483,73,DONCASTER,20483,Joel Gott Pnt Nr,750mL,17,18.99,2024-01-01
69_MOUNTMEND_3150,69,MOUNTMEND,3150,Svedka Mango Pineapple Vodka,750mL,52,10.99,2024-01-01
46_TYWARDREATH_8623,46,TYWARDREATH,8623,Casamigos Anejo Tequila,50mL,48,2.99,2024-01-01
59_CLAETHORPES_24325,59,CLAETHORPES,24325,La Crema Chard Sonoma Cst,750mL,48,15.99,2024-01-01
76_DONCASTER_6432,76,DONCASTER,6432,Shady Fruit Real Ruby Red Gr,50mL,110,0.99,2024-01-01
67_EANVERNESS_8050,67,EANVERNESS,8050,Absolut Mandrin,750mL,23,17.99,2024-01-01
67_EANVERNESS_18368,67,EANVERNESS,18368,Sequin Delicately Pnt Grigio,750mL,16,7.99,2024-01-01
54_GUTHRAM_1395,54,GUTHRAM,1395,Old Crow,750mL,16,7.99,2024-01-01
49_GARIGILL_15139,49,GARIGILL,15139,Massimo Malbec Mendoza,750mL,8,9.99,2024-01-01
49_GARIGILL_29118,49,GARIGILL,29118,Santa Rita RSV Merlot,750mL,20,9.99,2024-01-01
45_VERITAS_3706,45,VERITAS,3706,Pinnacle Citrus Vodka,1.75L,20,16.99,2024-01-01
64_CESTERFIELD_27567,64,CESTERFIELD,27567,Zenato Pinot Grigio Veneto,750mL,9,10.99,2024-01-01
70_KELD_8515,70,KELD,8515,Baileys Chocolate Cherry,750mL,9,18.99,2024-01-01
69_MOUNTMEND_17756,69,MOUNTMEND,17756,Cline Cool Climate Pnt Nr,750mL,11,14.99,2024-01-01
64_CESTERFIELD_40051,64,CESTERFIELD,40051,Concannon Select Vyds Pnt Nr,750mL,14,7.99,2024-01-01
77_TAMWORTH_2148,77,TAMWORTH,2148,Canadian Mist Traveler,750mL,13,7.99,2024-01-01
69_MOUNTMEND_15057,69,MOUNTMEND,15057,Cono Sur Organic Cab Svgn,750mL,35,11.99,2024-01-01
67_EANVERNESS_1692,67,EANVERNESS,1692,Everclear 151,750mL,20,18.49,2024-01-01
71_CLARCTON_8704,71,CLARCTON,8704,Beringer Chard Napa Vly,750mL,15,14.99,2024-01-01
67_EANVERNESS_19189,67,EANVERNESS,19189,Castello di Meleto Chianti,750mL,28,17.99,2024-01-01
60_IRRAGIN_12109,60,IRRAGIN,12109,La Crema Pnt Nr Monterey,750mL,9,18.99,2024-01-01
67_EANVERNESS_26392,67,EANVERNESS,26392,Pepperwood Grove Pnt Nr,750mL,86,7.99,2024-01-01
46_TYWARDREATH_5330,46,TYWARDREATH,5330,Kahlua White Russian RTD,1.75L,5,15.99,2024-01-01
66_EANVERNESS_3547,66,EANVERNESS,3547,Ketel One Vodka,50mL,106,2.79,2024-01-01
73_DONCASTER_3877,73,DONCASTER,3877,Smirnoff Green Apple Vodka,750mL,33,12.99,2024-01-01
73_DONCASTER_15058,73,DONCASTER,15058,Cono Sur Organic Svgn Bl,750mL,34,11.99,2024-01-01
55_DRY GULCH_35123,55,DRY GULCH,35123,Terrabianca Campaccia,750mL,16,31.99,2024-01-01
47_PELLA'S WISH_31204,47,PELLA'S WISH,31204,Beringer Fndrs Est Svgn Bl,750mL,14,8.99,2024-01-01
64_CESTERFIELD_28214,64,CESTERFIELD,28214,Lagaria Venezie Pnt Grigio,750mL,5,11.99,2024-01-01
52_GRAYCOTT_5268,52,GRAYCOTT,5268,Mr Boston Rock & Rye,750mL,10,8.99,2024-01-01
64_CESTERFIELD_2792,64,CESTERFIELD,2792,Jim Beam Apple,50mL,46,0.99,2024-01-01
55_DRY GULCH_32367,55,DRY GULCH,32367,Cavit Pinot Noir Delle Vene,750mL,22,8.99,2024-01-01
54_GUTHRAM_21951,54,GUTHRAM,21951,Ruffino Aziano Chianti Clsc,750mL,11,12.99,2024-01-01
72_HARDERSFIELD_5653,72,HARDERSFIELD,5653,Kahlua Cinnamon Spice,750mL,10,19.99,2024-01-01
76_DONCASTER_25353,76,DONCASTER,25353,Calmel & Joseph CdRoussillon,750mL,24,13.99,2024-01-01
67_EANVERNESS_7718,67,EANVERNESS,7718,Andre Pink,750mL,7,5.49,2024-01-01
61_AETHELNEY_8673,61,AETHELNEY,8673,Skinnygirl Margarita,750mL,13,10.99,2024-01-01
73_DONCASTER_5299,73,DONCASTER,5299,Southern Comfort,1.75L,180,19.99,2024-01-01
68_SOLARIS_5457,68,SOLARIS,5457,After Shock Hot & Cool Cinmn,50mL,113,1.99,2024-01-01
72_HARDERSFIELD_5626,72,HARDERSFIELD,5626,Baja Luna Black Raspberry,750mL,10,9.99,2024-01-01
71_CLARCTON_21864,71,CLARCTON,21864,Dom Carneros Brut,750mL,4,22.99,2024-01-01
50_MOUNTMEND_1296,50,MOUNTMEND,1296,Tap 357 Maple Rye Whisky,750mL,4,26.99,2024-01-01
49_GARIGILL_14240,49,GARIGILL,14240,Ninety+Cellars Lot 2 Svgn Bl,750mL,11,10.99,2024-01-01
56_BEGGAR'S HOLE_23075,56,BEGGAR'S HOLE,23075,Madrigal Petite Sirah,750mL,30,16.99,2024-01-01
73_DONCASTER_23325,73,DONCASTER,23325,Ch Bellevue-Mondotte 11 Emil,750mL,12,209.99,2024-01-01
47_PELLA'S WISH_2029,47,PELLA'S WISH,2029,Springbank 10 Yr Scotch,750mL,6,73.99,2024-01-01
60_IRRAGIN_6755,60,IRRAGIN,6755,Peter Vella Chablis B/B,5L,10,14.99,2024-01-01
69_MOUNTMEND_8655,69,MOUNTMEND,8655,Plomari Ouzo,750mL,11,16.99,2024-01-01
50_MOUNTMEND_32650,50,MOUNTMEND,32650,Beringer Fndrs Est Pnt Nr,750mL,10,8.99,2024-01-01
63_SWORDBREAK_29621,63,SWORDBREAK,29621,Schmitt Sohne Spatlese,750mL,12,13.99,2024-01-01
53_HILLFAR_2522,53,HILLFAR,2522,The Macallan 10 Yr Fine Oak,750mL,17,52.99,2024-01-01
48_NORFOLK_3762,48,NORFOLK,3762,Patron Silver Tequila,50mL,43,5.99,2024-01-01
67_EANVERNESS_2810,67,EANVERNESS,2810,Bib & Tucker Bourbon,750mL,25,55.99,2024-01-01
56_BEGGAR'S HOLE_8496,56,BEGGAR'S HOLE,8496,Jadot Chardonnay,750mL,14,14.99,2024-01-01
73_DONCASTER_120,73,DONCASTER,120,Tarantula Azul Tequila Gift,750mL,7,13.99,2024-01-01
74_PAENTMARWY_2979,74,PAENTMARWY,2979,Bowmore 12-Yr Scotch,750mL,3,44.99,2024-01-01
74_PAENTMARWY_19199,74,PAENTMARWY,19199,La Crema Pnt Gris Monterey,750mL,17,16.99,2024-01-01
47_PELLA'S WISH_8929,47,PELLA'S WISH,8929,Sebastiani Chard Sonoma,750mL,4,12.99,2024-01-01
72_HARDERSFIELD_8730,72,HARDERSFIELD,8730,Ruffino Orvieto Clsc,750mL,14,7.99,2024-01-01
51_ABERDEEN_2373,51,ABERDEEN,2373,Jim Beam Maple,750mL,18,13.99,2024-01-01
48_NORFOLK_1955,48,NORFOLK,1955,Jack Daniels Tennessee Honey,375mL,30,12.99,2024-01-01
59_CLAETHORPES_32084,59,CLAETHORPES,32084,Heidsieck Brut Monopole Epe,750mL,0,27.99,2024-01-01
67_EANVERNESS_2751,67,EANVERNESS,2751,Johnnie Walker Black Label,375mL,25,19.99,2024-01-01
73_DONCASTER_1556,73,DONCASTER,1556,Kahlua w/50mL Absolut+Glass,750mL,22,18.99,2024-01-01
61_AETHELNEY_2973,61,AETHELNEY,2973,Eagle Rare Single Barrel Bo,750mL,18,26.99,2024-01-01
54_GUTHRAM_46568,54,GUTHRAM,46568,R M Woodbridge Cab/Merlot,1.5L,10,8.99,2024-01-01
47_PELLA'S WISH_4412,47,PELLA'S WISH,4412,Pusser's British Navy Rum,750mL,3,17.99,2024-01-01
61_AETHELNEY_24020,61,AETHELNEY,24020,Rosenblum Vntr Cve XXX Znfdl,750mL,15,10.99,2024-01-01
47_PELLA'S WISH_2723,47,PELLA'S WISH,2723,J & B Rare,1.75L,22,29.99,2024-01-01
57_LANTEGLOS_3679,57,LANTEGLOS,3679,Chopin Vodka,750mL,14,21.99,2024-01-01
47_PELLA'S WISH_4701,47,PELLA'S WISH,4701,Fabrizia Limoncello,750mL,7,16.99,2024-01-01
69_MOUNTMEND_2465,69,MOUNTMEND,2465,Crown Royal Mini,50mL,45,2.99,2024-01-01
69_MOUNTMEND_12507,69,MOUNTMEND,12507,Piazzo Barbaresco,750mL,1,26.99,2024-01-01
47_PELLA'S WISH_6879,47,PELLA'S WISH,6879,Maurice's Mentholated Mint,50mL,113,0.99,2024-01-01
73_DONCASTER_37152,73,DONCASTER,37152,Montes Alpha Apalta Cab Svgn,750mL,16,20.99,2024-01-01
55_DRY GULCH_547,55,DRY GULCH,547,DeKuyper Buttershots,Liter,9,12.99,2024-01-01
77_TAMWORTH_2270,77,TAMWORTH,2270,Laphroaig Triple Wood,750mL,3,74.99,2024-01-01
74_PAENTMARWY_1060,74,PAENTMARWY,1060,Jack Daniels Bruins Glass Pk,Liter,0,27.99,2024-01-01
75_BARNCOMBE_162,75,BARNCOMBE,162,Stolichnaya Vanil,Liter,13,22.99,2024-01-01
49_GARIGILL_2517,49,GARIGILL,2517,Balvenie 14 Yr Caribean Cask,750mL,13,71.99,2024-01-01
69_MOUNTMEND_6343,69,MOUNTMEND,6343,Vendange Merlot,750mL,12,4.99,2024-01-01
74_PAENTMARWY_1394,74,PAENTMARWY,1394,Makers Mark,375mL,9,16.49,2024-01-01
58_HARTLEPOOL_8441,58,HARTLEPOOL,8441,Baileys Irish Cream,375mL,5,12.49,2024-01-01
60_IRRAGIN_37048,60,IRRAGIN,37048,Ch Montelena Chard Napa,750mL,8,44.99,2024-01-01
50_MOUNTMEND_13795,50,MOUNTMEND,13795,Yellow Tail Tree Free Chard,1.5L,12,9.99,2024-01-01
60_IRRAGIN_17814,60,IRRAGIN,17814,Ruffino Chianti Clsc Rsv Gld,750mL,13,34.99,2024-01-01
76_DONCASTER_12586,76,DONCASTER,12586,C Y Toro Frontera Malbec,1.5L,11,10.99,2024-01-01
51_ABERDEEN_29169,51,ABERDEEN,29169,Franzia Tap Merlot,5L,9,17.99,2024-01-01
46_TYWARDREATH_7878,46,TYWARDREATH,7878,Allens Coffee Brandy,1.75L,11,15.99,2024-01-01
67_EANVERNESS_22542,67,EANVERNESS,22542,Jadot Volnay Santenots 12,750mL,5,42.99,2024-01-01
66_EANVERNESS_32805,66,EANVERNESS,32805,Truchard Carneros Pnt Nr,750mL,18,26.99,2024-01-01
71_CLARCTON_4270,71,CLARCTON,4270,Brugal Anejo Rum,750mL,8,16.99,2024-01-01
50_MOUNTMEND_23355,50,MOUNTMEND,23355,Paul Dolan 12 Cab Svgn,750mL,41,14.99,2024-01-01
59_CLAETHORPES_3183,59,CLAETHORPES,3183,Jose Cuervo Tradicional Slvr,750mL,4,19.99,2024-01-01
47_PELLA'S WISH_5805,47,PELLA'S WISH,5805,Jose Cuervo Light Margaritas,1.75L,6,15.99,2024-01-01
55_DRY GULCH_19635,55,DRY GULCH,19635,Ch St Jean Pnt Nr Sonoma Cst,750mL,20,21.99,2024-01-01
69_MOUNTMEND_24648,69,MOUNTMEND,24648,Mumm Napa Bl de Blanc,750mL,20,14.99,2024-01-01
64_CESTERFIELD_9037,64,CESTERFIELD,9037,Prairie Organic Cucumber Vod,750mL,10,15.99,2024-01-01
66_EANVERNESS_38950,66,EANVERNESS,38950,Corvo Sicily Nero D'Avola,750mL,20,9.99,2024-01-01
76_DONCASTER_18368,76,DONCASTER,18368,Sequin Delicately Pnt Grigio,750mL,18,7.99,2024-01-01
73_DONCASTER_20557,73,DONCASTER,20557,The Other Red,750mL,23,11.99,2024-01-01
42_BLACK HOLLOW_16127,42,BLACK HOLLOW,16127,Lindemans Bin 90 Moscato,1.5L,15,11.99,2024-01-01
42_BLACK HOLLOW_39689,42,BLACK HOLLOW,39689,Hahn Meritage Central Coast,750mL,7,16.49,2024-01-01
69_MOUNTMEND_19486,69,MOUNTMEND,19486,Franciscan Equilibrium White,750mL,1,17.99,2024-01-01
75_BARNCOMBE_4483,75,BARNCOMBE,4483,Casamigos Reposado,50mL,49,2.49,2024-01-01
55_DRY GULCH_23511,55,DRY GULCH,23511,Plantaze Cab Montenegro,750mL,8,10.99,2024-01-01
55_DRY GULCH_5833,55,DRY GULCH,5833,Patron Roca Silver Tequila,750mL,10,69.99,2024-01-01
51_ABERDEEN_4502,51,ABERDEEN,4502,E & J XO Brandy,1.75L,3,21.99,2024-01-01
48_NORFOLK_6855,48,NORFOLK,6855,Midnight Moon Apple Pie,750mL,15,19.99,2024-01-01
73_DONCASTER_24606,73,DONCASTER,24606,Fortant Cab Svgn,750mL,96,11.99,2024-01-01
43_WOLFORD_3999,43,WOLFORD,3999,Hornitos Anejo Tequila,750mL,6,21.99,2024-01-01
49_GARIGILL_19000,49,GARIGILL,19000,L'Ardi Dolcetto D'Acqui,750mL,13,12.99,2024-01-01
59_CLAETHORPES_3472,59,CLAETHORPES,3472,Cazadores Blanco Tequila,750mL,6,14.99,2024-01-01
74_PAENTMARWY_8111,74,PAENTMARWY,8111,Smirnoff 80 Proof,50mL,271,0.99,2024-01-01
63_SWORDBREAK_7969,63,SWORDBREAK,7969,Sandeman Founders RSV Port,750mL,7,14.99,2024-01-01
42_BLACK HOLLOW_6451,42,BLACK HOLLOW,6451,Columbia Crest G E Cab Svgn,750mL,35,9.99,2024-01-01
60_IRRAGIN_5356,60,IRRAGIN,5356,Kahlua,375mL,12,9.99,2024-01-01
69_MOUNTMEND_24311,69,MOUNTMEND,24311,Ch Calon 12 Segur St-Estphe,750mL,12,87.99,2024-01-01
69_MOUNTMEND_4696,69,MOUNTMEND,4696,Blue Chair Bay Banana Rum,750mL,18,16.99,2024-01-01
55_DRY GULCH_32074,55,DRY GULCH,32074,Warre's Kings Tawny Porto,750mL,17,12.99,2024-01-01
71_CLARCTON_11915,71,CLARCTON,11915,Sequoia Grove Cab Svgn,750mL,14,29.99,2024-01-01
60_IRRAGIN_3893,60,IRRAGIN,3893,Zhenka 80 Proof,1.75L,102,9.99,2024-01-01
76_DONCASTER_16758,76,DONCASTER,16758,Dolin Sweet Red Vermouth,750mL,19,13.99,2024-01-01
57_LANTEGLOS_41713,57,LANTEGLOS,41713,Fish Eye Merlot,750mL,22,5.99,2024-01-01
70_KELD_22027,70,KELD,22027,Jacobs Crk Cab Svgn,750mL,15,7.99,2024-01-01
42_BLACK HOLLOW_2508,42,BLACK HOLLOW,2508,Crown Royal No Harvest Rye,50mL,19,1.99,2024-01-01
73_DONCASTER_16843,73,DONCASTER,16843,Barefoot Cellars Red Moscato,750mL,10,4.99,2024-01-01
75_BARNCOMBE_3389,75,BARNCOMBE,3389,Seagrams Extra Dry Gin,1.75L,13,16.99,2024-01-01
42_BLACK HOLLOW_2898,42,BLACK HOLLOW,2898,Scoresby Rare,750mL,10,7.99,2024-01-01
54_GUTHRAM_8609,54,GUTHRAM,8609,Duboeuf Beaujolais Villages,750mL,18,9.99,2024-01-01
52_GRAYCOTT_2412,52,GRAYCOTT,2412,JP Wiser's Rye,750mL,10,19.99,2024-01-01
67_EANVERNESS_23959,67,EANVERNESS,23959,Thorn Napa Valley Merlot,750mL,8,38.99,2024-01-01
50_MOUNTMEND_4628,50,MOUNTMEND,4628,Martell Cordon Bleu,750mL,0,99.99,2024-01-01
77_TAMWORTH_1848,77,TAMWORTH,1848,Oban Little Bay Single Malt,750mL,7,62.99,2024-01-01
45_VERITAS_7279,45,VERITAS,7279,Yago Sant'Gria Red,1.5L,8,6.99,2024-01-01
69_MOUNTMEND_2041,69,MOUNTMEND,2041,Redbreast 15 Yr Old Irish,750mL,9,89.99,2024-01-01
67_EANVERNESS_23230,67,EANVERNESS,23230,High Valley Svgn Bl 13 Lake,750mL,0,13.99,2024-01-01
59_CLAETHORPES_25994,59,CLAETHORPES,25994,Rodney Strong Merlot Sonoma,750mL,4,16.99,2024-01-01
60_IRRAGIN_46489,60,IRRAGIN,46489,Eppa Red Sangria Organic,750mL,8,12.99,2024-01-01
51_ABERDEEN_14006,51,ABERDEEN,14006,Apothic Winemakers Red Blend,750mL,25,9.99,2024-01-01
49_GARIGILL_36100,49,GARIGILL,36100,Carpineto Vino Nobile RSV d,750mL,6,29.99,2024-01-01
73_DONCASTER_2580,73,DONCASTER,2580,Barr Hill Gin,750mL,20,36.99,2024-01-01
76_DONCASTER_12368,76,DONCASTER,12368,Vina Zaco Tempranillo Rioja,750mL,24,11.99,2024-01-01
44_PORTHCRAWL_8526,44,PORTHCRAWL,8526,Chambord Royale de France,750mL,21,27.99,2024-01-01
76_DONCASTER_31494,76,DONCASTER,31494,Barefoot Merlot Cal,1.5L,24,10.99,2024-01-01
60_IRRAGIN_5680,60,IRRAGIN,5680,Barenjager Honey Liqueur,50mL,50,1.99,2024-01-01
56_BEGGAR'S HOLE_12586,56,BEGGAR'S HOLE,12586,C Y Toro Frontera Malbec,1.5L,11,10.99,2024-01-01
63_SWORDBREAK_10957,63,SWORDBREAK,10957,Seaglass Svgn Bl Snt Barbara,750mL,27,8.99,2024-01-01
64_CESTERFIELD_10874,64,CESTERFIELD,10874,Cantine Maschio Prosecco Brt,750mL,10,10.99,2024-01-01
59_CLAETHORPES_2956,59,CLAETHORPES,2956,Vat 69 Gold,1.75L,6,14.99,2024-01-01
70_KELD_4157,70,KELD,4157,Smirnoff Green Apple Vodka,50mL,37,0.99,2024-01-01
59_CLAETHORPES_8473,59,CLAETHORPES,8473,1800 Silver Tequila,1.75L,12,41.99,2024-01-01
44_PORTHCRAWL_889,44,PORTHCRAWL,889,DeKuyper Sour Apple Pucker,Liter,2,12.99,2024-01-01
61_AETHELNEY_1556,61,AETHELNEY,1556,Kahlua w/50mL Absolut+Glass,750mL,1,18.99,2024-01-01
64_CESTERFIELD_39358,64,CESTERFIELD,39358,Bota Box Shiraz Cal,3L,4,17.99,2024-01-01
66_EANVERNESS_6946,66,EANVERNESS,6946,Rosemount Diamond Cab Svgn,750mL,26,8.99,2024-01-01
71_CLARCTON_25934,71,CLARCTON,25934,Gabbiano Chianti,750mL,7,7.99,2024-01-01
59_CLAETHORPES_44911,59,CLAETHORPES,44911,Spy Valley Svgn Bl Marlboro,750mL,11,17.99,2024-01-01
70_KELD_26462,70,KELD,26462,Ravenswood Znfdl Sonoma,750mL,7,16.99,2024-01-01
76_DONCASTER_3436,76,DONCASTER,3436,Bombay Dry Gin,1.75L,45,24.99,2024-01-01
72_HARDERSFIELD_4196,72,HARDERSFIELD,4196,Bacardi Dragon Berry Rum,750mL,10,9.99,2024-01-01
73_DONCASTER_8155,73,DONCASTER,8155,Black Velvet Plastic,375mL,33,4.99,2024-01-01
66_EANVERNESS_8822,66,EANVERNESS,8822,Absolut 80 Proof,50mL,140,1.99,2024-01-01
46_TYWARDREATH_3834,46,TYWARDREATH,3834,Skyy Vodka,750mL,11,15.99,2024-01-01
76_DONCASTER_45752,76,DONCASTER,45752,Root 1 Svgn Bl,750mL,14,10.99,2024-01-01
64_CESTERFIELD_2946,64,CESTERFIELD,2946,Highland Park 15 Yr Old,750mL,4,79.99,2024-01-01
69_MOUNTMEND_3919,69,MOUNTMEND,3919,Hornitos Reposado Tequila,375mL,28,12.99,2024-01-01
71_CLARCTON_38131,71,CLARCTON,38131,Principato Pnt Gr Sicilia,1.5L,12,11.99,2024-01-01
50_MOUNTMEND_36570,50,MOUNTMEND,36570,Flora Springs Trilogy Cal,750mL,9,64.99,2024-01-01
66_EANVERNESS_8102,66,EANVERNESS,8102,Absolut Mandrin,1.75L,100,24.99,2024-01-01
45_VERITAS_5169,45,VERITAS,5169,Kahlua Hazelnut,750mL,15,18.99,2024-01-01
71_CLARCTON_3989,71,CLARCTON,3989,Deep Eddy Lemon Vodka,750mL,16,18.99,2024-01-01
46_TYWARDREATH_27817,46,TYWARDREATH,27817,Clos Pegase Carneros Chard,750mL,18,15.99,2024-01-01
69_MOUNTMEND_45298,69,MOUNTMEND,45298,Hall Cab Svgn Napa,750mL,39,49.99,2024-01-01
74_PAENTMARWY_3802,74,PAENTMARWY,3802,Three Olives Vodka,1.75L,135,18.99,2024-01-01
65_LUTON_3701,65,LUTON,3701,UV Sangria Vodka,50mL,16,0.99,2024-01-01
76_DONCASTER_23109,76,DONCASTER,23109,DeLille Cellars Chaleur Blnc,750mL,34,36.99,2024-01-01
63_SWORDBREAK_8275,63,SWORDBREAK,8275,El Mayor Anejo Tequila,750mL,3,32.99,2024-01-01
74_PAENTMARWY_6280,74,PAENTMARWY,6280,Penfolds Koonunga Hill Chard,750mL,16,11.99,2024-01-01
50_MOUNTMEND_2734,50,MOUNTMEND,2734,Nikka Pure Malt whiskey,750mL,0,68.99,2024-01-01
46_TYWARDREATH_5285,46,TYWARDREATH,5285,Jacquin Triple Sec,750mL,6,7.99,2024-01-01
76_DONCASTER_6990,76,DONCASTER,6990,Marie Brizard Chocolat Royal,750mL,15,17.99,2024-01-01
54_GUTHRAM_19845,54,GUTHRAM,19845,The Rule Cab Svgn Napa Vly,750mL,6,21.99,2024-01-01
46_TYWARDREATH_2122,46,TYWARDREATH,2122,Canadian Club 1858,750mL,11,10.99,2024-01-01
50_MOUNTMEND_42462,50,MOUNTMEND,42462,Gnarly Head Old Vine Znfdl,750mL,29,9.99,2024-01-01
52_GRAYCOTT_8092,52,GRAYCOTT,8092,Johnnie Walker Red Label,50mL,23,2.29,2024-01-01
44_PORTHCRAWL_13695,44,PORTHCRAWL,13695,Red Rock Winery Malbec,750mL,12,8.99,2024-01-01
49_GARIGILL_4959,49,GARIGILL,4959,Bacardi Tangerine,50mL,121,0.99,2024-01-01
64_CESTERFIELD_1468,64,CESTERFIELD,1468,Knob Creek Single Barrel Rsv,750mL,5,41.99,2024-01-01
53_HILLFAR_13665,53,HILLFAR,13665,Josh Cellars Chard,750mL,76,12.99,2024-01-01
42_BLACK HOLLOW_5168,42,BLACK HOLLOW,5168,Kahlua French Vanilla,750mL,19,18.99,2024-01-01
69_MOUNTMEND_35960,69,MOUNTMEND,35960,Stags Leap Winery Chard Napa,750mL,15,29.99,2024-01-01
56_BEGGAR'S HOLE_8500,56,BEGGAR'S HOLE,8500,Stolichnaya Chocolat Kokonut,750mL,24,8.79,2024-01-01
69_MOUNTMEND_515,69,MOUNTMEND,515,Hirsch Selection Bourbon,750mL,5,34.99,2024-01-01
50_MOUNTMEND_39256,50,MOUNTMEND,39256,Schmitt Sohne Relax Mosel,750mL,44,10.99,2024-01-01
67_EANVERNESS_3882,67,EANVERNESS,3882,Smirnoff Strawberry Vodka,750mL,47,12.99,2024-01-01
75_BARNCOMBE_6942,75,BARNCOMBE,6942,Southern Comfort Cherry,750mL,7,13.99,2024-01-01
48_NORFOLK_3138,48,NORFOLK,3138,Svedka 100 Vodka,750mL,4,11.99,2024-01-01
49_GARIGILL_14690,49,GARIGILL,14690,Bridlewood Pnt Nr Monterey C,750mL,0,13.99,2024-01-01
73_DONCASTER_22052,73,DONCASTER,22052,Lokoya Howell Mtn Cab Svgn,750mL,6,324.99,2024-01-01
54_GUTHRAM_5817,54,GUTHRAM,5817,GranGala Triple Orange,1.75L,18,29.99,2024-01-01
58_HARTLEPOOL_1639,58,HARTLEPOOL,1639,The Famous Grouse,750mL,11,19.99,2024-01-01
76_DONCASTER_24419,76,DONCASTER,24419,Bonterra Mendocino Org Chard,750mL,28,10.99,2024-01-01
55_DRY GULCH_21281,55,DRY GULCH,21281,Rodney Strong Rsv Alex Vy CS,750mL,25,48.99,2024-01-01
72_HARDERSFIELD_6319,72,HARDERSFIELD,6319,Santa Cristina Toscana,750mL,20,10.99,2024-01-01
69_MOUNTMEND_10470,69,MOUNTMEND,10470,Easton Amador Cnty Znfdl,750mL,15,18.99,2024-01-01
59_CLAETHORPES_33988,59,CLAETHORPES,33988,Cavit Chardonnay Trentino,1.5L,10,9.99,2024-01-01
72_HARDERSFIELD_5765,72,HARDERSFIELD,5765,Jose Cuervo Lime Margarita,1.75L,12,15.99,2024-01-01
62_KILMARNOCK_8097,62,KILMARNOCK,8097,Patron Citronge Orange,375mL,7,11.99,2024-01-01
75_BARNCOMBE_46816,75,BARNCOMBE,46816,Alexander Vly Vyds Gewurz,750mL,6,9.99,2024-01-01
65_LUTON_5056,65,LUTON,5056,Hiram Walker Pumpkin Spice,750mL,16,9.99,2024-01-01
62_KILMARNOCK_17296,62,KILMARNOCK,17296,Monte Velho Tinto Alentejo R,750mL,7,10.99,2024-01-01
48_NORFOLK_3758,48,NORFOLK,3758,Margaritaville Gold Tequila,1.75L,6,22.99,2024-01-01
76_DONCASTER_3929,76,DONCASTER,3929,Los Amantes Mezcal,750mL,4,42.99,2024-01-01
42_BLACK HOLLOW_23393,42,BLACK HOLLOW,23393,Havens Cab Svgn 11,750mL,5,17.99,2024-01-01
67_EANVERNESS_38950,67,EANVERNESS,38950,Corvo Sicily Nero D'Avola,750mL,31,9.99,2024-01-01
73_DONCASTER_21271,73,DONCASTER,21271,Kentia Albarino Rias Baixas,750mL,13,13.99,2024-01-01
42_BLACK HOLLOW_14991,42,BLACK HOLLOW,14991,Banshee Pnt Nr Sonoma Cnty,750mL,0,17.99,2024-01-01
58_HARTLEPOOL_12343,58,HARTLEPOOL,12343,Bota Box Znfdl,3L,4,17.99,2024-01-01
66_EANVERNESS_8897,66,EANVERNESS,8897,Moet & Chandon Brut Imprl Ro,750mL,39,49.99,2024-01-01
44_PORTHCRAWL_8978,44,PORTHCRAWL,8978,Riunite Lambrusco,3L,5,16.99,2024-01-01
67_EANVERNESS_543,67,EANVERNESS,543,Berkshire Mtn Ethereal Gin,750mL,15,29.99,2024-01-01
59_CLAETHORPES_3278,59,CLAETHORPES,3278,Gordons London Dry,750mL,16,7.99,2024-01-01
61_AETHELNEY_8059,61,AETHELNEY,8059,Corazon de Agave Anejo,750mL,6,29.99,2024-01-01
66_EANVERNESS_2543,66,EANVERNESS,2543,Darnley's View Gin,750mL,11,23.99,2024-01-01
57_LANTEGLOS_44494,57,LANTEGLOS,44494,Smoking Loon Pnt Grigio Cal,750mL,22,7.99,2024-01-01
70_KELD_27361,70,KELD,27361,Borsao Campo de Borja Red,750mL,11,10.99,2024-01-01
76_DONCASTER_1345,76,DONCASTER,1345,Basil Hayden Bourbon,750mL,51,37.99,2024-01-01
68_SOLARIS_21076,68,SOLARIS,21076,Natura Pnt Nr,750mL,14,11.99,2024-01-01
47_PELLA'S WISH_43124,47,PELLA'S WISH,43124,Gekkeikan Nigori Sake,300mL,5,5.99,2024-01-01
43_WOLFORD_8112,43,WOLFORD,8112,Stolichnaya,1.75L,42,24.99,2024-01-01
64_CESTERFIELD_2926,64,CESTERFIELD,2926,Teachers Highland Cream,1.75L,7,27.99,2024-01-01
73_DONCASTER_5197,73,DONCASTER,5197,Southern Comfort,375mL,21,7.99,2024-01-01
50_MOUNTMEND_4302,50,MOUNTMEND,4302,Flora de Cana Black 5 YO Rum,750mL,8,14.99,2024-01-01
60_IRRAGIN_5212,60,IRRAGIN,5212,Margaritaville Silver,1.75L,7,19.99,2024-01-01
73_DONCASTER_17906,73,DONCASTER,17906,Kim Crawford Chard Unoaked,750mL,22,15.99,2024-01-01
49_GARIGILL_4575,49,GARIGILL,4575,Brugal XV Rum,750mL,43,24.99,2024-01-01
58_HARTLEPOOL_8847,58,HARTLEPOOL,8847,J Roget Extra Dry,750mL,8,5.99,2024-01-01
42_BLACK HOLLOW_8823,42,BLACK HOLLOW,8823,Leroux Apricot Brandy,750mL,12,7.99,2024-01-01
64_CESTERFIELD_8242,64,CESTERFIELD,8242,Folonari Soave Dry White,1.5L,8,12.99,2024-01-01
75_BARNCOMBE_3352,75,BARNCOMBE,3352,Ciroc Coconut Vodka,750mL,32,24.99,2024-01-01
46_TYWARDREATH_31349,46,TYWARDREATH,31349,Big House Red Cal,750mL,10,7.99,2024-01-01
76_DONCASTER_2668,76,DONCASTER,2668,Dewars White Label,375mL,20,13.99,2024-01-01
55_DRY GULCH_12204,55,DRY GULCH,12204,Dragani Mntplcno d'Abruzzo,750mL,10,5.99,2024-01-01
67_EANVERNESS_13245,67,EANVERNESS,13245,Garden Creek Chard,750mL,5,54.99,2024-01-01
45_VERITAS_5242,45,VERITAS,5242,Cointreau Liqueur,750mL,16,29.99,2024-01-01
55_DRY GULCH_450,55,DRY GULCH,450,Vincent Van Gogh Double Esp,750mL,4,24.99,2024-01-01
58_HARTLEPOOL_1238,58,HARTLEPOOL,1238,The Glenlivet 12 Yr Single,50mL,9,4.99,2024-01-01
68_SOLARIS_46217,68,SOLARIS,46217,Cono Sur Chard Cntrl Vly,750mL,14,6.99,2024-01-01
42_BLACK HOLLOW_2756,42,BLACK HOLLOW,2756,Jameson Caskmates,750mL,16,29.99,2024-01-01
59_CLAETHORPES_29835,59,CLAETHORPES,29835,Casal Garcia Vinho Verde Wh,750mL,18,7.99,2024-01-01
65_LUTON_1060,65,LUTON,1060,Jack Daniels Bruins Glass Pk,Liter,14,27.99,2024-01-01
56_BEGGAR'S HOLE_1366,56,BEGGAR'S HOLE,1366,Red Stag by Jim Beam,50mL,73,1.29,2024-01-01
64_CESTERFIELD_20252,64,CESTERFIELD,20252,Round Pond Est Cab Rutherfrd,750mL,13,59.99,2024-01-01
50_MOUNTMEND_47090,50,MOUNTMEND,47090,Napa Cellars Cab Svgn Napa,750mL,15,23.99,2024-01-01
54_GUTHRAM_4779,54,GUTHRAM,4779,Molletto Grappa di Barbera,750mL,9,26.99,2024-01-01
74_PAENTMARWY_19453,74,PAENTMARWY,19453,Wente Southern Hill Cab Svgn,750mL,12,13.99,2024-01-01
52_GRAYCOTT_1886,52,GRAYCOTT,1886,Seagrams 7 Crown,750mL,27,10.99,2024-01-01
67_EANVERNESS_26787,67,EANVERNESS,26787,Moet & Chandon Imperial,187mL,9,10.99,2024-01-01
49_GARIGILL_16289,49,GARIGILL,16289,Barefoot Bubbly Pink Moscato,750mL,24,7.99,2024-01-01
76_DONCASTER_19549,76,DONCASTER,19549,Opici White Sangria,3L,7,14.99,2024-01-01
70_KELD_3300,70,KELD,3300,Smirnoff Sorbet Mango/Pasion,50mL,35,0.99,2024-01-01
66_EANVERNESS_14329,66,EANVERNESS,14329,Ty Ku Sake Junmai Ginjo,330mL,5,12.99,2024-01-01
63_SWORDBREAK_4818,63,SWORDBREAK,4818,Skyy Infusions Pacific Blueb,750mL,9,12.99,2024-01-01
66_EANVERNESS_24529,66,EANVERNESS,24529,Joseph Drouhin Mersault,750mL,2,55.99,2024-01-01
54_GUTHRAM_6937,54,GUTHRAM,6937,Cavit Pinot Grigio,1.5L,48,9.99,2024-01-01
53_HILLFAR_782,53,HILLFAR,782,Remy Martin 1738 Accord Ryl,750mL,15,44.99,2024-01-01
42_BLACK HOLLOW_2287,42,BLACK HOLLOW,2287,Johnnie Walker Double Black,750mL,5,39.99,2024-01-01
51_ABERDEEN_6855,51,ABERDEEN,6855,Midnight Moon Apple Pie,750mL,17,19.99,2024-01-01
67_EANVERNESS_24595,67,EANVERNESS,24595,Greg Norman Svgn Blanc Marlb,750mL,49,8.79,2024-01-01
63_SWORDBREAK_28888,63,SWORDBREAK,28888,Livingston Clrs Wh Znfdl Cal,3L,9,11.99,2024-01-01
65_LUTON_485,65,LUTON,485,Seagrams 7 Crown,Liter,6,12.99,2024-01-01
42_BLACK HOLLOW_43920,42,BLACK HOLLOW,43920,Farnum Hill Semi-Dry Cider,750mL,12,11.99,2024-01-01
48_NORFOLK_6647,48,NORFOLK,6647,Estancia Chard,750mL,83,8.99,2024-01-01
70_KELD_15393,70,KELD,15393,Cupcake Pnt Grigio,750mL,64,7.49,2024-01-01
68_SOLARIS_6231,68,SOLARIS,6231,Mumm Brut Prestige,750mL,34,14.99,2024-01-01
76_DONCASTER_3324,76,DONCASTER,3324,Milagro Silver Select Barrel,750mL,8,49.99,2024-01-01
65_LUTON_3921,65,LUTON,3921,Espolon Reposado Tequila,750mL,2,23.99,2024-01-01
48_NORFOLK_2607,48,NORFOLK,2607,Grand MacNish 12 Yr Old,750mL,14,21.99,2024-01-01
71_CLARCTON_4153,71,CLARCTON,4153,Jenkins Rum,1.75L,11,11.99,2024-01-01
68_SOLARIS_36543,68,SOLARIS,36543,MacMurray Ranch Pnt Nr RRV,750mL,0,19.99,2024-01-01
60_IRRAGIN_24907,60,IRRAGIN,24907,Bogle Old Vine Znfdl Cal,750mL,23,9.99,2024-01-01
76_DONCASTER_2607,76,DONCASTER,2607,Grand MacNish 12 Yr Old,750mL,16,21.99,2024-01-01
73_DONCASTER_7202,73,DONCASTER,7202,Cocktail Time Key Lime Rtd,750mL,16,11.99,2024-01-01
70_KELD_2767,70,KELD,2767,Johnnie Walker Blue Label,750mL,3,189.99,2024-01-01
61_AETHELNEY_28163,61,AETHELNEY,28163,Villa Maria Svgn Bl Pvt Bin,750mL,54,11.99,2024-01-01
76_DONCASTER_39717,76,DONCASTER,39717,Estancia Pnt Grigio Cal,750mL,23,9.99,2024-01-01
42_BLACK HOLLOW_2821,42,BLACK HOLLOW,2821,Auchentoshan American Oak,750mL,8,39.99,2024-01-01
67_EANVERNESS_13445,67,EANVERNESS,13445,Dom Pere Caboche Cote Rhone,750mL,17,12.99,2024-01-01
46_TYWARDREATH_5539,46,TYWARDREATH,5539,DeKuyper Hot Damn 100*,750mL,10,10.99,2024-01-01
52_GRAYCOTT_6224,52,GRAYCOTT,6224,La Belle Orange Liqueur,750mL,9,16.99,2024-01-01
59_CLAETHORPES_5457,59,CLAETHORPES,5457,After Shock Hot & Cool Cinmn,50mL,78,1.99,2024-01-01
48_NORFOLK_1380,48,NORFOLK,1380,Bulleit 95 Rye,1.75L,28,46.99,2024-01-01
55_DRY GULCH_31487,55,DRY GULCH,31487,Barefoot Bubbly Brut Cve,750mL,103,7.99,2024-01-01
53_HILLFAR_41965,53,HILLFAR,41965,F Coppola Sofia Rose,750mL,12,14.99,2024-01-01
53_HILLFAR_4751,53,HILLFAR,4751,Capt Morgan Cannon Blast,50mL,9,0.99,2024-01-01
72_HARDERSFIELD_32592,72,HARDERSFIELD,32592,Mionetto Frizzante Prosecco,750mL,13,16.99,2024-01-01
53_HILLFAR_8838,53,HILLFAR,8838,Ch Ste Michelle Cab Svgn Col,750mL,12,12.99,2024-01-01
44_PORTHCRAWL_376,44,PORTHCRAWL,376,Aperol Liqueur,750mL,7,28.99,2024-01-01
72_HARDERSFIELD_5750,72,HARDERSFIELD,5750,Malibu Rum Traveler,750mL,11,12.99,2024-01-01
47_PELLA'S WISH_5399,47,PELLA'S WISH,5399,Goldschlager Cinnamon Schna,50mL,7,1.99,2024-01-01
55_DRY GULCH_37435,55,DRY GULCH,37435,Duval-Leroy Champagne Brut,750mL,56,31.99,2024-01-01
50_MOUNTMEND_1639,50,MOUNTMEND,1639,The Famous Grouse,750mL,20,19.99,2024-01-01
64_CESTERFIELD_6226,64,CESTERFIELD,6226,Marcus James Chard,1.5L,13,7.99,2024-01-01
46_TYWARDREATH_8680,46,TYWARDREATH,8680,Crown Royal,1.75L,24,38.99,2024-01-01
62_KILMARNOCK_6157,62,KILMARNOCK,6157,Kinky Blue Liqueur,375mL,6,7.99,2024-01-01
72_HARDERSFIELD_3863,72,HARDERSFIELD,3863,Evan Williams Honey Reserve,1.75L,12,19.99,2024-01-01
62_KILMARNOCK_42874,62,KILMARNOCK,42874,Decoy by Duckhorn Red Sonoma,750mL,34,16.95,2024-01-01
45_VERITAS_381,45,VERITAS,381,Baileys Irish Cream w/4 Glss,750mL,0,18.99,2024-01-01
53_HILLFAR_6569,53,HILLFAR,6569,William Hill Est Chard Napa,750mL,13,19.99,2024-01-01
53_HILLFAR_6937,53,HILLFAR,6937,Cavit Pinot Grigio,1.5L,29,9.99,2024-01-01
67_EANVERNESS_3573,67,EANVERNESS,3573,Stoli Elite Vodka,1.75L,1,99.99,2024-01-01
69_MOUNTMEND_33717,69,MOUNTMEND,33717,Domaine Pallieres Gigondas R,750mL,21,46.99,2024-01-01
50_MOUNTMEND_3373,50,MOUNTMEND,3373,Svedka Citron Vodka,1.75L,10,18.99,2024-01-01
49_GARIGILL_42255,49,GARIGILL,42255,Ridge Three Valleys Sonoma,750mL,13,24.99,2024-01-01
53_HILLFAR_8905,53,HILLFAR,8905,Livingston Cellars Red Rose,3L,4,11.99,2024-01-01
49_GARIGILL_1987,49,GARIGILL,1987,White Mountain Moonshine,375mL,12,18.99,2024-01-01
68_SOLARIS_22297,68,SOLARIS,22297,Zorvino Vyds Pearz,750mL,24,9.99,2024-01-01
70_KELD_45848,70,KELD,45848,Kendall Jackson Summation Re,750mL,4,9.95,2024-01-01
52_GRAYCOTT_24020,52,GRAYCOTT,24020,Rosenblum Vntr Cve XXX Znfdl,750mL,12,10.99,2024-01-01
67_EANVERNESS_18962,67,EANVERNESS,18962,Clos du Bois Chard Calcaire,750mL,7,10.99,2024-01-01
60_IRRAGIN_34580,60,IRRAGIN,34580,Luce Della Vite Lucente Tosc,750mL,3,28.99,2024-01-01
64_CESTERFIELD_2183,64,CESTERFIELD,2183,McClelland Highland Single,750mL,2,18.99,2024-01-01
66_EANVERNESS_12479,66,EANVERNESS,12479,Geyser Peak Cab Svgn,750mL,26,11.99,2024-01-01
68_SOLARIS_2832,68,SOLARIS,2832,Bushmills 21 Year Old Irish,750mL,8,103.99,2024-01-01
73_DONCASTER_39334,73,DONCASTER,39334,Michael David Chard,750mL,17,15.99,2024-01-01
67_EANVERNESS_41751,67,EANVERNESS,41751,Clos du Bois Pnt Grigio Cal,750mL,61,8.99,2024-01-01
60_IRRAGIN_8497,60,IRRAGIN,8497,Kamora Coffee,750mL,8,9.99,2024-01-01
60_IRRAGIN_17909,60,IRRAGIN,17909,Ravenswood Pickberry Red,750mL,0,29.99,2024-01-01
66_EANVERNESS_5130,66,EANVERNESS,5130,X Rated Fusion Liqueur,750mL,15,17.99,2024-01-01
73_DONCASTER_3230,73,DONCASTER,3230,Svedka Grapefruit Jalapeno,750mL,16,9.49,2024-01-01
68_SOLARIS_25160,68,SOLARIS,25160,Cinq les Pattes Bordeaux Bla,750mL,6,11.99,2024-01-01
60_IRRAGIN_2841,60,IRRAGIN,2841,High West Double Rye Whiskey,750mL,0,34.99,2024-01-01
70_KELD_3656,70,KELD,3656,Stolichnaya Vanil,1.75L,14,24.99,2024-01-01
69_MOUNTMEND_3161,69,MOUNTMEND,3161,New Amsterdam Red Berry,750mL,85,8.99,2024-01-01
49_GARIGILL_5219,49,GARIGILL,5219,Sambuca Romana Black,750mL,28,19.99,2024-01-01
50_MOUNTMEND_24024,50,MOUNTMEND,24024,Fulchino Vyds Barbera Red,750mL,9,19.99,2024-01-01
49_GARIGILL_37840,49,GARIGILL,37840,Los Cardos Malbec Mendoza,750mL,14,7.99,2024-01-01
60_IRRAGIN_776,60,IRRAGIN,776,Jim Beam Black,Liter,19,22.99,2024-01-01
63_SWORDBREAK_1835,63,SWORDBREAK,1835,Knappogue Castle Irish Whsky,750mL,7,31.99,2024-01-01
56_BEGGAR'S HOLE_5153,56,BEGGAR'S HOLE,5153,Fireball Cinn Whisky Trav,750mL,9,15.99,2024-01-01
73_DONCASTER_8534,73,DONCASTER,8534,M & R Asti,375mL,29,5.99,2024-01-01
46_TYWARDREATH_3397,46,TYWARDREATH,3397,Ciroc Red Berry Vodka,750mL,3,24.99,2024-01-01
75_BARNCOMBE_8725,75,BARNCOMBE,8725,Chambord Royale de France,375mL,10,17.99,2024-01-01
55_DRY GULCH_892,55,DRY GULCH,892,Uncle Val's Botanical Gin,750mL,11,33.99,2024-01-01
42_BLACK HOLLOW_32649,42,BLACK HOLLOW,32649,Beringer Classic Wh Merlot,1.5L,10,9.99,2024-01-01
73_DONCASTER_14250,73,DONCASTER,14250,Ruta 22 Malbec,750mL,54,11.99,2024-01-01
55_DRY GULCH_19552,55,DRY GULCH,19552,Tenuta Alzatura Sagrantino,750mL,1,19.99,2024-01-01
55_DRY GULCH_45848,55,DRY GULCH,45848,Kendall Jackson Summation Re,750mL,83,9.95,2024-01-01
56_BEGGAR'S HOLE_1005,56,BEGGAR'S HOLE,1005,Maker's Mark Combo Pack,375mL 2 Pk,9,34.99,2024-01-01
53_HILLFAR_2432,53,HILLFAR,2432,Crown Royal,750mL,80,21.99,2024-01-01
75_BARNCOMBE_6267,75,BARNCOMBE,6267,Kinky Gold Liqueur,750mL,7,16.99,2024-01-01
46_TYWARDREATH_46458,46,TYWARDREATH,46458,Layer Cake Barosa Shiraz,750mL,16,11.95,2024-01-01
59_CLAETHORPES_46762,59,CLAETHORPES,46762,Clayhouse Cab Svgn Paso Rbls,750mL,19,11.99,2024-01-01
68_SOLARIS_823,68,SOLARIS,823,Johnnie Walker Red Label,Liter,5,27.99,2024-01-01
73_DONCASTER_4327,73,DONCASTER,4327,Capt Morgan Spiced Rum 100,750mL,35,19.99,2024-01-01
73_DONCASTER_3683,73,DONCASTER,3683,Stolichnaya Ohranj,750mL,31,16.99,2024-01-01
76_DONCASTER_4317,76,DONCASTER,4317,Pyrat XO Reserve Rum,750mL,17,32.99,2024-01-01
68_SOLARIS_1727,68,SOLARIS,1727,West Cork Irish Whiskey,750mL,2,21.99,2024-01-01
55_DRY GULCH_38946,55,DRY GULCH,38946,Bully Hill Sweet Walter Rd,750mL,22,8.99,2024-01-01
48_NORFOLK_29942,48,NORFOLK,29942,Livingston Merlot Cal,3L,7,12.99,2024-01-01
44_PORTHCRAWL_171,44,PORTHCRAWL,171,Gentleman Jack,1.75L,18,49.99,2024-01-01
76_DONCASTER_22298,76,DONCASTER,22298,Zorvino Vyds Sangiovese,750mL,4,12.49,2024-01-01
59_CLAETHORPES_8590,59,CLAETHORPES,8590,Arrow Peppermint Schnapps,750mL,15,7.99,2024-01-01
48_NORFOLK_12069,48,NORFOLK,12069,Gnarly Head Pnt Grigio,750mL,6,7.99,2024-01-01
69_MOUNTMEND_2250,69,MOUNTMEND,2250,Jack Daniels Family 4 Pk/50m,50mL 4 Pk,0,12.99,2024-01-01
56_BEGGAR'S HOLE_7127,56,BEGGAR'S HOLE,7127,Mezcal De Amor Amaras,750mL,7,45.99,2024-01-01
68_SOLARIS_8342,68,SOLARIS,8342,Korbel X Dry,750mL,34,11.99,2024-01-01
67_EANVERNESS_2586,67,EANVERNESS,2586,Jameson Irish Whiskey,50mL,112,2.99,2024-01-01
62_KILMARNOCK_28260,62,KILMARNOCK,28260,Nathanson Creek Chard,1.5L,10,7.99,2024-01-01
53_HILLFAR_8223,53,HILLFAR,8223,Dom Chandon Blanc de Noir C,750mL,30,13.99,2024-01-01
42_BLACK HOLLOW_28260,42,BLACK HOLLOW,28260,Nathanson Creek Chard,1.5L,9,7.99,2024-01-01
45_VERITAS_5536,45,VERITAS,5536,St Brendans Irish Cream,50mL,100,1.49,2024-01-01
42_BLACK HOLLOW_1364,42,BLACK HOLLOW,1364,Bols Pumpkin Spice,750mL,4,9.99,2024-01-01
67_EANVERNESS_7353,67,EANVERNESS,7353,1800 Ultimate Peach Margrita,1.75L,4,19.99,2024-01-01
71_CLARCTON_10062,71,CLARCTON,10062,Terroirs du Rhone,750mL,6,8.99,2024-01-01
74_PAENTMARWY_1228,74,PAENTMARWY,1228,Glenfiddich Ancient RSV 18,750mL,1,94.99,2024-01-01
69_MOUNTMEND_6755,69,MOUNTMEND,6755,Peter Vella Chablis B/B,5L,13,14.99,2024-01-01
44_PORTHCRAWL_6168,44,PORTHCRAWL,6168,Kinky Pink Liqueur,375mL,8,7.99,2024-01-01
59_CLAETHORPES_8312,59,CLAETHORPES,8312,Bols Curacao Orange,750mL,23,9.99,2024-01-01
48_NORFOLK_39254,48,NORFOLK,39254,Las Rocas Garnacha San Alej,750mL,3,10.99,2024-01-01
67_EANVERNESS_5410,67,EANVERNESS,5410,Raspberry di Amore,750mL,37,7.99,2024-01-01
52_GRAYCOTT_5368,52,GRAYCOTT,5368,Midori Melon Liqueur,750mL,8,21.49,2024-01-01
42_BLACK HOLLOW_32969,42,BLACK HOLLOW,32969,Alice White Shiraz Ausl,1.5L,10,13.99,2024-01-01
68_SOLARIS_4513,68,SOLARIS,4513,Chauffe-Coeur Calvados VSOP,750mL,7,44.99,2024-01-01
76_DONCASTER_43798,76,DONCASTER,43798,Trivento Select Mendz Malbec,750mL,10,11.99,2024-01-01
43_WOLFORD_6420,43,WOLFORD,6420,R M Woodbridge Chard Cal,750mL,26,7.99,2024-01-01
64_CESTERFIELD_6869,64,CESTERFIELD,6869,Benziger Chard,750mL,48,11.99,2024-01-01
56_BEGGAR'S HOLE_743,56,BEGGAR'S HOLE,743,Angels Envy Whiskey,750mL,4,49.99,2024-01-01
43_WOLFORD_2752,43,WOLFORD,2752,Johnnie Walker Black Label,750mL,11,34.99,2024-01-01
58_HARTLEPOOL_20862,58,HARTLEPOOL,20862,William Hill Est Cab Svgn NC,750mL,15,12.99,2024-01-01
59_CLAETHORPES_33960,59,CLAETHORPES,33960,Allegrini Valpolicella Clsc,750mL,11,14.99,2024-01-01
67_EANVERNESS_15057,67,EANVERNESS,15057,Cono Sur Organic Cab Svgn,750mL,23,11.99,2024-01-01
55_DRY GULCH_4639,55,DRY GULCH,4639,"Jefferson's ""Ocean"" Bourbon",750mL,43,79.99,2024-01-01
51_ABERDEEN_1880,51,ABERDEEN,1880,The Glenlivet Nadurra,750mL,3,69.99,2024-01-01
48_NORFOLK_5378,48,NORFOLK,5378,Galliano L'Autentico Liqueur,750mL,4,25.99,2024-01-01
57_LANTEGLOS_2760,57,LANTEGLOS,2760,Jack Daniels Tennessee Honey,1.75L,24,36.99,2024-01-01
60_IRRAGIN_17707,60,IRRAGIN,17707,Smoking Loon Steelbird Chard,750mL,16,9.99,2024-01-01
63_SWORDBREAK_3344,63,SWORDBREAK,3344,Bombay Sapphire Gin,750mL,19,19.99,2024-01-01
50_MOUNTMEND_2137,50,MOUNTMEND,2137,Glen Moray 10 Yr Chard Cask,750mL,6,40.49,2024-01-01
71_CLARCTON_23191,71,CLARCTON,23191,Clos Pegase Svgn Bl Napa,750mL,66,14.99,2024-01-01
47_PELLA'S WISH_4804,47,PELLA'S WISH,4804,Rhum Barbancourt RSV Special,750mL,11,16.99,2024-01-01
76_DONCASTER_13836,76,DONCASTER,13836,R Mondavi Private Sel Pnt Nr,1.5L,17,20.99,2024-01-01
53_HILLFAR_13497,53,HILLFAR,13497,Mohua Svgn Bl Marlboro,750mL,9,9.99,2024-01-01
56_BEGGAR'S HOLE_780,56,BEGGAR'S HOLE,780,Svedka Clementine Vodka,Liter,9,12.99,2024-01-01
71_CLARCTON_19648,71,CLARCTON,19648,Dachshund Rsl,750mL,17,13.99,2024-01-01
60_IRRAGIN_3220,60,IRRAGIN,3220,Svedka Clementine Vodka,1.75L,10,18.99,2024-01-01
62_KILMARNOCK_8166,62,KILMARNOCK,8166,Mount Gay Eclipse,750mL,10,19.99,2024-01-01
66_EANVERNESS_24497,66,EANVERNESS,24497,Killibinbin Seduction Cab Sv,750mL,66,12.99,2024-01-01
54_GUTHRAM_2045,54,GUTHRAM,2045,Monkey 47 Dry Gin,375mL,8,37.99,2024-01-01
50_MOUNTMEND_3234,50,MOUNTMEND,3234,Hendrick's Gin,1.75L,20,61.99,2024-01-01
66_EANVERNESS_2757,66,EANVERNESS,2757,Johnnie Walker Red Label,1.75L,215,29.99,2024-01-01
66_EANVERNESS_29942,66,EANVERNESS,29942,Livingston Merlot Cal,3L,9,12.99,2024-01-01
60_IRRAGIN_3352,60,IRRAGIN,3352,Ciroc Coconut Vodka,750mL,26,24.99,2024-01-01
49_GARIGILL_14710,49,GARIGILL,14710,Ch Tanunda Gr Barossa Shiraz,750mL,10,19.99,2024-01-01
64_CESTERFIELD_253,64,CESTERFIELD,253,Poland Spring Vodka,Liter,23,5.79,2024-01-01
70_KELD_11456,70,KELD,11456,Burgess Cab Svgn Napa,750mL,10,35.99,2024-01-01
61_AETHELNEY_5135,61,AETHELNEY,5135,Ancho Reyes Chile Liqueur,750mL,3,23.99,2024-01-01
53_HILLFAR_8345,53,HILLFAR,8345,R M Woodbridge Cab Svgn Cal,750mL,191,7.99,2024-01-01
56_BEGGAR'S HOLE_34904,56,BEGGAR'S HOLE,34904,Smoking Loon Chard,750mL,27,7.99,2024-01-01
65_LUTON_5027,65,LUTON,5027,99 Apples Schnapps Liqueur,750mL,4,11.99,2024-01-01
60_IRRAGIN_3896,60,IRRAGIN,3896,Zhenka Vodka,375mL,45,3.29,2024-01-01
75_BARNCOMBE_8534,75,BARNCOMBE,8534,M & R Asti,375mL,3,5.99,2024-01-01
70_KELD_44547,70,KELD,44547,Silver Oak Cab Svgn Alex Vly,750mL,13,69.99,2024-01-01
53_HILLFAR_5668,53,HILLFAR,5668,Dr McGillicuddy's Grape,750mL,15,12.99,2024-01-01
49_GARIGILL_5776,49,GARIGILL,5776,Malibu Black,1.75L,20,21.99,2024-01-01
67_EANVERNESS_10421,67,EANVERNESS,10421,Barefoot Moscato Cal,1.5L,14,10.99,2024-01-01
67_EANVERNESS_46489,67,EANVERNESS,46489,Eppa Red Sangria Organic,750mL,11,12.99,2024-01-01
56_BEGGAR'S HOLE_38370,56,BEGGAR'S HOLE,38370,Oyster Bay Svgn Bl Marlboro,750mL,23,10.99,2024-01-01
64_CESTERFIELD_34870,64,CESTERFIELD,34870,Arca Nova Vinho Verde,750mL,4,9.99,2024-01-01
65_LUTON_7995,65,LUTON,7995,Patron Reposado Tequila,50mL,17,6.49,2024-01-01
54_GUTHRAM_2199,54,GUTHRAM,2199,St George Terrior Gin,750mL,2,29.99,2024-01-01
43_WOLFORD_366,43,WOLFORD,366,Crown Royal w/2 Glasses,750mL,1,21.99,2024-01-01
69_MOUNTMEND_35411,69,MOUNTMEND,35411,Yellow Tail Chard Ausl,750mL,45,7.99,2024-01-01
42_BLACK HOLLOW_3183,42,BLACK HOLLOW,3183,Jose Cuervo Tradicional Slvr,750mL,3,19.99,2024-01-01
63_SWORDBREAK_8152,63,SWORDBREAK,8152,Skinnygirl Mojito RTD,750mL,5,12.99,2024-01-01
43_WOLFORD_3840,43,WOLFORD,3840,Smirnoff Raspberry Vodka,1.75L,21,17.99,2024-01-01
76_DONCASTER_27351,76,DONCASTER,27351,Almaden Chard Cal B/B,5L,27,15.99,2024-01-01
73_DONCASTER_18988,73,DONCASTER,18988,Franzia Chillable Red Tap,5L,12,12.99,2024-01-01
51_ABERDEEN_21208,51,ABERDEEN,21208,Kendall Jackson Grand Rsv Ch,750mL,11,15.99,2024-01-01
60_IRRAGIN_39254,60,IRRAGIN,39254,Las Rocas Garnacha San Alej,750mL,0,10.99,2024-01-01
54_GUTHRAM_24369,54,GUTHRAM,24369,Forefront Pine Ridge Znfdl,750mL,42,11.99,2024-01-01
75_BARNCOMBE_32924,75,BARNCOMBE,32924,Silverado Cab Svgn Napa,750mL,7,42.99,2024-01-01
56_BEGGAR'S HOLE_12154,56,BEGGAR'S HOLE,12154,Cousino Macul RSV Cab Svgn,750mL,8,16.99,2024-01-01
71_CLARCTON_13278,71,CLARCTON,13278,Sonoma-Cutrer Pnt Nr,750mL,6,34.99,2024-01-01
76_DONCASTER_42212,76,DONCASTER,42212,Rex Goliath Pnt Grigio,750mL,6,5.99,2024-01-01
71_CLARCTON_16918,71,CLARCTON,16918,Villa Pozzi Moscato,750mL,12,8.99,2024-01-01
61_AETHELNEY_38322,61,AETHELNEY,38322,Fuki Sake,750mL,5,11.99,2024-01-01
61_AETHELNEY_6876,61,AETHELNEY,6876,Sutter Home Clsc Chard,187mL 4 Pk,22,5.99,2024-01-01
52_GRAYCOTT_14672,52,GRAYCOTT,14672,Duckhorn Decoy Cab Svgn,750mL,0,16.95,2024-01-01
44_PORTHCRAWL_211,44,PORTHCRAWL,211,Cold River Gin,750mL,3,29.99,2024-01-01
76_DONCASTER_4141,76,DONCASTER,4141,Wild Turkey American Honey,50mL,0,0.99,2024-01-01
76_DONCASTER_2096,76,DONCASTER,2096,The Macallan Edition No 1,750mL,17,99.99,2024-01-01
76_DONCASTER_11187,76,DONCASTER,11187,Phillips Rapture Cab Svgn,750mL,18,56.99,2024-01-01
70_KELD_2476,70,KELD,2476,Crown Royal Maple Whisky,750mL,1,21.99,2024-01-01
54_GUTHRAM_2585,54,GUTHRAM,2585,Jameson Irish Whiskey,750mL,204,22.99,2024-01-01
64_CESTERFIELD_18988,64,CESTERFIELD,18988,Franzia Chillable Red Tap,5L,14,12.99,2024-01-01
72_HARDERSFIELD_8788,72,HARDERSFIELD,8788,Stolichnaya,50mL,21,1.99,2024-01-01
66_EANVERNESS_21251,66,EANVERNESS,21251,Renwood Old Vine Zinfandel,750mL,7,16.99,2024-01-01
71_CLARCTON_6459,71,CLARCTON,6459,Freixenet Cordon Negro Extr,750mL,8,10.99,2024-01-01
73_DONCASTER_24455,73,DONCASTER,24455,Franciscan Cab Svgn Napa,750mL,57,16.98,2024-01-01
75_BARNCOMBE_3163,75,BARNCOMBE,3163,Three Olives Dude Vodka,750mL,2,14.99,2024-01-01
76_DONCASTER_10647,76,DONCASTER,10647,Fish Eye Cab Svgn,3L,10,16.99,2024-01-01
69_MOUNTMEND_15232,69,MOUNTMEND,15232,Flowers Pnt Nr Sonoma Coast,750mL,27,49.99,2024-01-01
52_GRAYCOTT_8262,52,GRAYCOTT,8262,Metcalfe's Vermont Maple,750mL,7,21.99,2024-01-01
46_TYWARDREATH_4282,46,TYWARDREATH,4282,Capt Morgan White Pineapple,750mL,5,12.99,2024-01-01
57_LANTEGLOS_34393,57,LANTEGLOS,34393,Valckenberg Gewurz Pfalz,750mL,14,11.99,2024-01-01
73_DONCASTER_2008,73,DONCASTER,2008,Rebel Yell Small Batch Rye,750mL,9,20.99,2024-01-01
70_KELD_12666,70,KELD,12666,Carpineto Dogajolo Tuscan Wh,750mL,15,12.99,2024-01-01
48_NORFOLK_38370,48,NORFOLK,38370,Oyster Bay Svgn Bl Marlboro,750mL,26,10.99,2024-01-01
59_CLAETHORPES_2438,59,CLAETHORPES,2438,Crown Royal Special Reserve,1.75L,3,72.99,2024-01-01
74_PAENTMARWY_2894,74,PAENTMARWY,2894,Scoresby Rare,1.75L,14,17.99,2024-01-01
43_WOLFORD_4939,43,WOLFORD,4939,Kapali Coffee,1.75L,8,15.99,2024-01-01
76_DONCASTER_2797,76,DONCASTER,2797,Wicked 87 Whiskey,50mL,11,0.99,2024-01-01
72_HARDERSFIELD_38348,72,HARDERSFIELD,38348,Nobilo Icon Svgn Bl Marlboro,750mL,6,13.99,2024-01-01
69_MOUNTMEND_5693,69,MOUNTMEND,5693,P & J Cold Soaked Berries,375mL,2,9.99,2024-01-01
74_PAENTMARWY_3244,74,PAENTMARWY,3244,Burnetts Vodka,750mL,27,6.79,2024-01-01
60_IRRAGIN_17756,60,IRRAGIN,17756,Cline Cool Climate Pnt Nr,750mL,7,14.99,2024-01-01
66_EANVERNESS_20854,66,EANVERNESS,20854,Moutard Champagne,750mL,3,57.99,2024-01-01
69_MOUNTMEND_6015,69,MOUNTMEND,6015,Jackson Morgan Salted Carmel,750mL,7,22.99,2024-01-01
44_PORTHCRAWL_3020,44,PORTHCRAWL,3020,Pinnacle Blueberry Vodka,750mL,16,9.99,2024-01-01
59_CLAETHORPES_6183,59,CLAETHORPES,6183,Clos du Bois Svgn Bl N Cst,750mL,9,8.99,2024-01-01
45_VERITAS_1060,45,VERITAS,1060,Jack Daniels Bruins Glass Pk,Liter,7,27.99,2024-01-01
68_SOLARIS_19199,68,SOLARIS,19199,La Crema Pnt Gris Monterey,750mL,10,16.99,2024-01-01
62_KILMARNOCK_3512,62,KILMARNOCK,3512,Pinnacle Vodka,1.75L,64,15.99,2024-01-01
65_LUTON_17967,65,LUTON,17967,Banfi Principessa Gavia Gav,750mL,8,15.99,2024-01-01
62_KILMARNOCK_2549,62,KILMARNOCK,2549,WhistlePig 10 Yr Rye,375mL,3,40.99,2024-01-01
50_MOUNTMEND_8322,50,MOUNTMEND,8322,Chi Chi's Ruby Red Margarita,1.75L,3,8.99,2024-01-01
76_DONCASTER_34504,76,DONCASTER,34504,Ca'Montini Pinot Grigio Tre,750mL,28,14.99,2024-01-01
76_DONCASTER_39648,76,DONCASTER,39648,Ch Ste Michelle Indn W Chard,750mL,22,14.99,2024-01-01
43_WOLFORD_35664,43,WOLFORD,35664,Redwood Creek Cab Svgn Cal,1.5L,17,9.99,2024-01-01
42_BLACK HOLLOW_2382,42,BLACK HOLLOW,2382,Opihr London Dry Gin,750mL,4,27.99,2024-01-01
68_SOLARIS_8068,68,SOLARIS,8068,Absolut 80 Proof,1.75L,185,24.99,2024-01-01
68_SOLARIS_3423,68,SOLARIS,3423,Beefeater,1.75L,58,26.99,2024-01-01
55_DRY GULCH_4673,55,DRY GULCH,4673,Hennessy VS Cognac,1.75L,20,69.99,2024-01-01
67_EANVERNESS_2815,67,EANVERNESS,2815,Benromach 10Yr Single Malt,750mL,22,55.99,2024-01-01
66_EANVERNESS_26530,66,EANVERNESS,26530,Corbett Canyon Merlot,1.5L,13,8.99,2024-01-01
67_EANVERNESS_19814,67,EANVERNESS,19814,Rodney Strong Charlottes Svg,750mL,29,16.99,2024-01-01
50_MOUNTMEND_3696,50,MOUNTMEND,3696,Gilbeys Vodka,1.75L,105,10.49,2024-01-01
69_MOUNTMEND_6774,69,MOUNTMEND,6774,Sorel Artisan Liqueur,750mL,27,24.99,2024-01-01
73_DONCASTER_3900,73,DONCASTER,3900,Bracero Reposado Tequila,750mL,10,41.99,2024-01-01
72_HARDERSFIELD_34904,72,HARDERSFIELD,34904,Smoking Loon Chard,750mL,20,7.99,2024-01-01
69_MOUNTMEND_18013,69,MOUNTMEND,18013,Cecchi Sangiovese,750mL,12,7.99,2024-01-01
73_DONCASTER_2075,73,DONCASTER,2075,Jim Beam Distlrs Masterpiece,750mL,5,199.99,2024-01-01
50_MOUNTMEND_22696,50,MOUNTMEND,22696,Delish Svgn Bl,750mL,14,9.99,2024-01-01
77_TAMWORTH_1060,77,TAMWORTH,1060,Jack Daniels Bruins Glass Pk,Liter,3,27.99,2024-01-01
45_VERITAS_40545,45,VERITAS,40545,Whitehaven Svgn Bl Marlboro,750mL,8,14.99,2024-01-01
55_DRY GULCH_998,55,DRY GULCH,998,Corralejo Blanco Tequila,750mL,12,24.99,2024-01-01
76_DONCASTER_21117,76,DONCASTER,21117,Wicked Bright Pnt Gr Veneto,750mL,17,7.99,2024-01-01
66_EANVERNESS_2214,66,EANVERNESS,2214,James E Pepper Bourbon,750mL,22,36.99,2024-01-01
70_KELD_6186,70,KELD,6186,Rene Junot White,1.5L,10,11.99,2024-01-01
76_DONCASTER_23998,76,DONCASTER,23998,Belguardo Serrata Toscana,750mL,28,9.99,2024-01-01
44_PORTHCRAWL_4679,44,PORTHCRAWL,4679,Courvoisier VS Cognac,375mL,8,11.99,2024-01-01
69_MOUNTMEND_31204,69,MOUNTMEND,31204,Beringer Fndrs Est Svgn Bl,750mL,20,8.99,2024-01-01
69_MOUNTMEND_4480,69,MOUNTMEND,4480,Appleton Special Gold Rum,750mL,6,12.99,2024-01-01
50_MOUNTMEND_43131,50,MOUNTMEND,43131,Carpano Antica Formula,375mL,5,12.99,2024-01-01
55_DRY GULCH_1271,55,DRY GULCH,1271,Jeffersons Reserve Bourbon,750mL,18,49.99,2024-01-01
50_MOUNTMEND_2670,50,MOUNTMEND,2670,Metze's Slct Indiana Bourbon,750mL,10,74.99,2024-01-01
69_MOUNTMEND_3204,69,MOUNTMEND,3204,Twenty 2 Vodka,750mL,14,21.99,2024-01-01
65_LUTON_162,65,LUTON,162,Stolichnaya Vanil,Liter,3,22.99,2024-01-01
48_NORFOLK_4149,48,NORFOLK,4149,Sailor Jerry Spiced Navy Rum,50mL,20,1.49,2024-01-01
73_DONCASTER_16232,73,DONCASTER,16232,Blackstone Delectable Red,750mL,24,8.99,2024-01-01
73_DONCASTER_21231,73,DONCASTER,21231,La Marca Prosecco,187mL,56,4.49,2024-01-01
76_DONCASTER_20516,76,DONCASTER,20516,Ch Le Gay Pomerol,750mL,4,99.99,2024-01-01
67_EANVERNESS_2186,67,EANVERNESS,2186,Label 5 Scotch 12 Yr,750mL,50,31.99,2024-01-01
68_SOLARIS_22778,68,SOLARIS,22778,Orestiadi Ludovico,750mL,1,27.99,2024-01-01
70_KELD_3562,70,KELD,3562,Pearl Vodka,50mL,100,0.99,2024-01-01
73_DONCASTER_15980,73,DONCASTER,15980,Moonlight Meadery Apple Pie,375mL,24,12.99,2024-01-01
51_ABERDEEN_41714,51,ABERDEEN,41714,Fish Eye Pnt Grigio,750mL,13,5.99,2024-01-01
68_SOLARIS_35670,68,SOLARIS,35670,Redwood Creek Svgn Bl Cal,1.5L,9,10.99,2024-01-01
70_KELD_8446,70,KELD,8446,Richards Wild Irish Rose Red,1.5L,4,5.99,2024-01-01
50_MOUNTMEND_5096,50,MOUNTMEND,5096,DeKuyper Peachtree Schnapps,750mL,17,10.99,2024-01-01
67_EANVERNESS_25279,67,EANVERNESS,25279,Pommery Cuvee Louise 2002,750mL,5,124.99,2024-01-01
74_PAENTMARWY_46764,74,PAENTMARWY,46764,Clayhouse Adobe Red Paso Rbl,750mL,51,11.99,2024-01-01
46_TYWARDREATH_4882,46,TYWARDREATH,4882,Arrow Coffee Brandy,750mL,10,6.49,2024-01-01
47_PELLA'S WISH_7992,47,PELLA'S WISH,7992,Patron Anejo Tequila,50mL,18,6.99,2024-01-01
72_HARDERSFIELD_2975,72,HARDERSFIELD,2975,Bird Dog Blackberry Whiskey,750mL,6,14.99,2024-01-01
62_KILMARNOCK_29407,62,KILMARNOCK,29407,Wild Horse CC Merlot,750mL,5,15.99,2024-01-01
50_MOUNTMEND_8170,50,MOUNTMEND,8170,Courvoisier VS Cognac,50mL,69,2.99,2024-01-01
57_LANTEGLOS_6213,57,LANTEGLOS,6213,Taylor Red Port,1.5L,11,7.99,2024-01-01
72_HARDERSFIELD_7340,72,HARDERSFIELD,7340,Viniq Shimmery Liqueur,750mL,1,18.99,2024-01-01
73_DONCASTER_1348,73,DONCASTER,1348,Knob Creek Bourbon,375mL,20,15.99,2024-01-01
75_BARNCOMBE_37527,75,BARNCOMBE,37527,Redwood Creek Pnt Grigio,1.5L,11,10.99,2024-01-01
47_PELLA'S WISH_19055,47,PELLA'S WISH,19055,Wolf Blass Yllw Lbl Cab Svgn,750mL,9,9.99,2024-01-01
63_SWORDBREAK_12771,63,SWORDBREAK,12771,Joel Gott Cab Svgn 815,750mL,6,12.99,2024-01-01
69_MOUNTMEND_2045,69,MOUNTMEND,2045,Monkey 47 Dry Gin,375mL,6,37.99,2024-01-01
64_CESTERFIELD_457,64,CESTERFIELD,457,El Caballo Gold Tequila,Liter,6,8.99,2024-01-01
72_HARDERSFIELD_33579,72,HARDERSFIELD,33579,Tommasi Valpo Clsc Supr Rafl,750mL,7,15.99,2024-01-01
54_GUTHRAM_3161,54,GUTHRAM,3161,New Amsterdam Red Berry,750mL,18,8.99,2024-01-01
57_LANTEGLOS_3042,57,LANTEGLOS,3042,Ciroc Red Berry Vodka,375mL,13,15.49,2024-01-01
76_DONCASTER_1346,76,DONCASTER,1346,Knob Creek Bourbon,750mL,80,29.99,2024-01-01
76_DONCASTER_41614,76,DONCASTER,41614,Ridge Pagoni Ranch Znfdl,750mL,9,36.99,2024-01-01
69_MOUNTMEND_19034,69,MOUNTMEND,19034,Nicholson Ranch Pnt Nr Sonom,750mL,23,44.99,2024-01-01
60_IRRAGIN_2631,60,IRRAGIN,2631,Scapa Skiren Single Malt,750mL,8,71.99,2024-01-01
56_BEGGAR'S HOLE_5251,56,BEGGAR'S HOLE,5251,DeKuyper Buttershots Schnpps,50mL,131,0.99,2024-01-01
64_CESTERFIELD_3784,64,CESTERFIELD,3784,Margaritaville Gold Tequila,750mL,20,9.99,2024-01-01
64_CESTERFIELD_32826,64,CESTERFIELD,32826,Rombauer Carneros Chard,750mL,62,32.95,2024-01-01
61_AETHELNEY_892,61,AETHELNEY,892,Uncle Val's Botanical Gin,750mL,18,33.99,2024-01-01
46_TYWARDREATH_10472,46,TYWARDREATH,10472,Clos du Bois Pnt Nr Cal,750mL,19,8.99,2024-01-01
42_BLACK HOLLOW_14078,42,BLACK HOLLOW,14078,Bota Box Malbec,3L,8,17.99,2024-01-01
55_DRY GULCH_42212,55,DRY GULCH,42212,Rex Goliath Pnt Grigio,750mL,18,5.99,2024-01-01
69_MOUNTMEND_42264,69,MOUNTMEND,42264,Belle Glos Clark & Telephone,750mL,13,49.99,2024-01-01
42_BLACK HOLLOW_38348,42,BLACK HOLLOW,38348,Nobilo Icon Svgn Bl Marlboro,750mL,7,13.99,2024-01-01
50_MOUNTMEND_8543,50,MOUNTMEND,8543,Kringle Cream,750mL,4,19.99,2024-01-01
74_PAENTMARWY_5371,74,PAENTMARWY,5371,Dr McGillicudy's Buttersctch,50mL,0,0.99,2024-01-01
60_IRRAGIN_3929,60,IRRAGIN,3929,Los Amantes Mezcal,750mL,5,42.99,2024-01-01
64_CESTERFIELD_31201,64,CESTERFIELD,31201,Beringer Fndrs Est Cab Svgn,750mL,21,8.99,2024-01-01
73_DONCASTER_3656,73,DONCASTER,3656,Stolichnaya Vanil,1.75L,98,24.99,2024-01-01
54_GUTHRAM_20557,54,GUTHRAM,20557,The Other Red,750mL,10,11.99,2024-01-01
49_GARIGILL_1961,49,GARIGILL,1961,Everclear 151,1.75L,6,32.99,2024-01-01
43_WOLFORD_5155,43,WOLFORD,5155,Arrow Brown Creme de Cacao,750mL,9,7.99,2024-01-01
46_TYWARDREATH_8441,46,TYWARDREATH,8441,Baileys Irish Cream,375mL,11,12.49,2024-01-01
76_DONCASTER_33075,76,DONCASTER,33075,Forest Glen Chard,1.5L,16,16.99,2024-01-01
73_DONCASTER_19748,73,DONCASTER,19748,Clos du Bois Chard,1.5L,126,15.99,2024-01-01
56_BEGGAR'S HOLE_8120,56,BEGGAR'S HOLE,8120,Tribuno Sweet Vermouth,1.5L,7,8.99,2024-01-01
53_HILLFAR_5268,53,HILLFAR,5268,Mr Boston Rock & Rye,750mL,2,8.99,2024-01-01
65_LUTON_3123,65,LUTON,3123,Booths London Dry Gin,1.75L,8,14.99,2024-01-01
51_ABERDEEN_8152,51,ABERDEEN,8152,Skinnygirl Mojito RTD,750mL,3,12.99,2024-01-01
62_KILMARNOCK_41546,62,KILMARNOCK,41546,Monkey Bay Svgn Bl,750mL,18,7.99,2024-01-01
61_AETHELNEY_1892,61,AETHELNEY,1892,Yukon Jack,50mL,101,0.99,2024-01-01
55_DRY GULCH_17954,55,DRY GULCH,17954,Drops of Jupiter Red,750mL,32,7.99,2024-01-01
69_MOUNTMEND_24701,69,MOUNTMEND,24701,Gratien & Meyer Cremant Brut,750mL,17,14.99,2024-01-01
68_SOLARIS_24686,68,SOLARIS,24686,Barco Negro Douro,750mL,48,7.99,2024-01-01
51_ABERDEEN_5399,51,ABERDEEN,5399,Goldschlager Cinnamon Schna,50mL,152,1.99,2024-01-01
69_MOUNTMEND_41990,69,MOUNTMEND,41990,Heitz Cab Svgn Napa,750mL,21,54.99,2024-01-01
45_VERITAS_8470,45,VERITAS,8470,1800 Reposado Gold Tequila,50mL,19,2.79,2024-01-01
74_PAENTMARWY_2690,74,PAENTMARWY,2690,Black Velvet Reserve,750mL,13,9.99,2024-01-01
49_GARIGILL_22168,49,GARIGILL,22168,Tangent Pnt Gris,750mL,22,10.99,2024-01-01
59_CLAETHORPES_31201,59,CLAETHORPES,31201,Beringer Fndrs Est Cab Svgn,750mL,16,8.99,2024-01-01
66_EANVERNESS_36380,66,EANVERNESS,36380,Sebastiani Znfdl Sonoma Cnty,750mL,96,9.99,2024-01-01
73_DONCASTER_15620,73,DONCASTER,15620,C Y Toro Casillero Diab Malb,750mL,33,11.99,2024-01-01
63_SWORDBREAK_3818,63,SWORDBREAK,3818,Cabo Wabo Blanco Tequila,750mL,7,29.99,2024-01-01
64_CESTERFIELD_3486,64,CESTERFIELD,3486,Tanqueray,375mL,32,12.99,2024-01-01
76_DONCASTER_2794,76,DONCASTER,2794,Bird Dog Bourbon,750mL,42,14.99,2024-01-01
53_HILLFAR_3534,53,HILLFAR,3534,Milagro Silver Tequila,750mL,12,24.99,2024-01-01
73_DONCASTER_3201,73,DONCASTER,3201,Plymouth Gin,750mL,11,29.99,2024-01-01
46_TYWARDREATH_5105,46,TYWARDREATH,5105,Dr McGillicuddy's Mentholmnt,1.75L,0,19.99,2024-01-01
61_AETHELNEY_2148,61,AETHELNEY,2148,Canadian Mist Traveler,750mL,31,7.99,2024-01-01
53_HILLFAR_14539,53,HILLFAR,14539,Dom de Dionysos La Deveze,750mL,11,14.99,2024-01-01
75_BARNCOMBE_42764,75,BARNCOMBE,42764,14 Hands Cab Svgn Wash,750mL,42,8.95,2024-01-01
67_EANVERNESS_2435,67,EANVERNESS,2435,Crown Royal RSV,750mL,24,40.99,2024-01-01
46_TYWARDREATH_2784,46,TYWARDREATH,2784,Lauders,Liter,4,9.79,2024-01-01
68_SOLARIS_18778,68,SOLARIS,18778,Once Upon A Vine Pnt Nr,750mL,6,9.99,2024-01-01
58_HARTLEPOOL_6157,58,HARTLEPOOL,6157,Kinky Blue Liqueur,375mL,12,7.99,2024-01-01
72_HARDERSFIELD_32907,72,HARDERSFIELD,32907,Sterling Vintners Cltn Chard,750mL,68,8.99,2024-01-01
62_KILMARNOCK_27176,62,KILMARNOCK,27176,Peter Vella Delicious Red B/,5L,3,14.99,2024-01-01
68_SOLARIS_2087,68,SOLARIS,2087,Uncle Val's Peppered Gin,750mL,4,33.99,2024-01-01
50_MOUNTMEND_19581,50,MOUNTMEND,19581,Girard Cab Svgn,750mL,18,23.99,2024-01-01
44_PORTHCRAWL_8653,44,PORTHCRAWL,8653,M & R Extra Dry Vermouth,375mL,28,5.29,2024-01-01
41_LARNWICK_28579,41,LARNWICK,28579,R M Woodbridge Merlot Cal,750mL,14,7.99,2024-01-01
60_IRRAGIN_5223,60,IRRAGIN,5223,Paul Masson Red Berry Brandy,750mL,14,8.99,2024-01-01
66_EANVERNESS_898,66,EANVERNESS,898,Robert Sinskey Cab Svgn Stag,750mL,4,94.99,2024-01-01
69_MOUNTMEND_45035,69,MOUNTMEND,45035,Hess Clctn 19 Block Cuvee,750mL,17,34.99,2024-01-01
55_DRY GULCH_2684,55,DRY GULCH,2684,"Wemyss ""The Hive""",750mL,5,52.99,2024-01-01
44_PORTHCRAWL_21321,44,PORTHCRAWL,21321,Rex Goliath Red Sangria,750mL,14,5.99,2024-01-01
42_BLACK HOLLOW_6896,42,BLACK HOLLOW,6896,Sterling Merlot,750mL,27,14.95,2024-01-01
59_CLAETHORPES_5391,59,CLAETHORPES,5391,Kamora Coffee,1.75L,16,15.99,2024-01-01
41_LARNWICK_44712,41,LARNWICK,44712,Sonoma-Cutrer Chard Sonoma,750mL,44,20.99,2024-01-01
60_IRRAGIN_4522,60,IRRAGIN,4522,Lairds Apple Jack,750mL,18,15.99,2024-01-01
54_GUTHRAM_1728,54,GUTHRAM,1728,Aberlour 16 Year Old Single,750mL,2,54.99,2024-01-01
51_ABERDEEN_211,51,ABERDEEN,211,Cold River Gin,750mL,3,29.99,2024-01-01
50_MOUNTMEND_2602,50,MOUNTMEND,2602,Caol Ila 12 Yr Islay Single,750mL,8,56.99,2024-01-01
53_HILLFAR_2586,53,HILLFAR,2586,Jameson Irish Whiskey,50mL,117,2.99,2024-01-01
47_PELLA'S WISH_44719,47,PELLA'S WISH,44719,Cavit Prosecco Lunetta,750mL,3,9.99,2024-01-01
71_CLARCTON_6727,71,CLARCTON,6727,Antinori Toscana Rd,750mL,19,17.99,2024-01-01
47_PELLA'S WISH_32263,47,PELLA'S WISH,32263,Lindemans Bin 65 Chard,1.5L,4,9.99,2024-01-01
71_CLARCTON_5392,71,CLARCTON,5392,Goldschlager Cinnamon Schnps,750mL,20,17.99,2024-01-01
60_IRRAGIN_2142,60,IRRAGIN,2142,Bird Dog Apple Whiskey,750mL,7,13.99,2024-01-01
63_SWORDBREAK_3201,63,SWORDBREAK,3201,Plymouth Gin,750mL,9,29.99,2024-01-01
54_GUTHRAM_38850,54,GUTHRAM,38850,Ravenswood Vntrs Bl Cab Svgn,750mL,94,7.99,2024-01-01
53_HILLFAR_26091,53,HILLFAR,26091,Pacific Rim Rsl,750mL,17,9.99,2024-01-01
59_CLAETHORPES_2245,59,CLAETHORPES,2245,DUKE Kentucky Bourbon,750mL,3,35.99,2024-01-01
47_PELLA'S WISH_8092,47,PELLA'S WISH,8092,Johnnie Walker Red Label,50mL,25,2.29,2024-01-01
76_DONCASTER_21699,76,DONCASTER,21699,Terra de Touros White,750mL,57,3.49,2024-01-01
73_DONCASTER_17171,73,DONCASTER,17171,Riunite Sweet Red,750mL,0,5.99,2024-01-01
75_BARNCOMBE_5308,75,BARNCOMBE,5308,Paul Masson Red Berry Brandy,50mL,68,0.99,2024-01-01
53_HILLFAR_5457,53,HILLFAR,5457,After Shock Hot & Cool Cinmn,50mL,172,1.99,2024-01-01
73_DONCASTER_31524,73,DONCASTER,31524,Rosemount Pnt Nr Ausl,750mL,33,8.99,2024-01-01
42_BLACK HOLLOW_4187,42,BLACK HOLLOW,4187,Kraken Black Spiced Rum,750mL,12,17.99,2024-01-01
64_CESTERFIELD_10266,64,CESTERFIELD,10266,Klinker Brick Old Vine Znfdl,750mL,110,15.99,2024-01-01
58_HARTLEPOOL_38898,58,HARTLEPOOL,38898,L Martini Cab Svgn Napa,750mL,7,29.99,2024-01-01
75_BARNCOMBE_178,75,BARNCOMBE,178,Wild Turkey Russell's RSV,750mL,16,26.99,2024-01-01
49_GARIGILL_3764,49,GARIGILL,3764,Patron Reposado Tequila,375mL,5,26.99,2024-01-01
54_GUTHRAM_2082,54,GUTHRAM,2082,Balvenie 15 Yr Sherry Cask,750mL,3,109.99,2024-01-01
64_CESTERFIELD_15503,64,CESTERFIELD,15503,Opici Sangria,3L,4,13.99,2024-01-01
71_CLARCTON_897,71,CLARCTON,897,Montezuma Blue,Liter,12,6.79,2024-01-01
50_MOUNTMEND_42275,50,MOUNTMEND,42275,Blackstone Merlot Cal,1.5L,8,19.99,2024-01-01
64_CESTERFIELD_8159,64,CESTERFIELD,8159,Jose Cuervo Especial,1.75L,50,25.99,2024-01-01
60_IRRAGIN_3460,60,IRRAGIN,3460,Corzo Anejo Tequila,750mL,4,54.99,2024-01-01
44_PORTHCRAWL_34428,44,PORTHCRAWL,34428,Frei Bros RSV Chard RRV,750mL,21,15.99,2024-01-01
73_DONCASTER_22192,73,DONCASTER,22192,Placido Chianti,1.5L,19,12.99,2024-01-01
49_GARIGILL_18585,49,GARIGILL,18585,James L'Escargot Svgn Blanc,750mL,6,14.99,2024-01-01
47_PELLA'S WISH_17154,47,PELLA'S WISH,17154,Castano Monastrell Rosado,750mL,12,6.49,2024-01-01
62_KILMARNOCK_1348,62,KILMARNOCK,1348,Knob Creek Bourbon,375mL,6,15.99,2024-01-01
51_ABERDEEN_2152,51,ABERDEEN,2152,New Amsterdam Gin,750mL,14,9.99,2024-01-01
70_KELD_5626,70,KELD,5626,Baja Luna Black Raspberry,750mL,13,9.99,2024-01-01
64_CESTERFIELD_2682,64,CESTERFIELD,2682,The Glendronach 12 Yr Scotch,750mL,4,52.99,2024-01-01
43_WOLFORD_2132,43,WOLFORD,2132,Lord Calvert Canadian,1.75L,14,12.99,2024-01-01
69_MOUNTMEND_42881,69,MOUNTMEND,42881,La Bastarda Pnt Gr Sicily,750mL,69,8.99,2024-01-01
63_SWORDBREAK_6599,63,SWORDBREAK,6599,Estancia Cab Svgn Paso Roble,750mL,17,12.99,2024-01-01
43_WOLFORD_8346,43,WOLFORD,8346,Marques de Riscal Rioja Red,750mL,14,14.99,2024-01-01
47_PELLA'S WISH_6096,47,PELLA'S WISH,6096,Kinky Blue Liqueur,750mL,2,16.99,2024-01-01
75_BARNCOMBE_32203,75,BARNCOMBE,32203,Rancho Zabaco Heritage Znfdl,750mL,14,12.99,2024-01-01
56_BEGGAR'S HOLE_41546,56,BEGGAR'S HOLE,41546,Monkey Bay Svgn Bl,750mL,16,7.99,2024-01-01
73_DONCASTER_21115,73,DONCASTER,21115,Wicked Smooth Merlot,750mL,29,7.99,2024-01-01
71_CLARCTON_5062,71,CLARCTON,5062,Southern Comfort Lime,750mL,12,12.99,2024-01-01
69_MOUNTMEND_14425,69,MOUNTMEND,14425,Ch Musar Rouge,750mL,14,44.99,2024-01-01
74_PAENTMARWY_11957,74,PAENTMARWY,11957,Souverain Cab Svgn N Cst,750mL,23,14.99,2024-01-01
68_SOLARIS_31454,68,SOLARIS,31454,Foxhorn SE Chard Australia,1.5L,18,6.99,2024-01-01
51_ABERDEEN_5771,51,ABERDEEN,5771,Art In The Age Snap,750mL,4,29.99,2024-01-01
50_MOUNTMEND_8262,50,MOUNTMEND,8262,Metcalfe's Vermont Maple,750mL,7,21.99,2024-01-01
51_ABERDEEN_40425,51,ABERDEEN,40425,Mionetto Prosecco Brut,750mL,49,9.95,2024-01-01
54_GUTHRAM_11488,54,GUTHRAM,11488,C K Mondavi Cab Svgn,1.5L,12,10.99,2024-01-01
60_IRRAGIN_35480,60,IRRAGIN,35480,Prinz Salm Der Weib,750mL,2,19.99,2024-01-01
61_AETHELNEY_6692,61,AETHELNEY,6692,Jaboulet Cotes du Rhone Par,750mL,40,11.99,2024-01-01
53_HILLFAR_24592,53,HILLFAR,24592,Vendange Cab Svgn,1.5L,33,6.99,2024-01-01
42_BLACK HOLLOW_5740,42,BLACK HOLLOW,5740,Sweet Revenge,750mL,6,17.99,2024-01-01
43_WOLFORD_39256,43,WOLFORD,39256,Schmitt Sohne Relax Mosel,750mL,1,10.99,2024-01-01
72_HARDERSFIELD_21965,72,HARDERSFIELD,21965,Marques de Caceres Blanco Wh,750mL,22,8.99,2024-01-01
71_CLARCTON_40332,71,CLARCTON,40332,Terrazas RSV Malbec Mendoza,750mL,17,13.49,2024-01-01
58_HARTLEPOOL_1276,58,HARTLEPOOL,1276,Jack Daniels Single Barrel,50mL,20,4.99,2024-01-01
54_GUTHRAM_6590,54,GUTHRAM,6590,Almaden B/B Wh Znfdl Cal,5L,5,14.99,2024-01-01
45_VERITAS_46764,45,VERITAS,46764,Clayhouse Adobe Red Paso Rbl,750mL,9,11.99,2024-01-01
52_GRAYCOTT_17865,52,GRAYCOTT,17865,Ch St Jean Pnt Nr,750mL,20,11.99,2024-01-01
73_DONCASTER_14126,73,DONCASTER,14126,Attitude 13 Rose Jolivet,750mL,11,13.99,2024-01-01
69_MOUNTMEND_16428,69,MOUNTMEND,16428,HandCraft Artisan Coll Chard,750mL,155,9.99,2024-01-01
71_CLARCTON_41965,71,CLARCTON,41965,F Coppola Sofia Rose,750mL,11,14.99,2024-01-01
55_DRY GULCH_824,55,DRY GULCH,824,Dewars White Label Scotch,Liter,34,26.99,2024-01-01
59_CLAETHORPES_6735,59,CLAETHORPES,6735,Gallo Twin Valley Chard Cal,1.5L,17,9.99,2024-01-01
68_SOLARIS_6116,68,SOLARIS,6116,Sogno di Sorrento Lemoncell,750mL,7,25.99,2024-01-01
64_CESTERFIELD_3300,64,CESTERFIELD,3300,Smirnoff Sorbet Mango/Pasion,50mL,72,0.99,2024-01-01
43_WOLFORD_5560,43,WOLFORD,5560,Bacardi Mojito Cocktail,1.75L,8,18.99,2024-01-01
74_PAENTMARWY_28312,74,PAENTMARWY,28312,Gallo Copperidge Merlot Cal,1.5L,15,6.99,2024-01-01
70_KELD_6995,70,KELD,6995,Carlo Rossi Spanada Sangria,1.5L,11,6.99,2024-01-01
57_LANTEGLOS_2963,57,LANTEGLOS,2963,Bruichladdich The Laddie Ten,750mL,0,59.99,2024-01-01
57_LANTEGLOS_3627,57,LANTEGLOS,3627,Absolut 80 Proof,375mL,23,11.99,2024-01-01
41_LARNWICK_37435,41,LARNWICK,37435,Duval-Leroy Champagne Brut,750mL,2,31.99,2024-01-01
71_CLARCTON_3903,71,CLARCTON,3903,Skinnygirl Wh Cherry Vodka,750mL,11,14.49,2024-01-01
68_SOLARIS_3219,68,SOLARIS,3219,Svedka Grapefruit Jalapeno,50mL,20,0.99,2024-01-01
49_GARIGILL_7990,49,GARIGILL,7990,Noilly Prat Sweet Vermouth,Liter,11,9.99,2024-01-01
58_HARTLEPOOL_3533,58,HARTLEPOOL,3533,Lidestri Pink Limoncello,750mL,4,18.99,2024-01-01
67_EANVERNESS_7340,67,EANVERNESS,7340,Viniq Shimmery Liqueur,750mL,69,18.99,2024-01-01
48_NORFOLK_3533,48,NORFOLK,3533,Lidestri Pink Limoncello,750mL,6,18.99,2024-01-01
57_LANTEGLOS_8016,57,LANTEGLOS,8016,La Vieille Ferme Wh Rhone,750mL,9,6.99,2024-01-01
55_DRY GULCH_3578,55,DRY GULCH,3578,Stolichnaya Elit Vodka,750mL,16,49.99,2024-01-01
55_DRY GULCH_35650,55,DRY GULCH,35650,Penley Est Phoenix Cab Svgn,750mL,18,18.99,2024-01-01
50_MOUNTMEND_6322,50,MOUNTMEND,6322,Rene Junot Red,1.5L,15,11.99,2024-01-01
73_DONCASTER_3884,73,DONCASTER,3884,Bracero Blanco Tequila,750mL,9,37.99,2024-01-01
54_GUTHRAM_3320,54,GUTHRAM,3320,Rosita Tequila Wh,Liter,20,9.29,2024-01-01
44_PORTHCRAWL_4233,44,PORTHCRAWL,4233,Castillo Silver Label Rum,1.75L,3,9.99,2024-01-01
56_BEGGAR'S HOLE_2041,56,BEGGAR'S HOLE,2041,Redbreast 15 Yr Old Irish,750mL,4,89.99,2024-01-01
51_ABERDEEN_21864,51,ABERDEEN,21864,Dom Carneros Brut,750mL,12,22.99,2024-01-01
53_HILLFAR_2235,53,HILLFAR,2235,Deanston SM Virgin Oak,750mL,3,26.99,2024-01-01
63_SWORDBREAK_5560,63,SWORDBREAK,5560,Bacardi Mojito Cocktail,1.75L,3,18.99,2024-01-01
51_ABERDEEN_8464,51,ABERDEEN,8464,Ch de Montfort Vouvray,750mL,11,15.99,2024-01-01
60_IRRAGIN_43918,60,IRRAGIN,43918,Farnum Hill X-Dry Cider,750mL,2,11.99,2024-01-01
60_IRRAGIN_859,60,IRRAGIN,859,Beefeater Gin,Liter,14,22.99,2024-01-01
45_VERITAS_6499,45,VERITAS,6499,Kinky Liqueur,750mL,5,16.99,2024-01-01
59_CLAETHORPES_5373,59,CLAETHORPES,5373,E&J Peach Brandy,750mL,8,9.99,2024-01-01
56_BEGGAR'S HOLE_1556,56,BEGGAR'S HOLE,1556,Kahlua w/50mL Absolut+Glass,750mL,1,18.99,2024-01-01
47_PELLA'S WISH_5342,47,PELLA'S WISH,5342,Grand Marnier,750mL,14,26.99,2024-01-01
69_MOUNTMEND_5734,69,MOUNTMEND,5734,Malibu Rum,1.75L,147,21.99,2024-01-01
60_IRRAGIN_18868,60,IRRAGIN,18868,Josh Cellars Merlot,750mL,8,13.99,2024-01-01
51_ABERDEEN_36523,51,ABERDEEN,36523,Ch Macard Brdx Superieur,750mL,11,14.99,2024-01-01
76_DONCASTER_38859,76,DONCASTER,38859,Inniskillin Icewn Ngra Vidal,375mL,7,49.99,2024-01-01
68_SOLARIS_20661,68,SOLARIS,20661,Pali Pnt Nr Cargasacchi Vyd,750mL,1,59.99,2024-01-01
58_HARTLEPOOL_11957,58,HARTLEPOOL,11957,Souverain Cab Svgn N Cst,750mL,9,14.99,2024-01-01
75_BARNCOMBE_5356,75,BARNCOMBE,5356,Kahlua,375mL,12,9.99,2024-01-01
68_SOLARIS_18551,68,SOLARIS,18551,Antigal Uno Malbec Mendoza,750mL,13,15.99,2024-01-01
66_EANVERNESS_36383,66,EANVERNESS,36383,F Coppola Sofia Bl de Bl,750mL,0,14.99,2024-01-01
71_CLARCTON_1024,71,CLARCTON,1024,Hennessy VS +VSOP 50mL,750mL,28,31.99,2024-01-01
61_AETHELNEY_6524,61,AETHELNEY,6524,Rosemount Diamond Shiraz,750mL,20,6.99,2024-01-01
54_GUTHRAM_32989,54,GUTHRAM,32989,Barefoot Cab Svgn Cal,1.5L,11,10.99,2024-01-01
64_CESTERFIELD_1725,64,CESTERFIELD,1725,Ole Smoky White Lightnin',750mL,4,18.99,2024-01-01
49_GARIGILL_27817,49,GARIGILL,27817,Clos Pegase Carneros Chard,750mL,39,15.99,2024-01-01
45_VERITAS_2646,45,VERITAS,2646,Chivas Regal,1.75L,4,54.99,2024-01-01
77_TAMWORTH_513,77,TAMWORTH,513,Ocean Vodka,750mL,4,28.99,2024-01-01
70_KELD_33684,70,KELD,33684,R Mondavi Private Slct Merlt,1.5L,7,20.99,2024-01-01
57_LANTEGLOS_40425,57,LANTEGLOS,40425,Mionetto Prosecco Brut,750mL,43,9.95,2024-01-01
54_GUTHRAM_8822,54,GUTHRAM,8822,Absolut 80 Proof,50mL,132,1.99,2024-01-01
51_ABERDEEN_2658,51,ABERDEEN,2658,Cutty Sark,750mL,17,15.99,2024-01-01
75_BARNCOMBE_17707,75,BARNCOMBE,17707,Smoking Loon Steelbird Chard,750mL,9,9.99,2024-01-01
60_IRRAGIN_2781,60,IRRAGIN,2781,High West Campfire Whiskey,750mL,9,59.99,2024-01-01
55_DRY GULCH_18642,55,DRY GULCH,18642,Yellow Tail Pink Moscato,1.5L,33,8.95,2024-01-01
46_TYWARDREATH_1728,46,TYWARDREATH,1728,Aberlour 16 Year Old Single,750mL,3,54.99,2024-01-01
64_CESTERFIELD_38481,64,CESTERFIELD,38481,Canella Prosecco Di Conegli,750mL,7,16.99,2024-01-01
41_LARNWICK_46098,41,LARNWICK,46098,Ch Ste Michelle Rsl Dry Colu,750mL,4,8.99,2024-01-01
55_DRY GULCH_24305,55,DRY GULCH,24305,Marquis d Gelida Brut Rsv,750mL,22,16.99,2024-01-01
58_HARTLEPOOL_3133,58,HARTLEPOOL,3133,Svedka Strwbry Lemonad Vodka,750mL,17,10.99,2024-01-01
70_KELD_23249,70,KELD,23249,Rosemount Gewurz/Rsl,750mL,4,9.99,2024-01-01
52_GRAYCOTT_39775,52,GRAYCOTT,39775,Bogle Svgn Bl Cal,750mL,10,8.99,2024-01-01
50_MOUNTMEND_19494,50,MOUNTMEND,19494,Lincourt Lindsays Pnt Nr,750mL,11,14.99,2024-01-01
69_MOUNTMEND_12199,69,MOUNTMEND,12199,Rochioli RRV Chard Cal,750mL,8,54.99,2024-01-01
60_IRRAGIN_43919,60,IRRAGIN,43919,Farnum Hill X-Dry StillCider,750mL,0,11.99,2024-01-01
59_CLAETHORPES_2292,59,CLAETHORPES,2292,Glenrothes Single Malt Scot,750mL,3,41.99,2024-01-01
72_HARDERSFIELD_35318,72,HARDERSFIELD,35318,Jewell Towne Marechal Foch,750mL,4,11.49,2024-01-01
56_BEGGAR'S HOLE_37604,56,BEGGAR'S HOLE,37604,Hardys Chard Ausl,3L,6,16.99,2024-01-01
68_SOLARIS_19948,68,SOLARIS,19948,Josh Cellars Pnt Nr,750mL,103,16.99,2024-01-01
49_GARIGILL_2770,49,GARIGILL,2770,Hudson Single Malt Whiskey,375mL,5,39.99,2024-01-01
56_BEGGAR'S HOLE_28238,56,BEGGAR'S HOLE,28238,Banfi Pnt Grigio Rime,750mL,16,10.99,2024-01-01
60_IRRAGIN_5365,60,IRRAGIN,5365,Kahlua,750mL,59,18.99,2024-01-01
59_CLAETHORPES_1896,59,CLAETHORPES,1896,The Glenlivet 18 Yr Single,750mL,9,99.99,2024-01-01
54_GUTHRAM_32807,54,GUTHRAM,32807,Flag Hill De Chaunac Red NH,750mL,7,12.99,2024-01-01
43_WOLFORD_3458,43,WOLFORD,3458,Ciroc Amaretto Vodka,750mL,3,19.99,2024-01-01
71_CLARCTON_4380,71,CLARCTON,4380,Ron Virgin Heavy Bodied Rum,1.75L,18,13.99,2024-01-01
55_DRY GULCH_8191,55,DRY GULCH,8191,Savory & James Deluxe Cream,1.5L,11,18.49,2024-01-01
51_ABERDEEN_5197,51,ABERDEEN,5197,Southern Comfort,375mL,4,7.99,2024-01-01
66_EANVERNESS_2770,66,EANVERNESS,2770,Hudson Single Malt Whiskey,375mL,2,39.99,2024-01-01
56_BEGGAR'S HOLE_8359,56,BEGGAR'S HOLE,8359,R M Woodbridge Svgn Bl Cal,750mL,29,7.99,2024-01-01
54_GUTHRAM_15550,54,GUTHRAM,15550,Talbott Pnt Nr Santa Lucia,750mL,6,28.99,2024-01-01
69_MOUNTMEND_45525,69,MOUNTMEND,45525,Natura Colchagua Carmenere,750mL,29,11.99,2024-01-01
51_ABERDEEN_22745,51,ABERDEEN,22745,Falesco Montiano,750mL,11,49.99,2024-01-01
49_GARIGILL_25204,49,GARIGILL,25204,Ch Rollan de By Medoc,750mL,12,24.99,2024-01-01
48_NORFOLK_3389,48,NORFOLK,3389,Seagrams Extra Dry Gin,1.75L,40,16.99,2024-01-01
71_CLARCTON_3682,71,CLARCTON,3682,Belvedere Vodka,750mL,39,22.99,2024-01-01
75_BARNCOMBE_6659,75,BARNCOMBE,6659,Rosemount Diamond Chard,750mL,7,8.99,2024-01-01
67_EANVERNESS_43590,67,EANVERNESS,43590,Ch Ste Michelle Indn Wls Cab,750mL,11,14.99,2024-01-01
68_SOLARIS_19656,68,SOLARIS,19656,Manifesto! Chard No Cst,750mL,0,8.99,2024-01-01
72_HARDERSFIELD_7221,72,HARDERSFIELD,7221,M & R Sweet Vermouth,1.5L,11,10.49,2024-01-01
69_MOUNTMEND_23796,69,MOUNTMEND,23796,Mayu Pedro Ximenez,750mL,72,14.99,2024-01-01
73_DONCASTER_5371,73,DONCASTER,5371,Dr McGillicudy's Buttersctch,50mL,0,0.99,2024-01-01
69_MOUNTMEND_21476,69,MOUNTMEND,21476,Cos d'Estournel St Estephe,750mL,12,299.99,2024-01-01
59_CLAETHORPES_10470,59,CLAETHORPES,10470,Easton Amador Cnty Znfdl,750mL,13,18.99,2024-01-01
73_DONCASTER_44083,73,DONCASTER,44083,Wente Reliz Crk Pnt Nr,750mL,5,21.99,2024-01-01
66_EANVERNESS_12140,66,EANVERNESS,12140,Natura Valle Svgn Bl Casabla,750mL,17,11.99,2024-01-01
50_MOUNTMEND_6216,50,MOUNTMEND,6216,Taylor Tawny Port,1.5L,5,7.99,2024-01-01
69_MOUNTMEND_43662,69,MOUNTMEND,43662,L'Ecole No 41 Cab Svgn Clmba,750mL,10,30.99,2024-01-01
60_IRRAGIN_44780,60,IRRAGIN,44780,Nicolis Valpo Seccal Ripasso,750mL,5,19.99,2024-01-01
44_PORTHCRAWL_32968,44,PORTHCRAWL,32968,Alice White Chard Ausl,1.5L,30,13.99,2024-01-01
69_MOUNTMEND_19610,69,MOUNTMEND,19610,Ch Rieussec Gr Cru 10 Sauter,750mL,2,124.99,2024-01-01
69_MOUNTMEND_45503,69,MOUNTMEND,45503,Rebel The Show Cab Svgn,750mL,17,9.99,2024-01-01
68_SOLARIS_3620,68,SOLARIS,3620,Powers Signature Release,750mL,2,39.99,2024-01-01
61_AETHELNEY_41252,61,AETHELNEY,41252,Beringer Classic Pnt Grigio,1.5L,10,7.99,2024-01-01
73_DONCASTER_6280,73,DONCASTER,6280,Penfolds Koonunga Hill Chard,750mL,26,11.99,2024-01-01
69_MOUNTMEND_5187,69,MOUNTMEND,5187,Arrow White Creme de Cacao,750mL,7,7.99,2024-01-01
69_MOUNTMEND_12511,69,MOUNTMEND,12511,Angelini Estate Sangiovese,750mL,35,14.99,2024-01-01
72_HARDERSFIELD_8599,72,HARDERSFIELD,8599,Jenkins Amaretto,750mL,12,5.99,2024-01-01
75_BARNCOMBE_4679,75,BARNCOMBE,4679,Courvoisier VS Cognac,375mL,12,11.99,2024-01-01
51_ABERDEEN_12216,51,ABERDEEN,12216,Da Vinci Pnt Grigio,750mL,22,9.99,2024-01-01
59_CLAETHORPES_9092,59,CLAETHORPES,9092,Junipero Gin,750mL,5,29.99,2024-01-01
67_EANVERNESS_8053,67,EANVERNESS,8053,Seagrams 7 Crown,50mL,152,0.99,2024-01-01
50_MOUNTMEND_2103,50,MOUNTMEND,2103,Coldcock American Herbal Whi,750mL,8,18.99,2024-01-01
71_CLARCTON_35319,71,CLARCTON,35319,Jewell Towne Rsl NH,750mL,22,14.49,2024-01-01
60_IRRAGIN_8097,60,IRRAGIN,8097,Patron Citronge Orange,375mL,7,11.99,2024-01-01
44_PORTHCRAWL_8131,44,PORTHCRAWL,8131,Lillet White French Aperiti,750mL,20,17.99,2024-01-01
42_BLACK HOLLOW_3879,42,BLACK HOLLOW,3879,Smirnoff 80 Proof Traveler,750mL,15,10.99,2024-01-01
63_SWORDBREAK_36200,63,SWORDBREAK,36200,Four Vines Truant Znfdl,750mL,6,11.99,2024-01-01
54_GUTHRAM_77,54,GUTHRAM,77,Three Olives Espresso Vodka,750mL,6,14.99,2024-01-01
46_TYWARDREATH_38888,46,TYWARDREATH,38888,Justin Cab Svgn Paso Robles,750mL,5,27.99,2024-01-01
69_MOUNTMEND_6264,69,MOUNTMEND,6264,Cooks Extra Dry,750mL,111,6.99,2024-01-01
56_BEGGAR'S HOLE_7279,56,BEGGAR'S HOLE,7279,Yago Sant'Gria Red,1.5L,11,6.99,2024-01-01
42_BLACK HOLLOW_1244,42,BLACK HOLLOW,1244,Jack Daniels Winter Jack,750mL,5,15.99,2024-01-01
66_EANVERNESS_6096,66,EANVERNESS,6096,Kinky Blue Liqueur,750mL,32,16.99,2024-01-01
49_GARIGILL_11396,49,GARIGILL,11396,Buried Cane Cab Svgn,750mL,3,13.99,2024-01-01
73_DONCASTER_19258,73,DONCASTER,19258,The Beach House Chard,750mL,32,9.99,2024-01-01
51_ABERDEEN_3345,51,ABERDEEN,3345,Bombay Sapphire Gin,50mL,21,1.99,2024-01-01
63_SWORDBREAK_3288,63,SWORDBREAK,3288,Svedka Strwbry Lemonad Vodka,1.75L,0,22.99,2024-01-01
61_AETHELNEY_2008,61,AETHELNEY,2008,Rebel Yell Small Batch Rye,750mL,8,20.99,2024-01-01
43_WOLFORD_2476,43,WOLFORD,2476,Crown Royal Maple Whisky,750mL,16,21.99,2024-01-01
67_EANVERNESS_7629,67,EANVERNESS,7629,Barenjager Honey & Bourbon,750mL,5,21.99,2024-01-01
60_IRRAGIN_15876,60,IRRAGIN,15876,3 Brooms Svgn Bl Marlborough,750mL,9,14.99,2024-01-01
48_NORFOLK_3826,48,NORFOLK,3826,Skyy Vodka,1.75L,147,19.99,2024-01-01
59_CLAETHORPES_5246,59,CLAETHORPES,5246,Bacardi Party Drinks Zombie,1.75L,5,15.99,2024-01-01
76_DONCASTER_1033,76,DONCASTER,1033,Chivas Regal w/ 2 Glasses,750mL,4,29.99,2024-01-01
43_WOLFORD_4878,43,WOLFORD,4878,Allens Coffee Brandy,750mL,13,6.99,2024-01-01
66_EANVERNESS_1987,66,EANVERNESS,1987,White Mountain Moonshine,375mL,14,18.99,2024-01-01
47_PELLA'S WISH_4480,47,PELLA'S WISH,4480,Appleton Special Gold Rum,750mL,7,12.99,2024-01-01
58_HARTLEPOOL_41252,58,HARTLEPOOL,41252,Beringer Classic Pnt Grigio,1.5L,12,7.99,2024-01-01
76_DONCASTER_35646,76,DONCASTER,35646,D'Arenberg Footbolt Shiraz,750mL,20,17.99,2024-01-01
57_LANTEGLOS_2532,57,LANTEGLOS,2532,The Macallan 12 Yr Old,1.75L,6,134.99,2024-01-01
51_ABERDEEN_2932,51,ABERDEEN,2932,Jameson Black Barrel,750mL,11,31.99,2024-01-01
63_SWORDBREAK_25269,63,SWORDBREAK,25269,R Mondavi Cab Svgn Pvt Sel,750mL,15,7.99,2024-01-01
62_KILMARNOCK_1767,62,KILMARNOCK,1767,Buffalo Trace Bourbon,750mL,16,24.99,2024-01-01
41_LARNWICK_18881,41,LARNWICK,18881,Middle Sister Pnt Nr Goodie,750mL,9,9.99,2024-01-01
71_CLARCTON_34460,71,CLARCTON,34460,Dr Loosen Rsl 'Dr L' M,750mL,13,12.99,2024-01-01
71_CLARCTON_3834,71,CLARCTON,3834,Skyy Vodka,750mL,32,15.99,2024-01-01
71_CLARCTON_4889,71,CLARCTON,4889,Jenkins Coffee Brandy,1.75L,10,11.99,2024-01-01
60_IRRAGIN_19061,60,IRRAGIN,19061,Ch Olivier Pessac-Leognan 10,750mL,6,50.99,2024-01-01
73_DONCASTER_8057,73,DONCASTER,8057,Corazon de Agave Blanco,750mL,10,24.99,2024-01-01
54_GUTHRAM_8746,54,GUTHRAM,8746,Cavit Pinot Grigio,750mL,26,8.99,2024-01-01
60_IRRAGIN_24003,60,IRRAGIN,24003,Corbett Canyon Cab Svgn,1.5L,1,8.99,2024-01-01
57_LANTEGLOS_548,57,LANTEGLOS,548,DeKuyper Amaretto,Liter,2,8.99,2024-01-01
60_IRRAGIN_15527,60,IRRAGIN,15527,Roscato Rosso,750mL,11,9.99,2024-01-01
51_ABERDEEN_6590,51,ABERDEEN,6590,Almaden B/B Wh Znfdl Cal,5L,11,14.99,2024-01-01
71_CLARCTON_44041,71,CLARCTON,44041,Bella Sera Pinot Noir Delle,1.5L,9,11.49,2024-01-01
73_DONCASTER_3498,73,DONCASTER,3498,Baileys Vanilla Cinnamon,750mL,61,18.99,2024-01-01
67_EANVERNESS_20483,67,EANVERNESS,20483,Joel Gott Pnt Nr,750mL,30,18.99,2024-01-01
74_PAENTMARWY_4368,74,PAENTMARWY,4368,Capt Morgan Private Stock,1.75L,16,33.99,2024-01-01
69_MOUNTMEND_388,69,MOUNTMEND,388,Smirnoff 80 Proof,Liter,55,14.49,2024-01-01
57_LANTEGLOS_8170,57,LANTEGLOS,8170,Courvoisier VS Cognac,50mL,22,2.99,2024-01-01
69_MOUNTMEND_46458,69,MOUNTMEND,46458,Layer Cake Barosa Shiraz,750mL,150,11.95,2024-01-01
69_MOUNTMEND_8671,69,MOUNTMEND,8671,Appleton Est Signature Rum,750mL,16,19.99,2024-01-01
50_MOUNTMEND_15916,50,MOUNTMEND,15916,Simply Naked Pnt Grigio,750mL,13,8.99,2024-01-01
59_CLAETHORPES_42766,59,CLAETHORPES,42766,14 Hands Merlot Wash,750mL,58,8.95,2024-01-01
60_IRRAGIN_27461,60,IRRAGIN,27461,Ecco Domani Pnt Grigio Venez,750mL,32,8.99,2024-01-01
71_CLARCTON_5153,71,CLARCTON,5153,Fireball Cinn Whisky Trav,750mL,10,15.99,2024-01-01
60_IRRAGIN_2438,60,IRRAGIN,2438,Crown Royal Special Reserve,1.75L,6,72.99,2024-01-01
66_EANVERNESS_19571,66,EANVERNESS,19571,Mt Brave Cab Svgn Mt Veeder,750mL,10,69.99,2024-01-01
74_PAENTMARWY_8808,74,PAENTMARWY,8808,Salignac VS Cognac,750mL,3,17.99,2024-01-01
54_GUTHRAM_42188,54,GUTHRAM,42188,Moet & Chandon Nectar Imp Rs,750mL,39,49.99,2024-01-01
49_GARIGILL_8744,49,GARIGILL,8744,Jadot Bourgogne Pinot Noir,750mL,8,17.99,2024-01-01
49_GARIGILL_6116,49,GARIGILL,6116,Sogno di Sorrento Lemoncell,750mL,6,25.99,2024-01-01
67_EANVERNESS_39716,67,EANVERNESS,39716,Ravenswood Vntrs Blnd Shiraz,750mL,22,8.99,2024-01-01
51_ABERDEEN_4226,51,ABERDEEN,4226,Bacardi Superior Rum Trav,750mL,27,9.99,2024-01-01
72_HARDERSFIELD_652,72,HARDERSFIELD,652,Frangelico Gift Pack-Candle,750mL,0,21.99,2024-01-01
66_EANVERNESS_6183,66,EANVERNESS,6183,Clos du Bois Svgn Bl N Cst,750mL,34,8.99,2024-01-01
68_SOLARIS_3925,68,SOLARIS,3925,Don Julio Reposado Tequila,750mL,19,49.99,2024-01-01
66_EANVERNESS_41412,66,EANVERNESS,41412,Crios Rose of Malbec,750mL,8,11.99,2024-01-01
69_MOUNTMEND_2906,69,MOUNTMEND,2906,Usquaebach Old Rare Whisky,750mL,5,99.99,2024-01-01
63_SWORDBREAK_5890,63,SWORDBREAK,5890,Godiva Wh Chocolate Liqueur,750mL,9,21.99,2024-01-01
70_KELD_14004,70,KELD,14004,Layer Cake Virgin Chard,750mL,8,12.99,2024-01-01
54_GUTHRAM_12111,54,GUTHRAM,12111,LaBelle Winery Cranberry,750mL,15,15.99,2024-01-01
49_GARIGILL_6174,49,GARIGILL,6174,Columbia Crest Grand Merlot,750mL,41,9.99,2024-01-01
67_EANVERNESS_4932,67,EANVERNESS,4932,Arrow Ginger Brandy,750mL,9,7.99,2024-01-01
43_WOLFORD_3125,43,WOLFORD,3125,Pinnacle Strawbery Shortcake,750mL,1,9.99,2024-01-01
49_GARIGILL_1096,49,GARIGILL,1096,Evan Williams Egg Nog,750mL,6,6.99,2024-01-01
68_SOLARIS_28889,68,SOLARIS,28889,Peter Vella Chard Cal B/B,5L,7,15.49,2024-01-01
73_DONCASTER_23270,73,DONCASTER,23270,Campo Viejo Gr Cava Brut Rsv,750mL,5,9.99,2024-01-01
77_TAMWORTH_361,77,TAMWORTH,361,Effen Cucumber Vodka,750mL,5,19.99,2024-01-01
67_EANVERNESS_23389,67,EANVERNESS,23389,Opici Fish Bottle Bianco,750mL,29,11.99,2024-01-01
71_CLARCTON_18801,71,CLARCTON,18801,Bolla Prosecco Extra Dry,750mL,10,10.99,2024-01-01
53_HILLFAR_31787,53,HILLFAR,31787,Peter Vella Merlot Calif B/B,5L,6,16.99,2024-01-01
71_CLARCTON_4346,71,CLARCTON,4346,Mr Boston Dark Rum,1.75L,8,10.99,2024-01-01
71_CLARCTON_2602,71,CLARCTON,2602,Caol Ila 12 Yr Islay Single,750mL,12,56.99,2024-01-01
66_EANVERNESS_29352,66,EANVERNESS,29352,Elk Cove Pnt Gris Ore,750mL,29,18.99,2024-01-01
66_EANVERNESS_11443,66,EANVERNESS,11443,Ravenswood Petite Sirah Vnts,750mL,18,8.99,2024-01-01
45_VERITAS_2965,45,VERITAS,2965,Ardbeg 10 Yr Single Malt Sc,750mL,4,46.99,2024-01-01
57_LANTEGLOS_1278,57,LANTEGLOS,1278,Jim Beam Black,1.75L,11,35.99,2024-01-01
50_MOUNTMEND_6495,50,MOUNTMEND,6495,Exotico Blanco Tequila,750mL,5,13.99,2024-01-01
73_DONCASTER_5440,73,DONCASTER,5440,Jagermeister Liqueur,1.75L,77,34.99,2024-01-01
64_CESTERFIELD_26817,64,CESTERFIELD,26817,Ravenswood Vntrs Blnd Merlot,750mL,30,8.99,2024-01-01
43_WOLFORD_8462,43,WOLFORD,8462,Frangelico Hazelnut Liqueur,750mL,7,21.99,2024-01-01
67_EANVERNESS_18344,67,EANVERNESS,18344,Gnarly Head Authentic White,750mL,13,8.99,2024-01-01
55_DRY GULCH_46060,55,DRY GULCH,46060,Martin Codax Albarino,750mL,23,13.99,2024-01-01
62_KILMARNOCK_2623,62,KILMARNOCK,2623,Ballantines,1.75L,5,28.99,2024-01-01
68_SOLARIS_35605,68,SOLARIS,35605,Castle Rock Paso Ro Cab Svgn,750mL,20,9.99,2024-01-01
50_MOUNTMEND_2119,50,MOUNTMEND,2119,Glendalough 13 Yr Sngle Malt,750mL,11,84.99,2024-01-01
48_NORFOLK_3851,48,NORFOLK,3851,Grey Goose Vodka,375mL,23,15.99,2024-01-01
44_PORTHCRAWL_3987,44,PORTHCRAWL,3987,Smirnoff Peppermint Twist,750mL,22,10.99,2024-01-01
64_CESTERFIELD_19215,64,CESTERFIELD,19215,Dom Vacheron Sancerre Blanc,750mL,6,27.99,2024-01-01
56_BEGGAR'S HOLE_8033,56,BEGGAR'S HOLE,8033,Jack Daniels No 7 Black,50mL,55,2.99,2024-01-01
42_BLACK HOLLOW_7374,42,BLACK HOLLOW,7374,New Amsterdam Mango Vodka,750mL,7,8.99,2024-01-01
67_EANVERNESS_500,67,EANVERNESS,500,Remy Martin Louis XIII,750mL,0,2999.99,2024-01-01
69_MOUNTMEND_10266,69,MOUNTMEND,10266,Klinker Brick Old Vine Znfdl,750mL,18,15.99,2024-01-01
58_HARTLEPOOL_38502,58,HARTLEPOOL,38502,Ruffino Lumina Pnt Grigio,750mL,15,6.99,2024-01-01
67_EANVERNESS_45848,67,EANVERNESS,45848,Kendall Jackson Summation Re,750mL,19,9.95,2024-01-01
74_PAENTMARWY_8171,74,PAENTMARWY,8171,Leroux Blackberry Brandy,50mL,56,0.99,2024-01-01
49_GARIGILL_33874,49,GARIGILL,33874,Bella Sera Pinot Grigio Del,1.5L,6,9.99,2024-01-01
75_BARNCOMBE_36750,75,BARNCOMBE,36750,Big House Cardinal Bst Znfdl,750mL,8,7.99,2024-01-01
45_VERITAS_3689,45,VERITAS,3689,Stolichnaya Vanil,750mL,13,16.99,2024-01-01
59_CLAETHORPES_23870,59,CLAETHORPES,23870,Col-di-Sasso Sangiovese/Cab,750mL,17,10.99,2024-01-01
69_MOUNTMEND_883,69,MOUNTMEND,883,Patron Burdeos Anejo Tequila,750mL,5,499.99,2024-01-01
43_WOLFORD_8107,43,WOLFORD,8107,Wild Turkey 101,1.75L,7,34.99,2024-01-01
66_EANVERNESS_24846,66,EANVERNESS,24846,Franciscan Merlot Napa,750mL,26,18.99,2024-01-01
51_ABERDEEN_44228,51,ABERDEEN,44228,Clean Slate Rsl Mosel,750mL,97,8.49,2024-01-01
50_MOUNTMEND_7374,50,MOUNTMEND,7374,New Amsterdam Mango Vodka,750mL,17,8.99,2024-01-01
69_MOUNTMEND_13968,69,MOUNTMEND,13968,Spellbound Chard,750mL,16,13.99,2024-01-01
56_BEGGAR'S HOLE_24929,56,BEGGAR'S HOLE,24929,Corvo Nero d'Avola & Pnt Gr,750mL 2 Pk,5,17.99,2024-01-01
60_IRRAGIN_8691,60,IRRAGIN,8691,Jose Cuervo Especial,750mL,38,14.99,2024-01-01
45_VERITAS_8312,45,VERITAS,8312,Bols Curacao Orange,750mL,11,9.99,2024-01-01
55_DRY GULCH_5438,55,DRY GULCH,5438,Emmets Irish Cream,750mL,15,9.99,2024-01-01
49_GARIGILL_8187,49,GARIGILL,8187,Wild Turkey,750mL,16,16.99,2024-01-01
60_IRRAGIN_37731,60,IRRAGIN,37731,Corbett Canyon Chard,3L,14,10.99,2024-01-01
73_DONCASTER_32827,73,DONCASTER,32827,Rombauer Merlot Napa,750mL,29,29.99,2024-01-01
42_BLACK HOLLOW_42759,42,BLACK HOLLOW,42759,Bigi Orvieto Clsc Vendemmia,750mL,7,11.99,2024-01-01
67_EANVERNESS_3851,67,EANVERNESS,3851,Grey Goose Vodka,375mL,121,15.99,2024-01-01
53_HILLFAR_6565,53,HILLFAR,6565,Clos du Bois Cab Svgn N Cst,750mL,39,8.99,2024-01-01
42_BLACK HOLLOW_23820,42,BLACK HOLLOW,23820,Le Mistral Red,750mL,23,24.99,2024-01-01
75_BARNCOMBE_4278,75,BARNCOMBE,4278,Capt Morgan Parrot Bay Cocnt,750mL,12,11.99,2024-01-01
76_DONCASTER_33582,76,DONCASTER,33582,Villa Cornaro Prosecco Del,750mL,107,9.99,2024-01-01
67_EANVERNESS_39256,67,EANVERNESS,39256,Schmitt Sohne Relax Mosel,750mL,70,10.99,2024-01-01
50_MOUNTMEND_7282,50,MOUNTMEND,7282,Colombo Marsala Sweet,750mL,7,9.99,2024-01-01
69_MOUNTMEND_24837,69,MOUNTMEND,24837,Wycliff Brut,750mL,21,4.99,2024-01-01
53_HILLFAR_46060,53,HILLFAR,46060,Martin Codax Albarino,750mL,10,13.99,2024-01-01
48_NORFOLK_8958,48,NORFOLK,8958,Malibu Peach Sparkler RTD,750mL,11,14.99,2024-01-01
67_EANVERNESS_3300,67,EANVERNESS,3300,Smirnoff Sorbet Mango/Pasion,50mL,5,0.99,2024-01-01
63_SWORDBREAK_13163,63,SWORDBREAK,13163,Barefoot Bubbly Moscato,750mL,0,7.99,2024-01-01
68_SOLARIS_3878,68,SOLARIS,3878,Smirnoff 80 Proof,750mL,39,12.99,2024-01-01
59_CLAETHORPES_17617,59,CLAETHORPES,17617,Nostor Tinto Priorat,750mL,7,15.99,2024-01-01
73_DONCASTER_33278,73,DONCASTER,33278,Villa Cornaro Pnt Grigio LTD,750mL,62,8.99,2024-01-01
67_EANVERNESS_20180,67,EANVERNESS,20180,Rosatello Sw Sparkling Rose,750mL,12,13.99,2024-01-01
60_IRRAGIN_24305,60,IRRAGIN,24305,Marquis d Gelida Brut Rsv,750mL,6,16.99,2024-01-01
60_IRRAGIN_21233,60,IRRAGIN,21233,Cavicchioli Prosecco,750mL,10,10.99,2024-01-01
67_EANVERNESS_6586,67,EANVERNESS,6586,Citra Montepulciano,1.5L,19,10.99,2024-01-01
68_SOLARIS_36378,68,SOLARIS,36378,MezzaCorona Pnt Grigio,1.5L,27,10.99,2024-01-01
47_PELLA'S WISH_3679,47,PELLA'S WISH,3679,Chopin Vodka,750mL,8,21.99,2024-01-01
44_PORTHCRAWL_966,44,PORTHCRAWL,966,Patron Citronge Orange Liqu,750mL,48,20.99,2024-01-01
69_MOUNTMEND_18813,69,MOUNTMEND,18813,Sweet Baby Vyds Raspberry,375mL,10,11.99,2024-01-01
56_BEGGAR'S HOLE_24379,56,BEGGAR'S HOLE,24379,Madison's Ranch Cab Svgn,750mL,52,12.99,2024-01-01
67_EANVERNESS_3530,67,EANVERNESS,3530,Pinnacle Peach Vodka,750mL,11,9.99,2024-01-01
50_MOUNTMEND_669,50,MOUNTMEND,669,Robert Sinskey Merlot,750mL,0,39.99,2024-01-01
45_VERITAS_3679,45,VERITAS,3679,Chopin Vodka,750mL,4,21.99,2024-01-01
62_KILMARNOCK_36648,62,KILMARNOCK,36648,Groth Cab Svgn Napa,750mL,5,57.99,2024-01-01
69_MOUNTMEND_2042,69,MOUNTMEND,2042,Amador Double Barrel Bourbon,750mL,6,39.99,2024-01-01
58_HARTLEPOOL_4025,58,HARTLEPOOL,4025,Bacardi Oakheart Spiced Rum,50mL,70,1.79,2024-01-01
48_NORFOLK_2752,48,NORFOLK,2752,Johnnie Walker Black Label,750mL,15,34.99,2024-01-01
70_KELD_6960,70,KELD,6960,Cooks Brut,750mL,33,6.99,2024-01-01
68_SOLARIS_22950,68,SOLARIS,22950,Pierre Andre Chablis,750mL,8,28.99,2024-01-01
66_EANVERNESS_4494,66,EANVERNESS,4494,Jenkins French Brandy,1.75L,24,12.99,2024-01-01
51_ABERDEEN_6249,51,ABERDEEN,6249,Rodney Strong Chard,750mL,51,12.99,2024-01-01
45_VERITAS_5489,45,VERITAS,5489,DeKuyper Hot Damn Cinnamon,750mL,10,10.99,2024-01-01
70_KELD_4722,70,KELD,4722,Remy Martin VSOP Cognac,750mL,10,34.99,2024-01-01
49_GARIGILL_8038,49,GARIGILL,8038,Livingston Clrs Rhine Calif,3L,10,6.49,2024-01-01
55_DRY GULCH_1845,55,DRY GULCH,1845,Cluny Scotch Whiskey,1.75L,21,14.99,2024-01-01
70_KELD_8761,70,KELD,8761,Jose Cuervo Especial,375mL,16,10.99,2024-01-01
69_MOUNTMEND_28070,69,MOUNTMEND,28070,Sutter Home Moscato Cal,1.5L,11,9.99,2024-01-01
55_DRY GULCH_5457,55,DRY GULCH,5457,After Shock Hot & Cool Cinmn,50mL,119,1.99,2024-01-01
55_DRY GULCH_33988,55,DRY GULCH,33988,Cavit Chardonnay Trentino,1.5L,30,9.99,2024-01-01
70_KELD_2030,70,KELD,2030,Glen Moray 12 Yr Scotch,750mL,5,30.99,2024-01-01
50_MOUNTMEND_28681,50,MOUNTMEND,28681,F Coppola Rosso Bianco Rosso,750mL,7,9.99,2024-01-01
62_KILMARNOCK_39356,62,KILMARNOCK,39356,Bota Box Chard Cal,3L,4,17.99,2024-01-01
55_DRY GULCH_2374,55,DRY GULCH,2374,Tullamore Dew,1.75L,43,39.99,2024-01-01
66_EANVERNESS_25185,66,EANVERNESS,25185,Black Pearl Oro,750mL,5,17.99,2024-01-01
73_DONCASTER_32900,73,DONCASTER,32900,Sandeman Tawny 40-Yr Port,750mL,2,89.99,2024-01-01
55_DRY GULCH_21982,55,DRY GULCH,21982,Massolino Nebbiolo Langhe,750mL,9,22.99,2024-01-01
61_AETHELNEY_3368,61,AETHELNEY,3368,Pinnacle Grape Vodka,1.75L,19,16.99,2024-01-01
73_DONCASTER_15619,73,DONCASTER,15619,Beringer Classic Red Moscato,750mL,42,5.99,2024-01-01
60_IRRAGIN_4270,60,IRRAGIN,4270,Brugal Anejo Rum,750mL,14,16.99,2024-01-01
68_SOLARIS_46021,68,SOLARIS,46021,Spellbound Cab Svgn Cal,750mL,75,11.99,2024-01-01
59_CLAETHORPES_6553,59,CLAETHORPES,6553,Harveys Bristol Cream Sherry,750mL,14,11.99,2024-01-01
56_BEGGAR'S HOLE_24771,56,BEGGAR'S HOLE,24771,Les Darons Lang J Carrel Rou,750mL,7,12.99,2024-01-01
69_MOUNTMEND_24000,69,MOUNTMEND,24000,Santa Rita Coll Prv Cab Svgn,750mL,0,5.99,2024-01-01
49_GARIGILL_20944,49,GARIGILL,20944,Valdivieso Cab Franc Rsva,750mL,14,19.99,2024-01-01
73_DONCASTER_17967,73,DONCASTER,17967,Banfi Principessa Gavia Gav,750mL,54,15.99,2024-01-01
44_PORTHCRAWL_13052,44,PORTHCRAWL,13052,Ch Ste Michelle Gewurz Colum,750mL,16,8.49,2024-01-01
52_GRAYCOTT_19926,52,GRAYCOTT,19926,Santa Rita RSV Svgn Bl,750mL,5,9.99,2024-01-01
66_EANVERNESS_3947,66,EANVERNESS,3947,Herradura Anejo Tequila,750mL,10,45.99,2024-01-01
64_CESTERFIELD_19283,64,CESTERFIELD,19283,Roscato Bianco,750mL,3,10.99,2024-01-01
75_BARNCOMBE_513,75,BARNCOMBE,513,Ocean Vodka,750mL,5,28.99,2024-01-01
51_ABERDEEN_42401,51,ABERDEEN,42401,Grayson Cellars Chard N Cst,750mL,4,9.99,2024-01-01
57_LANTEGLOS_4194,57,LANTEGLOS,4194,Calico Jack Coconut Rum,1.75L,20,12.99,2024-01-01
59_CLAETHORPES_21609,59,CLAETHORPES,21609,Josh Cellars Legacy Red,750mL,46,13.99,2024-01-01
58_HARTLEPOOL_5747,58,HARTLEPOOL,5747,Malibu Pineapple Rum,750mL,15,12.99,2024-01-01
76_DONCASTER_5232,76,DONCASTER,5232,DeKuyper Buttershots Schnaps,1.75L,22,14.99,2024-01-01
72_HARDERSFIELD_41213,72,HARDERSFIELD,41213,A to Z Pnt Nr Ore,750mL,14,17.99,2024-01-01
69_MOUNTMEND_26558,69,MOUNTMEND,26558,King Est Pnt Nr Ore,750mL,18,23.99,2024-01-01
49_GARIGILL_20102,49,GARIGILL,20102,Julia James Pnt Nr,750mL,11,9.99,2024-01-01
71_CLARCTON_567,71,CLARCTON,567,Ketel One Vodka,Liter,6,28.99,2024-01-01
73_DONCASTER_2443,73,DONCASTER,2443,Seagrams VO,1.75L,189,20.99,2024-01-01
55_DRY GULCH_12224,55,DRY GULCH,12224,Banfi Centine Bianco Toscana,750mL,11,12.99,2024-01-01
58_HARTLEPOOL_14975,58,HARTLEPOOL,14975,Cavit Moscato,750mL,14,8.99,2024-01-01
59_CLAETHORPES_12111,59,CLAETHORPES,12111,LaBelle Winery Cranberry,750mL,12,15.99,2024-01-01
47_PELLA'S WISH_37312,47,PELLA'S WISH,37312,Salmon Run NY Pnt Nr,750mL,13,14.99,2024-01-01
76_DONCASTER_3802,76,DONCASTER,3802,Three Olives Vodka,1.75L,327,18.99,2024-01-01
58_HARTLEPOOL_1278,58,HARTLEPOOL,1278,Jim Beam Black,1.75L,3,35.99,2024-01-01
69_MOUNTMEND_23295,69,MOUNTMEND,23295,Ch Giscours Margaux 11 Gr Cr,750mL,6,63.99,2024-01-01
49_GARIGILL_12147,49,GARIGILL,12147,Sterling Vintners CA Meritag,750mL,23,8.99,2024-01-01
73_DONCASTER_34427,73,DONCASTER,34427,Frei Bros RSV Cab Svgn Alex,750mL,25,21.99,2024-01-01
42_BLACK HOLLOW_2120,42,BLACK HOLLOW,2120,Canadian Club,1.75L,59,15.99,2024-01-01
68_SOLARIS_549,68,SOLARIS,549,DeKuyper Melon,Liter,16,8.99,2024-01-01
73_DONCASTER_8338,73,DONCASTER,8338,The Glenlivet 12 Yr Single,375mL,25,21.99,2024-01-01
53_HILLFAR_8202,53,HILLFAR,8202,Sambuca Romana,750mL,75,17.99,2024-01-01
74_PAENTMARWY_5270,74,PAENTMARWY,5270,Southern Comfort,50mL,46,1.99,2024-01-01
60_IRRAGIN_23101,60,IRRAGIN,23101,Steelhead Red,750mL,24,9.99,2024-01-01
59_CLAETHORPES_3837,59,CLAETHORPES,3837,Skyy Vodka,50mL,192,0.99,2024-01-01
76_DONCASTER_37657,76,DONCASTER,37657,Maso Canali Pinot Grigio Tr,750mL,12,17.99,2024-01-01
56_BEGGAR'S HOLE_1060,56,BEGGAR'S HOLE,1060,Jack Daniels Bruins Glass Pk,Liter,8,27.99,2024-01-01
74_PAENTMARWY_3578,74,PAENTMARWY,3578,Stolichnaya Elit Vodka,750mL,15,49.99,2024-01-01
71_CLARCTON_3511,71,CLARCTON,3511,New Amsterdam Vodka,750mL,13,9.99,2024-01-01
76_DONCASTER_18431,76,DONCASTER,18431,Bertani Villa Arvedi Amarone,750mL,5,44.99,2024-01-01
44_PORTHCRAWL_27644,44,PORTHCRAWL,27644,Cline Znfdl Cal,750mL,10,9.99,2024-01-01
55_DRY GULCH_2974,55,DRY GULCH,2974,Sazerac 6 Yr Straight Rye,750mL,0,29.99,2024-01-01
76_DONCASTER_29942,76,DONCASTER,29942,Livingston Merlot Cal,3L,8,12.99,2024-01-01
62_KILMARNOCK_4064,62,KILMARNOCK,4064,Calico Jack Pin/Coc Rum,1.75L,27,12.99,2024-01-01
73_DONCASTER_8451,73,DONCASTER,8451,Cruzan Aged Dark Rum,1.75L,16,16.99,2024-01-01
41_LARNWICK_38370,41,LARNWICK,38370,Oyster Bay Svgn Bl Marlboro,750mL,37,10.99,2024-01-01
57_LANTEGLOS_1634,57,LANTEGLOS,1634,The Famous Grouse,1.75L,14,27.99,2024-01-01
69_MOUNTMEND_14174,69,MOUNTMEND,14174,Chalk Hill Estate Red,750mL,10,49.99,2024-01-01
72_HARDERSFIELD_4327,72,HARDERSFIELD,4327,Capt Morgan Spiced Rum 100,750mL,19,19.99,2024-01-01
67_EANVERNESS_2808,67,EANVERNESS,2808,Uisce Beatha Irish Whisky,750mL,8,29.99,2024-01-01
66_EANVERNESS_2016,66,EANVERNESS,2016,Ardbeg Perpetuum Single Malt,750mL,7,99.99,2024-01-01
73_DONCASTER_21254,73,DONCASTER,21254,Renwood Timberline Znfdl,750mL,74,21.99,2024-01-01
69_MOUNTMEND_46580,69,MOUNTMEND,46580,Gode'II Rosso di Toscana,750mL,18,7.99,2024-01-01
41_LARNWICK_35414,41,LARNWICK,35414,Yellow Tail Shiraz Ausl,1.5L,44,8.95,2024-01-01
52_GRAYCOTT_3385,52,GRAYCOTT,3385,Pinnacle Strawbry Kiwi Vodka,1.75L,8,16.99,2024-01-01
54_GUTHRAM_28658,54,GUTHRAM,28658,R Mondavi Pnt Nr Pvt Sel,750mL,53,7.99,2024-01-01
63_SWORDBREAK_37312,63,SWORDBREAK,37312,Salmon Run NY Pnt Nr,750mL,5,14.99,2024-01-01
68_SOLARIS_5815,68,SOLARIS,5815,Godiva Dark Chocolate,750mL,14,21.99,2024-01-01
72_HARDERSFIELD_2663,72,HARDERSFIELD,2663,Dewars White Label,1.75L,60,29.99,2024-01-01
69_MOUNTMEND_4662,69,MOUNTMEND,4662,Capt Morgan White Traveler,1.75L,22,19.99,2024-01-01
45_VERITAS_3498,45,VERITAS,3498,Baileys Vanilla Cinnamon,750mL,7,18.99,2024-01-01
66_EANVERNESS_5597,66,EANVERNESS,5597,DeKuyper Watermelon Pucker,750mL,19,9.99,2024-01-01
63_SWORDBREAK_1365,63,SWORDBREAK,1365,Stoli Mini Bar 5/50mLs Pack,50mL 5 Pk,38,7.99,2024-01-01
61_AETHELNEY_5146,61,AETHELNEY,5146,Pama Pomegranate Liqueur,750mL,11,17.99,2024-01-01
42_BLACK HOLLOW_34580,42,BLACK HOLLOW,34580,Luce Della Vite Lucente Tosc,750mL,8,28.99,2024-01-01
52_GRAYCOTT_3625,52,GRAYCOTT,3625,Absolut 80 Proof,750mL,55,17.99,2024-01-01
52_GRAYCOTT_3678,52,GRAYCOTT,3678,Stolichnaya Ohranj,50mL,8,2.49,2024-01-01
70_KELD_7977,70,KELD,7977,M & R X Dry Vermouth,1.5L,11,10.49,2024-01-01
69_MOUNTMEND_6460,69,MOUNTMEND,6460,Columbia Crest Two Vns Chard,750mL,14,6.99,2024-01-01
69_MOUNTMEND_22819,69,MOUNTMEND,22819,Rozes Infanta Isabel 10 Yr,750mL,6,22.99,2024-01-01
67_EANVERNESS_35918,67,EANVERNESS,35918,Stone Cellars Pnt Grigio,1.5L,22,10.99,2024-01-01
44_PORTHCRAWL_11825,44,PORTHCRAWL,11825,Cupcake Cab Svgn,750mL,51,7.49,2024-01-01
62_KILMARNOCK_4762,62,KILMARNOCK,4762,Hartley Brandy VS,750mL,4,6.99,2024-01-01
54_GUTHRAM_20409,54,GUTHRAM,20409,NxNW Red Columbia Valley,750mL,10,14.99,2024-01-01
76_DONCASTER_15505,76,DONCASTER,15505,Mollydooker Carnival of Love,750mL,6,84.99,2024-01-01
44_PORTHCRAWL_8671,44,PORTHCRAWL,8671,Appleton Est Signature Rum,750mL,12,19.99,2024-01-01
55_DRY GULCH_41252,55,DRY GULCH,41252,Beringer Classic Pnt Grigio,1.5L,65,7.99,2024-01-01
48_NORFOLK_8128,48,NORFOLK,8128,Espolon Anejo Tequila,750mL,4,29.99,2024-01-01
70_KELD_2143,70,KELD,2143,Canadian Mist,1.75L,38,13.99,2024-01-01
58_HARTLEPOOL_5153,58,HARTLEPOOL,5153,Fireball Cinn Whisky Trav,750mL,16,15.99,2024-01-01
56_BEGGAR'S HOLE_5445,56,BEGGAR'S HOLE,5445,Jagermeister Liqueur,750mL,53,15.99,2024-01-01
50_MOUNTMEND_8120,50,MOUNTMEND,8120,Tribuno Sweet Vermouth,1.5L,18,8.99,2024-01-01
65_LUTON_6105,65,LUTON,6105,Midnight Moon,750mL,11,19.99,2024-01-01
59_CLAETHORPES_4899,59,CLAETHORPES,4899,Clement Mahina Coco Liqueur,750mL,6,19.99,2024-01-01
55_DRY GULCH_1136,55,DRY GULCH,1136,Malibu 50ml Sampler Pack,50mL 5 Pk,37,4.99,2024-01-01
64_CESTERFIELD_1920,64,CESTERFIELD,1920,Bowman Brothers Small Batch,750mL,3,29.99,2024-01-01
70_KELD_35914,70,KELD,35914,Stone Cellars Chard,1.5L,21,8.99,2024-01-01
42_BLACK HOLLOW_6873,42,BLACK HOLLOW,6873,Guigal Cotes du Rhone Red,750mL,4,14.99,2024-01-01
67_EANVERNESS_21672,67,EANVERNESS,21672,Peachy Canyon Westside Znfdl,750mL,15,17.99,2024-01-01
69_MOUNTMEND_16310,69,MOUNTMEND,16310,Mollydooker Scooter Merlot,750mL,13,25.99,2024-01-01
49_GARIGILL_11067,49,GARIGILL,11067,Sterling Chard,750mL,58,11.95,2024-01-01
42_BLACK HOLLOW_3618,42,BLACK HOLLOW,3618,Pinnacle Mimosa Vodka,750mL,4,9.99,2024-01-01
66_EANVERNESS_15399,66,EANVERNESS,15399,Lobster Reef Svgn Bl,750mL,17,10.99,2024-01-01
49_GARIGILL_22387,49,GARIGILL,22387,Gnarly Head Authentic Black,750mL,10,9.99,2024-01-01
69_MOUNTMEND_11499,69,MOUNTMEND,11499,C Krug Cab Svgn,750mL,20,26.99,2024-01-01
49_GARIGILL_19809,49,GARIGILL,19809,Ch Lassegue 07 St Emilion AC,750mL,5,46.99,2024-01-01
64_CESTERFIELD_3545,64,CESTERFIELD,3545,Ketel One Vodka,1.75L,93,31.99,2024-01-01
60_IRRAGIN_2628,60,IRRAGIN,2628,Dewars Special RSV 12-Yr,750mL,12,29.99,2024-01-01
54_GUTHRAM_41072,54,GUTHRAM,41072,Angeline Pnt Nr Rsv,750mL,62,11.99,2024-01-01
59_CLAETHORPES_4625,59,CLAETHORPES,4625,Courvoisier XO Cognac,750mL,3,139.99,2024-01-01
61_AETHELNEY_2514,61,AETHELNEY,2514,Bird Dog Peach Whiskey,750mL,15,14.99,2024-01-01
54_GUTHRAM_6824,54,GUTHRAM,6824,Kendall Jackson Pnt Nr Vtnr,750mL,39,14.99,2024-01-01
76_DONCASTER_44783,76,DONCASTER,44783,Scagliola Dolcetto Sempre,750mL,10,14.99,2024-01-01
76_DONCASTER_22524,76,DONCASTER,22524,Dry Creek Vyds Est Block 10,750mL,20,31.99,2024-01-01
76_DONCASTER_24842,76,DONCASTER,24842,Jacobs Crk Shrz/Cab Svgn,750mL,16,7.99,2024-01-01
61_AETHELNEY_7221,61,AETHELNEY,7221,M & R Sweet Vermouth,1.5L,10,10.49,2024-01-01
69_MOUNTMEND_24572,69,MOUNTMEND,24572,Galerie Latro Cab S Knights,750mL,5,49.99,2024-01-01
73_DONCASTER_23218,73,DONCASTER,23218,Tangent Chard,750mL,80,9.99,2024-01-01
66_EANVERNESS_18748,66,EANVERNESS,18748,Ca'Momi Bianco di Napa,750mL,17,8.29,2024-01-01
67_EANVERNESS_2741,67,EANVERNESS,2741,Scapa 10 Yr Old Single Malt,750mL,10,69.99,2024-01-01
68_SOLARIS_46098,68,SOLARIS,46098,Ch Ste Michelle Rsl Dry Colu,750mL,4,8.99,2024-01-01
70_KELD_5410,70,KELD,5410,Raspberry di Amore,750mL,16,7.99,2024-01-01
75_BARNCOMBE_4064,75,BARNCOMBE,4064,Calico Jack Pin/Coc Rum,1.75L,12,12.99,2024-01-01
50_MOUNTMEND_9145,50,MOUNTMEND,9145,Smirnoff Kissed Caramel,50mL,0,0.99,2024-01-01
72_HARDERSFIELD_46297,72,HARDERSFIELD,46297,Intorcia Marsala Dry,Liter,13,11.99,2024-01-01
60_IRRAGIN_2810,60,IRRAGIN,2810,Bib & Tucker Bourbon,750mL,6,55.99,2024-01-01
73_DONCASTER_2170,73,DONCASTER,2170,Woodford Reserve Bourbon,50mL,101,3.49,2024-01-01
66_EANVERNESS_34393,66,EANVERNESS,34393,Valckenberg Gewurz Pfalz,750mL,16,11.99,2024-01-01
60_IRRAGIN_4018,60,IRRAGIN,4018,Papa's Pilar Dark Rum,750mL,8,35.99,2024-01-01
59_CLAETHORPES_438,59,CLAETHORPES,438,Licor 43 Vanilla Liqueur,750mL,25,18.99,2024-01-01
60_IRRAGIN_6224,60,IRRAGIN,6224,La Belle Orange Liqueur,750mL,16,16.99,2024-01-01
71_CLARCTON_29619,71,CLARCTON,29619,Schmitt Sohne Auslese,750mL,12,15.99,2024-01-01
44_PORTHCRAWL_2496,44,PORTHCRAWL,2496,Crown Royal Black,1.75L,7,52.99,2024-01-01
63_SWORDBREAK_33149,63,SWORDBREAK,33149,Alamos Ridge Malbec Mendoza,750mL,18,8.99,2024-01-01
49_GARIGILL_5662,49,GARIGILL,5662,Skinnygirl W Peach Margarita,750mL,9,10.99,2024-01-01
54_GUTHRAM_24310,54,GUTHRAM,24310,Hi! Prosecco,750mL,10,12.99,2024-01-01
77_TAMWORTH_2122,77,TAMWORTH,2122,Canadian Club 1858,750mL,19,10.99,2024-01-01
71_CLARCTON_3201,71,CLARCTON,3201,Plymouth Gin,750mL,5,29.99,2024-01-01
56_BEGGAR'S HOLE_6937,56,BEGGAR'S HOLE,6937,Cavit Pinot Grigio,1.5L,80,9.99,2024-01-01
75_BARNCOMBE_3606,75,BARNCOMBE,3606,Smirnoff Raspberry Vodka,50mL,189,0.99,2024-01-01
60_IRRAGIN_2856,60,IRRAGIN,2856,Cragganmore 12-Yr Sngle Malt,750mL,14,55.99,2024-01-01
64_CESTERFIELD_39450,64,CESTERFIELD,39450,Ponzi Willamette Pnt Nr,750mL,3,34.99,2024-01-01
66_EANVERNESS_4062,66,EANVERNESS,4062,Goslings Dark'N Stormy RTD,250mL 4 Pk,18,8.99,2024-01-01
42_BLACK HOLLOW_4358,42,BLACK HOLLOW,4358,Mr Boston Light Rum,750mL,6,5.49,2024-01-01
63_SWORDBREAK_39335,63,SWORDBREAK,39335,Phillips Seven Deadly Znfdl,750mL,7,14.99,2024-01-01
45_VERITAS_5630,45,VERITAS,5630,Cabin Fever Maple Liqueur,750mL,11,17.99,2024-01-01
58_HARTLEPOOL_4502,58,HARTLEPOOL,4502,E & J XO Brandy,1.75L,8,21.99,2024-01-01
67_EANVERNESS_33967,67,EANVERNESS,33967,Prunotto Barbaresco Piedmont,750mL,12,41.99,2024-01-01
62_KILMARNOCK_12586,62,KILMARNOCK,12586,C Y Toro Frontera Malbec,1.5L,16,10.99,2024-01-01
68_SOLARIS_2749,68,SOLARIS,2749,John Begg Blue Cap,1.75L,6,16.99,2024-01-01
54_GUTHRAM_9360,54,GUTHRAM,9360,KAH Blanco Tequila,750mL,5,44.99,2024-01-01
59_CLAETHORPES_37731,59,CLAETHORPES,37731,Corbett Canyon Chard,3L,8,10.99,2024-01-01
49_GARIGILL_3292,49,GARIGILL,3292,GlenDronach 1995,750mL,10,169.99,2024-01-01
74_PAENTMARWY_3199,74,PAENTMARWY,3199,Grey Goose La Poire Vodka,1.75L,9,46.99,2024-01-01
63_SWORDBREAK_10421,63,SWORDBREAK,10421,Barefoot Moscato Cal,1.5L,33,10.99,2024-01-01
58_HARTLEPOOL_4199,58,HARTLEPOOL,4199,Sauza Blanco Tequila,1.75L,12,21.99,2024-01-01
45_VERITAS_41252,45,VERITAS,41252,Beringer Classic Pnt Grigio,1.5L,29,7.99,2024-01-01
47_PELLA'S WISH_6349,47,PELLA'S WISH,6349,Glen Ellen Chard RSV,1.5L,44,6.99,2024-01-01
44_PORTHCRAWL_36524,44,PORTHCRAWL,36524,Ch de Ribebon Brdx,750mL,4,14.99,2024-01-01
54_GUTHRAM_3879,54,GUTHRAM,3879,Smirnoff 80 Proof Traveler,750mL,16,10.99,2024-01-01
44_PORTHCRAWL_41253,44,PORTHCRAWL,41253,Ch St Jean Cab Svgn Cal,750mL,30,11.99,2024-01-01
43_WOLFORD_3085,43,WOLFORD,3085,Absolut Mini Bar 5/50mls,50mL 5 Pk,24,5.99,2024-01-01
73_DONCASTER_20992,73,DONCASTER,20992,Les Hauts de Lagarde Rouge,750mL,12,9.99,2024-01-01
55_DRY GULCH_24497,55,DRY GULCH,24497,Killibinbin Seduction Cab Sv,750mL,60,12.99,2024-01-01
59_CLAETHORPES_18380,59,CLAETHORPES,18380,Antinori Tenuta Marchese,750mL,6,37.99,2024-01-01
42_BLACK HOLLOW_15824,42,BLACK HOLLOW,15824,Nozzole Chianti Clsc RSV,750mL,11,16.99,2024-01-01
48_NORFOLK_3560,48,NORFOLK,3560,Ciroc Amaretto Vodka,375mL,71,15.49,2024-01-01
53_HILLFAR_984,53,HILLFAR,984,Patron XO Cafe Liqueur,750mL,6,25.99,2024-01-01
56_BEGGAR'S HOLE_2800,56,BEGGAR'S HOLE,2800,Laphroaig 15 Yr Single Malt,750mL,5,81.99,2024-01-01
53_HILLFAR_4249,53,HILLFAR,4249,Capt Morgan White Coconut,750mL,15,12.99,2024-01-01
67_EANVERNESS_1397,67,EANVERNESS,1397,Jim Beam Kentucky Fire,750mL,57,13.99,2024-01-01
67_EANVERNESS_33683,67,EANVERNESS,33683,R Mondavi Private Slct Chard,1.5L,15,20.99,2024-01-01
51_ABERDEEN_2772,51,ABERDEEN,2772,Talisker Storm Scotch,750mL,14,59.99,2024-01-01
60_IRRAGIN_2595,60,IRRAGIN,2595,Clontarf Irish Whiskey,750mL,9,16.99,2024-01-01
72_HARDERSFIELD_3821,72,HARDERSFIELD,3821,Smirnoff Vanilla Vodka,750mL,18,12.99,2024-01-01
66_EANVERNESS_4296,66,EANVERNESS,4296,Ronrico Silver Rum,1.75L,20,11.99,2024-01-01
47_PELLA'S WISH_12681,47,PELLA'S WISH,12681,The Crusher Pnt Nr,750mL,7,11.99,2024-01-01
66_EANVERNESS_6264,66,EANVERNESS,6264,Cooks Extra Dry,750mL,0,6.99,2024-01-01
73_DONCASTER_36894,73,DONCASTER,36894,Chambers Rosewood Muscat,375mL,9,11.99,2024-01-01
49_GARIGILL_38178,49,GARIGILL,38178,Rex Goliath Cab Svgn,750mL,21,5.99,2024-01-01
68_SOLARIS_21957,68,SOLARIS,21957,Cooks Spumante,750mL,9,6.99,2024-01-01
64_CESTERFIELD_2924,64,CESTERFIELD,2924,Speyburn 10-Yr Single Malt,750mL,8,23.99,2024-01-01
49_GARIGILL_11745,49,GARIGILL,11745,Colores del Sol Malbec Rsv,750mL,20,8.99,2024-01-01
67_EANVERNESS_5713,67,EANVERNESS,5713,DeKuyper Sour Apple Pucker,1.75L,20,16.99,2024-01-01
71_CLARCTON_8688,71,CLARCTON,8688,Paul Masson Chablis,3L,7,9.99,2024-01-01
73_DONCASTER_43013,73,DONCASTER,43013,Anastasi Estates Messinia Rd,750mL,0,11.99,2024-01-01
60_IRRAGIN_4105,60,IRRAGIN,4105,Patron XO Cafe Variety 3 Pak,50mL 3 Pk,20,6.99,2024-01-01
54_GUTHRAM_27911,54,GUTHRAM,27911,Ruffino Chianti Clsc Santeda,750mL,9,15.99,2024-01-01
66_EANVERNESS_44921,66,EANVERNESS,44921,Quinta do Crasto Douro Rd,750mL,2,16.99,2024-01-01
63_SWORDBREAK_7996,63,SWORDBREAK,7996,Stock Italian Sweet Vermouth,750mL,11,6.49,2024-01-01
50_MOUNTMEND_32907,50,MOUNTMEND,32907,Sterling Vintners Cltn Chard,750mL,77,8.99,2024-01-01
69_MOUNTMEND_3830,69,MOUNTMEND,3830,Grey Goose L'Orange Vodka,750mL,17,23.99,2024-01-01
55_DRY GULCH_6529,55,DRY GULCH,6529,William Hill Est Cab Svgn Na,750mL,28,34.99,2024-01-01
65_LUTON_40096,65,LUTON,40096,Black Box Cab Svgn,3L,12,18.99,2024-01-01
42_BLACK HOLLOW_23249,42,BLACK HOLLOW,23249,Rosemount Gewurz/Rsl,750mL,16,9.99,2024-01-01
73_DONCASTER_6688,73,DONCASTER,6688,Ch St Jean Chard California,750mL,60,9.99,2024-01-01
48_NORFOLK_39256,48,NORFOLK,39256,Schmitt Sohne Relax Mosel,750mL,18,10.99,2024-01-01
59_CLAETHORPES_4187,59,CLAETHORPES,4187,Kraken Black Spiced Rum,750mL,18,17.99,2024-01-01
55_DRY GULCH_43224,55,DRY GULCH,43224,Ch Beauchene Cotes du Rhone,750mL,22,13.99,2024-01-01
72_HARDERSFIELD_13665,72,HARDERSFIELD,13665,Josh Cellars Chard,750mL,54,12.99,2024-01-01
50_MOUNTMEND_10420,50,MOUNTMEND,10420,Barefoot Moscato Cal,750mL,79,4.99,2024-01-01
67_EANVERNESS_999,67,EANVERNESS,999,Jameson 18 Year Old,750mL,0,119.99,2024-01-01
63_SWORDBREAK_4380,63,SWORDBREAK,4380,Ron Virgin Heavy Bodied Rum,1.75L,15,13.99,2024-01-01
60_IRRAGIN_35590,60,IRRAGIN,35590,Tiziano Chianti,750mL,9,12.99,2024-01-01
44_PORTHCRAWL_7266,44,PORTHCRAWL,7266,Fonseca Bin No 27,750mL,4,13.99,2024-01-01
71_CLARCTON_4248,71,CLARCTON,4248,Spiced Root Marley Rum,750mL,3,14.99,2024-01-01
66_EANVERNESS_21081,66,EANVERNESS,21081,Martinelli Belle Vigna Pnt N,750mL,1,38.99,2024-01-01
76_DONCASTER_23286,76,DONCASTER,23286,Ch Pape Clement Bl Gr Cru 11,750mL,12,199.99,2024-01-01
48_NORFOLK_6278,48,NORFOLK,6278,Sterling Svgn Bl,750mL,4,10.95,2024-01-01
66_EANVERNESS_14342,66,EANVERNESS,14342,Cupcake Pnt Nr,750mL,124,7.49,2024-01-01
72_HARDERSFIELD_3726,72,HARDERSFIELD,3726,Gilbeys Vodka Traveler,750mL,43,4.99,2024-01-01
52_GRAYCOTT_10472,52,GRAYCOTT,10472,Clos du Bois Pnt Nr Cal,750mL,7,8.99,2024-01-01
57_LANTEGLOS_6552,57,LANTEGLOS,6552,Harveys Bristol Cream Sherry,1.5L,11,22.99,2024-01-01
44_PORTHCRAWL_3310,44,PORTHCRAWL,3310,Pinnacle Vodka,375mL,28,5.99,2024-01-01
71_CLARCTON_2792,71,CLARCTON,2792,Jim Beam Apple,50mL,1,0.99,2024-01-01
73_DONCASTER_4511,73,DONCASTER,4511,Camus Extra Elegance,750mL,6,339.99,2024-01-01
65_LUTON_366,65,LUTON,366,Crown Royal w/2 Glasses,750mL,3,21.99,2024-01-01
60_IRRAGIN_15837,60,IRRAGIN,15837,Ninety+Cellars Lot 37 Shiraz,750mL,14,7.99,2024-01-01
59_CLAETHORPES_5167,59,CLAETHORPES,5167,Banfi Grappa Castello,750mL,1,39.99,2024-01-01
49_GARIGILL_3310,49,GARIGILL,3310,Pinnacle Vodka,375mL,53,5.99,2024-01-01
46_TYWARDREATH_5392,46,TYWARDREATH,5392,Goldschlager Cinnamon Schnps,750mL,12,17.99,2024-01-01
64_CESTERFIELD_3376,64,CESTERFIELD,3376,Tommy Guns Vodka,750mL,8,39.99,2024-01-01
71_CLARCTON_1273,71,CLARCTON,1273,Jim Beam Choice,1.75L,15,31.99,2024-01-01
60_IRRAGIN_555,60,IRRAGIN,555,Art In The Age Sage,750mL,9,32.99,2024-01-01
53_HILLFAR_2753,53,HILLFAR,2753,Johnnie Walker Black Label,1.75L,41,61.99,2024-01-01
61_AETHELNEY_1309,61,AETHELNEY,1309,Makers Mark Cask Strength,750mL,0,59.99,2024-01-01
72_HARDERSFIELD_1244,72,HARDERSFIELD,1244,Jack Daniels Winter Jack,750mL,0,15.99,2024-01-01
71_CLARCTON_3244,71,CLARCTON,3244,Burnetts Vodka,750mL,27,6.79,2024-01-01
73_DONCASTER_25984,73,DONCASTER,25984,C Y Toro Casa Diablo Svgn Bl,750mL,35,9.99,2024-01-01
44_PORTHCRAWL_19748,44,PORTHCRAWL,19748,Clos du Bois Chard,1.5L,52,15.99,2024-01-01
42_BLACK HOLLOW_3637,42,BLACK HOLLOW,3637,Zhenka Vodka Plastic,750mL,11,5.29,2024-01-01
50_MOUNTMEND_2818,50,MOUNTMEND,2818,Rough Rider Straight Bourbon,750mL,10,32.99,2024-01-01
72_HARDERSFIELD_19814,72,HARDERSFIELD,19814,Rodney Strong Charlottes Svg,750mL,5,16.99,2024-01-01
49_GARIGILL_8223,49,GARIGILL,8223,Dom Chandon Blanc de Noir C,750mL,53,13.99,2024-01-01
61_AETHELNEY_4274,61,AETHELNEY,4274,Dictador 12 Yr Rum,750mL,3,29.99,2024-01-01
48_NORFOLK_6595,48,NORFOLK,6595,Bogle Merlot,750mL,25,7.99,2024-01-01
51_ABERDEEN_8053,51,ABERDEEN,8053,Seagrams 7 Crown,50mL,161,0.99,2024-01-01
68_SOLARIS_2802,68,SOLARIS,2802,SW4 London Dry Gin,750mL,7,24.99,2024-01-01
54_GUTHRAM_22388,54,GUTHRAM,22388,Hayes Valley Meritage Red CC,750mL,12,9.99,2024-01-01
71_CLARCTON_8446,71,CLARCTON,8446,Richards Wild Irish Rose Red,1.5L,11,5.99,2024-01-01
76_DONCASTER_19126,76,DONCASTER,19126,Delas Cotes du Rhone,750mL,15,12.99,2024-01-01
44_PORTHCRAWL_2756,44,PORTHCRAWL,2756,Jameson Caskmates,750mL,16,29.99,2024-01-01
64_CESTERFIELD_35960,64,CESTERFIELD,35960,Stags Leap Winery Chard Napa,750mL,11,29.99,2024-01-01
49_GARIGILL_8171,49,GARIGILL,8171,Leroux Blackberry Brandy,50mL,115,0.99,2024-01-01
49_GARIGILL_6523,49,GARIGILL,6523,Franzia Burgundy Tap Red,5L,7,16.99,2024-01-01
68_SOLARIS_16351,68,SOLARIS,16351,Girls in the Vineyard Cab S,750mL,4,18.99,2024-01-01
61_AETHELNEY_8214,61,AETHELNEY,8214,E & J Brandy VS,750mL,28,9.99,2024-01-01
74_PAENTMARWY_825,74,PAENTMARWY,825,Johnnie Walker Black Label,Liter,28,41.99,2024-01-01
75_BARNCOMBE_8123,75,BARNCOMBE,8123,Mouton Cadet Red Brdx,750mL,7,12.99,2024-01-01
67_EANVERNESS_1045,67,EANVERNESS,1045,Glenfiddich Trio 200ml Pack,200mL 3 Pk,25,49.99,2024-01-01
73_DONCASTER_15194,73,DONCASTER,15194,Billecart-Salmon Brut Rose,750mL,17,75.99,2024-01-01
59_CLAETHORPES_1634,59,CLAETHORPES,1634,The Famous Grouse,1.75L,11,27.99,2024-01-01
60_IRRAGIN_838,60,IRRAGIN,838,Bols Cherry Flavored Brandy,Liter,12,10.99,2024-01-01
56_BEGGAR'S HOLE_3835,56,BEGGAR'S HOLE,3835,Smirnoff Raspberry Vodka,750mL,8,12.99,2024-01-01
66_EANVERNESS_33574,66,EANVERNESS,33574,Morgan Winery Syrah G-17 Mon,750mL,8,17.99,2024-01-01
72_HARDERSFIELD_33819,72,HARDERSFIELD,33819,Sokol Blosser Evolution Whit,750mL,9,15.99,2024-01-01
59_CLAETHORPES_6157,59,CLAETHORPES,6157,Kinky Blue Liqueur,375mL,12,7.99,2024-01-01
54_GUTHRAM_4389,54,GUTHRAM,4389,Amaro Montenegro Liqueur,750mL,4,22.99,2024-01-01
53_HILLFAR_6873,53,HILLFAR,6873,Guigal Cotes du Rhone Red,750mL,11,14.99,2024-01-01
44_PORTHCRAWL_7978,44,PORTHCRAWL,7978,M & R X Dry Vermouth,750mL,15,7.49,2024-01-01
60_IRRAGIN_34439,60,IRRAGIN,34439,Toad Hollow Mendocino Chard,750mL,10,15.99,2024-01-01
71_CLARCTON_37822,71,CLARCTON,37822,Frescobaldi Chianti RSV Nip,750mL,13,23.49,2024-01-01
61_AETHELNEY_4820,61,AETHELNEY,4820,Jack Daniel's Twin Smoke BTB,750mL,12,49.99,2024-01-01
62_KILMARNOCK_381,62,KILMARNOCK,381,Baileys Irish Cream w/4 Glss,750mL,0,18.99,2024-01-01
69_MOUNTMEND_23680,69,MOUNTMEND,23680,A Bichot Cremant Brut Rose,750mL,12,19.99,2024-01-01
55_DRY GULCH_6525,55,DRY GULCH,6525,Du Peyrat Organic Cognac,750mL,12,39.99,2024-01-01
59_CLAETHORPES_7865,59,CLAETHORPES,7865,Moet & Chandon Imperial,750mL,69,34.99,2024-01-01
70_KELD_4264,70,KELD,4264,Capt Morgan Spiced Rum Trav,750mL,28,14.99,2024-01-01
62_KILMARNOCK_26463,62,KILMARNOCK,26463,Ravenswood Vints Blend Znfdl,750mL,17,7.99,2024-01-01
55_DRY GULCH_1836,55,DRY GULCH,1836,Tyrconnell Irish Whiskey,750mL,12,29.99,2024-01-01
67_EANVERNESS_32835,67,EANVERNESS,32835,Mionetto Prosecco Superiore,750mL,14,17.99,2024-01-01
47_PELLA'S WISH_4818,47,PELLA'S WISH,4818,Skyy Infusions Pacific Blueb,750mL,8,12.99,2024-01-01
69_MOUNTMEND_15954,69,MOUNTMEND,15954,Jacobs Crk Moscato Rose,750mL,5,14.99,2024-01-01
57_LANTEGLOS_273,57,LANTEGLOS,273,Sauza Extra Gold Tequila,1.75L,41,21.99,2024-01-01
42_BLACK HOLLOW_8424,42,BLACK HOLLOW,8424,1800 Coconut Tequila,750mL,9,22.99,2024-01-01
76_DONCASTER_10596,76,DONCASTER,10596,Almaden Mt Rhine Calif B/B,5L,13,14.99,2024-01-01
42_BLACK HOLLOW_43777,42,BLACK HOLLOW,43777,Ben Marco Cab Svgn,750mL,8,17.99,2024-01-01
57_LANTEGLOS_5452,57,LANTEGLOS,5452,Bauchant XO Apple,750mL,0,11.99,2024-01-01
56_BEGGAR'S HOLE_5507,56,BEGGAR'S HOLE,5507,Arrow Blackberry Brandy,750mL,4,5.99,2024-01-01
52_GRAYCOTT_3174,52,GRAYCOTT,3174,Cold River Vodka,750mL,4,29.99,2024-01-01
62_KILMARNOCK_5505,62,KILMARNOCK,5505,Pallini Limoncello Liqueur,750mL,12,18.99,2024-01-01
50_MOUNTMEND_5725,50,MOUNTMEND,5725,DeKuyper Sour Apple Pucker,750mL,20,9.99,2024-01-01
44_PORTHCRAWL_2432,44,PORTHCRAWL,2432,Crown Royal,750mL,333,21.99,2024-01-01
48_NORFOLK_2960,48,NORFOLK,2960,The Macallan Fine Oak 15 Yr,750mL,3,94.99,2024-01-01
69_MOUNTMEND_8612,69,MOUNTMEND,8612,Grand Marnier,1.75L,17,67.99,2024-01-01
61_AETHELNEY_4222,61,AETHELNEY,4222,Bacardi Gold Rum,750mL,26,9.99,2024-01-01
54_GUTHRAM_15229,54,GUTHRAM,15229,The Prisoner Red Napa Valley,750mL,56,39.95,2024-01-01
69_MOUNTMEND_19603,69,MOUNTMEND,19603,Ch Jean De Gue Lalande 10,750mL,2,42.99,2024-01-01
60_IRRAGIN_13887,60,IRRAGIN,13887,Nicolis Amarone Valpo Clsc,750mL,1,47.99,2024-01-01
66_EANVERNESS_24285,66,EANVERNESS,24285,Dom Clavel Languedoc,750mL,48,13.99,2024-01-01
56_BEGGAR'S HOLE_26821,56,BEGGAR'S HOLE,26821,Estancia Merlot Central Cst,750mL,8,9.99,2024-01-01
56_BEGGAR'S HOLE_8450,56,BEGGAR'S HOLE,8450,E & J Brandy VS,1.75L,5,18.99,2024-01-01
50_MOUNTMEND_6240,50,MOUNTMEND,6240,Riunite Raspberry,1.5L,9,8.99,2024-01-01
43_WOLFORD_34647,43,WOLFORD,34647,Terrazas Alto Malbec Argn,750mL,11,8.49,2024-01-01
56_BEGGAR'S HOLE_2658,56,BEGGAR'S HOLE,2658,Cutty Sark,750mL,8,15.99,2024-01-01
52_GRAYCOTT_5299,52,GRAYCOTT,5299,Southern Comfort,1.75L,18,19.99,2024-01-01
55_DRY GULCH_18507,55,DRY GULCH,18507,Cakebread Cab Svgn,750mL,15,64.99,2024-01-01
67_EANVERNESS_22569,67,EANVERNESS,22569,Bota Box Svgn Bl,3L,9,17.99,2024-01-01
75_BARNCOMBE_4294,75,BARNCOMBE,4294,Goslings Black Seal 151,750mL,18,15.99,2024-01-01
49_GARIGILL_8023,49,GARIGILL,8023,DeKuyper Triple Sec,750mL,24,4.49,2024-01-01
69_MOUNTMEND_2743,69,MOUNTMEND,2743,Linkwood 15 Yr Old Sngl Malt,750mL,16,79.99,2024-01-01
73_DONCASTER_2748,73,DONCASTER,2748,Johnnie Walker Blue Label,1.75L,7,319.99,2024-01-01
50_MOUNTMEND_3288,50,MOUNTMEND,3288,Svedka Strwbry Lemonad Vodka,1.75L,0,22.99,2024-01-01
42_BLACK HOLLOW_16610,42,BLACK HOLLOW,16610,Leese-Fitch Cab Svgn,750mL,7,10.99,2024-01-01
63_SWORDBREAK_4437,63,SWORDBREAK,4437,Mount Gay Eclipse,1.75L,20,33.99,2024-01-01
55_DRY GULCH_24088,55,DRY GULCH,24088,Hess Select Cab Svgn,750mL,39,16.99,2024-01-01
65_LUTON_7345,65,LUTON,7345,M & R Asti,750mL,24,9.99,2024-01-01
65_LUTON_129,65,LUTON,129,Grey Goose L'Orange Vodka,Liter,4,31.99,2024-01-01
73_DONCASTER_29400,73,DONCASTER,29400,Ch D'Arcins Haut Medoc,750mL,18,20.99,2024-01-01
68_SOLARIS_5371,68,SOLARIS,5371,Dr McGillicudy's Buttersctch,50mL,8,0.99,2024-01-01
46_TYWARDREATH_33682,46,TYWARDREATH,33682,R Mondavi Priv Slctn Cab Svg,1.5L,3,20.99,2024-01-01
66_EANVERNESS_31200,66,EANVERNESS,31200,Banfi Rosso di Montalcino,750mL,26,20.99,2024-01-01
72_HARDERSFIELD_4882,72,HARDERSFIELD,4882,Arrow Coffee Brandy,750mL,19,6.49,2024-01-01
55_DRY GULCH_5318,55,DRY GULCH,5318,Benedictine Liqueur Dom,750mL,21,24.99,2024-01-01
76_DONCASTER_1042,76,DONCASTER,1042,Benchmark Egg Nog,750mL,13,6.99,2024-01-01
73_DONCASTER_2626,73,DONCASTER,2626,Crown Royal Regal Apple,50mL,0,1.99,2024-01-01
55_DRY GULCH_2586,55,DRY GULCH,2586,Jameson Irish Whiskey,50mL,107,2.99,2024-01-01
71_CLARCTON_21985,71,CLARCTON,21985,Menage a Trois Midnight,750mL,75,9.95,2024-01-01
45_VERITAS_37826,45,VERITAS,37826,Yellow Tail Cab Svgn Ausl,750mL,7,7.99,2024-01-01
55_DRY GULCH_23795,55,DRY GULCH,23795,Casa Silva Carmenere,750mL,48,19.99,2024-01-01
61_AETHELNEY_11213,61,AETHELNEY,11213,Meiomi Pnt Nr,750mL,15,18.99,2024-01-01
68_SOLARIS_2517,68,SOLARIS,2517,Balvenie 14 Yr Caribean Cask,750mL,5,71.99,2024-01-01
49_GARIGILL_7986,49,GARIGILL,7986,Sapling Vermont Maple Liquer,750mL,6,29.99,2024-01-01
67_EANVERNESS_16232,67,EANVERNESS,16232,Blackstone Delectable Red,750mL,23,8.99,2024-01-01
42_BLACK HOLLOW_8491,42,BLACK HOLLOW,8491,Forbidden Secret Dark Mocha,750mL,6,19.99,2024-01-01
59_CLAETHORPES_3894,59,CLAETHORPES,3894,Zhenka Vodka 100 Proof,1.75L,25,11.99,2024-01-01
67_EANVERNESS_8438,67,EANVERNESS,8438,Capt Morgan White Grapefruit,50mL,92,0.99,2024-01-01
51_ABERDEEN_8021,51,ABERDEEN,8021,Glenfiddich Special Rsv 12,750mL,14,42.99,2024-01-01
65_LUTON_10957,65,LUTON,10957,Seaglass Svgn Bl Snt Barbara,750mL,10,8.99,2024-01-01
69_MOUNTMEND_19827,69,MOUNTMEND,19827,Pomino Chard,750mL,11,17.99,2024-01-01
55_DRY GULCH_1021,55,DRY GULCH,1021,St Brendans Peppermint Bark,750mL,11,13.99,2024-01-01
76_DONCASTER_18534,76,DONCASTER,18534,Candia Vyds Black Ice,375mL,12,27.99,2024-01-01
76_DONCASTER_44912,76,DONCASTER,44912,Broadbent Madeira Rainwater,750mL,15,15.99,2024-01-01
49_GARIGILL_13967,49,GARIGILL,13967,Villa Sandi Il Fresco Prosec,750mL,45,12.99,2024-01-01
69_MOUNTMEND_14961,69,MOUNTMEND,14961,Stone Barn Cab Svgn,750mL,3,4.79,2024-01-01
72_HARDERSFIELD_40054,72,HARDERSFIELD,40054,Campo Viejo Tempranillo RSV,750mL,13,12.99,2024-01-01
62_KILMARNOCK_8442,62,KILMARNOCK,8442,1800 Silver Tequila,375mL,10,14.49,2024-01-01
59_CLAETHORPES_1520,59,CLAETHORPES,1520,Pinnacle Vodka Cane 4/50mls,50mL 4 Pk,13,3.99,2024-01-01
67_EANVERNESS_5223,67,EANVERNESS,5223,Paul Masson Red Berry Brandy,750mL,9,8.99,2024-01-01
55_DRY GULCH_41927,55,DRY GULCH,41927,Ch Lamothe de Haux Wh Brdx,750mL,11,13.99,2024-01-01
45_VERITAS_42422,45,VERITAS,42422,Firesteed Pnt Nr Ore,750mL,23,12.99,2024-01-01
54_GUTHRAM_2290,54,GUTHRAM,2290,Jim Beam Devils Cut Bourbon,750mL,7,23.99,2024-01-01
45_VERITAS_2675,45,VERITAS,2675,Crown Royal XO,750mL,3,44.99,2024-01-01
53_HILLFAR_8101,53,HILLFAR,8101,Tanqueray,50mL,141,1.99,2024-01-01
49_GARIGILL_2484,49,GARIGILL,2484,Tatoosh Bourbon,750mL,15,50.99,2024-01-01
42_BLACK HOLLOW_18357,42,BLACK HOLLOW,18357,Cavit Alta Luna Phases Rosso,750mL,8,9.99,2024-01-01
61_AETHELNEY_3158,61,AETHELNEY,3158,Pinnacle Tropical Punch,1.75L,63,16.99,2024-01-01
68_SOLARIS_29646,68,SOLARIS,29646,Hartley & Gibson Amontillad,750mL,9,12.99,2024-01-01
76_DONCASTER_19748,76,DONCASTER,19748,Clos du Bois Chard,1.5L,170,15.99,2024-01-01
66_EANVERNESS_25046,66,EANVERNESS,25046,Bully Hill Love My Goat Rd,750mL,18,8.99,2024-01-01
61_AETHELNEY_1962,61,AETHELNEY,1962,Jim Beam Apple,750mL,11,13.99,2024-01-01
76_DONCASTER_4431,76,DONCASTER,4431,Screech Rum,750mL,17,14.99,2024-01-01
68_SOLARIS_4627,68,SOLARIS,4627,Wiggly Bridge Gold Rum,750mL,12,49.99,2024-01-01
64_CESTERFIELD_34460,64,CESTERFIELD,34460,Dr Loosen Rsl 'Dr L' M,750mL,23,12.99,2024-01-01
55_DRY GULCH_971,55,DRY GULCH,971,Sauza Extra Gold Tequila,Liter,19,15.99,2024-01-01
60_IRRAGIN_3405,60,IRRAGIN,3405,Tito's Handmade Vodka,1.75L,133,29.99,2024-01-01
43_WOLFORD_6234,43,WOLFORD,6234,C Y Toro Front Cab/Merlot,1.5L,9,10.99,2024-01-01
43_WOLFORD_3804,43,WOLFORD,3804,Svedka Vodka,750mL,14,9.99,2024-01-01
50_MOUNTMEND_21824,50,MOUNTMEND,21824,Taken Red Napa,750mL,14,24.99,2024-01-01
73_DONCASTER_24260,73,DONCASTER,24260,Red Car Ritchie Vyd Chard,750mL,12,52.99,2024-01-01
69_MOUNTMEND_20428,69,MOUNTMEND,20428,Fattoria Poggio Red 10,750mL,3,53.99,2024-01-01
70_KELD_8102,70,KELD,8102,Absolut Mandrin,1.75L,3,24.99,2024-01-01
76_DONCASTER_25622,76,DONCASTER,25622,Forest Glen Chard,750mL,20,8.99,2024-01-01
71_CLARCTON_21369,71,CLARCTON,21369,Kendall Jackson Grand Pnt Nr,750mL,8,21.99,2024-01-01
42_BLACK HOLLOW_13694,42,BLACK HOLLOW,13694,MacMurray Ranch Chard Sonoma,750mL,10,15.99,2024-01-01
50_MOUNTMEND_3580,50,MOUNTMEND,3580,Smirnoff Orange Vodka,750mL,18,12.99,2024-01-01
47_PELLA'S WISH_3690,47,PELLA'S WISH,3690,Tanqueray Ten Gin,750mL,8,27.99,2024-01-01
54_GUTHRAM_6624,54,GUTHRAM,6624,Poli Sarpa Grappa,750mL,5,49.99,2024-01-01
49_GARIGILL_759,49,GARIGILL,759,Bunnahabhain 12 Yr Single,750mL,7,51.99,2024-01-01
48_NORFOLK_3568,48,NORFOLK,3568,Pearl Cucumber Vodka,50mL,177,0.99,2024-01-01
48_NORFOLK_6319,48,NORFOLK,6319,Santa Cristina Toscana,750mL,7,10.99,2024-01-01
67_EANVERNESS_24357,67,EANVERNESS,24357,Bota Box Nighthawk Dark Red,3L,9,21.99,2024-01-01
68_SOLARIS_6267,68,SOLARIS,6267,Kinky Gold Liqueur,750mL,8,16.99,2024-01-01
44_PORTHCRAWL_6828,44,PORTHCRAWL,6828,Santa Rita RSV Cab Svgn,750mL,13,9.99,2024-01-01
73_DONCASTER_175,73,DONCASTER,175,1800 Anejo Tequila,750mL,18,41.99,2024-01-01
62_KILMARNOCK_7993,62,KILMARNOCK,7993,Stock Italian X Dry Vermouth,750mL,4,6.49,2024-01-01
64_CESTERFIELD_1355,64,CESTERFIELD,1355,Knob Creek Bourbon,50mL,12,3.49,2024-01-01
50_MOUNTMEND_4223,50,MOUNTMEND,4223,Bacardi Gold Rum,1.75L,32,19.99,2024-01-01
49_GARIGILL_22291,49,GARIGILL,22291,Locations E Red Spanish,750mL,51,16.99,2024-01-01
55_DRY GULCH_8781,55,DRY GULCH,8781,Rodney Strong Cab Svgn,750mL,104,15.99,2024-01-01
63_SWORDBREAK_5847,63,SWORDBREAK,5847,Godiva Chocolate Liqueur,750mL,10,21.99,2024-01-01
49_GARIGILL_1893,49,GARIGILL,1893,Port Charlotte Scotch Barley,750mL,6,59.99,2024-01-01
69_MOUNTMEND_35471,69,MOUNTMEND,35471,R M Woodbridge Pnt Grigio,750mL,32,7.99,2024-01-01
68_SOLARIS_39717,68,SOLARIS,39717,Estancia Pnt Grigio Cal,750mL,6,9.99,2024-01-01
49_GARIGILL_45322,49,GARIGILL,45322,Zabrin de Fuego Garnacha,750mL,39,8.99,2024-01-01
69_MOUNTMEND_25415,69,MOUNTMEND,25415,Schlosskellerei Gobelsburg,750mL,21,13.99,2024-01-01
66_EANVERNESS_2465,66,EANVERNESS,2465,Crown Royal Mini,50mL,28,2.99,2024-01-01
68_SOLARIS_2917,68,SOLARIS,2917,Paddy's Irish Whiskey,750mL,1,19.99,2024-01-01
63_SWORDBREAK_8512,63,SWORDBREAK,8512,Baileys Irish Cream,750mL,50,18.99,2024-01-01
75_BARNCOMBE_16320,75,BARNCOMBE,16320,Ninety+Cellars Lot 42 Pnt Gr,750mL,6,8.99,2024-01-01
67_EANVERNESS_8965,67,EANVERNESS,8965,St George Absinthe Verte,750mL,6,54.99,2024-01-01
56_BEGGAR'S HOLE_3606,56,BEGGAR'S HOLE,3606,Smirnoff Raspberry Vodka,50mL,222,0.99,2024-01-01
46_TYWARDREATH_2696,46,TYWARDREATH,2696,McClelland Highland Sgl Malt,1.75L,5,33.99,2024-01-01
74_PAENTMARWY_8033,74,PAENTMARWY,8033,Jack Daniels No 7 Black,50mL,108,2.99,2024-01-01
66_EANVERNESS_22958,66,EANVERNESS,22958,Cavit Select Red Blend,750mL,23,6.99,2024-01-01
42_BLACK HOLLOW_21382,42,BLACK HOLLOW,21382,Barkan Clsc Merlot,750mL,9,13.99,2024-01-01
66_EANVERNESS_4243,66,EANVERNESS,4243,Bacardi Superior Rum,1.75L,395,19.99,2024-01-01
66_EANVERNESS_2660,66,EANVERNESS,2660,Jameson Rarest Vintage Rsv,750mL,3,299.99,2024-01-01
46_TYWARDREATH_29469,46,TYWARDREATH,29469,Round Hill Merlot Cal,1.5L,6,13.99,2024-01-01
42_BLACK HOLLOW_3389,42,BLACK HOLLOW,3389,Seagrams Extra Dry Gin,1.75L,20,16.99,2024-01-01
48_NORFOLK_13711,48,NORFOLK,13711,Venta Morales Tempranillo,750mL,4,9.99,2024-01-01
65_LUTON_32675,65,LUTON,32675,Blackstone Cab Svgn Cal,750mL,7,7.99,2024-01-01
55_DRY GULCH_36766,55,DRY GULCH,36766,Ravenswood Znfdl Lodi,750mL,9,16.99,2024-01-01
45_VERITAS_8118,45,VERITAS,8118,Mr Boston Blackberry Brandy,750mL,14,5.99,2024-01-01
56_BEGGAR'S HOLE_8231,56,BEGGAR'S HOLE,8231,Folonari Valpolicella,1.5L,9,12.99,2024-01-01
50_MOUNTMEND_39654,50,MOUNTMEND,39654,Sutter Home Pnt Grigio Cal,1.5L,7,9.99,2024-01-01
55_DRY GULCH_41912,55,DRY GULCH,41912,Matua Pnt Nr Marlboro,750mL,17,12.99,2024-01-01
47_PELLA'S WISH_2755,47,PELLA'S WISH,2755,Johnnie Walker Red Label,750mL,12,24.99,2024-01-01
73_DONCASTER_4939,73,DONCASTER,4939,Kapali Coffee,1.75L,25,15.99,2024-01-01
71_CLARCTON_4787,71,CLARCTON,4787,Appleton Special Gold Rum,1.75L,11,19.99,2024-01-01
45_VERITAS_1348,45,VERITAS,1348,Knob Creek Bourbon,375mL,9,15.99,2024-01-01
74_PAENTMARWY_1348,74,PAENTMARWY,1348,Knob Creek Bourbon,375mL,20,15.99,2024-01-01
66_EANVERNESS_6293,66,EANVERNESS,6293,Fetzer Gewurz,750mL,29,9.99,2024-01-01
57_LANTEGLOS_8203,57,LANTEGLOS,8203,Grand Marnier,50mL,120,2.99,2024-01-01
59_CLAETHORPES_4979,59,CLAETHORPES,4979,Patron Silver Tequila,Liter,15,79.99,2024-01-01
71_CLARCTON_5134,71,CLARCTON,5134,Dr McGillicuddy's Cherry,750mL,56,12.99,2024-01-01
49_GARIGILL_8345,49,GARIGILL,8345,R M Woodbridge Cab Svgn Cal,750mL,30,7.99,2024-01-01
60_IRRAGIN_4705,60,IRRAGIN,4705,Blue Chair Bay Banana Rum,50mL,21,0.99,2024-01-01
67_EANVERNESS_46119,67,EANVERNESS,46119,Phillips Lust Znfdl Lodi,750mL,19,56.99,2024-01-01
73_DONCASTER_18013,73,DONCASTER,18013,Cecchi Sangiovese,750mL,155,7.99,2024-01-01
76_DONCASTER_4243,76,DONCASTER,4243,Bacardi Superior Rum,1.75L,436,19.99,2024-01-01
62_KILMARNOCK_15295,62,KILMARNOCK,15295,Flip Flop Pnt Grigio,750mL,16,4.99,2024-01-01
64_CESTERFIELD_35967,64,CESTERFIELD,35967,Cloudy Bay Chard Marlboro,750mL,13,24.99,2024-01-01
76_DONCASTER_17487,76,DONCASTER,17487,The Naked Grape Harvest Red,750mL,18,6.99,2024-01-01
76_DONCASTER_3089,76,DONCASTER,3089,Evan Williams Honey Reserve,750mL,16,13.99,2024-01-01
42_BLACK HOLLOW_40621,42,BLACK HOLLOW,40621,Santa Margherita Prosecco V,750mL,2,17.99,2024-01-01
67_EANVERNESS_8626,67,EANVERNESS,8626,Ezra Brooks,1.75L,14,15.99,2024-01-01
69_MOUNTMEND_28163,69,MOUNTMEND,28163,Villa Maria Svgn Bl Pvt Bin,750mL,45,11.99,2024-01-01
42_BLACK HOLLOW_1896,42,BLACK HOLLOW,1896,The Glenlivet 18 Yr Single,750mL,3,99.99,2024-01-01
67_EANVERNESS_21529,67,EANVERNESS,21529,Ch St Sulpice Rose 13,750mL,14,12.99,2024-01-01
68_SOLARIS_45525,68,SOLARIS,45525,Natura Colchagua Carmenere,750mL,17,11.99,2024-01-01
67_EANVERNESS_5125,67,EANVERNESS,5125,DeKuyper Anisette,750mL,33,7.99,2024-01-01
54_GUTHRAM_15043,54,GUTHRAM,15043,Cuvee Aurora Rose Sparkling,750mL,4,22.99,2024-01-01
64_CESTERFIELD_35075,64,CESTERFIELD,35075,Clos LaChance Chard,750mL,12,11.99,2024-01-01
69_MOUNTMEND_44719,69,MOUNTMEND,44719,Cavit Prosecco Lunetta,750mL,111,9.99,2024-01-01
74_PAENTMARWY_6946,74,PAENTMARWY,6946,Rosemount Diamond Cab Svgn,750mL,11,8.99,2024-01-01
65_LUTON_3425,65,LUTON,3425,Olmeca Altos Plata Tequila,750mL,8,20.99,2024-01-01
73_DONCASTER_44828,73,DONCASTER,44828,Nicolis Valpo Clsc,750mL,22,13.99,2024-01-01
71_CLARCTON_4703,71,CLARCTON,4703,Blue Chair Bay Coconut Rum,50mL,13,0.99,2024-01-01
69_MOUNTMEND_3510,69,MOUNTMEND,3510,Smirnoff Light Lemon Sorbet,750mL,68,12.99,2024-01-01
52_GRAYCOTT_2433,52,GRAYCOTT,2433,Crown Royal X R Extra Rare,750mL,2,131.99,2024-01-01
74_PAENTMARWY_8246,74,PAENTMARWY,8246,BV Coastal Estate Pnt Nr,750mL,54,10.99,2024-01-01
66_EANVERNESS_4760,66,EANVERNESS,4760,Kinky Flame Whisky,750mL,100,16.99,2024-01-01
66_EANVERNESS_1347,66,EANVERNESS,1347,Bakers Bourbon,750mL,56,39.99,2024-01-01
75_BARNCOMBE_8823,75,BARNCOMBE,8823,Leroux Apricot Brandy,750mL,16,7.99,2024-01-01
43_WOLFORD_14706,43,WOLFORD,14706,Cupcake Prosecco,750mL,31,6.99,2024-01-01
76_DONCASTER_15915,76,DONCASTER,15915,Simply Naked Cab Svgn,750mL,20,4.49,2024-01-01
61_AETHELNEY_19662,61,AETHELNEY,19662,Santa Rita 120 Svgn Bl,750mL,11,5.99,2024-01-01
60_IRRAGIN_46429,60,IRRAGIN,46429,Villa Pozzi Pnt Grigio Vnzie,750mL,11,8.99,2024-01-01
66_EANVERNESS_28474,66,EANVERNESS,28474,Burgans Albarino Baixas Rio,750mL,34,14.99,2024-01-01
56_BEGGAR'S HOLE_2290,56,BEGGAR'S HOLE,2290,Jim Beam Devils Cut Bourbon,750mL,15,23.99,2024-01-01
42_BLACK HOLLOW_32054,42,BLACK HOLLOW,32054,Greg Norman Lmstn Cab/Merlot,750mL,14,11.99,2024-01-01
49_GARIGILL_2465,49,GARIGILL,2465,Crown Royal Mini,50mL,72,2.99,2024-01-01
76_DONCASTER_28258,76,DONCASTER,28258,Nathanson Creek Cab Svgn,1.5L,17,7.99,2024-01-01
63_SWORDBREAK_5708,63,SWORDBREAK,5708,Dr McGillicuddy's Root Beer,50mL,0,0.99,2024-01-01
59_CLAETHORPES_8472,59,CLAETHORPES,8472,1800 Silver Tequila,750mL,43,21.99,2024-01-01
48_NORFOLK_35976,48,NORFOLK,35976,Zeller Schwarze Rsl Valcknbg,750mL,0,9.99,2024-01-01
55_DRY GULCH_1135,55,DRY GULCH,1135,Rebel Reserve Bourbon,750mL,11,20.99,2024-01-01
48_NORFOLK_5952,48,NORFOLK,5952,Jagermeister Liqueur,50mL,38,1.99,2024-01-01
69_MOUNTMEND_2602,69,MOUNTMEND,2602,Caol Ila 12 Yr Islay Single,750mL,6,56.99,2024-01-01
66_EANVERNESS_6429,66,EANVERNESS,6429,C Y Toro Frontera Svgn Bl,1.5L,48,10.99,2024-01-01
57_LANTEGLOS_6249,57,LANTEGLOS,6249,Rodney Strong Chard,750mL,62,12.99,2024-01-01
52_GRAYCOTT_8329,52,GRAYCOTT,8329,R Mondavi Chard Pvt Sel,750mL,14,7.99,2024-01-01
59_CLAETHORPES_8296,59,CLAETHORPES,8296,Knob Creek Smoked Maple,750mL,6,27.99,2024-01-01
76_DONCASTER_8212,76,DONCASTER,8212,Krupnik Spiced Honey Liqueur,375mL,13,22.99,2024-01-01
67_EANVERNESS_3919,67,EANVERNESS,3919,Hornitos Reposado Tequila,375mL,26,12.99,2024-01-01
76_DONCASTER_24386,76,DONCASTER,24386,O Leflv Ruly Cr Ls Cloux,750mL,12,28.99,2024-01-01
67_EANVERNESS_4278,67,EANVERNESS,4278,Capt Morgan Parrot Bay Cocnt,750mL,23,11.99,2024-01-01
55_DRY GULCH_23334,55,DRY GULCH,23334,Ch Lalande Borie 11 Julien,750mL,9,31.99,2024-01-01
58_HARTLEPOOL_8962,58,HARTLEPOOL,8962,Pimms Cup No 1,750mL,5,17.99,2024-01-01
75_BARNCOMBE_16260,75,BARNCOMBE,16260,The Dreaming Tree Cab Svgn,750mL,26,11.99,2024-01-01
76_DONCASTER_24018,76,DONCASTER,24018,Fontanafredda Barolo Serralu,Liter,3,36.99,2024-01-01
65_LUTON_46379,65,LUTON,46379,Ghost Pine Cab Svgn LMartini,750mL,16,16.99,2024-01-01
49_GARIGILL_1215,49,GARIGILL,1215,Tullibardine Sherry Finish,750mL,12,64.99,2024-01-01
73_DONCASTER_32809,73,DONCASTER,32809,Flag Hill Marechal Foch NH,750mL,16,12.99,2024-01-01
61_AETHELNEY_8425,61,AETHELNEY,8425,Studebaker Manhattan RTD,750mL,12,21.99,2024-01-01
55_DRY GULCH_4979,55,DRY GULCH,4979,Patron Silver Tequila,Liter,33,79.99,2024-01-01
54_GUTHRAM_4664,54,GUTHRAM,4664,Hennessy Black Cognac,750mL,11,34.99,2024-01-01
47_PELLA'S WISH_32907,47,PELLA'S WISH,32907,Sterling Vintners Cltn Chard,750mL,122,8.99,2024-01-01
73_DONCASTER_14054,73,DONCASTER,14054,Seaglass Rsl,750mL,53,8.99,2024-01-01
70_KELD_8847,70,KELD,8847,J Roget Extra Dry,750mL,12,5.99,2024-01-01
73_DONCASTER_5149,73,DONCASTER,5149,Hpnotiq Liqueur,1.75L,12,34.99,2024-01-01
59_CLAETHORPES_7262,59,CLAETHORPES,7262,Gallo Sweet Vermouth,750mL,22,5.49,2024-01-01
47_PELLA'S WISH_16568,47,PELLA'S WISH,16568,Moonlight Meadery Sumptuous,375mL,12,12.99,2024-01-01
71_CLARCTON_2694,71,CLARCTON,2694,Glenmorangie LaSanta,750mL,12,49.99,2024-01-01
59_CLAETHORPES_3220,59,CLAETHORPES,3220,Svedka Clementine Vodka,1.75L,5,18.99,2024-01-01
76_DONCASTER_10175,76,DONCASTER,10175,Big House Birdman Pnt Grigio,750mL,23,7.99,2024-01-01
64_CESTERFIELD_8442,64,CESTERFIELD,8442,1800 Silver Tequila,375mL,10,14.49,2024-01-01
61_AETHELNEY_3876,61,AETHELNEY,3876,Smirnoff 80 Proof,1.75L,334,17.99,2024-01-01
76_DONCASTER_5750,76,DONCASTER,5750,Malibu Rum Traveler,750mL,21,12.99,2024-01-01
63_SWORDBREAK_6649,63,SWORDBREAK,6649,Wente Morning Fog Chard,750mL,11,11.99,2024-01-01
61_AETHELNEY_3139,61,AETHELNEY,3139,Grey Goose Le Melon,750mL,28,23.99,2024-01-01
71_CLARCTON_4105,71,CLARCTON,4105,Patron XO Cafe Variety 3 Pak,50mL 3 Pk,32,6.99,2024-01-01
42_BLACK HOLLOW_5849,42,BLACK HOLLOW,5849,GranGala Triple Orange,750mL,13,16.99,2024-01-01
64_CESTERFIELD_15820,64,CESTERFIELD,15820,Mont Redon CdP Red,750mL,7,36.99,2024-01-01
65_LUTON_8218,65,LUTON,8218,Camarena Reposado Tequila,1.75L,8,31.99,2024-01-01
68_SOLARIS_41712,68,SOLARIS,41712,Fish Eye Chard,750mL,14,5.99,2024-01-01
76_DONCASTER_6402,76,DONCASTER,6402,Avion Silver Tequila,750mL,12,39.99,2024-01-01
73_DONCASTER_3529,73,DONCASTER,3529,U V Vodka,1.75L,94,13.99,2024-01-01
60_IRRAGIN_37923,60,IRRAGIN,37923,Five Rivers Cab Svgn,750mL,5,13.99,2024-01-01
75_BARNCOMBE_7413,75,BARNCOMBE,7413,Manischewitz Blackberry Kshr,1.5L,4,7.99,2024-01-01
49_GARIGILL_2607,49,GARIGILL,2607,Grand MacNish 12 Yr Old,750mL,9,21.99,2024-01-01
61_AETHELNEY_15892,61,AETHELNEY,15892,Red Guitar Sangria,750mL,16,4.99,2024-01-01
67_EANVERNESS_11771,67,EANVERNESS,11771,Palagetto Sottobosco Rosso,750mL,12,27.99,2024-01-01
48_NORFOLK_1373,48,NORFOLK,1373,Jim Beam Honey,750mL,41,13.99,2024-01-01
49_GARIGILL_6281,49,GARIGILL,6281,Franzia Sunset Blush Tap,5L,12,12.99,2024-01-01
64_CESTERFIELD_5396,64,CESTERFIELD,5396,Tia Maria Coffee Liqueur,750mL,12,16.99,2024-01-01
58_HARTLEPOOL_14240,58,HARTLEPOOL,14240,Ninety+Cellars Lot 2 Svgn Bl,750mL,7,10.99,2024-01-01
59_CLAETHORPES_8696,59,CLAETHORPES,8696,Gekkeikan Plum Wine,750mL,4,10.99,2024-01-01
67_EANVERNESS_10715,67,EANVERNESS,10715,C Y Toro Privada Rsv Casa Di,750mL,10,14.99,2024-01-01
69_MOUNTMEND_1035,69,MOUNTMEND,1035,Pinnacle Vodka Gift Pak,750mL + 3/,0,12.99,2024-01-01
57_LANTEGLOS_3890,57,LANTEGLOS,3890,Absolut Peppar,750mL,9,17.99,2024-01-01
55_DRY GULCH_757,55,DRY GULCH,757,Jim Beam Rye,750mL,18,17.99,2024-01-01
43_WOLFORD_3591,43,WOLFORD,3591,Absolut Vanilia,750mL,14,17.99,2024-01-01
70_KELD_41252,70,KELD,41252,Beringer Classic Pnt Grigio,1.5L,27,7.99,2024-01-01
66_EANVERNESS_2122,66,EANVERNESS,2122,Canadian Club 1858,750mL,48,10.99,2024-01-01
61_AETHELNEY_6783,61,AETHELNEY,6783,Hawk Crest Cab Svgn,750mL,5,12.99,2024-01-01
54_GUTHRAM_2171,54,GUTHRAM,2171,Pike Creek Canadian Whisky,750mL,3,21.99,2024-01-01
72_HARDERSFIELD_5195,72,HARDERSFIELD,5195,Jenkins Melon Liqueur,750mL,10,5.99,2024-01-01
68_SOLARIS_44266,68,SOLARIS,44266,Mommys Time Out Garganega/P,750mL,16,8.99,2024-01-01
69_MOUNTMEND_22543,69,MOUNTMEND,22543,Jadot Santenay Clos Rous 12,750mL,2,34.99,2024-01-01
44_PORTHCRAWL_1346,44,PORTHCRAWL,1346,Knob Creek Bourbon,750mL,18,29.99,2024-01-01
61_AETHELNEY_3305,61,AETHELNEY,3305,Canada House Canadian Whisky,1.75L,13,13.99,2024-01-01
47_PELLA'S WISH_5075,47,PELLA'S WISH,5075,Tuaca Italian Liqueur,750mL,7,21.99,2024-01-01
44_PORTHCRAWL_6682,44,PORTHCRAWL,6682,R M Woodbridge Chard Cal,1.5L,60,8.99,2024-01-01
60_IRRAGIN_5382,60,IRRAGIN,5382,Ice 101 Peppermint Schnapps,750mL,16,11.99,2024-01-01
73_DONCASTER_43020,73,DONCASTER,43020,Krug Grande Cuvee Brut,750mL,8,142.99,2024-01-01
65_LUTON_4201,65,LUTON,4201,Calico Jack Silver Rum,1.75L,15,12.99,2024-01-01
49_GARIGILL_3237,49,GARIGILL,3237,Firefly Sweet Tea Vodka,1.75L,18,23.99,2024-01-01
54_GUTHRAM_8346,54,GUTHRAM,8346,Marques de Riscal Rioja Red,750mL,13,14.99,2024-01-01
46_TYWARDREATH_8671,46,TYWARDREATH,8671,Appleton Est Signature Rum,750mL,2,19.99,2024-01-01
53_HILLFAR_14078,53,HILLFAR,14078,Bota Box Malbec,3L,8,17.99,2024-01-01
74_PAENTMARWY_8342,74,PAENTMARWY,8342,Korbel X Dry,750mL,30,11.99,2024-01-01
48_NORFOLK_3315,48,NORFOLK,3315,Smirnoff Sorbet Rasp/Pomegra,50mL,47,0.99,2024-01-01
62_KILMARNOCK_1355,62,KILMARNOCK,1355,Knob Creek Bourbon,50mL,20,3.49,2024-01-01
49_GARIGILL_23382,49,GARIGILL,23382,Haywood Chamizal Znfdl 09,750mL,39,15.99,2024-01-01
73_DONCASTER_8448,73,DONCASTER,8448,Cruzan Aged Dark Rum,750mL,20,9.99,2024-01-01
47_PELLA'S WISH_2132,47,PELLA'S WISH,2132,Lord Calvert Canadian,1.75L,11,12.99,2024-01-01
48_NORFOLK_8369,48,NORFOLK,8369,Pernod Anise Liqueur,750mL,8,33.99,2024-01-01
73_DONCASTER_32924,73,DONCASTER,32924,Silverado Cab Svgn Napa,750mL,79,42.99,2024-01-01
60_IRRAGIN_25418,60,IRRAGIN,25418,Malamatina Retsina,500mL,24,5.99,2024-01-01
55_DRY GULCH_4075,55,DRY GULCH,4075,Bacardi Pineapple Fusion,1.75L,7,19.99,2024-01-01
67_EANVERNESS_24291,67,EANVERNESS,24291,Dom Fond Croze La Croix Coq,750mL,27,17.99,2024-01-01
61_AETHELNEY_45240,61,AETHELNEY,45240,Nino Franco Prosecco Rustic,750mL,7,16.99,2024-01-01
45_VERITAS_3038,45,VERITAS,3038,Zhenka Raspberry Vodka,1.75L,14,8.99,2024-01-01
57_LANTEGLOS_1024,57,LANTEGLOS,1024,Hennessy VS +VSOP 50mL,750mL,1,31.99,2024-01-01
70_KELD_6735,70,KELD,6735,Gallo Twin Valley Chard Cal,1.5L,12,9.99,2024-01-01
41_LARNWICK_20855,41,LARNWICK,20855,Cockburns Special RSV,750mL,10,12.99,2024-01-01
42_BLACK HOLLOW_44234,42,BLACK HOLLOW,44234,A by Acacia Pnt Nr Cal,750mL,9,13.99,2024-01-01
42_BLACK HOLLOW_17748,42,BLACK HOLLOW,17748,Black Box Pnt Grigio,500mL,13,3.99,2024-01-01
61_AETHELNEY_26091,61,AETHELNEY,26091,Pacific Rim Rsl,750mL,9,9.99,2024-01-01
72_HARDERSFIELD_1181,72,HARDERSFIELD,1181,Kahlua Peppermint Mocha,750mL,6,18.99,2024-01-01
65_LUTON_3436,65,LUTON,3436,Bombay Dry Gin,1.75L,11,24.99,2024-01-01
56_BEGGAR'S HOLE_17967,56,BEGGAR'S HOLE,17967,Banfi Principessa Gavia Gav,750mL,14,15.99,2024-01-01
59_CLAETHORPES_7537,59,CLAETHORPES,7537,Avion Silver Tequila,1.75L,5,89.99,2024-01-01
70_KELD_8485,70,KELD,8485,Gozio Amaretto,750mL,4,17.99,2024-01-01
60_IRRAGIN_3900,60,IRRAGIN,3900,Bracero Reposado Tequila,750mL,6,41.99,2024-01-01
50_MOUNTMEND_4524,50,MOUNTMEND,4524,Smoky Quartz Granite Cst Rum,750mL,7,27.49,2024-01-01
68_SOLARIS_1237,68,SOLARIS,1237,Jack Daniels Single Barrel,750mL,25,44.99,2024-01-01
44_PORTHCRAWL_824,44,PORTHCRAWL,824,Dewars White Label Scotch,Liter,3,26.99,2024-01-01
53_HILLFAR_3763,53,HILLFAR,3763,Patron Anejo Tequila,375mL,12,27.99,2024-01-01
60_IRRAGIN_497,60,IRRAGIN,497,Capt Morgan Spiced Rum,Liter,24,19.99,2024-01-01
73_DONCASTER_19798,73,DONCASTER,19798,Jadot Beaujolais Villages,375mL,50,3.99,2024-01-01
54_GUTHRAM_5188,54,GUTHRAM,5188,Cointreau Noir Liqueur,750mL,3,31.99,2024-01-01
57_LANTEGLOS_28658,57,LANTEGLOS,28658,R Mondavi Pnt Nr Pvt Sel,750mL,13,7.99,2024-01-01
67_EANVERNESS_2878,67,EANVERNESS,2878,Hudson Four Grain Bourbon,375mL,12,39.99,2024-01-01
56_BEGGAR'S HOLE_3787,56,BEGGAR'S HOLE,3787,Jose Cuervo Especial Silver,750mL,17,16.99,2024-01-01
61_AETHELNEY_3042,61,AETHELNEY,3042,Ciroc Red Berry Vodka,375mL,54,15.49,2024-01-01
72_HARDERSFIELD_2432,72,HARDERSFIELD,2432,Crown Royal,750mL,154,21.99,2024-01-01
48_NORFOLK_4670,48,NORFOLK,4670,Bacardi Dragon Berry Rum,375mL,0,3.99,2024-01-01
68_SOLARIS_7423,68,SOLARIS,7423,Manischewitz Concord Kosher,1.5L,4,7.99,2024-01-01
54_GUTHRAM_17596,54,GUTHRAM,17596,Pink Flamingo Rose,750mL,12,13.99,2024-01-01
68_SOLARIS_38888,68,SOLARIS,38888,Justin Cab Svgn Paso Robles,750mL,107,27.99,2024-01-01
66_EANVERNESS_6378,66,EANVERNESS,6378,Walnut Crest Merlot Rapel,1.5L,13,9.99,2024-01-01
50_MOUNTMEND_3608,50,MOUNTMEND,3608,Smirnoff Orange Vodka,50mL,90,0.99,2024-01-01
67_EANVERNESS_14054,67,EANVERNESS,14054,Seaglass Rsl,750mL,21,8.99,2024-01-01
73_DONCASTER_25055,73,DONCASTER,25055,Jadot Echezeaux 13,750mL,6,179.99,2024-01-01
68_SOLARIS_26392,68,SOLARIS,26392,Pepperwood Grove Pnt Nr,750mL,12,7.99,2024-01-01
72_HARDERSFIELD_5826,72,HARDERSFIELD,5826,DeKuyper Razzmatazz,750mL,8,8.99,2024-01-01
77_TAMWORTH_1964,77,TAMWORTH,1964,Jim Beam Single Barrel,750mL,7,29.99,2024-01-01
56_BEGGAR'S HOLE_3020,56,BEGGAR'S HOLE,3020,Pinnacle Blueberry Vodka,750mL,15,9.99,2024-01-01
67_EANVERNESS_3613,67,EANVERNESS,3613,Bacardi Reserva Limitada,750mL,27,89.99,2024-01-01
73_DONCASTER_24907,73,DONCASTER,24907,Bogle Old Vine Znfdl Cal,750mL,23,9.99,2024-01-01
59_CLAETHORPES_5337,59,CLAETHORPES,5337,Drambuie,750mL,23,26.99,2024-01-01
50_MOUNTMEND_5312,50,MOUNTMEND,5312,Amaretto DiSaronno,750mL,168,19.99,2024-01-01
73_DONCASTER_16931,73,DONCASTER,16931,Caymus Spec Select Cab Svgn,750mL,0,165.99,2024-01-01
53_HILLFAR_17350,53,HILLFAR,17350,Moonlight Meadery Sensual,375mL,8,13.99,2024-01-01
42_BLACK HOLLOW_28114,42,BLACK HOLLOW,28114,Steele Chard Cal,750mL,21,16.99,2024-01-01
71_CLARCTON_8781,71,CLARCTON,8781,Rodney Strong Cab Svgn,750mL,79,15.99,2024-01-01
50_MOUNTMEND_3652,50,MOUNTMEND,3652,Ciroc Pineapple Vodka,1.75L,28,47.99,2024-01-01
64_CESTERFIELD_5251,64,CESTERFIELD,5251,DeKuyper Buttershots Schnpps,50mL,12,0.99,2024-01-01
68_SOLARIS_1725,68,SOLARIS,1725,Ole Smoky White Lightnin',750mL,9,18.99,2024-01-01
66_EANVERNESS_5694,66,EANVERNESS,5694,Ice Box Mudslide,1.75L,21,9.99,2024-01-01
72_HARDERSFIELD_2794,72,HARDERSFIELD,2794,Bird Dog Bourbon,750mL,4,14.99,2024-01-01
55_DRY GULCH_44717,55,DRY GULCH,44717,Dom Chandon Rose Spklg,750mL,68,13.99,2024-01-01
51_ABERDEEN_2894,51,ABERDEEN,2894,Scoresby Rare,1.75L,10,17.99,2024-01-01
76_DONCASTER_20400,76,DONCASTER,20400,Ilauri Le Pinciaie 10 Red,750mL,19,13.99,2024-01-01
73_DONCASTER_45240,73,DONCASTER,45240,Nino Franco Prosecco Rustic,750mL,13,16.99,2024-01-01
50_MOUNTMEND_5468,50,MOUNTMEND,5468,Hine Rare VSOP,750mL,4,59.99,2024-01-01
67_EANVERNESS_20167,67,EANVERNESS,20167,Plungerhead Lodi Cab Svgn,750mL,25,13.99,2024-01-01
47_PELLA'S WISH_4050,47,PELLA'S WISH,4050,Bacardi Oakheart Spiced Rum,750mL,11,10.99,2024-01-01
68_SOLARIS_5147,68,SOLARIS,5147,Pallini Limoncello Liqueur,375mL,5,11.99,2024-01-01
76_DONCASTER_22958,76,DONCASTER,22958,Cavit Select Red Blend,750mL,14,6.99,2024-01-01
67_EANVERNESS_1020,67,EANVERNESS,1020,B & B Dom Glass Pack,750mL,10,24.99,2024-01-01
49_GARIGILL_438,49,GARIGILL,438,Licor 43 Vanilla Liqueur,750mL,9,18.99,2024-01-01
43_WOLFORD_7266,43,WOLFORD,7266,Fonseca Bin No 27,750mL,11,13.99,2024-01-01
55_DRY GULCH_19283,55,DRY GULCH,19283,Roscato Bianco,750mL,8,10.99,2024-01-01
66_EANVERNESS_24952,66,EANVERNESS,24952,Jackhammer Chard Monterey,750mL,12,16.99,2024-01-01
42_BLACK HOLLOW_23155,42,BLACK HOLLOW,23155,Rocca Delle Macie Chianti C,750mL,14,18.99,2024-01-01
71_CLARCTON_284,71,CLARCTON,284,Milagro Tequila Anejo SBR,750mL,2,77.99,2024-01-01
69_MOUNTMEND_11067,69,MOUNTMEND,11067,Sterling Chard,750mL,171,11.95,2024-01-01
67_EANVERNESS_16692,67,EANVERNESS,16692,Chartron Trebuchet Chard Bou,750mL,24,18.99,2024-01-01
43_WOLFORD_12111,43,WOLFORD,12111,LaBelle Winery Cranberry,750mL,11,15.99,2024-01-01
71_CLARCTON_5694,71,CLARCTON,5694,Ice Box Mudslide,1.75L,19,9.99,2024-01-01
59_CLAETHORPES_3578,59,CLAETHORPES,3578,Stolichnaya Elit Vodka,750mL,15,49.99,2024-01-01
48_NORFOLK_5054,48,NORFOLK,5054,Jagermeister Spice,50mL,57,1.99,2024-01-01
51_ABERDEEN_8921,51,ABERDEEN,8921,Sterling Cab Svgn,750mL,12,16.95,2024-01-01
76_DONCASTER_28262,76,DONCASTER,28262,Nathanson Creek Merlot,1.5L,14,7.99,2024-01-01
41_LARNWICK_37786,41,LARNWICK,37786,Lindemans Bin 45 Cab Svgn,1.5L,2,9.99,2024-01-01
60_IRRAGIN_41712,60,IRRAGIN,41712,Fish Eye Chard,750mL,24,5.99,2024-01-01
54_GUTHRAM_23340,54,GUTHRAM,23340,Le Petit Mout Roths 11 Pauil,750mL,12,149.99,2024-01-01
52_GRAYCOTT_8393,52,GRAYCOTT,8393,Casamigos Reposado,750mL,6,56.99,2024-01-01
47_PELLA'S WISH_13052,47,PELLA'S WISH,13052,Ch Ste Michelle Gewurz Colum,750mL,11,8.49,2024-01-01
64_CESTERFIELD_23876,64,CESTERFIELD,23876,Love Lane Cab Svgn,750mL,11,12.99,2024-01-01
49_GARIGILL_28548,49,GARIGILL,28548,St Francis Old Vines Znfdl,750mL,9,15.99,2024-01-01
56_BEGGAR'S HOLE_4626,56,BEGGAR'S HOLE,4626,Meukow VS Cognac,750mL,6,14.99,2024-01-01
50_MOUNTMEND_32968,50,MOUNTMEND,32968,Alice White Chard Ausl,1.5L,34,13.99,2024-01-01
67_EANVERNESS_4194,67,EANVERNESS,4194,Calico Jack Coconut Rum,1.75L,21,12.99,2024-01-01
56_BEGGAR'S HOLE_35442,56,BEGGAR'S HOLE,35442,Borsao Tres Picos Garnacha,750mL,54,14.99,2024-01-01
56_BEGGAR'S HOLE_8943,56,BEGGAR'S HOLE,8943,Malibu Rum Sparkler RTD,750mL,10,14.99,2024-01-01
53_HILLFAR_23143,53,HILLFAR,23143,Bogle Chard,750mL,8,7.99,2024-01-01
69_MOUNTMEND_46088,69,MOUNTMEND,46088,Dom Trinquevedel Tavel Rose,750mL,0,20.99,2024-01-01
48_NORFOLK_6429,48,NORFOLK,6429,C Y Toro Frontera Svgn Bl,1.5L,6,10.99,2024-01-01
60_IRRAGIN_3776,60,IRRAGIN,3776,Jose Cuervo Especial Silver,1.75L,62,25.99,2024-01-01
73_DONCASTER_16555,73,DONCASTER,16555,Murrieta's Well The Whip Wh,750mL,10,16.99,2024-01-01
44_PORTHCRAWL_3231,44,PORTHCRAWL,3231,Pinnacle Tropical Punch Vdka,750mL,13,9.99,2024-01-01
75_BARNCOMBE_3787,75,BARNCOMBE,3787,Jose Cuervo Especial Silver,750mL,9,16.99,2024-01-01
55_DRY GULCH_26827,55,DRY GULCH,26827,Cavit Merlot Trentino,1.5L,33,9.99,2024-01-01
70_KELD_8298,70,KELD,8298,Skinnygirl Grapefruit Marg,750mL,14,10.99,2024-01-01
49_GARIGILL_5027,49,GARIGILL,5027,99 Apples Schnapps Liqueur,750mL,16,11.99,2024-01-01
70_KELD_1397,70,KELD,1397,Jim Beam Kentucky Fire,750mL,28,13.99,2024-01-01
76_DONCASTER_3050,76,DONCASTER,3050,Bowman Vodka,1.75L,23,8.99,2024-01-01
55_DRY GULCH_1781,55,DRY GULCH,1781,Wild Turkey Russell's Rsv,750mL,27,49.99,2024-01-01
62_KILMARNOCK_6479,62,KILMARNOCK,6479,Clos du Bois Chard,750mL,51,8.99,2024-01-01
67_EANVERNESS_37657,67,EANVERNESS,37657,Maso Canali Pinot Grigio Tr,750mL,17,17.99,2024-01-01
72_HARDERSFIELD_33038,72,HARDERSFIELD,33038,Beringer Fndrs Est Chard,1.5L,15,18.99,2024-01-01
75_BARNCOMBE_43798,75,BARNCOMBE,43798,Trivento Select Mendz Malbec,750mL,17,11.99,2024-01-01
68_SOLARIS_200,68,SOLARIS,200,Luxardo Maraschino Liqueur,750mL,0,29.99,2024-01-01
47_PELLA'S WISH_3650,47,PELLA'S WISH,3650,Patron Silver Tequila,750mL,105,48.99,2024-01-01
68_SOLARIS_43809,68,SOLARIS,43809,R M Woodbridge Pnt Nr,1.5L,109,8.99,2024-01-01
71_CLARCTON_8512,71,CLARCTON,8512,Baileys Irish Cream,750mL,291,18.99,2024-01-01
53_HILLFAR_1771,53,HILLFAR,1771,Jack Daniels Tennessee Fire,50mL,0,2.99,2024-01-01
60_IRRAGIN_8152,60,IRRAGIN,8152,Skinnygirl Mojito RTD,750mL,11,12.99,2024-01-01
75_BARNCOMBE_8780,75,BARNCOMBE,8780,Sandeman Fine Rich Madeira,750mL,3,14.99,2024-01-01
67_EANVERNESS_3158,67,EANVERNESS,3158,Pinnacle Tropical Punch,1.75L,69,16.99,2024-01-01
69_MOUNTMEND_24759,69,MOUNTMEND,24759,Sokol Blosser Evolution Sprk,750mL,90,16.99,2024-01-01
76_DONCASTER_23293,76,DONCASTER,23293,Ch Pavie Macquin St Emiln 11,750mL,5,81.99,2024-01-01
76_DONCASTER_20428,76,DONCASTER,20428,Fattoria Poggio Red 10,750mL,9,53.99,2024-01-01
45_VERITAS_3595,45,VERITAS,3595,Smirnoff Blue 100 Proof,750mL,15,15.99,2024-01-01
44_PORTHCRAWL_16289,44,PORTHCRAWL,16289,Barefoot Bubbly Pink Moscato,750mL,15,7.99,2024-01-01
49_GARIGILL_1468,49,GARIGILL,1468,Knob Creek Single Barrel Rsv,750mL,93,41.99,2024-01-01
71_CLARCTON_29835,71,CLARCTON,29835,Casal Garcia Vinho Verde Wh,750mL,9,7.99,2024-01-01
61_AETHELNEY_31524,61,AETHELNEY,31524,Rosemount Pnt Nr Ausl,750mL,9,8.99,2024-01-01
53_HILLFAR_2246,53,HILLFAR,2246,Speyburn Brandan Orach,750mL,7,18.99,2024-01-01
73_DONCASTER_19848,73,DONCASTER,19848,Carnivor Cab Svgn,750mL,24,9.99,2024-01-01
69_MOUNTMEND_2863,69,MOUNTMEND,2863,The Deveron 12 Yr Scotch,750mL,12,44.99,2024-01-01
64_CESTERFIELD_2879,64,CESTERFIELD,2879,Corner Creek Rsv Bourbon,750mL,7,29.99,2024-01-01
57_LANTEGLOS_44511,57,LANTEGLOS,44511,MacMurray Ranch C Cst Pnt Nr,750mL,12,13.95,2024-01-01
50_MOUNTMEND_36370,50,MOUNTMEND,36370,McWilliams Hanwood Est Chard,750mL,7,6.99,2024-01-01
61_AETHELNEY_24592,61,AETHELNEY,24592,Vendange Cab Svgn,1.5L,17,6.99,2024-01-01
63_SWORDBREAK_4249,63,SWORDBREAK,4249,Capt Morgan White Coconut,750mL,7,12.99,2024-01-01
60_IRRAGIN_29616,60,IRRAGIN,29616,Kermit Lynch Cotes du Rhone,750mL,5,13.99,2024-01-01
61_AETHELNEY_38546,61,AETHELNEY,38546,Mark West Pnt Nr Sonoma,750mL,152,8.99,2024-01-01
55_DRY GULCH_8064,55,DRY GULCH,8064,Canadian Club,50mL,88,0.99,2024-01-01
50_MOUNTMEND_8264,50,MOUNTMEND,8264,Ch Ste Michelle Rsl,750mL,56,8.99,2024-01-01
66_EANVERNESS_22632,66,EANVERNESS,22632,Buil & Gine Montsant 17X1,750mL,13,16.99,2024-01-01
74_PAENTMARWY_3815,74,PAENTMARWY,3815,Solid Granite Vodka,750mL,8,27.99,2024-01-01
45_VERITAS_16328,45,VERITAS,16328,Black Box Chard,500mL,10,3.99,2024-01-01
50_MOUNTMEND_4197,50,MOUNTMEND,4197,Sailor Jerry Spiced Rum Trav,750mL,11,18.99,2024-01-01
51_ABERDEEN_24829,51,ABERDEEN,24829,Cecchi Chianti Classico,750mL,51,11.99,2024-01-01
54_GUTHRAM_21552,54,GUTHRAM,21552,Vindicated Cab Svgn,750mL,11,19.99,2024-01-01
72_HARDERSFIELD_4488,72,HARDERSFIELD,4488,Zhenka Tropical Dark Rum,1.75L,27,11.49,2024-01-01
60_IRRAGIN_14433,60,IRRAGIN,14433,F Coppola Rosso Bianco Chard,750mL,13,9.99,2024-01-01
76_DONCASTER_23877,76,DONCASTER,23877,Love Lane Carmenere,750mL,12,10.99,2024-01-01
70_KELD_8497,70,KELD,8497,Kamora Coffee,750mL,14,9.99,2024-01-01
73_DONCASTER_6725,73,DONCASTER,6725,Franzia Crisp White Tap,5L,2,12.99,2024-01-01
72_HARDERSFIELD_3783,72,HARDERSFIELD,3783,Ciroc Apple Vodka,50mL,76,1.99,2024-01-01
73_DONCASTER_7262,73,DONCASTER,7262,Gallo Sweet Vermouth,750mL,51,5.49,2024-01-01
69_MOUNTMEND_2212,69,MOUNTMEND,2212,Canadian Rich & Rare,1.75L,5,10.99,2024-01-01
48_NORFOLK_4959,48,NORFOLK,4959,Bacardi Tangerine,50mL,171,0.99,2024-01-01
72_HARDERSFIELD_661,72,HARDERSFIELD,661,Red Stag by Jim Beam,750mL,21,13.99,2024-01-01
52_GRAYCOTT_36200,52,GRAYCOTT,36200,Four Vines Truant Znfdl,750mL,17,11.99,2024-01-01
67_EANVERNESS_19122,67,EANVERNESS,19122,Liberty School Merlot CC,750mL,27,12.99,2024-01-01
59_CLAETHORPES_1375,59,CLAETHORPES,1375,Jim Beam,750mL,58,16.49,2024-01-01
76_DONCASTER_7969,76,DONCASTER,7969,Sandeman Founders RSV Port,750mL,21,14.99,2024-01-01
49_GARIGILL_3943,49,GARIGILL,3943,Skyy Barcraft White Sangria,750mL,18,11.99,2024-01-01
67_EANVERNESS_22924,67,EANVERNESS,22924,Patricius Sarga Muskotaly,750mL,17,17.99,2024-01-01
55_DRY GULCH_38897,55,DRY GULCH,38897,L Martini RSV Cab Svgn Alex,750mL,15,26.99,2024-01-01
72_HARDERSFIELD_5242,72,HARDERSFIELD,5242,Cointreau Liqueur,750mL,22,29.99,2024-01-01
63_SWORDBREAK_4349,63,SWORDBREAK,4349,Sauza Blue Silver,750mL,12,15.99,2024-01-01
64_CESTERFIELD_2145,64,CESTERFIELD,2145,WolfHound Irish Whiskey,750mL,11,17.99,2024-01-01
42_BLACK HOLLOW_21144,42,BLACK HOLLOW,21144,Cherry Tart Pnt Nr,750mL,9,18.99,2024-01-01
69_MOUNTMEND_20427,69,MOUNTMEND,20427,Fattoria Heba Marellino 11,750mL,76,16.99,2024-01-01
56_BEGGAR'S HOLE_6224,56,BEGGAR'S HOLE,6224,La Belle Orange Liqueur,750mL,15,16.99,2024-01-01
63_SWORDBREAK_2245,63,SWORDBREAK,2245,DUKE Kentucky Bourbon,750mL,2,35.99,2024-01-01
52_GRAYCOTT_17101,52,GRAYCOTT,17101,Trimbach Gewurztraminer,750mL,12,18.99,2024-01-01
75_BARNCOMBE_5346,75,BARNCOMBE,5346,Green Chartreuse Liqueur,750mL,11,49.99,2024-01-01
66_EANVERNESS_39750,66,EANVERNESS,39750,Red Diamond Merlot Wash,750mL,91,8.99,2024-01-01
76_DONCASTER_4353,76,DONCASTER,4353,AnestasiA Vodka,750mL,5,36.99,2024-01-01
73_DONCASTER_18562,73,DONCASTER,18562,Jewell Towne Vyds So Hampton,750mL,14,11.99,2024-01-01
49_GARIGILL_3153,49,GARIGILL,3153,Rye Harbor Vodka,750mL,20,17.99,2024-01-01
60_IRRAGIN_4673,60,IRRAGIN,4673,Hennessy VS Cognac,1.75L,12,69.99,2024-01-01
56_BEGGAR'S HOLE_178,56,BEGGAR'S HOLE,178,Wild Turkey Russell's RSV,750mL,6,26.99,2024-01-01
44_PORTHCRAWL_41546,44,PORTHCRAWL,41546,Monkey Bay Svgn Bl,750mL,16,7.99,2024-01-01
66_EANVERNESS_19866,66,EANVERNESS,19866,Clarendelle Brdx Blanc,750mL,60,16.99,2024-01-01
54_GUTHRAM_16555,54,GUTHRAM,16555,Murrieta's Well The Whip Wh,750mL,11,16.99,2024-01-01
68_SOLARIS_4232,68,SOLARIS,4232,Castillo Silver Label Rum,Liter,12,8.29,2024-01-01
62_KILMARNOCK_2958,62,KILMARNOCK,2958,Dalwhinnie 15-Yr Single Mal,750mL,10,57.99,2024-01-01
56_BEGGAR'S HOLE_20912,56,BEGGAR'S HOLE,20912,Whitehall Tre Leoni Red Napa,750mL,8,23.99,2024-01-01
46_TYWARDREATH_8154,46,TYWARDREATH,8154,Cazadores Reposado Tequila,750mL,11,21.99,2024-01-01
73_DONCASTER_24579,73,DONCASTER,24579,Mt Beautiful Svgn Bl,750mL,19,14.99,2024-01-01
60_IRRAGIN_39146,60,IRRAGIN,39146,Matua Svgn Bl Marlboro,750mL,23,10.99,2024-01-01
60_IRRAGIN_3924,60,IRRAGIN,3924,Espolon Blanco Tequila,750mL,10,23.99,2024-01-01
73_DONCASTER_14105,73,DONCASTER,14105,Cakebread Dancing Bear Cab S,750mL,11,114.99,2024-01-01
72_HARDERSFIELD_3773,72,HARDERSFIELD,3773,General John Stark Vodka,750mL,10,29.99,2024-01-01
52_GRAYCOTT_16477,52,GRAYCOTT,16477,Cupcake Angel Food,750mL,19,7.49,2024-01-01
57_LANTEGLOS_523,57,LANTEGLOS,523,Castello Del Poggio Moscato,750mL,10,10.49,2024-01-01
59_CLAETHORPES_14342,59,CLAETHORPES,14342,Cupcake Pnt Nr,750mL,42,7.49,2024-01-01
66_EANVERNESS_8236,66,EANVERNESS,8236,Jim Beam,50mL,65,1.49,2024-01-01
73_DONCASTER_8727,73,DONCASTER,8727,Monkey Shoulder Scotch,750mL,23,29.99,2024-01-01
53_HILLFAR_6081,53,HILLFAR,6081,Kinky Blue Liqueur,50mL,2,1.99,2024-01-01
69_MOUNTMEND_4404,69,MOUNTMEND,4404,Bacardi Gold Rum,375mL,16,5.49,2024-01-01
49_GARIGILL_18347,49,GARIGILL,18347,Banfi Pnt Grigio San Angelo,750mL,26,16.99,2024-01-01
42_BLACK HOLLOW_26285,42,BLACK HOLLOW,26285,Moet & Chandon Imperial,1.5L,2,69.99,2024-01-01
49_GARIGILL_5734,49,GARIGILL,5734,Malibu Rum,1.75L,98,21.99,2024-01-01
61_AETHELNEY_8725,61,AETHELNEY,8725,Chambord Royale de France,375mL,20,17.99,2024-01-01
66_EANVERNESS_23820,66,EANVERNESS,23820,Le Mistral Red,750mL,16,24.99,2024-01-01
42_BLACK HOLLOW_16441,42,BLACK HOLLOW,16441,Bota Box RedVolution,3L,5,17.99,2024-01-01
50_MOUNTMEND_32107,50,MOUNTMEND,32107,Erath Pnt Gris Ore,750mL,13,12.99,2024-01-01
68_SOLARIS_5223,68,SOLARIS,5223,Paul Masson Red Berry Brandy,750mL,6,8.99,2024-01-01
66_EANVERNESS_3794,66,EANVERNESS,3794,Cabo Wabo Reposado Tequila,750mL,16,36.99,2024-01-01
65_LUTON_8123,65,LUTON,8123,Mouton Cadet Red Brdx,750mL,42,12.99,2024-01-01
64_CESTERFIELD_20357,64,CESTERFIELD,20357,Apothic Dark,750mL,6,9.99,2024-01-01
49_GARIGILL_24557,49,GARIGILL,24557,Dom La Fage Tess Carignan VV,750mL,12,12.99,2024-01-01
73_DONCASTER_3680,73,DONCASTER,3680,Stolichnaya Ohranj,1.75L,53,24.99,2024-01-01
65_LUTON_46458,65,LUTON,46458,Layer Cake Barosa Shiraz,750mL,9,11.95,2024-01-01
69_MOUNTMEND_3783,69,MOUNTMEND,3783,Ciroc Apple Vodka,50mL,55,1.99,2024-01-01
66_EANVERNESS_22054,66,EANVERNESS,22054,Lokoya Spring Mtn Cab Svgn,750mL,6,324.99,2024-01-01
55_DRY GULCH_5170,55,DRY GULCH,5170,Dr McGillicuddy's Apple Pie,750mL,67,12.99,2024-01-01
60_IRRAGIN_4701,60,IRRAGIN,4701,Fabrizia Limoncello,750mL,24,16.99,2024-01-01
49_GARIGILL_5365,49,GARIGILL,5365,Kahlua,750mL,186,18.99,2024-01-01
46_TYWARDREATH_3316,46,TYWARDREATH,3316,Ciroc Peach Vodka,375mL,9,15.49,2024-01-01
43_WOLFORD_6542,43,WOLFORD,6542,Melini Borghi D'Elsa Chiant,750mL,44,6.99,2024-01-01
74_PAENTMARWY_44292,74,PAENTMARWY,44292,Woop Woop Shiraz,750mL,14,12.99,2024-01-01
62_KILMARNOCK_2148,62,KILMARNOCK,2148,Canadian Mist Traveler,750mL,3,7.99,2024-01-01
60_IRRAGIN_6116,60,IRRAGIN,6116,Sogno di Sorrento Lemoncell,750mL,15,25.99,2024-01-01
67_EANVERNESS_13949,67,EANVERNESS,13949,Cade Cab Svgn Napa Cuvee,750mL,6,56.99,2024-01-01
54_GUTHRAM_15035,54,GUTHRAM,15035,Morellino d Scansano Rsv,750mL,21,10.99,2024-01-01
51_ABERDEEN_7302,51,ABERDEEN,7302,Marques de Caceres Rioja Re,750mL,16,10.99,2024-01-01
62_KILMARNOCK_3738,62,KILMARNOCK,3738,Three Olives Chocolate Vodka,750mL,24,11.99,2024-01-01
64_CESTERFIELD_23949,64,CESTERFIELD,23949,Ch Valfontaine 10,750mL,9,9.99,2024-01-01
64_CESTERFIELD_29996,64,CESTERFIELD,29996,Wild Horse CC Cab Svgn,750mL,38,16.99,2024-01-01
45_VERITAS_3495,45,VERITAS,3495,Ketel One Citroen Vodka,1.75L,12,38.99,2024-01-01
50_MOUNTMEND_4410,50,MOUNTMEND,4410,Cruzan Mango Flavored Rum,750mL,14,9.99,2024-01-01
62_KILMARNOCK_2795,62,KILMARNOCK,2795,George Dickel Rye,750mL,14,23.99,2024-01-01
76_DONCASTER_6566,76,DONCASTER,6566,Geyser Peak Chard,750mL,43,9.99,2024-01-01
66_EANVERNESS_1244,66,EANVERNESS,1244,Jack Daniels Winter Jack,750mL,11,15.99,2024-01-01
62_KILMARNOCK_4228,62,KILMARNOCK,4228,Bacardi 8,750mL,8,19.99,2024-01-01
73_DONCASTER_23049,73,DONCASTER,23049,Benziger Svgn Bl N Cst,750mL,26,9.99,2024-01-01
70_KELD_41546,70,KELD,41546,Monkey Bay Svgn Bl,750mL,13,7.99,2024-01-01
67_EANVERNESS_20409,67,EANVERNESS,20409,NxNW Red Columbia Valley,750mL,40,14.99,2024-01-01
62_KILMARNOCK_15900,62,KILMARNOCK,15900,Ch St Jean Svgn Bl Sonoma,750mL,18,10.99,2024-01-01
52_GRAYCOTT_46023,52,GRAYCOTT,46023,Spellbound Petite Sirah Cal,750mL,13,11.99,2024-01-01
69_MOUNTMEND_3797,69,MOUNTMEND,3797,Skinnygirl Sweet'Arita,1.75L,19,16.99,2024-01-01
73_DONCASTER_5218,73,DONCASTER,5218,Chila Orchata Cinnamon Cream,750mL,24,13.99,2024-01-01
71_CLARCTON_44107,71,CLARCTON,44107,Carmel Road Pnt Nr Monterey,750mL,12,15.99,2024-01-01
71_CLARCTON_3278,71,CLARCTON,3278,Gordons London Dry,750mL,13,7.99,2024-01-01
54_GUTHRAM_23595,54,GUTHRAM,23595,Almaden Burgundy B/B,5L,5,14.99,2024-01-01
76_DONCASTER_24936,76,DONCASTER,24936,T-Vine Petite Sirah Napa,750mL,72,14.99,2024-01-01
76_DONCASTER_23680,76,DONCASTER,23680,A Bichot Cremant Brut Rose,750mL,7,19.99,2024-01-01
66_EANVERNESS_3887,66,EANVERNESS,3887,Wolfschmidt Vodka 80 Proof,1.75L,15,10.99,2024-01-01
64_CESTERFIELD_8413,64,CESTERFIELD,8413,St Elder Elderflower Liqueur,750mL,11,17.99,2024-01-01
75_BARNCOMBE_29996,75,BARNCOMBE,29996,Wild Horse CC Cab Svgn,750mL,24,16.99,2024-01-01
68_SOLARIS_25188,68,SOLARIS,25188,Ch Les Granges Brdx,750mL,24,8.99,2024-01-01
66_EANVERNESS_5370,66,EANVERNESS,5370,DiSaronno Rsva Ltd Edition,750mL,3,349.99,2024-01-01
48_NORFOLK_388,48,NORFOLK,388,Smirnoff 80 Proof,Liter,39,14.49,2024-01-01
73_DONCASTER_24243,73,DONCASTER,24243,Tenet Syrah The Pundit,750mL,3,19.99,2024-01-01
55_DRY GULCH_3836,55,DRY GULCH,3836,Smirnoff Citrus Vodka,750mL,21,12.99,2024-01-01
42_BLACK HOLLOW_20180,42,BLACK HOLLOW,20180,Rosatello Sw Sparkling Rose,750mL,6,13.99,2024-01-01
63_SWORDBREAK_7535,63,SWORDBREAK,7535,Gekkeikan Sake,750mL,15,5.99,2024-01-01
72_HARDERSFIELD_6987,72,HARDERSFIELD,6987,Rosemount Shiraz/Cab Svgn,750mL,13,9.99,2024-01-01
68_SOLARIS_35960,68,SOLARIS,35960,Stags Leap Winery Chard Napa,750mL,17,29.99,2024-01-01
47_PELLA'S WISH_23203,47,PELLA'S WISH,23203,Truvee Red,750mL,5,9.99,2024-01-01
68_SOLARIS_21254,68,SOLARIS,21254,Renwood Timberline Znfdl,750mL,19,21.99,2024-01-01
68_SOLARIS_42385,68,SOLARIS,42385,Sycamore Lane Pnt Grigio Cal,750mL,12,5.29,2024-01-01
44_PORTHCRAWL_6563,44,PORTHCRAWL,6563,Black Opal Cashmore Chard,750mL,16,7.99,2024-01-01
50_MOUNTMEND_14724,50,MOUNTMEND,14724,Tozai Blossom of Peace,720mL,5,16.99,2024-01-01
76_DONCASTER_20255,76,DONCASTER,20255,Breca OV Garnacha Calatayud,750mL,73,13.99,2024-01-01
42_BLACK HOLLOW_24188,42,BLACK HOLLOW,24188,St Francis Cab Svgn Sonoma,750mL,5,15.99,2024-01-01
66_EANVERNESS_34021,66,EANVERNESS,34021,Chanrion Cote de Brouilly,750mL,6,18.99,2024-01-01
56_BEGGAR'S HOLE_8172,56,BEGGAR'S HOLE,8172,DK Burst Blustery Peppermint,50mL,106,0.99,2024-01-01
44_PORTHCRAWL_2760,44,PORTHCRAWL,2760,Jack Daniels Tennessee Honey,1.75L,85,36.99,2024-01-01
51_ABERDEEN_47027,51,ABERDEEN,47027,Marcus James Malbec Mendoza,1.5L,8,7.99,2024-01-01
47_PELLA'S WISH_4363,47,PELLA'S WISH,4363,Capt Morgan Black Spiced Rum,1.75L,7,32.99,2024-01-01
50_MOUNTMEND_4246,50,MOUNTMEND,4246,Bacardi Superior Rum,375mL,26,5.49,2024-01-01
43_WOLFORD_273,43,WOLFORD,273,Sauza Extra Gold Tequila,1.75L,7,21.99,2024-01-01
46_TYWARDREATH_3560,46,TYWARDREATH,3560,Ciroc Amaretto Vodka,375mL,10,15.49,2024-01-01
44_PORTHCRAWL_3887,44,PORTHCRAWL,3887,Wolfschmidt Vodka 80 Proof,1.75L,13,10.99,2024-01-01
55_DRY GULCH_17957,55,DRY GULCH,17957,Bluebird Pinot Noir,750mL,13,15.99,2024-01-01
67_EANVERNESS_463,67,EANVERNESS,463,Kirk & Sweeney 12Yr Old Rum,750mL,27,33.99,2024-01-01
76_DONCASTER_24964,76,DONCASTER,24964,Ch Jean de Gue Lalande de Po,750mL,11,39.99,2024-01-01
50_MOUNTMEND_5359,50,MOUNTMEND,5359,Distroya Spiced Liqueur,750mL,15,17.99,2024-01-01
47_PELLA'S WISH_4179,47,PELLA'S WISH,4179,Bacardi Dragon Berry Rum,1.75L,3,19.99,2024-01-01
66_EANVERNESS_8032,66,EANVERNESS,8032,Ballatore Gran Spumante,750mL,52,7.99,2024-01-01
63_SWORDBREAK_8515,63,SWORDBREAK,8515,Baileys Chocolate Cherry,750mL,7,18.99,2024-01-01
64_CESTERFIELD_37235,64,CESTERFIELD,37235,Mionetto Il Prosecco Spklg,750mL,21,11.99,2024-01-01
60_IRRAGIN_32263,60,IRRAGIN,32263,Lindemans Bin 65 Chard,1.5L,26,9.99,2024-01-01
64_CESTERFIELD_811,64,CESTERFIELD,811,Jack Daniels No 7 Black,Liter,17,27.99,2024-01-01
61_AETHELNEY_16806,61,AETHELNEY,16806,Apothic Winemakers White,750mL,11,9.99,2024-01-01
66_EANVERNESS_284,66,EANVERNESS,284,Milagro Tequila Anejo SBR,750mL,7,77.99,2024-01-01
56_BEGGAR'S HOLE_26092,56,BEGGAR'S HOLE,26092,Blackstone Merlot Cal,750mL,29,7.99,2024-01-01
47_PELLA'S WISH_5731,47,PELLA'S WISH,5731,Malibu Passion Fruit Rum,750mL,3,12.99,2024-01-01
76_DONCASTER_4258,76,DONCASTER,4258,Bacardi Mango Fusion,750mL,5,9.99,2024-01-01
54_GUTHRAM_27361,54,GUTHRAM,27361,Borsao Campo de Borja Red,750mL,18,10.99,2024-01-01
45_VERITAS_44228,45,VERITAS,44228,Clean Slate Rsl Mosel,750mL,17,8.49,2024-01-01
72_HARDERSFIELD_40097,72,HARDERSFIELD,40097,Black Box Chard,3L,3,18.99,2024-01-01
64_CESTERFIELD_2772,64,CESTERFIELD,2772,Talisker Storm Scotch,750mL,7,59.99,2024-01-01
73_DONCASTER_21439,73,DONCASTER,21439,Ch Talbot Saint Julien,750mL,3,42.99,2024-01-01
44_PORTHCRAWL_8693,44,PORTHCRAWL,8693,Ezra Brooks,750mL,11,9.99,2024-01-01
61_AETHELNEY_2302,61,AETHELNEY,2302,St George Botanivore Gin,750mL,15,29.99,2024-01-01
42_BLACK HOLLOW_1479,42,BLACK HOLLOW,1479,Ten High,1.75L,5,13.99,2024-01-01
70_KELD_8474,70,KELD,8474,1800 Reposado Gold Tequila,1.75L,9,41.99,2024-01-01
77_TAMWORTH_1382,77,TAMWORTH,1382,Makers 46,750mL,5,39.99,2024-01-01
56_BEGGAR'S HOLE_8910,56,BEGGAR'S HOLE,8910,Finlandia Vodka,50mL,171,0.99,2024-01-01
64_CESTERFIELD_8236,64,CESTERFIELD,8236,Jim Beam,50mL,105,1.49,2024-01-01
69_MOUNTMEND_36200,69,MOUNTMEND,36200,Four Vines Truant Znfdl,750mL,30,11.99,2024-01-01
74_PAENTMARWY_5311,74,PAENTMARWY,5311,Amaretto DiSaronno,1.75L,42,34.99,2024-01-01
59_CLAETHORPES_3945,59,CLAETHORPES,3945,Sauza Conmemorativo,750mL,8,17.99,2024-01-01
57_LANTEGLOS_4438,57,LANTEGLOS,4438,Cruzan Black Cherry Rum,750mL,12,9.99,2024-01-01
56_BEGGAR'S HOLE_8464,56,BEGGAR'S HOLE,8464,Ch de Montfort Vouvray,750mL,10,15.99,2024-01-01
54_GUTHRAM_21129,54,GUTHRAM,21129,St Supery Svgn Bl Napa,750mL,12,16.99,2024-01-01
53_HILLFAR_2767,53,HILLFAR,2767,Johnnie Walker Blue Label,750mL,2,189.99,2024-01-01
66_EANVERNESS_1637,66,EANVERNESS,1637,Fleischmanns Preferred,1.75L,49,10.99,2024-01-01
66_EANVERNESS_42122,66,EANVERNESS,42122,Smoking Loon Svgn Bl Cal,750mL,51,9.99,2024-01-01
53_HILLFAR_38946,53,HILLFAR,38946,Bully Hill Sweet Walter Rd,750mL,13,8.99,2024-01-01
46_TYWARDREATH_3840,46,TYWARDREATH,3840,Smirnoff Raspberry Vodka,1.75L,14,17.99,2024-01-01
43_WOLFORD_6498,43,WOLFORD,6498,Franzia Chablis Old World C,5L,9,16.99,2024-01-01
76_DONCASTER_1476,76,DONCASTER,1476,Jim Beam Traveler,1.75L,450,21.99,2024-01-01
42_BLACK HOLLOW_32263,42,BLACK HOLLOW,32263,Lindemans Bin 65 Chard,1.5L,17,9.99,2024-01-01
76_DONCASTER_27512,76,DONCASTER,27512,Warre's Late Bottled Vintage,750mL,20,20.99,2024-01-01
73_DONCASTER_11437,73,DONCASTER,11437,Schug Svgn Bl Sonoma Vly,750mL,36,15.99,2024-01-01
61_AETHELNEY_3982,61,AETHELNEY,3982,Hornitos Reposado Tequila,750mL,26,19.99,2024-01-01
55_DRY GULCH_9304,55,DRY GULCH,9304,Arak Razzouk,750mL,14,21.99,2024-01-01
63_SWORDBREAK_38133,63,SWORDBREAK,38133,Il Bastardo Sangiovese Tosc,750mL,18,7.99,2024-01-01
68_SOLARIS_22758,68,SOLARIS,22758,Copain Tous Ensemble 12 Chrd,750mL,24,15.99,2024-01-01
76_DONCASTER_3637,76,DONCASTER,3637,Zhenka Vodka Plastic,750mL,24,5.29,2024-01-01
73_DONCASTER_6650,73,DONCASTER,6650,Simi Chard,750mL,141,14.99,2024-01-01
57_LANTEGLOS_8110,57,LANTEGLOS,8110,Tribuno Dry Vermouth,1.5L,7,8.99,2024-01-01
76_DONCASTER_10051,76,DONCASTER,10051,Joseph Phelps Cab Svgn Napa,750mL,14,59.99,2024-01-01
66_EANVERNESS_4234,66,EANVERNESS,4234,Bacardi Pineapple Fusion,750mL,46,9.99,2024-01-01
64_CESTERFIELD_3456,64,CESTERFIELD,3456,Tanqueray Sterling Vodka,1.75L,25,19.99,2024-01-01
67_EANVERNESS_3989,67,EANVERNESS,3989,Deep Eddy Lemon Vodka,750mL,22,18.99,2024-01-01
68_SOLARIS_17340,68,SOLARIS,17340,Chops & Burgers Bordeaux,750mL,7,7.99,2024-01-01
68_SOLARIS_3425,68,SOLARIS,3425,Olmeca Altos Plata Tequila,750mL,17,20.99,2024-01-01
47_PELLA'S WISH_19220,47,PELLA'S WISH,19220,Veuve Clicquot Gold Label,750mL,2,65.99,2024-01-01
45_VERITAS_8590,45,VERITAS,8590,Arrow Peppermint Schnapps,750mL,6,7.99,2024-01-01
69_MOUNTMEND_4289,69,MOUNTMEND,4289,Silver Root Marley Rum,750mL,7,14.99,2024-01-01
43_WOLFORD_8231,43,WOLFORD,8231,Folonari Valpolicella,1.5L,3,12.99,2024-01-01
67_EANVERNESS_25020,67,EANVERNESS,25020,Ch de Pierreux Brouilly Rsv,750mL,20,25.99,2024-01-01
76_DONCASTER_6226,76,DONCASTER,6226,Marcus James Chard,1.5L,13,7.99,2024-01-01
73_DONCASTER_28983,73,DONCASTER,28983,Edmeades Mendocino Znfdl,750mL,31,14.99,2024-01-01
69_MOUNTMEND_24165,69,MOUNTMEND,24165,Enzo Boglietti Brl Case Nere,750mL,4,84.99,2024-01-01
56_BEGGAR'S HOLE_8606,56,BEGGAR'S HOLE,8606,Baileys Espresso Creme,50mL,101,0.99,2024-01-01
62_KILMARNOCK_3781,62,KILMARNOCK,3781,Three Olives Vanilla Vodka,750mL,9,11.99,2024-01-01
66_EANVERNESS_14701,66,EANVERNESS,14701,Cupcake Red Velvet,750mL,107,7.49,2024-01-01
76_DONCASTER_46485,76,DONCASTER,46485,Shafer Merlot Napa,750mL,48,55.99,2024-01-01
56_BEGGAR'S HOLE_42350,56,BEGGAR'S HOLE,42350,Black Box Shiraz Cntrl Coast,3L,0,18.99,2024-01-01
50_MOUNTMEND_2024,50,MOUNTMEND,2024,Black Velvet Toasted Caramel,375mL,10,5.99,2024-01-01
44_PORTHCRAWL_34904,44,PORTHCRAWL,34904,Smoking Loon Chard,750mL,31,7.99,2024-01-01
66_EANVERNESS_23778,66,EANVERNESS,23778,M Chiarlo Barbera D'Asti,750mL,37,10.99,2024-01-01
69_MOUNTMEND_33819,69,MOUNTMEND,33819,Sokol Blosser Evolution Whit,750mL,17,15.99,2024-01-01
68_SOLARIS_34870,68,SOLARIS,34870,Arca Nova Vinho Verde,750mL,12,9.99,2024-01-01
54_GUTHRAM_36874,54,GUTHRAM,36874,Yellow Tail Merlot Ausl,750mL,15,7.99,2024-01-01
55_DRY GULCH_27512,55,DRY GULCH,27512,Warre's Late Bottled Vintage,750mL,12,20.99,2024-01-01
66_EANVERNESS_6451,66,EANVERNESS,6451,Columbia Crest G E Cab Svgn,750mL,143,9.99,2024-01-01
62_KILMARNOCK_3961,62,KILMARNOCK,3961,Grey Goose La Poire Vodka,750mL,9,23.99,2024-01-01
66_EANVERNESS_21627,66,EANVERNESS,21627,Ferrari Carano Pnt Grigio,750mL,15,15.99,2024-01-01
47_PELLA'S WISH_23764,47,PELLA'S WISH,23764,Cashmore Black Opal Shiraz,750mL,20,7.99,2024-01-01
67_EANVERNESS_16757,67,EANVERNESS,16757,Cardamaro Vino Amaro,750mL,16,19.99,2024-01-01
69_MOUNTMEND_4222,69,MOUNTMEND,4222,Bacardi Gold Rum,750mL,2,9.99,2024-01-01
55_DRY GULCH_5346,55,DRY GULCH,5346,Green Chartreuse Liqueur,750mL,12,49.99,2024-01-01
66_EANVERNESS_46429,66,EANVERNESS,46429,Villa Pozzi Pnt Grigio Vnzie,750mL,3,8.99,2024-01-01
43_WOLFORD_37071,43,WOLFORD,37071,Caymus Conundrum White,750mL,4,17.99,2024-01-01
67_EANVERNESS_44922,67,EANVERNESS,44922,Quinta do Crasto RSV Douro,750mL,13,36.99,2024-01-01
55_DRY GULCH_669,55,DRY GULCH,669,Robert Sinskey Merlot,750mL,10,39.99,2024-01-01
73_DONCASTER_13723,73,DONCASTER,13723,Big House Red,3L,10,16.99,2024-01-01
71_CLARCTON_10715,71,CLARCTON,10715,C Y Toro Privada Rsv Casa Di,750mL,7,14.99,2024-01-01
66_EANVERNESS_33582,66,EANVERNESS,33582,Villa Cornaro Prosecco Del,750mL,131,9.99,2024-01-01
71_CLARCTON_26091,71,CLARCTON,26091,Pacific Rim Rsl,750mL,10,9.99,2024-01-01
54_GUTHRAM_8425,54,GUTHRAM,8425,Studebaker Manhattan RTD,750mL,11,21.99,2024-01-01
71_CLARCTON_4233,71,CLARCTON,4233,Castillo Silver Label Rum,1.75L,16,9.99,2024-01-01
73_DONCASTER_45601,73,DONCASTER,45601,Luigi Bosca Malbec,750mL,24,16.99,2024-01-01
55_DRY GULCH_23650,55,DRY GULCH,23650,Tom Gore Chardonnay CA,750mL,2,12.99,2024-01-01
67_EANVERNESS_14552,67,EANVERNESS,14552,Dom de Dionysos Cairanne Cig,750mL,13,19.99,2024-01-01
68_SOLARIS_7995,68,SOLARIS,7995,Patron Reposado Tequila,50mL,18,6.49,2024-01-01
74_PAENTMARWY_653,74,PAENTMARWY,653,Dom de Canton Ginger Liqueur,750mL,6,37.99,2024-01-01
69_MOUNTMEND_824,69,MOUNTMEND,824,Dewars White Label Scotch,Liter,25,26.99,2024-01-01
67_EANVERNESS_8630,67,EANVERNESS,8630,Fontana Candida Frascati,750mL,36,9.99,2024-01-01
57_LANTEGLOS_1060,57,LANTEGLOS,1060,Jack Daniels Bruins Glass Pk,Liter,47,27.99,2024-01-01
59_CLAETHORPES_1545,59,CLAETHORPES,1545,Gentleman Jack,750mL,52,26.99,2024-01-01
50_MOUNTMEND_18801,50,MOUNTMEND,18801,Bolla Prosecco Extra Dry,750mL,15,10.99,2024-01-01
56_BEGGAR'S HOLE_4689,56,BEGGAR'S HOLE,4689,Hennessy Privilege VSOP,750mL,13,51.99,2024-01-01
76_DONCASTER_10236,76,DONCASTER,10236,Layer Cake Malbec Mendoza,750mL,106,11.95,2024-01-01
50_MOUNTMEND_1366,50,MOUNTMEND,1366,Red Stag by Jim Beam,50mL,133,1.29,2024-01-01
69_MOUNTMEND_22758,69,MOUNTMEND,22758,Copain Tous Ensemble 12 Chrd,750mL,162,15.99,2024-01-01
44_PORTHCRAWL_2373,44,PORTHCRAWL,2373,Jim Beam Maple,750mL,12,13.99,2024-01-01
67_EANVERNESS_19037,67,EANVERNESS,19037,Gunsight Rock Cab Svgn,750mL,24,14.99,2024-01-01
54_GUTHRAM_43245,54,GUTHRAM,43245,Sterling Vntrs Pnt Grigio,750mL,14,9.99,2024-01-01
48_NORFOLK_5311,48,NORFOLK,5311,Amaretto DiSaronno,1.75L,42,34.99,2024-01-01
73_DONCASTER_1029,73,DONCASTER,1029,Fulton's Harvest Apple Pie L,750mL,2,9.99,2024-01-01
74_PAENTMARWY_3532,74,PAENTMARWY,3532,Milagro Reposado Tequila,750mL,1,27.99,2024-01-01
56_BEGGAR'S HOLE_25039,56,BEGGAR'S HOLE,25039,Sutter Home Svgn Bl,1.5L,5,9.99,2024-01-01
61_AETHELNEY_6694,61,AETHELNEY,6694,Lindemans Bin 65 Chard,750mL,13,7.99,2024-01-01
45_VERITAS_8361,45,VERITAS,8361,Carlo Rossi Chablis Calif,4L,7,14.99,2024-01-01
53_HILLFAR_41034,53,HILLFAR,41034,Menage a Trois Red,750mL,63,7.95,2024-01-01
60_IRRAGIN_43124,60,IRRAGIN,43124,Gekkeikan Nigori Sake,300mL,23,5.99,2024-01-01
56_BEGGAR'S HOLE_3545,56,BEGGAR'S HOLE,3545,Ketel One Vodka,1.75L,109,31.99,2024-01-01
55_DRY GULCH_4130,55,DRY GULCH,4130,Kraken Black Spiced Rum,375mL,13,8.99,2024-01-01
56_BEGGAR'S HOLE_26632,56,BEGGAR'S HOLE,26632,R Mondavi Pvt Sel Znfdl,750mL,5,7.99,2024-01-01
42_BLACK HOLLOW_2862,42,BLACK HOLLOW,2862,Pinch 15-Yr by Haig & Haig,750mL,8,35.99,2024-01-01
74_PAENTMARWY_25932,74,PAENTMARWY,25932,Gabbiano Chianti Clsc,750mL,9,9.99,2024-01-01
69_MOUNTMEND_26429,69,MOUNTMEND,26429,Bollinger Brut Special Cuve,750mL,1,74.99,2024-01-01
70_KELD_3857,70,KELD,3857,Grey Goose Vodka,1.75L,10,48.99,2024-01-01
68_SOLARIS_28070,68,SOLARIS,28070,Sutter Home Moscato Cal,1.5L,6,9.99,2024-01-01
71_CLARCTON_858,71,CLARCTON,858,Canadian Club,Liter,12,11.99,2024-01-01
72_HARDERSFIELD_6735,72,HARDERSFIELD,6735,Gallo Twin Valley Chard Cal,1.5L,10,9.99,2024-01-01
76_DONCASTER_25415,76,DONCASTER,25415,Schlosskellerei Gobelsburg,750mL,8,13.99,2024-01-01
63_SWORDBREAK_7358,63,SWORDBREAK,7358,Viniq Ruby Shimmery Liqueur,750mL,10,18.99,2024-01-01
66_EANVERNESS_20748,66,EANVERNESS,20748,Terrasole 07 Brunelo d Montl,750mL,12,49.99,2024-01-01
59_CLAETHORPES_4916,59,CLAETHORPES,4916,Mr Boston Coffee Brandy,1.75L,8,9.99,2024-01-01
48_NORFOLK_8322,48,NORFOLK,8322,Chi Chi's Ruby Red Margarita,1.75L,9,8.99,2024-01-01
68_SOLARIS_19034,68,SOLARIS,19034,Nicholson Ranch Pnt Nr Sonom,750mL,11,44.99,2024-01-01
76_DONCASTER_22079,76,DONCASTER,22079,C Y Toro Casa Diblo Cab Svgn,750mL,23,9.99,2024-01-01
60_IRRAGIN_25963,60,IRRAGIN,25963,Macrostie Carneros Chard,750mL,14,18.99,2024-01-01
55_DRY GULCH_15476,55,DRY GULCH,15476,Vietti Barolo Castiglione,750mL,1,49.99,2024-01-01
73_DONCASTER_4391,73,DONCASTER,4391,Matusalem Gran Reserva Rum,750mL,17,22.99,2024-01-01
67_EANVERNESS_17119,67,EANVERNESS,17119,Zaccagnini Cerasuolo Rose,750mL,43,18.99,2024-01-01
68_SOLARIS_8369,68,SOLARIS,8369,Pernod Anise Liqueur,750mL,7,33.99,2024-01-01
66_EANVERNESS_43152,66,EANVERNESS,43152,Ramey Chard Sonoma Coast,750mL,6,37.99,2024-01-01
74_PAENTMARWY_17177,74,PAENTMARWY,17177,Beringer Classic Merlot,1.5L,16,7.99,2024-01-01
50_MOUNTMEND_15334,50,MOUNTMEND,15334,Brotte La Griveliere CDR,750mL,15,9.99,2024-01-01
60_IRRAGIN_16877,60,IRRAGIN,16877,Ninety+Cellars Lot 53 Cab Sv,750mL,11,8.99,2024-01-01
72_HARDERSFIELD_6995,72,HARDERSFIELD,6995,Carlo Rossi Spanada Sangria,1.5L,5,6.99,2024-01-01
54_GUTHRAM_3356,54,GUTHRAM,3356,Svedka Vodka,375mL,17,6.99,2024-01-01
53_HILLFAR_8178,53,HILLFAR,8178,Bulleit Bourbon,750mL,9,27.99,2024-01-01
42_BLACK HOLLOW_46311,42,BLACK HOLLOW,46311,Twisted Old Vine Znfdl,750mL,10,8.99,2024-01-01
47_PELLA'S WISH_6918,47,PELLA'S WISH,6918,Franzia Tap Cab Svgn,5L,7,17.99,2024-01-01
50_MOUNTMEND_5490,50,MOUNTMEND,5490,DeKuyper Hot Damn Cinnamon,50mL,97,0.99,2024-01-01
46_TYWARDREATH_14008,46,TYWARDREATH,14008,Cigar Box Malbec Mendoza,750mL,6,11.99,2024-01-01
57_LANTEGLOS_35464,57,LANTEGLOS,35464,Stags Leap WC Artemis Cab,750mL,10,42.95,2024-01-01
52_GRAYCOTT_782,52,GRAYCOTT,782,Remy Martin 1738 Accord Ryl,750mL,3,44.99,2024-01-01
48_NORFOLK_9109,48,NORFOLK,9109,Deep Eddy Ruby Red Vodka,50mL,47,0.99,2024-01-01
71_CLARCTON_6586,71,CLARCTON,6586,Citra Montepulciano,1.5L,6,10.99,2024-01-01
51_ABERDEEN_7715,51,ABERDEEN,7715,Andre Extra Dry,750mL,6,4.49,2024-01-01
49_GARIGILL_23858,49,GARIGILL,23858,Pezzi King Znfdl Dry Creek,750mL,5,20.99,2024-01-01
55_DRY GULCH_8233,55,DRY GULCH,8233,Beaulieu Cab Svgn Rutherford,750mL,37,21.99,2024-01-01
64_CESTERFIELD_8808,64,CESTERFIELD,8808,Salignac VS Cognac,750mL,2,17.99,2024-01-01
48_NORFOLK_42579,48,NORFOLK,42579,Voga del Venezie Pnt Grigio,750mL,7,9.99,2024-01-01
53_HILLFAR_8500,53,HILLFAR,8500,Stolichnaya Chocolat Kokonut,750mL,27,8.79,2024-01-01
60_IRRAGIN_2214,60,IRRAGIN,2214,James E Pepper Bourbon,750mL,9,36.99,2024-01-01
59_CLAETHORPES_14279,59,CLAETHORPES,14279,Movendo Moscato,750mL,10,10.99,2024-01-01
51_ABERDEEN_8358,51,ABERDEEN,8358,Bacardi 151 Proof,750mL,10,19.99,2024-01-01
49_GARIGILL_8273,49,GARIGILL,8273,El Mayor Reposado Tequila,750mL,11,21.99,2024-01-01
55_DRY GULCH_3472,55,DRY GULCH,3472,Cazadores Blanco Tequila,750mL,15,14.99,2024-01-01
55_DRY GULCH_14110,55,DRY GULCH,14110,Bodegas Numanthia Termes,750mL,6,23.99,2024-01-01
73_DONCASTER_26632,73,DONCASTER,26632,R Mondavi Pvt Sel Znfdl,750mL,29,7.99,2024-01-01
47_PELLA'S WISH_13991,47,PELLA'S WISH,13991,Colombo Cape Bleue Rose VdP,750mL,8,9.99,2024-01-01
64_CESTERFIELD_2722,64,CESTERFIELD,2722,J & B Rare,750mL,10,21.99,2024-01-01
67_EANVERNESS_22538,67,EANVERNESS,22538,Jadot Corton Greves 12,750mL,2,89.99,2024-01-01
66_EANVERNESS_25186,66,EANVERNESS,25186,Jadot Ch d Jacques Morgon 11,750mL,29,12.99,2024-01-01
72_HARDERSFIELD_28856,72,HARDERSFIELD,28856,Seghesio Znfdl Sonoma,750mL,19,19.99,2024-01-01
76_DONCASTER_415,76,DONCASTER,415,Jose Cuervo Especial,Liter,63,20.99,2024-01-01
67_EANVERNESS_8652,67,EANVERNESS,8652,Grande Absente Absinthe,750mL,10,56.99,2024-01-01
73_DONCASTER_13710,73,DONCASTER,13710,Stone Fruit Rsl,750mL,15,8.99,2024-01-01
73_DONCASTER_17528,73,DONCASTER,17528,Dom Serene Roadblock Syrah,750mL,5,17.99,2024-01-01
70_KELD_3395,70,KELD,3395,Jeremiah Weed Sweet Tea Vdka,750mL,2,14.99,2024-01-01
44_PORTHCRAWL_7341,44,PORTHCRAWL,7341,Smirnoff Watermelon,50mL,98,0.99,2024-01-01
68_SOLARIS_4029,68,SOLARIS,4029,Tall Ship Cedar Island Spice,750mL,9,27.99,2024-01-01
47_PELLA'S WISH_19035,47,PELLA'S WISH,19035,Bollini Pinot Grigio,750mL,22,10.99,2024-01-01
75_BARNCOMBE_438,75,BARNCOMBE,438,Licor 43 Vanilla Liqueur,750mL,7,18.99,2024-01-01
71_CLARCTON_27361,71,CLARCTON,27361,Borsao Campo de Borja Red,750mL,10,10.99,2024-01-01
67_EANVERNESS_1920,67,EANVERNESS,1920,Bowman Brothers Small Batch,750mL,0,29.99,2024-01-01
42_BLACK HOLLOW_13550,42,BLACK HOLLOW,13550,Z Znfdl Tom Eddy,500mL,9,50.99,2024-01-01
66_EANVERNESS_36570,66,EANVERNESS,36570,Flora Springs Trilogy Cal,750mL,2,64.99,2024-01-01
63_SWORDBREAK_26948,63,SWORDBREAK,26948,Ferrari-Carano Chard,750mL,9,19.99,2024-01-01
74_PAENTMARWY_77,74,PAENTMARWY,77,Three Olives Espresso Vodka,750mL,39,14.99,2024-01-01
44_PORTHCRAWL_2607,44,PORTHCRAWL,2607,Grand MacNish 12 Yr Old,750mL,13,21.99,2024-01-01
76_DONCASTER_18806,76,DONCASTER,18806,Moet & Chandon Grand Vintage,750mL,9,54.99,2024-01-01
59_CLAETHORPES_3139,59,CLAETHORPES,3139,Grey Goose Le Melon,750mL,20,23.99,2024-01-01
69_MOUNTMEND_998,69,MOUNTMEND,998,Corralejo Blanco Tequila,750mL,12,24.99,2024-01-01
68_SOLARIS_26250,68,SOLARIS,26250,Roederer Est Brut,750mL,11,20.99,2024-01-01
49_GARIGILL_17163,49,GARIGILL,17163,Menage a Trois Cab Svgn,750mL,7,10.99,2024-01-01
59_CLAETHORPES_7353,59,CLAETHORPES,7353,1800 Ultimate Peach Margrita,1.75L,4,19.99,2024-01-01
73_DONCASTER_1051,73,DONCASTER,1051,Woodford Reserve MC 1838,750mL,6,99.99,2024-01-01
50_MOUNTMEND_17507,50,MOUNTMEND,17507,Rainstorm Pnt Nr,750mL,13,15.99,2024-01-01
55_DRY GULCH_25139,55,DRY GULCH,25139,Chigard Fleurie Les Moriers,750mL,12,19.99,2024-01-01
51_ABERDEEN_8480,51,ABERDEEN,8480,Clan MacGregor,1.75L,13,14.99,2024-01-01
73_DONCASTER_21196,73,DONCASTER,21196,Paul Hobbs Crossbarn Chard,750mL,12,25.99,2024-01-01
60_IRRAGIN_19126,60,IRRAGIN,19126,Delas Cotes du Rhone,750mL,4,12.99,2024-01-01
48_NORFOLK_46201,48,NORFOLK,46201,Petite Petit Phillips Lodi,750mL,13,16.99,2024-01-01
76_DONCASTER_22052,76,DONCASTER,22052,Lokoya Howell Mtn Cab Svgn,750mL,5,324.99,2024-01-01
71_CLARCTON_33035,71,CLARCTON,33035,Cape Indaba Chard S Africa,750mL,15,8.99,2024-01-01
56_BEGGAR'S HOLE_2794,56,BEGGAR'S HOLE,2794,Bird Dog Bourbon,750mL,15,14.99,2024-01-01
68_SOLARIS_17500,68,SOLARIS,17500,Hob Nob Wicked Red,750mL,12,9.99,2024-01-01
56_BEGGAR'S HOLE_5836,56,BEGGAR'S HOLE,5836,Bauers Obstler Echt,Liter,5,24.99,2024-01-01
42_BLACK HOLLOW_46327,42,BLACK HOLLOW,46327,Silver Mtn Hard Cider,22.0 Oz,3,6.99,2024-01-01
50_MOUNTMEND_25703,50,MOUNTMEND,25703,Murphy-Goode Svgn Bl,750mL,7,11.99,2024-01-01
73_DONCASTER_11888,73,DONCASTER,11888,Penfolds Koonunga Hills Shir,750mL,46,10.99,2024-01-01
70_KELD_10058,70,KELD,10058,F Coppola Dmd Ivry Cab Svgn,750mL,10,14.99,2024-01-01
69_MOUNTMEND_38011,69,MOUNTMEND,38011,Yellow Tail RSV Shiraz Ausl,750mL,13,10.99,2024-01-01
55_DRY GULCH_4959,55,DRY GULCH,4959,Bacardi Tangerine,50mL,240,0.99,2024-01-01
73_DONCASTER_652,73,DONCASTER,652,Frangelico Gift Pack-Candle,750mL,0,21.99,2024-01-01
75_BARNCOMBE_1382,75,BARNCOMBE,1382,Makers 46,750mL,6,39.99,2024-01-01
44_PORTHCRAWL_7715,44,PORTHCRAWL,7715,Andre Extra Dry,750mL,31,4.49,2024-01-01
67_EANVERNESS_36161,67,EANVERNESS,36161,Ch Ste Michelle Pnt Gris Was,750mL,53,8.99,2024-01-01
50_MOUNTMEND_6455,50,MOUNTMEND,6455,Folonari Pinot Grigio Venez,1.5L,51,8.95,2024-01-01
60_IRRAGIN_2992,60,IRRAGIN,2992,Hudson Baby Bourbon Whiskey,750mL,6,49.99,2024-01-01
67_EANVERNESS_8619,67,EANVERNESS,8619,Canadian Club,375mL,29,5.99,2024-01-01
55_DRY GULCH_43788,55,DRY GULCH,43788,Veuve Clicquot Ponsardin Rs,750mL,16,49.99,2024-01-01
58_HARTLEPOOL_5103,58,HARTLEPOOL,5103,Fireball Cinnamon Whisky,1.75L,17,23.99,2024-01-01
65_LUTON_4278,65,LUTON,4278,Capt Morgan Parrot Bay Cocnt,750mL,5,11.99,2024-01-01
60_IRRAGIN_26395,60,IRRAGIN,26395,Trapiche Cab Svgn Oak Cask,750mL,48,8.99,2024-01-01
46_TYWARDREATH_2476,46,TYWARDREATH,2476,Crown Royal Maple Whisky,750mL,6,21.99,2024-01-01
56_BEGGAR'S HOLE_1042,56,BEGGAR'S HOLE,1042,Benchmark Egg Nog,750mL,17,6.99,2024-01-01
43_WOLFORD_7977,43,WOLFORD,7977,M & R X Dry Vermouth,1.5L,8,10.49,2024-01-01
59_CLAETHORPES_15827,59,CLAETHORPES,15827,Frisk Prickly Rsl,750mL,20,9.99,2024-01-01
59_CLAETHORPES_2112,59,CLAETHORPES,2112,Cutty Sark Prohibition,750mL,9,26.99,2024-01-01
44_PORTHCRAWL_44234,44,PORTHCRAWL,44234,A by Acacia Pnt Nr Cal,750mL,11,13.99,2024-01-01
53_HILLFAR_22027,53,HILLFAR,22027,Jacobs Crk Cab Svgn,750mL,6,7.99,2024-01-01
47_PELLA'S WISH_18988,47,PELLA'S WISH,18988,Franzia Chillable Red Tap,5L,7,12.99,2024-01-01
60_IRRAGIN_4265,60,IRRAGIN,4265,Capt Morgan Spiced Rum,375mL,34,10.99,2024-01-01
50_MOUNTMEND_19995,50,MOUNTMEND,19995,Ravenswood Barricia Znfdl,750mL,5,17.99,2024-01-01
65_LUTON_1397,65,LUTON,1397,Jim Beam Kentucky Fire,750mL,7,13.99,2024-01-01
51_ABERDEEN_38888,51,ABERDEEN,38888,Justin Cab Svgn Paso Robles,750mL,17,27.99,2024-01-01
59_CLAETHORPES_3591,59,CLAETHORPES,3591,Absolut Vanilia,750mL,23,17.99,2024-01-01
79_BALLYMENA_5378,79,BALLYMENA,5378,Galliano L'Autentico Liqueur,750mL,10,25.99,2024-01-01
78_EASTHAVEN_4722,78,EASTHAVEN,4722,Remy Martin VSOP Cognac,750mL,3,34.99,2024-01-01
77_TAMWORTH_3495,77,TAMWORTH,3495,Ketel One Citroen Vodka,1.75L,14,38.99,2024-01-01
79_BALLYMENA_13792,79,BALLYMENA,13792,The Wolftrap Syrah Vio Mourv,750mL,17,9.99,2024-01-01
77_TAMWORTH_8658,77,TAMWORTH,8658,Absente 'Absinthe Refined',750mL,2,33.99,2024-01-01
78_EASTHAVEN_26092,78,EASTHAVEN,26092,Blackstone Merlot Cal,750mL,15,7.99,2024-01-01
78_EASTHAVEN_3938,78,EASTHAVEN,3938,Stolichnaya,750mL,8,16.99,2024-01-01
78_EASTHAVEN_14342,78,EASTHAVEN,14342,Cupcake Pnt Nr,750mL,22,7.49,2024-01-01
79_BALLYMENA_17351,79,BALLYMENA,17351,Wine by Joe Pnt Nr,750mL,11,16.99,2024-01-01
78_EASTHAVEN_3687,78,EASTHAVEN,3687,Fleischmanns Royal Traveler,750mL,11,4.99,2024-01-01
77_TAMWORTH_3670,77,TAMWORTH,3670,Kinky Vodka,750mL,9,15.99,2024-01-01
79_BALLYMENA_12945,79,BALLYMENA,12945,Middle Sister Mischief Maker,750mL,15,9.99,2024-01-01
77_TAMWORTH_24088,77,TAMWORTH,24088,Hess Select Cab Svgn,750mL,10,16.99,2024-01-01
79_BALLYMENA_6349,79,BALLYMENA,6349,Glen Ellen Chard RSV,1.5L,89,6.99,2024-01-01
78_EASTHAVEN_43809,78,EASTHAVEN,43809,R M Woodbridge Pnt Nr,1.5L,4,8.99,2024-01-01
78_EASTHAVEN_10421,78,EASTHAVEN,10421,Barefoot Moscato Cal,1.5L,13,10.99,2024-01-01
79_BALLYMENA_3747,79,BALLYMENA,3747,Gordons Vodka Traveler,750mL,45,6.99,2024-01-01
79_BALLYMENA_15916,79,BALLYMENA,15916,Simply Naked Pnt Grigio,750mL,19,8.99,2024-01-01
79_BALLYMENA_36268,79,BALLYMENA,36268,Montinore Pnt Nr Ore,750mL,11,17.99,2024-01-01
77_TAMWORTH_25522,77,TAMWORTH,25522,Sutter Home Clsc Cab Svgn,187mL 4 Pk,11,5.99,2024-01-01
79_BALLYMENA_10057,79,BALLYMENA,10057,Rocca Delle Macie Sasyr,750mL,6,12.99,2024-01-01
79_BALLYMENA_8897,79,BALLYMENA,8897,Moet & Chandon Brut Imprl Ro,750mL,62,49.99,2024-01-01
79_BALLYMENA_8671,79,BALLYMENA,8671,Appleton Est Signature Rum,750mL,6,19.99,2024-01-01
77_TAMWORTH_4664,77,TAMWORTH,4664,Hennessy Black Cognac,750mL,10,34.99,2024-01-01
79_BALLYMENA_8689,79,BALLYMENA,8689,Paul Masson Rose,3L,15,9.99,2024-01-01
77_TAMWORTH_3174,77,TAMWORTH,3174,Cold River Vodka,750mL,2,29.99,2024-01-01
79_BALLYMENA_3050,79,BALLYMENA,3050,Bowman Vodka,1.75L,26,8.99,2024-01-01
78_EASTHAVEN_2753,78,EASTHAVEN,2753,Johnnie Walker Black Label,1.75L,17,61.99,2024-01-01
78_EASTHAVEN_13940,78,EASTHAVEN,13940,Black Box Malbec,3L,0,18.99,2024-01-01
77_TAMWORTH_8898,77,TAMWORTH,8898,Yukon Jack,1.75L,14,25.99,2024-01-01
78_EASTHAVEN_5767,78,EASTHAVEN,5767,Jose Cuervo Strawberry Marg,1.75L,18,15.99,2024-01-01
77_TAMWORTH_45848,77,TAMWORTH,45848,Kendall Jackson Summation Re,750mL,19,9.95,2024-01-01
77_TAMWORTH_33055,77,TAMWORTH,33055,Cape Indaba Svgn Bl S Africa,750mL,11,8.99,2024-01-01
79_BALLYMENA_4264,79,BALLYMENA,4264,Capt Morgan Spiced Rum Trav,750mL,157,14.99,2024-01-01
77_TAMWORTH_3464,77,TAMWORTH,3464,UV Blue Raspberry Vodka,1.75L,7,13.99,2024-01-01
79_BALLYMENA_567,79,BALLYMENA,567,Ketel One Vodka,Liter,18,28.99,2024-01-01
77_TAMWORTH_3815,77,TAMWORTH,3815,Solid Granite Vodka,750mL,9,27.99,2024-01-01
77_TAMWORTH_31971,77,TAMWORTH,31971,Trinchero Main St Cab Svgn,750mL,15,8.99,2024-01-01
79_BALLYMENA_15035,79,BALLYMENA,15035,Morellino d Scansano Rsv,750mL,15,10.99,2024-01-01
77_TAMWORTH_24455,77,TAMWORTH,24455,Franciscan Cab Svgn Napa,750mL,16,16.98,2024-01-01
79_BALLYMENA_3783,79,BALLYMENA,3783,Ciroc Apple Vodka,50mL,111,1.99,2024-01-01
79_BALLYMENA_5111,79,BALLYMENA,5111,Dr McGillicuddy's Mentholmnt,50mL,294,0.99,2024-01-01
78_EASTHAVEN_1269,78,EASTHAVEN,1269,Jeffersons Bourbon,750mL,22,25.99,2024-01-01
79_BALLYMENA_8413,79,BALLYMENA,8413,St Elder Elderflower Liqueur,750mL,9,17.99,2024-01-01
78_EASTHAVEN_6638,78,EASTHAVEN,6638,M & R Asti,1.5L,0,24.99,2024-01-01
78_EASTHAVEN_8338,78,EASTHAVEN,8338,The Glenlivet 12 Yr Single,375mL,11,21.99,2024-01-01
79_BALLYMENA_3598,79,BALLYMENA,3598,Ice Pik Vodka,750mL,12,13.99,2024-01-01
77_TAMWORTH_44915,77,TAMWORTH,44915,Broadbent Vinho Verde Wh,750mL,7,11.99,2024-01-01
79_BALLYMENA_31384,79,BALLYMENA,31384,Benton Lane Pnt Nr Ore,750mL,10,25.99,2024-01-01
77_TAMWORTH_8288,77,TAMWORTH,8288,Korbel Brut,750mL,46,11.99,2024-01-01
79_BALLYMENA_8680,79,BALLYMENA,8680,Crown Royal,1.75L,103,38.99,2024-01-01
77_TAMWORTH_3189,77,TAMWORTH,3189,Skyy Infusions Dragon Fruit,750mL,9,12.99,2024-01-01
79_BALLYMENA_22584,79,BALLYMENA,22584,Cambria Katherines Chard,750mL,18,17.99,2024-01-01
77_TAMWORTH_4263,77,TAMWORTH,4263,Capt Morgan Silver Spicd Rum,750mL,5,16.99,2024-01-01
79_BALLYMENA_31561,79,BALLYMENA,31561,Fess Parker Snt Barbr Pnt Nr,750mL,8,22.99,2024-01-01
79_BALLYMENA_999,79,BALLYMENA,999,Jameson 18 Year Old,750mL,0,119.99,2024-01-01
77_TAMWORTH_3234,77,TAMWORTH,3234,Hendrick's Gin,1.75L,20,61.99,2024-01-01
77_TAMWORTH_8893,77,TAMWORTH,8893,Yukon Jack,750mL,10,16.99,2024-01-01
79_BALLYMENA_4783,79,BALLYMENA,4783,Mr Boston Apricot Brandy,1.75L,9,13.99,2024-01-01
79_BALLYMENA_6566,79,BALLYMENA,6566,Geyser Peak Chard,750mL,23,9.99,2024-01-01
77_TAMWORTH_8609,77,TAMWORTH,8609,Duboeuf Beaujolais Villages,750mL,14,9.99,2024-01-01
77_TAMWORTH_33148,77,TAMWORTH,33148,Alamos Ridge Chard Mendoza,750mL,10,9.99,2024-01-01
77_TAMWORTH_8485,77,TAMWORTH,8485,Gozio Amaretto,750mL,25,17.99,2024-01-01
77_TAMWORTH_26530,77,TAMWORTH,26530,Corbett Canyon Merlot,1.5L,9,8.99,2024-01-01
79_BALLYMENA_24875,79,BALLYMENA,24875,Glen Ellen Merlot RSV,1.5L,11,6.99,2024-01-01
78_EASTHAVEN_8124,78,EASTHAVEN,8124,Mouton Cadet White Brdx,750mL,7,12.99,2024-01-01
78_EASTHAVEN_7302,78,EASTHAVEN,7302,Marques de Caceres Rioja Re,750mL,12,10.99,2024-01-01
77_TAMWORTH_39979,77,TAMWORTH,39979,Little Penguin Chard Ausl,1.5L,9,11.99,2024-01-01
77_TAMWORTH_3652,77,TAMWORTH,3652,Ciroc Pineapple Vodka,1.75L,4,47.99,2024-01-01
78_EASTHAVEN_16568,78,EASTHAVEN,16568,Moonlight Meadery Sumptuous,375mL,5,12.99,2024-01-01
77_TAMWORTH_19926,77,TAMWORTH,19926,Santa Rita RSV Svgn Bl,750mL,8,9.99,2024-01-01
78_EASTHAVEN_2398,78,EASTHAVEN,2398,Tullamore Dew,750mL,12,22.99,2024-01-01
77_TAMWORTH_2522,77,TAMWORTH,2522,The Macallan 10 Yr Fine Oak,750mL,3,52.99,2024-01-01
78_EASTHAVEN_34428,78,EASTHAVEN,34428,Frei Bros RSV Chard RRV,750mL,9,15.99,2024-01-01
77_TAMWORTH_2715,77,TAMWORTH,2715,Teeling Single Grain Whiskey,750mL,0,49.99,2024-01-01
79_BALLYMENA_5103,79,BALLYMENA,5103,Fireball Cinnamon Whisky,1.75L,141,23.99,2024-01-01
79_BALLYMENA_11310,79,BALLYMENA,11310,Beaulieu Tapestry 11 Rsv,750mL,12,58.99,2024-01-01
79_BALLYMENA_2994,79,BALLYMENA,2994,Hudson Manhattan Rye,750mL,15,49.99,2024-01-01
78_EASTHAVEN_46458,78,EASTHAVEN,46458,Layer Cake Barosa Shiraz,750mL,8,11.95,2024-01-01
79_BALLYMENA_27854,79,BALLYMENA,27854,F Coppola Black Label Claret,750mL,12,16.99,2024-01-01
77_TAMWORTH_3802,77,TAMWORTH,3802,Three Olives Vodka,1.75L,90,18.99,2024-01-01
79_BALLYMENA_2521,79,BALLYMENA,2521,Jameson Gold Rsv,750mL,4,94.99,2024-01-01
78_EASTHAVEN_8258,78,EASTHAVEN,8258,Campari,750mL,14,29.99,2024-01-01
79_BALLYMENA_3984,79,BALLYMENA,3984,Sauza Tres Generacions Anejo,750mL,9,41.99,2024-01-01
79_BALLYMENA_34014,79,BALLYMENA,34014,Hess Collection Cab S Mt Vee,750mL,36,57.99,2024-01-01
77_TAMWORTH_8246,77,TAMWORTH,8246,BV Coastal Estate Pnt Nr,750mL,31,10.99,2024-01-01
78_EASTHAVEN_4268,78,EASTHAVEN,4268,Capt Morgan Private Stock,750mL,5,22.99,2024-01-01
79_BALLYMENA_13766,79,BALLYMENA,13766,Yealands Svgn Bl Marlborough,750mL,7,11.99,2024-01-01
77_TAMWORTH_3989,77,TAMWORTH,3989,Deep Eddy Lemon Vodka,750mL,8,18.99,2024-01-01
77_TAMWORTH_2499,77,TAMWORTH,2499,Crown Royal Black,750mL,11,27.99,2024-01-01
78_EASTHAVEN_4223,78,EASTHAVEN,4223,Bacardi Gold Rum,1.75L,24,19.99,2024-01-01
79_BALLYMENA_21510,79,BALLYMENA,21510,Mezzacorona Cab Svgn,1.5L,17,10.99,2024-01-01
79_BALLYMENA_6688,79,BALLYMENA,6688,Ch St Jean Chard California,750mL,26,9.99,2024-01-01
79_BALLYMENA_20791,79,BALLYMENA,20791,Belle Ambiance Pnt Grigio,750mL,12,7.99,2024-01-01
79_BALLYMENA_1893,79,BALLYMENA,1893,Port Charlotte Scotch Barley,750mL,6,59.99,2024-01-01
78_EASTHAVEN_4380,78,EASTHAVEN,4380,Ron Virgin Heavy Bodied Rum,1.75L,8,13.99,2024-01-01
79_BALLYMENA_11460,79,BALLYMENA,11460,Freemark Abbey Cab Svgn Napa,750mL,21,39.99,2024-01-01
78_EASTHAVEN_10420,78,EASTHAVEN,10420,Barefoot Moscato Cal,750mL,12,4.99,2024-01-01
78_EASTHAVEN_23155,78,EASTHAVEN,23155,Rocca Delle Macie Chianti C,750mL,5,18.99,2024-01-01
79_BALLYMENA_41143,79,BALLYMENA,41143,Red Diamond Cab Svgn Wash,750mL,25,8.99,2024-01-01
79_BALLYMENA_2433,79,BALLYMENA,2433,Crown Royal X R Extra Rare,750mL,3,131.99,2024-01-01
78_EASTHAVEN_3762,78,EASTHAVEN,3762,Patron Silver Tequila,50mL,13,5.99,2024-01-01
78_EASTHAVEN_7159,78,EASTHAVEN,7159,Ruffino Chianti,750mL,15,6.99,2024-01-01
77_TAMWORTH_29081,77,TAMWORTH,29081,Beringer Wh Znfdl/Chard LVS,750mL,7,9.99,2024-01-01
77_TAMWORTH_3133,77,TAMWORTH,3133,Svedka Strwbry Lemonad Vodka,750mL,4,10.99,2024-01-01
78_EASTHAVEN_41714,78,EASTHAVEN,41714,Fish Eye Pnt Grigio,750mL,21,5.99,2024-01-01
78_EASTHAVEN_45322,78,EASTHAVEN,45322,Zabrin de Fuego Garnacha,750mL,15,8.99,2024-01-01
79_BALLYMENA_38859,79,BALLYMENA,38859,Inniskillin Icewn Ngra Vidal,375mL,4,49.99,2024-01-01
78_EASTHAVEN_2958,78,EASTHAVEN,2958,Dalwhinnie 15-Yr Single Mal,750mL,10,57.99,2024-01-01
77_TAMWORTH_3921,77,TAMWORTH,3921,Espolon Reposado Tequila,750mL,3,23.99,2024-01-01
77_TAMWORTH_6658,77,TAMWORTH,6658,Ch de la Chaize Brouilly,750mL,13,15.99,2024-01-01
77_TAMWORTH_19962,77,TAMWORTH,19962,St Francis Merlot,750mL,10,14.99,2024-01-01
79_BALLYMENA_12771,79,BALLYMENA,12771,Joel Gott Cab Svgn 815,750mL,41,12.99,2024-01-01
79_BALLYMENA_970,79,BALLYMENA,970,Prairie Organic Kosher Vodka,750mL,22,15.99,2024-01-01
79_BALLYMENA_19269,79,BALLYMENA,19269,Peter Paul Live Free or Die,750mL,19,22.99,2024-01-01
78_EASTHAVEN_1178,78,EASTHAVEN,1178,Evan Williams Black Label B,750mL,5,11.49,2024-01-01
77_TAMWORTH_2814,77,TAMWORTH,2814,Hudson Bay Bourbon,375mL,0,39.99,2024-01-01
79_BALLYMENA_6872,79,BALLYMENA,6872,Marquis de Chasse Red Gines,750mL,0,9.99,2024-01-01
78_EASTHAVEN_46424,78,EASTHAVEN,46424,Hob Nob Pnt Nr VDP D'Oc,750mL,7,9.99,2024-01-01
77_TAMWORTH_8472,77,TAMWORTH,8472,1800 Silver Tequila,750mL,15,21.99,2024-01-01
77_TAMWORTH_6535,77,TAMWORTH,6535,Sandeman Tawny Port,750mL,22,11.99,2024-01-01
79_BALLYMENA_13445,79,BALLYMENA,13445,Dom Pere Caboche Cote Rhone,750mL,21,12.99,2024-01-01
79_BALLYMENA_39750,79,BALLYMENA,39750,Red Diamond Merlot Wash,750mL,20,8.99,2024-01-01
77_TAMWORTH_45294,77,TAMWORTH,45294,C K Mondavi Willw Pnt Grigio,1.5L,11,10.99,2024-01-01
79_BALLYMENA_273,79,BALLYMENA,273,Sauza Extra Gold Tequila,1.75L,30,21.99,2024-01-01
77_TAMWORTH_8236,77,TAMWORTH,8236,Jim Beam,50mL,120,1.49,2024-01-01
79_BALLYMENA_5390,79,BALLYMENA,5390,Dr McGillicuddy's Peach,50mL,1,0.99,2024-01-01
77_TAMWORTH_14701,77,TAMWORTH,14701,Cupcake Red Velvet,750mL,77,7.49,2024-01-01
79_BALLYMENA_2631,79,BALLYMENA,2631,Scapa Skiren Single Malt,750mL,4,71.99,2024-01-01
79_BALLYMENA_8674,79,BALLYMENA,8674,Riunite Moscato,1.5L,5,8.99,2024-01-01
77_TAMWORTH_8958,77,TAMWORTH,8958,Malibu Peach Sparkler RTD,750mL,11,14.99,2024-01-01
79_BALLYMENA_2822,79,BALLYMENA,2822,James E Pepper 1776 Rye,750mL,11,32.99,2024-01-01
77_TAMWORTH_4283,77,TAMWORTH,4283,Hochstadter's Slow and Low,750mL,3,18.99,2024-01-01
79_BALLYMENA_20057,79,BALLYMENA,20057,Ch Lascombes 10 Brdx,750mL,12,179.99,2024-01-01
79_BALLYMENA_26285,79,BALLYMENA,26285,Moet & Chandon Imperial,1.5L,39,69.99,2024-01-01
78_EASTHAVEN_41965,78,EASTHAVEN,41965,F Coppola Sofia Rose,750mL,4,14.99,2024-01-01
79_BALLYMENA_30656,79,BALLYMENA,30656,Steele Pnt Nr,750mL,22,17.99,2024-01-01
79_BALLYMENA_27361,79,BALLYMENA,27361,Borsao Campo de Borja Red,750mL,20,10.99,2024-01-01
77_TAMWORTH_43434,77,TAMWORTH,43434,Phillips Earthquake Cab Svgn,750mL,12,23.99,2024-01-01
78_EASTHAVEN_4233,78,EASTHAVEN,4233,Castillo Silver Label Rum,1.75L,6,9.99,2024-01-01
77_TAMWORTH_22143,77,TAMWORTH,22143,Simi Cab Svgn,750mL,12,18.99,2024-01-01
77_TAMWORTH_6876,77,TAMWORTH,6876,Sutter Home Clsc Chard,187mL 4 Pk,16,5.99,2024-01-01
79_BALLYMENA_3452,79,BALLYMENA,3452,Vanya Light Vodka,1.75L,20,6.99,2024-01-01
78_EASTHAVEN_2932,78,EASTHAVEN,2932,Jameson Black Barrel,750mL,9,31.99,2024-01-01
77_TAMWORTH_5060,77,TAMWORTH,5060,Dr McGillicuddy's Butterscth,750mL,10,12.99,2024-01-01
79_BALLYMENA_25282,79,BALLYMENA,25282,Ransom Sweet Vermouth,500mL,6,18.99,2024-01-01
77_TAMWORTH_27817,77,TAMWORTH,27817,Clos Pegase Carneros Chard,750mL,4,15.99,2024-01-01
79_BALLYMENA_41030,79,BALLYMENA,41030,Folie A Deux Cab Svgn,750mL,23,16.99,2024-01-01
79_BALLYMENA_3952,79,BALLYMENA,3952,Belvedere Mango Passion,750mL,20,22.99,2024-01-01
79_BALLYMENA_2665,79,BALLYMENA,2665,Dewars White Label,750mL,53,19.99,2024-01-01
79_BALLYMENA_5805,79,BALLYMENA,5805,Jose Cuervo Light Margaritas,1.75L,17,15.99,2024-01-01
77_TAMWORTH_8107,77,TAMWORTH,8107,Wild Turkey 101,1.75L,19,34.99,2024-01-01
77_TAMWORTH_2668,77,TAMWORTH,2668,Dewars White Label,375mL,21,13.99,2024-01-01
78_EASTHAVEN_818,78,EASTHAVEN,818,Gordons London Dry Gin,Liter,13,9.99,2024-01-01
78_EASTHAVEN_824,78,EASTHAVEN,824,Dewars White Label Scotch,Liter,15,26.99,2024-01-01
78_EASTHAVEN_5170,78,EASTHAVEN,5170,Dr McGillicuddy's Apple Pie,750mL,4,12.99,2024-01-01
78_EASTHAVEN_36770,78,EASTHAVEN,36770,Yellow Tail Cab Svgn Ausl,1.5L,35,8.95,2024-01-01
79_BALLYMENA_2772,79,BALLYMENA,2772,Talisker Storm Scotch,750mL,5,59.99,2024-01-01
79_BALLYMENA_1273,79,BALLYMENA,1273,Jim Beam Choice,1.75L,11,31.99,2024-01-01
77_TAMWORTH_3982,77,TAMWORTH,3982,Hornitos Reposado Tequila,750mL,1,19.99,2024-01-01
78_EASTHAVEN_966,78,EASTHAVEN,966,Patron Citronge Orange Liqu,750mL,10,20.99,2024-01-01
78_EASTHAVEN_1896,78,EASTHAVEN,1896,The Glenlivet 18 Yr Single,750mL,4,99.99,2024-01-01
78_EASTHAVEN_3857,78,EASTHAVEN,3857,Grey Goose Vodka,1.75L,25,48.99,2024-01-01
77_TAMWORTH_11214,77,TAMWORTH,11214,Caymus Cab Svgn Napa Vly,750mL,6,74.99,2024-01-01
78_EASTHAVEN_7221,78,EASTHAVEN,7221,M & R Sweet Vermouth,1.5L,7,10.49,2024-01-01
79_BALLYMENA_29810,79,BALLYMENA,29810,Fess Parker Chard,750mL,8,16.99,2024-01-01
77_TAMWORTH_6649,77,TAMWORTH,6649,Wente Morning Fog Chard,750mL,11,11.99,2024-01-01
78_EASTHAVEN_5312,78,EASTHAVEN,5312,Amaretto DiSaronno,750mL,8,19.99,2024-01-01
79_BALLYMENA_42264,79,BALLYMENA,42264,Belle Glos Clark & Telephone,750mL,9,49.99,2024-01-01
78_EASTHAVEN_42766,78,EASTHAVEN,42766,14 Hands Merlot Wash,750mL,23,8.95,2024-01-01
79_BALLYMENA_5135,79,BALLYMENA,5135,Ancho Reyes Chile Liqueur,750mL,29,23.99,2024-01-01
79_BALLYMENA_14471,79,BALLYMENA,14471,De Loach Merlot Cal,750mL,24,9.99,2024-01-01
77_TAMWORTH_6572,77,TAMWORTH,6572,Ch Greysac,750mL,6,17.99,2024-01-01
78_EASTHAVEN_34133,78,EASTHAVEN,34133,Turning Leaf RSV Cab Svgn,1.5L,12,9.99,2024-01-01
77_TAMWORTH_8512,77,TAMWORTH,8512,Baileys Irish Cream,750mL,123,18.99,2024-01-01
79_BALLYMENA_13723,79,BALLYMENA,13723,Big House Red,3L,4,16.99,2024-01-01
79_BALLYMENA_807,79,BALLYMENA,807,Jim Beam,Liter,15,17.99,2024-01-01
77_TAMWORTH_3876,77,TAMWORTH,3876,Smirnoff 80 Proof,1.75L,213,17.99,2024-01-01
78_EASTHAVEN_3020,78,EASTHAVEN,3020,Pinnacle Blueberry Vodka,750mL,9,9.99,2024-01-01
77_TAMWORTH_17167,77,TAMWORTH,17167,Kendall Jackson Vntr RSV Zin,750mL,17,9.95,2024-01-01
77_TAMWORTH_8670,77,TAMWORTH,8670,Arrow Coffee Brandy,1.75L,48,10.99,2024-01-01
77_TAMWORTH_4959,77,TAMWORTH,4959,Bacardi Tangerine,50mL,155,0.99,2024-01-01
77_TAMWORTH_13225,77,TAMWORTH,13225,Alphonse Dolly Sancerre Cvee,750mL,3,19.99,2024-01-01
77_TAMWORTH_35666,77,TAMWORTH,35666,Redwood Creek Chard Cal,1.5L,23,9.99,2024-01-01
78_EASTHAVEN_2149,78,EASTHAVEN,2149,Canadian Ltd Traveler,750mL,10,7.99,2024-01-01
79_BALLYMENA_7535,79,BALLYMENA,7535,Gekkeikan Sake,750mL,9,5.99,2024-01-01
79_BALLYMENA_22963,79,BALLYMENA,22963,Phillipine de St-Cyrille CdP,750mL,11,26.99,2024-01-01
78_EASTHAVEN_11828,78,EASTHAVEN,11828,Cupcake Svgn Bl,750mL,85,7.49,2024-01-01
79_BALLYMENA_6150,79,BALLYMENA,6150,Midnight Moon Blackberry,750mL,14,19.99,2024-01-01
78_EASTHAVEN_46554,78,EASTHAVEN,46554,Atteca Garnacha Old Vines,750mL,9,15.99,2024-01-01
78_EASTHAVEN_24779,78,EASTHAVEN,24779,Straccali Chianti,1.5L,19,9.99,2024-01-01
77_TAMWORTH_3980,77,TAMWORTH,3980,Hornitos Reposado Tequila,1.75L,5,39.99,2024-01-01
78_EASTHAVEN_597,78,EASTHAVEN,597,Baileys Irish Cream,Liter,8,27.99,2024-01-01
79_BALLYMENA_2952,79,BALLYMENA,2952,Old Bushmills,750mL,15,20.99,2024-01-01
79_BALLYMENA_822,79,BALLYMENA,822,Tanqueray,Liter,19,26.99,2024-01-01
79_BALLYMENA_3488,79,BALLYMENA,3488,Tanqueray,750mL,56,19.99,2024-01-01
79_BALLYMENA_13638,79,BALLYMENA,13638,Charles Smith Velvet Dev Mer,750mL,12,11.99,2024-01-01
77_TAMWORTH_3285,77,TAMWORTH,3285,Svedka Strawberry Colada,750mL,1,9.99,2024-01-01
78_EASTHAVEN_27596,78,EASTHAVEN,27596,MezzaCorona Pnt Grigio,750mL,14,7.89,2024-01-01
77_TAMWORTH_33278,77,TAMWORTH,33278,Villa Cornaro Pnt Grigio LTD,750mL,13,8.99,2024-01-01
78_EASTHAVEN_6590,78,EASTHAVEN,6590,Almaden B/B Wh Znfdl Cal,5L,10,14.99,2024-01-01
78_EASTHAVEN_5780,78,EASTHAVEN,5780,Malibu Black,750mL,11,13.99,2024-01-01
78_EASTHAVEN_3591,78,EASTHAVEN,3591,Absolut Vanilia,750mL,14,17.99,2024-01-01
79_BALLYMENA_39335,79,BALLYMENA,39335,Phillips Seven Deadly Znfdl,750mL,80,14.99,2024-01-01
79_BALLYMENA_2184,79,BALLYMENA,2184,Bonnie Rose Orange Peel,750mL,12,19.99,2024-01-01
79_BALLYMENA_35103,79,BALLYMENA,35103,Ruffino Chianti Superiore,750mL,32,9.99,2024-01-01
79_BALLYMENA_16753,79,BALLYMENA,16753,Pennywise Pnt Nr,750mL,12,11.99,2024-01-01
78_EASTHAVEN_5153,78,EASTHAVEN,5153,Fireball Cinn Whisky Trav,750mL,4,15.99,2024-01-01
79_BALLYMENA_41537,79,BALLYMENA,41537,Mer Soleil Chard Central Cst,750mL,22,27.99,2024-01-01
79_BALLYMENA_11249,79,BALLYMENA,11249,Joseph Carr Merlot Napa Vly,750mL,21,17.99,2024-01-01
79_BALLYMENA_6314,79,BALLYMENA,6314,Livingston Burgundy Calif,3L,14,11.99,2024-01-01
79_BALLYMENA_32137,79,BALLYMENA,32137,F Coppola Diamond Znfd,750mL,35,14.99,2024-01-01
77_TAMWORTH_4247,77,TAMWORTH,4247,Bacardi Limon Rum,750mL,11,9.99,2024-01-01
77_TAMWORTH_2686,77,TAMWORTH,2686,AnCnoc 12 Yr Old Scotch,750mL,3,37.99,2024-01-01
77_TAMWORTH_18013,77,TAMWORTH,18013,Cecchi Sangiovese,750mL,12,7.99,2024-01-01
78_EASTHAVEN_2788,78,EASTHAVEN,2788,Laphroaig 10 Yr Single Malt,750mL,4,39.99,2024-01-01
77_TAMWORTH_31488,77,TAMWORTH,31488,Barefoot Chard Cal,750mL,9,4.99,2024-01-01
77_TAMWORTH_2899,77,TAMWORTH,2899,Laphroiag Select Single Malt,750mL,8,52.99,2024-01-01
79_BALLYMENA_32915,79,BALLYMENA,32915,Kim Crawford Svgn Bl Marlbro,750mL,44,14.99,2024-01-01
79_BALLYMENA_9145,79,BALLYMENA,9145,Smirnoff Kissed Caramel,50mL,3,0.99,2024-01-01
77_TAMWORTH_29835,77,TAMWORTH,29835,Casal Garcia Vinho Verde Wh,750mL,10,7.99,2024-01-01
77_TAMWORTH_20855,77,TAMWORTH,20855,Cockburns Special RSV,750mL,13,12.99,2024-01-01
77_TAMWORTH_3518,77,TAMWORTH,3518,Cabot Trail Maple Whisky,750mL,5,20.99,2024-01-01
78_EASTHAVEN_6896,78,EASTHAVEN,6896,Sterling Merlot,750mL,8,14.95,2024-01-01
79_BALLYMENA_3072,79,BALLYMENA,3072,Ciroc Peach Vodka,750mL,46,24.99,2024-01-01
79_BALLYMENA_19220,79,BALLYMENA,19220,Veuve Clicquot Gold Label,750mL,3,65.99,2024-01-01
79_BALLYMENA_21277,79,BALLYMENA,21277,Nicholson Ranch Chard Son Ct,750mL,42,19.99,2024-01-01
77_TAMWORTH_3045,77,TAMWORTH,3045,Pinnacle Salted Caramel,750mL,19,10.99,2024-01-01
79_BALLYMENA_9037,79,BALLYMENA,9037,Prairie Organic Cucumber Vod,750mL,12,15.99,2024-01-01
77_TAMWORTH_4945,77,TAMWORTH,4945,Jacquin Ginger Brandy,750mL,21,9.49,2024-01-01
79_BALLYMENA_8725,79,BALLYMENA,8725,Chambord Royale de France,375mL,9,17.99,2024-01-01
79_BALLYMENA_3204,79,BALLYMENA,3204,Twenty 2 Vodka,750mL,42,21.99,2024-01-01
77_TAMWORTH_5042,77,TAMWORTH,5042,Tequila Rose Liqueur,750mL,10,13.99,2024-01-01
79_BALLYMENA_17308,79,BALLYMENA,17308,Novelty Hill Cab Svgn CV,750mL,9,21.99,2024-01-01
79_BALLYMENA_3568,79,BALLYMENA,3568,Pearl Cucumber Vodka,50mL,37,0.99,2024-01-01
79_BALLYMENA_3515,79,BALLYMENA,3515,Skyy Infusions Citrus Vodka,1.75L,45,19.99,2024-01-01
78_EASTHAVEN_2122,78,EASTHAVEN,2122,Canadian Club 1858,750mL,4,10.99,2024-01-01
77_TAMWORTH_5223,77,TAMWORTH,5223,Paul Masson Red Berry Brandy,750mL,8,8.99,2024-01-01
79_BALLYMENA_27591,79,BALLYMENA,27591,Righetti Amarone Valpo Clsc,750mL,10,30.99,2024-01-01
79_BALLYMENA_20055,79,BALLYMENA,20055,Ch Haut Bailey 10 Brdx,750mL,7,219.99,2024-01-01
77_TAMWORTH_23895,77,TAMWORTH,23895,Lindemans Bin 50 Shiraz,750mL,6,7.99,2024-01-01
77_TAMWORTH_3745,77,TAMWORTH,3745,Taaka Vodka Traveler,750mL,14,4.99,2024-01-01
77_TAMWORTH_28736,77,TAMWORTH,28736,Turning Leaf RSV Pnt Grigio,750mL,21,5.99,2024-01-01
79_BALLYMENA_5130,79,BALLYMENA,5130,X Rated Fusion Liqueur,750mL,13,17.99,2024-01-01
78_EASTHAVEN_6682,78,EASTHAVEN,6682,R M Woodbridge Chard Cal,1.5L,70,8.99,2024-01-01
77_TAMWORTH_3831,77,TAMWORTH,3831,Grey Goose L'Orange Vodka,50mL,19,3.99,2024-01-01
77_TAMWORTH_3218,77,TAMWORTH,3218,Firefly Sweet Tea Vodka,750mL,14,12.99,2024-01-01
78_EASTHAVEN_5758,78,EASTHAVEN,5758,1800 Ultimate Margarita RTD,1.75L,6,19.99,2024-01-01
78_EASTHAVEN_1376,78,EASTHAVEN,1376,Jim Beam,1.75L,37,21.99,2024-01-01
77_TAMWORTH_8622,77,TAMWORTH,8622,Dom Perignon,750mL,5,134.99,2024-01-01
79_BALLYMENA_15265,79,BALLYMENA,15265,The Naked Grape Cab Svgn,750mL,16,6.99,2024-01-01
79_BALLYMENA_18822,79,BALLYMENA,18822,Sterling Carneros Pnt Nr,750mL,21,19.99,2024-01-01
79_BALLYMENA_45503,79,BALLYMENA,45503,Rebel The Show Cab Svgn,750mL,22,9.99,2024-01-01
78_EASTHAVEN_6553,78,EASTHAVEN,6553,Harveys Bristol Cream Sherry,750mL,7,11.99,2024-01-01
79_BALLYMENA_3981,79,BALLYMENA,3981,Three Olives Berry Vodka,750mL,20,11.99,2024-01-01
78_EASTHAVEN_8068,78,EASTHAVEN,8068,Absolut 80 Proof,1.75L,80,24.99,2024-01-01
77_TAMWORTH_16289,77,TAMWORTH,16289,Barefoot Bubbly Pink Moscato,750mL,45,7.99,2024-01-01
78_EASTHAVEN_24088,78,EASTHAVEN,24088,Hess Select Cab Svgn,750mL,16,16.99,2024-01-01
79_BALLYMENA_2615,79,BALLYMENA,2615,Chivas Regal,50mL,210,3.49,2024-01-01
78_EASTHAVEN_37235,78,EASTHAVEN,37235,Mionetto Il Prosecco Spklg,750mL,0,11.99,2024-01-01
79_BALLYMENA_37049,79,BALLYMENA,37049,Argyle Willamette Pnt Nr,750mL,22,19.99,2024-01-01
79_BALLYMENA_39648,79,BALLYMENA,39648,Ch Ste Michelle Indn W Chard,750mL,5,14.99,2024-01-01
79_BALLYMENA_19282,79,BALLYMENA,19282,Penfolds Bin 8 Cab Svgn/Shir,750mL,23,19.99,2024-01-01
79_BALLYMENA_2989,79,BALLYMENA,2989,The Macallan 18 Yr Old,750mL,2,259.99,2024-01-01
79_BALLYMENA_43359,79,BALLYMENA,43359,David Bruce Pnt Nr RRV,750mL,8,39.99,2024-01-01
77_TAMWORTH_3625,77,TAMWORTH,3625,Absolut 80 Proof,750mL,36,17.99,2024-01-01
77_TAMWORTH_12216,77,TAMWORTH,12216,Da Vinci Pnt Grigio,750mL,12,9.99,2024-01-01
77_TAMWORTH_3086,77,TAMWORTH,3086,Ciroc Coconut Vodka,1.75L,6,47.99,2024-01-01
77_TAMWORTH_6495,77,TAMWORTH,6495,Exotico Blanco Tequila,750mL,6,13.99,2024-01-01
79_BALLYMENA_23388,79,BALLYMENA,23388,Light Horse Cab Svgn,750mL,3,11.99,2024-01-01
79_BALLYMENA_45535,79,BALLYMENA,45535,Citra Pnt Grigio,1.5L,18,10.99,2024-01-01
79_BALLYMENA_2105,79,BALLYMENA,2105,Black Velvet Toasted Caramel,750mL,25,9.99,2024-01-01
79_BALLYMENA_38131,79,BALLYMENA,38131,Principato Pnt Gr Sicilia,1.5L,24,11.99,2024-01-01
79_BALLYMENA_35959,79,BALLYMENA,35959,Stags Leap Winery Cab Svgn,750mL,21,49.99,2024-01-01
79_BALLYMENA_3444,79,BALLYMENA,3444,Hornitos Plata Tequila,1.75L,1,39.99,2024-01-01
79_BALLYMENA_3472,79,BALLYMENA,3472,Cazadores Blanco Tequila,750mL,3,14.99,2024-01-01
79_BALLYMENA_36262,79,BALLYMENA,36262,Newton Chard Napa/Sonoma,750mL,8,16.99,2024-01-01
79_BALLYMENA_3089,79,BALLYMENA,3089,Evan Williams Honey Reserve,750mL,28,13.99,2024-01-01
77_TAMWORTH_4135,77,TAMWORTH,4135,Smirnoff Blueberry Vodka,50mL,44,0.99,2024-01-01
78_EASTHAVEN_426,78,EASTHAVEN,426,Crystal Head Vodka,50mL,4,7.99,2024-01-01
77_TAMWORTH_6448,77,TAMWORTH,6448,Dubonnet Rouge,750mL,13,10.49,2024-01-01
78_EASTHAVEN_33038,78,EASTHAVEN,33038,Beringer Fndrs Est Chard,1.5L,6,18.99,2024-01-01
79_BALLYMENA_25846,79,BALLYMENA,25846,Groth Svgn Bl Napa Valley,750mL,20,19.99,2024-01-01
77_TAMWORTH_34427,77,TAMWORTH,34427,Frei Bros RSV Cab Svgn Alex,750mL,5,21.99,2024-01-01
77_TAMWORTH_8480,77,TAMWORTH,8480,Clan MacGregor,1.75L,41,14.99,2024-01-01
77_TAMWORTH_41254,77,TAMWORTH,41254,Ch St Jean Merlot Cal,750mL,16,11.99,2024-01-01
79_BALLYMENA_13620,79,BALLYMENA,13620,Columbia Winery Cab Svgn,750mL,11,8.79,2024-01-01
77_TAMWORTH_8838,77,TAMWORTH,8838,Ch Ste Michelle Cab Svgn Col,750mL,31,12.99,2024-01-01
79_BALLYMENA_35862,79,BALLYMENA,35862,Allegrini Palazzo Della Tor,750mL,5,19.99,2024-01-01
77_TAMWORTH_6479,77,TAMWORTH,6479,Clos du Bois Chard,750mL,81,8.99,2024-01-01
79_BALLYMENA_4283,79,BALLYMENA,4283,Hochstadter's Slow and Low,750mL,8,18.99,2024-01-01
78_EASTHAVEN_24453,78,EASTHAVEN,24453,Estancia Meritage,750mL,15,22.99,2024-01-01
77_TAMWORTH_5080,77,TAMWORTH,5080,Hpnotiq Harmonie,750mL,2,19.99,2024-01-01
79_BALLYMENA_28775,79,BALLYMENA,28775,C K Mondavi Merlot,1.5L,21,10.99,2024-01-01
79_BALLYMENA_63,79,BALLYMENA,63,Herradura Reposado Tequila,750mL,9,38.99,2024-01-01
77_TAMWORTH_28262,77,TAMWORTH,28262,Nathanson Creek Merlot,1.5L,10,7.99,2024-01-01
79_BALLYMENA_37656,79,BALLYMENA,37656,MacMurray Ranch Sonma Pnt Nr,750mL,16,19.99,2024-01-01
78_EASTHAVEN_3348,78,EASTHAVEN,3348,Bombay Sapphire Gin,1.75L,28,29.99,2024-01-01
79_BALLYMENA_16320,79,BALLYMENA,16320,Ninety+Cellars Lot 42 Pnt Gr,750mL,30,8.99,2024-01-01
78_EASTHAVEN_12495,78,EASTHAVEN,12495,Cupcake Malbec,750mL,14,7.49,2024-01-01
78_EASTHAVEN_3689,78,EASTHAVEN,3689,Stolichnaya Vanil,750mL,16,16.99,2024-01-01
78_EASTHAVEN_6980,78,EASTHAVEN,6980,Midnight Moon Blueberry,750mL,8,19.99,2024-01-01
79_BALLYMENA_6042,79,BALLYMENA,6042,Maurice's Mentholated Mint,750mL,2,11.99,2024-01-01
77_TAMWORTH_41629,77,TAMWORTH,41629,Heron Pnt Nr Cal,750mL,9,13.99,2024-01-01
79_BALLYMENA_42602,79,BALLYMENA,42602,3 Blind Moose Chard Cal,750mL,22,8.99,2024-01-01
78_EASTHAVEN_8815,78,EASTHAVEN,8815,Ch Ste Michelle Chard Colmbi,750mL,24,8.99,2024-01-01
77_TAMWORTH_8619,77,TAMWORTH,8619,Canadian Club,375mL,14,5.99,2024-01-01
78_EASTHAVEN_8680,78,EASTHAVEN,8680,Crown Royal,1.75L,21,38.99,2024-01-01
79_BALLYMENA_32924,79,BALLYMENA,32924,Silverado Cab Svgn Napa,750mL,102,42.99,2024-01-01
79_BALLYMENA_5212,79,BALLYMENA,5212,Margaritaville Silver,1.75L,6,19.99,2024-01-01
78_EASTHAVEN_7991,78,EASTHAVEN,7991,Stock Italian X Dry Vermouth,1.5L,3,9.99,2024-01-01
78_EASTHAVEN_485,78,EASTHAVEN,485,Seagrams 7 Crown,Liter,9,12.99,2024-01-01
79_BALLYMENA_36378,79,BALLYMENA,36378,MezzaCorona Pnt Grigio,1.5L,100,10.99,2024-01-01
79_BALLYMENA_2722,79,BALLYMENA,2722,J & B Rare,750mL,20,21.99,2024-01-01
77_TAMWORTH_2549,77,TAMWORTH,2549,WhistlePig 10 Yr Rye,375mL,14,40.99,2024-01-01
78_EASTHAVEN_12227,78,EASTHAVEN,12227,Korbel Sweet Rose,750mL,27,12.99,2024-01-01
77_TAMWORTH_33582,77,TAMWORTH,33582,Villa Cornaro Prosecco Del,750mL,50,9.99,2024-01-01
77_TAMWORTH_3376,77,TAMWORTH,3376,Tommy Guns Vodka,750mL,5,39.99,2024-01-01
79_BALLYMENA_39654,79,BALLYMENA,39654,Sutter Home Pnt Grigio Cal,1.5L,14,9.99,2024-01-01
77_TAMWORTH_6570,77,TAMWORTH,6570,Kendall Jackson Chard Vt RSV,750mL,165,9.95,2024-01-01
77_TAMWORTH_8102,77,TAMWORTH,8102,Absolut Mandrin,1.75L,34,24.99,2024-01-01
77_TAMWORTH_16837,77,TAMWORTH,16837,Beringer Classic Pink Moscat,750mL,7,5.99,2024-01-01
79_BALLYMENA_8275,79,BALLYMENA,8275,El Mayor Anejo Tequila,750mL,14,32.99,2024-01-01
77_TAMWORTH_8170,77,TAMWORTH,8170,Courvoisier VS Cognac,50mL,26,2.99,2024-01-01
78_EASTHAVEN_35464,78,EASTHAVEN,35464,Stags Leap WC Artemis Cab,750mL,11,42.95,2024-01-01
79_BALLYMENA_39691,79,BALLYMENA,39691,Smith & Hook Lucia Cab Svgn,750mL,12,19.99,2024-01-01
