InventoryId,Store,City,Brand,Description,Size,onHand,Price,endDate
32_MOUNTMEND_41751,32,MOUNTMEND,41751,Clos du Bois Pnt Grigio Cal,750mL,59,8.99,2024-12-31
34_PITMERDEN_2204,34,PITMERDEN,2204,Bowmore 25 Yr Single Malt,750mL,6,429.99,2024-12-31
9_BLACKPOOL_3489,9,BLACKPOOL,3489,Tanqueray,1.75L,65,27.99,2024-12-31
33_HORNSEY_3679,33,HORNSEY,3679,Chopin Vodka,750mL,7,21.99,2024-12-31
38_GOULCREST_7261,38,GOULCREST,7261,Gallo X Dry Vermouth,750mL,21,5.49,2024-12-31
33_HORNSEY_2882,33,HORNSEY,2882,Highland Park 18 Yr Single,750mL,3,124.99,2024-12-31
34_PITMERDEN_23755,34,PITMERDEN,23755,Ch Haut Brion 12 Pessac-Leog,750mL,9,528.99,2024-12-31
34_PITMERDEN_3983,34,PITMERDEN,3983,Wiggly Bridge Vodka,750mL,6,24.99,2024-12-31
25_CAERSHIRE_13665,25,CAERSHIRE,13665,Josh Cellars Chard,750mL,77,12.99,2024-12-31
21_BALERNO_24606,21,BALERNO,24606,Fortant Cab Svgn,750mL,4,9.99,2024-12-31
11_CARDEND_31454,11,CARDEND,31454,Foxhorn SE Chard Australia,1.5L,5,6.99,2024-12-31
18_FURNESS_18860,18,FURNESS,18860,Barefoot Refresh Summer Red,750mL,11,5.99,2024-12-31
19_WINTERVALE_36874,19,WINTERVALE,36874,Yellow Tail Merlot Ausl,750mL,8,7.99,2024-12-31
7_STANMORE_36267,7,STANMORE,36267,Montinore Pnt Gris Ore,750mL,12,14.99,2024-12-31
9_BLACKPOOL_5875,9,BLACKPOOL,5875,Malibu Light Bl Hawaiian RTD,1.75L,8,17.99,2024-12-31
36_LEWES_6918,36,LEWES,6918,Franzia Tap Cab Svgn,5L,8,17.99,2024-12-31
1_HARDERSFIELD_1188,1,HARDERSFIELD,1188,Stolichnaya 80/2 Glass Pack,750mL,17,16.99,2024-12-31
1_HARDERSFIELD_8441,1,HARDERSFIELD,8441,Baileys Irish Cream,375mL,29,12.99,2024-12-31
26_KNIFE'S EDGE_32649,26,KNIFE'S EDGE,32649,Beringer Classic Wh Merlot,1.5L,10,7.99,2024-12-31
30_CULCHETH_5897,30,CULCHETH,5897,99 Bananas,750mL,5,11.99,2024-12-31
27_MOUNTMEND_20706,27,MOUNTMEND,20706,A Proper Claret,750mL,52,15.99,2024-12-31
1_HARDERSFIELD_23241,1,HARDERSFIELD,23241,14 Hands Svgn Bl,750mL,7,8.99,2024-12-31
34_PITMERDEN_2530,34,PITMERDEN,2530,The Macallan 17Yr Old Scotch,750mL,0,249.99,2024-12-31
9_BLACKPOOL_1727,9,BLACKPOOL,1727,West Cork Irish Whiskey,750mL,3,21.99,2024-12-31
18_FURNESS_3549,18,FURNESS,3549,Ketel One Vodka,750mL,6,22.99,2024-12-31
7_STANMORE_4437,7,STANMORE,4437,Mount Gay Eclipse,1.75L,9,31.99,2024-12-31
36_LEWES_6269,36,LEWES,6269,Sutter Home Cab Svgn,1.5L,12,9.99,2024-12-31
38_GOULCREST_25895,38,GOULCREST,25895,JeanJean Terrasses Larzac 13,750mL,19,13.99,2024-12-31
38_GOULCREST_5668,38,GOULCREST,5668,Dr McGillicuddy's Grape,750mL,71,13.99,2024-12-31
12_LEESIDE_8329,12,LEESIDE,8329,R Mondavi Chard Pvt Sel,750mL,30,8.99,2024-12-31
33_HORNSEY_27243,33,HORNSEY,27243,Stars Like Ours Rose,750mL,46,9.99,2024-12-31
34_PITMERDEN_27551,34,PITMERDEN,27551,Anne Amie Twelve Oaks Pnt Nr,750mL,10,37.99,2024-12-31
7_STANMORE_44228,7,STANMORE,44228,Clean Slate Rsl Mosel,750mL,21,11.99,2024-12-31
15_WANBORNE_21270,15,WANBORNE,21270,Kendall Jackson AVANT Svgn B,750mL,9,9.99,2024-12-31
7_STANMORE_8897,7,STANMORE,8897,Moet & Chandon Brut Imprl Ro,750mL,3,49.99,2024-12-31
12_LEESIDE_3683,12,LEESIDE,3683,Stolichnaya Ohranj,750mL,9,16.99,2024-12-31
30_CULCHETH_13454,30,CULCHETH,13454,Eden Heirloom Blnd Ice Cider,375mL,4,25.49,2024-12-31
6_GOULCREST_3736,6,GOULCREST,3736,Smirnoff Cherry Vodka,750mL,6,10.99,2024-12-31
39_EASTHALLOW_4413,39,EASTHALLOW,4413,Casamigos Blanco,50mL,10,1.99,2024-12-31
7_STANMORE_22289,7,STANMORE,22289,Pichot Dom Moriette Vouvray,750mL,15,14.99,2024-12-31
9_BLACKPOOL_3246,9,BLACKPOOL,3246,Bentley's Vodka,1.75L,37,8.79,2024-12-31
37_PAETHSMOUTH_2522,37,PAETHSMOUTH,2522,The Macallan 10 Yr Fine Oak,750mL,8,49.99,2024-12-31
17_OLDHAM_5731,17,OLDHAM,5731,Malibu Passion Fruit Rum,750mL,8,12.99,2024-12-31
14_BROMWICH_3085,14,BROMWICH,3085,Absolut Mini Bar 5/50mls,250mL,8,7.99,2024-12-31
10_HORNSEY_37541,10,HORNSEY,37541,Frogs Leap Cab Svgn Napa,750mL,15,54.99,2024-12-31
33_HORNSEY_31356,33,HORNSEY,31356,Justin Isosceles Paso Roble,750mL,16,79.99,2024-12-31
22_SHARNWICK_4701,22,SHARNWICK,4701,Fabrizia Limoncello,750mL,11,16.99,2024-12-31
32_MOUNTMEND_32924,32,MOUNTMEND,32924,Silverado Cab Svgn Napa,750mL,12,46.99,2024-12-31
2_ASHBORNE_8033,2,ASHBORNE,8033,Jack Daniels No 7 Black,50mL,54,2.99,2024-12-31
34_PITMERDEN_32367,34,PITMERDEN,32367,Cavit Pinot Noir Delle Vene,750mL,11,6.99,2024-12-31
15_WANBORNE_8447,15,WANBORNE,8447,Studebaker Old Fashioned RTD,750mL,1,16.99,2024-12-31
6_GOULCREST_8637,6,GOULCREST,8637,Metaxa Ouzo,750mL,1,17.99,2024-12-31
15_WANBORNE_8171,15,WANBORNE,8171,Leroux Blackberry Brandy,50mL,110,0.99,2024-12-31
30_CULCHETH_37792,30,CULCHETH,37792,Blackstone Pnt Nr Monterey,750mL,24,7.99,2024-12-31
23_ARBINGTON_4064,23,ARBINGTON,4064,Calico Jack Pin/Coc Rum,1.75L,22,12.99,2024-12-31
17_OLDHAM_3315,17,OLDHAM,3315,Smirnoff Sorbet Rasp/Pomegra,50mL,121,0.99,2024-12-31
38_GOULCREST_15247,38,GOULCREST,15247,Juve y Camps Brut Nature,750mL,3,15.99,2024-12-31
32_MOUNTMEND_3781,32,MOUNTMEND,3781,Three Olives Vanilla Vodka,750mL,9,11.99,2024-12-31
39_EASTHALLOW_33037,39,EASTHALLOW,33037,Beringer Fndrs Est Cab Svgn,1.5L,12,18.99,2024-12-31
1_HARDERSFIELD_2862,1,HARDERSFIELD,2862,Pinch 15-Yr by Haig & Haig,750mL,10,36.99,2024-12-31
34_PITMERDEN_26142,34,PITMERDEN,26142,Finca Valpiedra Rsv Rioja 08,750mL,6,35.99,2024-12-31
25_CAERSHIRE_43043,25,CAERSHIRE,43043,Yellow Tail Rsl,750mL,1,7.99,2024-12-31
14_BROMWICH_4796,14,BROMWICH,4796,Caravella Limoncello,750mL,9,16.99,2024-12-31
34_PITMERDEN_11926,34,PITMERDEN,11926,The Crusher Cab Svgn,750mL,15,13.99,2024-12-31
15_WANBORNE_16127,15,WANBORNE,16127,Lindemans Bin 90 Moscato,1.5L,6,11.99,2024-12-31
33_HORNSEY_21055,33,HORNSEY,21055,Sandeman Imperial 20-Yr Taw,750mL,7,39.99,2024-12-31
25_CAERSHIRE_4624,25,CAERSHIRE,4624,Meukow 90,750mL,7,19.99,2024-12-31
20_BREDWARDINE_3859,20,BREDWARDINE,3859,Smirnoff 80 Proof,375mL,55,8.99,2024-12-31
12_LEESIDE_1737,12,LEESIDE,1737,Makers Mark,1.75L,6,49.99,2024-12-31
34_PITMERDEN_25574,34,PITMERDEN,25574,Simmonet-Febvre 12 Bourgogne,750mL,82,11.99,2024-12-31
1_HARDERSFIELD_2871,1,HARDERSFIELD,2871,Woodford Reserve Rye,750mL,3,37.99,2024-12-31
13_TARMSWORTH_20357,13,TARMSWORTH,20357,Apothic Dark,750mL,9,7.99,2024-12-31
27_MOUNTMEND_6649,27,MOUNTMEND,6649,Wente Morning Fog Chard,750mL,14,11.99,2024-12-31
7_STANMORE_3394,7,STANMORE,3394,Blue Nectar Silver Tequila,750mL,4,29.99,2024-12-31
8_ALNERWICK_6240,8,ALNERWICK,6240,Riunite Raspberry,1.5L,10,8.99,2024-12-31
14_BROMWICH_37401,14,BROMWICH,37401,Excelsior S Afr Cab Svgn,750mL,9,8.99,2024-12-31
21_BALERNO_22416,21,BALERNO,22416,Layer Cake Sea of Stones Red,750mL,15,15.99,2024-12-31
29_AYLESBURY_1868,29,AYLESBURY,1868,Lagavulin Single Malt 16-Yr,750mL,5,69.99,2024-12-31
40_BULLMAR_5133,40,BULLMAR,5133,E&J Apple Brandy,750mL,4,8.99,2024-12-31
15_WANBORNE_2757,15,WANBORNE,2757,Johnnie Walker Red Label,1.75L,215,28.99,2024-12-31
15_WANBORNE_1686,15,WANBORNE,1686,Lord Calvert Ducks Decanter,750mL,9,99.99,2024-12-31
27_MOUNTMEND_2894,27,MOUNTMEND,2894,Scoresby Rare,1.75L,15,17.99,2024-12-31
2_ASHBORNE_4876,2,ASHBORNE,4876,Skyy Infusion Tropical Mango,750mL,6,9.99,2024-12-31
30_CULCHETH_5667,30,CULCHETH,5667,Skinnygirl Spicy Lime RTD,750mL,13,10.99,2024-12-31
35_HALIVAARA_2531,35,HALIVAARA,2531,WhistlePig Straight Rye 10Yr,750mL,2,69.99,2024-12-31
40_BULLMAR_8345,40,BULLMAR,8345,R M Woodbridge Cab Svgn Cal,750mL,9,7.99,2024-12-31
23_ARBINGTON_2890,23,ARBINGTON,2890,Four Roses Bourbon,750mL,34,27.99,2024-12-31
35_HALIVAARA_6360,35,HALIVAARA,6360,Taylor Nys Cream Sherry,3L,3,13.99,2024-12-31
27_MOUNTMEND_29128,27,MOUNTMEND,29128,Sutter Home Merlot Cal,187mL 4 Pk,7,5.99,2024-12-31
13_TARMSWORTH_8173,13,TARMSWORTH,8173,Amarula Cream Liqueur,750mL,9,19.99,2024-12-31
21_BALERNO_8447,21,BALERNO,8447,Studebaker Old Fashioned RTD,750mL,4,16.99,2024-12-31
23_ARBINGTON_39450,23,ARBINGTON,39450,Ponzi Willamette Pnt Nr,750mL,10,34.99,2024-12-31
7_STANMORE_11440,7,STANMORE,11440,Peter Vella Sangria B/B,5L,7,14.99,2024-12-31
9_BLACKPOOL_3768,9,BLACKPOOL,3768,Jenkins Vodka,750mL,31,4.99,2024-12-31
38_GOULCREST_2946,38,GOULCREST,2946,Highland Park 15 Yr Old,750mL,11,99.99,2024-12-31
38_GOULCREST_3107,38,GOULCREST,3107,Don Julio 70th Anniversary,750mL,8,66.99,2024-12-31
34_PITMERDEN_5616,34,PITMERDEN,5616,Emmets Irish Cream,1.75L,17,19.99,2024-12-31
23_ARBINGTON_8725,23,ARBINGTON,8725,Chambord Royale de France,375mL,5,15.99,2024-12-31
13_TARMSWORTH_1233,13,TARMSWORTH,1233,Jack Daniels No 7 Black,1.75L,105,34.99,2024-12-31
31_HORNSEY_3234,31,HORNSEY,3234,Hendrick's Gin,1.75L,7,59.99,2024-12-31
22_SHARNWICK_15824,22,SHARNWICK,15824,Nozzole Chianti Clsc RSV,750mL,2,16.99,2024-12-31
36_LEWES_3915,36,LEWES,3915,Sauza Silver Tequila,750mL,7,12.99,2024-12-31
34_PITMERDEN_13525,34,PITMERDEN,13525,Stags Leap The Leap Cab Svgn,750mL,26,39.99,2024-12-31
27_MOUNTMEND_41713,27,MOUNTMEND,41713,Fish Eye Merlot,750mL,20,5.99,2024-12-31
25_CAERSHIRE_2960,25,CAERSHIRE,2960,The Macallan Fine Oak 15 Yr,750mL,3,109.99,2024-12-31
19_WINTERVALE_32090,19,WINTERVALE,32090,Rutherford Ranch Cab Svgn,750mL,13,26.99,2024-12-31
17_OLDHAM_2117,17,OLDHAM,2117,Black Velvet Traveler,750mL,20,8.99,2024-12-31
7_STANMORE_811,7,STANMORE,811,Jack Daniels No 7 Black,Liter,19,27.99,2024-12-31
38_GOULCREST_16315,38,GOULCREST,16315,24 Knots Pnt Nr,750mL,9,17.99,2024-12-31
37_PAETHSMOUTH_3851,37,PAETHSMOUTH,3851,Grey Goose Vodka,375mL,3,15.99,2024-12-31
34_PITMERDEN_4779,34,PITMERDEN,4779,Molletto Grappa di Barbera,750mL,6,26.99,2024-12-31
38_GOULCREST_39750,38,GOULCREST,39750,Red Diamond Merlot Wash,750mL,19,8.99,2024-12-31
37_PAETHSMOUTH_1220,37,PAETHSMOUTH,1220,Woodford Reserve Bourbon,750mL,4,30.99,2024-12-31
23_ARBINGTON_8409,23,ARBINGTON,8409,Christian Bros Cream Sherry,1.5L,4,8.29,2024-12-31
32_MOUNTMEND_3681,32,MOUNTMEND,3681,OuterSpace Vodka,750mL,56,29.99,2024-12-31
28_LARNWICK_15105,28,LARNWICK,15105,Kendall Jackson Avant Chard,750mL,48,9.99,2024-12-31
28_LARNWICK_2026,28,LARNWICK,2026,Camarena Silver Tequila,750mL,12,18.99,2024-12-31
12_LEESIDE_1226,12,LEESIDE,1226,Lexington Bourbon,750mL,7,23.99,2024-12-31
18_FURNESS_8338,18,FURNESS,8338,The Glenlivet 12 Yr Single,375mL,11,21.99,2024-12-31
35_HALIVAARA_3321,35,HALIVAARA,3321,Rosita Tequila Gold,Liter,12,9.29,2024-12-31
34_PITMERDEN_15290,34,PITMERDEN,15290,Backhouse Pnt Nr,750mL,7,6.99,2024-12-31
16_LUNDY_5375,16,LUNDY,5375,Petrone Limoncello,750mL,8,19.99,2024-12-31
38_GOULCREST_2313,38,GOULCREST,2313,Black Button Bespoke Bourbon,750mL,11,21.99,2024-12-31
26_KNIFE'S EDGE_8173,26,KNIFE'S EDGE,8173,Amarula Cream Liqueur,750mL,10,19.99,2024-12-31
34_PITMERDEN_25063,34,PITMERDEN,25063,Jadot Savigny 13 Clos de Gue,750mL,2,39.99,2024-12-31
17_OLDHAM_3919,17,OLDHAM,3919,Hornitos Reposado Tequila,375mL,4,11.49,2024-12-31
33_HORNSEY_21233,33,HORNSEY,21233,Cavicchioli Prosecco,750mL,2,11.99,2024-12-31
14_BROMWICH_2586,14,BROMWICH,2586,Jameson Irish Whiskey,50mL,109,2.99,2024-12-31
7_STANMORE_4858,7,STANMORE,4858,Kraken Black Spiced Rum 94P,50mL,26,1.99,2024-12-31
16_LUNDY_46476,16,LUNDY,46476,Tilia Malbec Mendoza,750mL,11,9.99,2024-12-31
21_BALERNO_4652,21,BALERNO,4652,Hennessy XO Cognac,750mL,4,159.99,2024-12-31
34_PITMERDEN_21517,34,PITMERDEN,21517,Riunite Lambrusco Cuties,187mL,4,7.79,2024-12-31
18_FURNESS_4234,18,FURNESS,4234,Bacardi Pineapple Fusion,750mL,3,9.99,2024-12-31
17_OLDHAM_2902,17,OLDHAM,2902,Stranahan's Colorado Whiskey,750mL,2,46.99,2024-12-31
36_LEWES_376,36,LEWES,376,Aperol Liqueur,750mL,5,28.99,2024-12-31
11_CARDEND_3779,11,CARDEND,3779,Three Olives Cherry Vodka,750mL,9,14.99,2024-12-31
29_AYLESBURY_10443,29,AYLESBURY,10443,Kung Fu Girl Riesling,750mL,6,11.99,2024-12-31
39_EASTHALLOW_33874,39,EASTHALLOW,33874,Bella Sera Pinot Grigio Del,1.5L,22,10.99,2024-12-31
38_GOULCREST_36072,38,GOULCREST,36072,Ch Malartic-Lagraviere 10,750mL,6,81.99,2024-12-31
2_ASHBORNE_12211,2,ASHBORNE,12211,Black Box Rsl,3L,16,18.99,2024-12-31
2_ASHBORNE_19164,2,ASHBORNE,19164,Tracia Malbec,750mL,23,7.99,2024-12-31
7_STANMORE_14369,7,STANMORE,14369,Neirano Prosecco Sparkling,750mL,9,12.99,2024-12-31
20_BREDWARDINE_2196,20,BREDWARDINE,2196,Canadian Hunter Whiskey,1.75L,6,11.99,2024-12-31
6_GOULCREST_21609,6,GOULCREST,21609,Josh Cellars Legacy Red,750mL,2,13.99,2024-12-31
15_WANBORNE_2412,15,WANBORNE,2412,JP Wiser's Rye,750mL,11,21.99,2024-12-31
38_GOULCREST_9109,38,GOULCREST,9109,Deep Eddy Ruby Red Vodka,50mL,103,0.99,2024-12-31
2_ASHBORNE_22143,2,ASHBORNE,22143,Simi Cab Svgn,750mL,0,13.79,2024-12-31
22_SHARNWICK_31204,22,SHARNWICK,31204,Beringer Fndrs Est Svgn Bl,750mL,11,8.99,2024-12-31
26_KNIFE'S EDGE_8673,26,KNIFE'S EDGE,8673,Skinnygirl Margarita,750mL,8,10.99,2024-12-31
4_EANVERNESS_8339,4,EANVERNESS,8339,The Glenlivet 12 Yr Single,750mL,39,42.99,2024-12-31
34_PITMERDEN_17906,34,PITMERDEN,17906,Kim Crawford Chard Unoaked,750mL,14,14.99,2024-12-31
37_PAETHSMOUTH_7254,37,PAETHSMOUTH,7254,Cribari Marsala,750mL,12,7.99,2024-12-31
18_FURNESS_6096,18,FURNESS,6096,Kinky Blue Liqueur,750mL,2,16.99,2024-12-31
1_HARDERSFIELD_3704,1,HARDERSFIELD,3704,Ciroc Pineapple Vodka,750mL,31,24.99,2024-12-31
40_BULLMAR_1373,40,BULLMAR,1373,Jim Beam Honey,750mL,12,14.99,2024-12-31
34_PITMERDEN_18587,34,PITMERDEN,18587,Eric Kent Chardonnay RRV,750mL,6,39.99,2024-12-31
7_STANMORE_757,7,STANMORE,757,Jim Beam Rye,750mL,8,18.99,2024-12-31
34_PITMERDEN_1132,34,PITMERDEN,1132,Jack Daniels Honey & Fire Pk,375mL 2 Pk,75,25.99,2024-12-31
13_TARMSWORTH_39254,13,TARMSWORTH,39254,Las Rocas Garnacha San Alej,750mL,12,11.99,2024-12-31
6_GOULCREST_45822,6,GOULCREST,45822,Masciarelli Montepulciano,750mL,56,9.95,2024-12-31
18_FURNESS_171,18,FURNESS,171,Gentleman Jack,1.75L,8,49.99,2024-12-31
29_AYLESBURY_3345,29,AYLESBURY,3345,Bombay Sapphire Gin,50mL,62,1.99,2024-12-31
33_HORNSEY_19357,33,HORNSEY,19357,Kendall Jackson Vntnr Rsv Ch,375mL,28,5.99,2024-12-31
10_HORNSEY_19549,10,HORNSEY,19549,Opici White Sangria,3L,9,13.99,2024-12-31
10_HORNSEY_6579,10,HORNSEY,6579,J Lohr Riverstone Chard,750mL,32,9.99,2024-12-31
39_EASTHALLOW_13430,39,EASTHALLOW,13430,Agua de Piedra Malbec Selccn,750mL,63,11.99,2024-12-31
10_HORNSEY_4447,10,HORNSEY,4447,Patron XO Cafe Dark Cocoa,750mL,31,25.99,2024-12-31
2_ASHBORNE_508,2,ASHBORNE,508,Bacardi Superior Rum,Liter,33,15.49,2024-12-31
18_FURNESS_8727,18,FURNESS,8727,Monkey Shoulder Scotch,750mL,6,29.99,2024-12-31
21_BALERNO_8453,21,BALERNO,8453,1800 Silver Tequila,50mL,59,2.79,2024-12-31
10_HORNSEY_3180,10,HORNSEY,3180,New Amsterdam Vodka,1.75L,29,16.99,2024-12-31
9_BLACKPOOL_26236,9,BLACKPOOL,26236,Marques de Caceres Rose,750mL,27,8.99,2024-12-31
35_HALIVAARA_824,35,HALIVAARA,824,Dewars White Label Scotch,Liter,3,26.99,2024-12-31
36_LEWES_3054,36,LEWES,3054,Smirnoff Kissed Caramel,750mL,5,10.99,2024-12-31
13_TARMSWORTH_513,13,TARMSWORTH,513,Ocean Vodka,750mL,4,29.99,2024-12-31
38_GOULCREST_4565,38,GOULCREST,4565,Christian Bros VS Brandy,750mL,19,9.49,2024-12-31
30_CULCHETH_3123,30,CULCHETH,3123,Booths London Dry Gin,1.75L,8,14.99,2024-12-31
27_MOUNTMEND_8345,27,MOUNTMEND,8345,R M Woodbridge Cab Svgn Cal,750mL,25,7.99,2024-12-31
22_SHARNWICK_1982,22,SHARNWICK,1982,Herradura Silver Tequila,375mL,7,16.99,2024-12-31
11_CARDEND_6396,11,CARDEND,6396,Taylor Dry Sherry,1.5L,11,7.79,2024-12-31
21_BALERNO_22515,21,BALERNO,22515,Justin Vyds Svgn Bl Ctrl Cst,750mL,13,12.99,2024-12-31
19_WINTERVALE_2017,19,WINTERVALE,2017,Redbreast Irish Whiskey,750mL,5,64.99,2024-12-31
12_LEESIDE_7978,12,LEESIDE,7978,M & R X Dry Vermouth,750mL,16,7.49,2024-12-31
23_ARBINGTON_8691,23,ARBINGTON,8691,Jose Cuervo Especial,750mL,44,15.99,2024-12-31
15_WANBORNE_6553,15,WANBORNE,6553,Harveys Bristol Cream Sherry,750mL,22,13.99,2024-12-31
23_ARBINGTON_22662,23,ARBINGTON,22662,Trefethen Chard Napa,750mL,9,32.99,2024-12-31
33_HORNSEY_34904,33,HORNSEY,34904,Smoking Loon Chard,750mL,53,6.79,2024-12-31
2_ASHBORNE_26945,2,ASHBORNE,26945,Ferrari-Carano Fume Bl,750mL,17,9.99,2024-12-31
30_CULCHETH_24907,30,CULCHETH,24907,Bogle Old Vine Znfdl Cal,750mL,3,10.99,2024-12-31
30_CULCHETH_41751,30,CULCHETH,41751,Clos du Bois Pnt Grigio Cal,750mL,62,8.99,2024-12-31
23_ARBINGTON_18592,23,ARBINGTON,18592,Dead Bolt Red,750mL,10,8.99,2024-12-31
6_GOULCREST_7982,6,GOULCREST,7982,M & R Sweet Vermouth,750mL,0,7.49,2024-12-31
23_ARBINGTON_28888,23,ARBINGTON,28888,Livingston Clrs Wh Znfdl Cal,3L,5,11.99,2024-12-31
9_BLACKPOOL_3857,9,BLACKPOOL,3857,Grey Goose Vodka,1.75L,15,49.99,2024-12-31
30_CULCHETH_5404,30,CULCHETH,5404,E & J Superior Rsv VSOP,375mL,25,5.49,2024-12-31
21_BALERNO_35123,21,BALERNO,35123,Terrabianca Campaccia,750mL,12,31.99,2024-12-31
37_PAETHSMOUTH_14975,37,PAETHSMOUTH,14975,Cavit Moscato,750mL,5,6.99,2024-12-31
22_SHARNWICK_28138,22,SHARNWICK,28138,Columbia Crest Grand Chard,750mL,21,9.99,2024-12-31
13_TARMSWORTH_20863,13,TARMSWORTH,20863,W Hill Est Chard N Coast,750mL,6,10.95,2024-12-31
15_WANBORNE_3085,15,WANBORNE,3085,Absolut Mini Bar 5/50mls,250mL,36,7.99,2024-12-31
7_STANMORE_6717,7,STANMORE,6717,Dream Catcher Irish Liqueur,750mL,1,15.49,2024-12-31
11_CARDEND_41713,11,CARDEND,41713,Fish Eye Merlot,750mL,26,5.99,2024-12-31
20_BREDWARDINE_4689,20,BREDWARDINE,4689,Hennessy Privilege VSOP,750mL,26,46.99,2024-12-31
15_WANBORNE_4438,15,WANBORNE,4438,Cruzan Black Cherry Rum,750mL,15,9.99,2024-12-31
5_SUTTON_32969,5,SUTTON,32969,Alice White Shiraz Ausl,1.5L,9,13.99,2024-12-31
37_PAETHSMOUTH_40559,37,PAETHSMOUTH,40559,McManis Cab Svgn Cal,750mL,6,11.99,2024-12-31
1_HARDERSFIELD_3252,1,HARDERSFIELD,3252,Smirnoff Sourced Cran Apple,750mL,7,9.49,2024-12-31
33_HORNSEY_8921,33,HORNSEY,8921,Sterling Cab Svgn,750mL,28,16.95,2024-12-31
15_WANBORNE_12943,15,WANBORNE,12943,Middle Sister Drama Queen Pi,750mL,18,9.99,2024-12-31
27_MOUNTMEND_41751,27,MOUNTMEND,41751,Clos du Bois Pnt Grigio Cal,750mL,20,8.99,2024-12-31
6_GOULCREST_2226,6,GOULCREST,2226,Jim Beam Devils Cut,1.75L,8,36.99,2024-12-31
2_ASHBORNE_4412,2,ASHBORNE,4412,Pusser's British Navy Rum,750mL,9,17.99,2024-12-31
1_HARDERSFIELD_3608,1,HARDERSFIELD,3608,Smirnoff Orange Vodka,50mL,225,0.99,2024-12-31
16_LUNDY_1875,16,LUNDY,1875,Bushmills Black Bush,750mL,3,26.99,2024-12-31
36_LEWES_31201,36,LEWES,31201,Beringer Fndrs Est Cab Svgn,750mL,7,8.99,2024-12-31
12_LEESIDE_8961,12,LEESIDE,8961,Jose Cuervo Especial,50mL,107,1.49,2024-12-31
21_BALERNO_38546,21,BALERNO,38546,Mark West Pnt Nr Sonoma,750mL,161,9.99,2024-12-31
14_BROMWICH_40801,14,BROMWICH,40801,Sileni Sauvignon Blanc,750mL,3,9.99,2024-12-31
24_PALPERROTH_8462,24,PALPERROTH,8462,Frangelico Hazelnut Liqueur,750mL,16,21.99,2024-12-31
11_CARDEND_8620,11,CARDEND,8620,Sambuca Romana,375mL,8,11.99,2024-12-31
15_WANBORNE_23650,15,WANBORNE,23650,Tom Gore Chardonnay CA,750mL,7,12.99,2024-12-31
1_HARDERSFIELD_1919,1,HARDERSFIELD,1919,Tullamore Dew Crock,750mL,8,29.99,2024-12-31
4_EANVERNESS_29691,4,EANVERNESS,29691,Hahn Merlot Central Coast,750mL,9,11.99,2024-12-31
7_STANMORE_5148,7,STANMORE,5148,St Brendans Irish Cream,1.75L,4,17.99,2024-12-31
2_ASHBORNE_7716,2,ASHBORNE,7716,Andre Brut,750mL,1,5.49,2024-12-31
34_PITMERDEN_8895,34,PITMERDEN,8895,Gloria Ferrer Brut,750mL,11,17.99,2024-12-31
34_PITMERDEN_25162,34,PITMERDEN,25162,D.des Senechaux CdP,750mL,12,49.99,2024-12-31
1_HARDERSFIELD_23523,1,HARDERSFIELD,23523,19 Crimes Cab Svgn,750mL,24,9.99,2024-12-31
15_WANBORNE_17187,15,WANBORNE,17187,The Messenger Telegram Red 2,750mL,1,9.99,2024-12-31
16_LUNDY_8329,16,LUNDY,8329,R Mondavi Chard Pvt Sel,750mL,22,8.99,2024-12-31
24_PALPERROTH_4290,24,PALPERROTH,4290,Bacardi Tangerine Rum,750mL,4,9.99,2024-12-31
13_TARMSWORTH_5101,13,TARMSWORTH,5101,Dr McGillicuddy's Mentholmnt,750mL,68,13.99,2024-12-31
23_ARBINGTON_5750,23,ARBINGTON,5750,Malibu Rum Traveler,750mL,10,12.99,2024-12-31
8_ALNERWICK_46202,8,ALNERWICK,46202,Yellow Tail Pnt Grigio Ausl,1.5L,44,8.95,2024-12-31
34_PITMERDEN_23270,34,PITMERDEN,23270,Campo Viejo Gr Cava Brut Rsv,750mL,8,9.99,2024-12-31
11_CARDEND_8408,11,CARDEND,8408,Wild Turkey American Honey,1.75L,15,35.99,2024-12-31
4_EANVERNESS_3625,4,EANVERNESS,3625,Absolut 80 Proof,750mL,93,17.99,2024-12-31
4_EANVERNESS_3656,4,EANVERNESS,3656,Stolichnaya Vanil,1.75L,12,24.99,2024-12-31
20_BREDWARDINE_1465,20,BREDWARDINE,1465,Woodford Rsv Bourbon,375mL,15,15.99,2024-12-31
1_HARDERSFIELD_12216,1,HARDERSFIELD,12216,Da Vinci Pnt Grigio,750mL,40,9.99,2024-12-31
7_STANMORE_5801,7,STANMORE,5801,Dr McGillicuddy's Peppermint,50mL,9,0.99,2024-12-31
8_ALNERWICK_39593,8,ALNERWICK,39593,Redwood Creek Pnt Nr Cal,1.5L,8,9.99,2024-12-31
33_HORNSEY_2160,33,HORNSEY,2160,Nikka Coffey Malt Whisky,750mL,3,64.99,2024-12-31
14_BROMWICH_4224,14,BROMWICH,4224,Goslings Black Seal Rum 80,750mL,7,15.99,2024-12-31
10_HORNSEY_1003,10,HORNSEY,1003,Crown Royal VAP Glass+Coastr,750mL,73,22.99,2024-12-31
17_OLDHAM_8096,17,OLDHAM,8096,Beefeater Gin,50mL,35,1.99,2024-12-31
23_ARBINGTON_2676,23,ARBINGTON,2676,Grand MacNish,1.75L,19,14.99,2024-12-31
4_EANVERNESS_43788,4,EANVERNESS,43788,Veuve Clicquot Ponsardin Rs,750mL,4,49.99,2024-12-31
35_HALIVAARA_43434,35,HALIVAARA,43434,Phillips Earthquake Cab Svgn,750mL,3,24.99,2024-12-31
15_WANBORNE_37235,15,WANBORNE,37235,Mionetto Il Prosecco Spklg,750mL,7,11.99,2024-12-31
34_PITMERDEN_19969,34,PITMERDEN,19969,Ch D'Issan 10 Brdx,750mL,1,125.99,2024-12-31
28_LARNWICK_11957,28,LARNWICK,11957,Souverain Cab Svgn N Cst,750mL,15,9.99,2024-12-31
15_WANBORNE_3346,15,WANBORNE,3346,Nautical Gin,750mL,9,27.99,2024-12-31
18_FURNESS_8515,18,FURNESS,8515,Baileys Chocolate Cherry,750mL,4,19.99,2024-12-31
17_OLDHAM_2646,17,OLDHAM,2646,Chivas Regal,1.75L,6,54.99,2024-12-31
34_PITMERDEN_4317,34,PITMERDEN,4317,Pyrat XO Reserve Rum,750mL,3,32.99,2024-12-31
6_GOULCREST_1892,6,GOULCREST,1892,Yukon Jack,50mL,77,0.99,2024-12-31
23_ARBINGTON_22019,23,ARBINGTON,22019,Mumm Napa Brut Rose,750mL,31,15.99,2024-12-31
25_CAERSHIRE_34825,25,CAERSHIRE,34825,J Vineyards Pnt Gris,750mL,15,12.99,2024-12-31
36_LEWES_4233,36,LEWES,4233,Castillo Silver Label Rum,1.75L,2,10.99,2024-12-31
19_WINTERVALE_13766,19,WINTERVALE,13766,Yealands Svgn Bl Marlborough,750mL,12,12.99,2024-12-31
23_ARBINGTON_8351,23,ARBINGTON,8351,Arrow Kirsch,750mL,4,10.99,2024-12-31
23_ARBINGTON_1715,23,ARBINGTON,1715,Ole Smoky Apple Pie Moonshne,750mL,8,18.99,2024-12-31
11_CARDEND_8393,11,CARDEND,8393,Casamigos Reposado,750mL,8,56.99,2024-12-31
32_MOUNTMEND_2508,32,MOUNTMEND,2508,Crown Royal No Harvest Rye,50mL,0,1.99,2024-12-31
28_LARNWICK_4368,28,LARNWICK,4368,Capt Morgan Private Stock,1.75L,10,34.99,2024-12-31
18_FURNESS_26250,18,FURNESS,26250,Roederer Est Brut,750mL,17,19.99,2024-12-31
39_EASTHALLOW_24840,39,EASTHALLOW,24840,Honig Svgn Bl Napa,750mL,27,15.99,2024-12-31
6_GOULCREST_8623,6,GOULCREST,8623,Casamigos Anejo Tequila,50mL,48,2.99,2024-12-31
30_CULCHETH_8112,30,CULCHETH,8112,Stolichnaya,1.75L,126,23.99,2024-12-31
16_LUNDY_4103,16,LUNDY,4103,Capt Morgan White,750mL,9,14.99,2024-12-31
17_OLDHAM_39146,17,OLDHAM,39146,Matua Svgn Bl Marlboro,750mL,7,10.99,2024-12-31
13_TARMSWORTH_24779,13,TARMSWORTH,24779,Straccali Chianti,1.5L,9,9.99,2024-12-31
23_ARBINGTON_19821,23,ARBINGTON,19821,Castello Chianti Classico,750mL,17,16.99,2024-12-31
38_GOULCREST_31847,38,GOULCREST,31847,Saintsbury Carneros Pnt Nr,750mL,12,32.99,2024-12-31
10_HORNSEY_2140,10,HORNSEY,2140,West Cork Barrel Proof Ltd R,750mL,16,51.99,2024-12-31
8_ALNERWICK_4251,8,ALNERWICK,4251,Havana Club Anejo Clsco Gold,50mL,48,0.99,2024-12-31
23_ARBINGTON_24029,23,ARBINGTON,24029,William Hill Est Pnt Nr CC,750mL,14,14.99,2024-12-31
40_BULLMAR_1060,40,BULLMAR,1060,Jack Daniels Bruins Glass Pk,Liter,0,27.99,2024-12-31
10_HORNSEY_14078,10,HORNSEY,14078,Bota Box Malbec,3L,4,17.99,2024-12-31
21_BALERNO_27203,21,BALERNO,27203,DeLoach Ethans Vyd Znfdl,750mL,11,12.99,2024-12-31
24_PALPERROTH_23273,24,PALPERROTH,23273,Apothic Crush,750mL,11,7.99,2024-12-31
14_BROMWICH_878,14,BROMWICH,878,DeKuyper Green Creme de Ment,Liter,10,9.99,2024-12-31
25_CAERSHIRE_25212,25,CAERSHIRE,25212,Mionetto Prosecco Extra Dry,750mL,0,10.99,2024-12-31
38_GOULCREST_4787,38,GOULCREST,4787,Appleton Special Gold Rum,1.75L,10,19.99,2024-12-31
34_PITMERDEN_3773,34,PITMERDEN,3773,General John Stark Vodka,750mL,7,32.99,2024-12-31
22_SHARNWICK_5042,22,SHARNWICK,5042,Tequila Rose Liqueur,750mL,9,14.99,2024-12-31
15_WANBORNE_513,15,WANBORNE,513,Ocean Vodka,750mL,6,29.99,2024-12-31
34_PITMERDEN_18360,34,PITMERDEN,18360,Dom de la Damase Grenache,750mL,17,11.99,2024-12-31
32_MOUNTMEND_4385,32,MOUNTMEND,4385,Parrot Bay 90 Coconut Capt,1.75L,7,24.99,2024-12-31
29_AYLESBURY_8016,29,AYLESBURY,8016,La Vieille Ferme Wh Rhone,750mL,9,6.99,2024-12-31
36_LEWES_8232,36,LEWES,8232,Riunite Lambrusco,1.5L,2,8.99,2024-12-31
6_GOULCREST_25647,6,GOULCREST,25647,De Loach Russian River Chard,750mL,6,18.99,2024-12-31
4_EANVERNESS_12666,4,EANVERNESS,12666,Carpineto Dogajolo Tuscan Wh,750mL,36,12.99,2024-12-31
38_GOULCREST_10723,38,GOULCREST,10723,R M Woodbridge Chard,1.5L,61,8.99,2024-12-31
7_STANMORE_653,7,STANMORE,653,Dom de Canton Ginger Liqueur,750mL,3,37.99,2024-12-31
13_TARMSWORTH_14838,13,TARMSWORTH,14838,Layer Cake Cab Svgn,750mL,11,11.95,2024-12-31
32_MOUNTMEND_811,32,MOUNTMEND,811,Jack Daniels No 7 Black,Liter,4,27.99,2024-12-31
9_BLACKPOOL_5246,9,BLACKPOOL,5246,Bacardi Party Drinks Zombie,1.75L,8,15.99,2024-12-31
24_PALPERROTH_3982,24,PALPERROTH,3982,Hornitos Reposado Tequila,750mL,30,20.99,2024-12-31
9_BLACKPOOL_12443,9,BLACKPOOL,12443,Kim Crawford Svgn Bl Marlbro,375mL,10,7.99,2024-12-31
15_WANBORNE_20763,15,WANBORNE,20763,Sassoregaule Maremma Toscana,750mL,10,14.99,2024-12-31
4_EANVERNESS_18787,4,EANVERNESS,18787,Rio Madre Rioja Graciano,750mL,5,11.99,2024-12-31
33_HORNSEY_18743,33,HORNSEY,18743,Ca'Momi Merlot Napa Valley,750mL,35,13.99,2024-12-31
33_HORNSEY_6864,33,HORNSEY,6864,St Francis Chard,750mL,34,9.99,2024-12-31
33_HORNSEY_8523,33,HORNSEY,8523,Glen Ellen Chard RSV,750mL,18,4.99,2024-12-31
40_BULLMAR_26817,40,BULLMAR,26817,Ravenswood Vntrs Blnd Merlot,750mL,12,7.99,2024-12-31
38_GOULCREST_3891,38,GOULCREST,3891,Belvedere Peach Nectar Vodka,750mL,11,16.49,2024-12-31
12_LEESIDE_44511,12,LEESIDE,44511,MacMurray Ranch C Cst Pnt Nr,750mL,59,14.99,2024-12-31
15_WANBORNE_3699,15,WANBORNE,3699,Chopin Vodka,1.75L,15,39.99,2024-12-31
8_ALNERWICK_63,8,ALNERWICK,63,Herradura Reposado Tequila,750mL,5,38.99,2024-12-31
21_BALERNO_23013,21,BALERNO,23013,Marietta Clrs Christo Red,750mL,15,15.99,2024-12-31
26_KNIFE'S EDGE_5810,26,KNIFE'S EDGE,5810,Cuervo Watermelon Margaritas,1.75L,6,16.99,2024-12-31
7_STANMORE_2418,7,STANMORE,2418,Crown Royal Regal Apple,750mL,43,22.99,2024-12-31
22_SHARNWICK_8421,22,SHARNWICK,8421,Beringer Classic Wh Znfdl,750mL,23,6.99,2024-12-31
4_EANVERNESS_8379,4,EANVERNESS,8379,Wild Turkey 101,375mL,13,11.99,2024-12-31
12_LEESIDE_6096,12,LEESIDE,6096,Kinky Blue Liqueur,750mL,14,16.99,2024-12-31
30_CULCHETH_8064,30,CULCHETH,8064,Canadian Club,50mL,134,0.99,2024-12-31
30_CULCHETH_46830,30,CULCHETH,46830,Pacific Rim Sweet Rsl,750mL,13,8.99,2024-12-31
15_WANBORNE_2568,15,WANBORNE,2568,Lagavulin 8Yr 200th Ltd Edtn,750mL,27,64.99,2024-12-31
19_WINTERVALE_3667,19,WINTERVALE,3667,Boru Original Irish Vodka,1.75L,10,17.99,2024-12-31
15_WANBORNE_22194,15,WANBORNE,22194,Placido Pinot Grigio Venezi,1.5L,8,12.99,2024-12-31
39_EASTHALLOW_5628,39,EASTHALLOW,5628,Baja Rosa Strawberry Liqueur,750mL,8,9.99,2024-12-31
27_MOUNTMEND_1269,27,MOUNTMEND,1269,Jeffersons Bourbon,750mL,6,25.99,2024-12-31
15_WANBORNE_24291,15,WANBORNE,24291,Dom Fond Croze La Croix Coq,750mL,13,17.99,2024-12-31
30_CULCHETH_6398,30,CULCHETH,6398,BV Coastal Estate Cab Svgn,750mL,11,7.99,2024-12-31
5_SUTTON_2756,5,SUTTON,2756,Jameson Caskmates,750mL,6,29.99,2024-12-31
34_PITMERDEN_44916,34,PITMERDEN,44916,Ferreira Dona Antonio RSV,750mL,12,17.99,2024-12-31
8_ALNERWICK_1086,8,ALNERWICK,1086,Hennessy VSOP Privilege VAP,750mL,11,46.99,2024-12-31
9_BLACKPOOL_38370,9,BLACKPOOL,38370,Oyster Bay Svgn Bl Marlboro,750mL,16,10.99,2024-12-31
25_CAERSHIRE_31203,25,CAERSHIRE,31203,Beringer Fndrs Est Merlot,750mL,9,8.99,2024-12-31
25_CAERSHIRE_43223,25,CAERSHIRE,43223,Ch Beauchene Cotes du Rhone,750mL,20,8.99,2024-12-31
35_HALIVAARA_4262,35,HALIVAARA,4262,Capt Morgan Spiced Rum,750mL,37,14.99,2024-12-31
29_AYLESBURY_18347,29,AYLESBURY,18347,Banfi Pnt Grigio San Angelo,750mL,50,16.99,2024-12-31
33_HORNSEY_37435,33,HORNSEY,37435,Duval-Leroy Champagne Brut,750mL,13,31.99,2024-12-31
15_WANBORNE_2863,15,WANBORNE,2863,The Deveron 12 Yr Scotch,750mL,1,44.99,2024-12-31
19_WINTERVALE_2989,19,WINTERVALE,2989,The Macallan 18 Yr Old,750mL,3,259.99,2024-12-31
38_GOULCREST_2169,38,GOULCREST,2169,Olmeca Altos Plata Tequila,50mL,102,1.99,2024-12-31
32_MOUNTMEND_29649,32,MOUNTMEND,29649,St Hilaire Blanc de Blancs,750mL,11,13.99,2024-12-31
12_LEESIDE_41159,12,LEESIDE,41159,Phillips Earthquake Ld Znfdl,750mL,39,24.99,2024-12-31
16_LUNDY_5391,16,LUNDY,5391,Kamora Coffee,1.75L,31,15.99,2024-12-31
33_HORNSEY_5317,33,HORNSEY,5317,B & B Liqueur Dom,50mL,13,3.29,2024-12-31
39_EASTHALLOW_6216,39,EASTHALLOW,6216,Taylor Tawny Port,1.5L,10,7.99,2024-12-31
10_HORNSEY_23472,10,HORNSEY,23472,Dom Vocoret & Fils Chabls 13,750mL,10,18.99,2024-12-31
25_CAERSHIRE_44494,25,CAERSHIRE,44494,Smoking Loon Pnt Grigio Cal,750mL,45,6.79,2024-12-31
30_CULCHETH_13052,30,CULCHETH,13052,Ch Ste Michelle Gewurz Colum,750mL,11,8.49,2024-12-31
6_GOULCREST_6396,6,GOULCREST,6396,Taylor Dry Sherry,1.5L,9,7.79,2024-12-31
7_STANMORE_22842,7,STANMORE,22842,Corral De Peidra Cab Svgn,750mL,12,10.99,2024-12-31
20_BREDWARDINE_41711,20,BREDWARDINE,41711,Fish Eye Cab Svgn,750mL,16,5.99,2024-12-31
15_WANBORNE_3216,15,WANBORNE,3216,Fleischmanns X Dry Gin,1.75L,30,9.99,2024-12-31
7_STANMORE_1982,7,STANMORE,1982,Herradura Silver Tequila,375mL,6,16.99,2024-12-31
37_PAETHSMOUTH_11826,37,PAETHSMOUTH,11826,Cupcake Chard,750mL,16,7.49,2024-12-31
40_BULLMAR_1330,40,BULLMAR,1330,Grey Goose Glass Pack,1.75L,0,49.99,2024-12-31
8_ALNERWICK_3815,8,ALNERWICK,3815,Solid Granite Vodka,750mL,6,27.99,2024-12-31
27_MOUNTMEND_2418,27,MOUNTMEND,2418,Crown Royal Regal Apple,750mL,27,22.99,2024-12-31
14_BROMWICH_14475,14,BROMWICH,14475,Belcreme de Lys Chard,750mL,8,9.99,2024-12-31
34_PITMERDEN_664,34,PITMERDEN,664,Ardbeg Uigeadail Scotch,750mL,3,73.99,2024-12-31
37_PAETHSMOUTH_21208,37,PAETHSMOUTH,21208,Kendall Jackson Grand Rsv Ch,750mL,22,15.99,2024-12-31
38_GOULCREST_10470,38,GOULCREST,10470,Easton Amador Cnty Znfdl,750mL,13,16.99,2024-12-31
8_ALNERWICK_8704,8,ALNERWICK,8704,Beringer Chard Napa Vly,750mL,9,19.99,2024-12-31
19_WINTERVALE_6735,19,WINTERVALE,6735,Gallo Twin Valley Chard Cal,1.5L,8,9.99,2024-12-31
15_WANBORNE_4414,15,WANBORNE,4414,Cruzan Pineapple Rum,750mL,4,9.99,2024-12-31
25_CAERSHIRE_27461,25,CAERSHIRE,27461,Ecco Domani Pnt Grigio Venez,750mL,11,8.99,2024-12-31
11_CARDEND_20660,11,CARDEND,20660,WillM Alsace Rsl,750mL,3,12.99,2024-12-31
34_PITMERDEN_36063,34,PITMERDEN,36063,Ch La Mission Haut-Brion 10,750mL,1,1099.99,2024-12-31
6_GOULCREST_45599,6,GOULCREST,45599,Luigi Bosca RSV Cab Svgn,750mL,3,16.99,2024-12-31
1_HARDERSFIELD_8289,1,HARDERSFIELD,8289,E.H.Taylor Jr Single Barrel,750mL,0,59.99,2024-12-31
28_LARNWICK_6946,28,LARNWICK,6946,Rosemount Diamond Cab Svgn,750mL,10,8.99,2024-12-31
4_EANVERNESS_5802,4,EANVERNESS,5802,Martell VSOP Cognac,750mL,12,31.99,2024-12-31
32_MOUNTMEND_2749,32,MOUNTMEND,2749,John Begg Blue Cap,1.75L,9,16.99,2024-12-31
30_CULCHETH_11141,30,CULCHETH,11141,C K Mondavi Chard,1.5L,12,12.99,2024-12-31
2_ASHBORNE_26091,2,ASHBORNE,26091,Pacific Rim Rsl,750mL,15,8.99,2024-12-31
32_MOUNTMEND_2908,32,MOUNTMEND,2908,Buchanans Deluxe  18 Yr Old,750mL,3,67.99,2024-12-31
15_WANBORNE_3158,15,WANBORNE,3158,Pinnacle Tropical Punch,1.75L,58,15.99,2024-12-31
4_EANVERNESS_17219,4,EANVERNESS,17219,Honoro Vera Garnacha Calatyd,750mL,6,9.99,2024-12-31
3_HORNSEY_8441,3,HORNSEY,8441,Baileys Irish Cream,375mL,12,12.99,2024-12-31
23_ARBINGTON_25647,23,ARBINGTON,25647,De Loach Russian River Chard,750mL,12,18.99,2024-12-31
19_WINTERVALE_8451,19,WINTERVALE,8451,Cruzan Aged Dark Rum,1.75L,17,16.99,2024-12-31
32_MOUNTMEND_3709,32,MOUNTMEND,3709,Aslanoff Vodka,1.75L,18,13.99,2024-12-31
8_ALNERWICK_8472,8,ALNERWICK,8472,1800 Silver Tequila,750mL,11,21.99,2024-12-31
31_HORNSEY_33873,31,HORNSEY,33873,Bella Sera Pnt Grigio Del,750mL,15,6.49,2024-12-31
6_GOULCREST_3637,6,GOULCREST,3637,Zhenka Vodka Plastic,750mL,22,5.29,2024-12-31
22_SHARNWICK_38133,22,SHARNWICK,38133,Il Bastardo Sangiovese Tosc,750mL,7,8.99,2024-12-31
23_ARBINGTON_4153,23,ARBINGTON,4153,Jenkins Rum,1.75L,18,11.99,2024-12-31
25_CAERSHIRE_12994,25,CAERSHIRE,12994,Acrobat Pnt Gris Oregon,750mL,45,12.99,2024-12-31
2_ASHBORNE_4478,2,ASHBORNE,4478,Myers Original Dark Rum,750mL,6,17.99,2024-12-31
28_LARNWICK_8082,28,LARNWICK,8082,Baileys Irish Cream,1.75L,15,28.99,2024-12-31
1_HARDERSFIELD_1698,1,HARDERSFIELD,1698,Knob Creek 2001 Bourbon,750mL,7,129.99,2024-12-31
16_LUNDY_661,16,LUNDY,661,Red Stag by Jim Beam,750mL,19,14.99,2024-12-31
32_MOUNTMEND_46762,32,MOUNTMEND,46762,Clayhouse Cab Svgn Paso Rbls,750mL,9,13.99,2024-12-31
6_GOULCREST_5153,6,GOULCREST,5153,Fireball Cinn Whisky Trav,750mL,3,13.99,2024-12-31
37_PAETHSMOUTH_3584,37,PAETHSMOUTH,3584,Absolut Raspberri,750mL,10,17.99,2024-12-31
34_PITMERDEN_26687,34,PITMERDEN,26687,Dom Faiveley Nuits Porets 14,750mL,6,76.99,2024-12-31
6_GOULCREST_4737,6,GOULCREST,4737,St Remy VSOP Authentic Brndy,750mL,10,10.99,2024-12-31
27_MOUNTMEND_3696,27,MOUNTMEND,3696,Gilbeys Vodka,1.75L,46,10.49,2024-12-31
8_ALNERWICK_8961,8,ALNERWICK,8961,Jose Cuervo Especial,50mL,132,1.49,2024-12-31
25_CAERSHIRE_2041,25,CAERSHIRE,2041,Redbreast 15 Yr Old Irish,750mL,8,89.99,2024-12-31
14_BROMWICH_3321,14,BROMWICH,3321,Rosita Tequila Gold,Liter,30,9.29,2024-12-31
15_WANBORNE_8737,15,WANBORNE,8737,Freixenet Cordon Negro Brut,750mL,14,11.99,2024-12-31
30_CULCHETH_37842,30,CULCHETH,37842,Dona Paula Malbec Mendoza,750mL,4,11.99,2024-12-31
30_CULCHETH_4317,30,CULCHETH,4317,Pyrat XO Reserve Rum,750mL,11,32.99,2024-12-31
19_WINTERVALE_13303,19,WINTERVALE,13303,Plungerhead Znfdl Lodi,750mL,8,13.99,2024-12-31
17_OLDHAM_1226,17,OLDHAM,1226,Lexington Bourbon,750mL,3,23.99,2024-12-31
31_HORNSEY_6081,31,HORNSEY,6081,Kinky Blue Liqueur,50mL,36,1.99,2024-12-31
22_SHARNWICK_3150,22,SHARNWICK,3150,Svedka Mango Pineapple Vodka,750mL,16,10.99,2024-12-31
21_BALERNO_19554,21,BALERNO,19554,Insomnia Cab Svgn,750mL,4,8.99,2024-12-31
35_HALIVAARA_3788,35,HALIVAARA,3788,Patron Silver Tequila,375mL,6,25.99,2024-12-31
25_CAERSHIRE_19271,25,CAERSHIRE,19271,Veuve Clicquot Rose,750mL,1,77.99,2024-12-31
25_CAERSHIRE_13711,25,CAERSHIRE,13711,Venta Morales Tempranillo,750mL,15,10.99,2024-12-31
1_HARDERSFIELD_812,1,HARDERSFIELD,812,Jagermeister Liqueur,Liter,28,20.99,2024-12-31
33_HORNSEY_5696,33,HORNSEY,5696,Midori Melon Liqueur,375mL,3,10.99,2024-12-31
22_SHARNWICK_6654,22,SHARNWICK,6654,Veuve Clicquot Brut Yellow,750mL,58,39.99,2024-12-31
34_PITMERDEN_11319,34,PITMERDEN,11319,Rosenblum Vntnrs Cv Cab Svgn,750mL,8,12.99,2024-12-31
19_WINTERVALE_6174,19,WINTERVALE,6174,Columbia Crest Grand Merlot,750mL,20,9.99,2024-12-31
38_GOULCREST_27409,38,GOULCREST,27409,Hourglass HG III Red,750mL,10,47.99,2024-12-31
36_LEWES_4857,36,LEWES,4857,Skyy Infusions Grapefuit,50mL,32,0.99,2024-12-31
26_KNIFE'S EDGE_1867,26,KNIFE'S EDGE,1867,Jack Daniels Tennessee Honey,50mL,108,2.99,2024-12-31
13_TARMSWORTH_13497,13,TARMSWORTH,13497,Mohua Svgn Bl Marlboro,750mL,12,9.99,2024-12-31
21_BALERNO_45240,21,BALERNO,45240,Nino Franco Prosecco Rustic,750mL,20,18.99,2024-12-31
32_MOUNTMEND_16592,32,MOUNTMEND,16592,B & G Sauternes,750mL,10,16.99,2024-12-31
6_GOULCREST_18865,6,GOULCREST,18865,Mirafiore Barolo,750mL,13,37.99,2024-12-31
15_WANBORNE_18641,15,WANBORNE,18641,Yellow Tail Big Bold Red,1.5L,22,8.95,2024-12-31
5_SUTTON_6162,5,SUTTON,6162,Jadot Pouilly Fuisse,750mL,13,21.99,2024-12-31
8_ALNERWICK_11067,8,ALNERWICK,11067,Sterling Chard,750mL,17,15.99,2024-12-31
38_GOULCREST_3776,38,GOULCREST,3776,Jose Cuervo Especial Silver,1.75L,122,26.99,2024-12-31
37_PAETHSMOUTH_16441,37,PAETHSMOUTH,16441,Bota Box RedVolution,3L,3,17.99,2024-12-31
6_GOULCREST_11827,6,GOULCREST,11827,Cupcake Merlot,750mL,14,7.49,2024-12-31
38_GOULCREST_26091,38,GOULCREST,26091,Pacific Rim Rsl,750mL,14,8.99,2024-12-31
14_BROMWICH_46424,14,BROMWICH,46424,Hob Nob Pnt Nr VDP D'Oc,750mL,11,9.99,2024-12-31
1_HARDERSFIELD_5111,1,HARDERSFIELD,5111,Dr McGillicuddy's Mentholmnt,50mL,137,0.99,2024-12-31
9_BLACKPOOL_5391,9,BLACKPOOL,5391,Kamora Coffee,1.75L,14,15.99,2024-12-31
33_HORNSEY_15215,33,HORNSEY,15215,Migration Duckhorn Chard,750mL,11,29.99,2024-12-31
17_OLDHAM_8063,17,OLDHAM,8063,Absolut Pears,50mL,0,1.99,2024-12-31
22_SHARNWICK_567,22,SHARNWICK,567,Ketel One Vodka,Liter,18,28.99,2024-12-31
27_MOUNTMEND_44714,27,MOUNTMEND,44714,Buehler Znfdl Napa,750mL,28,11.99,2024-12-31
40_BULLMAR_1484,40,BULLMAR,1484,Knob Creek Rye,1.75L,8,55.99,2024-12-31
34_PITMERDEN_23399,34,PITMERDEN,23399,Summers Est Cab S Andriana C,750mL,9,15.99,2024-12-31
15_WANBORNE_7872,15,WANBORNE,7872,Piper Heidsieck Brut,750mL,11,44.99,2024-12-31
33_HORNSEY_3452,33,HORNSEY,3452,Vanya Light Vodka,1.75L,25,6.99,2024-12-31
1_HARDERSFIELD_4233,1,HARDERSFIELD,4233,Castillo Silver Label Rum,1.75L,28,10.99,2024-12-31
39_EASTHALLOW_22584,39,EASTHALLOW,22584,Cambria Benchbreak Chard,750mL,21,17.99,2024-12-31
3_HORNSEY_1365,3,HORNSEY,1365,Stoli Mini Bar 5/50mLs Pack,50mL 5 Pk,33,7.99,2024-12-31
24_PALPERROTH_1384,24,PALPERROTH,1384,Bulleit 95 Rye,750mL,32,25.99,2024-12-31
4_EANVERNESS_7716,4,EANVERNESS,7716,Andre Brut,750mL,4,5.49,2024-12-31
35_HALIVAARA_17016,35,HALIVAARA,17016,Picpoul d Pinet HB Languedoc,750mL,6,12.99,2024-12-31
8_ALNERWICK_4111,8,ALNERWICK,4111,Bird Dog Strawberry Whiskey,50mL,62,0.99,2024-12-31
22_SHARNWICK_37904,22,SHARNWICK,37904,Trapiche Broquel Mndz Malbec,750mL,12,10.99,2024-12-31
6_GOULCREST_2757,6,GOULCREST,2757,Johnnie Walker Red Label,1.75L,47,28.99,2024-12-31
39_EASTHALLOW_5147,39,EASTHALLOW,5147,Pallini Limoncello Liqueur,375mL,10,11.99,2024-12-31
21_BALERNO_36199,21,BALERNO,36199,Four Vines Naked Chard,750mL,12,11.99,2024-12-31
14_BROMWICH_19989,14,BROMWICH,19989,Querceto Sangiovese,750mL,19,6.99,2024-12-31
34_PITMERDEN_14672,34,PITMERDEN,14672,Duckhorn Decoy Cab Svgn,750mL,157,16.95,2024-12-31
15_WANBORNE_16180,15,WANBORNE,16180,Skinnygirl Sangria,750mL,5,10.99,2024-12-31
30_CULCHETH_854,30,CULCHETH,854,Seagrams VO Canadian Whiskey,Liter,16,15.99,2024-12-31
38_GOULCREST_22387,38,GOULCREST,22387,Gnarly Head Authentic Black,750mL,29,9.99,2024-12-31
34_PITMERDEN_27805,34,PITMERDEN,27805,Jadot Puligny Montrachet Bl,750mL,6,59.99,2024-12-31
26_KNIFE'S EDGE_2956,26,KNIFE'S EDGE,2956,Vat 69 Gold,1.75L,6,14.99,2024-12-31
28_LARNWICK_3667,28,LARNWICK,3667,Boru Original Irish Vodka,1.75L,3,17.99,2024-12-31
17_OLDHAM_6570,17,OLDHAM,6570,Kendall Jackson Chard Vt RSV,750mL,57,9.99,2024-12-31
7_STANMORE_26166,7,STANMORE,26166,Black Stallion Est Svgn B 15,750mL,11,14.99,2024-12-31
23_ARBINGTON_17351,23,ARBINGTON,17351,Wine by Joe Pnt Nr,750mL,6,16.99,2024-12-31
12_LEESIDE_4251,12,LEESIDE,4251,Havana Club Anejo Clsco Gold,50mL,64,0.99,2024-12-31
10_HORNSEY_12478,10,HORNSEY,12478,Commanderie Bargmn Prov Rose,750mL,10,18.99,2024-12-31
4_EANVERNESS_6983,4,EANVERNESS,6983,J Lohr Seven Oaks Cab Svgn,750mL,39,14.99,2024-12-31
38_GOULCREST_20475,38,GOULCREST,20475,Hayes Valley Cab Svgn CC,750mL,18,9.99,2024-12-31
27_MOUNTMEND_1330,27,MOUNTMEND,1330,Grey Goose Glass Pack,1.75L,0,49.99,2024-12-31
21_BALERNO_26462,21,BALERNO,26462,Ravenswood Znfdl Sonoma,750mL,13,16.99,2024-12-31
23_ARBINGTON_8450,23,ARBINGTON,8450,E & J Brandy VS,1.75L,8,19.99,2024-12-31
39_EASTHALLOW_46098,39,EASTHALLOW,46098,Ch Ste Michelle Rsl Dry Colu,750mL,8,8.99,2024-12-31
6_GOULCREST_42948,6,GOULCREST,42948,Root 1 Cab Svgn,750mL,5,9.99,2024-12-31
6_GOULCREST_38888,6,GOULCREST,38888,Justin Cab Svgn Paso Robles,750mL,72,27.99,2024-12-31
15_WANBORNE_3054,15,WANBORNE,3054,Smirnoff Kissed Caramel,750mL,16,10.99,2024-12-31
38_GOULCREST_14129,38,GOULCREST,14129,14 Hands Hot to Trot Red,750mL,64,7.99,2024-12-31
1_HARDERSFIELD_15424,1,HARDERSFIELD,15424,Santa Ema Cab Svgn Rsv,750mL,14,14.99,2024-12-31
32_MOUNTMEND_6692,32,MOUNTMEND,6692,Jaboulet Cotes du Rhone Par,750mL,37,12.99,2024-12-31
34_PITMERDEN_43379,34,PITMERDEN,43379,Edna Valley San Luis Cab Svg,750mL,11,12.99,2024-12-31
40_BULLMAR_31866,40,BULLMAR,31866,F Coppola Diamond Merlot,750mL,9,15.99,2024-12-31
23_ARBINGTON_23891,23,ARBINGTON,23891,Cycles Gladiator Cab Svgn,750mL,24,13.99,2024-12-31
35_HALIVAARA_3102,35,HALIVAARA,3102,Smirnoff Traveler,1.75L,154,16.99,2024-12-31
6_GOULCREST_13489,6,GOULCREST,13489,Don Miguel Gascon Malbec Rsv,750mL,5,18.99,2024-12-31
7_STANMORE_4103,7,STANMORE,4103,Capt Morgan White,750mL,7,14.99,2024-12-31
11_CARDEND_25572,11,CARDEND,25572,Vineyards Found 14 Chard Nap,750mL,7,14.99,2024-12-31
39_EASTHALLOW_28114,39,EASTHALLOW,28114,Steele Chard Cal,750mL,37,16.99,2024-12-31
20_BREDWARDINE_4702,20,BREDWARDINE,4702,Metaxa Amphora,750mL,3,22.99,2024-12-31
21_BALERNO_11354,21,BALERNO,11354,Paso a Paso Tempranillo,750mL,19,9.99,2024-12-31
1_HARDERSFIELD_5491,1,HARDERSFIELD,5491,Rumpleminze,50mL,127,1.99,2024-12-31
1_HARDERSFIELD_20475,1,HARDERSFIELD,20475,Hayes Valley Cab Svgn CC,750mL,14,9.99,2024-12-31
34_PITMERDEN_13854,34,PITMERDEN,13854,Mark West Pnt Nr RRV,750mL,0,16.99,2024-12-31
19_WINTERVALE_39234,19,WINTERVALE,39234,Vidal Jackson-Triggs RSV Icw,187mL,12,19.99,2024-12-31
4_EANVERNESS_6864,4,EANVERNESS,6864,St Francis Chard,750mL,13,9.99,2024-12-31
35_HALIVAARA_1355,35,HALIVAARA,1355,Knob Creek Bourbon,50mL,15,3.99,2024-12-31
15_WANBORNE_11856,15,WANBORNE,11856,Albola Chianti,750mL,1,11.99,2024-12-31
8_ALNERWICK_8097,8,ALNERWICK,8097,Patron Citronge Orange,375mL,4,11.99,2024-12-31
30_CULCHETH_44234,30,CULCHETH,44234,A by Acacia Pnt Nr Cal,750mL,9,13.99,2024-12-31
33_HORNSEY_25531,33,HORNSEY,25531,BR Cohn Silver Cab Svgn Snm,750mL,12,20.99,2024-12-31
38_GOULCREST_20788,38,GOULCREST,20788,Mt Tabor Galilee Chard,750mL,26,16.99,2024-12-31
22_SHARNWICK_16670,22,SHARNWICK,16670,Sweet Baby Vyds White Peach,750mL,8,11.99,2024-12-31
36_LEWES_8746,36,LEWES,8746,Cavit Pinot Grigio,750mL,16,8.99,2024-12-31
24_PALPERROTH_44719,24,PALPERROTH,44719,Cavit Prosecco Lunetta,750mL,10,9.99,2024-12-31
9_BLACKPOOL_2753,9,BLACKPOOL,2753,Johnnie Walker Black Label,1.75L,71,59.99,2024-12-31
21_BALERNO_19848,21,BALERNO,19848,Carnivor Cab Svgn,750mL,88,9.99,2024-12-31
1_HARDERSFIELD_5445,1,HARDERSFIELD,5445,Jagermeister Liqueur,750mL,84,14.99,2024-12-31
15_WANBORNE_37048,15,WANBORNE,37048,Ch Montelena Chard Napa,750mL,9,44.99,2024-12-31
9_BLACKPOOL_4201,9,BLACKPOOL,4201,Calico Jack Silver Rum,1.75L,10,12.99,2024-12-31
36_LEWES_4089,36,LEWES,4089,Capt Morgan White,1.75L,10,20.99,2024-12-31
38_GOULCREST_6565,38,GOULCREST,6565,Clos du Bois Cab Svgn N Cst,750mL,154,8.99,2024-12-31
30_CULCHETH_8671,30,CULCHETH,8671,Appleton Est Signature Rum,750mL,11,19.99,2024-12-31
11_CARDEND_5195,11,CARDEND,5195,Jenkins Melon Liqueur,750mL,16,5.99,2024-12-31
17_OLDHAM_3936,17,OLDHAM,3936,Stolichnaya,Liter,3,22.99,2024-12-31
32_MOUNTMEND_25790,32,MOUNTMEND,25790,Love Noir Pnt Nr,750mL,12,8.99,2024-12-31
23_ARBINGTON_3012,23,ARBINGTON,3012,Pinnacle Vodka,50mL,51,0.99,2024-12-31
21_BALERNO_17330,21,BALERNO,17330,Sean Minor 4B Pinot Noir,750mL,5,14.99,2024-12-31
33_HORNSEY_903,33,HORNSEY,903,Bombay Sapphire Gin,Liter,16,27.99,2024-12-31
10_HORNSEY_37984,10,HORNSEY,37984,Barone Fini Pnt Gr Valdadige,750mL,10,10.99,2024-12-31
11_CARDEND_32831,11,CARDEND,32831,Carpineto Dogajolo Tuscan Rd,750mL,19,11.99,2024-12-31
8_ALNERWICK_6599,8,ALNERWICK,6599,Estancia Cab Svgn Paso Roble,750mL,10,12.99,2024-12-31
10_HORNSEY_3593,10,HORNSEY,3593,Smirnoff Blue 100 Proof Trav,1.75L,11,26.99,2024-12-31
21_BALERNO_32604,21,BALERNO,32604,Kendall Jackson Vt RSV Syrah,750mL,9,9.99,2024-12-31
24_PALPERROTH_26092,24,PALPERROTH,26092,Blackstone Merlot Cal,750mL,12,7.99,2024-12-31
19_WINTERVALE_4410,19,WINTERVALE,4410,Cruzan Mango Flavored Rum,750mL,15,9.99,2024-12-31
1_HARDERSFIELD_19164,1,HARDERSFIELD,19164,Tracia Malbec,750mL,15,7.99,2024-12-31
33_HORNSEY_13931,33,HORNSEY,13931,Ghost Pines Znfdl L Martini,750mL,14,16.99,2024-12-31
38_GOULCREST_46764,38,GOULCREST,46764,Clayhouse Adobe Red Paso Rbl,750mL,24,11.99,2024-12-31
33_HORNSEY_8515,33,HORNSEY,8515,Baileys Chocolate Cherry,750mL,2,19.99,2024-12-31
14_BROMWICH_1515,14,BROMWICH,1515,Old Overholt,750mL,11,14.99,2024-12-31
14_BROMWICH_3545,14,BROMWICH,3545,Ketel One Vodka,1.75L,71,29.99,2024-12-31
7_STANMORE_15079,7,STANMORE,15079,Anna de Codorniu Brut Cava,750mL,3,10.99,2024-12-31
34_PITMERDEN_38011,34,PITMERDEN,38011,Yellow Tail RSV Shiraz Ausl,750mL,7,10.99,2024-12-31
7_STANMORE_8437,7,STANMORE,8437,Maestro Dobel Diamond Tequla,750mL,4,34.99,2024-12-31
33_HORNSEY_7111,33,HORNSEY,7111,Jameson's Cooper Croze Irish,750mL,3,59.99,2024-12-31
24_PALPERROTH_3158,24,PALPERROTH,3158,Pinnacle Tropical Punch,1.75L,9,15.99,2024-12-31
8_ALNERWICK_33348,8,ALNERWICK,33348,Greg Norman Limestone Shiraz,750mL,11,10.99,2024-12-31
10_HORNSEY_3368,10,HORNSEY,3368,Pinnacle Grape Vodka,1.75L,28,15.99,2024-12-31
4_EANVERNESS_2464,4,EANVERNESS,2464,Pinnacle Gin,1.75L,14,13.49,2024-12-31
34_PITMERDEN_3180,34,PITMERDEN,3180,New Amsterdam Vodka,1.75L,88,16.99,2024-12-31
22_SHARNWICK_38370,22,SHARNWICK,38370,Oyster Bay Svgn Bl Marlboro,750mL,12,10.99,2024-12-31
1_HARDERSFIELD_5820,1,HARDERSFIELD,5820,Dr McGillicuddy's Peppermint,750mL,36,13.99,2024-12-31
15_WANBORNE_40801,15,WANBORNE,40801,Sileni Sauvignon Blanc,750mL,16,9.99,2024-12-31
27_MOUNTMEND_12495,27,MOUNTMEND,12495,Cupcake Malbec,750mL,20,7.49,2024-12-31
34_PITMERDEN_1373,34,PITMERDEN,1373,Jim Beam Honey,750mL,65,14.99,2024-12-31
10_HORNSEY_8726,10,HORNSEY,8726,Baileys Irish Cream,50mL,43,1.99,2024-12-31
13_TARMSWORTH_5138,13,TARMSWORTH,5138,Fireball Cinnamon Whisky,750mL,96,13.99,2024-12-31
24_PALPERROTH_25754,24,PALPERROTH,25754,Barefoot Refresh Summer Whit,250mL 4 Pk,4,7.99,2024-12-31
9_BLACKPOOL_5375,9,BLACKPOOL,5375,Petrone Limoncello,750mL,8,19.99,2024-12-31
38_GOULCREST_36859,38,GOULCREST,36859,Brancott Pnt Nr Marlboro,750mL,22,9.99,2024-12-31
1_HARDERSFIELD_3760,1,HARDERSFIELD,3760,Absolut Pears,750mL,19,17.99,2024-12-31
18_FURNESS_4330,18,FURNESS,4330,Capt Morgan Spiced Rum 100,1.75L,7,26.99,2024-12-31
7_STANMORE_1389,7,STANMORE,1389,Makers Mark,50mL,16,2.99,2024-12-31
19_WINTERVALE_32652,19,WINTERVALE,32652,Beringer Classic Wh Merlot,750mL,12,6.99,2024-12-31
14_BROMWICH_8590,14,BROMWICH,8590,Arrow Peppermint Schnapps,750mL,12,7.99,2024-12-31
33_HORNSEY_37420,33,HORNSEY,37420,Provenance Napa Merlot,750mL,46,17.99,2024-12-31
2_ASHBORNE_782,2,ASHBORNE,782,Remy Martin 1738 Accord Ryl,750mL,6,46.99,2024-12-31
1_HARDERSFIELD_36284,1,HARDERSFIELD,36284,Gruet Brut New Mexico,750mL,55,16.99,2024-12-31
15_WANBORNE_22864,15,WANBORNE,22864,Vino Dious Chard 13,750mL,6,12.99,2024-12-31
10_HORNSEY_28260,10,HORNSEY,28260,Nathanson Creek Chard,1.5L,12,7.99,2024-12-31
10_HORNSEY_6524,10,HORNSEY,6524,Rosemount Diamond Shiraz,750mL,14,6.99,2024-12-31
34_PITMERDEN_8877,34,PITMERDEN,8877,Latour Beaujolais Villages,750mL,12,15.99,2024-12-31
23_ARBINGTON_21951,23,ARBINGTON,21951,Ruffino Aziano Chianti Clsc,750mL,7,12.99,2024-12-31
1_HARDERSFIELD_5415,1,HARDERSFIELD,5415,Amaretto di Amore,1.75L,13,13.99,2024-12-31
38_GOULCREST_27879,38,GOULCREST,27879,I Perazzi La Mozza Sangioves,750mL,6,17.99,2024-12-31
14_BROMWICH_6646,14,BROMWICH,6646,Brown Jug Cream Bourbon,750mL,0,18.99,2024-12-31
35_HALIVAARA_895,35,HALIVAARA,895,Sambuca Romana,Liter,2,23.99,2024-12-31
34_PITMERDEN_1523,34,PITMERDEN,1523,Hennessy XO Cognac/Glass Pak,750mL,1,159.99,2024-12-31
27_MOUNTMEND_3671,27,MOUNTMEND,3671,Stolichnaya Razberi,50mL,76,1.99,2024-12-31
15_WANBORNE_25833,15,WANBORNE,25833,Ch Genins Brdx,750mL,22,11.99,2024-12-31
1_HARDERSFIELD_5641,1,HARDERSFIELD,5641,Flag Hill Raspberry Liqueur,375mL,15,14.99,2024-12-31
2_ASHBORNE_8236,2,ASHBORNE,8236,Jim Beam,50mL,112,1.49,2024-12-31
39_EASTHALLOW_3495,39,EASTHALLOW,3495,Ketel One Citroen Vodka,1.75L,13,38.99,2024-12-31
35_HALIVAARA_15105,35,HALIVAARA,15105,Kendall Jackson Avant Chard,750mL,43,9.99,2024-12-31
35_HALIVAARA_26092,35,HALIVAARA,26092,Blackstone Merlot Cal,750mL,20,7.99,2024-12-31
34_PITMERDEN_25036,34,PITMERDEN,25036,Albola Pinot Grigio,750mL,36,10.99,2024-12-31
24_PALPERROTH_3858,24,PALPERROTH,3858,Grey Goose Vodka,750mL,92,23.99,2024-12-31
8_ALNERWICK_21201,8,ALNERWICK,21201,Bota Box Pnt Nr,3L,7,17.99,2024-12-31
2_ASHBORNE_1748,2,ASHBORNE,1748,William Grant Scotch,750mL,11,14.99,2024-12-31
31_HORNSEY_14184,31,HORNSEY,14184,Ch M Vert Lussac St Emilion,750mL,5,14.99,2024-12-31
15_WANBORNE_36199,15,WANBORNE,36199,Four Vines Naked Chard,750mL,14,11.99,2024-12-31
6_GOULCREST_3835,6,GOULCREST,3835,Smirnoff Raspberry Vodka,750mL,5,12.99,2024-12-31
38_GOULCREST_3660,38,GOULCREST,3660,Deep Eddy Ruby Red Vodka,1.75L,27,27.99,2024-12-31
14_BROMWICH_13930,14,BROMWICH,13930,Gallo Copperidge Pnt Grigio,1.5L,19,6.99,2024-12-31
38_GOULCREST_8701,38,GOULCREST,8701,Sheffield Cream Sherry,1.5L,13,9.99,2024-12-31
25_CAERSHIRE_3608,25,CAERSHIRE,3608,Smirnoff Orange Vodka,50mL,32,0.99,2024-12-31
25_CAERSHIRE_35607,25,CAERSHIRE,35607,Castle Rock Merlot Cal,750mL,16,9.99,2024-12-31
21_BALERNO_17168,21,BALERNO,17168,Kendall Jackson Vntrs Rsl Rs,750mL,17,9.99,2024-12-31
6_GOULCREST_2366,6,GOULCREST,2366,Templeton Rye Whiskey,750mL,4,34.99,2024-12-31
1_HARDERSFIELD_6861,1,HARDERSFIELD,6861,Sutter Home Clsc Wh Znfdl,187mL 4 Pk,25,5.99,2024-12-31
34_PITMERDEN_3610,34,PITMERDEN,3610,Smirnoff Cranberry Vodka,750mL,3,10.99,2024-12-31
2_ASHBORNE_5897,2,ASHBORNE,5897,99 Bananas,750mL,11,11.99,2024-12-31
11_CARDEND_4261,11,CARDEND,4261,Capt Morgan Spiced Rum,1.75L,213,20.99,2024-12-31
35_HALIVAARA_3847,35,HALIVAARA,3847,Grey Goose Vodka,50mL,20,3.99,2024-12-31
34_PITMERDEN_18332,34,PITMERDEN,18332,Ch Daqueria Tavel Rose,750mL,11,13.99,2024-12-31
34_PITMERDEN_2173,34,PITMERDEN,2173,Canadian Club Rye,750mL,19,17.99,2024-12-31
21_BALERNO_2960,21,BALERNO,2960,The Macallan Fine Oak 15 Yr,750mL,9,109.99,2024-12-31
7_STANMORE_25285,7,STANMORE,25285,A Bichot St-Amour Champlette,750mL,9,18.99,2024-12-31
8_ALNERWICK_3790,8,ALNERWICK,3790,Don Julio Blanco Tequila,750mL,8,46.99,2024-12-31
34_PITMERDEN_40363,34,PITMERDEN,40363,Clos La Coutale Cahors,750mL,26,12.99,2024-12-31
25_CAERSHIRE_40175,25,CAERSHIRE,40175,M & R Asti 4 Pak,187mL 4 Pk,8,11.99,2024-12-31
21_BALERNO_8288,21,BALERNO,8288,Korbel Brut,750mL,13,11.99,2024-12-31
30_CULCHETH_25621,30,CULCHETH,25621,Forest Glen Cab Svgn Cal,750mL,12,8.99,2024-12-31
39_EASTHALLOW_1297,39,EASTHALLOW,1297,Jim Beam Black,50mL,0,0.99,2024-12-31
22_SHARNWICK_14381,22,SHARNWICK,14381,LaBelle Winery Riesling,750mL,0,15.99,2024-12-31
39_EASTHALLOW_10472,39,EASTHALLOW,10472,Clos du Bois Pnt Nr Cal,750mL,48,8.99,2024-12-31
4_EANVERNESS_40337,4,EANVERNESS,40337,Da Vinci Chianti Tuscany,750mL,56,9.99,2024-12-31
3_HORNSEY_13086,3,HORNSEY,13086,Armand De Brignac Brut,750mL,1,279.99,2024-12-31
34_PITMERDEN_8279,34,PITMERDEN,8279,Nardini Tagliatella Liqueur,375mL,8,24.99,2024-12-31
17_OLDHAM_6214,17,OLDHAM,6214,Taylor Red Port,3L,6,13.99,2024-12-31
30_CULCHETH_6933,30,CULCHETH,6933,Ch Ste Michelle Svgn Bl,750mL,46,8.99,2024-12-31
24_PALPERROTH_2723,24,PALPERROTH,2723,J & B Rare,1.75L,21,27.99,2024-12-31
22_SHARNWICK_34137,22,SHARNWICK,34137,Fat Bastard Chard,750mL,3,9.99,2024-12-31
36_LEWES_38899,36,LEWES,38899,L Martini Cab Svgn Sonoma,750mL,26,12.99,2024-12-31
11_CARDEND_7992,11,CARDEND,7992,Patron Anejo Tequila,50mL,24,6.99,2024-12-31
26_KNIFE'S EDGE_5706,26,KNIFE'S EDGE,5706,Gr Marnier Raspberry Peach,750mL,7,27.99,2024-12-31
21_BALERNO_1789,21,BALERNO,1789,Jack Daniels Tennessee Fire,750mL,52,25.99,2024-12-31
18_FURNESS_211,18,FURNESS,211,Cold River Gin,750mL,11,29.99,2024-12-31
7_STANMORE_782,7,STANMORE,782,Remy Martin 1738 Accord Ryl,750mL,7,46.99,2024-12-31
38_GOULCREST_26335,38,GOULCREST,26335,Beran Znfdl Sonoma Cty,750mL,2,29.99,2024-12-31
8_ALNERWICK_25716,8,ALNERWICK,25716,Grgich Hills Chard Napa,750mL,7,39.99,2024-12-31
1_HARDERSFIELD_4250,1,HARDERSFIELD,4250,Zaya Grand Reserva Rum,750mL,8,34.99,2024-12-31
2_ASHBORNE_5130,2,ASHBORNE,5130,X Rated Fusion Liqueur,750mL,6,19.99,2024-12-31
15_WANBORNE_2050,15,WANBORNE,2050,Tomatin 18 Yr Single Malt,750mL,8,79.99,2024-12-31
39_EASTHALLOW_3150,39,EASTHALLOW,3150,Svedka Mango Pineapple Vodka,750mL,6,10.99,2024-12-31
1_HARDERSFIELD_13895,1,HARDERSFIELD,13895,Mohua Pinot Noir,750mL,13,14.99,2024-12-31
1_HARDERSFIELD_6081,1,HARDERSFIELD,6081,Kinky Blue Liqueur,50mL,45,1.99,2024-12-31
15_WANBORNE_4498,15,WANBORNE,4498,Calvados Boulard Grnd Brandy,750mL,4,35.99,2024-12-31
15_WANBORNE_827,15,WANBORNE,827,Bols Anisette,Liter,13,9.99,2024-12-31
23_ARBINGTON_9092,23,ARBINGTON,9092,Junipero Gin,750mL,4,29.99,2024-12-31
10_HORNSEY_3939,10,HORNSEY,3939,Boggy Meadow Switchel Vodka,750mL,11,29.99,2024-12-31
32_MOUNTMEND_3682,32,MOUNTMEND,3682,Belvedere Vodka,750mL,39,22.99,2024-12-31
10_HORNSEY_35668,10,HORNSEY,35668,Redwood Creek Merlot Cal,1.5L,7,9.99,2024-12-31
27_MOUNTMEND_4896,27,MOUNTMEND,4896,Hiram Walker Coffee Brandy,1.75L,9,17.99,2024-12-31
7_STANMORE_4201,7,STANMORE,4201,Calico Jack Silver Rum,1.75L,8,12.99,2024-12-31
25_CAERSHIRE_6356,25,CAERSHIRE,6356,Taylor Cream Sherry,1.5L,3,7.79,2024-12-31
21_BALERNO_24662,21,BALERNO,24662,Silver Totem Cab Svgn,750mL,8,19.99,2024-12-31
14_BROMWICH_2436,14,BROMWICH,2436,Crown Royal,375mL,30,14.99,2024-12-31
1_HARDERSFIELD_2890,1,HARDERSFIELD,2890,Four Roses Bourbon,750mL,8,27.99,2024-12-31
15_WANBORNE_23649,15,WANBORNE,23649,Tom Gore Cabernet Svgn CA,750mL,24,12.99,2024-12-31
9_BLACKPOOL_26390,9,BLACKPOOL,26390,Pepperwood Grove Cab Svgn,750mL,14,7.99,2024-12-31
17_OLDHAM_1365,17,OLDHAM,1365,Stoli Mini Bar 5/50mLs Pack,50mL 5 Pk,3,7.99,2024-12-31
6_GOULCREST_14383,6,GOULCREST,14383,LaBelle Winery Granite Red,750mL,11,15.99,2024-12-31
17_OLDHAM_32988,17,OLDHAM,32988,Barefoot Cab Svgn Cal,750mL,13,4.99,2024-12-31
30_CULCHETH_2748,30,CULCHETH,2748,Johnnie Walker Blue Label,1.75L,2,309.99,2024-12-31
19_WINTERVALE_2713,19,WINTERVALE,2713,Inver House Green Plaid 3-Y,1.75L,14,13.99,2024-12-31
2_ASHBORNE_18860,2,ASHBORNE,18860,Barefoot Refresh Summer Red,750mL,11,5.99,2024-12-31
34_PITMERDEN_18381,34,PITMERDEN,18381,Block Nine Caiden Vyd Pnt Nr,750mL,9,12.99,2024-12-31
17_OLDHAM_6174,17,OLDHAM,6174,Columbia Crest Grand Merlot,750mL,11,9.99,2024-12-31
27_MOUNTMEND_6569,27,MOUNTMEND,6569,William Hill Est Chard Napa,750mL,12,19.99,2024-12-31
36_LEWES_5339,36,LEWES,5339,Drambuie,50mL,8,2.79,2024-12-31
1_HARDERSFIELD_3635,1,HARDERSFIELD,3635,New Amsterdam 100* Vodka,750mL,0,12.99,2024-12-31
18_FURNESS_3257,18,FURNESS,3257,Gilbeys London Dry Trav,750mL,10,6.99,2024-12-31
33_HORNSEY_36573,33,HORNSEY,36573,Matanzas Creek Svgn Bl Sonom,750mL,12,17.99,2024-12-31
15_WANBORNE_4267,15,WANBORNE,4267,Bacardi Limon Rum,1.75L,37,19.99,2024-12-31
29_AYLESBURY_3102,29,AYLESBURY,3102,Smirnoff Traveler,1.75L,64,16.99,2024-12-31
28_LARNWICK_3180,28,LARNWICK,3180,New Amsterdam Vodka,1.75L,25,16.99,2024-12-31
8_ALNERWICK_15428,8,ALNERWICK,15428,Ruffino Prosecco Sparkling,750mL,38,9.99,2024-12-31
14_BROMWICH_25569,14,BROMWICH,25569,Steele 10 Pnt Nr Sangiacomo,750mL,45,15.99,2024-12-31
6_GOULCREST_37923,6,GOULCREST,37923,Five Rivers Cab Svgn,750mL,11,13.99,2024-12-31
38_GOULCREST_27806,38,GOULCREST,27806,Jadot St Aubin Blanc 14,750mL,2,37.99,2024-12-31
8_ALNERWICK_4513,8,ALNERWICK,4513,Chauffe-Coeur Calvados VSOP,750mL,3,44.99,2024-12-31
10_HORNSEY_5233,10,HORNSEY,5233,Cointreau Liqueur,375mL,29,19.99,2024-12-31
25_CAERSHIRE_22448,25,CAERSHIRE,22448,Jam Cab Svgn,750mL,8,17.99,2024-12-31
30_CULCHETH_15263,30,CULCHETH,15263,Bella Sera Moscato,1.5L,5,11.99,2024-12-31
39_EASTHALLOW_5356,39,EASTHALLOW,5356,Kahlua,375mL,13,9.99,2024-12-31
15_WANBORNE_8275,15,WANBORNE,8275,El Mayor Anejo Tequila,750mL,6,32.99,2024-12-31
14_BROMWICH_29620,14,BROMWICH,29620,Schmitt Sohne Kabinett,750mL,15,12.99,2024-12-31
7_STANMORE_2564,7,STANMORE,2564,Glen Garioch 12 Yr Old,750mL,5,59.99,2024-12-31
10_HORNSEY_2192,10,HORNSEY,2192,Caledonia Barr Hill Gin VAP,375mL 2 Pk,12,49.99,2024-12-31
7_STANMORE_5205,7,STANMORE,5205,Don Felix Plata Tequila,750mL,6,33.99,2024-12-31
6_GOULCREST_6586,6,GOULCREST,6586,Citra Montepulciano,1.5L,6,10.99,2024-12-31
12_LEESIDE_3787,12,LEESIDE,3787,Jose Cuervo Especial Silver,750mL,9,15.99,2024-12-31
11_CARDEND_1595,11,CARDEND,1595,Gentleman Jack,375mL,15,13.99,2024-12-31
1_HARDERSFIELD_1962,1,HARDERSFIELD,1962,Jim Beam Apple,750mL,53,14.99,2024-12-31
33_HORNSEY_2114,33,HORNSEY,2114,Black Velvet Canadian Whisky,1.75L,74,12.99,2024-12-31
3_HORNSEY_5098,3,HORNSEY,5098,Agavero Orange Liqueur Agave,750mL,3,21.99,2024-12-31
25_CAERSHIRE_25883,25,CAERSHIRE,25883,Honig Cab Svgn Napa,750mL,10,36.99,2024-12-31
33_HORNSEY_13837,33,HORNSEY,13837,C Y Toro Frontera Pnt Grigio,1.5L,8,10.99,2024-12-31
7_STANMORE_2120,7,STANMORE,2120,Canadian Club,1.75L,139,15.99,2024-12-31
20_BREDWARDINE_27203,20,BREDWARDINE,27203,DeLoach Ethans Vyd Znfdl,750mL,24,12.99,2024-12-31
12_LEESIDE_27429,12,LEESIDE,27429,Grahams Six Grapes,750mL,7,19.99,2024-12-31
5_SUTTON_7261,5,SUTTON,7261,Gallo X Dry Vermouth,750mL,10,5.49,2024-12-31
23_ARBINGTON_664,23,ARBINGTON,664,Ardbeg Uigeadail Scotch,750mL,7,73.99,2024-12-31
32_MOUNTMEND_25900,32,MOUNTMEND,25900,La Maldita Garnache Rioja,750mL,8,9.99,2024-12-31
9_BLACKPOOL_7715,9,BLACKPOOL,7715,Andre Extra Dry,750mL,24,5.49,2024-12-31
15_WANBORNE_2313,15,WANBORNE,2313,Black Button Bespoke Bourbon,750mL,3,21.99,2024-12-31
25_CAERSHIRE_1389,25,CAERSHIRE,1389,Makers Mark,50mL,15,2.99,2024-12-31
16_LUNDY_6560,16,LUNDY,6560,Rocky Peak Hard Cinnamon,750mL,9,18.99,2024-12-31
13_TARMSWORTH_33582,13,TARMSWORTH,33582,Villa Cornaro Prosecco Del,750mL,7,9.99,2024-12-31
20_BREDWARDINE_7865,20,BREDWARDINE,7865,Moet & Chandon Imperial,750mL,9,34.99,2024-12-31
14_BROMWICH_1388,14,BROMWICH,1388,Red Stag by Jim Beam,1.75L,15,24.99,2024-12-31
1_HARDERSFIELD_6980,1,HARDERSFIELD,6980,Midnight Moon Blueberry,750mL,13,19.99,2024-12-31
33_HORNSEY_15356,33,HORNSEY,15356,Seaglass Pnt Nr,750mL,12,9.99,2024-12-31
22_SHARNWICK_38888,22,SHARNWICK,38888,Justin Cab Svgn Paso Robles,750mL,8,27.99,2024-12-31
11_CARDEND_36386,11,CARDEND,36386,Kenwood Pnt Nr RRV,750mL,12,14.99,2024-12-31
39_EASTHALLOW_4258,39,EASTHALLOW,4258,Bacardi Mango Fusion,750mL,16,9.99,2024-12-31
39_EASTHALLOW_16394,39,EASTHALLOW,16394,Ghost Pines Red L Martini,750mL,9,17.99,2024-12-31
7_STANMORE_16129,7,STANMORE,16129,Pol Roger Brut,750mL,16,35.99,2024-12-31
22_SHARNWICK_27351,22,SHARNWICK,27351,Almaden Chard Cal B/B,5L,8,15.99,2024-12-31
21_BALERNO_25696,21,BALERNO,25696,Bonny Doon Vin Gris de Cigar,750mL,0,19.99,2024-12-31
11_CARDEND_25480,11,CARDEND,25480,Boyle MacDonald Cab Svgn Nap,750mL,4,26.99,2024-12-31
6_GOULCREST_5818,6,GOULCREST,5818,Tomahawk Maple Cream Liqueur,50mL,1,0.99,2024-12-31
18_FURNESS_1520,18,FURNESS,1520,Pinnacle Vodka Cane 4/50mls,50mL 4 Pk,13,3.99,2024-12-31
17_OLDHAM_42602,17,OLDHAM,42602,3 Blind Moose Chard Cal,750mL,2,8.99,2024-12-31
33_HORNSEY_17756,33,HORNSEY,17756,Cline Cool Climate Pnt Nr,750mL,10,15.99,2024-12-31
31_HORNSEY_598,31,HORNSEY,598,Stolichnaya Ohranj Orange,Liter,14,22.99,2024-12-31
34_PITMERDEN_43685,34,PITMERDEN,43685,Babich Svgn Bl Marlboro,750mL,9,13.99,2024-12-31
30_CULCHETH_26817,30,CULCHETH,26817,Ravenswood Vntrs Blnd Merlot,750mL,18,7.99,2024-12-31
8_ALNERWICK_2893,8,ALNERWICK,2893,Glenmorangie Quinta Ruban,750mL,3,50.99,2024-12-31
38_GOULCREST_1028,38,GOULCREST,1028,Amaretto di Amore VAP,750mL,24,9.99,2024-12-31
32_MOUNTMEND_7130,32,MOUNTMEND,7130,Smirnoff Green Apple Vodka,1.75L,12,15.99,2024-12-31
6_GOULCREST_43872,6,GOULCREST,43872,Joseph Carr Cab Svgn Napa,750mL,75,24.99,2024-12-31
32_MOUNTMEND_34175,32,MOUNTMEND,34175,Lindemans Bin 50 Shiraz,1.5L,49,11.99,2024-12-31
9_BLACKPOOL_3216,9,BLACKPOOL,3216,Fleischmanns X Dry Gin,1.75L,21,9.99,2024-12-31
4_EANVERNESS_8619,4,EANVERNESS,8619,Canadian Club,375mL,1,5.99,2024-12-31
38_GOULCREST_4804,38,GOULCREST,4804,Rhum Barbancourt RSV Special,750mL,5,17.99,2024-12-31
34_PITMERDEN_11856,34,PITMERDEN,11856,Albola Chianti,750mL,13,11.99,2024-12-31
29_AYLESBURY_16477,29,AYLESBURY,16477,Cupcake Angel Food,750mL,5,7.49,2024-12-31
20_BREDWARDINE_8673,20,BREDWARDINE,8673,Skinnygirl Margarita,750mL,12,10.99,2024-12-31
32_MOUNTMEND_6156,32,MOUNTMEND,6156,Cinnabon Cinnamon Liqueur,750mL,6,19.99,2024-12-31
23_ARBINGTON_4783,23,ARBINGTON,4783,Mr Boston Apricot Brandy,1.75L,18,13.99,2024-12-31
25_CAERSHIRE_31202,25,CAERSHIRE,31202,Beringer Fndrs Est Chard,750mL,12,8.99,2024-12-31
13_TARMSWORTH_26435,13,TARMSWORTH,26435,Savory & James Fino Sherry,750mL,5,9.99,2024-12-31
1_HARDERSFIELD_16165,1,HARDERSFIELD,16165,Garnet Pnt Nr Monterey Cnty,750mL,1,16.99,2024-12-31
38_GOULCREST_27429,38,GOULCREST,27429,Grahams Six Grapes,750mL,17,19.99,2024-12-31
6_GOULCREST_5849,6,GOULCREST,5849,GranGala Triple Orange,750mL,11,16.99,2024-12-31
23_ARBINGTON_7266,23,ARBINGTON,7266,Fonseca Bin No 27,750mL,18,13.99,2024-12-31
7_STANMORE_3012,7,STANMORE,3012,Pinnacle Vodka,50mL,85,0.99,2024-12-31
22_SHARNWICK_8273,22,SHARNWICK,8273,El Mayor Reposado Tequila,750mL,8,21.99,2024-12-31
4_EANVERNESS_43777,4,EANVERNESS,43777,Ben Marco Cab Svgn,750mL,8,17.99,2024-12-31
19_WINTERVALE_1464,19,WINTERVALE,1464,Tin Cup Whiskey,750mL,17,24.99,2024-12-31
4_EANVERNESS_4187,4,EANVERNESS,4187,Kraken Black Spiced Rum 94P,750mL,16,20.99,2024-12-31
1_HARDERSFIELD_17024,1,HARDERSFIELD,17024,Marques de Caceres Albarino,750mL,1,11.99,2024-12-31
29_AYLESBURY_8673,29,AYLESBURY,8673,Skinnygirl Margarita,750mL,3,10.99,2024-12-31
5_SUTTON_3736,5,SUTTON,3736,Smirnoff Cherry Vodka,750mL,11,10.99,2024-12-31
15_WANBORNE_8228,15,WANBORNE,8228,Wild Turkey Diamond Annivsry,750mL,1,134.99,2024-12-31
13_TARMSWORTH_5364,13,TARMSWORTH,5364,Kahlua,1.75L,61,29.99,2024-12-31
5_SUTTON_35393,5,SUTTON,35393,Tohu Svgn Bl Marlboro,750mL,10,13.99,2024-12-31
34_PITMERDEN_41530,34,PITMERDEN,41530,Septima Malbec Mendoza,750mL,7,9.99,2024-12-31
3_HORNSEY_5627,3,HORNSEY,5627,Flag Hill Sugar Maple Liquer,375mL,47,18.99,2024-12-31
13_TARMSWORTH_39983,13,TARMSWORTH,39983,Little Penguin Shiraz Ausl,1.5L,5,11.99,2024-12-31
33_HORNSEY_7473,33,HORNSEY,7473,Kagemusha Sw Potato Soju,750mL,4,28.99,2024-12-31
1_HARDERSFIELD_5087,1,HARDERSFIELD,5087,Dr McGillicuddy's Peach,750mL,47,13.99,2024-12-31
32_MOUNTMEND_7860,32,MOUNTMEND,7860,Sutter Home Wh Znfdl,750mL,12,5.99,2024-12-31
15_WANBORNE_25141,15,WANBORNE,25141,The Federalist 1776 Zinfande,750mL,14,15.99,2024-12-31
7_STANMORE_25109,7,STANMORE,25109,Tomaiolo Toscana,750mL,0,10.99,2024-12-31
10_HORNSEY_40559,10,HORNSEY,40559,McManis Cab Svgn Cal,750mL,14,11.99,2024-12-31
14_BROMWICH_35412,14,BROMWICH,35412,Yellow Tail Chard Ausl,1.5L,42,8.95,2024-12-31
1_HARDERSFIELD_3148,1,HARDERSFIELD,3148,Ciroc Mango Vodka,1.75L,7,48.99,2024-12-31
19_WINTERVALE_4229,19,WINTERVALE,4229,Bacardi Black,1.75L,19,19.99,2024-12-31
27_MOUNTMEND_18414,27,MOUNTMEND,18414,M D 20/20 Habanero Lime Arit,750mL,48,3.99,2024-12-31
15_WANBORNE_38528,15,WANBORNE,38528,Seghesio Old Vine Znfdl,750mL,4,39.99,2024-12-31
21_BALERNO_26431,21,BALERNO,26431,Harken Chard,750mL,5,13.99,2024-12-31
27_MOUNTMEND_16806,27,MOUNTMEND,16806,Apothic Winemakers White,750mL,10,7.99,2024-12-31
15_WANBORNE_2258,15,WANBORNE,2258,Dewars Special Reserve 12 Yr,375mL,33,12.99,2024-12-31
2_ASHBORNE_3863,2,ASHBORNE,3863,Evan Williams Honey Reserve,1.75L,12,19.99,2024-12-31
35_HALIVAARA_6385,35,HALIVAARA,6385,Fetzer Sundial Chard,1.5L,12,11.99,2024-12-31
34_PITMERDEN_8124,34,PITMERDEN,8124,Mouton Cadet White Brdx,750mL,18,12.99,2024-12-31
31_HORNSEY_1867,31,HORNSEY,1867,Jack Daniels Tennessee Honey,50mL,66,2.99,2024-12-31
2_ASHBORNE_5228,2,ASHBORNE,5228,DeKuyper Wh Cr de Menthe,750mL,11,8.99,2024-12-31
23_ARBINGTON_22883,23,ARBINGTON,22883,Citra Trebbiano D'Abruzzo,1.5L,5,10.99,2024-12-31
20_BREDWARDINE_3780,20,BREDWARDINE,3780,Three Olives Raspberry Vodk,750mL,60,14.99,2024-12-31
20_BREDWARDINE_6351,20,BREDWARDINE,6351,Kendall Jackson Vntr RSV Cab,750mL,107,16.99,2024-12-31
37_PAETHSMOUTH_27361,37,PAETHSMOUTH,27361,Borsao Campo de Borja Red,750mL,9,10.99,2024-12-31
2_ASHBORNE_13931,2,ASHBORNE,13931,Ghost Pines Znfdl L Martini,750mL,17,16.99,2024-12-31
15_WANBORNE_11067,15,WANBORNE,11067,Sterling Chard,750mL,13,15.99,2024-12-31
5_SUTTON_29248,5,SUTTON,29248,Toasted Head Chard,750mL,48,9.99,2024-12-31
23_ARBINGTON_17308,23,ARBINGTON,17308,Novelty Hill Cab Svgn CV,750mL,5,21.99,2024-12-31
6_GOULCREST_2125,6,GOULCREST,2125,Glenfiddich 14 Yr Barrel Rsv,750mL,11,49.99,2024-12-31
34_PITMERDEN_2110,34,PITMERDEN,2110,Barr an Uisce Irish Whiskey,750mL,6,44.99,2024-12-31
17_OLDHAM_5054,17,OLDHAM,5054,Jagermeister Spice,50mL,18,1.99,2024-12-31
30_CULCHETH_8626,30,CULCHETH,8626,Ezra Brooks,1.75L,20,15.99,2024-12-31
4_EANVERNESS_26732,4,EANVERNESS,26732,Bonterra Cab Svgn Organic,750mL,12,12.99,2024-12-31
25_CAERSHIRE_12343,25,CAERSHIRE,12343,Bota Box Znfdl,3L,1,17.99,2024-12-31
23_ARBINGTON_10715,23,ARBINGTON,10715,C Y Toro Privada Rsv Casa Di,750mL,8,14.99,2024-12-31
38_GOULCREST_29248,38,GOULCREST,29248,Toasted Head Chard,750mL,162,9.99,2024-12-31
8_ALNERWICK_43808,8,ALNERWICK,43808,R M Woodbridge Pnt Nr Cal,750mL,13,7.99,2024-12-31
38_GOULCREST_23159,38,GOULCREST,23159,Champlain Orchards Ice Cider,375mL,10,25.99,2024-12-31
18_FURNESS_1178,18,FURNESS,1178,Evan Williams Black Label B,750mL,3,11.49,2024-12-31
2_ASHBORNE_3162,2,ASHBORNE,3162,Burnett's Peach Vodka,50mL,5,0.99,2024-12-31
37_PAETHSMOUTH_5111,37,PAETHSMOUTH,5111,Dr McGillicuddy's Mentholmnt,50mL,197,0.99,2024-12-31
24_PALPERROTH_3800,24,PALPERROTH,3800,Don Julio Anejo Tequila,750mL,5,54.99,2024-12-31
10_HORNSEY_3154,10,HORNSEY,3154,New Amsterdam Peach Vodka,750mL,68,10.99,2024-12-31
8_ALNERWICK_6174,8,ALNERWICK,6174,Columbia Crest Grand Merlot,750mL,13,9.99,2024-12-31
39_EASTHALLOW_3627,39,EASTHALLOW,3627,Absolut 80 Proof,375mL,31,11.99,2024-12-31
4_EANVERNESS_19458,4,EANVERNESS,19458,Ruffino Unoaked Chard Toscna,750mL,3,7.99,2024-12-31
36_LEWES_3335,36,LEWES,3335,Tanqueray Sterling Vodka,750mL,7,10.99,2024-12-31
20_BREDWARDINE_3409,20,BREDWARDINE,3409,Crystal Head Vodka,750mL,3,49.99,2024-12-31
32_MOUNTMEND_4226,32,MOUNTMEND,4226,Bacardi Superior Rum Trav,750mL,5,9.99,2024-12-31
7_STANMORE_8265,7,STANMORE,8265,Cockburns Fine Ruby Port,750mL,15,9.99,2024-12-31
4_EANVERNESS_14382,4,EANVERNESS,14382,LaBelle Winery Raspberry,375mL,12,15.99,2024-12-31
27_MOUNTMEND_5346,27,MOUNTMEND,5346,Green Chartreuse Liqueur,750mL,3,49.99,2024-12-31
5_SUTTON_3938,5,SUTTON,3938,Stolichnaya,750mL,15,16.99,2024-12-31
1_HARDERSFIELD_3687,1,HARDERSFIELD,3687,Fleischmanns Royal Traveler,750mL,56,4.99,2024-12-31
23_ARBINGTON_44038,23,ARBINGTON,44038,Barefoot Pnt Grigio Cal,1.5L,22,10.99,2024-12-31
17_OLDHAM_4722,17,OLDHAM,4722,Remy Martin VSOP Cognac,750mL,1,34.99,2024-12-31
9_BLACKPOOL_20405,9,BLACKPOOL,20405,Tenuta Santo Pietro Viper Su,750mL,10,15.99,2024-12-31
34_PITMERDEN_38541,34,PITMERDEN,38541,Avalon Cab Svgn Napa,750mL,7,19.99,2024-12-31
10_HORNSEY_2132,10,HORNSEY,2132,Lord Calvert Canadian,1.75L,20,12.99,2024-12-31
28_LARNWICK_5828,28,LARNWICK,5828,Ryans Irish Cream,750mL,13,8.99,2024-12-31
6_GOULCREST_3896,6,GOULCREST,3896,Zhenka Vodka,375mL,28,3.29,2024-12-31
28_LARNWICK_5391,28,LARNWICK,5391,Kamora Coffee,1.75L,8,15.99,2024-12-31
15_WANBORNE_27031,15,WANBORNE,27031,Opus One 2013,750mL,10,264.99,2024-12-31
31_HORNSEY_24086,31,HORNSEY,24086,Hess Select Chard,750mL,11,12.99,2024-12-31
34_PITMERDEN_19137,34,PITMERDEN,19137,Gordon Est Cab Svgn Columbia,750mL,6,21.99,2024-12-31
9_BLACKPOOL_5212,9,BLACKPOOL,5212,Margaritaville Silver,1.75L,6,19.99,2024-12-31
6_GOULCREST_11443,6,GOULCREST,11443,Ravenswood Petite Sirah Vnts,750mL,13,8.99,2024-12-31
13_TARMSWORTH_1323,13,TARMSWORTH,1323,Early Times,1.75L,6,17.99,2024-12-31
33_HORNSEY_25335,33,HORNSEY,25335,George Wine Co Pnt Nr Sonoma,750mL,8,65.99,2024-12-31
30_CULCHETH_8057,30,CULCHETH,8057,Corazon de Agave Blanco,750mL,5,19.99,2024-12-31
6_GOULCREST_1269,6,GOULCREST,1269,Jeffersons Bourbon,750mL,4,25.99,2024-12-31
10_HORNSEY_3755,10,HORNSEY,3755,Russian Standard Original,750mL,19,16.99,2024-12-31
1_HARDERSFIELD_5890,1,HARDERSFIELD,5890,Godiva Wh Chocolate Liqueur,750mL,18,21.99,2024-12-31
13_TARMSWORTH_19489,13,TARMSWORTH,19489,Heavyweight Cab Svgn,750mL,10,13.99,2024-12-31
23_ARBINGTON_29248,23,ARBINGTON,29248,Toasted Head Chard,750mL,49,9.99,2024-12-31
16_LUNDY_8746,16,LUNDY,8746,Cavit Pinot Grigio,750mL,17,8.99,2024-12-31
14_BROMWICH_4370,14,BROMWICH,4370,Ron Virgin White,1.75L,26,10.99,2024-12-31
30_CULCHETH_4330,30,CULCHETH,4330,Capt Morgan Spiced Rum 100,1.75L,49,26.99,2024-12-31
20_BREDWARDINE_2924,20,BREDWARDINE,2924,Speyburn 10-Yr Single Malt,750mL,7,23.99,2024-12-31
31_HORNSEY_8339,31,HORNSEY,8339,The Glenlivet 12 Yr Single,750mL,19,42.99,2024-12-31
34_PITMERDEN_3368,34,PITMERDEN,3368,Pinnacle Grape Vodka,1.75L,35,15.99,2024-12-31
9_BLACKPOOL_5891,9,BLACKPOOL,5891,Ryans Irish Cream,1.75L,12,15.99,2024-12-31
6_GOULCREST_6216,6,GOULCREST,6216,Taylor Tawny Port,1.5L,3,7.99,2024-12-31
2_ASHBORNE_6725,2,ASHBORNE,6725,Franzia Crisp White Tap,5L,11,12.99,2024-12-31
12_LEESIDE_26948,12,LEESIDE,26948,Ferrari-Carano Chard,750mL,55,18.99,2024-12-31
6_GOULCREST_14974,6,GOULCREST,14974,Mantane Primitivo Puglio,750mL,9,14.99,2024-12-31
16_LUNDY_8819,16,LUNDY,8819,Leroux Blackberry Brandy,750mL,13,6.99,2024-12-31
30_CULCHETH_8730,30,CULCHETH,8730,Ruffino Orvieto Clsc,750mL,13,7.99,2024-12-31
1_HARDERSFIELD_2856,1,HARDERSFIELD,2856,Cragganmore 12-Yr Sngle Malt,750mL,16,57.99,2024-12-31
34_PITMERDEN_27291,34,PITMERDEN,27291,Waterbrook Chard Rsv Col Vly,750mL,55,19.99,2024-12-31
22_SHARNWICK_5137,22,SHARNWICK,5137,Irish Manor Irish Cream,750mL,11,9.99,2024-12-31
32_MOUNTMEND_6575,32,MOUNTMEND,6575,Kendall Jackson RSV Svgn Bl,750mL,57,9.99,2024-12-31
35_HALIVAARA_4896,35,HALIVAARA,4896,Hiram Walker Coffee Brandy,1.75L,14,17.99,2024-12-31
15_WANBORNE_15168,15,WANBORNE,15168,Durigutti Malbec Mendoza,750mL,6,14.99,2024-12-31
21_BALERNO_28147,21,BALERNO,28147,Kris Pnt Grigio Alto Adige,750mL,28,10.99,2024-12-31
4_EANVERNESS_6322,4,EANVERNESS,6322,Rene Junot Red,1.5L,4,12.99,2024-12-31
19_WINTERVALE_38179,19,WINTERVALE,38179,Rex Goliath Chard,750mL,7,5.99,2024-12-31
40_BULLMAR_32108,40,BULLMAR,32108,Erath Pnt Nr Oregon,750mL,6,15.99,2024-12-31
32_MOUNTMEND_2912,32,MOUNTMEND,2912,Platte Valley KY Corn Whisky,750mL,9,16.99,2024-12-31
25_CAERSHIRE_16830,25,CAERSHIRE,16830,C Y Toro Gran Rsva Carmenere,750mL,5,13.99,2024-12-31
33_HORNSEY_2100,33,HORNSEY,2100,Canadian Regal,1.75L,17,9.99,2024-12-31
34_PITMERDEN_857,34,PITMERDEN,857,Kahlua,Liter,23,22.99,2024-12-31
35_HALIVAARA_1704,35,HALIVAARA,1704,Amaretto DiSaronno Summer Pk,750mL,5,19.99,2024-12-31
40_BULLMAR_2057,40,BULLMAR,2057,Rebel Yell Root Beer Bourbon,50mL,49,0.99,2024-12-31
33_HORNSEY_4320,33,HORNSEY,4320,D'Usse VSOP Cognac,750mL,5,48.99,2024-12-31
8_ALNERWICK_6396,8,ALNERWICK,6396,Taylor Dry Sherry,1.5L,7,7.79,2024-12-31
27_MOUNTMEND_18868,27,MOUNTMEND,18868,Josh Cellars Merlot,750mL,9,13.99,2024-12-31
12_LEESIDE_2580,12,LEESIDE,2580,Barr Hill Gin,750mL,2,34.99,2024-12-31
7_STANMORE_40054,7,STANMORE,40054,Campo Viejo Tempranillo RSV,750mL,15,11.99,2024-12-31
29_AYLESBURY_34134,29,AYLESBURY,34134,Turning Leaf RSV Chard Cal,1.5L,12,10.99,2024-12-31
34_PITMERDEN_6649,34,PITMERDEN,6649,Wente Morning Fog Chard,750mL,49,11.99,2024-12-31
1_HARDERSFIELD_27369,1,HARDERSFIELD,27369,Herencia del Padri Priorat,750mL,12,18.99,2024-12-31
38_GOULCREST_2801,38,GOULCREST,2801,Tullamore Dew 10 Yr Old,750mL,0,39.99,2024-12-31
22_SHARNWICK_3189,22,SHARNWICK,3189,Skyy Infusions Dragon Fruit,750mL,15,15.99,2024-12-31
6_GOULCREST_807,6,GOULCREST,807,Jim Beam,Liter,27,17.99,2024-12-31
6_GOULCREST_33331,6,GOULCREST,33331,Moletto Prosecco Della Marc,750mL,0,8.99,2024-12-31
2_ASHBORNE_6918,2,ASHBORNE,6918,Franzia Tap Cab Svgn,5L,14,17.99,2024-12-31
10_HORNSEY_25716,10,HORNSEY,25716,Grgich Hills Chard Napa,750mL,10,39.99,2024-12-31
22_SHARNWICK_3791,22,SHARNWICK,3791,Jose Cuervo Especial Silver,375mL,11,10.99,2024-12-31
25_CAERSHIRE_8159,25,CAERSHIRE,8159,Jose Cuervo Especial,1.75L,55,26.99,2024-12-31
5_SUTTON_5480,5,SUTTON,5480,E & J Superior RSV VSOP,750mL,10,10.99,2024-12-31
33_HORNSEY_4732,33,HORNSEY,4732,Remy Martin VSOP Cognac,1.75L,6,84.99,2024-12-31
34_PITMERDEN_3235,34,PITMERDEN,3235,Absolut Berri Acai,750mL,32,17.99,2024-12-31
31_HORNSEY_45496,31,HORNSEY,45496,Conquista Malbec Mendoza,750mL,6,7.99,2024-12-31
39_EASTHALLOW_6312,39,EASTHALLOW,6312,Gallo Twin Valley Svgn Bl Ca,1.5L,9,9.99,2024-12-31
23_ARBINGTON_1891,23,ARBINGTON,1891,Oban 18 Yr Single Malt,750mL,4,109.99,2024-12-31
7_STANMORE_10062,7,STANMORE,10062,B de Beauchene CDR Rouge,750mL,17,8.99,2024-12-31
40_BULLMAR_1239,40,BULLMAR,1239,Booker's Bourbon,750mL,6,50.99,2024-12-31
16_LUNDY_8264,16,LUNDY,8264,Ch Ste Michelle Rsl,750mL,47,8.99,2024-12-31
10_HORNSEY_22347,10,HORNSEY,22347,Capezzana Barco Reale d Carm,750mL,11,12.99,2024-12-31
33_HORNSEY_17471,33,HORNSEY,17471,Loukatos Mavrodaphne Patras,750mL,10,10.49,2024-12-31
19_WINTERVALE_19199,19,WINTERVALE,19199,La Crema Pnt Gris Monterey,750mL,15,16.99,2024-12-31
1_HARDERSFIELD_3857,1,HARDERSFIELD,3857,Grey Goose Vodka,1.75L,40,49.99,2024-12-31
13_TARMSWORTH_6451,13,TARMSWORTH,6451,Columbia Crest G E Cab Svgn,750mL,10,9.99,2024-12-31
1_HARDERSFIELD_16868,1,HARDERSFIELD,16868,Don & Sons Pnt Nr Sonoma Cst,750mL,13,17.99,2024-12-31
27_MOUNTMEND_1801,27,MOUNTMEND,1801,Jack Daniels Tennesse Fire,375mL,23,12.99,2024-12-31
7_STANMORE_8288,7,STANMORE,8288,Korbel Brut,750mL,14,11.99,2024-12-31
9_BLACKPOOL_25036,9,BLACKPOOL,25036,Albola Pinot Grigio,750mL,11,10.99,2024-12-31
30_CULCHETH_4216,30,CULCHETH,4216,Havana Club Anejo Clsco Gold,750mL,5,18.99,2024-12-31
27_MOUNTMEND_5403,27,MOUNTMEND,5403,Amaretto di Amore,750mL,5,9.99,2024-12-31
19_WINTERVALE_1276,19,WINTERVALE,1276,Jack Daniels Single Barrel,50mL,17,4.99,2024-12-31
21_BALERNO_4152,21,BALERNO,4152,Jenkins Rum,750mL,13,4.99,2024-12-31
4_EANVERNESS_13661,4,EANVERNESS,13661,Duckhorn Decoy Pnt Nr Sonoma,750mL,47,16.95,2024-12-31
23_ARBINGTON_25282,23,ARBINGTON,25282,Ransom Sweet Vermouth,500mL,4,18.99,2024-12-31
15_WANBORNE_13638,15,WANBORNE,13638,The Velvet Devil Merlot,750mL,18,11.99,2024-12-31
32_MOUNTMEND_4412,32,MOUNTMEND,4412,Pusser's British Navy Rum,750mL,6,17.99,2024-12-31
23_ARBINGTON_19283,23,ARBINGTON,19283,Roscato Bianco,750mL,5,9.99,2024-12-31
10_HORNSEY_45822,10,HORNSEY,45822,Masciarelli Montepulciano,750mL,37,9.95,2024-12-31
25_CAERSHIRE_4201,25,CAERSHIRE,4201,Calico Jack Silver Rum,1.75L,7,12.99,2024-12-31
26_KNIFE'S EDGE_30602,26,KNIFE'S EDGE,30602,Zardetto Prosecco Conegliano,750mL,14,12.99,2024-12-31
23_ARBINGTON_24788,23,ARBINGTON,24788,Gentleman's Collection Cab S,750mL,7,15.99,2024-12-31
30_CULCHETH_3050,30,CULCHETH,3050,Bowman Vodka,1.75L,30,8.99,2024-12-31
10_HORNSEY_17485,10,HORNSEY,17485,Barefoot Cellars Red Moscato,1.5L,1,10.99,2024-12-31
25_CAERSHIRE_7872,25,CAERSHIRE,7872,Piper Heidsieck Brut,750mL,17,44.99,2024-12-31
22_SHARNWICK_36771,22,SHARNWICK,36771,Yellow Tail Merlot Ausl,1.5L,43,8.95,2024-12-31
38_GOULCREST_3578,38,GOULCREST,3578,Stolichnaya Elit Vodka,750mL,12,49.99,2024-12-31
26_KNIFE'S EDGE_6479,26,KNIFE'S EDGE,6479,Clos du Bois Chard,750mL,49,8.99,2024-12-31
10_HORNSEY_13603,10,HORNSEY,13603,Folonari Pnt Nr Venezie,3L,9,17.99,2024-12-31
6_GOULCREST_7266,6,GOULCREST,7266,Fonseca Bin No 27,750mL,7,13.99,2024-12-31
21_BALERNO_19224,21,BALERNO,19224,Miraval Cotes de Prvnce Rose,750mL,18,19.99,2024-12-31
33_HORNSEY_3959,33,HORNSEY,3959,Hornitos Black Barrel,750mL,15,26.99,2024-12-31
7_STANMORE_8033,7,STANMORE,8033,Jack Daniels No 7 Black,50mL,117,2.99,2024-12-31
32_MOUNTMEND_4092,32,MOUNTMEND,4092,Bacardi Grapefruit Rum,750mL,3,9.99,2024-12-31
21_BALERNO_26181,21,BALERNO,26181,Jaume Serra Cristalino Brut,750mL,73,7.95,2024-12-31
38_GOULCREST_23185,38,GOULCREST,23185,Lee Family Farm Albarino Mon,750mL,4,17.99,2024-12-31
1_HARDERSFIELD_1003,1,HARDERSFIELD,1003,Crown Royal VAP Glass+Coastr,750mL,0,22.99,2024-12-31
25_CAERSHIRE_17001,25,CAERSHIRE,17001,Martinshof Gruner Veltliner,750mL,7,13.99,2024-12-31
25_CAERSHIRE_3511,25,CAERSHIRE,3511,New Amsterdam Vodka,750mL,23,10.99,2024-12-31
26_KNIFE'S EDGE_3420,26,KNIFE'S EDGE,3420,New Amsterdam Coconut Vodka,750mL,11,10.99,2024-12-31
33_HORNSEY_3512,33,HORNSEY,3512,Pinnacle Vodka,1.75L,57,15.99,2024-12-31
15_WANBORNE_31186,15,WANBORNE,31186,Almaden Merlot Cal B/B,5L,5,15.99,2024-12-31
4_EANVERNESS_2368,4,EANVERNESS,2368,Balvenie 17 Yr Doublewood,750mL,5,139.99,2024-12-31
2_ASHBORNE_46568,2,ASHBORNE,46568,R M Woodbridge Cab/Merlot,1.5L,8,8.99,2024-12-31
28_LARNWICK_5330,28,LARNWICK,5330,Kahlua White Russian RTD,1.75L,10,15.99,2024-12-31
7_STANMORE_3389,7,STANMORE,3389,Seagrams Extra Dry Gin,1.75L,22,16.99,2024-12-31
28_LARNWICK_2628,28,LARNWICK,2628,Dewars Special RSV 12-Yr,750mL,6,29.99,2024-12-31
4_EANVERNESS_4234,4,EANVERNESS,4234,Bacardi Pineapple Fusion,750mL,19,9.99,2024-12-31
36_LEWES_4762,36,LEWES,4762,Hartley Brandy VS,750mL,9,6.99,2024-12-31
16_LUNDY_2890,16,LUNDY,2890,Four Roses Bourbon,750mL,3,27.99,2024-12-31
24_PALPERROTH_3996,24,PALPERROTH,3996,Deep Eddy Peach Vodka,750mL,5,17.99,2024-12-31
37_PAETHSMOUTH_2280,37,PAETHSMOUTH,2280,The Botanist Islay Dry Gin,750mL,8,36.99,2024-12-31
2_ASHBORNE_4244,2,ASHBORNE,4244,Castillo Gold Rum,1.75L,1,9.99,2024-12-31
16_LUNDY_4897,16,LUNDY,4897,Remy Martin VSOP Cognac,50mL,17,4.49,2024-12-31
30_CULCHETH_8393,30,CULCHETH,8393,Casamigos Reposado,750mL,4,56.99,2024-12-31
15_WANBORNE_564,15,WANBORNE,564,DeKuyper Blue Curacao,Liter,8,8.99,2024-12-31
16_LUNDY_5480,16,LUNDY,5480,E & J Superior RSV VSOP,750mL,8,10.99,2024-12-31
39_EASTHALLOW_3472,39,EASTHALLOW,3472,Cazadores Blanco Tequila,750mL,11,16.99,2024-12-31
5_SUTTON_38178,5,SUTTON,38178,Rex Goliath Cab Svgn,750mL,7,5.99,2024-12-31
16_LUNDY_3724,16,LUNDY,3724,Absolut Citron,750mL,6,17.99,2024-12-31
19_WINTERVALE_192,19,WINTERVALE,192,Milagro Anejo Tequila,750mL,10,35.99,2024-12-31
14_BROMWICH_8370,14,BROMWICH,8370,Chi Chi's Margarita,1.75L,13,8.99,2024-12-31
23_ARBINGTON_27872,23,ARBINGTON,27872,Flora Springs Napa Red,750mL,36,26.99,2024-12-31
17_OLDHAM_8123,17,OLDHAM,8123,Mouton Cadet Red Brdx,750mL,5,12.99,2024-12-31
14_BROMWICH_5378,14,BROMWICH,5378,Galliano L'Autentico Liqueur,750mL,12,25.99,2024-12-31
8_ALNERWICK_5232,8,ALNERWICK,5232,DeKuyper Buttershots Schnaps,1.75L,1,14.99,2024-12-31
25_CAERSHIRE_22194,25,CAERSHIRE,22194,Placido Pinot Grigio Venezi,1.5L,5,12.99,2024-12-31
8_ALNERWICK_6460,8,ALNERWICK,6460,Columbia Crest Two Vns Chard,750mL,11,6.99,2024-12-31
27_MOUNTMEND_6735,27,MOUNTMEND,6735,Gallo Twin Valley Chard Cal,1.5L,4,9.99,2024-12-31
30_CULCHETH_8694,30,CULCHETH,8694,Skinnygirl Cosmopolitan,750mL,8,10.99,2024-12-31
34_PITMERDEN_38652,34,PITMERDEN,38652,Carpineto Chianti Clsc RSV,750mL,6,20.99,2024-12-31
7_STANMORE_5076,7,STANMORE,5076,M Duffau Napoleon Armagnac,750mL,12,35.99,2024-12-31
15_WANBORNE_3218,15,WANBORNE,3218,Firefly Sweet Tea Vodka,750mL,22,12.99,2024-12-31
5_SUTTON_3326,5,SUTTON,3326,Jenkins Gin,1.75L,12,9.49,2024-12-31
14_BROMWICH_3936,14,BROMWICH,3936,Stolichnaya,Liter,22,22.99,2024-12-31
2_ASHBORNE_16968,2,ASHBORNE,16968,Trentadue Znfdl Alex Vly,750mL,8,16.99,2024-12-31
30_CULCHETH_39479,30,CULCHETH,39479,Barefoot Premium X-Dry,750mL,62,6.95,2024-12-31
6_GOULCREST_3476,6,GOULCREST,3476,Reyka Vodka,750mL,2,19.99,2024-12-31
19_WINTERVALE_2942,19,WINTERVALE,2942,Glen Grant 10 Yr Single Malt,750mL,8,39.99,2024-12-31
34_PITMERDEN_1396,34,PITMERDEN,1396,Old Crow,1.75L,24,15.99,2024-12-31
25_CAERSHIRE_5054,25,CAERSHIRE,5054,Jagermeister Spice,50mL,0,1.99,2024-12-31
29_AYLESBURY_34460,29,AYLESBURY,34460,Dr Loosen Rsl 'Dr L' M,750mL,11,12.99,2024-12-31
19_WINTERVALE_7994,19,WINTERVALE,7994,Stock Italian Sweet Vermouth,1.5L,13,9.99,2024-12-31
19_WINTERVALE_8258,19,WINTERVALE,8258,Campari,750mL,11,29.99,2024-12-31
26_KNIFE'S EDGE_4262,26,KNIFE'S EDGE,4262,Capt Morgan Spiced Rum,750mL,38,14.99,2024-12-31
11_CARDEND_35412,11,CARDEND,35412,Yellow Tail Chard Ausl,1.5L,70,8.95,2024-12-31
9_BLACKPOOL_40054,9,BLACKPOOL,40054,Campo Viejo Tempranillo RSV,750mL,10,11.99,2024-12-31
14_BROMWICH_1180,14,BROMWICH,1180,Evan Williams Black Label B,1.75L,35,20.99,2024-12-31
34_PITMERDEN_17167,34,PITMERDEN,17167,Kendall Jackson Vntr RSV Zin,750mL,11,9.99,2024-12-31
6_GOULCREST_31349,6,GOULCREST,31349,Big House Red Cal,750mL,10,7.99,2024-12-31
21_BALERNO_40332,21,BALERNO,40332,Terrazas RSV Malbec Mendoza,750mL,9,12.99,2024-12-31
15_WANBORNE_3746,15,WANBORNE,3746,Gordons Vodka 80 Proof,1.75L,51,12.99,2024-12-31
7_STANMORE_15892,7,STANMORE,15892,Red Guitar Sangria,750mL,9,4.99,2024-12-31
34_PITMERDEN_35123,34,PITMERDEN,35123,Terrabianca Campaccia,750mL,3,31.99,2024-12-31
23_ARBINGTON_27203,23,ARBINGTON,27203,DeLoach Ethans Vyd Znfdl,750mL,24,12.99,2024-12-31
25_CAERSHIRE_3924,25,CAERSHIRE,3924,Espolon Blanco Tequila,750mL,12,23.99,2024-12-31
14_BROMWICH_46458,14,BROMWICH,46458,Layer Cake Barosa Shiraz,750mL,17,15.99,2024-12-31
9_BLACKPOOL_3405,9,BLACKPOOL,3405,Tito's Handmade Vodka,1.75L,122,28.99,2024-12-31
9_BLACKPOOL_34175,9,BLACKPOOL,34175,Lindemans Bin 50 Shiraz,1.5L,42,11.99,2024-12-31
37_PAETHSMOUTH_46023,37,PAETHSMOUTH,46023,Spellbound Petite Sirah Cal,750mL,9,13.99,2024-12-31
11_CARDEND_46371,11,CARDEND,46371,Carlo Rossi RSV Cab Svgn Cal,5L,4,16.99,2024-12-31
13_TARMSWORTH_3788,13,TARMSWORTH,3788,Patron Silver Tequila,375mL,10,25.99,2024-12-31
27_MOUNTMEND_35442,27,MOUNTMEND,35442,Borsao Tres Picos Garnacha,750mL,4,14.99,2024-12-31
10_HORNSEY_2466,10,HORNSEY,2466,Crown Royal Maple Whisky,1.75L,30,46.99,2024-12-31
15_WANBORNE_25877,15,WANBORNE,25877,Ravage Cab Svgn,750mL,14,11.99,2024-12-31
19_WINTERVALE_8339,19,WINTERVALE,8339,The Glenlivet 12 Yr Single,750mL,30,42.99,2024-12-31
23_ARBINGTON_13492,23,ARBINGTON,13492,Barefoot Cellars Pnt Nr,1.5L,3,10.99,2024-12-31
15_WANBORNE_2498,15,WANBORNE,2498,Catskill Fearless Whiskey,375mL,11,43.99,2024-12-31
4_EANVERNESS_33960,4,EANVERNESS,33960,Allegrini Valpolicella Clsc,750mL,9,15.99,2024-12-31
22_SHARNWICK_17024,22,SHARNWICK,17024,Marques de Caceres Albarino,750mL,8,11.99,2024-12-31
34_PITMERDEN_26538,34,PITMERDEN,26538,Gruet Sauvage Bl de Bl,750mL,22,17.99,2024-12-31
12_LEESIDE_5438,12,LEESIDE,5438,Emmets Irish Cream,750mL,10,9.99,2024-12-31
21_BALERNO_4682,21,BALERNO,4682,Courvoisier VSOP Cognac,750mL,11,34.99,2024-12-31
32_MOUNTMEND_4724,32,MOUNTMEND,4724,Patron Citronge Lime Liqueur,750mL,23,20.99,2024-12-31
20_BREDWARDINE_2245,20,BREDWARDINE,2245,Duke Kentucky Bourbon,750mL,4,39.99,2024-12-31
35_HALIVAARA_5891,35,HALIVAARA,5891,Ryans Irish Cream,1.75L,3,15.99,2024-12-31
6_GOULCREST_2780,6,GOULCREST,2780,Bulleit 10 Yr Old Bourbon,750mL,9,39.99,2024-12-31
35_HALIVAARA_4283,35,HALIVAARA,4283,Hochstadter's Slow and Low,750mL,14,21.99,2024-12-31
31_HORNSEY_27514,31,HORNSEY,27514,Clos du Bois RSV Cab Svgn,750mL,9,17.99,2024-12-31
11_CARDEND_32649,11,CARDEND,32649,Beringer Classic Wh Merlot,1.5L,6,7.99,2024-12-31
8_ALNERWICK_7489,8,ALNERWICK,7489,99 Blackberries,50mL,105,0.99,2024-12-31
34_PITMERDEN_39413,34,PITMERDEN,39413,Mirassou Pnt Nr Cntrl Coast,750mL,10,8.99,2024-12-31
37_PAETHSMOUTH_26392,37,PAETHSMOUTH,26392,Pepperwood Grove Pnt Nr,750mL,12,7.99,2024-12-31
9_BLACKPOOL_934,9,BLACKPOOL,934,Tanteo Jalapeno Tequila,750mL,6,35.99,2024-12-31
14_BROMWICH_8455,14,BROMWICH,8455,R Mondavi Fume Bl Napa Vly,750mL,13,14.99,2024-12-31
36_LEWES_46098,36,LEWES,46098,Ch Ste Michelle Rsl Dry Colu,750mL,8,8.99,2024-12-31
14_BROMWICH_812,14,BROMWICH,812,Jagermeister Liqueur,Liter,44,20.99,2024-12-31
30_CULCHETH_4882,30,CULCHETH,4882,Arrow Coffee Brandy,750mL,11,6.49,2024-12-31
14_BROMWICH_6727,14,BROMWICH,6727,Antinori Toscana Rd,750mL,14,17.99,2024-12-31
18_FURNESS_1382,18,FURNESS,1382,Makers 46,750mL,4,37.99,2024-12-31
7_STANMORE_42753,7,STANMORE,42753,Five Oaks Merlot Cal,750mL,12,3.79,2024-12-31
18_FURNESS_2100,18,FURNESS,2100,Canadian Regal,1.75L,12,9.99,2024-12-31
33_HORNSEY_19249,33,HORNSEY,19249,Educated Guess Chard,750mL,8,19.99,2024-12-31
31_HORNSEY_11141,31,HORNSEY,11141,C K Mondavi Chard,1.5L,6,12.99,2024-12-31
2_ASHBORNE_4225,2,ASHBORNE,4225,Goslings Black Seal Rum 80,1.75L,19,25.99,2024-12-31
1_HARDERSFIELD_20523,1,HARDERSFIELD,20523,Lady Lola White,750mL,11,11.99,2024-12-31
22_SHARNWICK_1892,22,SHARNWICK,1892,Yukon Jack,50mL,1038,0.99,2024-12-31
8_ALNERWICK_6950,8,ALNERWICK,6950,Solerno Blood Orange Liqueur,750mL,3,34.99,2024-12-31
31_HORNSEY_10723,31,HORNSEY,10723,R M Woodbridge Chard,1.5L,16,8.99,2024-12-31
21_BALERNO_7374,21,BALERNO,7374,New Amsterdam Mango Vodka,750mL,39,10.99,2024-12-31
34_PITMERDEN_2595,34,PITMERDEN,2595,Clontarf Irish Whiskey,750mL,11,16.99,2024-12-31
10_HORNSEY_15651,10,HORNSEY,15651,Villa d Anges Old Vines Rose,750mL,12,13.99,2024-12-31
40_BULLMAR_2270,40,BULLMAR,2270,Laphroaig Triple Wood,750mL,3,74.99,2024-12-31
14_BROMWICH_2954,14,BROMWICH,2954,Highland Park 12 Yr Single,750mL,3,49.99,2024-12-31
10_HORNSEY_26717,10,HORNSEY,26717,Arpa Pnt Grigio,750mL,43,9.99,2024-12-31
32_MOUNTMEND_4796,32,MOUNTMEND,4796,Caravella Limoncello,750mL,9,16.99,2024-12-31
19_WINTERVALE_4483,19,WINTERVALE,4483,Casamigos Reposado,50mL,38,2.49,2024-12-31
15_WANBORNE_9388,15,WANBORNE,9388,Hennessy Privilege VSOP,375mL,13,23.99,2024-12-31
6_GOULCREST_3638,6,GOULCREST,3638,Pinnacle Whipped,50mL,187,0.99,2024-12-31
1_HARDERSFIELD_30117,1,HARDERSFIELD,30117,Clos Haut Peyraguey 2014,750mL,0,44.49,2024-12-31
10_HORNSEY_15265,10,HORNSEY,15265,The Naked Grape Cab Svgn,750mL,16,5.99,2024-12-31
30_CULCHETH_5339,30,CULCHETH,5339,Drambuie,50mL,77,2.79,2024-12-31
22_SHARNWICK_33370,22,SHARNWICK,33370,Whitehall Lane Cab Svgn Napa,750mL,11,38.99,2024-12-31
5_SUTTON_22757,5,SUTTON,22757,Black Opal Cshmre Cab/Merlot,750mL,0,7.99,2024-12-31
37_PAETHSMOUTH_2374,37,PAETHSMOUTH,2374,Tullamore Dew,1.75L,3,39.99,2024-12-31
37_PAETHSMOUTH_8170,37,PAETHSMOUTH,8170,Courvoisier VS Cognac,50mL,137,2.99,2024-12-31
4_EANVERNESS_4192,4,EANVERNESS,4192,Havana Club Anejo Blanco Rum,750mL,12,16.99,2024-12-31
2_ASHBORNE_6256,2,ASHBORNE,6256,Sutter Home Chard,1.5L,65,9.99,2024-12-31
23_ARBINGTON_6459,23,ARBINGTON,6459,Freixenet Cordon Negro Extr,750mL,18,10.99,2024-12-31
6_GOULCREST_4012,6,GOULCREST,4012,Tall Ship White Island Rum,750mL,7,26.99,2024-12-31
13_TARMSWORTH_10727,13,TARMSWORTH,10727,Starborough Svgn Bl Marlboro,750mL,4,9.99,2024-12-31
25_CAERSHIRE_1869,25,CAERSHIRE,1869,Oban 14-Yr Single Malt,750mL,7,57.99,2024-12-31
10_HORNSEY_42640,10,HORNSEY,42640,The Monterey Vyds Chard,750mL,4,9.99,2024-12-31
9_BLACKPOOL_3800,9,BLACKPOOL,3800,Don Julio Anejo Tequila,750mL,4,54.99,2024-12-31
27_MOUNTMEND_14130,27,MOUNTMEND,14130,14 Hands Hot to Trot White,750mL,32,8.99,2024-12-31
33_HORNSEY_17985,33,HORNSEY,17985,Ponzi Tavola Pnt Nr,750mL,11,23.99,2024-12-31
39_EASTHALLOW_25932,39,EASTHALLOW,25932,Gabbiano Chianti Clsc,750mL,10,9.99,2024-12-31
21_BALERNO_1382,21,BALERNO,1382,Makers 46,750mL,41,37.99,2024-12-31
33_HORNSEY_8480,33,HORNSEY,8480,Clan MacGregor,1.75L,7,14.99,2024-12-31
10_HORNSEY_13807,10,HORNSEY,13807,Oh Schist Rsl,750mL,7,8.99,2024-12-31
39_EASTHALLOW_1465,39,EASTHALLOW,1465,Woodford Rsv Bourbon,375mL,2,15.99,2024-12-31
34_PITMERDEN_27472,34,PITMERDEN,27472,Secco-Bertani Verona,750mL,6,12.99,2024-12-31
14_BROMWICH_24875,14,BROMWICH,24875,Glen Ellen Merlot RSV,1.5L,17,6.99,2024-12-31
8_ALNERWICK_25419,8,ALNERWICK,25419,Kunde Chard Sonoma Valley,750mL,3,15.99,2024-12-31
31_HORNSEY_11826,31,HORNSEY,11826,Cupcake Chard,750mL,34,7.49,2024-12-31
27_MOUNTMEND_3556,27,MOUNTMEND,3556,Hard Rock Vodka,1.75L,0,12.99,2024-12-31
21_BALERNO_4303,21,BALERNO,4303,Calico Jack Spiced Rum,750mL,8,7.99,2024-12-31
39_EASTHALLOW_2033,39,EASTHALLOW,2033,Canadian Mist,750mL,12,7.99,2024-12-31
32_MOUNTMEND_8078,32,MOUNTMEND,8078,Glenfiddich Special Rsv 12Yr,375mL,7,19.99,2024-12-31
23_ARBINGTON_25773,23,ARBINGTON,25773,Anima Negra Quibia,750mL,9,13.99,2024-12-31
39_EASTHALLOW_1623,39,EASTHALLOW,1623,Bulleit 95 Rye,375mL,7,15.99,2024-12-31
34_PITMERDEN_12089,34,PITMERDEN,12089,Northstar Merlot Walla Walla,750mL,4,37.99,2024-12-31
34_PITMERDEN_9147,34,PITMERDEN,9147,Green Spot Irish Whiskey,750mL,14,56.99,2024-12-31
13_TARMSWORTH_5137,13,TARMSWORTH,5137,Irish Manor Irish Cream,750mL,5,9.99,2024-12-31
4_EANVERNESS_2749,4,EANVERNESS,2749,John Begg Blue Cap,1.75L,4,16.99,2024-12-31
5_SUTTON_5317,5,SUTTON,5317,B & B Liqueur Dom,50mL,21,3.29,2024-12-31
20_BREDWARDINE_5315,20,BREDWARDINE,5315,B & B Liqueur Dom,750mL,18,24.99,2024-12-31
21_BALERNO_3913,21,BALERNO,3913,Svedka Vodka,1.75L,127,16.99,2024-12-31
26_KNIFE'S EDGE_8619,26,KNIFE'S EDGE,8619,Canadian Club,375mL,20,5.99,2024-12-31
17_OLDHAM_3733,17,OLDHAM,3733,Patron Silver Tequila,1.75L,3,109.99,2024-12-31
38_GOULCREST_2625,38,GOULCREST,2625,Nikka Coffey Grain Whisky,750mL,13,59.99,2024-12-31
40_BULLMAR_3581,40,BULLMAR,3581,Pinnacle Citrus,50mL,115,0.99,2024-12-31
10_HORNSEY_4491,10,HORNSEY,4491,Calvados Marquis De St Loup,750mL,6,28.99,2024-12-31
34_PITMERDEN_15367,34,PITMERDEN,15367,Almirez 07 Tinta de Toro,750mL,4,26.99,2024-12-31
34_PITMERDEN_23779,34,PITMERDEN,23779,Clos L'Englise 12 Pomerol,750mL,2,89.99,2024-12-31
12_LEESIDE_2757,12,LEESIDE,2757,Johnnie Walker Red Label,1.75L,79,28.99,2024-12-31
33_HORNSEY_4276,33,HORNSEY,4276,Goslings Gold Seal Rum,1.75L,8,21.99,2024-12-31
25_CAERSHIRE_38181,25,CAERSHIRE,38181,Rex Goliath Pnt Nr,750mL,15,5.99,2024-12-31
24_PALPERROTH_22363,24,PALPERROTH,22363,Andre Moscato,750mL,15,5.49,2024-12-31
9_BLACKPOOL_5170,9,BLACKPOOL,5170,Dr McGillicuddy's Apple Pie,750mL,13,13.99,2024-12-31
32_MOUNTMEND_4989,32,MOUNTMEND,4989,Martell VS Cognac,750mL,8,21.99,2024-12-31
7_STANMORE_22275,7,STANMORE,22275,Markham Merlot,750mL,13,22.99,2024-12-31
19_WINTERVALE_2788,19,WINTERVALE,2788,Laphroaig 10 Yr Single Malt,750mL,16,39.99,2024-12-31
23_ARBINGTON_21529,23,ARBINGTON,21529,Ch St Sulpice Rose 13,750mL,7,12.99,2024-12-31
3_HORNSEY_26092,3,HORNSEY,26092,Blackstone Merlot Cal,750mL,15,7.99,2024-12-31
12_LEESIDE_19748,12,LEESIDE,19748,Clos du Bois Chard,1.5L,33,15.99,2024-12-31
9_BLACKPOOL_2145,9,BLACKPOOL,2145,WolfHound Irish Whiskey,750mL,3,17.99,2024-12-31
6_GOULCREST_5838,6,GOULCREST,5838,Agave Loco Pepper Cured Teq,750mL,17,21.49,2024-12-31
20_BREDWARDINE_42420,20,BREDWARDINE,42420,Yellow Tail Pnt Grigio Ausl,750mL,15,7.99,2024-12-31
12_LEESIDE_24095,12,LEESIDE,24095,Gallo Copperidge Cab Svgn,750mL,6,3.99,2024-12-31
30_CULCHETH_861,30,CULCHETH,861,Barton Gin,Liter,9,6.49,2024-12-31
15_WANBORNE_23902,15,WANBORNE,23902,Dom St Andrieu Rose CdP,750mL,1,15.99,2024-12-31
32_MOUNTMEND_4197,32,MOUNTMEND,4197,Sailor Jerry Spiced Rum Trav,750mL,21,18.99,2024-12-31
4_EANVERNESS_3791,4,EANVERNESS,3791,Jose Cuervo Especial Silver,375mL,14,10.99,2024-12-31
9_BLACKPOOL_4502,9,BLACKPOOL,4502,E & J XO Brandy,1.75L,6,21.99,2024-12-31
34_PITMERDEN_10175,34,PITMERDEN,10175,Big House Birdman Pnt Grigio,750mL,18,7.99,2024-12-31
34_PITMERDEN_6267,34,PITMERDEN,6267,Kinky Gold Liqueur,750mL,18,16.99,2024-12-31
19_WINTERVALE_1389,19,WINTERVALE,1389,Makers Mark,50mL,16,2.99,2024-12-31
18_FURNESS_4066,18,FURNESS,4066,Bacardi Oakheart Spiced Rum,1.75L,12,19.99,2024-12-31
24_PALPERROTH_43434,24,PALPERROTH,43434,Phillips Earthquake Cab Svgn,750mL,14,24.99,2024-12-31
30_CULCHETH_31201,30,CULCHETH,31201,Beringer Fndrs Est Cab Svgn,750mL,7,8.99,2024-12-31
18_FURNESS_5392,18,FURNESS,5392,Goldschlager Cinnamon Schnps,750mL,19,17.99,2024-12-31
36_LEWES_8155,36,LEWES,8155,Black Velvet Plastic,375mL,8,4.99,2024-12-31
32_MOUNTMEND_5146,32,MOUNTMEND,5146,Pama Pomegranate Liqueur,750mL,5,17.99,2024-12-31
13_TARMSWORTH_31320,13,TARMSWORTH,31320,La Vieille Ferme Rose Vntoux,750mL,4,6.99,2024-12-31
24_PALPERROTH_8693,24,PALPERROTH,8693,Ezra Brooks,750mL,9,9.99,2024-12-31
21_BALERNO_7860,21,BALERNO,7860,Sutter Home Wh Znfdl,750mL,19,5.99,2024-12-31
38_GOULCREST_44859,38,GOULCREST,44859,Man Cab Svgn Western Cape,750mL,15,10.99,2024-12-31
33_HORNSEY_25622,33,HORNSEY,25622,Forest Glen Chard,750mL,17,8.99,2024-12-31
37_PAETHSMOUTH_6570,37,PAETHSMOUTH,6570,Kendall Jackson Chard Vt RSV,750mL,23,9.99,2024-12-31
24_PALPERROTH_2125,24,PALPERROTH,2125,Glenfiddich 14 Yr Barrel Rsv,750mL,9,49.99,2024-12-31
23_ARBINGTON_8112,23,ARBINGTON,8112,Stolichnaya,1.75L,108,23.99,2024-12-31
38_GOULCREST_2448,38,GOULCREST,2448,Seagrams VO Gold,750mL,10,15.99,2024-12-31
4_EANVERNESS_4235,4,EANVERNESS,4235,Sailor Jerry Spiced Rum,375mL,41,9.99,2024-12-31
11_CARDEND_2152,11,CARDEND,2152,New Amsterdam Gin,750mL,47,10.99,2024-12-31
12_LEESIDE_21032,12,LEESIDE,21032,Taylor Fladgate 10-Yr Tawny,750mL,8,22.99,2024-12-31
38_GOULCREST_2827,38,GOULCREST,2827,Glenfiddich 26 Yr Old Scotch,750mL,3,499.99,2024-12-31
22_SHARNWICK_26827,22,SHARNWICK,26827,Cavit Merlot Trentino,1.5L,8,9.99,2024-12-31
26_KNIFE'S EDGE_18641,26,KNIFE'S EDGE,18641,Yellow Tail Big Bold Red,1.5L,6,8.95,2024-12-31
30_CULCHETH_213,30,CULCHETH,213,Stolichnaya Blueberi,Liter,7,22.99,2024-12-31
15_WANBORNE_3944,15,WANBORNE,3944,Gran Centenario Anejo,750mL,7,44.99,2024-12-31
1_HARDERSFIELD_6859,1,HARDERSFIELD,6859,C Y Toro Frontera Chard,1.5L,29,10.99,2024-12-31
12_LEESIDE_2647,12,LEESIDE,2647,Wiggly Bridge Bourbon Sm Brl,750mL,5,52.99,2024-12-31
21_BALERNO_23438,21,BALERNO,23438,Frost Bitten Ice Rsl,375mL,10,12.99,2024-12-31
9_BLACKPOOL_2756,9,BLACKPOOL,2756,Jameson Caskmates,750mL,42,29.99,2024-12-31
28_LARNWICK_4282,28,LARNWICK,4282,Capt Morgan White Pineapple,750mL,11,14.99,2024-12-31
29_AYLESBURY_1623,29,AYLESBURY,1623,Bulleit 95 Rye,375mL,12,15.99,2024-12-31
32_MOUNTMEND_1828,32,MOUNTMEND,1828,Old Forester Mint Julep,Liter,8,29.99,2024-12-31
30_CULCHETH_5277,30,CULCHETH,5277,Arrow Sloe Gin,750mL,2,7.99,2024-12-31
20_BREDWARDINE_4174,20,BREDWARDINE,4174,Kraken Black Spiced Rum 94P,1.75L,22,28.99,2024-12-31
1_HARDERSFIELD_3524,1,HARDERSFIELD,3524,Pravda Polish Vodka,750mL,13,19.99,2024-12-31
25_CAERSHIRE_41251,25,CAERSHIRE,41251,Beringer Classic Pnt Grigio,750mL,28,6.99,2024-12-31
26_KNIFE'S EDGE_16289,26,KNIFE'S EDGE,16289,Barefoot Bubbly Pink Moscato,750mL,1,6.95,2024-12-31
16_LUNDY_3505,16,LUNDY,3505,Tito's Handmade Vodka,750mL,11,18.99,2024-12-31
34_PITMERDEN_21425,34,PITMERDEN,21425,Szigeti Pnt Nr Rose Brut,750mL,0,26.99,2024-12-31
34_PITMERDEN_46554,34,PITMERDEN,46554,Atteca Garnacha Old Vines,750mL,15,16.99,2024-12-31
27_MOUNTMEND_37121,27,MOUNTMEND,37121,Flag Hill Apple Cran NH,750mL,5,12.99,2024-12-31
5_SUTTON_5277,5,SUTTON,5277,Arrow Sloe Gin,750mL,2,7.99,2024-12-31
36_LEWES_2586,36,LEWES,2586,Jameson Irish Whiskey,50mL,86,2.99,2024-12-31
7_STANMORE_21552,7,STANMORE,21552,Vindicated Cab Svgn,750mL,14,19.99,2024-12-31
39_EASTHALLOW_8123,39,EASTHALLOW,8123,Mouton Cadet Red Brdx,750mL,28,12.99,2024-12-31
23_ARBINGTON_45871,23,ARBINGTON,45871,Luzon Jumilla Red,750mL,62,8.49,2024-12-31
34_PITMERDEN_8737,34,PITMERDEN,8737,Freixenet Cordon Negro Brut,750mL,74,11.99,2024-12-31
15_WANBORNE_24588,15,WANBORNE,24588,Boundary Breaks OLN Rsl,750mL,11,14.99,2024-12-31
34_PITMERDEN_16669,34,PITMERDEN,16669,Sweet Baby Vyds Blueberry,750mL,23,12.99,2024-12-31
37_PAETHSMOUTH_2015,37,PAETHSMOUTH,2015,Jack Daniels Tennessee Honey,750mL,16,26.99,2024-12-31
30_CULCHETH_6351,30,CULCHETH,6351,Kendall Jackson Vntr RSV Cab,750mL,13,16.99,2024-12-31
18_FURNESS_4282,18,FURNESS,4282,Capt Morgan White Pineapple,750mL,9,14.99,2024-12-31
23_ARBINGTON_23516,23,ARBINGTON,23516,Chloe Pnt Nr,750mL,6,10.99,2024-12-31
31_HORNSEY_10420,31,HORNSEY,10420,Barefoot Moscato Cal,750mL,3,4.99,2024-12-31
14_BROMWICH_1375,14,BROMWICH,1375,Jim Beam,750mL,17,16.99,2024-12-31
24_PALPERROTH_3298,24,PALPERROTH,3298,Bully Boy Boston Rum,750mL,5,26.99,2024-12-31
32_MOUNTMEND_2803,32,MOUNTMEND,2803,Bluecoat Gin,750mL,5,25.99,2024-12-31
20_BREDWARDINE_6654,20,BREDWARDINE,6654,Veuve Clicquot Brut Yellow,750mL,101,39.99,2024-12-31
23_ARBINGTON_2648,23,ARBINGTON,2648,Chivas Regal,375mL,5,15.99,2024-12-31
30_CULCHETH_4762,30,CULCHETH,4762,Hartley Brandy VS,750mL,9,6.99,2024-12-31
1_HARDERSFIELD_17756,1,HARDERSFIELD,17756,Cline Cool Climate Pnt Nr,750mL,9,15.99,2024-12-31
22_SHARNWICK_17967,22,SHARNWICK,17967,Banfi Principessa Gavia Gav,750mL,11,15.99,2024-12-31
38_GOULCREST_37828,38,GOULCREST,37828,Yellow Tail Shiraz/Cab Ausl,1.5L,27,9.99,2024-12-31
2_ASHBORNE_8424,2,ASHBORNE,8424,1800 Coconut Tequila,750mL,9,22.99,2024-12-31
38_GOULCREST_7995,38,GOULCREST,7995,Patron Reposado Tequila,50mL,54,6.49,2024-12-31
6_GOULCREST_44780,6,GOULCREST,44780,Nicolis Valpo Seccal Ripasso,750mL,9,22.99,2024-12-31
39_EASTHALLOW_43872,39,EASTHALLOW,43872,Joseph Carr Cab Svgn Napa,750mL,17,24.99,2024-12-31
15_WANBORNE_26499,15,WANBORNE,26499,Ch Gassier Espirit CdProvenc,750mL,11,17.99,2024-12-31
39_EASTHALLOW_3847,39,EASTHALLOW,3847,Grey Goose Vodka,50mL,107,3.99,2024-12-31
24_PALPERROTH_2862,24,PALPERROTH,2862,Pinch 15-Yr by Haig & Haig,750mL,15,36.99,2024-12-31
9_BLACKPOOL_2142,9,BLACKPOOL,2142,Bird Dog Apple Whiskey,750mL,2,14.99,2024-12-31
23_ARBINGTON_168,23,ARBINGTON,168,Three Olives Strawberry,750mL,41,11.99,2024-12-31
26_KNIFE'S EDGE_3879,26,KNIFE'S EDGE,3879,Smirnoff 80 Proof Traveler,750mL,15,12.99,2024-12-31
15_WANBORNE_24310,15,WANBORNE,24310,Hi! Prosecco,750mL,0,7.99,2024-12-31
10_HORNSEY_2051,10,HORNSEY,2051,Glenrothes Bourbon Cask Rsv,750mL,5,49.99,2024-12-31
32_MOUNTMEND_41253,32,MOUNTMEND,41253,Ch St Jean Cab Svgn Cal,750mL,25,11.99,2024-12-31
6_GOULCREST_23153,6,GOULCREST,23153,Butternut Pnt Nr Cal,750mL,9,14.99,2024-12-31
8_ALNERWICK_8159,8,ALNERWICK,8159,Jose Cuervo Especial,1.75L,61,26.99,2024-12-31
15_WANBORNE_6478,15,WANBORNE,6478,C Y Toro Frontera Merlot,1.5L,7,10.99,2024-12-31
38_GOULCREST_41157,38,GOULCREST,41157,Phillips Sixth Sense Syrah,750mL,15,15.99,2024-12-31
19_WINTERVALE_3899,19,WINTERVALE,3899,Platinum 7X Distilled Vodka,375mL,41,3.99,2024-12-31
27_MOUNTMEND_408,27,MOUNTMEND,408,Wild Turkey American Honey,750mL,43,19.99,2024-12-31
13_TARMSWORTH_4269,13,TARMSWORTH,4269,Calico Jack Spiced Rum,1.75L,15,11.99,2024-12-31
31_HORNSEY_5316,31,HORNSEY,5316,Amaretto DiSaronno,50mL,24,2.29,2024-12-31
28_LARNWICK_5111,28,LARNWICK,5111,Dr McGillicuddy's Mentholmnt,50mL,88,0.99,2024-12-31
1_HARDERSFIELD_46299,1,HARDERSFIELD,46299,Grayson Cellars Znfdl Cntl C,750mL,8,9.99,2024-12-31
30_CULCHETH_2482,30,CULCHETH,2482,Clase Azul Reposado Tequila,750mL,3,89.99,2024-12-31
19_WINTERVALE_3566,19,WINTERVALE,3566,Pinnacle Raspberry,50mL,51,0.99,2024-12-31
30_CULCHETH_5065,30,CULCHETH,5065,Berentzen Apple Liqueur,750mL,14,19.99,2024-12-31
22_SHARNWICK_10058,22,SHARNWICK,10058,F Coppola Dmd Ivry Cab Svgn,750mL,25,14.99,2024-12-31
10_HORNSEY_27817,10,HORNSEY,27817,Clos Pegase Carneros Chard,750mL,12,27.99,2024-12-31
39_EASTHALLOW_12775,39,EASTHALLOW,12775,Joel Gott Svgn Bl,750mL,24,9.99,2024-12-31
20_BREDWARDINE_4762,20,BREDWARDINE,4762,Hartley Brandy VS,750mL,11,6.99,2024-12-31
16_LUNDY_32749,16,LUNDY,32749,Brancott Svgn Bl Marlboro,750mL,17,9.99,2024-12-31
33_HORNSEY_9160,33,HORNSEY,9160,Deep Eddy Peach Vodka,50mL,90,0.99,2024-12-31
32_MOUNTMEND_25883,32,MOUNTMEND,25883,Honig Cab Svgn Napa,750mL,14,36.99,2024-12-31
5_SUTTON_5296,5,SUTTON,5296,Southern Comfort 100 Proof,1.75L,8,28.99,2024-12-31
17_OLDHAM_2287,17,OLDHAM,2287,Johnnie Walker Double Black,750mL,6,39.99,2024-12-31
10_HORNSEY_26732,10,HORNSEY,26732,Bonterra Cab Svgn Organic,750mL,28,12.99,2024-12-31
12_LEESIDE_3893,12,LEESIDE,3893,Zhenka 80 Proof,1.75L,34,9.99,2024-12-31
8_ALNERWICK_39983,8,ALNERWICK,39983,Little Penguin Shiraz Ausl,1.5L,8,11.99,2024-12-31
20_BREDWARDINE_44228,20,BREDWARDINE,44228,Clean Slate Rsl Mosel,750mL,36,11.99,2024-12-31
6_GOULCREST_1895,6,GOULCREST,1895,Senators Club,Liter,70,6.99,2024-12-31
6_GOULCREST_19220,6,GOULCREST,19220,Veuve Clicquot Gold Label,750mL,4,64.99,2024-12-31
36_LEWES_16328,36,LEWES,16328,Black Box Chard,500mL,11,3.99,2024-12-31
32_MOUNTMEND_361,32,MOUNTMEND,361,Effen Cucumber Vodka,750mL,3,19.99,2024-12-31
21_BALERNO_26558,21,BALERNO,26558,King Est Pnt Nr Ore,750mL,23,26.99,2024-12-31
34_PITMERDEN_4243,34,PITMERDEN,4243,Bacardi Superior Rum,1.75L,391,19.99,2024-12-31
7_STANMORE_15889,7,STANMORE,15889,R M Woodbridge Malbec,1.5L,13,8.99,2024-12-31
9_BLACKPOOL_4327,9,BLACKPOOL,4327,Capt Morgan Spiced Rum 100,750mL,13,19.99,2024-12-31
24_PALPERROTH_5346,24,PALPERROTH,5346,Green Chartreuse Liqueur,750mL,11,49.99,2024-12-31
23_ARBINGTON_6506,23,ARBINGTON,6506,Villa Zarri Nocino Liqueur,750mL,10,44.49,2024-12-31
24_PALPERROTH_8184,24,PALPERROTH,8184,Kahlua,50mL,43,1.99,2024-12-31
34_PITMERDEN_6044,34,PITMERDEN,6044,Glenmorangie 25 Yr Old,750mL,1,669.99,2024-12-31
30_CULCHETH_5246,30,CULCHETH,5246,Bacardi Party Drinks Zombie,1.75L,2,15.99,2024-12-31
20_BREDWARDINE_3246,20,BREDWARDINE,3246,Bentley's Vodka,1.75L,37,8.79,2024-12-31
19_WINTERVALE_39087,19,WINTERVALE,39087,Corbett Canyon Pnt Grigio,3L,9,10.99,2024-12-31
40_BULLMAR_3221,40,BULLMAR,3221,Pinnacle Raspberry Vodka,750mL,4,9.99,2024-12-31
15_WANBORNE_3826,15,WANBORNE,3826,Skyy Vodka,1.75L,163,19.99,2024-12-31
36_LEWES_2656,36,LEWES,2656,Cutty Sark,1.75L,16,24.99,2024-12-31
15_WANBORNE_33265,15,WANBORNE,33265,El Coto de Rioja Crianza Re,750mL,15,10.99,2024-12-31
16_LUNDY_3140,16,LUNDY,3140,TGI Fridays Orange Dream,1.75L,2,12.99,2024-12-31
9_BLACKPOOL_463,9,BLACKPOOL,463,Kirk & Sweeney 12Yr Old Rum,750mL,5,33.99,2024-12-31
2_ASHBORNE_8619,2,ASHBORNE,8619,Canadian Club,375mL,15,5.99,2024-12-31
28_LARNWICK_5195,28,LARNWICK,5195,Jenkins Melon Liqueur,750mL,10,5.99,2024-12-31
38_GOULCREST_16568,38,GOULCREST,16568,Moonlight Meadery Sumptuous,375mL,15,12.99,2024-12-31
37_PAETHSMOUTH_1770,37,PAETHSMOUTH,1770,Jack Daniels Tennessee Fire,1.75L,10,37.99,2024-12-31
33_HORNSEY_2631,33,HORNSEY,2631,Scapa Skiren Single Malt,750mL,3,69.99,2024-12-31
38_GOULCREST_43937,38,GOULCREST,43937,Jaboulet Hrmtg Chapelle,750mL,6,237.99,2024-12-31
16_LUNDY_1375,16,LUNDY,1375,Jim Beam,750mL,26,16.99,2024-12-31
22_SHARNWICK_41530,22,SHARNWICK,41530,Septima Malbec Mendoza,750mL,10,9.99,2024-12-31
37_PAETHSMOUTH_3315,37,PAETHSMOUTH,3315,Smirnoff Sorbet Rasp/Pomegra,50mL,83,0.99,2024-12-31
19_WINTERVALE_46381,19,WINTERVALE,46381,Ghost Pines Merlot L Martini,750mL,30,16.99,2024-12-31
1_HARDERSFIELD_21834,1,HARDERSFIELD,21834,Meiomi Chard,750mL,15,14.99,2024-12-31
31_HORNSEY_8021,31,HORNSEY,8021,Glenfiddich Special Rsv 12,750mL,11,42.99,2024-12-31
32_MOUNTMEND_1323,32,MOUNTMEND,1323,Early Times,1.75L,9,17.99,2024-12-31
38_GOULCREST_2795,38,GOULCREST,2795,George Dickel Rye,750mL,9,24.99,2024-12-31
27_MOUNTMEND_34694,27,MOUNTMEND,34694,Valley of the Moon Pnt Bl,750mL,11,15.99,2024-12-31
21_BALERNO_8553,21,BALERNO,8553,Dekuyper Blue Curacao,750mL,10,6.99,2024-12-31
1_HARDERSFIELD_6984,1,HARDERSFIELD,6984,Kendall Jackson Vntrs RSV Me,750mL,21,15.99,2024-12-31
26_KNIFE'S EDGE_4222,26,KNIFE'S EDGE,4222,Bacardi Gold Rum,750mL,7,9.99,2024-12-31
18_FURNESS_2117,18,FURNESS,2117,Black Velvet Traveler,750mL,12,8.99,2024-12-31
38_GOULCREST_6574,38,GOULCREST,6574,Franzia Tap Wh Znfdl Cal,5L,17,17.99,2024-12-31
4_EANVERNESS_20791,4,EANVERNESS,20791,Belle Ambiance Pnt Grigio,750mL,5,7.99,2024-12-31
8_ALNERWICK_2658,8,ALNERWICK,2658,Cutty Sark,750mL,7,15.99,2024-12-31
39_EASTHALLOW_8464,39,EASTHALLOW,8464,Ch de Montfort Vouvray,750mL,8,14.99,2024-12-31
15_WANBORNE_3663,15,WANBORNE,3663,Tarantula Azul Tequila,750mL,17,13.99,2024-12-31
18_FURNESS_3967,18,FURNESS,3967,Deep Eddy Ruby Red,750mL,4,15.99,2024-12-31
29_AYLESBURY_39593,29,AYLESBURY,39593,Redwood Creek Pnt Nr Cal,1.5L,6,9.99,2024-12-31
24_PALPERROTH_6495,24,PALPERROTH,6495,Exotico Blanco Tequila,750mL,12,13.99,2024-12-31
20_BREDWARDINE_6859,20,BREDWARDINE,6859,C Y Toro Frontera Chard,1.5L,10,10.99,2024-12-31
30_CULCHETH_8712,30,CULCHETH,8712,Cuervo RTD Golden Grapefruit,1.75L,4,13.99,2024-12-31
14_BROMWICH_3162,14,BROMWICH,3162,Burnett's Peach Vodka,50mL,0,0.99,2024-12-31
10_HORNSEY_28070,10,HORNSEY,28070,Sutter Home Moscato Cal,1.5L,17,9.99,2024-12-31
25_CAERSHIRE_8453,25,CAERSHIRE,8453,1800 Silver Tequila,50mL,21,2.79,2024-12-31
18_FURNESS_5404,18,FURNESS,5404,E & J Superior Rsv VSOP,375mL,10,5.49,2024-12-31
35_HALIVAARA_12747,35,HALIVAARA,12747,Barefoot Cellars Pnt Nr,750mL,21,4.99,2024-12-31
24_PALPERROTH_15503,24,PALPERROTH,15503,Opici Sangria,3L,8,13.99,2024-12-31
32_MOUNTMEND_25126,32,MOUNTMEND,25126,Zorvino Vyds Peachez,750mL,14,9.99,2024-12-31
23_ARBINGTON_25932,23,ARBINGTON,25932,Gabbiano Chianti Clsc,750mL,5,9.99,2024-12-31
32_MOUNTMEND_4160,32,MOUNTMEND,4160,Bacardi Gran Reserva Maestro,750mL,39,19.99,2024-12-31
2_ASHBORNE_31070,2,ASHBORNE,31070,Treana Red Calif,750mL,11,31.99,2024-12-31
13_TARMSWORTH_5382,13,TARMSWORTH,5382,Ice 101 Peppermint Schnapps,750mL,8,11.99,2024-12-31
32_MOUNTMEND_6234,32,MOUNTMEND,6234,C Y Toro Front Cab/Merlot,1.5L,55,10.99,2024-12-31
34_PITMERDEN_14631,34,PITMERDEN,14631,Dom Serene Yamhill Cv Pnt Nr,750mL,3,36.99,2024-12-31
37_PAETHSMOUTH_3502,37,PAETHSMOUTH,3502,Pinnacle Vodka,750mL,8,12.99,2024-12-31
40_BULLMAR_8474,40,BULLMAR,8474,1800 Reposado Gold Tequila,1.75L,4,41.99,2024-12-31
32_MOUNTMEND_13710,32,MOUNTMEND,13710,Stone Fruit Rsl,750mL,12,6.99,2024-12-31
31_HORNSEY_4734,31,HORNSEY,4734,Capt Morgan Cannon Blast,750mL,16,14.99,2024-12-31
15_WANBORNE_8237,15,WANBORNE,8237,Grand Mayan Ultra Aged Teq,750mL,5,99.99,2024-12-31
14_BROMWICH_5633,14,BROMWICH,5633,Flag Hill Cranberry Liqueur,375mL,10,14.99,2024-12-31
34_PITMERDEN_42766,34,PITMERDEN,42766,14 Hands Merlot Wash,750mL,57,8.99,2024-12-31
26_KNIFE'S EDGE_35412,26,KNIFE'S EDGE,35412,Yellow Tail Chard Ausl,1.5L,45,8.95,2024-12-31
6_GOULCREST_36378,6,GOULCREST,36378,MezzaCorona Pnt Grigio,1.5L,19,10.99,2024-12-31
32_MOUNTMEND_37828,32,MOUNTMEND,37828,Yellow Tail Shiraz/Cab Ausl,1.5L,13,9.99,2024-12-31
38_GOULCREST_8628,38,GOULCREST,8628,Jadot Macon Villages Blanc,750mL,19,11.99,2024-12-31
8_ALNERWICK_6987,8,ALNERWICK,6987,Rosemount Shiraz/Cab Svgn,750mL,11,9.99,2024-12-31
29_AYLESBURY_35664,29,AYLESBURY,35664,Redwood Creek Cab Svgn Cal,1.5L,7,9.99,2024-12-31
7_STANMORE_16427,7,STANMORE,16427,Yellow Tail Sweet Red Roo,1.5L,9,9.99,2024-12-31
4_EANVERNESS_2644,4,EANVERNESS,2644,Chivas Regal 18-Yr Scotch,750mL,3,74.99,2024-12-31
37_PAETHSMOUTH_6933,37,PAETHSMOUTH,6933,Ch Ste Michelle Svgn Bl,750mL,20,8.99,2024-12-31
22_SHARNWICK_2581,22,SHARNWICK,2581,Ginskey Gin,750mL,5,49.99,2024-12-31
27_MOUNTMEND_34903,27,MOUNTMEND,34903,Smoking Loon Cab Svgn,750mL,43,6.79,2024-12-31
30_CULCHETH_24779,30,CULCHETH,24779,Straccali Chianti,1.5L,7,9.99,2024-12-31
5_SUTTON_1380,5,SUTTON,1380,Bulleit 95 Rye,1.75L,5,47.99,2024-12-31
35_HALIVAARA_3859,35,HALIVAARA,3859,Smirnoff 80 Proof,375mL,14,8.99,2024-12-31
10_HORNSEY_4244,10,HORNSEY,4244,Castillo Gold Rum,1.75L,59,9.99,2024-12-31
13_TARMSWORTH_3650,13,TARMSWORTH,3650,Patron Silver Tequila,750mL,23,48.99,2024-12-31
35_HALIVAARA_5694,35,HALIVAARA,5694,Ice Box Mudslide,1.75L,2,9.99,2024-12-31
19_WINTERVALE_16289,19,WINTERVALE,16289,Barefoot Bubbly Pink Moscato,750mL,25,6.95,2024-12-31
9_BLACKPOOL_3362,9,BLACKPOOL,3362,Poland Spring Gin,Liter,29,5.99,2024-12-31
10_HORNSEY_44266,10,HORNSEY,44266,Mommys Time Out Garganega/P,750mL,48,8.99,2024-12-31
28_LARNWICK_2062,28,LARNWICK,2062,Woodford Reserve Bourbon,1.75L,4,60.99,2024-12-31
25_CAERSHIRE_11970,25,CAERSHIRE,11970,Zaccagnini Montepulciano Rsv,750mL,13,14.99,2024-12-31
17_OLDHAM_8701,17,OLDHAM,8701,Sheffield Cream Sherry,1.5L,5,9.99,2024-12-31
21_BALERNO_5381,21,BALERNO,5381,E&J Peach Brandy,50mL,8,0.99,2024-12-31
23_ARBINGTON_3609,23,ARBINGTON,3609,Smirnoff Vanilla Vodka,50mL,130,0.99,2024-12-31
35_HALIVAARA_35442,35,HALIVAARA,35442,Borsao Tres Picos Garnacha,750mL,21,14.99,2024-12-31
31_HORNSEY_3420,31,HORNSEY,3420,New Amsterdam Coconut Vodka,750mL,7,10.99,2024-12-31
33_HORNSEY_16328,33,HORNSEY,16328,Black Box Chard,500mL,29,3.99,2024-12-31
30_CULCHETH_3915,30,CULCHETH,3915,Sauza Silver Tequila,750mL,7,12.99,2024-12-31
38_GOULCREST_26890,38,GOULCREST,26890,Davis Bynum River West Chard,750mL,40,12.99,2024-12-31
9_BLACKPOOL_46476,9,BLACKPOOL,46476,Tilia Malbec Mendoza,750mL,13,9.99,2024-12-31
27_MOUNTMEND_39691,27,MOUNTMEND,39691,Smith & Hook Lucia Cab Svgn,750mL,10,21.99,2024-12-31
6_GOULCREST_14240,6,GOULCREST,14240,Ninety+Cellars Lot 2 Svgn Bl,750mL,6,8.99,2024-12-31
9_BLACKPOOL_26818,9,BLACKPOOL,26818,Ravenswood Znfdl Napa,750mL,8,16.99,2024-12-31
28_LARNWICK_3766,28,LARNWICK,3766,Three Olives Grape Vodka,750mL,15,14.99,2024-12-31
10_HORNSEY_2231,10,HORNSEY,2231,Nikka Miyagikyo Single Malt,750mL,4,76.99,2024-12-31
1_HARDERSFIELD_8387,1,HARDERSFIELD,8387,Wild Turkey 101,750mL,35,23.99,2024-12-31
33_HORNSEY_6692,33,HORNSEY,6692,Jaboulet Cotes du Rhone Par,750mL,27,12.99,2024-12-31
37_PAETHSMOUTH_4226,37,PAETHSMOUTH,4226,Bacardi Superior Rum Trav,750mL,10,9.99,2024-12-31
15_WANBORNE_870,15,WANBORNE,870,Carpano Antica Formula,Liter,4,29.99,2024-12-31
40_BULLMAR_32908,40,BULLMAR,32908,Sterling Vintners Cltn Merlo,750mL,3,9.99,2024-12-31
19_WINTERVALE_6351,19,WINTERVALE,6351,Kendall Jackson Vntr RSV Cab,750mL,35,16.99,2024-12-31
10_HORNSEY_3253,10,HORNSEY,3253,Gilbeys London Dry,1.75L,33,11.99,2024-12-31
1_HARDERSFIELD_12123,1,HARDERSFIELD,12123,Barefoot Cellars Rsl,750mL,18,4.99,2024-12-31
3_HORNSEY_2658,3,HORNSEY,2658,Cutty Sark,750mL,5,15.99,2024-12-31
40_BULLMAR_6438,40,BULLMAR,6438,Beringer Classic Chenin Blan,750mL,16,6.99,2024-12-31
19_WINTERVALE_1801,19,WINTERVALE,1801,Jack Daniels Tennesse Fire,375mL,24,12.99,2024-12-31
10_HORNSEY_1244,10,HORNSEY,1244,Jack Daniels Winter Jack,750mL,0,15.99,2024-12-31
23_ARBINGTON_5430,23,ARBINGTON,5430,Grand Marnier Cuvee 1880,750mL,1,349.99,2024-12-31
35_HALIVAARA_6918,35,HALIVAARA,6918,Franzia Tap Cab Svgn,5L,9,17.99,2024-12-31
33_HORNSEY_24606,33,HORNSEY,24606,Fortant Cab Svgn,750mL,8,9.99,2024-12-31
28_LARNWICK_4089,28,LARNWICK,4089,Capt Morgan White,1.75L,5,20.99,2024-12-31
5_SUTTON_4480,5,SUTTON,4480,Appleton Special Gold Rum,750mL,14,12.99,2024-12-31
16_LUNDY_5921,16,LUNDY,5921,RumChata Liqueur,750mL,8,19.99,2024-12-31
33_HORNSEY_8654,33,HORNSEY,8654,M & R Sweet Vermouth,375mL,32,5.29,2024-12-31
30_CULCHETH_3967,30,CULCHETH,3967,Deep Eddy Ruby Red,750mL,27,15.99,2024-12-31
22_SHARNWICK_2226,22,SHARNWICK,2226,Jim Beam Devils Cut,1.75L,9,36.99,2024-12-31
8_ALNERWICK_5560,8,ALNERWICK,5560,Bacardi Mojito Cocktail,1.75L,10,18.99,2024-12-31
8_ALNERWICK_35464,8,ALNERWICK,35464,Stags Leap WC Artemis Cab,750mL,4,48.99,2024-12-31
10_HORNSEY_21426,10,HORNSEY,21426,Szigeti Gruner Velt Skt Brut,750mL,2,23.99,2024-12-31
14_BROMWICH_1758,14,BROMWICH,1758,Aberlour Glenlivet 12 Yr,750mL,4,41.99,2024-12-31
7_STANMORE_7872,7,STANMORE,7872,Piper Heidsieck Brut,750mL,16,44.99,2024-12-31
38_GOULCREST_29353,38,GOULCREST,29353,Elk Cove Pnt Nr Ore,750mL,11,27.99,2024-12-31
28_LARNWICK_19545,28,LARNWICK,19545,Darkhorse Red,750mL,9,7.99,2024-12-31
30_CULCHETH_17487,30,CULCHETH,17487,The Naked Grape Harvest Red,750mL,8,5.99,2024-12-31
36_LEWES_3085,36,LEWES,3085,Absolut Mini Bar 5/50mls,250mL,15,7.99,2024-12-31
4_EANVERNESS_1149,4,EANVERNESS,1149,Crown Royal Regal Apple,375mL,0,14.99,2024-12-31
35_HALIVAARA_30735,35,HALIVAARA,30735,Sonoma-Cutrer Cutrer V Chard,750mL,1,28.99,2024-12-31
20_BREDWARDINE_46023,20,BREDWARDINE,46023,Spellbound Petite Sirah Cal,750mL,14,13.99,2024-12-31
23_ARBINGTON_36371,23,ARBINGTON,36371,McWilliams Hanwood Shiraz,750mL,11,9.99,2024-12-31
2_ASHBORNE_1893,2,ASHBORNE,1893,Port Charlotte Scotch Barley,750mL,5,59.99,2024-12-31
12_LEESIDE_5368,12,LEESIDE,5368,Midori Melon Liqueur,750mL,11,21.99,2024-12-31
21_BALERNO_27351,21,BALERNO,27351,Almaden Chard Cal B/B,5L,7,15.99,2024-12-31
19_WINTERVALE_6824,19,WINTERVALE,6824,Kendall Jackson Pnt Nr Vtnr,750mL,48,14.99,2024-12-31
12_LEESIDE_28156,12,LEESIDE,28156,Sauvion Vouvray,750mL,7,13.99,2024-12-31
23_ARBINGTON_273,23,ARBINGTON,273,Sauza Extra Gold Tequila,1.75L,80,21.99,2024-12-31
32_MOUNTMEND_39411,32,MOUNTMEND,39411,Mirassou Chard Cntrl Coast,750mL,5,9.99,2024-12-31
22_SHARNWICK_10421,22,SHARNWICK,10421,Barefoot Moscato Cal,1.5L,12,10.99,2024-12-31
7_STANMORE_3693,7,STANMORE,3693,Smirnoff Ruby Red Grapefruit,750mL,12,10.99,2024-12-31
40_BULLMAR_2547,40,BULLMAR,2547,WhistlePig 10Yr Straight Rye,50mL,57,6.99,2024-12-31
20_BREDWARDINE_16843,20,BREDWARDINE,16843,Barefoot Cellars Red Moscato,750mL,2,4.99,2024-12-31
30_CULCHETH_44703,30,CULCHETH,44703,J Lohr Seven Rst Cv Cab Svgn,750mL,8,13.49,2024-12-31
30_CULCHETH_2810,30,CULCHETH,2810,Bib & Tucker Bourbon,750mL,8,55.99,2024-12-31
32_MOUNTMEND_19453,32,MOUNTMEND,19453,Wente Southern Hill Cab Svgn,750mL,10,13.99,2024-12-31
10_HORNSEY_21019,10,HORNSEY,21019,Black Box Pnt Nr,3L,17,18.99,2024-12-31
19_WINTERVALE_24493,19,WINTERVALE,24493,Buehler Cab Svgn Napa,750mL,12,26.99,2024-12-31
29_AYLESBURY_8033,29,AYLESBURY,8033,Jack Daniels No 7 Black,50mL,50,2.99,2024-12-31
22_SHARNWICK_5298,22,SHARNWICK,5298,Southern Comfort 100 Proof,750mL,10,16.99,2024-12-31
39_EASTHALLOW_15043,39,EASTHALLOW,15043,Cuvee Aurora Rose Sparkling,750mL,3,22.99,2024-12-31
7_STANMORE_24612,7,STANMORE,24612,Estancia Pnt Nr Monterey,750mL,6,13.99,2024-12-31
16_LUNDY_2645,16,LUNDY,2645,Chivas Regal,750mL,18,29.99,2024-12-31
37_PAETHSMOUTH_6855,37,PAETHSMOUTH,6855,Midnight Moon Apple Pie,750mL,4,19.99,2024-12-31
28_LARNWICK_6351,28,LARNWICK,6351,Kendall Jackson Vntr RSV Cab,750mL,6,16.99,2024-12-31
8_ALNERWICK_5337,8,ALNERWICK,5337,Drambuie,750mL,15,26.99,2024-12-31
6_GOULCREST_8064,6,GOULCREST,8064,Canadian Club,50mL,24,0.99,2024-12-31
11_CARDEND_5394,11,CARDEND,5394,Goldschlager Cinnamon Schnap,375mL,3,10.99,2024-12-31
39_EASTHALLOW_25544,39,EASTHALLOW,25544,Tilia Bonarda Mendoza,750mL,7,11.99,2024-12-31
18_FURNESS_6498,18,FURNESS,6498,Franzia Chablis Old World C,5L,7,17.99,2024-12-31
1_HARDERSFIELD_23886,1,HARDERSFIELD,23886,Cycles Gladiator Chard,750mL,10,11.99,2024-12-31
18_FURNESS_426,18,FURNESS,426,Crystal Head Vodka,50mL,39,7.99,2024-12-31
1_HARDERSFIELD_6975,1,HARDERSFIELD,6975,Jacobs Crk Chard,750mL,6,5.99,2024-12-31
23_ARBINGTON_8654,23,ARBINGTON,8654,M & R Sweet Vermouth,375mL,15,5.29,2024-12-31
12_LEESIDE_24805,12,LEESIDE,24805,Menage a Trois Silk Soft Red,750mL,33,10.99,2024-12-31
4_EANVERNESS_26403,4,EANVERNESS,26403,Mouton Cadet Ryder Cup Red B,750mL,32,9.99,2024-12-31
10_HORNSEY_7327,10,HORNSEY,7327,La Caravedo Puro Quebranta,750mL,14,26.99,2024-12-31
34_PITMERDEN_14383,34,PITMERDEN,14383,LaBelle Winery Granite Red,750mL,13,15.99,2024-12-31
13_TARMSWORTH_28888,13,TARMSWORTH,28888,Livingston Clrs Wh Znfdl Cal,3L,4,11.99,2024-12-31
30_CULCHETH_18868,30,CULCHETH,18868,Josh Cellars Merlot,750mL,14,13.99,2024-12-31
22_SHARNWICK_3834,22,SHARNWICK,3834,Skyy Vodka,750mL,15,12.99,2024-12-31
2_ASHBORNE_40053,2,ASHBORNE,40053,Campo Viejo Tempranillo,750mL,15,8.99,2024-12-31
37_PAETHSMOUTH_32969,37,PAETHSMOUTH,32969,Alice White Shiraz Ausl,1.5L,18,13.99,2024-12-31
5_SUTTON_6682,5,SUTTON,6682,R M Woodbridge Chard Cal,1.5L,17,8.99,2024-12-31
9_BLACKPOOL_4040,9,BLACKPOOL,4040,Clement Select Barrel Rhum,750mL,5,24.99,2024-12-31
38_GOULCREST_25162,38,GOULCREST,25162,D.des Senechaux CdP,750mL,5,49.99,2024-12-31
32_MOUNTMEND_8361,32,MOUNTMEND,8361,Carlo Rossi Chablis Calif,4L,7,14.99,2024-12-31
1_HARDERSFIELD_5877,1,HARDERSFIELD,5877,Ryans Irish Cream,50mL,145,0.99,2024-12-31
36_LEWES_6278,36,LEWES,6278,Sterling Svgn Bl,750mL,5,8.99,2024-12-31
30_CULCHETH_42881,30,CULCHETH,42881,La Bastarda Pnt Gr Sicily,750mL,38,8.99,2024-12-31
25_CAERSHIRE_8329,25,CAERSHIRE,8329,R Mondavi Chard Pvt Sel,750mL,14,8.99,2024-12-31
13_TARMSWORTH_8469,13,TARMSWORTH,8469,1800 Reposado Gold Tequila,750mL,12,22.99,2024-12-31
24_PALPERROTH_19748,24,PALPERROTH,19748,Clos du Bois Chard,1.5L,44,15.99,2024-12-31
35_HALIVAARA_21965,35,HALIVAARA,21965,Marques de Caceres Blanco Wh,750mL,33,7.99,2024-12-31
23_ARBINGTON_18758,23,ARBINGTON,18758,Mouton Cadet Sauvignon Blanc,750mL,13,12.99,2024-12-31
32_MOUNTMEND_664,32,MOUNTMEND,664,Ardbeg Uigeadail Scotch,750mL,4,73.99,2024-12-31
21_BALERNO_4359,21,BALERNO,4359,Mr Boston Light Rum,1.75L,10,9.99,2024-12-31
7_STANMORE_2862,7,STANMORE,2862,Pinch 15-Yr by Haig & Haig,750mL,14,36.99,2024-12-31
39_EASTHALLOW_2894,39,EASTHALLOW,2894,Scoresby Rare,1.75L,17,17.99,2024-12-31
12_LEESIDE_3483,12,LEESIDE,3483,Kru 82 Vodka,750mL,4,13.99,2024-12-31
31_HORNSEY_8822,31,HORNSEY,8822,Absolut 80 Proof,50mL,128,1.99,2024-12-31
7_STANMORE_26275,7,STANMORE,26275,Fathom Merlot 13,750mL,18,12.99,2024-12-31
16_LUNDY_3683,16,LUNDY,3683,Stolichnaya Ohranj,750mL,4,16.99,2024-12-31
2_ASHBORNE_29619,2,ASHBORNE,29619,Schmitt Sohne Auslese,750mL,7,15.99,2024-12-31
32_MOUNTMEND_8221,32,MOUNTMEND,8221,Grand Mayan Silver Agave,750mL,10,79.99,2024-12-31
10_HORNSEY_6861,10,HORNSEY,6861,Sutter Home Clsc Wh Znfdl,187mL 4 Pk,23,5.99,2024-12-31
8_ALNERWICK_7535,8,ALNERWICK,7535,Gekkeikan Sake,750mL,5,5.99,2024-12-31
20_BREDWARDINE_3278,20,BREDWARDINE,3278,Gordons London Dry,750mL,10,7.99,2024-12-31
28_LARNWICK_3487,28,LARNWICK,3487,Stolichnaya Blueberi,750mL,12,16.99,2024-12-31
14_BROMWICH_8985,14,BROMWICH,8985,J Roget Spumante,750mL,21,5.99,2024-12-31
21_BALERNO_1389,21,BALERNO,1389,Makers Mark,50mL,17,2.99,2024-12-31
2_ASHBORNE_40097,2,ASHBORNE,40097,Black Box Chard,3L,28,18.99,2024-12-31
7_STANMORE_3072,7,STANMORE,3072,Ciroc Peach Vodka,750mL,7,24.99,2024-12-31
27_MOUNTMEND_37311,27,MOUNTMEND,37311,Salmon Run NY Chard,750mL,15,11.99,2024-12-31
4_EANVERNESS_5109,4,EANVERNESS,5109,Dr McGillicuddy's Menth Trav,750mL,23,13.99,2024-12-31
6_GOULCREST_5403,6,GOULCREST,5403,Amaretto di Amore,750mL,11,9.99,2024-12-31
25_CAERSHIRE_1380,25,CAERSHIRE,1380,Bulleit 95 Rye,1.75L,19,47.99,2024-12-31
1_HARDERSFIELD_26066,1,HARDERSFIELD,26066,Bell'Agio Rosso Dolce,750mL,4,10.99,2024-12-31
30_CULCHETH_39146,30,CULCHETH,39146,Matua Svgn Bl Marlboro,750mL,13,10.99,2024-12-31
38_GOULCREST_10372,38,GOULCREST,10372,Hazlitt Red Cat Finger Lakes,750mL,0,7.99,2024-12-31
34_PITMERDEN_18609,34,PITMERDEN,18609,Hacienda Monasterio Crianza,750mL,19,49.99,2024-12-31
9_BLACKPOOL_20855,9,BLACKPOOL,20855,Cockburns Special RSV,750mL,3,12.99,2024-12-31
34_PITMERDEN_23039,34,PITMERDEN,23039,Trombetta Family Wines Pnt N,750mL,7,49.99,2024-12-31
13_TARMSWORTH_4278,13,TARMSWORTH,4278,Capt Morgan Parrot Bay Cocnt,750mL,8,11.99,2024-12-31
37_PAETHSMOUTH_42765,37,PAETHSMOUTH,42765,14 Hands Chard Wash,750mL,16,8.99,2024-12-31
17_OLDHAM_5060,17,OLDHAM,5060,Dr McGillicuddy's Butterscth,750mL,14,13.99,2024-12-31
8_ALNERWICK_17906,8,ALNERWICK,17906,Kim Crawford Chard Unoaked,750mL,9,14.99,2024-12-31
13_TARMSWORTH_6524,13,TARMSWORTH,6524,Rosemount Diamond Shiraz,750mL,14,6.99,2024-12-31
23_ARBINGTON_25210,23,ARBINGTON,25210,Siduri Pnt Nr Willamette Vy,750mL,5,19.99,2024-12-31
10_HORNSEY_31910,10,HORNSEY,31910,Luna di Luna Merlot/Cab Ca'M,750mL,12,9.99,2024-12-31
19_WINTERVALE_5330,19,WINTERVALE,5330,Kahlua White Russian RTD,1.75L,11,15.99,2024-12-31
14_BROMWICH_1348,14,BROMWICH,1348,Knob Creek Bourbon,375mL,11,16.99,2024-12-31
18_FURNESS_4502,18,FURNESS,4502,E & J XO Brandy,1.75L,8,21.99,2024-12-31
1_HARDERSFIELD_24291,1,HARDERSFIELD,24291,Dom Fond Croze La Croix Coq,750mL,3,17.99,2024-12-31
34_PITMERDEN_11397,34,PITMERDEN,11397,Buried Cane Chard,750mL,20,11.99,2024-12-31
15_WANBORNE_3498,15,WANBORNE,3498,Baileys Vanilla Cinnamon,750mL,15,19.99,2024-12-31
10_HORNSEY_1988,10,HORNSEY,1988,Hardy V.S. Cognac,750mL,6,29.99,2024-12-31
1_HARDERSFIELD_4702,1,HARDERSFIELD,4702,Metaxa Amphora,750mL,1,22.99,2024-12-31
38_GOULCREST_26219,38,GOULCREST,26219,Gloria Ferrer Carneros Chard,750mL,4,16.99,2024-12-31
34_PITMERDEN_27549,34,PITMERDEN,27549,Whitman Express Pnt Blanc,750mL,100,11.99,2024-12-31
38_GOULCREST_1860,38,GOULCREST,1860,Bruichladdich Islay Barley,750mL,5,64.99,2024-12-31
17_OLDHAM_2085,17,OLDHAM,2085,Jesse James America's Outlaw,750mL,10,13.99,2024-12-31
32_MOUNTMEND_43395,32,MOUNTMEND,43395,M Chiarlo Barolo Tortoniano,750mL,3,42.99,2024-12-31
10_HORNSEY_4309,10,HORNSEY,4309,Paul Masson Gr Amber VS,750mL,10,7.99,2024-12-31
27_MOUNTMEND_6396,27,MOUNTMEND,6396,Taylor Dry Sherry,1.5L,10,7.79,2024-12-31
27_MOUNTMEND_16180,27,MOUNTMEND,16180,Skinnygirl Sangria,750mL,9,10.99,2024-12-31
18_FURNESS_12220,18,FURNESS,12220,Angeline Pnt Nr,750mL,5,9.99,2024-12-31
8_ALNERWICK_17914,8,ALNERWICK,17914,Thorny Rose Red,750mL,13,10.99,2024-12-31
14_BROMWICH_1862,14,BROMWICH,1862,John Power Irish Whiskey,750mL,9,26.99,2024-12-31
38_GOULCREST_13620,38,GOULCREST,13620,Columbia Winery Cab Svgn,750mL,11,13.99,2024-12-31
11_CARDEND_40053,11,CARDEND,40053,Campo Viejo Tempranillo,750mL,22,8.99,2024-12-31
15_WANBORNE_2290,15,WANBORNE,2290,Jim Beam Devils Cut Bourbon,750mL,12,23.99,2024-12-31
30_CULCHETH_40051,30,CULCHETH,40051,Concannon Select Vyds Pnt Nr,750mL,11,7.99,2024-12-31
9_BLACKPOOL_44362,9,BLACKPOOL,44362,Cusumano Nero D'Avola Sicily,750mL,7,10.99,2024-12-31
25_CAERSHIRE_44145,25,CAERSHIRE,44145,Red Rock Merlot Cal,750mL,5,9.99,2024-12-31
38_GOULCREST_14250,38,GOULCREST,14250,Ruta 22 Malbec,750mL,18,11.99,2024-12-31
34_PITMERDEN_2834,34,PITMERDEN,2834,Old Smuggler P E T,1.75L,35,16.99,2024-12-31
22_SHARNWICK_8424,22,SHARNWICK,8424,1800 Coconut Tequila,750mL,15,22.99,2024-12-31
19_WINTERVALE_18951,19,WINTERVALE,18951,Caymus Conundrum Red,750mL,8,22.99,2024-12-31
31_HORNSEY_32675,31,HORNSEY,32675,Blackstone Cab Svgn Cal,750mL,15,7.99,2024-12-31
4_EANVERNESS_6269,4,EANVERNESS,6269,Sutter Home Cab Svgn,1.5L,24,9.99,2024-12-31
24_PALPERROTH_8296,24,PALPERROTH,8296,Knob Creek Smoked Maple,750mL,8,29.99,2024-12-31
23_ARBINGTON_2056,23,ARBINGTON,2056,Loch Lomond Original Scotch,750mL,6,31.99,2024-12-31
9_BLACKPOOL_6828,9,BLACKPOOL,6828,Santa Rita RSV Cab Svgn,750mL,4,9.99,2024-12-31
23_ARBINGTON_18860,23,ARBINGTON,18860,Barefoot Refresh Summer Red,750mL,5,5.99,2024-12-31
8_ALNERWICK_3980,8,ALNERWICK,3980,Hornitos Reposado Tequila,1.75L,14,34.99,2024-12-31
34_PITMERDEN_22659,34,PITMERDEN,22659,Iron Horse Wedding Cuvee,750mL,14,38.99,2024-12-31
18_FURNESS_26948,18,FURNESS,26948,Ferrari-Carano Chard,750mL,17,18.99,2024-12-31
38_GOULCREST_22569,38,GOULCREST,22569,Bota Box Svgn Bl,3L,16,17.99,2024-12-31
10_HORNSEY_14974,10,HORNSEY,14974,Mantane Primitivo Puglio,750mL,4,14.99,2024-12-31
27_MOUNTMEND_2975,27,MOUNTMEND,2975,Bird Dog Blackberry Whiskey,750mL,11,14.99,2024-12-31
23_ARBINGTON_26061,23,ARBINGTON,26061,Centonze Frappato Rosso Sici,750mL,11,12.99,2024-12-31
30_CULCHETH_2619,30,CULCHETH,2619,Glenmorangie Original 10 Yr,1.75L,5,64.99,2024-12-31
6_GOULCREST_3609,6,GOULCREST,3609,Smirnoff Vanilla Vodka,50mL,62,0.99,2024-12-31
4_EANVERNESS_24301,4,EANVERNESS,24301,Mija Sangria,750mL,6,9.99,2024-12-31
6_GOULCREST_3636,6,GOULCREST,3636,Dr McGillicuddy's Mentholmnt,375mL,8,7.49,2024-12-31
38_GOULCREST_27145,38,GOULCREST,27145,Schmitt Sohne QbA,750mL,14,9.99,2024-12-31
10_HORNSEY_43652,10,HORNSEY,43652,Barbera d'Alba Alessandria,750mL,11,21.99,2024-12-31
1_HARDERSFIELD_8259,1,HARDERSFIELD,8259,Hornitos Platas Silver,50mL,30,2.49,2024-12-31
18_FURNESS_5401,18,FURNESS,5401,Jagermeister Liqueur,200mL,31,4.99,2024-12-31
38_GOULCREST_4916,38,GOULCREST,4916,Mr Boston Coffee Brandy,1.75L,28,9.99,2024-12-31
37_PAETHSMOUTH_8462,37,PAETHSMOUTH,8462,Frangelico Hazelnut Liqueur,750mL,15,21.99,2024-12-31
32_MOUNTMEND_19821,32,MOUNTMEND,19821,Castello Chianti Classico,750mL,6,16.99,2024-12-31
1_HARDERSFIELD_11480,1,HARDERSFIELD,11480,Candia Vyds Noiret Vault RSV,750mL,17,14.99,2024-12-31
38_GOULCREST_8893,38,GOULCREST,8893,Yukon Jack,750mL,9,16.99,2024-12-31
4_EANVERNESS_7070,4,EANVERNESS,7070,Skinnygirl Margarita Wtrmn/L,750mL,4,10.99,2024-12-31
33_HORNSEY_23257,33,HORNSEY,23257,Jason Stephens Syrah,750mL,35,13.99,2024-12-31
4_EANVERNESS_19039,4,EANVERNESS,19039,The Path Pnt Nr,750mL,8,12.99,2024-12-31
15_WANBORNE_3731,15,WANBORNE,3731,Absolut Apeach,750mL,11,17.99,2024-12-31
34_PITMERDEN_3089,34,PITMERDEN,3089,Evan Williams Honey Reserve,750mL,8,13.99,2024-12-31
39_EASTHALLOW_39356,39,EASTHALLOW,39356,Bota Box Chard Cal,3L,5,17.99,2024-12-31
10_HORNSEY_3522,10,HORNSEY,3522,Platinum 7X Distilled Vodka,1.75L,348,12.99,2024-12-31
38_GOULCREST_20533,38,GOULCREST,20533,Bread & Butter Chard,750mL,55,12.99,2024-12-31
1_HARDERSFIELD_38898,1,HARDERSFIELD,38898,L Martini Cab Svgn Napa,750mL,16,29.99,2024-12-31
2_ASHBORNE_17186,2,ASHBORNE,17186,Columna Albarino,750mL,7,14.99,2024-12-31
6_GOULCREST_6357,6,GOULCREST,6357,Taylor Golden Sherry,3L,14,13.99,2024-12-31
35_HALIVAARA_35664,35,HALIVAARA,35664,Redwood Creek Cab Svgn Cal,1.5L,3,9.99,2024-12-31
5_SUTTON_31320,5,SUTTON,31320,La Vieille Ferme Rose Vntoux,750mL,14,6.99,2024-12-31
33_HORNSEY_2245,33,HORNSEY,2245,Duke Kentucky Bourbon,750mL,5,39.99,2024-12-31
4_EANVERNESS_8409,4,EANVERNESS,8409,Christian Bros Cream Sherry,1.5L,2,8.29,2024-12-31
18_FURNESS_36874,18,FURNESS,36874,Yellow Tail Merlot Ausl,750mL,13,7.99,2024-12-31
6_GOULCREST_831,6,GOULCREST,831,Bols Green Creme De Menthe,Liter,1,9.99,2024-12-31
13_TARMSWORTH_8442,13,TARMSWORTH,8442,1800 Silver Tequila,375mL,11,14.49,2024-12-31
25_CAERSHIRE_4303,25,CAERSHIRE,4303,Calico Jack Spiced Rum,750mL,14,7.99,2024-12-31
18_FURNESS_12111,18,FURNESS,12111,LaBelle Winery Cranberry,750mL,8,15.99,2024-12-31
30_CULCHETH_10626,30,CULCHETH,10626,MezzaCorona Pnt Nr,1.5L,11,10.99,2024-12-31
38_GOULCREST_8346,38,GOULCREST,8346,Marques de Riscal Rioja Red,750mL,19,14.99,2024-12-31
24_PALPERROTH_2954,24,PALPERROTH,2954,Highland Park 12 Yr Single,750mL,7,49.99,2024-12-31
16_LUNDY_31202,16,LUNDY,31202,Beringer Fndrs Est Chard,750mL,8,8.99,2024-12-31
1_HARDERSFIELD_15092,1,HARDERSFIELD,15092,Anne Amie Pnt Nr,750mL,12,22.99,2024-12-31
38_GOULCREST_32906,38,GOULCREST,32906,Sterling Vintners Cab Svgn C,750mL,70,9.99,2024-12-31
24_PALPERROTH_4762,24,PALPERROTH,4762,Hartley Brandy VS,750mL,17,6.99,2024-12-31
11_CARDEND_3107,11,CARDEND,3107,Don Julio 70th Anniversary,750mL,6,66.99,2024-12-31
22_SHARNWICK_38772,22,SHARNWICK,38772,Rob Stuart Big Fire Pnt Nr,750mL,13,16.99,2024-12-31
10_HORNSEY_16539,10,HORNSEY,16539,Catalpa Chard,750mL,6,14.99,2024-12-31
23_ARBINGTON_6547,23,ARBINGTON,6547,Walnut Crest Cab Svgn Rapel,1.5L,9,10.99,2024-12-31
32_MOUNTMEND_15291,32,MOUNTMEND,15291,Flip Flop Cab Svgn,750mL,9,4.99,2024-12-31
19_WINTERVALE_3799,19,WINTERVALE,3799,La Pinta Pomegranate Liqueur,750mL,6,34.99,2024-12-31
36_LEWES_8658,36,LEWES,8658,Absente 'Absinthe Refined',750mL,9,33.99,2024-12-31
19_WINTERVALE_44234,19,WINTERVALE,44234,A by Acacia Pnt Nr Cal,750mL,25,13.99,2024-12-31
13_TARMSWORTH_32368,13,TARMSWORTH,32368,Cavit Pinot Noir Delle Vene,1.5L,24,9.99,2024-12-31
1_HARDERSFIELD_2678,1,HARDERSFIELD,2678,Michter's Straight Rye,750mL,5,44.99,2024-12-31
22_SHARNWICK_3667,22,SHARNWICK,3667,Boru Original Irish Vodka,1.75L,8,17.99,2024-12-31
21_BALERNO_25036,21,BALERNO,25036,Albola Pinot Grigio,750mL,18,10.99,2024-12-31
15_WANBORNE_5706,15,WANBORNE,5706,Gr Marnier Raspberry Peach,750mL,64,27.99,2024-12-31
12_LEESIDE_4767,12,LEESIDE,4767,El Jimador Reposado Tequila,1.75L,6,25.99,2024-12-31
21_BALERNO_46299,21,BALERNO,46299,Grayson Cellars Znfdl Cntl C,750mL,15,9.99,2024-12-31
8_ALNERWICK_3798,8,ALNERWICK,3798,Ciroc Apple Vodka,750mL,9,24.99,2024-12-31
26_KNIFE'S EDGE_4437,26,KNIFE'S EDGE,4437,Mount Gay Eclipse,1.75L,31,31.99,2024-12-31
40_BULLMAR_8262,40,BULLMAR,8262,Metcalfe's Vermont Maple,750mL,8,21.99,2024-12-31
9_BLACKPOOL_35605,9,BLACKPOOL,35605,Castle Rock Paso Ro Cab Svgn,750mL,14,10.99,2024-12-31
21_BALERNO_8626,21,BALERNO,8626,Ezra Brooks,1.75L,41,15.99,2024-12-31
1_HARDERSFIELD_1093,1,HARDERSFIELD,1093,Old St Andrew 3 Mini Barrels,50mL 3 Pk,16,24.99,2024-12-31
38_GOULCREST_2676,38,GOULCREST,2676,Grand MacNish,1.75L,25,14.99,2024-12-31
10_HORNSEY_3437,10,HORNSEY,3437,Bombay Dry Gin,750mL,12,17.99,2024-12-31
32_MOUNTMEND_6096,32,MOUNTMEND,6096,Kinky Blue Liqueur,750mL,29,16.99,2024-12-31
6_GOULCREST_25709,6,GOULCREST,25709,Hallowed Ground Proprtry Red,750mL,39,15.99,2024-12-31
34_PITMERDEN_23197,34,PITMERDEN,23197,Yellow Tail Sangria Blanco,1.5L,5,9.99,2024-12-31
33_HORNSEY_11196,33,HORNSEY,11196,Angelini Pnt Grigio Veneto,750mL,43,9.99,2024-12-31
2_ASHBORNE_4222,2,ASHBORNE,4222,Bacardi Gold Rum,750mL,12,9.99,2024-12-31
15_WANBORNE_8897,15,WANBORNE,8897,Moet & Chandon Brut Imprl Ro,750mL,5,49.99,2024-12-31
23_ARBINGTON_16560,23,ARBINGTON,16560,Badenhorst Secateurs Chen Bl,750mL,10,14.99,2024-12-31
38_GOULCREST_26134,38,GOULCREST,26134,Clos du Bois Znfdl Sonoma,750mL,14,8.99,2024-12-31
35_HALIVAARA_5391,35,HALIVAARA,5391,Kamora Coffee,1.75L,16,15.99,2024-12-31
37_PAETHSMOUTH_1545,37,PAETHSMOUTH,1545,Gentleman Jack,750mL,7,28.99,2024-12-31
6_GOULCREST_26716,6,GOULCREST,26716,Arpa Brunello di Montalcino,750mL,1,31.99,2024-12-31
13_TARMSWORTH_37785,13,TARMSWORTH,37785,Lindemans Bin 40 Merlot,1.5L,5,11.99,2024-12-31
10_HORNSEY_2219,10,HORNSEY,2219,Crown Royal Vanilla,50mL,0,1.99,2024-12-31
17_OLDHAM_2412,17,OLDHAM,2412,JP Wiser's Rye,750mL,13,21.99,2024-12-31
10_HORNSEY_2656,10,HORNSEY,2656,Cutty Sark,1.75L,21,24.99,2024-12-31
15_WANBORNE_25984,15,WANBORNE,25984,C Y Toro Casa Diablo Svgn Bl,750mL,11,9.99,2024-12-31
39_EASTHALLOW_3054,39,EASTHALLOW,3054,Smirnoff Kissed Caramel,750mL,0,10.99,2024-12-31
15_WANBORNE_6368,15,WANBORNE,6368,Santa Rita 120 Merlot,750mL,16,5.99,2024-12-31
18_FURNESS_5391,18,FURNESS,5391,Kamora Coffee,1.75L,18,15.99,2024-12-31
34_PITMERDEN_3227,34,PITMERDEN,3227,Taaka Gin,1.75L,5,8.99,2024-12-31
33_HORNSEY_4197,33,HORNSEY,4197,Sailor Jerry Spiced Rum Trav,750mL,17,18.99,2024-12-31
38_GOULCREST_45599,38,GOULCREST,45599,Luigi Bosca RSV Cab Svgn,750mL,21,16.99,2024-12-31
9_BLACKPOOL_5298,9,BLACKPOOL,5298,Southern Comfort 100 Proof,750mL,12,16.99,2024-12-31
19_WINTERVALE_24673,19,WINTERVALE,24673,Bolla Pinot Grigio,1.5L,3,15.99,2024-12-31
4_EANVERNESS_661,4,EANVERNESS,661,Red Stag by Jim Beam,750mL,44,14.99,2024-12-31
38_GOULCREST_3921,38,GOULCREST,3921,Espolon Reposado Tequila,750mL,6,23.99,2024-12-31
17_OLDHAM_8693,17,OLDHAM,8693,Ezra Brooks,750mL,19,9.99,2024-12-31
38_GOULCREST_29077,38,GOULCREST,29077,Pine Ridge Chn Bl/Viognier,750mL,19,14.99,2024-12-31
27_MOUNTMEND_1663,27,MOUNTMEND,1663,Jim Beam Maple,50mL,0,0.99,2024-12-31
30_CULCHETH_2097,30,CULCHETH,2097,Ole Smoky Hunch Punch Lightn,750mL,4,17.99,2024-12-31
29_AYLESBURY_3728,29,AYLESBURY,3728,Absolut Citron,1.75L,6,24.99,2024-12-31
7_STANMORE_16806,7,STANMORE,16806,Apothic Winemakers White,750mL,13,7.99,2024-12-31
23_ARBINGTON_9140,23,ARBINGTON,9140,Caffo Vecchio Amaro del Capo,750mL,8,21.99,2024-12-31
8_ALNERWICK_3054,8,ALNERWICK,3054,Smirnoff Kissed Caramel,750mL,19,10.99,2024-12-31
34_PITMERDEN_1355,34,PITMERDEN,1355,Knob Creek Bourbon,50mL,28,3.99,2024-12-31
17_OLDHAM_2100,17,OLDHAM,2100,Canadian Regal,1.75L,13,9.99,2024-12-31
12_LEESIDE_1281,12,LEESIDE,1281,Benchmark Old #8 Bourbon,1.75L,27,17.99,2024-12-31
33_HORNSEY_8576,33,HORNSEY,8576,E & J Brandy VS,375mL,35,4.99,2024-12-31
8_ALNERWICK_39413,8,ALNERWICK,39413,Mirassou Pnt Nr Cntrl Coast,750mL,38,8.99,2024-12-31
23_ARBINGTON_2414,23,ARBINGTON,2414,Brooklyn Gin,750mL,6,37.99,2024-12-31
20_BREDWARDINE_5003,20,BREDWARDINE,5003,Brinley Shipwreck Coconut Cr,50mL,1,0.99,2024-12-31
8_ALNERWICK_42099,8,ALNERWICK,42099,Bota Box Pnt Grigio Cal,3L,7,17.99,2024-12-31
5_SUTTON_8793,5,SUTTON,8793,Fabrizia's Margarita RTD,1.75L,14,18.99,2024-12-31
35_HALIVAARA_4138,35,HALIVAARA,4138,Sea Hagg Amber Rum,750mL,0,27.99,2024-12-31
22_SHARNWICK_2237,22,SHARNWICK,2237,Edradour 10 Yr Single Malt,750mL,4,54.99,2024-12-31
19_WINTERVALE_1233,19,WINTERVALE,1233,Jack Daniels No 7 Black,1.75L,149,34.99,2024-12-31
39_EASTHALLOW_2628,39,EASTHALLOW,2628,Dewars Special RSV 12-Yr,750mL,4,29.99,2024-12-31
8_ALNERWICK_22010,8,ALNERWICK,22010,LiDestri Red Sangria,1.5L,3,8.99,2024-12-31
32_MOUNTMEND_4524,32,MOUNTMEND,4524,Smoky Quartz Granite Cst Rum,750mL,11,27.49,2024-12-31
39_EASTHALLOW_3352,39,EASTHALLOW,3352,Ciroc Coconut Vodka,750mL,4,24.99,2024-12-31
7_STANMORE_3999,7,STANMORE,3999,Hornitos Anejo Tequila,750mL,12,21.99,2024-12-31
10_HORNSEY_4390,10,HORNSEY,4390,Ron Zacapa 23 Yr Old Rum,750mL,5,42.99,2024-12-31
9_BLACKPOOL_44494,9,BLACKPOOL,44494,Smoking Loon Pnt Grigio Cal,750mL,45,6.79,2024-12-31
17_OLDHAM_3405,17,OLDHAM,3405,Tito's Handmade Vodka,1.75L,18,28.99,2024-12-31
38_GOULCREST_5780,38,GOULCREST,5780,Malibu Black,750mL,11,13.99,2024-12-31
15_WANBORNE_2534,15,WANBORNE,2534,The Dalmore 12Yr Single Malt,750mL,8,59.99,2024-12-31
27_MOUNTMEND_8761,27,MOUNTMEND,8761,Jose Cuervo Especial,375mL,6,10.99,2024-12-31
10_HORNSEY_9304,10,HORNSEY,9304,Arak Razzouk,750mL,7,21.99,2024-12-31
39_EASTHALLOW_3782,39,EASTHALLOW,3782,Grey Goose Le Citron Vodka,750mL,8,23.99,2024-12-31
32_MOUNTMEND_2468,32,MOUNTMEND,2468,Crown Royal Nrth Harvest Rye,750mL,50,27.99,2024-12-31
14_BROMWICH_5138,14,BROMWICH,5138,Fireball Cinnamon Whisky,750mL,62,13.99,2024-12-31
15_WANBORNE_42115,15,WANBORNE,42115,Jewell Towne Cab Svgn NH,750mL,9,22.49,2024-12-31
15_WANBORNE_14624,15,WANBORNE,14624,The Naked Grape Pnt Nr,750mL,7,5.99,2024-12-31
1_HARDERSFIELD_18787,1,HARDERSFIELD,18787,Rio Madre Rioja Graciano,750mL,17,11.99,2024-12-31
30_CULCHETH_2859,30,CULCHETH,2859,Bushmills Irish Honey,750mL,0,21.99,2024-12-31
31_HORNSEY_2623,31,HORNSEY,2623,Ballantines,1.75L,7,27.99,2024-12-31
8_ALNERWICK_34905,8,ALNERWICK,34905,Smoking Loon Merlot,750mL,9,6.79,2024-12-31
33_HORNSEY_6595,33,HORNSEY,6595,Bogle Merlot,750mL,99,7.99,2024-12-31
8_ALNERWICK_5491,8,ALNERWICK,5491,Rumpleminze,50mL,135,1.99,2024-12-31
34_PITMERDEN_13141,34,PITMERDEN,13141,Noble Vines 181 Merlot Lodi,750mL,24,9.99,2024-12-31
1_HARDERSFIELD_4246,1,HARDERSFIELD,4246,Bacardi Superior Rum,375mL,26,5.49,2024-12-31
7_STANMORE_17756,7,STANMORE,17756,Cline Cool Climate Pnt Nr,750mL,11,15.99,2024-12-31
38_GOULCREST_5365,38,GOULCREST,5365,Kahlua,750mL,214,18.99,2024-12-31
35_HALIVAARA_5539,35,HALIVAARA,5539,DeKuyper Hot Damn 100*,750mL,6,10.99,2024-12-31
1_HARDERSFIELD_2672,1,HARDERSFIELD,2672,Dewars White Label,50mL,58,2.29,2024-12-31
37_PAETHSMOUTH_2862,37,PAETHSMOUTH,2862,Pinch 15-Yr by Haig & Haig,750mL,5,36.99,2024-12-31
30_CULCHETH_7725,30,CULCHETH,7725,Great Western Brut,750mL,36,9.99,2024-12-31
11_CARDEND_26558,11,CARDEND,26558,King Est Pnt Nr Ore,750mL,7,26.99,2024-12-31
15_WANBORNE_3272,15,WANBORNE,3272,Sobieski Vodka,1.75L,33,17.99,2024-12-31
14_BROMWICH_8599,14,BROMWICH,8599,Jenkins Amaretto,750mL,10,5.99,2024-12-31
14_BROMWICH_8200,14,BROMWICH,8200,Chambord Liqueur de France,50mL,61,2.99,2024-12-31
15_WANBORNE_41713,15,WANBORNE,41713,Fish Eye Merlot,750mL,14,5.99,2024-12-31
37_PAETHSMOUTH_5780,37,PAETHSMOUTH,5780,Malibu Black,750mL,17,13.99,2024-12-31
22_SHARNWICK_33953,22,SHARNWICK,33953,L Bernard Cotes du Rhone,750mL,14,11.99,2024-12-31
10_HORNSEY_10727,10,HORNSEY,10727,Starborough Svgn Bl Marlboro,750mL,38,9.99,2024-12-31
38_GOULCREST_32479,38,GOULCREST,32479,Danzante Del Vnzi Pnt Grigio,750mL,79,10.99,2024-12-31
17_OLDHAM_8421,17,OLDHAM,8421,Beringer Classic Wh Znfdl,750mL,19,6.99,2024-12-31
25_CAERSHIRE_3344,25,CAERSHIRE,3344,Bombay Sapphire Gin,750mL,6,19.99,2024-12-31
30_CULCHETH_3409,30,CULCHETH,3409,Crystal Head Vodka,750mL,3,49.99,2024-12-31
36_LEWES_3452,36,LEWES,3452,Vanya Light Vodka,1.75L,10,6.99,2024-12-31
23_ARBINGTON_41759,23,ARBINGTON,41759,Blue Fish Pfalz Rsl,750mL,5,7.99,2024-12-31
39_EASTHALLOW_6565,39,EASTHALLOW,6565,Clos du Bois Cab Svgn N Cst,750mL,21,8.99,2024-12-31
5_SUTTON_3527,5,SUTTON,3527,Reyka Vodka,1.75L,3,29.99,2024-12-31
6_GOULCREST_35318,6,GOULCREST,35318,Jewell Towne Marechal Foch,750mL,8,11.49,2024-12-31
9_BLACKPOOL_1398,9,BLACKPOOL,1398,Blantons Sgl Barrel Bourbon,750mL,22,57.99,2024-12-31
16_LUNDY_8203,16,LUNDY,8203,Grand Marnier,50mL,119,2.99,2024-12-31
40_BULLMAR_28260,40,BULLMAR,28260,Nathanson Creek Chard,1.5L,4,7.99,2024-12-31
10_HORNSEY_24493,10,HORNSEY,24493,Buehler Cab Svgn Napa,750mL,41,26.99,2024-12-31
25_CAERSHIRE_8128,25,CAERSHIRE,8128,Espolon Anejo Tequila,750mL,4,34.99,2024-12-31
1_HARDERSFIELD_5748,1,HARDERSFIELD,5748,Trader Vics Chocolate Liquer,750mL,3,12.99,2024-12-31
2_ASHBORNE_7909,2,ASHBORNE,7909,DeLeon Reposado Tequila,750mL,5,39.99,2024-12-31
20_BREDWARDINE_1376,20,BREDWARDINE,1376,Jim Beam,1.75L,66,20.99,2024-12-31
27_MOUNTMEND_35464,27,MOUNTMEND,35464,Stags Leap WC Artemis Cab,750mL,16,48.99,2024-12-31
25_CAERSHIRE_4878,25,CAERSHIRE,4878,Allens Coffee Brandy,750mL,11,6.99,2024-12-31
14_BROMWICH_1886,14,BROMWICH,1886,Seagrams 7 Crown,750mL,16,10.99,2024-12-31
30_CULCHETH_5251,30,CULCHETH,5251,DeKuyper Buttershots Schnpps,50mL,59,0.99,2024-12-31
22_SHARNWICK_5191,22,SHARNWICK,5191,Fireball Cinnamon Whiskey,375mL,20,9.99,2024-12-31
24_PALPERROTH_31454,24,PALPERROTH,31454,Foxhorn SE Chard Australia,1.5L,14,6.99,2024-12-31
33_HORNSEY_23595,33,HORNSEY,23595,Almaden Burgundy B/B,5L,8,14.99,2024-12-31
14_BROMWICH_2909,14,BROMWICH,2909,Lot No 40 Canadian Rye,750mL,1,59.99,2024-12-31
3_HORNSEY_2465,3,HORNSEY,2465,Crown Royal Mini,50mL,46,2.99,2024-12-31
4_EANVERNESS_4226,4,EANVERNESS,4226,Bacardi Superior Rum Trav,750mL,35,9.99,2024-12-31
33_HORNSEY_24151,33,HORNSEY,24151,Mas Janeil Cotes Roussillon,750mL,46,10.99,2024-12-31
2_ASHBORNE_3944,2,ASHBORNE,3944,Gran Centenario Anejo,750mL,5,44.99,2024-12-31
21_BALERNO_4701,21,BALERNO,4701,Fabrizia Limoncello,750mL,7,16.99,2024-12-31
30_CULCHETH_4979,30,CULCHETH,4979,Patron Silver Tequila,Liter,16,69.99,2024-12-31
6_GOULCREST_37828,6,GOULCREST,37828,Yellow Tail Shiraz/Cab Ausl,1.5L,3,9.99,2024-12-31
4_EANVERNESS_3594,4,EANVERNESS,3594,Pinnacle Tropical Punch,50mL,109,0.99,2024-12-31
31_HORNSEY_8898,31,HORNSEY,8898,Yukon Jack,1.75L,12,25.99,2024-12-31
6_GOULCREST_2742,6,GOULCREST,2742,Aberfeldy 12 Yr Single Malt,750mL,3,44.99,2024-12-31
24_PALPERROTH_3390,24,PALPERROTH,3390,Cold River Blueberry Vodka,750mL,5,29.99,2024-12-31
26_KNIFE'S EDGE_4380,26,KNIFE'S EDGE,4380,Ron Virgin Heavy Bodied Rum,1.75L,13,13.99,2024-12-31
11_CARDEND_5228,11,CARDEND,5228,DeKuyper Wh Cr de Menthe,750mL,19,8.99,2024-12-31
9_BLACKPOOL_6115,9,BLACKPOOL,6115,Midnight Moon Raspberry,750mL,2,19.99,2024-12-31
28_LARNWICK_5219,28,LARNWICK,5219,Sambuca Romana Black,750mL,13,19.99,2024-12-31
39_EASTHALLOW_3486,39,EASTHALLOW,3486,Tanqueray,375mL,21,12.99,2024-12-31
19_WINTERVALE_5090,19,WINTERVALE,5090,El Charro Silver Tequila,750mL,4,12.99,2024-12-31
9_BLACKPOOL_5147,9,BLACKPOOL,5147,Pallini Limoncello Liqueur,375mL,5,11.99,2024-12-31
27_MOUNTMEND_4701,27,MOUNTMEND,4701,Fabrizia Limoncello,750mL,8,16.99,2024-12-31
1_HARDERSFIELD_16819,1,HARDERSFIELD,16819,H3 Horse Heaven Hills Cab Sv,750mL,7,11.99,2024-12-31
25_CAERSHIRE_3768,25,CAERSHIRE,3768,Jenkins Vodka,750mL,17,4.99,2024-12-31
11_CARDEND_39593,11,CARDEND,39593,Redwood Creek Pnt Nr Cal,1.5L,14,9.99,2024-12-31
36_LEWES_24310,36,LEWES,24310,Hi! Prosecco,750mL,1,7.99,2024-12-31
38_GOULCREST_30713,38,GOULCREST,30713,Ferrari-Carano Siena Sonoma,750mL,10,18.99,2024-12-31
38_GOULCREST_1382,38,GOULCREST,1382,Makers 46,750mL,1,37.99,2024-12-31
12_LEESIDE_8828,12,LEESIDE,8828,Lunazul Blanco Tequila,750mL,10,13.99,2024-12-31
33_HORNSEY_3982,33,HORNSEY,3982,Hornitos Reposado Tequila,750mL,76,20.99,2024-12-31
12_LEESIDE_15980,12,LEESIDE,15980,Moonlight Meadery Apple Pie,375mL,16,12.99,2024-12-31
37_PAETHSMOUTH_6682,37,PAETHSMOUTH,6682,R M Woodbridge Chard Cal,1.5L,24,8.99,2024-12-31
1_HARDERSFIELD_3568,1,HARDERSFIELD,3568,Pearl Cucumber Vodka,50mL,0,0.99,2024-12-31
17_OLDHAM_3961,17,OLDHAM,3961,Grey Goose La Poire Vodka,750mL,6,23.99,2024-12-31
19_WINTERVALE_782,19,WINTERVALE,782,Remy Martin 1738 Accord Ryl,750mL,4,46.99,2024-12-31
33_HORNSEY_25285,33,HORNSEY,25285,A Bichot St-Amour Champlette,750mL,18,18.99,2024-12-31
13_TARMSWORTH_5739,13,TARMSWORTH,5739,Malibu Rum,50mL,108,1.99,2024-12-31
34_PITMERDEN_2826,34,PITMERDEN,2826,Bowmore Small Batch Sngl Mlt,750mL,6,37.99,2024-12-31
15_WANBORNE_26166,15,WANBORNE,26166,Black Stallion Est Svgn B 15,750mL,12,14.99,2024-12-31
9_BLACKPOOL_37607,9,BLACKPOOL,37607,Hardys Shiraz Ausl,3L,3,19.99,2024-12-31
4_EANVERNESS_46021,4,EANVERNESS,46021,Spellbound Cab Svgn Cal,750mL,34,12.99,2024-12-31
33_HORNSEY_2932,33,HORNSEY,2932,Jameson Black Barrel,750mL,75,33.99,2024-12-31
23_ARBINGTON_3154,23,ARBINGTON,3154,New Amsterdam Peach Vodka,750mL,65,10.99,2024-12-31
29_AYLESBURY_3871,29,AYLESBURY,3871,Smirnoff Watermelon Vodka,750mL,9,12.99,2024-12-31
34_PITMERDEN_4798,34,PITMERDEN,4798,Sambuca Romana Liqueur,50mL,73,1.99,2024-12-31
21_BALERNO_14078,21,BALERNO,14078,Bota Box Malbec,3L,4,17.99,2024-12-31
1_HARDERSFIELD_33579,1,HARDERSFIELD,33579,Tommasi Valpo Clsc Supr Rafl,750mL,12,15.99,2024-12-31
22_SHARNWICK_8590,22,SHARNWICK,8590,Arrow Peppermint Schnapps,750mL,13,7.99,2024-12-31
32_MOUNTMEND_25704,32,MOUNTMEND,25704,Murphy-Goode Chard Sonoma,750mL,12,12.99,2024-12-31
29_AYLESBURY_3016,29,AYLESBURY,3016,Bombay Sapphire East Gin,750mL,12,19.99,2024-12-31
15_WANBORNE_45845,15,WANBORNE,45845,Joseph Carr Chard Napa,750mL,8,17.99,2024-12-31
1_HARDERSFIELD_1132,1,HARDERSFIELD,1132,Jack Daniels Honey & Fire Pk,375mL 2 Pk,17,25.99,2024-12-31
11_CARDEND_37071,11,CARDEND,37071,Caymus Conundrum White,750mL,12,22.99,2024-12-31
33_HORNSEY_32108,33,HORNSEY,32108,Erath Pnt Nr Oregon,750mL,31,15.99,2024-12-31
9_BLACKPOOL_592,9,BLACKPOOL,592,The Glenlivet Archive 21 Yr,750mL,5,189.99,2024-12-31
22_SHARNWICK_3650,22,SHARNWICK,3650,Patron Silver Tequila,750mL,23,48.99,2024-12-31
34_PITMERDEN_24331,34,PITMERDEN,24331,Ch Talbot St-Julien 12 GCC,750mL,2,60.99,2024-12-31
4_EANVERNESS_18951,4,EANVERNESS,18951,Caymus Conundrum Red,750mL,4,22.99,2024-12-31
2_ASHBORNE_32968,2,ASHBORNE,32968,Alice White Chard Ausl,1.5L,21,13.99,2024-12-31
23_ARBINGTON_5805,23,ARBINGTON,5805,Jose Cuervo Light Margaritas,1.75L,23,16.99,2024-12-31
15_WANBORNE_8123,15,WANBORNE,8123,Mouton Cadet Red Brdx,750mL,14,12.99,2024-12-31
10_HORNSEY_5463,10,HORNSEY,5463,Aguardiente Cristal Liqueur,750mL,13,12.99,2024-12-31
35_HALIVAARA_3607,35,HALIVAARA,3607,Smirnoff Citrus Vodka,50mL,122,0.99,2024-12-31
35_HALIVAARA_16327,35,HALIVAARA,16327,Black Box Merlot,500mL,6,3.99,2024-12-31
21_BALERNO_3595,21,BALERNO,3595,Smirnoff Blue 100 Proof,750mL,6,15.99,2024-12-31
6_GOULCREST_5318,6,GOULCREST,5318,Benedictine Liqueur Dom,750mL,11,28.99,2024-12-31
31_HORNSEY_4368,31,HORNSEY,4368,Capt Morgan Private Stock,1.75L,3,34.99,2024-12-31
38_GOULCREST_27196,38,GOULCREST,27196,Buena Vista Cab Svgn Sonoma,750mL,19,25.99,2024-12-31
33_HORNSEY_5378,33,HORNSEY,5378,Galliano L'Autentico Liqueur,750mL,11,25.99,2024-12-31
11_CARDEND_5058,11,CARDEND,5058,Capt Morgan Long Isl Tea RTD,1.75L,8,17.99,2024-12-31
21_BALERNO_3879,21,BALERNO,3879,Smirnoff 80 Proof Traveler,750mL,23,12.99,2024-12-31
19_WINTERVALE_860,19,WINTERVALE,860,Bols Orange Curacao,Liter,23,10.99,2024-12-31
7_STANMORE_4176,7,STANMORE,4176,Blackheart Spiced Rum,750mL,8,10.99,2024-12-31
40_BULLMAR_11825,40,BULLMAR,11825,Cupcake Cab Svgn,750mL,61,7.49,2024-12-31
10_HORNSEY_63,10,HORNSEY,63,Herradura Reposado Tequila,750mL,5,38.99,2024-12-31
1_HARDERSFIELD_2156,1,HARDERSFIELD,2156,(RI) 1,750mL,8,34.99,2024-12-31
23_ARBINGTON_1358,23,ARBINGTON,1358,Knob Creek Bourbon,1.75L,21,59.99,2024-12-31
6_GOULCREST_5219,6,GOULCREST,5219,Sambuca Romana Black,750mL,7,19.99,2024-12-31
38_GOULCREST_29169,38,GOULCREST,29169,Franzia Tap Merlot,5L,17,17.99,2024-12-31
32_MOUNTMEND_3444,32,MOUNTMEND,3444,Hornitos Plata Tequila,1.75L,23,34.99,2024-12-31
33_HORNSEY_41633,33,HORNSEY,41633,Prinz Salm Two Princes Nahe,750mL,13,13.99,2024-12-31
28_LARNWICK_3367,28,LARNWICK,3367,Pinnacle Pomegranate Vodka,750mL,15,10.99,2024-12-31
25_CAERSHIRE_25521,25,CAERSHIRE,25521,Z Alexander Brown Uncaged Pn,750mL,7,14.99,2024-12-31
7_STANMORE_14289,7,STANMORE,14289,Uppercut Cab Svgn,750mL,7,17.99,2024-12-31
22_SHARNWICK_3987,22,SHARNWICK,3987,Smirnoff Peppermint Twist,750mL,12,10.99,2024-12-31
18_FURNESS_5105,18,FURNESS,5105,Dr McGillicuddy's Mentholmnt,1.75L,14,19.99,2024-12-31
35_HALIVAARA_5440,35,HALIVAARA,5440,Jagermeister Liqueur,1.75L,71,31.99,2024-12-31
34_PITMERDEN_5676,34,PITMERDEN,5676,Kinky Liqueur,50mL,37,1.99,2024-12-31
6_GOULCREST_912,6,GOULCREST,912,Smirnoff Vanilla Vodka,Liter,4,14.49,2024-12-31
1_HARDERSFIELD_39087,1,HARDERSFIELD,39087,Corbett Canyon Pnt Grigio,3L,12,10.99,2024-12-31
34_PITMERDEN_25084,34,PITMERDEN,25084,Calera Ctrl Coast Pnt Nr,750mL,9,26.99,2024-12-31
35_HALIVAARA_6980,35,HALIVAARA,6980,Midnight Moon Blueberry,750mL,5,19.99,2024-12-31
19_WINTERVALE_27288,19,WINTERVALE,27288,Gemma di Luna Sprkl Moscato,750mL,0,11.99,2024-12-31
10_HORNSEY_4264,10,HORNSEY,4264,Capt Morgan Spiced Rum Trav,750mL,45,16.99,2024-12-31
23_ARBINGTON_35976,23,ARBINGTON,35976,Zeller Schwarze Rsl Valcknbg,750mL,5,9.99,2024-12-31
4_EANVERNESS_33039,4,EANVERNESS,33039,Beringer Fndrs Est Merlot,1.5L,5,18.99,2024-12-31
13_TARMSWORTH_2062,13,TARMSWORTH,2062,Woodford Reserve Bourbon,1.75L,0,60.99,2024-12-31
4_EANVERNESS_10472,4,EANVERNESS,10472,Clos du Bois Pnt Nr Cal,750mL,41,8.99,2024-12-31
1_HARDERSFIELD_3216,1,HARDERSFIELD,3216,Fleischmanns X Dry Gin,1.75L,17,9.99,2024-12-31
21_BALERNO_5643,21,BALERNO,5643,Flag Hill Blueberry Liqueur,375mL,2,14.99,2024-12-31
20_BREDWARDINE_6983,20,BREDWARDINE,6983,J Lohr Seven Oaks Cab Svgn,750mL,31,14.99,2024-12-31
1_HARDERSFIELD_23107,1,HARDERSFIELD,23107,Duckhorn Howell Mtn Cab Svgn,1.5L,2,169.99,2024-12-31
29_AYLESBURY_5403,29,AYLESBURY,5403,Amaretto di Amore,750mL,12,9.99,2024-12-31
8_ALNERWICK_14975,8,ALNERWICK,14975,Cavit Moscato,750mL,12,6.99,2024-12-31
31_HORNSEY_3054,31,HORNSEY,3054,Smirnoff Kissed Caramel,750mL,10,10.99,2024-12-31
32_MOUNTMEND_5342,32,MOUNTMEND,5342,Grand Marnier,750mL,21,27.99,2024-12-31
38_GOULCREST_22047,38,GOULCREST,22047,Woodwork Pnt Nr,750mL,22,9.99,2024-12-31
23_ARBINGTON_25808,23,ARBINGTON,25808,Edna Valley Chard,750mL,9,11.99,2024-12-31
34_PITMERDEN_6390,34,PITMERDEN,6390,Chamucos Blanco Tequila,750mL,2,33.99,2024-12-31
34_PITMERDEN_5253,34,PITMERDEN,5253,Kahlua Original Mudslide RTD,1.75L,3,15.99,2024-12-31
25_CAERSHIRE_4390,25,CAERSHIRE,4390,Ron Zacapa 23 Yr Old Rum,750mL,4,42.99,2024-12-31
37_PAETHSMOUTH_28681,37,PAETHSMOUTH,28681,F Coppola Rosso Bianco Rosso,750mL,6,10.99,2024-12-31
21_BALERNO_4979,21,BALERNO,4979,Patron Silver Tequila,Liter,13,69.99,2024-12-31
34_PITMERDEN_16877,34,PITMERDEN,16877,Ninety+Cellars Lot 53 Cab Sv,750mL,18,10.99,2024-12-31
30_CULCHETH_5315,30,CULCHETH,5315,B & B Liqueur Dom,750mL,12,24.99,2024-12-31
21_BALERNO_2665,21,BALERNO,2665,Dewars White Label,750mL,13,19.99,2024-12-31
34_PITMERDEN_694,34,PITMERDEN,694,Hiram Walker Creme de Cassis,Liter,4,8.29,2024-12-31
32_MOUNTMEND_3041,32,MOUNTMEND,3041,Zhenka Pink Lemonade Vodka,1.75L,5,8.99,2024-12-31
22_SHARNWICK_2854,22,SHARNWICK,2854,Talisker 10-Yr Single Malt,750mL,13,54.99,2024-12-31
23_ARBINGTON_29407,23,ARBINGTON,29407,Wild Horse CC Merlot,750mL,21,15.99,2024-12-31
22_SHARNWICK_4787,22,SHARNWICK,4787,Appleton Special Gold Rum,1.75L,10,19.99,2024-12-31
8_ALNERWICK_25522,8,ALNERWICK,25522,Sutter Home Clsc Cab Svgn,187mL 4 Pk,5,5.99,2024-12-31
21_BALERNO_3533,21,BALERNO,3533,Lidestri Pink Limoncello,750mL,12,18.99,2024-12-31
19_WINTERVALE_1365,19,WINTERVALE,1365,Stoli Mini Bar 5/50mLs Pack,50mL 5 Pk,1,7.99,2024-12-31
24_PALPERROTH_8442,24,PALPERROTH,8442,1800 Silver Tequila,375mL,3,14.49,2024-12-31
12_LEESIDE_21055,12,LEESIDE,21055,Sandeman Imperial 20-Yr Taw,750mL,3,39.99,2024-12-31
33_HORNSEY_3252,33,HORNSEY,3252,Smirnoff Sourced Cran Apple,750mL,4,9.49,2024-12-31
34_PITMERDEN_21352,34,PITMERDEN,21352,C Y Toro Don Melchr Cab Svgn,750mL,21,79.99,2024-12-31
10_HORNSEY_4197,10,HORNSEY,4197,Sailor Jerry Spiced Rum Trav,750mL,24,18.99,2024-12-31
39_EASTHALLOW_17175,39,EASTHALLOW,17175,Beringer Classic Cab Svgn,1.5L,12,7.99,2024-12-31
25_CAERSHIRE_25544,25,CAERSHIRE,25544,Tilia Bonarda Mendoza,750mL,11,11.99,2024-12-31
6_GOULCREST_14348,6,GOULCREST,14348,De Martino Carmenere Estate,750mL,9,11.99,2024-12-31
12_LEESIDE_3512,12,LEESIDE,3512,Pinnacle Vodka,1.75L,52,15.99,2024-12-31
17_OLDHAM_4195,17,OLDHAM,4195,Calico Jack Spiced Rum No 94,750mL,8,10.99,2024-12-31
23_ARBINGTON_2182,23,ARBINGTON,2182,McClelland Islay Single Mal,750mL,4,19.99,2024-12-31
34_PITMERDEN_24188,34,PITMERDEN,24188,St Francis Cab Svgn Sonoma,750mL,12,15.99,2024-12-31
23_ARBINGTON_42601,23,ARBINGTON,42601,3 Blind Moose Cab Svgn Cal,750mL,7,8.99,2024-12-31
16_LUNDY_1692,16,LUNDY,1692,Everclear 151,750mL,11,17.99,2024-12-31
2_ASHBORNE_7393,2,ASHBORNE,7393,99 Blackberries,750mL,8,11.99,2024-12-31
19_WINTERVALE_5254,19,WINTERVALE,5254,DeKuyper Buttershots Schnpps,750mL,9,10.99,2024-12-31
38_GOULCREST_23156,38,GOULCREST,23156,Bertani Amarone Valpolicell,750mL,9,99.99,2024-12-31
37_PAETHSMOUTH_8023,37,PAETHSMOUTH,8023,DeKuyper Triple Sec,750mL,10,4.49,2024-12-31
6_GOULCREST_2694,6,GOULCREST,2694,Glenmorangie LaSanta,750mL,6,49.99,2024-12-31
1_HARDERSFIELD_4898,1,HARDERSFIELD,4898,Mount Gay Extra Old Rum,750mL,8,39.99,2024-12-31
6_GOULCREST_42421,6,GOULCREST,42421,Firesteed Pnt Gris Ore,750mL,42,13.99,2024-12-31
21_BALERNO_39750,21,BALERNO,39750,Red Diamond Merlot Wash,750mL,60,8.99,2024-12-31
38_GOULCREST_18900,38,GOULCREST,18900,Anderra Cab Svgn,750mL,26,8.99,2024-12-31
2_ASHBORNE_22291,2,ASHBORNE,22291,Locations E Red Spanish,750mL,17,17.99,2024-12-31
38_GOULCREST_26732,38,GOULCREST,26732,Bonterra Cab Svgn Organic,750mL,73,12.99,2024-12-31
23_ARBINGTON_18134,23,ARBINGTON,18134,Joel Gott Grenache,750mL,6,13.99,2024-12-31
7_STANMORE_13663,7,STANMORE,13663,Duckhorn Decoy Znfdl Sonoma,750mL,53,19.99,2024-12-31
21_BALERNO_658,21,BALERNO,658,Allens Triple Sec,Liter,13,2.99,2024-12-31
29_AYLESBURY_14078,29,AYLESBURY,14078,Bota Box Malbec,3L,3,17.99,2024-12-31
21_BALERNO_3442,21,BALERNO,3442,Smirnoff Grape Vodka,750mL,0,12.99,2024-12-31
14_BROMWICH_38181,14,BROMWICH,38181,Rex Goliath Pnt Nr,750mL,13,5.99,2024-12-31
25_CAERSHIRE_17011,25,CAERSHIRE,17011,La Maialina Gertrude Red,750mL,23,13.99,2024-12-31
35_HALIVAARA_5195,35,HALIVAARA,5195,Jenkins Melon Liqueur,750mL,7,5.99,2024-12-31
15_WANBORNE_21129,15,WANBORNE,21129,St Supery Svgn Bl Napa,750mL,18,17.99,2024-12-31
1_HARDERSFIELD_8838,1,HARDERSFIELD,8838,Ch Ste Michelle Cab Svgn Col,750mL,41,12.99,2024-12-31
23_ARBINGTON_17748,23,ARBINGTON,17748,Black Box Pnt Grigio,500mL,8,3.99,2024-12-31
21_BALERNO_4181,21,BALERNO,4181,Calypso Spiced Rum,1.75L,10,10.99,2024-12-31
38_GOULCREST_5130,38,GOULCREST,5130,X Rated Fusion Liqueur,750mL,6,19.99,2024-12-31
15_WANBORNE_39750,15,WANBORNE,39750,Red Diamond Merlot Wash,750mL,40,8.99,2024-12-31
7_STANMORE_2954,7,STANMORE,2954,Highland Park 12 Yr Single,750mL,11,49.99,2024-12-31
15_WANBORNE_4229,15,WANBORNE,4229,Bacardi Black,1.75L,13,19.99,2024-12-31
13_TARMSWORTH_4410,13,TARMSWORTH,4410,Cruzan Mango Flavored Rum,750mL,11,9.99,2024-12-31
22_SHARNWICK_1239,22,SHARNWICK,1239,Booker's Bourbon,750mL,7,50.99,2024-12-31
7_STANMORE_8473,7,STANMORE,8473,1800 Silver Tequila,1.75L,5,41.99,2024-12-31
34_PITMERDEN_37083,34,PITMERDEN,37083,Jewell Towne Cayuga Wh NH,750mL,9,11.49,2024-12-31
16_LUNDY_2520,16,LUNDY,2520,The Macallan 12 Yr Old,750mL,16,54.99,2024-12-31
1_HARDERSFIELD_17041,1,HARDERSFIELD,17041,Sutter Home Pink Moscato,1.5L,8,9.99,2024-12-31
12_LEESIDE_2167,12,LEESIDE,2167,Old Beezer 10 Yr SB Bourbon,750mL,9,34.99,2024-12-31
21_BALERNO_2366,21,BALERNO,2366,Templeton Rye Whiskey,750mL,5,34.99,2024-12-31
34_PITMERDEN_22630,34,PITMERDEN,22630,Ryan Patrick Rsv Cab,750mL,10,29.99,2024-12-31
4_EANVERNESS_18641,4,EANVERNESS,18641,Yellow Tail Big Bold Red,1.5L,12,8.95,2024-12-31
9_BLACKPOOL_3139,9,BLACKPOOL,3139,Grey Goose Le Melon,750mL,7,23.99,2024-12-31
34_PITMERDEN_45526,34,PITMERDEN,45526,Natura Chard Casablanca,750mL,13,11.99,2024-12-31
1_HARDERSFIELD_7070,1,HARDERSFIELD,7070,Skinnygirl Margarita Wtrmn/L,750mL,13,10.99,2024-12-31
20_BREDWARDINE_6529,20,BREDWARDINE,6529,William Hill Est Cab Svgn Na,750mL,7,34.99,2024-12-31
13_TARMSWORTH_5315,13,TARMSWORTH,5315,B & B Liqueur Dom,750mL,6,24.99,2024-12-31
15_WANBORNE_19340,15,WANBORNE,19340,Cannonball Svgn Bl,750mL,19,13.99,2024-12-31
17_OLDHAM_5628,17,OLDHAM,5628,Baja Rosa Strawberry Liqueur,750mL,16,9.99,2024-12-31
4_EANVERNESS_9160,4,EANVERNESS,9160,Deep Eddy Peach Vodka,50mL,100,0.99,2024-12-31
34_PITMERDEN_33143,34,PITMERDEN,33143,Our Daily Red,750mL,14,8.99,2024-12-31
7_STANMORE_6670,7,STANMORE,6670,Pinnacle Pineapple Vodka,750mL,6,10.99,2024-12-31
10_HORNSEY_10415,10,HORNSEY,10415,Le Pive Rose Gris,750mL,8,14.99,2024-12-31
27_MOUNTMEND_8296,27,MOUNTMEND,8296,Knob Creek Smoked Maple,750mL,16,29.99,2024-12-31
35_HALIVAARA_32054,35,HALIVAARA,32054,Greg Norman Lmstn Cab/Merlot,750mL,9,9.99,2024-12-31
38_GOULCREST_4218,38,GOULCREST,4218,Sailor Jerry Spiced Navy Rum,750mL,92,16.99,2024-12-31
30_CULCHETH_2591,30,CULCHETH,2591,Cardhu Scotch,750mL,6,39.99,2024-12-31
34_PITMERDEN_16200,34,PITMERDEN,16200,Gramona Lustros Gr Rsva Cava,750mL,15,42.99,2024-12-31
14_BROMWICH_1737,14,BROMWICH,1737,Makers Mark,1.75L,28,49.99,2024-12-31
2_ASHBORNE_8200,2,ASHBORNE,8200,Chambord Liqueur de France,50mL,5,2.99,2024-12-31
33_HORNSEY_5075,33,HORNSEY,5075,Tuaca Italian Liqueur,750mL,0,21.99,2024-12-31
38_GOULCREST_1657,38,GOULCREST,1657,Dalwhinnie Distillers Edtion,750mL,10,69.99,2024-12-31
22_SHARNWICK_3726,22,SHARNWICK,3726,Gilbeys Vodka Traveler,750mL,24,4.99,2024-12-31
38_GOULCREST_3351,38,GOULCREST,3351,Pinnacle Whipped Vodka,1.75L,36,15.99,2024-12-31
4_EANVERNESS_2097,4,EANVERNESS,2097,Ole Smoky Hunch Punch Lightn,750mL,5,17.99,2024-12-31
31_HORNSEY_45822,31,HORNSEY,45822,Masciarelli Montepulciano,750mL,14,9.95,2024-12-31
5_SUTTON_4662,5,SUTTON,4662,Capt Morgan White Traveler,1.75L,0,19.99,2024-12-31
35_HALIVAARA_1465,35,HALIVAARA,1465,Woodford Rsv Bourbon,375mL,13,15.99,2024-12-31
9_BLACKPOOL_37786,9,BLACKPOOL,37786,Lindemans Bin 45 Cab Svgn,1.5L,27,11.99,2024-12-31
18_FURNESS_20357,18,FURNESS,20357,Apothic Dark,750mL,7,7.99,2024-12-31
7_STANMORE_8027,7,STANMORE,8027,Absolut Mandrin,50mL,25,1.99,2024-12-31
29_AYLESBURY_3568,29,AYLESBURY,3568,Pearl Cucumber Vodka,50mL,80,0.99,2024-12-31
32_MOUNTMEND_6109,32,MOUNTMEND,6109,Plymouth Sloe Gin,750mL,6,29.99,2024-12-31
1_HARDERSFIELD_4334,1,HARDERSFIELD,4334,Casa Noble Blanco Crystal,750mL,5,34.99,2024-12-31
9_BLACKPOOL_7269,9,BLACKPOOL,7269,Gallo Fairbanks Wh Port,1.5L,11,7.99,2024-12-31
8_ALNERWICK_3682,8,ALNERWICK,3682,Belvedere Vodka,750mL,20,22.99,2024-12-31
39_EASTHALLOW_46764,39,EASTHALLOW,46764,Clayhouse Adobe Red Paso Rbl,750mL,5,11.99,2024-12-31
2_ASHBORNE_10451,2,ASHBORNE,10451,Line 39 Cab Svgn Lake Cnty,750mL,14,9.99,2024-12-31
5_SUTTON_5810,5,SUTTON,5810,Cuervo Watermelon Margaritas,1.75L,5,16.99,2024-12-31
18_FURNESS_2757,18,FURNESS,2757,Johnnie Walker Red Label,1.75L,36,28.99,2024-12-31
27_MOUNTMEND_4390,27,MOUNTMEND,4390,Ron Zacapa 23 Yr Old Rum,750mL,7,42.99,2024-12-31
7_STANMORE_4932,7,STANMORE,4932,Arrow Ginger Brandy,750mL,8,7.99,2024-12-31
8_ALNERWICK_19270,8,ALNERWICK,19270,Veuve Clicquot Brut Yellow,375mL,21,24.99,2024-12-31
33_HORNSEY_8441,33,HORNSEY,8441,Baileys Irish Cream,375mL,42,12.99,2024-12-31
25_CAERSHIRE_4075,25,CAERSHIRE,4075,Bacardi Pineapple Fusion,1.75L,8,19.99,2024-12-31
15_WANBORNE_24953,15,WANBORNE,24953,Chloe Prosecco,750mL,32,10.99,2024-12-31
26_KNIFE'S EDGE_8761,26,KNIFE'S EDGE,8761,Jose Cuervo Especial,375mL,10,10.99,2024-12-31
29_AYLESBURY_8205,29,AYLESBURY,8205,Frangelico Hazelnut Liqueur,50mL,91,2.99,2024-12-31
17_OLDHAM_4385,17,OLDHAM,4385,Parrot Bay 90 Coconut Capt,1.75L,13,24.99,2024-12-31
23_ARBINGTON_4264,23,ARBINGTON,4264,Capt Morgan Spiced Rum Trav,750mL,47,16.99,2024-12-31
33_HORNSEY_24858,33,HORNSEY,24858,Ch Plaisance Cuvee Alix Roug,750mL,8,14.99,2024-12-31
21_BALERNO_4201,21,BALERNO,4201,Calico Jack Silver Rum,1.75L,6,12.99,2024-12-31
23_ARBINGTON_4198,23,ARBINGTON,4198,Sailor Jerry Spiced Navy Rum,1.75L,94,24.99,2024-12-31
24_PALPERROTH_14706,24,PALPERROTH,14706,Cupcake Prosecco,750mL,49,7.49,2024-12-31
21_BALERNO_46424,21,BALERNO,46424,Hob Nob Pnt Nr VDP D'Oc,750mL,10,9.99,2024-12-31
7_STANMORE_2655,7,STANMORE,2655,James Oliver Rye Whisky,750mL,6,29.99,2024-12-31
23_ARBINGTON_2085,23,ARBINGTON,2085,Jesse James America's Outlaw,750mL,14,13.99,2024-12-31
15_WANBORNE_37401,15,WANBORNE,37401,Excelsior S Afr Cab Svgn,750mL,26,8.99,2024-12-31
16_LUNDY_5801,16,LUNDY,5801,Dr McGillicuddy's Peppermint,50mL,2,0.99,2024-12-31
25_CAERSHIRE_5872,25,CAERSHIRE,5872,Godiva Chocolate Liqueur,50mL,16,2.99,2024-12-31
1_HARDERSFIELD_23974,1,HARDERSFIELD,23974,Catena RSV Chard,750mL,9,16.99,2024-12-31
9_BLACKPOOL_24188,9,BLACKPOOL,24188,St Francis Cab Svgn Sonoma,750mL,25,15.99,2024-12-31
36_LEWES_5042,36,LEWES,5042,Tequila Rose Liqueur,750mL,10,14.99,2024-12-31
21_BALERNO_1595,21,BALERNO,1595,Gentleman Jack,375mL,17,13.99,2024-12-31
22_SHARNWICK_5202,22,SHARNWICK,5202,Dr McGillicuddy's Vanilla,750mL,8,13.99,2024-12-31
23_ARBINGTON_4197,23,ARBINGTON,4197,Sailor Jerry Spiced Rum Trav,750mL,19,18.99,2024-12-31
23_ARBINGTON_3464,23,ARBINGTON,3464,UV Blue Raspberry Vodka,1.75L,4,17.99,2024-12-31
10_HORNSEY_32826,10,HORNSEY,32826,Rombauer Carneros Chard,750mL,66,32.95,2024-12-31
14_BROMWICH_7393,14,BROMWICH,7393,99 Blackberries,750mL,9,11.99,2024-12-31
25_CAERSHIRE_44859,25,CAERSHIRE,44859,Man Cab Svgn Western Cape,750mL,13,10.99,2024-12-31
23_ARBINGTON_5334,23,ARBINGTON,5334,Kahlua Especial,750mL,6,22.99,2024-12-31
2_ASHBORNE_4317,2,ASHBORNE,4317,Pyrat XO Reserve Rum,750mL,13,32.99,2024-12-31
22_SHARNWICK_17707,22,SHARNWICK,17707,Smoking Loon Steelbird Chard,750mL,14,6.79,2024-12-31
7_STANMORE_16179,7,STANMORE,16179,Perrier Jouet Blason Rose,750mL,2,49.99,2024-12-31
6_GOULCREST_7363,6,GOULCREST,7363,BeatBox Fruit Punch,5L,19,19.99,2024-12-31
15_WANBORNE_23712,15,WANBORNE,23712,Bell'Agio Chianti Flask,750mL,22,11.99,2024-12-31
6_GOULCREST_25723,6,GOULCREST,25723,Prophecy Pnt Nr,750mL,8,9.99,2024-12-31
4_EANVERNESS_32988,4,EANVERNESS,32988,Barefoot Cab Svgn Cal,750mL,9,4.99,2024-12-31
30_CULCHETH_3452,30,CULCHETH,3452,Vanya Light Vodka,1.75L,25,6.99,2024-12-31
30_CULCHETH_23650,30,CULCHETH,23650,Tom Gore Chardonnay CA,750mL,10,12.99,2024-12-31
6_GOULCREST_10051,6,GOULCREST,10051,Joseph Phelps Cab Svgn Napa,750mL,5,63.99,2024-12-31
5_SUTTON_24188,5,SUTTON,24188,St Francis Cab Svgn Sonoma,750mL,3,15.99,2024-12-31
10_HORNSEY_3924,10,HORNSEY,3924,Espolon Blanco Tequila,750mL,8,23.99,2024-12-31
16_LUNDY_8910,16,LUNDY,8910,Finlandia Vodka,50mL,44,0.99,2024-12-31
19_WINTERVALE_5124,19,WINTERVALE,5124,Cointreau Liqueur,1.75L,11,64.99,2024-12-31
8_ALNERWICK_3436,8,ALNERWICK,3436,Bombay Dry Gin,1.75L,40,24.99,2024-12-31
9_BLACKPOOL_3314,9,BLACKPOOL,3314,El Jimador Blanco Tequila,1.75L,24,25.99,2024-12-31
25_CAERSHIRE_25138,25,CAERSHIRE,25138,Terlatto & Chapoutier Shiraz,750mL,25,19.99,2024-12-31
8_ALNERWICK_6312,8,ALNERWICK,6312,Gallo Twin Valley Svgn Bl Ca,1.5L,10,9.99,2024-12-31
6_GOULCREST_41254,6,GOULCREST,41254,Ch St Jean Merlot Cal,750mL,63,11.99,2024-12-31
5_SUTTON_36511,5,SUTTON,36511,Yalumba Y Series Viognier,750mL,9,11.99,2024-12-31
12_LEESIDE_11333,12,LEESIDE,11333,Herzog Kosher Cab Svgn,750mL,10,13.99,2024-12-31
27_MOUNTMEND_44145,27,MOUNTMEND,44145,Red Rock Merlot Cal,750mL,13,9.99,2024-12-31
11_CARDEND_1867,11,CARDEND,1867,Jack Daniels Tennessee Honey,50mL,22,2.99,2024-12-31
7_STANMORE_8072,7,STANMORE,8072,Taittinger Brut La Francais,750mL,9,36.99,2024-12-31
39_EASTHALLOW_2834,39,EASTHALLOW,2834,Old Smuggler P E T,1.75L,28,16.99,2024-12-31
39_EASTHALLOW_4416,39,EASTHALLOW,4416,Cruzan Coconut Flavored Rum,750mL,2,9.99,2024-12-31
12_LEESIDE_7535,12,LEESIDE,7535,Gekkeikan Sake,750mL,13,5.99,2024-12-31
9_BLACKPOOL_5242,9,BLACKPOOL,5242,Cointreau Liqueur,750mL,13,29.99,2024-12-31
1_HARDERSFIELD_9092,1,HARDERSFIELD,9092,Junipero Gin,750mL,7,29.99,2024-12-31
12_LEESIDE_8623,12,LEESIDE,8623,Casamigos Anejo Tequila,50mL,45,2.99,2024-12-31
24_PALPERROTH_1358,24,PALPERROTH,1358,Knob Creek Bourbon,1.75L,12,59.99,2024-12-31
25_CAERSHIRE_37607,25,CAERSHIRE,37607,Hardys Shiraz Ausl,3L,6,19.99,2024-12-31
34_PITMERDEN_23495,34,PITMERDEN,23495,Ch Cantegril Sauternes 11,375mL,3,17.99,2024-12-31
24_PALPERROTH_4959,24,PALPERROTH,4959,Bacardi Tangerine,50mL,3,0.99,2024-12-31
37_PAETHSMOUTH_3591,37,PAETHSMOUTH,3591,Absolut Vanilia,750mL,6,17.99,2024-12-31
14_BROMWICH_3890,14,BROMWICH,3890,Absolut Peppar,750mL,15,17.99,2024-12-31
22_SHARNWICK_20731,22,SHARNWICK,20731,Villa Jolanda Strwby Moscato,750mL,0,9.99,2024-12-31
32_MOUNTMEND_1071,32,MOUNTMEND,1071,Straw Boys Vodka,750mL,60,19.99,2024-12-31
39_EASTHALLOW_2967,39,EASTHALLOW,2967,Glenfiddich Solera 15 Yr RSV,750mL,3,55.99,2024-12-31
37_PAETHSMOUTH_33578,37,PAETHSMOUTH,33578,Tommasi Pinot Grigio Le Ros,750mL,9,14.99,2024-12-31
23_ARBINGTON_3989,23,ARBINGTON,3989,Deep Eddy Lemon Vodka,750mL,92,15.99,2024-12-31
11_CARDEND_5342,11,CARDEND,5342,Grand Marnier,750mL,22,27.99,2024-12-31
21_BALERNO_4174,21,BALERNO,4174,Kraken Black Spiced Rum 94P,1.75L,32,28.99,2024-12-31
32_MOUNTMEND_10666,32,MOUNTMEND,10666,Clayhouse Adobe Cntrl Cst Wh,750mL,1,4.99,2024-12-31
15_WANBORNE_32108,15,WANBORNE,32108,Erath Pnt Nr Oregon,750mL,51,15.99,2024-12-31
38_GOULCREST_4181,38,GOULCREST,4181,Calypso Spiced Rum,1.75L,21,10.99,2024-12-31
21_BALERNO_273,21,BALERNO,273,Sauza Extra Gold Tequila,1.75L,49,21.99,2024-12-31
34_PITMERDEN_21233,34,PITMERDEN,21233,Cavicchioli Prosecco,750mL,0,11.99,2024-12-31
21_BALERNO_36771,21,BALERNO,36771,Yellow Tail Merlot Ausl,1.5L,74,8.95,2024-12-31
4_EANVERNESS_5185,4,EANVERNESS,5185,Irish Manor Irish Cream,1.75L,16,19.99,2024-12-31
23_ARBINGTON_34429,23,ARBINGTON,34429,Frei Bros RSV Mendcno Merlot,750mL,14,16.99,2024-12-31
30_CULCHETH_3412,30,CULCHETH,3412,Skyy Infusions Pineapple,750mL,2,12.99,2024-12-31
20_BREDWARDINE_35862,20,BREDWARDINE,35862,Allegrini Palazzo Della Tor,750mL,3,19.99,2024-12-31
14_BROMWICH_3764,14,BROMWICH,3764,Patron Reposado Tequila,375mL,11,26.99,2024-12-31
21_BALERNO_5185,21,BALERNO,5185,Irish Manor Irish Cream,1.75L,40,19.99,2024-12-31
12_LEESIDE_4722,12,LEESIDE,4722,Remy Martin VSOP Cognac,750mL,20,34.99,2024-12-31
32_MOUNTMEND_7931,32,MOUNTMEND,7931,Tooters Blu-D Kamikazi 15 Pk,375mL,0,8.99,2024-12-31
39_EASTHALLOW_35914,39,EASTHALLOW,35914,Stone Cellars Chard,1.5L,32,8.99,2024-12-31
25_CAERSHIRE_2957,25,CAERSHIRE,2957,Glenfarclas 12-Yr Scotch,750mL,4,35.99,2024-12-31
15_WANBORNE_3489,15,WANBORNE,3489,Tanqueray,1.75L,190,27.99,2024-12-31
33_HORNSEY_2890,33,HORNSEY,2890,Four Roses Bourbon,750mL,8,27.99,2024-12-31
38_GOULCREST_23692,38,GOULCREST,23692,R Mondavi Merlot Napa,750mL,19,19.99,2024-12-31
40_BULLMAR_4320,40,BULLMAR,4320,D'Usse VSOP Cognac,750mL,1,48.99,2024-12-31
20_BREDWARDINE_8473,20,BREDWARDINE,8473,1800 Silver Tequila,1.75L,16,41.99,2024-12-31
34_PITMERDEN_27700,34,PITMERDEN,27700,Chene Bleu Abelard,750mL,6,88.99,2024-12-31
32_MOUNTMEND_13154,32,MOUNTMEND,13154,Clayhouse Malbec Paso Robles,750mL,4,13.99,2024-12-31
37_PAETHSMOUTH_27802,37,PAETHSMOUTH,27802,Moet & Chandon Imperial,375mL,11,24.49,2024-12-31
22_SHARNWICK_13268,22,SHARNWICK,13268,Backhouse Chard,750mL,8,6.99,2024-12-31
38_GOULCREST_8627,38,GOULCREST,8627,Jadot Beaujolais Villages,750mL,21,7.98,2024-12-31
20_BREDWARDINE_25994,20,BREDWARDINE,25994,Rodney Strong Merlot Sonoma,750mL,8,13.95,2024-12-31
16_LUNDY_6824,16,LUNDY,6824,Kendall Jackson Pnt Nr Vtnr,750mL,41,14.99,2024-12-31
2_ASHBORNE_19126,2,ASHBORNE,19126,Delas Cotes du Rhone,750mL,12,12.99,2024-12-31
38_GOULCREST_20395,38,GOULCREST,20395,Antico Colle Rosso di Montep,750mL,23,9.99,2024-12-31
2_ASHBORNE_37923,2,ASHBORNE,37923,Five Rivers Cab Svgn,750mL,17,13.99,2024-12-31
21_BALERNO_41713,21,BALERNO,41713,Fish Eye Merlot,750mL,13,5.99,2024-12-31
33_HORNSEY_3580,33,HORNSEY,3580,Smirnoff Orange Vodka,750mL,13,12.99,2024-12-31
6_GOULCREST_4296,6,GOULCREST,4296,Ronrico Silver Rum,1.75L,10,12.99,2024-12-31
39_EASTHALLOW_8040,39,EASTHALLOW,8040,Bols Blue Curacao,750mL,16,7.99,2024-12-31
38_GOULCREST_26671,38,GOULCREST,26671,Catena Zapata 3pk 09-10-11 R,750mL 3 Pk,1,359.99,2024-12-31
1_HARDERSFIELD_3997,1,HARDERSFIELD,3997,Hornitos Plata Tequila,750mL,57,20.99,2024-12-31
24_PALPERROTH_35048,24,PALPERROTH,35048,Castell Del Remei Gotim Bru,750mL,10,13.99,2024-12-31
15_WANBORNE_9037,15,WANBORNE,9037,Prairie Organic Cucumber Vod,750mL,8,19.99,2024-12-31
2_ASHBORNE_33731,2,ASHBORNE,33731,Hopler Gruner Veltliner,750mL,16,12.99,2024-12-31
8_ALNERWICK_32263,8,ALNERWICK,32263,Lindemans Bin 65 Chard,1.5L,48,14.99,2024-12-31
6_GOULCREST_8828,6,GOULCREST,8828,Lunazul Blanco Tequila,750mL,3,13.99,2024-12-31
24_PALPERROTH_6266,24,PALPERROTH,6266,Gallo Fairbanks Sherry,1.5L,7,7.79,2024-12-31
10_HORNSEY_8120,10,HORNSEY,8120,Tribuno Sweet Vermouth,1.5L,5,8.99,2024-12-31
6_GOULCREST_1385,6,GOULCREST,1385,Makers Mark,750mL,59,24.99,2024-12-31
30_CULCHETH_1982,30,CULCHETH,1982,Herradura Silver Tequila,375mL,8,16.99,2024-12-31
10_HORNSEY_5399,10,HORNSEY,5399,Goldschlager Cinnamon Schna,50mL,27,1.99,2024-12-31
27_MOUNTMEND_11249,27,MOUNTMEND,11249,Joseph Carr Merlot Napa Vly,750mL,9,21.99,2024-12-31
23_ARBINGTON_5378,23,ARBINGTON,5378,Galliano L'Autentico Liqueur,750mL,25,25.99,2024-12-31
38_GOULCREST_27176,38,GOULCREST,27176,Peter Vella Delicious Red B/,5L,10,14.99,2024-12-31
32_MOUNTMEND_19948,32,MOUNTMEND,19948,Josh Cellars Pnt Nr,750mL,49,16.99,2024-12-31
19_WINTERVALE_2155,19,WINTERVALE,2155,McClelland Islay Single Malt,1.75L,2,35.99,2024-12-31
30_CULCHETH_5989,30,CULCHETH,5989,Tanteo Jalapeno Tequila,50mL,54,2.99,2024-12-31
15_WANBORNE_1125,15,WANBORNE,1125,Jack Daniels Equity VAP,750mL,6,26.99,2024-12-31
38_GOULCREST_8184,38,GOULCREST,8184,Kahlua,50mL,141,1.99,2024-12-31
6_GOULCREST_1760,6,GOULCREST,1760,William Grant Scotch,1.75L,4,24.99,2024-12-31
21_BALERNO_7320,21,BALERNO,7320,Malibu Rum Punch RTD,1.75L,4,17.99,2024-12-31
30_CULCHETH_38822,30,CULCHETH,38822,Castano Yecla Monastrell Red,750mL,13,11.99,2024-12-31
5_SUTTON_13931,5,SUTTON,13931,Ghost Pines Znfdl L Martini,750mL,12,16.99,2024-12-31
23_ARBINGTON_42255,23,ARBINGTON,42255,Ridge Three Valleys Sonoma,750mL,3,25.99,2024-12-31
33_HORNSEY_2521,33,HORNSEY,2521,Jameson Gold Rsv,750mL,3,94.99,2024-12-31
33_HORNSEY_22625,33,HORNSEY,22625,True Myth Cab,750mL,12,17.99,2024-12-31
21_BALERNO_20763,21,BALERNO,20763,Sassoregaule Maremma Toscana,750mL,12,14.99,2024-12-31
10_HORNSEY_8626,10,HORNSEY,8626,Ezra Brooks,1.75L,18,15.99,2024-12-31
8_ALNERWICK_4804,8,ALNERWICK,4804,Rhum Barbancourt RSV Special,750mL,4,17.99,2024-12-31
9_BLACKPOOL_8476,9,BLACKPOOL,8476,1800 Reposado Gold Tequila,375mL,2,14.49,2024-12-31
10_HORNSEY_11499,10,HORNSEY,11499,C Krug Cab Svgn,750mL,11,27.99,2024-12-31
23_ARBINGTON_45876,23,ARBINGTON,45876,Frei Bros RSV Svgn Bl RRV,750mL,3,15.99,2024-12-31
34_PITMERDEN_40213,34,PITMERDEN,40213,Gramona Gessami Penedes,750mL,24,16.99,2024-12-31
15_WANBORNE_2271,15,WANBORNE,2271,Jailers Tennessee Whiskey,750mL,5,24.99,2024-12-31
1_HARDERSFIELD_19989,1,HARDERSFIELD,19989,Querceto Sangiovese,750mL,0,6.99,2024-12-31
23_ARBINGTON_5111,23,ARBINGTON,5111,Dr McGillicuddy's Mentholmnt,50mL,135,0.99,2024-12-31
35_HALIVAARA_3834,35,HALIVAARA,3834,Skyy Vodka,750mL,22,12.99,2024-12-31
31_HORNSEY_3591,31,HORNSEY,3591,Absolut Vanilia,750mL,18,17.99,2024-12-31
36_LEWES_10372,36,LEWES,10372,Hazlitt Red Cat Finger Lakes,750mL,0,7.99,2024-12-31
20_BREDWARDINE_19215,20,BREDWARDINE,19215,Dom Vacheron Sancerre Blanc,750mL,12,27.99,2024-12-31
24_PALPERROTH_5805,24,PALPERROTH,5805,Jose Cuervo Light Margaritas,1.75L,8,16.99,2024-12-31
24_PALPERROTH_46096,24,PALPERROTH,46096,Yellow Tail Bubbles White,750mL,16,9.99,2024-12-31
7_STANMORE_126,7,STANMORE,126,Grey Goose Vodka,Liter,22,29.99,2024-12-31
32_MOUNTMEND_9145,32,MOUNTMEND,9145,Smirnoff Kissed Caramel,50mL,30,0.99,2024-12-31
22_SHARNWICK_10266,22,SHARNWICK,10266,Klinker Brick Old Vine Znfdl,750mL,6,15.99,2024-12-31
23_ARBINGTON_17296,23,ARBINGTON,17296,Monte Velho Tinto Alentejo R,750mL,9,10.99,2024-12-31
22_SHARNWICK_6854,22,SHARNWICK,6854,Carlo Rossi Burgundy Calif,4L,7,14.99,2024-12-31
1_HARDERSFIELD_3985,1,HARDERSFIELD,3985,Silo Cacao Vodka,750mL,12,29.99,2024-12-31
15_WANBORNE_5952,15,WANBORNE,5952,Jagermeister Liqueur,50mL,139,1.99,2024-12-31
24_PALPERROTH_5296,24,PALPERROTH,5296,Southern Comfort 100 Proof,1.75L,20,28.99,2024-12-31
19_WINTERVALE_11827,19,WINTERVALE,11827,Cupcake Merlot,750mL,30,7.49,2024-12-31
4_EANVERNESS_25383,4,EANVERNESS,25383,Von Winning Riesling Pfalz,750mL,10,18.99,2024-12-31
39_EASTHALLOW_4050,39,EASTHALLOW,4050,Bacardi Oakheart Spiced Rum,750mL,29,10.99,2024-12-31
19_WINTERVALE_36284,19,WINTERVALE,36284,Gruet Brut New Mexico,750mL,13,16.99,2024-12-31
10_HORNSEY_17324,10,HORNSEY,17324,Acrobat Rose Pnt Nr,750mL,12,13.99,2024-12-31
19_WINTERVALE_6569,19,WINTERVALE,6569,William Hill Est Chard Napa,750mL,16,19.99,2024-12-31
15_WANBORNE_10916,15,WANBORNE,10916,Piper Sonoma Bl de Bl Sonoma,750mL,17,13.99,2024-12-31
32_MOUNTMEND_4234,32,MOUNTMEND,4234,Bacardi Pineapple Fusion,750mL,40,9.99,2024-12-31
6_GOULCREST_38457,6,GOULCREST,38457,Smoking Loon Pnt Nr,750mL,47,6.79,2024-12-31
31_HORNSEY_15548,31,HORNSEY,15548,Seaglass Chard,750mL,6,8.99,2024-12-31
30_CULCHETH_27145,30,CULCHETH,27145,Schmitt Sohne QbA,750mL,9,9.99,2024-12-31
1_HARDERSFIELD_28856,1,HARDERSFIELD,28856,Seghesio Znfdl Sonoma,750mL,70,19.95,2024-12-31
18_FURNESS_3295,18,FURNESS,3295,Tito's Handmade Vodka,375mL,11,11.99,2024-12-31
14_BROMWICH_8744,14,BROMWICH,8744,Jadot Bourgogne Pinot Noir,750mL,6,17.99,2024-12-31
39_EASTHALLOW_5667,39,EASTHALLOW,5667,Skinnygirl Spicy Lime RTD,750mL,7,10.99,2024-12-31
4_EANVERNESS_2142,4,EANVERNESS,2142,Bird Dog Apple Whiskey,750mL,17,14.99,2024-12-31
10_HORNSEY_5395,10,HORNSEY,5395,Kahlua Chili Chocolate,750mL,7,18.99,2024-12-31
25_CAERSHIRE_6183,25,CAERSHIRE,6183,Clos du Bois Svgn Bl N Cst,750mL,7,8.99,2024-12-31
33_HORNSEY_3324,33,HORNSEY,3324,Milagro Silver Select Barrel,750mL,5,49.99,2024-12-31
4_EANVERNESS_25994,4,EANVERNESS,25994,Rodney Strong Merlot Sonoma,750mL,17,13.95,2024-12-31
21_BALERNO_13163,21,BALERNO,13163,Barefoot Bubbly Moscato,750mL,66,6.95,2024-12-31
14_BROMWICH_4563,14,BROMWICH,4563,Christian Bros Brandy,1.75L,8,18.99,2024-12-31
22_SHARNWICK_26821,22,SHARNWICK,26821,Estancia Merlot Central Cst,750mL,22,9.99,2024-12-31
38_GOULCREST_44337,38,GOULCREST,44337,Irony Cab Svgn,750mL,30,12.99,2024-12-31
3_HORNSEY_14381,3,HORNSEY,14381,LaBelle Winery Riesling,750mL,16,15.99,2024-12-31
30_CULCHETH_3798,30,CULCHETH,3798,Ciroc Apple Vodka,750mL,3,24.99,2024-12-31
11_CARDEND_21864,11,CARDEND,21864,Dom Carneros Brut,750mL,4,24.99,2024-12-31
15_WANBORNE_17967,15,WANBORNE,17967,Banfi Principessa Gavia Gav,750mL,23,15.99,2024-12-31
17_OLDHAM_6264,17,OLDHAM,6264,Cooks Extra Dry,750mL,11,6.99,2024-12-31
38_GOULCREST_3680,38,GOULCREST,3680,Stolichnaya Ohranj,1.75L,26,24.99,2024-12-31
23_ARBINGTON_4858,23,ARBINGTON,4858,Kraken Black Spiced Rum 94P,50mL,18,1.99,2024-12-31
34_PITMERDEN_28682,34,PITMERDEN,28682,F Coppola Rosso Bianco Pnt G,750mL,9,10.99,2024-12-31
11_CARDEND_46060,11,CARDEND,46060,Martin Codax Albarino,750mL,14,13.99,2024-12-31
16_LUNDY_4767,16,LUNDY,4767,El Jimador Reposado Tequila,1.75L,9,25.99,2024-12-31
15_WANBORNE_18875,15,WANBORNE,18875,Di Padrino Dry Vermouth,1.5L,8,7.99,2024-12-31
40_BULLMAR_2170,40,BULLMAR,2170,Woodford Reserve Bourbon,50mL,5,3.49,2024-12-31
30_CULCHETH_3423,30,CULCHETH,3423,Beefeater,1.75L,59,26.99,2024-12-31
30_CULCHETH_46734,30,CULCHETH,46734,Gnarly Head Cab Svgn Cal,750mL,6,9.99,2024-12-31
33_HORNSEY_21017,33,HORNSEY,21017,Estancia Monterey County GSM,750mL,7,19.99,2024-12-31
22_SHARNWICK_37828,22,SHARNWICK,37828,Yellow Tail Shiraz/Cab Ausl,1.5L,5,9.99,2024-12-31
16_LUNDY_3982,16,LUNDY,3982,Hornitos Reposado Tequila,750mL,6,20.99,2024-12-31
25_CAERSHIRE_34428,25,CAERSHIRE,34428,Frei Bros RSV Chard RRV,750mL,26,15.99,2024-12-31
27_MOUNTMEND_35412,27,MOUNTMEND,35412,Yellow Tail Chard Ausl,1.5L,66,8.95,2024-12-31
21_BALERNO_32084,21,BALERNO,32084,Heidsieck Brut Monopole Epe,750mL,37,26.99,2024-12-31
6_GOULCREST_5298,6,GOULCREST,5298,Southern Comfort 100 Proof,750mL,6,16.99,2024-12-31
2_ASHBORNE_3798,2,ASHBORNE,3798,Ciroc Apple Vodka,750mL,20,24.99,2024-12-31
2_ASHBORNE_2468,2,ASHBORNE,2468,Crown Royal Nrth Harvest Rye,750mL,4,27.99,2024-12-31
10_HORNSEY_8828,10,HORNSEY,8828,Lunazul Blanco Tequila,750mL,6,13.99,2024-12-31
13_TARMSWORTH_3316,13,TARMSWORTH,3316,Ciroc Peach Vodka,375mL,6,15.49,2024-12-31
34_PITMERDEN_3776,34,PITMERDEN,3776,Jose Cuervo Especial Silver,1.75L,170,26.99,2024-12-31
15_WANBORNE_2158,15,WANBORNE,2158,Sortilege Liqueur,375mL,10,19.99,2024-12-31
13_TARMSWORTH_8072,13,TARMSWORTH,8072,Taittinger Brut La Francais,750mL,7,36.99,2024-12-31
11_CARDEND_2468,11,CARDEND,2468,Crown Royal Nrth Harvest Rye,750mL,62,27.99,2024-12-31
2_ASHBORNE_1189,2,ASHBORNE,1189,Mad River 3 Pack Revolution,200mL 3 Pk,5,49.99,2024-12-31
24_PALPERROTH_5921,24,PALPERROTH,5921,RumChata Liqueur,750mL,5,19.99,2024-12-31
23_ARBINGTON_872,23,ARBINGTON,872,DeKuyper Cherry Brandy,Liter,5,9.99,2024-12-31
1_HARDERSFIELD_2973,1,HARDERSFIELD,2973,Eagle Rare Single Barrel Bo,750mL,8,27.99,2024-12-31
24_PALPERROTH_6946,24,PALPERROTH,6946,Rosemount Diamond Cab Svgn,750mL,13,8.99,2024-12-31
5_SUTTON_18107,5,SUTTON,18107,Barefoot Cellars Pink Moscat,750mL,7,4.99,2024-12-31
33_HORNSEY_46582,33,HORNSEY,46582,Grayson Cellars Pnt Nr Cntrl,750mL,12,12.99,2024-12-31
13_TARMSWORTH_4896,13,TARMSWORTH,4896,Hiram Walker Coffee Brandy,1.75L,5,17.99,2024-12-31
29_AYLESBURY_7956,29,AYLESBURY,7956,Bayou Satsuma Rum Liqueur,50mL,94,0.99,2024-12-31
13_TARMSWORTH_2117,13,TARMSWORTH,2117,Black Velvet Traveler,750mL,9,8.99,2024-12-31
36_LEWES_8780,36,LEWES,8780,Sandeman Fine Rich Madeira,750mL,3,15.99,2024-12-31
23_ARBINGTON_12505,23,ARBINGTON,12505,Angelini Pnt Nr Veneto,750mL,21,9.99,2024-12-31
34_PITMERDEN_753,34,PITMERDEN,753,LaBelle Winery Blueberry,750mL,11,19.99,2024-12-31
27_MOUNTMEND_14342,27,MOUNTMEND,14342,Cupcake Pnt Nr,750mL,7,7.49,2024-12-31
11_CARDEND_5124,11,CARDEND,5124,Cointreau Liqueur,1.75L,8,64.99,2024-12-31
26_KNIFE'S EDGE_6575,26,KNIFE'S EDGE,6575,Kendall Jackson RSV Svgn Bl,750mL,13,9.99,2024-12-31
2_ASHBORNE_4303,2,ASHBORNE,4303,Calico Jack Spiced Rum,750mL,11,7.99,2024-12-31
6_GOULCREST_7860,6,GOULCREST,7860,Sutter Home Wh Znfdl,750mL,11,5.99,2024-12-31
14_BROMWICH_1465,14,BROMWICH,1465,Woodford Rsv Bourbon,375mL,7,15.99,2024-12-31
9_BLACKPOOL_24310,9,BLACKPOOL,24310,Hi! Prosecco,750mL,0,7.99,2024-12-31
4_EANVERNESS_22509,4,EANVERNESS,22509,Alderbrook Pnt Nr RRV,750mL,10,17.99,2024-12-31
35_HALIVAARA_1921,35,HALIVAARA,1921,Glenfiddich Special Rsv 12,1.75L,10,65.99,2024-12-31
13_TARMSWORTH_2244,13,TARMSWORTH,2244,Crown Royal Vanilla,750mL,9,22.99,2024-12-31
9_BLACKPOOL_15892,9,BLACKPOOL,15892,Red Guitar Sangria,750mL,14,4.99,2024-12-31
30_CULCHETH_40055,30,CULCHETH,40055,Campo Viejo Gran RSV Rioja,750mL,4,16.99,2024-12-31
37_PAETHSMOUTH_40425,37,PAETHSMOUTH,40425,Mionetto Prosecco Brut,750mL,24,10.99,2024-12-31
23_ARBINGTON_5149,23,ARBINGTON,5149,Hpnotiq Liqueur,1.75L,4,34.99,2024-12-31
25_CAERSHIRE_6273,25,CAERSHIRE,6273,Vendange Wh Znfdl,1.5L,15,7.99,2024-12-31
38_GOULCREST_25866,38,GOULCREST,25866,Le Cirque Rouge,750mL,13,14.99,2024-12-31
17_OLDHAM_3326,17,OLDHAM,3326,Jenkins Gin,1.75L,15,9.49,2024-12-31
11_CARDEND_3591,11,CARDEND,3591,Absolut Vanilia,750mL,14,17.99,2024-12-31
16_LUNDY_6566,16,LUNDY,6566,Geyser Peak Chard,750mL,9,9.99,2024-12-31
38_GOULCREST_4130,38,GOULCREST,4130,Kraken Black Spiced Rum 94P,375mL,13,11.99,2024-12-31
19_WINTERVALE_976,19,WINTERVALE,976,McCormick Gold Label Bourbon,Liter,1,9.49,2024-12-31
31_HORNSEY_16261,31,HORNSEY,16261,The Dreaming Tree CC Chard,750mL,10,12.99,2024-12-31
39_EASTHALLOW_8203,39,EASTHALLOW,8203,Grand Marnier,50mL,25,2.99,2024-12-31
38_GOULCREST_1094,38,GOULCREST,1094,Four Roses Single Barrel Brb,750mL,10,41.99,2024-12-31
40_BULLMAR_8128,40,BULLMAR,8128,Espolon Anejo Tequila,750mL,3,34.99,2024-12-31
39_EASTHALLOW_5368,39,EASTHALLOW,5368,Midori Melon Liqueur,750mL,3,21.99,2024-12-31
38_GOULCREST_20205,38,GOULCREST,20205,Dibon Cava Rosado,750mL,8,13.99,2024-12-31
1_HARDERSFIELD_3781,1,HARDERSFIELD,3781,Three Olives Vanilla Vodka,750mL,21,11.99,2024-12-31
29_AYLESBURY_8264,29,AYLESBURY,8264,Ch Ste Michelle Rsl,750mL,27,8.99,2024-12-31
23_ARBINGTON_2870,23,ARBINGTON,2870,Ardbeg Dark Cove Giftbox,750mL,5,109.99,2024-12-31
39_EASTHALLOW_15393,39,EASTHALLOW,15393,Cupcake Pnt Grigio,750mL,63,7.49,2024-12-31
9_BLACKPOOL_27644,9,BLACKPOOL,27644,Cline Znfdl Cal,750mL,9,9.99,2024-12-31
7_STANMORE_32367,7,STANMORE,32367,Cavit Pinot Noir Delle Vene,750mL,10,6.99,2024-12-31
34_PITMERDEN_4265,34,PITMERDEN,4265,Capt Morgan Spiced Rum,375mL,32,10.99,2024-12-31
18_FURNESS_3826,18,FURNESS,3826,Skyy Vodka,1.75L,38,19.99,2024-12-31
38_GOULCREST_5188,38,GOULCREST,5188,Cointreau Noir Liqueur,750mL,11,31.99,2024-12-31
17_OLDHAM_3682,17,OLDHAM,3682,Belvedere Vodka,750mL,3,22.99,2024-12-31
15_WANBORNE_5826,15,WANBORNE,5826,DeKuyper Razzmatazz,750mL,19,8.99,2024-12-31
11_CARDEND_15094,11,CARDEND,15094,Butter Chard,750mL,56,14.99,2024-12-31
4_EANVERNESS_3581,4,EANVERNESS,3581,Pinnacle Citrus,50mL,181,0.99,2024-12-31
4_EANVERNESS_2715,4,EANVERNESS,2715,Teeling Single Grain Whiskey,750mL,8,49.99,2024-12-31
2_ASHBORNE_2951,2,ASHBORNE,2951,Old Bushmills,1.75L,8,37.99,2024-12-31
12_LEESIDE_8658,12,LEESIDE,8658,Absente 'Absinthe Refined',750mL,2,33.99,2024-12-31
26_KNIFE'S EDGE_34647,26,KNIFE'S EDGE,34647,Terrazas Alto Malbec Argn,750mL,4,8.49,2024-12-31
27_MOUNTMEND_29619,27,MOUNTMEND,29619,Schmitt Sohne Auslese,750mL,10,15.99,2024-12-31
32_MOUNTMEND_23474,32,MOUNTMEND,23474,Anew Rose,750mL,11,9.99,2024-12-31
35_HALIVAARA_3325,35,HALIVAARA,3325,Pinnacle Caramel Apple Vodka,750mL,2,10.99,2024-12-31
23_ARBINGTON_6651,23,ARBINGTON,6651,Rocca Delle Macie Chianti C,750mL,21,11.99,2024-12-31
21_BALERNO_19037,21,BALERNO,19037,Gunsight Rock Cab Svgn,750mL,8,17.99,2024-12-31
11_CARDEND_806,11,CARDEND,806,DeKuyper Peachtree Schnapps,Liter,6,12.99,2024-12-31
21_BALERNO_1094,21,BALERNO,1094,Four Roses Single Barrel Brb,750mL,4,41.99,2024-12-31
32_MOUNTMEND_20862,32,MOUNTMEND,20862,William Hill Est Cab Svgn NC,750mL,18,12.95,2024-12-31
18_FURNESS_23739,18,FURNESS,23739,Liberty School Cab Svgn,750mL,20,14.99,2024-12-31
38_GOULCREST_7996,38,GOULCREST,7996,Stock Italian Sweet Vermouth,750mL,23,5.49,2024-12-31
34_PITMERDEN_8275,34,PITMERDEN,8275,El Mayor Anejo Tequila,750mL,35,32.99,2024-12-31
21_BALERNO_19126,21,BALERNO,19126,Delas Cotes du Rhone,750mL,15,12.99,2024-12-31
27_MOUNTMEND_1276,27,MOUNTMEND,1276,Jack Daniels Single Barrel,50mL,33,4.99,2024-12-31
25_CAERSHIRE_35464,25,CAERSHIRE,35464,Stags Leap WC Artemis Cab,750mL,57,48.99,2024-12-31
22_SHARNWICK_8628,22,SHARNWICK,8628,Jadot Macon Villages Blanc,750mL,9,11.99,2024-12-31
35_HALIVAARA_3650,35,HALIVAARA,3650,Patron Silver Tequila,750mL,80,48.99,2024-12-31
9_BLACKPOOL_4932,9,BLACKPOOL,4932,Arrow Ginger Brandy,750mL,14,7.99,2024-12-31
17_OLDHAM_4438,17,OLDHAM,4438,Cruzan Black Cherry Rum,750mL,3,9.99,2024-12-31
7_STANMORE_24297,7,STANMORE,24297,Motto Cab Svgn Backbone,750mL,14,10.99,2024-12-31
14_BROMWICH_4007,14,BROMWICH,4007,Averna Amaro,750mL,7,29.99,2024-12-31
32_MOUNTMEND_5759,32,MOUNTMEND,5759,Malibu Tropical Banana Rum,750mL,39,12.99,2024-12-31
15_WANBORNE_1355,15,WANBORNE,1355,Knob Creek Bourbon,50mL,68,3.99,2024-12-31
37_PAETHSMOUTH_2117,37,PAETHSMOUTH,2117,Black Velvet Traveler,750mL,30,8.99,2024-12-31
38_GOULCREST_686,38,GOULCREST,686,Midnight Moon Cherry,750mL,10,19.99,2024-12-31
7_STANMORE_1515,7,STANMORE,1515,Old Overholt,750mL,5,14.99,2024-12-31
34_PITMERDEN_23386,34,PITMERDEN,23386,Dom Roux Bourgogne Pnt Nr,750mL,14,19.99,2024-12-31
23_ARBINGTON_40667,23,ARBINGTON,40667,Bolla Chianti,1.5L,3,15.99,2024-12-31
10_HORNSEY_4686,10,HORNSEY,4686,Courvoisier VS Cognac,1.75L,3,49.99,2024-12-31
36_LEWES_6896,36,LEWES,6896,Sterling Merlot,750mL,4,17.99,2024-12-31
15_WANBORNE_5356,15,WANBORNE,5356,Kahlua,375mL,33,9.99,2024-12-31
40_BULLMAR_3133,40,BULLMAR,3133,Svedka Strwbry Lemonad Vodka,750mL,9,10.99,2024-12-31
16_LUNDY_8504,16,LUNDY,8504,R M Woodbridge Cab Svgn Cal,1.5L,22,8.99,2024-12-31
19_WINTERVALE_178,19,WINTERVALE,178,W Turkey Russell's RSV 10 Yr,750mL,5,26.99,2024-12-31
27_MOUNTMEND_5396,27,MOUNTMEND,5396,Tia Maria Coffee Liqueur,750mL,14,16.99,2024-12-31
28_LARNWICK_4634,28,LARNWICK,4634,Gold Crown Wh Rum,1.75L,10,10.99,2024-12-31
32_MOUNTMEND_2740,32,MOUNTMEND,2740,GlenDronach 15 Yr Scotch,750mL,0,96.99,2024-12-31
38_GOULCREST_3847,38,GOULCREST,3847,Grey Goose Vodka,50mL,145,3.99,2024-12-31
22_SHARNWICK_8173,22,SHARNWICK,8173,Amarula Cream Liqueur,750mL,9,19.99,2024-12-31
40_BULLMAR_8421,40,BULLMAR,8421,Beringer Classic Wh Znfdl,750mL,42,6.99,2024-12-31
18_FURNESS_3766,18,FURNESS,3766,Three Olives Grape Vodka,750mL,6,14.99,2024-12-31
23_ARBINGTON_8627,23,ARBINGTON,8627,Jadot Beaujolais Villages,750mL,10,7.98,2024-12-31
15_WANBORNE_753,15,WANBORNE,753,LaBelle Winery Blueberry,750mL,15,19.99,2024-12-31
10_HORNSEY_753,10,HORNSEY,753,LaBelle Winery Blueberry,750mL,18,19.99,2024-12-31
38_GOULCREST_8048,38,GOULCREST,8048,Coole Swan Irish Cream,750mL,36,24.99,2024-12-31
26_KNIFE'S EDGE_5536,26,KNIFE'S EDGE,5536,St Brendans Irish Cream,50mL,63,1.49,2024-12-31
20_BREDWARDINE_37527,20,BREDWARDINE,37527,Redwood Creek Pnt Grigio,1.5L,7,9.99,2024-12-31
1_HARDERSFIELD_26442,1,HARDERSFIELD,26442,Fortant Heritage Lang Rouge,750mL,18,15.99,2024-12-31
34_PITMERDEN_24286,34,PITMERDEN,24286,Kendall Jackson Gr RSV Cab S,750mL,11,22.99,2024-12-31
4_EANVERNESS_3038,4,EANVERNESS,3038,Zhenka Raspberry Vodka,1.75L,15,8.99,2024-12-31
32_MOUNTMEND_3983,32,MOUNTMEND,3983,Wiggly Bridge Vodka,750mL,10,24.99,2024-12-31
6_GOULCREST_3878,6,GOULCREST,3878,Smirnoff 80 Proof,750mL,32,10.99,2024-12-31
34_PITMERDEN_2912,34,PITMERDEN,2912,Platte Valley KY Corn Whisky,750mL,10,16.99,2024-12-31
26_KNIFE'S EDGE_4438,26,KNIFE'S EDGE,4438,Cruzan Black Cherry Rum,750mL,13,9.99,2024-12-31
27_MOUNTMEND_16819,27,MOUNTMEND,16819,H3 Horse Heaven Hills Cab Sv,750mL,14,11.99,2024-12-31
34_PITMERDEN_19055,34,PITMERDEN,19055,Wolf Blass Yllw Lbl Cab Svgn,750mL,16,9.99,2024-12-31
32_MOUNTMEND_2648,32,MOUNTMEND,2648,Chivas Regal,375mL,10,15.99,2024-12-31
27_MOUNTMEND_41157,27,MOUNTMEND,41157,Phillips Sixth Sense Syrah,750mL,5,15.99,2024-12-31
2_ASHBORNE_14706,2,ASHBORNE,14706,Cupcake Prosecco,750mL,77,7.49,2024-12-31
22_SHARNWICK_8653,22,SHARNWICK,8653,M & R Extra Dry Vermouth,375mL,5,5.29,2024-12-31
18_FURNESS_32084,18,FURNESS,32084,Heidsieck Brut Monopole Epe,750mL,8,26.99,2024-12-31
1_HARDERSFIELD_1366,1,HARDERSFIELD,1366,Red Stag by Jim Beam,50mL,245,1.29,2024-12-31
32_MOUNTMEND_3643,32,MOUNTMEND,3643,Caldwells Vodka,1.75L,7,9.49,2024-12-31
11_CARDEND_15891,11,CARDEND,15891,Farnum Hill Dooryard Cider,750mL,0,11.99,2024-12-31
24_PALPERROTH_2226,24,PALPERROTH,2226,Jim Beam Devils Cut,1.75L,10,36.99,2024-12-31
34_PITMERDEN_20552,34,PITMERDEN,20552,Cafaggio Single Est Chianti,750mL,13,14.99,2024-12-31
7_STANMORE_2690,7,STANMORE,2690,Black Velvet Reserve,750mL,0,9.99,2024-12-31
15_WANBORNE_4527,15,WANBORNE,4527,Camus Grand VSOP Elegance,750mL,6,34.99,2024-12-31
40_BULLMAR_3409,40,BULLMAR,3409,Crystal Head Vodka,750mL,3,49.99,2024-12-31
1_HARDERSFIELD_6281,1,HARDERSFIELD,6281,Franzia Sunset Blush Tap,5L,7,12.99,2024-12-31
34_PITMERDEN_892,34,PITMERDEN,892,Uncle Val's Botanical Gin,750mL,16,34.99,2024-12-31
22_SHARNWICK_24953,22,SHARNWICK,24953,Chloe Prosecco,750mL,14,10.99,2024-12-31
21_BALERNO_13837,21,BALERNO,13837,C Y Toro Frontera Pnt Grigio,1.5L,10,10.99,2024-12-31
33_HORNSEY_43131,33,HORNSEY,43131,Carpano Antica Formula,375mL,3,14.99,2024-12-31
31_HORNSEY_23273,31,HORNSEY,23273,Apothic Crush,750mL,12,7.99,2024-12-31
25_CAERSHIRE_22344,25,CAERSHIRE,22344,Rioja Bordon Rsva Tempranllo,750mL,3,15.99,2024-12-31
21_BALERNO_14416,21,BALERNO,14416,J Lohr Falcons Perch Pnt Nr,750mL,10,13.99,2024-12-31
37_PAETHSMOUTH_2676,37,PAETHSMOUTH,2676,Grand MacNish,1.75L,20,14.99,2024-12-31
37_PAETHSMOUTH_1232,37,PAETHSMOUTH,1232,Jack Daniels No 7 Black,750mL,20,26.99,2024-12-31
12_LEESIDE_5298,12,LEESIDE,5298,Southern Comfort 100 Proof,750mL,10,16.99,2024-12-31
2_ASHBORNE_5640,2,ASHBORNE,5640,Metcalf's Blueberry Liqueur,375mL,17,16.99,2024-12-31
25_CAERSHIRE_27159,25,CAERSHIRE,27159,Ch du Moulin Entre-Deux-Mers,750mL,11,10.99,2024-12-31
1_HARDERSFIELD_2855,1,HARDERSFIELD,2855,Master's London Dry Gin,750mL,16,29.99,2024-12-31
2_ASHBORNE_8726,2,ASHBORNE,8726,Baileys Irish Cream,50mL,68,1.99,2024-12-31
29_AYLESBURY_42462,29,AYLESBURY,42462,Gnarly Head Old Vine Znfdl,750mL,15,9.99,2024-12-31
34_PITMERDEN_35606,34,PITMERDEN,35606,Castle Rock Chard Cntrl Cst,750mL,15,9.99,2024-12-31
15_WANBORNE_32679,15,WANBORNE,32679,Pepperwood Grove Merlot Cal,750mL,9,7.99,2024-12-31
34_PITMERDEN_23764,34,PITMERDEN,23764,Cashmore Black Opal Shiraz,750mL,0,7.99,2024-12-31
15_WANBORNE_2474,15,WANBORNE,2474,The Glenrothes Triple Pack,3/100mL,13,38.99,2024-12-31
19_WINTERVALE_3497,19,WINTERVALE,3497,Johnnie Walker Platinum,750mL,3,94.99,2024-12-31
17_OLDHAM_29212,17,OLDHAM,29212,R Mondavi Merlot Pvt Sel,750mL,14,8.99,2024-12-31
35_HALIVAARA_18027,35,HALIVAARA,18027,Banfi Rosa Regale,750mL,18,13.95,2024-12-31
25_CAERSHIRE_1386,25,CAERSHIRE,1386,George Dickel No 8 Bourbon,750mL,7,20.99,2024-12-31
15_WANBORNE_34850,15,WANBORNE,34850,Bargetto Chaucer's Hney Mead,750mL,17,12.99,2024-12-31
15_WANBORNE_24937,15,WANBORNE,24937,Walpole NH Winter Warmer,750mL,13,17.49,2024-12-31
23_ARBINGTON_39335,23,ARBINGTON,39335,Phillips Seven Deadly Znfdl,750mL,23,14.99,2024-12-31
36_LEWES_14342,36,LEWES,14342,Cupcake Pnt Nr,750mL,14,7.49,2024-12-31
38_GOULCREST_15355,38,GOULCREST,15355,Decoy Duckhorn Chard Sonoma,750mL,150,16.95,2024-12-31
6_GOULCREST_2787,6,GOULCREST,2787,Glenrothes Vintage Rsv,750mL,6,41.99,2024-12-31
23_ARBINGTON_6873,23,ARBINGTON,6873,Guigal Cotes du Rhone Red,750mL,4,14.99,2024-12-31
30_CULCHETH_2622,30,CULCHETH,2622,Dewars Scratch Cask Scotch,750mL,6,24.99,2024-12-31
34_PITMERDEN_34430,34,PITMERDEN,34430,Frei Bros RSV Pnt Nr RRV,750mL,11,20.99,2024-12-31
38_GOULCREST_39412,38,GOULCREST,39412,Mirassou Merlot Cal,750mL,17,9.99,2024-12-31
3_HORNSEY_4234,3,HORNSEY,4234,Bacardi Pineapple Fusion,750mL,8,9.99,2024-12-31
28_LARNWICK_3626,28,LARNWICK,3626,Sauza Extra Gold Tequila,750mL,8,12.99,2024-12-31
33_HORNSEY_38181,33,HORNSEY,38181,Rex Goliath Pnt Nr,750mL,13,5.99,2024-12-31
25_CAERSHIRE_6285,25,CAERSHIRE,6285,Gallo Twin Valley Wh Znfdl C,1.5L,12,9.99,2024-12-31
14_BROMWICH_46021,14,BROMWICH,46021,Spellbound Cab Svgn Cal,750mL,10,12.99,2024-12-31
7_STANMORE_3253,7,STANMORE,3253,Gilbeys London Dry,1.75L,47,11.99,2024-12-31
8_ALNERWICK_2646,8,ALNERWICK,2646,Chivas Regal,1.75L,18,54.99,2024-12-31
22_SHARNWICK_4679,22,SHARNWICK,4679,Courvoisier VS Cognac,375mL,15,11.99,2024-12-31
12_LEESIDE_8892,12,LEESIDE,8892,R Mondavi Cab Svgn Napa,750mL,11,26.99,2024-12-31
27_MOUNTMEND_8778,27,MOUNTMEND,8778,Bulleit Bourbon,1.75L,6,47.99,2024-12-31
38_GOULCREST_24170,38,GOULCREST,24170,Adelsheim Caitlins Rsv Chard,750mL,2,39.99,2024-12-31
23_ARBINGTON_1920,23,ARBINGTON,1920,Bowman Brothers Small Batch,750mL,3,29.99,2024-12-31
2_ASHBORNE_4294,2,ASHBORNE,4294,Goslings Black Seal 151,750mL,11,15.99,2024-12-31
4_EANVERNESS_5205,4,EANVERNESS,5205,Don Felix Plata Tequila,750mL,5,33.99,2024-12-31
23_ARBINGTON_46141,23,ARBINGTON,46141,Spy Valley Pnt Nr Marlboro,750mL,6,21.99,2024-12-31
15_WANBORNE_16165,15,WANBORNE,16165,Garnet Pnt Nr Monterey Cnty,750mL,13,16.99,2024-12-31
27_MOUNTMEND_7265,27,MOUNTMEND,7265,Taylor Fladgate LBV Port,750mL,10,15.99,2024-12-31
23_ARBINGTON_3662,23,ARBINGTON,3662,Three Olives Blueberry Vodka,750mL,16,10.99,2024-12-31
19_WINTERVALE_3409,19,WINTERVALE,3409,Crystal Head Vodka,750mL,7,49.99,2024-12-31
18_FURNESS_5031,18,FURNESS,5031,DeKuyper Peppermint Schnapp,1.75L,10,14.99,2024-12-31
9_BLACKPOOL_2992,9,BLACKPOOL,2992,Hudson Baby Bourbon Whiskey,750mL,3,49.99,2024-12-31
19_WINTERVALE_7254,19,WINTERVALE,7254,Cribari Marsala,750mL,10,7.99,2024-12-31
4_EANVERNESS_3635,4,EANVERNESS,3635,New Amsterdam 100* Vodka,750mL,11,12.99,2024-12-31
34_PITMERDEN_5661,34,PITMERDEN,5661,Dr McGillicuddy's Root Beer,750mL,36,13.99,2024-12-31
10_HORNSEY_497,10,HORNSEY,497,Capt Morgan Spiced Rum,Liter,63,19.99,2024-12-31
13_TARMSWORTH_2585,13,TARMSWORTH,2585,Jameson Irish Whiskey,750mL,53,25.99,2024-12-31
23_ARBINGTON_4628,23,ARBINGTON,4628,Martell Cordon Bleu,750mL,13,109.99,2024-12-31
21_BALERNO_3878,21,BALERNO,3878,Smirnoff 80 Proof,750mL,16,10.99,2024-12-31
15_WANBORNE_1875,15,WANBORNE,1875,Bushmills Black Bush,750mL,14,26.99,2024-12-31
30_CULCHETH_8808,30,CULCHETH,8808,Salignac VS Cognac,750mL,3,17.99,2024-12-31
15_WANBORNE_26827,15,WANBORNE,26827,Cavit Merlot Trentino,1.5L,3,9.99,2024-12-31
6_GOULCREST_23122,6,GOULCREST,23122,Innocenti Vignalsole Rosso,750mL,8,24.99,2024-12-31
37_PAETHSMOUTH_2508,37,PAETHSMOUTH,2508,Crown Royal No Harvest Rye,50mL,0,1.99,2024-12-31
33_HORNSEY_15620,33,HORNSEY,15620,C Y Toro Casillero Diab Malb,750mL,17,11.99,2024-12-31
34_PITMERDEN_27098,34,PITMERDEN,27098,Grattamacco Bolgheri Rosso,750mL,24,99.99,2024-12-31
23_ARBINGTON_2630,23,ARBINGTON,2630,Old Pulteney Single Malt Sc,750mL,4,37.99,2024-12-31
1_HARDERSFIELD_2984,1,HARDERSFIELD,2984,Diva Platinum Citrus Infused,750mL,7,27.99,2024-12-31
32_MOUNTMEND_27145,32,MOUNTMEND,27145,Schmitt Sohne QbA,750mL,12,9.99,2024-12-31
38_GOULCREST_10666,38,GOULCREST,10666,Clayhouse Adobe Cntrl Cst Wh,750mL,27,4.99,2024-12-31
10_HORNSEY_4413,10,HORNSEY,4413,Casamigos Blanco,50mL,24,1.99,2024-12-31
1_HARDERSFIELD_4524,1,HARDERSFIELD,4524,Smoky Quartz Granite Cst Rum,750mL,10,27.49,2024-12-31
11_CARDEND_2598,11,CARDEND,2598,Firefly Apple Pie Moonshine,750mL,12,16.99,2024-12-31
7_STANMORE_2158,7,STANMORE,2158,Sortilege Liqueur,375mL,8,19.99,2024-12-31
6_GOULCREST_6523,6,GOULCREST,6523,Franzia Burgundy Tap Red,5L,19,17.99,2024-12-31
19_WINTERVALE_800,19,WINTERVALE,800,Jameson Irish Whiskey,Liter,11,32.99,2024-12-31
10_HORNSEY_3436,10,HORNSEY,3436,Bombay Dry Gin,1.75L,33,24.99,2024-12-31
1_HARDERSFIELD_4256,1,HARDERSFIELD,4256,English Harbour Rum,750mL,9,24.99,2024-12-31
11_CARDEND_8232,11,CARDEND,8232,Riunite Lambrusco,1.5L,24,8.99,2024-12-31
40_BULLMAR_1734,40,BULLMAR,1734,Duggans Dew O Kirkintilloch,1.75L,4,22.99,2024-12-31
32_MOUNTMEND_4222,32,MOUNTMEND,4222,Bacardi Gold Rum,750mL,131,9.99,2024-12-31
26_KNIFE'S EDGE_1180,26,KNIFE'S EDGE,1180,Evan Williams Black Label B,1.75L,15,20.99,2024-12-31
15_WANBORNE_8189,15,WANBORNE,8189,Camarena Silver Tequila,1.75L,8,31.99,2024-12-31
23_ARBINGTON_7358,23,ARBINGTON,7358,Viniq Ruby Shimmery Liqueur,750mL,12,18.99,2024-12-31
9_BLACKPOOL_4145,9,BLACKPOOL,4145,Don Q Cristal Rum,1.75L,10,16.99,2024-12-31
16_LUNDY_38546,16,LUNDY,38546,Mark West Pnt Nr Sonoma,750mL,45,9.99,2024-12-31
5_SUTTON_3476,5,SUTTON,3476,Reyka Vodka,750mL,6,19.99,2024-12-31
21_BALERNO_35442,21,BALERNO,35442,Borsao Tres Picos Garnacha,750mL,97,14.99,2024-12-31
12_LEESIDE_890,12,LEESIDE,890,Sobieski Cytron Vodka,Liter,10,9.99,2024-12-31
21_BALERNO_7909,21,BALERNO,7909,DeLeon Reposado Tequila,750mL,7,39.99,2024-12-31
7_STANMORE_8962,7,STANMORE,8962,Pimms Cup No 1,750mL,10,17.99,2024-12-31
7_STANMORE_2695,7,STANMORE,2695,Rebel Yell Ginger Whiskey,750mL,6,11.99,2024-12-31
22_SHARNWICK_4416,22,SHARNWICK,4416,Cruzan Coconut Flavored Rum,750mL,9,9.99,2024-12-31
10_HORNSEY_26680,10,HORNSEY,26680,S A Prum Luminance Rsl Mosel,750mL,17,7.99,2024-12-31
23_ARBINGTON_19392,23,ARBINGTON,19392,Dom Virginie Thunevin Brdx,750mL,9,16.99,2024-12-31
34_PITMERDEN_14050,34,PITMERDEN,14050,Baileyana Firepeak Cve Chard,750mL,34,10.99,2024-12-31
18_FURNESS_5297,18,FURNESS,5297,Southern Comfort,750mL,6,13.99,2024-12-31
23_ARBINGTON_24662,23,ARBINGTON,24662,Silver Totem Cab Svgn,750mL,7,19.99,2024-12-31
22_SHARNWICK_15466,22,SHARNWICK,15466,Mirassou Moscato,750mL,6,9.99,2024-12-31
36_LEWES_4194,36,LEWES,4194,Calico Jack Coconut Rum,1.75L,8,12.99,2024-12-31
33_HORNSEY_19224,33,HORNSEY,19224,Miraval Cotes de Prvnce Rose,750mL,5,19.99,2024-12-31
27_MOUNTMEND_12213,27,MOUNTMEND,12213,Evodia Garnacha Old Vine,750mL,19,8.99,2024-12-31
32_MOUNTMEND_5233,32,MOUNTMEND,5233,Cointreau Liqueur,375mL,16,19.99,2024-12-31
40_BULLMAR_5708,40,BULLMAR,5708,Dr McGillicuddy's Root Beer,50mL,44,0.99,2024-12-31
6_GOULCREST_4447,6,GOULCREST,4447,Patron XO Cafe Dark Cocoa,750mL,8,25.99,2024-12-31
34_PITMERDEN_24288,34,PITMERDEN,24288,Olivier & Lafont Ventoux Bl,750mL,9,10.99,2024-12-31
7_STANMORE_6529,7,STANMORE,6529,William Hill Est Cab Svgn Na,750mL,5,34.99,2024-12-31
38_GOULCREST_38263,38,GOULCREST,38263,Orleans Hill Syrah Lodi,750mL,15,8.99,2024-12-31
15_WANBORNE_44107,15,WANBORNE,44107,Carmel Road Pnt Nr Monterey,750mL,38,15.99,2024-12-31
32_MOUNTMEND_8741,32,MOUNTMEND,8741,J Drouhin Chablis,750mL,15,24.99,2024-12-31
6_GOULCREST_31971,6,GOULCREST,31971,Trinchero Main St Cab Svgn,750mL,7,8.99,2024-12-31
24_PALPERROTH_3388,24,PALPERROTH,3388,Seagrams Extra Dry Gin,750mL,29,9.99,2024-12-31
35_HALIVAARA_1273,35,HALIVAARA,1273,Jim Beam Choice,1.75L,0,31.99,2024-12-31
37_PAETHSMOUTH_1348,37,PAETHSMOUTH,1348,Knob Creek Bourbon,375mL,4,16.99,2024-12-31
20_BREDWARDINE_35664,20,BREDWARDINE,35664,Redwood Creek Cab Svgn Cal,1.5L,27,9.99,2024-12-31
40_BULLMAR_4245,40,BULLMAR,4245,Bacardi Superior Rum,750mL,16,9.99,2024-12-31
34_PITMERDEN_24430,34,PITMERDEN,24430,Eden Ice Sprklng Cider Semi,375mL,4,9.79,2024-12-31
33_HORNSEY_1728,33,HORNSEY,1728,Aberlour 16 Year Old Single,750mL,7,59.99,2024-12-31
7_STANMORE_2518,7,STANMORE,2518,Woodford Reserve Double Oak,750mL,7,50.99,2024-12-31
26_KNIFE'S EDGE_13458,26,KNIFE'S EDGE,13458,Ch Ste Michelle Harvest Rsl,750mL,23,8.99,2024-12-31
10_HORNSEY_2591,10,HORNSEY,2591,Cardhu Scotch,750mL,5,39.99,2024-12-31
40_BULLMAR_25754,40,BULLMAR,25754,Barefoot Refresh Summer Whit,250mL 4 Pk,5,7.99,2024-12-31
34_PITMERDEN_10472,34,PITMERDEN,10472,Clos du Bois Pnt Nr Cal,750mL,73,8.99,2024-12-31
28_LARNWICK_3495,28,LARNWICK,3495,Ketel One Citroen Vodka,1.75L,8,38.99,2024-12-31
38_GOULCREST_19610,38,GOULCREST,19610,Ch Rieussec Gr Cru 10 Sauter,750mL,5,124.99,2024-12-31
39_EASTHALLOW_24096,39,EASTHALLOW,24096,Gallo Copperidge Chard Cal,1.5L,24,6.99,2024-12-31
37_PAETHSMOUTH_4979,37,PAETHSMOUTH,4979,Patron Silver Tequila,Liter,17,69.99,2024-12-31
11_CARDEND_5616,11,CARDEND,5616,Emmets Irish Cream,1.75L,7,19.99,2024-12-31
14_BROMWICH_5490,14,BROMWICH,5490,DeKuyper Hot Damn Cinnamon,50mL,59,0.99,2024-12-31
19_WINTERVALE_4278,19,WINTERVALE,4278,Capt Morgan Parrot Bay Cocnt,750mL,14,11.99,2024-12-31
19_WINTERVALE_4351,19,WINTERVALE,4351,Capt Morgan Black Spiced Rum,750mL,4,22.99,2024-12-31
34_PITMERDEN_5826,34,PITMERDEN,5826,DeKuyper Razzmatazz,750mL,13,8.99,2024-12-31
33_HORNSEY_261,33,HORNSEY,261,Svedka Citron Vodka,Liter,11,12.99,2024-12-31
35_HALIVAARA_1384,35,HALIVAARA,1384,Bulleit 95 Rye,750mL,27,25.99,2024-12-31
37_PAETHSMOUTH_15393,37,PAETHSMOUTH,15393,Cupcake Pnt Grigio,750mL,26,7.49,2024-12-31
15_WANBORNE_25808,15,WANBORNE,25808,Edna Valley Chard,750mL,18,11.99,2024-12-31
7_STANMORE_30602,7,STANMORE,30602,Zardetto Prosecco Conegliano,750mL,7,12.99,2024-12-31
7_STANMORE_26318,7,STANMORE,26318,House Wine Cab Svgn,3L,3,17.99,2024-12-31
16_LUNDY_37401,16,LUNDY,37401,Excelsior S Afr Cab Svgn,750mL,20,8.99,2024-12-31
33_HORNSEY_3857,33,HORNSEY,3857,Grey Goose Vodka,1.75L,54,49.99,2024-12-31
10_HORNSEY_3226,10,HORNSEY,3226,Ciroc Mango Vodka,375mL,13,11.99,2024-12-31
7_STANMORE_3784,7,STANMORE,3784,Margaritaville Gold Tequila,750mL,10,9.99,2024-12-31
34_PITMERDEN_31847,34,PITMERDEN,31847,Saintsbury Carneros Pnt Nr,750mL,10,32.99,2024-12-31
1_HARDERSFIELD_3736,1,HARDERSFIELD,3736,Smirnoff Cherry Vodka,750mL,11,10.99,2024-12-31
36_LEWES_45822,36,LEWES,45822,Masciarelli Montepulciano,750mL,14,9.95,2024-12-31
33_HORNSEY_27886,33,HORNSEY,27886,Roth Estate Pinot Noir,750mL,70,14.99,2024-12-31
7_STANMORE_1396,7,STANMORE,1396,Old Crow,1.75L,16,15.99,2024-12-31
19_WINTERVALE_21194,19,WINTERVALE,21194,Paul Hobbs Beckstoffer Cab S,750mL,3,425.99,2024-12-31
36_LEWES_3545,36,LEWES,3545,Ketel One Vodka,1.75L,65,29.99,2024-12-31
6_GOULCREST_2547,6,GOULCREST,2547,WhistlePig 10Yr Straight Rye,50mL,34,6.99,2024-12-31
4_EANVERNESS_1389,4,EANVERNESS,1389,Makers Mark,50mL,45,2.99,2024-12-31
1_HARDERSFIELD_2615,1,HARDERSFIELD,2615,Chivas Regal,50mL,14,3.49,2024-12-31
34_PITMERDEN_42124,34,PITMERDEN,42124,Pieropan Soave Clsc,750mL,9,19.99,2024-12-31
20_BREDWARDINE_13052,20,BREDWARDINE,13052,Ch Ste Michelle Gewurz Colum,750mL,7,8.49,2024-12-31
1_HARDERSFIELD_24301,1,HARDERSFIELD,24301,Mija Sangria,750mL,8,9.99,2024-12-31
24_PALPERROTH_3788,24,PALPERROTH,3788,Patron Silver Tequila,375mL,23,25.99,2024-12-31
37_PAETHSMOUTH_37433,37,PAETHSMOUTH,37433,C Y Toro Casillero Carmenere,750mL,16,9.99,2024-12-31
5_SUTTON_6553,5,SUTTON,6553,Harveys Bristol Cream Sherry,750mL,10,13.99,2024-12-31
11_CARDEND_39384,11,CARDEND,39384,F Coppola Diamond Pnt Nr,750mL,23,16.99,2024-12-31
8_ALNERWICK_8370,8,ALNERWICK,8370,Chi Chi's Margarita,1.75L,15,8.99,2024-12-31
39_EASTHALLOW_7985,39,EASTHALLOW,7985,Noilly Prat Extra Dry Vermou,Liter,14,9.99,2024-12-31
9_BLACKPOOL_1545,9,BLACKPOOL,1545,Gentleman Jack,750mL,39,28.99,2024-12-31
9_BLACKPOOL_3348,9,BLACKPOOL,3348,Bombay Sapphire Gin,1.75L,47,29.99,2024-12-31
19_WINTERVALE_24907,19,WINTERVALE,24907,Bogle Old Vine Znfdl Cal,750mL,16,10.99,2024-12-31
23_ARBINGTON_36625,23,ARBINGTON,36625,Talbott Logan Slpy Hl Pnt Nr,750mL,6,21.99,2024-12-31
11_CARDEND_3148,11,CARDEND,3148,Ciroc Mango Vodka,1.75L,8,48.99,2024-12-31
34_PITMERDEN_22433,34,PITMERDEN,22433,Dom Prieur Meurslt Mazray 13,750mL,0,75.99,2024-12-31
7_STANMORE_2639,7,STANMORE,2639,Bowmore Darkest Islay 15 Yr,750mL,17,71.99,2024-12-31
3_HORNSEY_5138,3,HORNSEY,5138,Fireball Cinnamon Whisky,750mL,24,13.99,2024-12-31
25_CAERSHIRE_11640,25,CAERSHIRE,11640,F Coppola Emerald Pnt Grigio,750mL,6,13.99,2024-12-31
6_GOULCREST_3457,6,GOULCREST,3457,Olmeca Altos Plata Tequila,1.75L,1,34.99,2024-12-31
32_MOUNTMEND_31172,32,MOUNTMEND,31172,Luna di Luna Chard/Pnt Grig,1.5L,6,16.99,2024-12-31
13_TARMSWORTH_41714,13,TARMSWORTH,41714,Fish Eye Pnt Grigio,750mL,4,5.99,2024-12-31
5_SUTTON_5242,5,SUTTON,5242,Cointreau Liqueur,750mL,20,29.99,2024-12-31
16_LUNDY_4187,16,LUNDY,4187,Kraken Black Spiced Rum 94P,750mL,12,20.99,2024-12-31
38_GOULCREST_19175,38,GOULCREST,19175,Melini Chianti DOCG Riserva,750mL,22,11.99,2024-12-31
23_ARBINGTON_40332,23,ARBINGTON,40332,Terrazas RSV Malbec Mendoza,750mL,8,12.99,2024-12-31
26_KNIFE'S EDGE_45822,26,KNIFE'S EDGE,45822,Masciarelli Montepulciano,750mL,7,9.95,2024-12-31
33_HORNSEY_15355,33,HORNSEY,15355,Decoy Duckhorn Chard Sonoma,750mL,65,16.95,2024-12-31
18_FURNESS_3425,18,FURNESS,3425,Olmeca Altos Plata Tequila,750mL,10,21.99,2024-12-31
38_GOULCREST_5459,38,GOULCREST,5459,Liquore Strega,750mL,0,29.49,2024-12-31
18_FURNESS_24592,18,FURNESS,24592,Vendange Cab Svgn,1.5L,16,7.99,2024-12-31
23_ARBINGTON_18641,23,ARBINGTON,18641,Yellow Tail Big Bold Red,1.5L,19,8.95,2024-12-31
14_BROMWICH_3326,14,BROMWICH,3326,Jenkins Gin,1.75L,19,9.49,2024-12-31
1_HARDERSFIELD_6958,1,HARDERSFIELD,6958,Vendange Svgn Bl,1.5L,18,7.99,2024-12-31
40_BULLMAR_4179,40,BULLMAR,4179,Bacardi Dragon Berry Rum,1.75L,2,19.99,2024-12-31
23_ARBINGTON_37604,23,ARBINGTON,37604,Hardys Chard Ausl,3L,14,19.99,2024-12-31
33_HORNSEY_17957,33,HORNSEY,17957,Bluebird Pinot Noir,750mL,11,14.99,2024-12-31
15_WANBORNE_2310,15,WANBORNE,2310,Ungava Gin,750mL,4,28.99,2024-12-31
6_GOULCREST_2663,6,GOULCREST,2663,Dewars White Label,1.75L,71,29.99,2024-12-31
38_GOULCREST_27274,38,GOULCREST,27274,Jos Phelps Insignia 13,750mL,12,209.99,2024-12-31
3_HORNSEY_6477,3,HORNSEY,6477,Avion Tequila 3/50ml Sampler,50mL 3 Pk,22,9.99,2024-12-31
5_SUTTON_31915,5,SUTTON,31915,F Coppola Diamond Chard,750mL,10,12.99,2024-12-31
6_GOULCREST_2048,6,GOULCREST,2048,The London No 1 Gin,750mL,5,29.99,2024-12-31
18_FURNESS_3020,18,FURNESS,3020,Pinnacle Blueberry Vodka,750mL,17,9.99,2024-12-31
30_CULCHETH_47027,30,CULCHETH,47027,Marcus James Malbec Mendoza,1.5L,7,7.99,2024-12-31
2_ASHBORNE_39384,2,ASHBORNE,39384,F Coppola Diamond Pnt Nr,750mL,7,16.99,2024-12-31
32_MOUNTMEND_5187,32,MOUNTMEND,5187,Arrow White Creme de Cacao,750mL,10,7.99,2024-12-31
32_MOUNTMEND_7423,32,MOUNTMEND,7423,Manischewitz Concord Kosher,1.5L,7,7.99,2024-12-31
40_BULLMAR_21232,40,BULLMAR,21232,Barefoot Bubbly Prosecco,750mL,11,9.99,2024-12-31
37_PAETHSMOUTH_14930,37,PAETHSMOUTH,14930,Yellow Tail Moscato,1.5L,11,8.95,2024-12-31
25_CAERSHIRE_8231,25,CAERSHIRE,8231,Folonari Valpolicella,1.5L,9,14.99,2024-12-31
37_PAETHSMOUTH_2520,37,PAETHSMOUTH,2520,The Macallan 12 Yr Old,750mL,15,54.99,2024-12-31
32_MOUNTMEND_11149,32,MOUNTMEND,11149,Napa Cellars Svgn Bl,750mL,14,15.99,2024-12-31
33_HORNSEY_45769,33,HORNSEY,45769,Bonterra Svgn Bl Organic,750mL,4,11.99,2024-12-31
6_GOULCREST_21951,6,GOULCREST,21951,Ruffino Aziano Chianti Clsc,750mL,2,12.99,2024-12-31
26_KNIFE'S EDGE_19870,26,KNIFE'S EDGE,19870,Yellow Tail Sangria,1.5L,8,8.95,2024-12-31
38_GOULCREST_2107,38,GOULCREST,2107,Rebel Yell Ginger Bourbon,50mL,141,0.99,2024-12-31
22_SHARNWICK_4404,22,SHARNWICK,4404,Bacardi Gold Rum,375mL,13,5.49,2024-12-31
11_CARDEND_3347,11,CARDEND,3347,Milagro Silver Tequila,1.75L,4,39.99,2024-12-31
10_HORNSEY_19041,10,HORNSEY,19041,The Path Cab Svgn,750mL,4,10.99,2024-12-31
8_ALNERWICK_8085,8,ALNERWICK,8085,Wild Turkey,1.75L,24,29.99,2024-12-31
8_ALNERWICK_12505,8,ALNERWICK,12505,Angelini Pnt Nr Veneto,750mL,10,9.99,2024-12-31
8_ALNERWICK_3314,8,ALNERWICK,3314,El Jimador Blanco Tequila,1.75L,6,25.99,2024-12-31
14_BROMWICH_2767,14,BROMWICH,2767,Johnnie Walker Blue Label,750mL,5,191.99,2024-12-31
7_STANMORE_2482,7,STANMORE,2482,Clase Azul Reposado Tequila,750mL,8,89.99,2024-12-31
21_BALERNO_2250,21,BALERNO,2250,Jack Daniels Family 5 Pk/50m,50mL 4 Pk,7,14.99,2024-12-31
9_BLACKPOOL_3039,9,BLACKPOOL,3039,Stolichnaya Salted Karamel,750mL,9,16.99,2024-12-31
32_MOUNTMEND_482,32,MOUNTMEND,482,Absolut 80 Proof,Liter,26,21.99,2024-12-31
37_PAETHSMOUTH_8480,37,PAETHSMOUTH,8480,Clan MacGregor,1.75L,22,14.99,2024-12-31
4_EANVERNESS_19848,4,EANVERNESS,19848,Carnivor Cab Svgn,750mL,56,9.99,2024-12-31
32_MOUNTMEND_21308,32,MOUNTMEND,21308,Chloe Pnt Grigio,750mL,49,10.99,2024-12-31
25_CAERSHIRE_38542,25,CAERSHIRE,38542,Avalon Cab Svgn Cal,750mL,9,11.99,2024-12-31
25_CAERSHIRE_24779,25,CAERSHIRE,24779,Straccali Chianti,1.5L,6,9.99,2024-12-31
9_BLACKPOOL_1348,9,BLACKPOOL,1348,Knob Creek Bourbon,375mL,5,16.99,2024-12-31
14_BROMWICH_8023,14,BROMWICH,8023,DeKuyper Triple Sec,750mL,10,4.49,2024-12-31
22_SHARNWICK_18742,22,SHARNWICK,18742,Ca'Momi Cab Svgn Napa,750mL,6,22.99,2024-12-31
11_CARDEND_3859,11,CARDEND,3859,Smirnoff 80 Proof,375mL,19,8.99,2024-12-31
2_ASHBORNE_2942,2,ASHBORNE,2942,Glen Grant 10 Yr Single Malt,750mL,0,39.99,2024-12-31
10_HORNSEY_4243,10,HORNSEY,4243,Bacardi Superior Rum,1.75L,198,19.99,2024-12-31
38_GOULCREST_12697,38,GOULCREST,12697,Tapiz Malbec Mendoza,750mL,0,11.99,2024-12-31
23_ARBINGTON_42115,23,ARBINGTON,42115,Jewell Towne Cab Svgn NH,750mL,11,22.49,2024-12-31
10_HORNSEY_6264,10,HORNSEY,6264,Cooks Extra Dry,750mL,10,6.99,2024-12-31
23_ARBINGTON_6937,23,ARBINGTON,6937,Cavit Pinot Grigio,1.5L,96,9.99,2024-12-31
15_WANBORNE_6227,15,WANBORNE,6227,Bastille 1789 French Whiskey,750mL,5,22.99,2024-12-31
9_BLACKPOOL_13430,9,BLACKPOOL,13430,Agua de Piedra Malbec Selccn,750mL,11,11.99,2024-12-31
35_HALIVAARA_3961,35,HALIVAARA,3961,Grey Goose La Poire Vodka,750mL,5,23.99,2024-12-31
30_CULCHETH_5333,30,CULCHETH,5333,Jenkins Amaretto,1.75L,8,10.99,2024-12-31
20_BREDWARDINE_6429,20,BREDWARDINE,6429,C Y Toro Frontera Svgn Bl,1.5L,5,10.99,2024-12-31
34_PITMERDEN_45294,34,PITMERDEN,45294,C K Mondavi Willw Pnt Grigio,1.5L,13,12.99,2024-12-31
30_CULCHETH_1355,30,CULCHETH,1355,Knob Creek Bourbon,50mL,62,3.99,2024-12-31
21_BALERNO_13637,21,BALERNO,13637,Eve Chardonnay,750mL,28,11.99,2024-12-31
30_CULCHETH_33953,30,CULCHETH,33953,L Bernard Cotes du Rhone,750mL,5,11.99,2024-12-31
23_ARBINGTON_2748,23,ARBINGTON,2748,Johnnie Walker Blue Label,1.75L,5,309.99,2024-12-31
7_STANMORE_33683,7,STANMORE,33683,R Mondavi Private Slct Chard,1.5L,5,20.99,2024-12-31
25_CAERSHIRE_42420,25,CAERSHIRE,42420,Yellow Tail Pnt Grigio Ausl,750mL,10,7.99,2024-12-31
14_BROMWICH_8512,14,BROMWICH,8512,Baileys Irish Cream,750mL,66,19.99,2024-12-31
17_OLDHAM_4194,17,OLDHAM,4194,Calico Jack Coconut Rum,1.75L,8,12.99,2024-12-31
27_MOUNTMEND_1896,27,MOUNTMEND,1896,The Glenlivet 18 Yr Single,750mL,8,109.99,2024-12-31
9_BLACKPOOL_4701,9,BLACKPOOL,4701,Fabrizia Limoncello,750mL,0,16.99,2024-12-31
2_ASHBORNE_27111,2,ASHBORNE,27111,Masi Amarone Costasera Valp,750mL,6,59.99,2024-12-31
25_CAERSHIRE_5495,25,CAERSHIRE,5495,Ch Monet,750mL,4,15.99,2024-12-31
32_MOUNTMEND_20912,32,MOUNTMEND,20912,Whitehall Tre Leoni Red Napa,750mL,5,26.99,2024-12-31
15_WANBORNE_8534,15,WANBORNE,8534,M & R Asti,375mL,6,5.99,2024-12-31
26_KNIFE'S EDGE_42948,26,KNIFE'S EDGE,42948,Root 1 Cab Svgn,750mL,13,9.99,2024-12-31
12_LEESIDE_27351,12,LEESIDE,27351,Almaden Chard Cal B/B,5L,2,15.99,2024-12-31
25_CAERSHIRE_38899,25,CAERSHIRE,38899,L Martini Cab Svgn Sonoma,750mL,45,12.99,2024-12-31
38_GOULCREST_3755,38,GOULCREST,3755,Russian Standard Original,750mL,16,16.99,2024-12-31
18_FURNESS_5735,18,FURNESS,5735,Malibu Rum,750mL,21,12.99,2024-12-31
11_CARDEND_5111,11,CARDEND,5111,Dr McGillicuddy's Mentholmnt,50mL,30,0.99,2024-12-31
38_GOULCREST_5731,38,GOULCREST,5731,Malibu Passion Fruit Rum,750mL,45,12.99,2024-12-31
34_PITMERDEN_26091,34,PITMERDEN,26091,Pacific Rim Rsl,750mL,4,8.99,2024-12-31
15_WANBORNE_19376,15,WANBORNE,19376,The Naked Grape Pnt Grigio,3L,2,15.99,2024-12-31
34_PITMERDEN_24696,34,PITMERDEN,24696,Black Stallion 11 Trans Cab,750mL,5,149.99,2024-12-31
15_WANBORNE_44734,15,WANBORNE,44734,Casa Liliana Good Pnt Grg,750mL,9,9.99,2024-12-31
34_PITMERDEN_44911,34,PITMERDEN,44911,Spy Valley Svgn Bl Marlboro,750mL,10,14.99,2024-12-31
7_STANMORE_38652,7,STANMORE,38652,Carpineto Chianti Clsc RSV,750mL,3,20.99,2024-12-31
31_HORNSEY_10421,31,HORNSEY,10421,Barefoot Moscato Cal,1.5L,14,10.99,2024-12-31
6_GOULCREST_15332,6,GOULCREST,15332,Whitehaven Svgn Bl,750mL,30,12.49,2024-12-31
39_EASTHALLOW_8730,39,EASTHALLOW,8730,Ruffino Orvieto Clsc,750mL,33,7.99,2024-12-31
10_HORNSEY_18744,10,HORNSEY,18744,Ca'Momi Chard Napa Vly,750mL,40,17.99,2024-12-31
24_PALPERROTH_6727,24,PALPERROTH,6727,Antinori Toscana Rd,750mL,24,17.99,2024-12-31
12_LEESIDE_44547,12,LEESIDE,44547,Silver Oak Cab Svgn Alex Vly,750mL,14,74.95,2024-12-31
2_ASHBORNE_31203,2,ASHBORNE,31203,Beringer Fndrs Est Merlot,750mL,5,8.99,2024-12-31
34_PITMERDEN_3704,34,PITMERDEN,3704,Ciroc Pineapple Vodka,750mL,41,24.99,2024-12-31
17_OLDHAM_1623,17,OLDHAM,1623,Bulleit 95 Rye,375mL,7,15.99,2024-12-31
5_SUTTON_6358,5,SUTTON,6358,Dom Ste Michelle Brut Cuvee,750mL,3,12.99,2024-12-31
20_BREDWARDINE_28548,20,BREDWARDINE,28548,St Francis Old Vines Znfdl,750mL,21,15.99,2024-12-31
21_BALERNO_19199,21,BALERNO,19199,La Crema Pnt Gris Monterey,750mL,9,16.99,2024-12-31
11_CARDEND_27735,11,CARDEND,27735,Bogle Cab Svgn Cal,750mL,47,10.99,2024-12-31
14_BROMWICH_7302,14,BROMWICH,7302,Marques de Caceres Rioja Re,750mL,24,10.99,2024-12-31
35_HALIVAARA_44547,35,HALIVAARA,44547,Silver Oak Cab Svgn Alex Vly,750mL,2,74.95,2024-12-31
9_BLACKPOOL_1135,9,BLACKPOOL,1135,Rebel Reserve Bourbon,750mL,3,19.99,2024-12-31
33_HORNSEY_28258,33,HORNSEY,28258,Nathanson Creek Cab Svgn,1.5L,12,7.99,2024-12-31
25_CAERSHIRE_6590,25,CAERSHIRE,6590,Almaden B/B Wh Znfdl Cal,5L,5,14.99,2024-12-31
23_ARBINGTON_178,23,ARBINGTON,178,W Turkey Russell's RSV 10 Yr,750mL,3,26.99,2024-12-31
10_HORNSEY_5798,10,HORNSEY,5798,1800 Raspberry Margarita RTD,1.75L,2,16.99,2024-12-31
2_ASHBORNE_8673,2,ASHBORNE,8673,Skinnygirl Margarita,750mL,11,10.99,2024-12-31
23_ARBINGTON_43224,23,ARBINGTON,43224,Ch Beauchene Cotes du Rhone,750mL,12,13.99,2024-12-31
35_HALIVAARA_175,35,HALIVAARA,175,1800 Anejo Tequila,750mL,2,41.99,2024-12-31
9_BLACKPOOL_290,9,BLACKPOOL,290,Aberlour A'Bunadh Sngle Malt,750mL,4,74.99,2024-12-31
24_PALPERROTH_5706,24,PALPERROTH,5706,Gr Marnier Raspberry Peach,750mL,6,27.99,2024-12-31
23_ARBINGTON_3652,23,ARBINGTON,3652,Ciroc Pineapple Vodka,1.75L,8,48.99,2024-12-31
32_MOUNTMEND_1114,32,MOUNTMEND,1114,DiSaronno Etro Icon VAP,750mL,6,19.99,2024-12-31
30_CULCHETH_8387,30,CULCHETH,8387,Wild Turkey 101,750mL,13,23.99,2024-12-31
26_KNIFE'S EDGE_5058,26,KNIFE'S EDGE,5058,Capt Morgan Long Isl Tea RTD,1.75L,21,17.99,2024-12-31
4_EANVERNESS_34460,4,EANVERNESS,34460,Dr Loosen Rsl 'Dr L' M,750mL,28,12.99,2024-12-31
25_CAERSHIRE_22899,25,CAERSHIRE,22899,Simi Svgn Bl,750mL,28,9.79,2024-12-31
15_WANBORNE_6346,15,WANBORNE,6346,Amaretto Villa Vittoria Liq,750mL,8,16.99,2024-12-31
9_BLACKPOOL_3450,9,BLACKPOOL,3450,260 Vodka,750mL,12,27.99,2024-12-31
28_LARNWICK_18013,28,LARNWICK,18013,Cecchi Sangiovese,750mL,113,8.99,2024-12-31
7_STANMORE_6174,7,STANMORE,6174,Columbia Crest Grand Merlot,750mL,35,9.99,2024-12-31
15_WANBORNE_19977,15,WANBORNE,19977,Hideyoshi Namacho Honjozo Sa,300mL,3,10.99,2024-12-31
14_BROMWICH_3617,14,BROMWICH,3617,Olmeca Altos Reposado,750mL,5,21.99,2024-12-31
30_CULCHETH_426,30,CULCHETH,426,Crystal Head Vodka,50mL,20,7.99,2024-12-31
11_CARDEND_4652,11,CARDEND,4652,Hennessy XO Cognac,750mL,5,159.99,2024-12-31
39_EASTHALLOW_5758,39,EASTHALLOW,5758,1800 Ultimate Margarita RTD,1.75L,10,19.99,2024-12-31
32_MOUNTMEND_1376,32,MOUNTMEND,1376,Jim Beam,1.75L,206,20.99,2024-12-31
38_GOULCREST_21609,38,GOULCREST,21609,Josh Cellars Legacy Red,750mL,23,13.99,2024-12-31
15_WANBORNE_3296,15,WANBORNE,3296,Belvedere Pink Grapefruit,750mL,8,22.99,2024-12-31
5_SUTTON_46202,5,SUTTON,46202,Yellow Tail Pnt Grigio Ausl,1.5L,20,8.95,2024-12-31
19_WINTERVALE_8744,19,WINTERVALE,8744,Jadot Bourgogne Pinot Noir,750mL,7,17.99,2024-12-31
9_BLACKPOOL_28260,9,BLACKPOOL,28260,Nathanson Creek Chard,1.5L,16,7.99,2024-12-31
22_SHARNWICK_3545,22,SHARNWICK,3545,Ketel One Vodka,1.75L,177,29.99,2024-12-31
29_AYLESBURY_2960,29,AYLESBURY,2960,The Macallan Fine Oak 15 Yr,750mL,3,109.99,2024-12-31
38_GOULCREST_7969,38,GOULCREST,7969,Sandeman Founders RSV Port,750mL,16,13.99,2024-12-31
34_PITMERDEN_20400,34,PITMERDEN,20400,Ilauri Le Pinciaie 10 Red,750mL,11,13.99,2024-12-31
9_BLACKPOOL_3961,9,BLACKPOOL,3961,Grey Goose La Poire Vodka,750mL,10,23.99,2024-12-31
30_CULCHETH_2554,30,CULCHETH,2554,WhistlePig Old World 12 Yr,750mL,3,109.99,2024-12-31
12_LEESIDE_12220,12,LEESIDE,12220,Angeline Pnt Nr,750mL,34,9.99,2024-12-31
1_HARDERSFIELD_19740,1,HARDERSFIELD,19740,Ch St Jean Alexander Cab Svg,750mL,0,19.99,2024-12-31
11_CARDEND_26833,11,CARDEND,26833,Clemento VII Toscano,750mL,0,19.99,2024-12-31
13_TARMSWORTH_21019,13,TARMSWORTH,21019,Black Box Pnt Nr,3L,8,18.99,2024-12-31
32_MOUNTMEND_3797,32,MOUNTMEND,3797,Skinnygirl Sweet'Arita,1.75L,10,16.99,2024-12-31
18_FURNESS_8258,18,FURNESS,8258,Campari,750mL,4,29.99,2024-12-31
34_PITMERDEN_13731,34,PITMERDEN,13731,Monkey Bay Svgn Bl,1.5L,18,19.99,2024-12-31
8_ALNERWICK_31496,8,ALNERWICK,31496,Barefoot Svgn Bl Cal,750mL,5,4.99,2024-12-31
10_HORNSEY_4269,10,HORNSEY,4269,Calico Jack Spiced Rum,1.75L,11,11.99,2024-12-31
23_ARBINGTON_3437,23,ARBINGTON,3437,Bombay Dry Gin,750mL,5,17.99,2024-12-31
31_HORNSEY_3802,31,HORNSEY,3802,Three Olives Vodka,1.75L,105,18.99,2024-12-31
34_PITMERDEN_32796,34,PITMERDEN,32796,Warre's Otima 10-Yr Tawny,500mL,20,19.99,2024-12-31
33_HORNSEY_8264,33,HORNSEY,8264,Ch Ste Michelle Rsl,750mL,34,8.99,2024-12-31
10_HORNSEY_41827,10,HORNSEY,41827,Banfi Chianti Clsc Tuscany,750mL,28,14.99,2024-12-31
7_STANMORE_1065,7,STANMORE,1065,DiSaronno 3/50mls Pack,50mL 3 Pk,5,12.99,2024-12-31
18_FURNESS_42099,18,FURNESS,42099,Bota Box Pnt Grigio Cal,3L,7,17.99,2024-12-31
23_ARBINGTON_38481,23,ARBINGTON,38481,Canella Prosecco Di Conegli,750mL,3,16.99,2024-12-31
24_PALPERROTH_1637,24,PALPERROTH,1637,Fleischmanns Preferred,1.75L,16,10.99,2024-12-31
34_PITMERDEN_23406,34,PITMERDEN,23406,The Naked Grape Box Merlot,3L,6,15.99,2024-12-31
23_ARBINGTON_39971,23,ARBINGTON,39971,Ch Montelena Cab Svgn Napa,750mL,1,49.99,2024-12-31
27_MOUNTMEND_46628,27,MOUNTMEND,46628,Paso Creek Cab Svgn,750mL,5,13.99,2024-12-31
11_CARDEND_44228,11,CARDEND,44228,Clean Slate Rsl Mosel,750mL,4,11.99,2024-12-31
6_GOULCREST_8421,6,GOULCREST,8421,Beringer Classic Wh Znfdl,750mL,15,6.99,2024-12-31
32_MOUNTMEND_1955,32,MOUNTMEND,1955,Jack Daniels Tennessee Honey,375mL,7,10.99,2024-12-31
20_BREDWARDINE_15393,20,BREDWARDINE,15393,Cupcake Pnt Grigio,750mL,93,7.49,2024-12-31
29_AYLESBURY_32826,29,AYLESBURY,32826,Rombauer Carneros Chard,750mL,12,32.95,2024-12-31
32_MOUNTMEND_3086,32,MOUNTMEND,3086,Ciroc Coconut Vodka,1.75L,10,48.99,2024-12-31
22_SHARNWICK_24310,22,SHARNWICK,24310,Hi! Prosecco,750mL,0,7.99,2024-12-31
1_HARDERSFIELD_17754,1,HARDERSFIELD,17754,Chocolate Shop Red,750mL,7,11.99,2024-12-31
29_AYLESBURY_27735,29,AYLESBURY,27735,Bogle Cab Svgn Cal,750mL,12,10.99,2024-12-31
27_MOUNTMEND_4267,27,MOUNTMEND,4267,Bacardi Limon Rum,1.75L,10,19.99,2024-12-31
11_CARDEND_10062,11,CARDEND,10062,B de Beauchene CDR Rouge,750mL,9,8.99,2024-12-31
37_PAETHSMOUTH_1817,37,PAETHSMOUTH,1817,Irishman Founders RSV Whisky,750mL,5,21.99,2024-12-31
23_ARBINGTON_4216,23,ARBINGTON,4216,Havana Club Anejo Clsco Gold,750mL,5,18.99,2024-12-31
6_GOULCREST_8048,6,GOULCREST,8048,Coole Swan Irish Cream,750mL,4,24.99,2024-12-31
8_ALNERWICK_10372,8,ALNERWICK,10372,Hazlitt Red Cat Finger Lakes,750mL,0,7.99,2024-12-31
21_BALERNO_34752,21,BALERNO,34752,Frogs Leap Svgn Bl Napa,750mL,12,23.99,2024-12-31
40_BULLMAR_5696,40,BULLMAR,5696,Midori Melon Liqueur,375mL,7,10.99,2024-12-31
11_CARDEND_19748,11,CARDEND,19748,Clos du Bois Chard,1.5L,80,15.99,2024-12-31
38_GOULCREST_24330,38,GOULCREST,24330,Ch Reserve de la Comtesse 12,750mL,5,46.99,2024-12-31
8_ALNERWICK_26755,8,ALNERWICK,26755,Franzia Chianti Tap,5L,9,17.99,2024-12-31
24_PALPERROTH_5929,24,PALPERROTH,5929,RumChata Liqueur,1.75L,5,39.99,2024-12-31
19_WINTERVALE_5253,19,WINTERVALE,5253,Kahlua Original Mudslide RTD,1.75L,7,15.99,2024-12-31
21_BALERNO_381,21,BALERNO,381,Baileys Irish Cream w/2 Mugs,750mL,0,19.99,2024-12-31
26_KNIFE'S EDGE_21232,26,KNIFE'S EDGE,21232,Barefoot Bubbly Prosecco,750mL,10,9.99,2024-12-31
24_PALPERROTH_1178,24,PALPERROTH,1178,Evan Williams Black Label B,750mL,17,11.49,2024-12-31
36_LEWES_2912,36,LEWES,2912,Platte Valley KY Corn Whisky,750mL,10,16.99,2024-12-31
26_KNIFE'S EDGE_7279,26,KNIFE'S EDGE,7279,Yago Sant'Gria Red,1.5L,6,7.99,2024-12-31
1_HARDERSFIELD_8828,1,HARDERSFIELD,8828,Lunazul Blanco Tequila,750mL,12,13.99,2024-12-31
7_STANMORE_13708,7,STANMORE,13708,Bota Box Cab Svgn,3L,6,17.99,2024-12-31
36_LEWES_8700,36,LEWES,8700,Beringer Knights Vly Cab Svg,750mL,4,24.95,2024-12-31
33_HORNSEY_23387,33,HORNSEY,23387,Middle Sister Malbec,750mL,12,9.99,2024-12-31
30_CULCHETH_31500,30,CULCHETH,31500,Barefoot Wh Znfdl Cal,750mL,10,4.99,2024-12-31
34_PITMERDEN_23326,34,PITMERDEN,23326,Ch Bernadotte Haut-Medoc 11,750mL,16,24.99,2024-12-31
20_BREDWARDINE_5415,20,BREDWARDINE,5415,Amaretto di Amore,1.75L,8,13.99,2024-12-31
15_WANBORNE_19192,15,WANBORNE,19192,Tangent Svgn Bl,750mL,9,14.99,2024-12-31
12_LEESIDE_2034,12,LEESIDE,2034,Glendalough Double Barrel,750mL,3,27.99,2024-12-31
36_LEWES_3780,36,LEWES,3780,Three Olives Raspberry Vodk,750mL,14,14.99,2024-12-31
7_STANMORE_8694,7,STANMORE,8694,Skinnygirl Cosmopolitan,750mL,7,10.99,2024-12-31
40_BULLMAR_2580,40,BULLMAR,2580,Barr Hill Gin,750mL,4,34.99,2024-12-31
1_HARDERSFIELD_19329,1,HARDERSFIELD,19329,Ca Del Monte Amarone Red,750mL,11,43.99,2024-12-31
15_WANBORNE_8342,15,WANBORNE,8342,Korbel X Dry,750mL,88,11.99,2024-12-31
7_STANMORE_44233,7,STANMORE,44233,A by Acacia Chard Cal,750mL,12,9.99,2024-12-31
11_CARDEND_5560,11,CARDEND,5560,Bacardi Mojito Cocktail,1.75L,9,18.99,2024-12-31
4_EANVERNESS_361,4,EANVERNESS,361,Effen Cucumber Vodka,750mL,4,19.99,2024-12-31
33_HORNSEY_6937,33,HORNSEY,6937,Cavit Pinot Grigio,1.5L,55,9.99,2024-12-31
38_GOULCREST_23122,38,GOULCREST,23122,Innocenti Vignalsole Rosso,750mL,12,24.99,2024-12-31
34_PITMERDEN_7891,34,PITMERDEN,7891,DeLeon Platinum Tequila,750mL,3,34.99,2024-12-31
37_PAETHSMOUTH_3316,37,PAETHSMOUTH,3316,Ciroc Peach Vodka,375mL,10,15.49,2024-12-31
17_OLDHAM_3272,17,OLDHAM,3272,Sobieski Vodka,1.75L,1,17.99,2024-12-31
11_CARDEND_1875,11,CARDEND,1875,Bushmills Black Bush,750mL,8,26.99,2024-12-31
33_HORNSEY_1228,33,HORNSEY,1228,Glenfiddich Ancient RSV 18,750mL,8,94.99,2024-12-31
22_SHARNWICK_8517,22,SHARNWICK,8517,Baileys Salted Caramel,750mL,4,19.99,2024-12-31
40_BULLMAR_3637,40,BULLMAR,3637,Zhenka Vodka Plastic,750mL,9,5.29,2024-12-31
38_GOULCREST_7951,38,GOULCREST,7951,Auchentoshan Three Wood,750mL,10,69.99,2024-12-31
14_BROMWICH_33035,14,BROMWICH,33035,Indaba Chard,750mL,6,8.99,2024-12-31
31_HORNSEY_46202,31,HORNSEY,46202,Yellow Tail Pnt Grigio Ausl,1.5L,27,8.95,2024-12-31
38_GOULCREST_38180,38,GOULCREST,38180,Rex Goliath Merlot,750mL,13,5.99,2024-12-31
15_WANBORNE_8387,15,WANBORNE,8387,Wild Turkey 101,750mL,49,23.99,2024-12-31
15_WANBORNE_44145,15,WANBORNE,44145,Red Rock Merlot Cal,750mL,6,9.99,2024-12-31
17_OLDHAM_6595,17,OLDHAM,6595,Bogle Merlot,750mL,18,7.99,2024-12-31
34_PITMERDEN_3283,34,PITMERDEN,3283,New Amsterdam Apple Vodka,750mL,18,8.99,2024-12-31
1_HARDERSFIELD_19821,1,HARDERSFIELD,19821,Castello Chianti Classico,750mL,16,16.99,2024-12-31
10_HORNSEY_2468,10,HORNSEY,2468,Crown Royal Nrth Harvest Rye,750mL,33,27.99,2024-12-31
38_GOULCREST_12147,38,GOULCREST,12147,Sterling Vintners CA Meritag,750mL,99,7.99,2024-12-31
17_OLDHAM_12495,17,OLDHAM,12495,Cupcake Malbec,750mL,18,7.49,2024-12-31
30_CULCHETH_16918,30,CULCHETH,16918,Villa Pozzi Moscato,750mL,8,9.99,2024-12-31
5_SUTTON_2374,5,SUTTON,2374,Tullamore Dew,1.75L,9,39.99,2024-12-31
17_OLDHAM_10283,17,OLDHAM,10283,M D 20/20 Orange Jubilee,750mL,7,3.99,2024-12-31
32_MOUNTMEND_27334,32,MOUNTMEND,27334,Gilmanton Blueberry Surprise,750mL,8,15.99,2024-12-31
33_HORNSEY_25990,33,HORNSEY,25990,Antech Limoux Brut,750mL,6,11.99,2024-12-31
21_BALERNO_14539,21,BALERNO,14539,Dom de Dionysos La Deveze,750mL,70,14.99,2024-12-31
7_STANMORE_7284,7,STANMORE,7284,Colombo Marsala Dry,750mL,7,9.99,2024-12-31
34_PITMERDEN_15321,34,PITMERDEN,15321,Blufeld Rsl,750mL,3,8.99,2024-12-31
14_BROMWICH_46447,14,BROMWICH,46447,Gascon Malbec Mendoza,750mL,0,10.99,2024-12-31
21_BALERNO_8523,21,BALERNO,8523,Glen Ellen Chard RSV,750mL,17,4.99,2024-12-31
15_WANBORNE_7977,15,WANBORNE,7977,M & R X Dry Vermouth,1.5L,14,10.49,2024-12-31
38_GOULCREST_3363,38,GOULCREST,3363,Lunazul Reposado Tequila,750mL,7,13.99,2024-12-31
34_PITMERDEN_25728,34,PITMERDEN,25728,Chappellet Signature Cab Svg,750mL,11,62.99,2024-12-31
20_BREDWARDINE_38542,20,BREDWARDINE,38542,Avalon Cab Svgn Cal,750mL,20,11.99,2024-12-31
18_FURNESS_31454,18,FURNESS,31454,Foxhorn SE Chard Australia,1.5L,10,6.99,2024-12-31
14_BROMWICH_4296,14,BROMWICH,4296,Ronrico Silver Rum,1.75L,18,12.99,2024-12-31
11_CARDEND_4385,11,CARDEND,4385,Parrot Bay 90 Coconut Capt,1.75L,4,24.99,2024-12-31
37_PAETHSMOUTH_8312,37,PAETHSMOUTH,8312,Bols Curacao Orange,750mL,9,7.99,2024-12-31
2_ASHBORNE_3486,2,ASHBORNE,3486,Tanqueray,375mL,7,12.99,2024-12-31
17_OLDHAM_603,17,OLDHAM,603,McCormick Gold Rum,Liter,8,6.99,2024-12-31
9_BLACKPOOL_15825,9,BLACKPOOL,15825,Octave Vino Verde White,750mL,2,8.99,2024-12-31
18_FURNESS_28856,18,FURNESS,28856,Seghesio Znfdl Sonoma,750mL,7,19.95,2024-12-31
2_ASHBORNE_35918,2,ASHBORNE,35918,Stone Cellars Pnt Grigio,1.5L,18,14.99,2024-12-31
38_GOULCREST_5897,38,GOULCREST,5897,99 Bananas,750mL,12,11.99,2024-12-31
25_CAERSHIRE_7891,25,CAERSHIRE,7891,DeLeon Platinum Tequila,750mL,7,34.99,2024-12-31
37_PAETHSMOUTH_6857,37,PAETHSMOUTH,6857,Sutter Home Wh Znfdl,1.5L,12,9.99,2024-12-31
38_GOULCREST_6360,38,GOULCREST,6360,Taylor Nys Cream Sherry,3L,17,13.99,2024-12-31
33_HORNSEY_3837,33,HORNSEY,3837,Skyy Vodka,50mL,308,0.99,2024-12-31
26_KNIFE'S EDGE_8497,26,KNIFE'S EDGE,8497,Kamora Coffee,750mL,25,9.99,2024-12-31
3_HORNSEY_8338,3,HORNSEY,8338,The Glenlivet 12 Yr Single,375mL,18,21.99,2024-12-31
40_BULLMAR_8922,40,BULLMAR,8922,Taylor Lake Country Red,3L,11,7.99,2024-12-31
7_STANMORE_5353,7,STANMORE,5353,Grand Marnier,375mL,15,18.99,2024-12-31
26_KNIFE'S EDGE_4025,26,KNIFE'S EDGE,4025,Bacardi Oakheart Spiced Rum,50mL,52,1.79,2024-12-31
23_ARBINGTON_21735,23,ARBINGTON,21735,Millet Roger Sancerrre,750mL,14,25.99,2024-12-31
28_LARNWICK_40425,28,LARNWICK,40425,Mionetto Prosecco Brut,750mL,66,10.99,2024-12-31
27_MOUNTMEND_8288,27,MOUNTMEND,8288,Korbel Brut,750mL,0,11.99,2024-12-31
10_HORNSEY_7788,10,HORNSEY,7788,Piehole Apple Pie,750mL,4,14.99,2024-12-31
37_PAETHSMOUTH_8166,37,PAETHSMOUTH,8166,Mount Gay Eclipse,750mL,6,19.99,2024-12-31
35_HALIVAARA_5142,35,HALIVAARA,5142,Carolans Irish Cream,1.75L,3,22.99,2024-12-31
36_LEWES_3016,36,LEWES,3016,Bombay Sapphire East Gin,750mL,7,19.99,2024-12-31
33_HORNSEY_11440,33,HORNSEY,11440,Peter Vella Sangria B/B,5L,5,14.99,2024-12-31
9_BLACKPOOL_6479,9,BLACKPOOL,6479,Clos du Bois Chard,750mL,101,8.99,2024-12-31
26_KNIFE'S EDGE_32924,26,KNIFE'S EDGE,32924,Silverado Cab Svgn Napa,750mL,11,46.99,2024-12-31
10_HORNSEY_31618,10,HORNSEY,31618,Chartron La Fleur Brdx Whit,750mL,22,11.99,2024-12-31
7_STANMORE_24088,7,STANMORE,24088,Hess Select Cab Svgn,750mL,17,17.99,2024-12-31
29_AYLESBURY_26827,29,AYLESBURY,26827,Cavit Merlot Trentino,1.5L,6,9.99,2024-12-31
17_OLDHAM_6650,17,OLDHAM,6650,Simi Chard,750mL,12,10.79,2024-12-31
21_BALERNO_10626,21,BALERNO,10626,MezzaCorona Pnt Nr,1.5L,62,10.99,2024-12-31
19_WINTERVALE_29169,19,WINTERVALE,29169,Franzia Tap Merlot,5L,15,17.99,2024-12-31
6_GOULCREST_1060,6,GOULCREST,1060,Jack Daniels Bruins Glass Pk,Liter,6,27.99,2024-12-31
24_PALPERROTH_2443,24,PALPERROTH,2443,Seagrams VO,1.75L,26,20.99,2024-12-31
6_GOULCREST_5817,6,GOULCREST,5817,GranGala Triple Orange,1.75L,7,29.99,2024-12-31
11_CARDEND_15503,11,CARDEND,15503,Opici Sangria,3L,5,13.99,2024-12-31
23_ARBINGTON_31488,23,ARBINGTON,31488,Barefoot Chard Cal,750mL,45,4.99,2024-12-31
1_HARDERSFIELD_29128,1,HARDERSFIELD,29128,Sutter Home Merlot Cal,187mL 4 Pk,15,5.99,2024-12-31
30_CULCHETH_5148,30,CULCHETH,5148,St Brendans Irish Cream,1.75L,4,17.99,2024-12-31
2_ASHBORNE_18893,2,ASHBORNE,18893,19 Crimes Red,750mL,20,7.95,2024-12-31
21_BALERNO_11199,21,BALERNO,11199,Carpene Malvolti Prosecco,750mL,29,14.99,2024-12-31
18_FURNESS_9160,18,FURNESS,9160,Deep Eddy Peach Vodka,50mL,14,0.99,2024-12-31
7_STANMORE_27350,7,STANMORE,27350,Almaden Cab Svgn Cal B/B,5L,16,15.99,2024-12-31
7_STANMORE_5702,7,STANMORE,5702,Art In The Age Root Liqueur,750mL,1,29.99,2024-12-31
34_PITMERDEN_3827,34,PITMERDEN,3827,Popov Vodka,1.75L,19,12.99,2024-12-31
14_BROMWICH_2991,14,BROMWICH,2991,Tullibardine Single Malt,750mL,5,49.99,2024-12-31
33_HORNSEY_37735,33,HORNSEY,37735,Walnut Crest Vnto Pnt Grigio,1.5L,5,12.99,2024-12-31
22_SHARNWICK_18812,22,SHARNWICK,18812,Sweet Baby Vyds Strawberry,750mL,6,12.49,2024-12-31
14_BROMWICH_38369,14,BROMWICH,38369,Oyster Bay Pnt Nr Marlboro,750mL,5,14.99,2024-12-31
6_GOULCREST_25333,6,GOULCREST,25333,Garda Pinot Grigio,750mL,12,8.99,2024-12-31
27_MOUNTMEND_4130,27,MOUNTMEND,4130,Kraken Black Spiced Rum 94P,375mL,3,11.99,2024-12-31
34_PITMERDEN_1365,34,PITMERDEN,1365,Stoli Mini Bar 5/50mLs Pack,50mL 5 Pk,88,7.99,2024-12-31
37_PAETHSMOUTH_2756,37,PAETHSMOUTH,2756,Jameson Caskmates,750mL,10,29.99,2024-12-31
24_PALPERROTH_5627,24,PALPERROTH,5627,Flag Hill Sugar Maple Liquer,375mL,10,18.99,2024-12-31
19_WINTERVALE_15827,19,WINTERVALE,15827,Frisk Prickly Rsl,750mL,17,9.99,2024-12-31
24_PALPERROTH_8032,24,PALPERROTH,8032,Ballatore Gran Spumante,750mL,18,8.49,2024-12-31
21_BALERNO_8985,21,BALERNO,8985,J Roget Spumante,750mL,23,5.99,2024-12-31
18_FURNESS_4197,18,FURNESS,4197,Sailor Jerry Spiced Rum Trav,750mL,14,18.99,2024-12-31
13_TARMSWORTH_1125,13,TARMSWORTH,1125,Jack Daniels Equity VAP,750mL,6,26.99,2024-12-31
19_WINTERVALE_6593,19,WINTERVALE,6593,Souverain Chard N Cst,750mL,5,9.99,2024-12-31
21_BALERNO_16180,21,BALERNO,16180,Skinnygirl Sangria,750mL,12,10.99,2024-12-31
33_HORNSEY_2159,33,HORNSEY,2159,Connemara Irish Whiskey,750mL,24,39.99,2024-12-31
23_ARBINGTON_24907,23,ARBINGTON,24907,Bogle Old Vine Znfdl Cal,750mL,6,10.99,2024-12-31
34_PITMERDEN_27342,34,PITMERDEN,27342,19 Crimes The Banished Red,750mL,95,12.99,2024-12-31
7_STANMORE_46453,7,STANMORE,46453,Mason Clrs Svgn Bl Pomelo,750mL,12,12.99,2024-12-31
33_HORNSEY_21859,33,HORNSEY,21859,Tiefenbrunner Pnt Grigio,750mL,9,12.99,2024-12-31
2_ASHBORNE_3528,2,ASHBORNE,3528,Don Felix Anejo Tequila,750mL,4,40.99,2024-12-31
9_BLACKPOOL_3325,9,BLACKPOOL,3325,Pinnacle Caramel Apple Vodka,750mL,17,10.99,2024-12-31
7_STANMORE_28069,7,STANMORE,28069,Sutter Home Merlot Cal,1.5L,42,9.99,2024-12-31
30_CULCHETH_5748,30,CULCHETH,5748,Trader Vics Chocolate Liquer,750mL,5,12.99,2024-12-31
12_LEESIDE_3745,12,LEESIDE,3745,Taaka Vodka Traveler,750mL,15,4.99,2024-12-31
10_HORNSEY_4272,10,HORNSEY,4272,Smith & Cross Jamacian Rum,750mL,14,27.99,2024-12-31
40_BULLMAR_3513,40,BULLMAR,3513,Ciroc Snap Frost Vodka,750mL,13,24.99,2024-12-31
29_AYLESBURY_3476,29,AYLESBURY,3476,Reyka Vodka,750mL,7,19.99,2024-12-31
31_HORNSEY_4233,31,HORNSEY,4233,Castillo Silver Label Rum,1.75L,8,10.99,2024-12-31
20_BREDWARDINE_3172,20,BREDWARDINE,3172,Skyy Infusions Blood Orange,750mL,15,12.99,2024-12-31
10_HORNSEY_21729,10,HORNSEY,21729,Santi Pinot Grigio Delle Ve,750mL,18,11.99,2024-12-31
31_HORNSEY_6670,31,HORNSEY,6670,Pinnacle Pineapple Vodka,750mL,6,10.99,2024-12-31
28_LARNWICK_6234,28,LARNWICK,6234,C Y Toro Front Cab/Merlot,1.5L,63,10.99,2024-12-31
24_PALPERROTH_38502,24,PALPERROTH,38502,Ruffino Lumina Pnt Grigio,750mL,14,6.99,2024-12-31
15_WANBORNE_8498,15,WANBORNE,8498,R M Woodbridge Svgn Bl Cal,1.5L,78,8.99,2024-12-31
22_SHARNWICK_7340,22,SHARNWICK,7340,Viniq Shimmery Liqueur,750mL,13,18.99,2024-12-31
30_CULCHETH_7867,30,CULCHETH,7867,Tooters Red-diculous 15 Pk,375mL,3,8.99,2024-12-31
12_LEESIDE_27031,12,LEESIDE,27031,Opus One 2013,750mL,1,264.99,2024-12-31
5_SUTTON_5042,5,SUTTON,5042,Tequila Rose Liqueur,750mL,5,14.99,2024-12-31
20_BREDWARDINE_1989,20,BREDWARDINE,1989,Johnnie Walker Black Tin,750mL,7,35.99,2024-12-31
9_BLACKPOOL_2219,9,BLACKPOOL,2219,Crown Royal Vanilla,50mL,59,1.99,2024-12-31
38_GOULCREST_32915,38,GOULCREST,32915,Kim Crawford Svgn Bl Marlbro,750mL,40,14.99,2024-12-31
29_AYLESBURY_24188,29,AYLESBURY,24188,St Francis Cab Svgn Sonoma,750mL,12,15.99,2024-12-31
19_WINTERVALE_3625,19,WINTERVALE,3625,Absolut 80 Proof,750mL,55,17.99,2024-12-31
6_GOULCREST_20405,6,GOULCREST,20405,Tenuta Santo Pietro Viper Su,750mL,14,15.99,2024-12-31
10_HORNSEY_37433,10,HORNSEY,37433,C Y Toro Casillero Carmenere,750mL,18,9.99,2024-12-31
28_LARNWICK_2692,28,LARNWICK,2692,Glenmorangie 10 Yr Scotch,750mL,36,34.99,2024-12-31
39_EASTHALLOW_10298,39,EASTHALLOW,10298,Alamos Torrontes,750mL,11,9.99,2024-12-31
22_SHARNWICK_3728,22,SHARNWICK,3728,Absolut Citron,1.75L,22,24.99,2024-12-31
7_STANMORE_3606,7,STANMORE,3606,Smirnoff Raspberry Vodka,50mL,96,0.99,2024-12-31
1_HARDERSFIELD_13978,1,HARDERSFIELD,13978,Jos Phelps Chard,750mL,6,34.99,2024-12-31
17_OLDHAM_46568,17,OLDHAM,46568,R M Woodbridge Cab/Merlot,1.5L,4,8.99,2024-12-31
2_ASHBORNE_13614,2,ASHBORNE,13614,Acrobat Pnt Nr Ore,750mL,13,18.99,2024-12-31
28_LARNWICK_802,28,LARNWICK,802,Bacardi Torched Cherry Rum,750mL,14,9.99,2024-12-31
10_HORNSEY_21001,10,HORNSEY,21001,Bonpas Cote du Rhone Rouge R,750mL,15,11.99,2024-12-31
30_CULCHETH_4263,30,CULCHETH,4263,Capt Morgan Silver Spicd Rum,750mL,8,16.99,2024-12-31
34_PITMERDEN_27911,34,PITMERDEN,27911,Ruffino Chianti Clsc Santeda,750mL,12,15.99,2024-12-31
5_SUTTON_1220,5,SUTTON,1220,Woodford Reserve Bourbon,750mL,6,30.99,2024-12-31
30_CULCHETH_4938,30,CULCHETH,4938,Kapali Coffee,750mL,10,8.99,2024-12-31
8_ALNERWICK_2570,8,ALNERWICK,2570,Johnnie Walker Gold Rsv,750mL,9,79.99,2024-12-31
38_GOULCREST_23860,38,GOULCREST,23860,Concannon Founder Cab Svgn,750mL,96,16.99,2024-12-31
34_PITMERDEN_281,34,PITMERDEN,281,Kamora Coffee Gift Pack,750mL,8,9.99,2024-12-31
20_BREDWARDINE_11038,20,BREDWARDINE,11038,Beringer Classic Merlot,750mL,44,6.99,2024-12-31
34_PITMERDEN_1249,34,PITMERDEN,1249,Jim Beam Apple,1.75L,48,24.99,2024-12-31
5_SUTTON_32649,5,SUTTON,32649,Beringer Classic Wh Merlot,1.5L,11,7.99,2024-12-31
39_EASTHALLOW_8170,39,EASTHALLOW,8170,Courvoisier VS Cognac,50mL,1,2.99,2024-12-31
12_LEESIDE_31909,12,LEESIDE,31909,Catena Lunlunta Malbec Argn,750mL,15,17.99,2024-12-31
22_SHARNWICK_29620,22,SHARNWICK,29620,Schmitt Sohne Kabinett,750mL,26,12.99,2024-12-31
25_CAERSHIRE_26557,25,CAERSHIRE,26557,King Est Pnt Gris Ore,750mL,14,18.99,2024-12-31
5_SUTTON_4152,5,SUTTON,4152,Jenkins Rum,750mL,19,4.99,2024-12-31
30_CULCHETH_5142,30,CULCHETH,5142,Carolans Irish Cream,1.75L,5,22.99,2024-12-31
2_ASHBORNE_2178,2,ASHBORNE,2178,Great King St Glasgow Blend,750mL,5,36.99,2024-12-31
19_WINTERVALE_8622,19,WINTERVALE,8622,Dom Perignon,750mL,6,139.99,2024-12-31
38_GOULCREST_26166,38,GOULCREST,26166,Black Stallion Est Svgn B 15,750mL,16,14.99,2024-12-31
11_CARDEND_2522,11,CARDEND,2522,The Macallan 10 Yr Fine Oak,750mL,18,49.99,2024-12-31
18_FURNESS_42764,18,FURNESS,42764,14 Hands Cab Svgn Wash,750mL,14,8.99,2024-12-31
29_AYLESBURY_5676,29,AYLESBURY,5676,Kinky Liqueur,50mL,24,1.99,2024-12-31
30_CULCHETH_14191,30,CULCHETH,14191,Ch Fage Graves de Vayres,750mL,9,11.99,2024-12-31
4_EANVERNESS_12181,4,EANVERNESS,12181,Cakebread Chard,750mL,2,37.99,2024-12-31
32_MOUNTMEND_29081,32,MOUNTMEND,29081,Beringer Wh Znfdl/Chard LVS,750mL,4,9.99,2024-12-31
15_WANBORNE_36383,15,WANBORNE,36383,F Coppola Sofia Bl de Bl,750mL,7,14.99,2024-12-31
34_PITMERDEN_27502,34,PITMERDEN,27502,Ma Serenite Corbieres Langue,750mL,36,14.99,2024-12-31
25_CAERSHIRE_1189,25,CAERSHIRE,1189,Mad River 3 Pack Revolution,200mL 3 Pk,10,49.99,2024-12-31
15_WANBORNE_25603,15,WANBORNE,25603,Verrazzano Chianti Clsc,750mL,11,17.99,2024-12-31
4_EANVERNESS_2924,4,EANVERNESS,2924,Speyburn 10-Yr Single Malt,750mL,6,23.99,2024-12-31
15_WANBORNE_1728,15,WANBORNE,1728,Aberlour 16 Year Old Single,750mL,3,59.99,2024-12-31
34_PITMERDEN_18534,34,PITMERDEN,18534,Candia Vyds Black Ice,375mL,17,27.99,2024-12-31
24_PALPERROTH_8172,24,PALPERROTH,8172,DK Burst Blustery Peppermint,50mL,169,0.99,2024-12-31
14_BROMWICH_29431,14,BROMWICH,29431,Clos du Val Cab Svgn Napa,750mL,6,54.99,2024-12-31
15_WANBORNE_26175,15,WANBORNE,26175,Tom Gore Svgn Bl,750mL,12,12.99,2024-12-31
7_STANMORE_41714,7,STANMORE,41714,Fish Eye Pnt Grigio,750mL,19,5.99,2024-12-31
1_HARDERSFIELD_22194,1,HARDERSFIELD,22194,Placido Pinot Grigio Venezi,1.5L,18,12.99,2024-12-31
4_EANVERNESS_4197,4,EANVERNESS,4197,Sailor Jerry Spiced Rum Trav,750mL,11,18.99,2024-12-31
33_HORNSEY_6654,33,HORNSEY,6654,Veuve Clicquot Brut Yellow,750mL,75,39.99,2024-12-31
38_GOULCREST_10380,38,GOULCREST,10380,Santa Cristina Pnt Grigio,750mL,23,10.99,2024-12-31
6_GOULCREST_4683,6,GOULCREST,4683,Hennessy VS Cognac,50mL,74,3.99,2024-12-31
19_WINTERVALE_24086,19,WINTERVALE,24086,Hess Select Chard,750mL,34,12.99,2024-12-31
6_GOULCREST_3237,6,GOULCREST,3237,Firefly Sweet Tea Vodka,1.75L,3,23.99,2024-12-31
34_PITMERDEN_27513,34,PITMERDEN,27513,Garage Wine Co Cab Svgn,750mL,4,34.99,2024-12-31
21_BALERNO_7917,21,BALERNO,7917,Tooters Ala-Bama Slama 15 Pk,375mL,12,8.99,2024-12-31
26_KNIFE'S EDGE_7991,26,KNIFE'S EDGE,7991,Stock Italian X Dry Vermouth,1.5L,5,8.99,2024-12-31
23_ARBINGTON_27512,23,ARBINGTON,27512,Warre's Late Bottled Vintage,750mL,0,22.99,2024-12-31
36_LEWES_4222,36,LEWES,4222,Bacardi Gold Rum,750mL,7,9.99,2024-12-31
4_EANVERNESS_20781,4,EANVERNESS,20781,Steele Clear Lake Merlot Cty,750mL,9,14.99,2024-12-31
1_HARDERSFIELD_857,1,HARDERSFIELD,857,Kahlua,Liter,60,22.99,2024-12-31
14_BROMWICH_21957,14,BROMWICH,21957,Cooks Spumante,750mL,9,6.99,2024-12-31
33_HORNSEY_13550,33,HORNSEY,13550,Z Znfdl Tom Eddy,500mL,9,50.99,2024-12-31
17_OLDHAM_2520,17,OLDHAM,2520,The Macallan 12 Yr Old,750mL,4,54.99,2024-12-31
10_HORNSEY_46453,10,HORNSEY,46453,Mason Clrs Svgn Bl Pomelo,750mL,12,12.99,2024-12-31
7_STANMORE_27158,7,STANMORE,27158,Ch Lamonthe St Germain Brdx,750mL,4,10.99,2024-12-31
30_CULCHETH_2878,30,CULCHETH,2878,Hudson Four Grain Bourbon,375mL,3,39.99,2024-12-31
40_BULLMAR_4817,40,BULLMAR,4817,Skyy Infusions TX Grapefruit,750mL,6,12.99,2024-12-31
35_HALIVAARA_24455,35,HALIVAARA,24455,Franciscan Cab Svgn Napa,750mL,8,16.98,2024-12-31
14_BROMWICH_29248,14,BROMWICH,29248,Toasted Head Chard,750mL,40,9.99,2024-12-31
17_OLDHAM_18813,17,OLDHAM,18813,Sweet Baby Vyds Raspberry,375mL,3,11.99,2024-12-31
2_ASHBORNE_26383,2,ASHBORNE,26383,Buehler Chard RRV,750mL,76,11.99,2024-12-31
29_AYLESBURY_5342,29,AYLESBURY,5342,Grand Marnier,750mL,5,27.99,2024-12-31
38_GOULCREST_28980,38,GOULCREST,28980,Far Niente Cab Svgn Napa,750mL,11,154.99,2024-12-31
18_FURNESS_6694,18,FURNESS,6694,Lindemans Bin 65 Chard,750mL,14,7.99,2024-12-31
14_BROMWICH_3534,14,BROMWICH,3534,Milagro Silver Tequila,750mL,12,25.99,2024-12-31
16_LUNDY_26391,16,LUNDY,26391,Pepperwood Grove Chard,750mL,8,7.99,2024-12-31
37_PAETHSMOUTH_24456,37,PAETHSMOUTH,24456,Franciscan Est Chard Napa,750mL,7,15.99,2024-12-31
25_CAERSHIRE_3883,25,CAERSHIRE,3883,Hornitos Lime Shot Tequila,750mL,14,22.99,2024-12-31
20_BREDWARDINE_18641,20,BREDWARDINE,18641,Yellow Tail Big Bold Red,1.5L,10,8.95,2024-12-31
6_GOULCREST_435,6,GOULCREST,435,Il Tramonto Limoncello,750mL,9,15.99,2024-12-31
23_ARBINGTON_2655,23,ARBINGTON,2655,James Oliver Rye Whisky,750mL,6,29.99,2024-12-31
11_CARDEND_5153,11,CARDEND,5153,Fireball Cinn Whisky Trav,750mL,19,13.99,2024-12-31
14_BROMWICH_12123,14,BROMWICH,12123,Barefoot Cellars Rsl,750mL,17,4.99,2024-12-31
18_FURNESS_126,18,FURNESS,126,Grey Goose Vodka,Liter,7,29.99,2024-12-31
6_GOULCREST_889,6,GOULCREST,889,DeKuyper Sour Apple Pucker,Liter,24,8.99,2024-12-31
10_HORNSEY_33028,10,HORNSEY,33028,Rombauer Cab Svgn Napa,750mL,8,49.99,2024-12-31
33_HORNSEY_4153,33,HORNSEY,4153,Jenkins Rum,1.75L,16,11.99,2024-12-31
30_CULCHETH_3283,30,CULCHETH,3283,New Amsterdam Apple Vodka,750mL,14,8.99,2024-12-31
34_PITMERDEN_5192,34,PITMERDEN,5192,Kahlua Mocha,750mL,2,18.99,2024-12-31
34_PITMERDEN_24475,34,PITMERDEN,24475,Bertagna Vougeot La Perrier,750mL,1,94.99,2024-12-31
28_LARNWICK_7221,28,LARNWICK,7221,M & R Sweet Vermouth,1.5L,5,10.49,2024-12-31
4_EANVERNESS_6234,4,EANVERNESS,6234,C Y Toro Front Cab/Merlot,1.5L,23,10.99,2024-12-31
17_OLDHAM_2290,17,OLDHAM,2290,Jim Beam Devils Cut Bourbon,750mL,14,23.99,2024-12-31
15_WANBORNE_5747,15,WANBORNE,5747,Malibu Pineapple Rum,750mL,44,12.99,2024-12-31
12_LEESIDE_8288,12,LEESIDE,8288,Korbel Brut,750mL,30,11.99,2024-12-31
25_CAERSHIRE_16189,25,CAERSHIRE,16189,Frescobaldi Tenuta Castglni,750mL,12,15.99,2024-12-31
33_HORNSEY_194,33,HORNSEY,194,Yazi Ginger Vodka,750mL,1,29.99,2024-12-31
34_PITMERDEN_12110,34,PITMERDEN,12110,La Crema Chardonnay Monterey,750mL,31,15.99,2024-12-31
23_ARBINGTON_21058,23,ARBINGTON,21058,Ayala Brut Majeur,750mL,5,39.99,2024-12-31
7_STANMORE_1988,7,STANMORE,1988,Hardy V.S. Cognac,750mL,6,29.99,2024-12-31
32_MOUNTMEND_18636,32,MOUNTMEND,18636,Castello di Cacchiano Rosso,750mL,7,15.99,2024-12-31
9_BLACKPOOL_46447,9,BLACKPOOL,46447,Gascon Malbec Mendoza,750mL,18,10.99,2024-12-31
19_WINTERVALE_1380,19,WINTERVALE,1380,Bulleit 95 Rye,1.75L,14,47.99,2024-12-31
7_STANMORE_13458,7,STANMORE,13458,Ch Ste Michelle Harvest Rsl,750mL,13,8.99,2024-12-31
6_GOULCREST_2912,6,GOULCREST,2912,Platte Valley KY Corn Whisky,750mL,11,16.99,2024-12-31
26_KNIFE'S EDGE_8236,26,KNIFE'S EDGE,8236,Jim Beam,50mL,63,1.49,2024-12-31
7_STANMORE_12775,7,STANMORE,12775,Joel Gott Svgn Bl,750mL,17,9.99,2024-12-31
5_SUTTON_6596,5,SUTTON,6596,Kenwood Svgn Bl Sonoma,750mL,6,10.99,2024-12-31
39_EASTHALLOW_5662,39,EASTHALLOW,5662,Skinnygirl W Peach Margarita,750mL,6,10.99,2024-12-31
33_HORNSEY_47009,33,HORNSEY,47009,Torino Don David RSV Malbec,750mL,17,13.49,2024-12-31
10_HORNSEY_23415,10,HORNSEY,23415,Darkhorse Svgn Bl,750mL,9,7.99,2024-12-31
4_EANVERNESS_6216,4,EANVERNESS,6216,Taylor Tawny Port,1.5L,3,7.99,2024-12-31
38_GOULCREST_5490,38,GOULCREST,5490,DeKuyper Hot Damn Cinnamon,50mL,104,0.99,2024-12-31
30_CULCHETH_16289,30,CULCHETH,16289,Barefoot Bubbly Pink Moscato,750mL,18,6.95,2024-12-31
34_PITMERDEN_41605,34,PITMERDEN,41605,Charles Heidsieck Brut RSV,750mL,6,62.99,2024-12-31
38_GOULCREST_5394,38,GOULCREST,5394,Goldschlager Cinnamon Schnap,375mL,8,10.99,2024-12-31
32_MOUNTMEND_4299,32,MOUNTMEND,4299,Capt Morgan White Grapefruit,750mL,47,14.99,2024-12-31
21_BALERNO_1376,21,BALERNO,1376,Jim Beam,1.75L,111,20.99,2024-12-31
36_LEWES_5669,36,LEWES,5669,Fabrizia Blood Orange,750mL,33,16.99,2024-12-31
23_ARBINGTON_16692,23,ARBINGTON,16692,Chartron Trebuchet Chard Bou,750mL,13,16.99,2024-12-31
14_BROMWICH_5246,14,BROMWICH,5246,Bacardi Party Drinks Zombie,1.75L,9,15.99,2024-12-31
25_CAERSHIRE_984,25,CAERSHIRE,984,Patron XO Cafe Liqueur,750mL,20,25.99,2024-12-31
23_ARBINGTON_7130,23,ARBINGTON,7130,Smirnoff Green Apple Vodka,1.75L,11,15.99,2024-12-31
38_GOULCREST_44494,38,GOULCREST,44494,Smoking Loon Pnt Grigio Cal,750mL,114,6.79,2024-12-31
34_PITMERDEN_26534,34,PITMERDEN,26534,Lazzaroni Dry Marsala,750mL,6,8.99,2024-12-31
12_LEESIDE_11456,12,LEESIDE,11456,Burgess Cab Svgn Napa,750mL,11,34.99,2024-12-31
32_MOUNTMEND_4075,32,MOUNTMEND,4075,Bacardi Pineapple Fusion,1.75L,6,19.99,2024-12-31
23_ARBINGTON_15891,23,ARBINGTON,15891,Farnum Hill Dooryard Cider,750mL,0,11.99,2024-12-31
20_BREDWARDINE_2374,20,BREDWARDINE,2374,Tullamore Dew,1.75L,37,39.99,2024-12-31
7_STANMORE_7340,7,STANMORE,7340,Viniq Shimmery Liqueur,750mL,6,18.99,2024-12-31
23_ARBINGTON_14710,23,ARBINGTON,14710,Ch Tanunda Gr Barossa Shiraz,750mL,6,16.99,2024-12-31
11_CARDEND_7985,11,CARDEND,7985,Noilly Prat Extra Dry Vermou,Liter,8,9.99,2024-12-31
35_HALIVAARA_5747,35,HALIVAARA,5747,Malibu Pineapple Rum,750mL,12,12.99,2024-12-31
10_HORNSEY_6319,10,HORNSEY,6319,Santa Cristina Toscana,750mL,22,10.99,2024-12-31
10_HORNSEY_46202,10,HORNSEY,46202,Yellow Tail Pnt Grigio Ausl,1.5L,52,8.95,2024-12-31
20_BREDWARDINE_3951,20,BREDWARDINE,3951,Hornitos Reposado Tequila,50mL,36,2.49,2024-12-31
15_WANBORNE_16189,15,WANBORNE,16189,Frescobaldi Tenuta Castglni,750mL,0,15.99,2024-12-31
16_LUNDY_3830,16,LUNDY,3830,Grey Goose L'Orange Vodka,750mL,5,23.99,2024-12-31
22_SHARNWICK_20706,22,SHARNWICK,20706,A Proper Claret,750mL,2,15.99,2024-12-31
4_EANVERNESS_3591,4,EANVERNESS,3591,Absolut Vanilia,750mL,23,17.99,2024-12-31
28_LARNWICK_1962,28,LARNWICK,1962,Jim Beam Apple,750mL,13,14.99,2024-12-31
38_GOULCREST_22264,38,GOULCREST,22264,Cuttings Cab Svgn,750mL,7,49.99,2024-12-31
23_ARBINGTON_36859,23,ARBINGTON,36859,Brancott Pnt Nr Marlboro,750mL,11,9.99,2024-12-31
21_BALERNO_5833,21,BALERNO,5833,Patron Roca Silver Tequila,750mL,8,69.99,2024-12-31
31_HORNSEY_39631,31,HORNSEY,39631,Red Truck Cal,750mL,10,7.99,2024-12-31
1_HARDERSFIELD_23356,1,HARDERSFIELD,23356,Bacio Divino 12 Pazzo,750mL,42,21.99,2024-12-31
15_WANBORNE_2532,15,WANBORNE,2532,The Macallan 12 Yr Old,1.75L,15,146.99,2024-12-31
20_BREDWARDINE_34393,20,BREDWARDINE,34393,Valckenberg Gewurz Pfalz,750mL,17,11.99,2024-12-31
25_CAERSHIRE_11227,25,CAERSHIRE,11227,Girard Svgn Bl Napa Vly,750mL,8,16.99,2024-12-31
39_EASTHALLOW_4263,39,EASTHALLOW,4263,Capt Morgan Silver Spicd Rum,750mL,5,16.99,2024-12-31
7_STANMORE_4249,7,STANMORE,4249,Capt Morgan White Coconut,750mL,15,14.99,2024-12-31
36_LEWES_3568,36,LEWES,3568,Pearl Cucumber Vodka,50mL,64,0.99,2024-12-31
33_HORNSEY_3133,33,HORNSEY,3133,Svedka Strwbry Lemonad Vodka,750mL,16,10.99,2024-12-31
7_STANMORE_3040,7,STANMORE,3040,Tito's Handmade Vodka,Liter,9,23.99,2024-12-31
20_BREDWARDINE_178,20,BREDWARDINE,178,W Turkey Russell's RSV 10 Yr,750mL,4,26.99,2024-12-31
18_FURNESS_4195,18,FURNESS,4195,Calico Jack Spiced Rum No 94,750mL,4,10.99,2024-12-31
11_CARDEND_8053,11,CARDEND,8053,Seagrams 7 Crown,50mL,126,0.99,2024-12-31
8_ALNERWICK_6946,8,ALNERWICK,6946,Rosemount Diamond Cab Svgn,750mL,18,8.99,2024-12-31
40_BULLMAR_7143,40,BULLMAR,7143,Smirnoff Watermelon Vodka,1.75L,4,18.99,2024-12-31
23_ARBINGTON_22027,23,ARBINGTON,22027,Jacobs Crk Cab Svgn,750mL,5,5.99,2024-12-31
6_GOULCREST_27802,6,GOULCREST,27802,Moet & Chandon Imperial,375mL,0,24.49,2024-12-31
10_HORNSEY_17329,10,HORNSEY,17329,Sean Minor 4B Paso Cab Svgn,750mL,5,14.99,2024-12-31
18_FURNESS_4187,18,FURNESS,4187,Kraken Black Spiced Rum 94P,750mL,10,20.99,2024-12-31
2_ASHBORNE_8893,2,ASHBORNE,8893,Yukon Jack,750mL,5,16.99,2024-12-31
13_TARMSWORTH_2522,13,TARMSWORTH,2522,The Macallan 10 Yr Fine Oak,750mL,12,49.99,2024-12-31
32_MOUNTMEND_381,32,MOUNTMEND,381,Baileys Irish Cream w/2 Mugs,750mL,11,19.99,2024-12-31
25_CAERSHIRE_1817,25,CAERSHIRE,1817,Irishman Founders RSV Whisky,750mL,6,21.99,2024-12-31
4_EANVERNESS_2130,4,EANVERNESS,2130,Bully Boy American Whiskey,750mL,7,29.99,2024-12-31
7_STANMORE_37785,7,STANMORE,37785,Lindemans Bin 40 Merlot,1.5L,5,11.99,2024-12-31
15_WANBORNE_4246,15,WANBORNE,4246,Bacardi Superior Rum,375mL,64,5.49,2024-12-31
29_AYLESBURY_8506,29,AYLESBURY,8506,Myers Original Dark Rum,1.75L,19,27.99,2024-12-31
28_LARNWICK_27831,28,LARNWICK,27831,Wild Horse CC Chard,750mL,18,15.99,2024-12-31
32_MOUNTMEND_35913,32,MOUNTMEND,35913,Stone Cellars Cab Svgn,1.5L,21,8.99,2024-12-31
1_HARDERSFIELD_1886,1,HARDERSFIELD,1886,Seagrams 7 Crown,750mL,15,10.99,2024-12-31
21_BALERNO_33370,21,BALERNO,33370,Whitehall Lane Cab Svgn Napa,750mL,9,38.99,2024-12-31
4_EANVERNESS_6854,4,EANVERNESS,6854,Carlo Rossi Burgundy Calif,4L,4,14.99,2024-12-31
34_PITMERDEN_25603,34,PITMERDEN,25603,Verrazzano Chianti Clsc,750mL,17,17.99,2024-12-31
21_BALERNO_21321,21,BALERNO,21321,Rex Goliath Red Sangria,750mL,6,5.99,2024-12-31
34_PITMERDEN_31971,34,PITMERDEN,31971,Trinchero Main St Cab Svgn,750mL,13,8.99,2024-12-31
15_WANBORNE_11441,15,WANBORNE,11441,Frei Bros Rsv Znfdl,750mL,8,16.99,2024-12-31
22_SHARNWICK_28163,22,SHARNWICK,28163,Villa Maria Svgn Bl Pvt Bin,750mL,12,11.99,2024-12-31
20_BREDWARDINE_7718,20,BREDWARDINE,7718,Andre Pink,750mL,15,5.49,2024-12-31
16_LUNDY_38370,16,LUNDY,38370,Oyster Bay Svgn Bl Marlboro,750mL,35,10.99,2024-12-31
12_LEESIDE_3476,12,LEESIDE,3476,Reyka Vodka,750mL,6,19.99,2024-12-31
31_HORNSEY_10443,31,HORNSEY,10443,Kung Fu Girl Riesling,750mL,7,11.99,2024-12-31
20_BREDWARDINE_8491,20,BREDWARDINE,8491,Forbidden Secret Dark Mocha,750mL,6,19.99,2024-12-31
37_PAETHSMOUTH_17177,37,PAETHSMOUTH,17177,Beringer Classic Merlot,1.5L,18,7.99,2024-12-31
34_PITMERDEN_25584,34,PITMERDEN,25584,Rex Hill Seven Soils Chard,750mL,0,10.99,2024-12-31
38_GOULCREST_27171,38,GOULCREST,27171,Gagliole 13 Rubiolo Chianti,750mL,23,15.99,2024-12-31
23_ARBINGTON_11154,23,ARBINGTON,11154,Canyon Road Cab Svgn,1.5L,6,8.99,2024-12-31
32_MOUNTMEND_8053,32,MOUNTMEND,8053,Seagrams 7 Crown,50mL,138,0.99,2024-12-31
27_MOUNTMEND_6984,27,MOUNTMEND,6984,Kendall Jackson Vntrs RSV Me,750mL,49,15.99,2024-12-31
37_PAETHSMOUTH_7993,37,PAETHSMOUTH,7993,Stock Italian X Dry Vermouth,750mL,11,6.49,2024-12-31
36_LEWES_8421,36,LEWES,8421,Beringer Classic Wh Znfdl,750mL,25,6.99,2024-12-31
21_BALERNO_32968,21,BALERNO,32968,Alice White Chard Ausl,1.5L,13,13.99,2024-12-31
33_HORNSEY_2161,33,HORNSEY,2161,Canadian Club Classic,750mL,17,19.99,2024-12-31
35_HALIVAARA_6081,35,HALIVAARA,6081,Kinky Blue Liqueur,50mL,5,1.99,2024-12-31
34_PITMERDEN_24022,34,PITMERDEN,24022,Fulchino Vyds 603 Red,750mL,5,14.99,2024-12-31
3_HORNSEY_27429,3,HORNSEY,27429,Grahams Six Grapes,750mL,8,19.99,2024-12-31
40_BULLMAR_7982,40,BULLMAR,7982,M & R Sweet Vermouth,750mL,10,7.49,2024-12-31
9_BLACKPOOL_3893,9,BLACKPOOL,3893,Zhenka 80 Proof,1.75L,97,9.99,2024-12-31
33_HORNSEY_3016,33,HORNSEY,3016,Bombay Sapphire East Gin,750mL,13,19.99,2024-12-31
17_OLDHAM_6879,17,OLDHAM,6879,Maurice's Mentholated Mint,50mL,24,0.99,2024-12-31
4_EANVERNESS_21609,4,EANVERNESS,21609,Josh Cellars Legacy Red,750mL,5,13.99,2024-12-31
28_LARNWICK_7978,28,LARNWICK,7978,M & R X Dry Vermouth,750mL,14,7.49,2024-12-31
20_BREDWARDINE_2143,20,BREDWARDINE,2143,Canadian Mist,1.75L,26,13.99,2024-12-31
25_CAERSHIRE_4174,25,CAERSHIRE,4174,Kraken Black Spiced Rum 94P,1.75L,11,28.99,2024-12-31
24_PALPERROTH_1767,24,PALPERROTH,1767,Buffalo Trace Bourbon,750mL,12,25.99,2024-12-31
21_BALERNO_5133,21,BALERNO,5133,E&J Apple Brandy,750mL,10,8.99,2024-12-31
27_MOUNTMEND_3253,27,MOUNTMEND,3253,Gilbeys London Dry,1.75L,47,11.99,2024-12-31
4_EANVERNESS_10254,4,EANVERNESS,10254,Beringer Classic Chard,750mL,1,6.99,2024-12-31
32_MOUNTMEND_43922,32,MOUNTMEND,43922,Farnum Hill Farmhouse Cider,750mL,0,8.99,2024-12-31
16_LUNDY_5713,16,LUNDY,5713,DeKuyper Sour Apple Pucker,1.75L,8,16.99,2024-12-31
2_ASHBORNE_159,2,ASHBORNE,159,Glenmorangie Original VAP,750mL + 2/,3,34.99,2024-12-31
7_STANMORE_6126,7,STANMORE,6126,Sogno di Sorrento Crema Lem,750mL,6,25.99,2024-12-31
39_EASTHALLOW_38652,39,EASTHALLOW,38652,Carpineto Chianti Clsc RSV,750mL,24,20.99,2024-12-31
22_SHARNWICK_3045,22,SHARNWICK,3045,Pinnacle Salted Caramel,750mL,12,10.99,2024-12-31
9_BLACKPOOL_8620,9,BLACKPOOL,8620,Sambuca Romana,375mL,16,11.99,2024-12-31
13_TARMSWORTH_3485,13,TARMSWORTH,3485,Luksusowa Potato Vodka,1.75L,4,18.99,2024-12-31
9_BLACKPOOL_12901,9,BLACKPOOL,12901,Madria Sangria,1.5L,5,8.99,2024-12-31
40_BULLMAR_8296,40,BULLMAR,8296,Knob Creek Smoked Maple,750mL,6,29.99,2024-12-31
33_HORNSEY_28947,33,HORNSEY,28947,R M Woodbridge Merlot Cal,1.5L,42,8.99,2024-12-31
32_MOUNTMEND_22583,32,MOUNTMEND,22583,Cambria Benchbreak Pnt Nr,750mL,45,19.99,2024-12-31
15_WANBORNE_2821,15,WANBORNE,2821,Auchentoshan American Oak,750mL,7,37.99,2024-12-31
11_CARDEND_21609,11,CARDEND,21609,Josh Cellars Legacy Red,750mL,7,13.99,2024-12-31
15_WANBORNE_4689,15,WANBORNE,4689,Hennessy Privilege VSOP,750mL,7,46.99,2024-12-31
15_WANBORNE_6213,15,WANBORNE,6213,Taylor Red Port,1.5L,20,7.99,2024-12-31
29_AYLESBURY_14393,29,AYLESBURY,14393,Ch Montaud Cotes de Prov Rse,750mL,9,11.99,2024-12-31
5_SUTTON_4829,5,SUTTON,4829,Mr Boston Blackberry Brandy,1.75L,13,13.99,2024-12-31
14_BROMWICH_4783,14,BROMWICH,4783,Mr Boston Apricot Brandy,1.75L,0,13.99,2024-12-31
31_HORNSEY_6946,31,HORNSEY,6946,Rosemount Diamond Cab Svgn,750mL,18,8.99,2024-12-31
24_PALPERROTH_6755,24,PALPERROTH,6755,Peter Vella Chablis B/B,5L,8,14.99,2024-12-31
22_SHARNWICK_24829,22,SHARNWICK,24829,Cecchi Chianti Classico,750mL,14,11.99,2024-12-31
38_GOULCREST_3172,38,GOULCREST,3172,Skyy Infusions Blood Orange,750mL,14,12.99,2024-12-31
36_LEWES_32675,36,LEWES,32675,Blackstone Cab Svgn Cal,750mL,31,7.99,2024-12-31
18_FURNESS_5952,18,FURNESS,5952,Jagermeister Liqueur,50mL,48,1.99,2024-12-31
23_ARBINGTON_5626,23,ARBINGTON,5626,Baja Luna Black Raspberry,750mL,20,9.99,2024-12-31
34_PITMERDEN_2991,34,PITMERDEN,2991,Tullibardine Single Malt,750mL,7,49.99,2024-12-31
34_PITMERDEN_1767,34,PITMERDEN,1767,Buffalo Trace Bourbon,750mL,86,25.99,2024-12-31
7_STANMORE_3378,7,STANMORE,3378,High West Rendezvous Rye,750mL,2,55.99,2024-12-31
23_ARBINGTON_44828,23,ARBINGTON,44828,Nicolis Valpo Clsc,750mL,10,13.99,2024-12-31
25_CAERSHIRE_27012,25,CAERSHIRE,27012,Bouchard Aine & Fils B Pnt N,750mL,8,16.99,2024-12-31
4_EANVERNESS_4131,4,EANVERNESS,4131,Sea Hagg Blueberry Rum,750mL,6,27.99,2024-12-31
26_KNIFE'S EDGE_3725,26,KNIFE'S EDGE,3725,Three Olives Pomegranate,750mL,8,14.99,2024-12-31
37_PAETHSMOUTH_28889,37,PAETHSMOUTH,28889,Peter Vella Chard Cal B/B,5L,9,15.49,2024-12-31
18_FURNESS_4298,18,FURNESS,4298,Bacardi Raspberry Rum,50mL,78,0.99,2024-12-31
25_CAERSHIRE_4438,25,CAERSHIRE,4438,Cruzan Black Cherry Rum,750mL,5,9.99,2024-12-31
9_BLACKPOOL_5137,9,BLACKPOOL,5137,Irish Manor Irish Cream,750mL,14,9.99,2024-12-31
33_HORNSEY_15902,33,HORNSEY,15902,Kosta Browne Pnt Nr RRV,750mL,10,92.99,2024-12-31
14_BROMWICH_14930,14,BROMWICH,14930,Yellow Tail Moscato,1.5L,18,8.95,2024-12-31
32_MOUNTMEND_3784,32,MOUNTMEND,3784,Margaritaville Gold Tequila,750mL,13,9.99,2024-12-31
16_LUNDY_13430,16,LUNDY,13430,Agua de Piedra Malbec Selccn,750mL,7,11.99,2024-12-31
21_BALERNO_8537,21,BALERNO,8537,Dom Chandon Brut Cuvee,750mL,66,13.99,2024-12-31
30_CULCHETH_23889,30,CULCHETH,23889,Corbett Canyon Wh Znfdl,1.5L,7,8.99,2024-12-31
14_BROMWICH_6694,14,BROMWICH,6694,Lindemans Bin 65 Chard,750mL,15,7.99,2024-12-31
26_KNIFE'S EDGE_1397,26,KNIFE'S EDGE,1397,Jim Beam Kentucky Fire,750mL,8,14.99,2024-12-31
1_HARDERSFIELD_21951,1,HARDERSFIELD,21951,Ruffino Aziano Chianti Clsc,750mL,20,12.99,2024-12-31
27_MOUNTMEND_3040,27,MOUNTMEND,3040,Tito's Handmade Vodka,Liter,6,23.99,2024-12-31
34_PITMERDEN_44859,34,PITMERDEN,44859,Man Cab Svgn Western Cape,750mL,8,10.99,2024-12-31
25_CAERSHIRE_4280,25,CAERSHIRE,4280,Capt Morgan Parrot Bay Coco,1.75L,3,23.99,2024-12-31
34_PITMERDEN_1781,34,PITMERDEN,1781,W Turkey Russells Rsv S Barr,750mL,48,49.99,2024-12-31
25_CAERSHIRE_42766,25,CAERSHIRE,42766,14 Hands Merlot Wash,750mL,18,8.99,2024-12-31
33_HORNSEY_31487,33,HORNSEY,31487,Barefoot Bubbly Brut Cve,750mL,17,6.95,2024-12-31
10_HORNSEY_3799,10,HORNSEY,3799,La Pinta Pomegranate Liqueur,750mL,6,34.99,2024-12-31
7_STANMORE_6234,7,STANMORE,6234,C Y Toro Front Cab/Merlot,1.5L,86,10.99,2024-12-31
34_PITMERDEN_18741,34,PITMERDEN,18741,Ca'Momi Pinot Noir Napa Vall,750mL,8,21.99,2024-12-31
21_BALERNO_2757,21,BALERNO,2757,Johnnie Walker Red Label,1.75L,278,28.99,2024-12-31
19_WINTERVALE_5490,19,WINTERVALE,5490,DeKuyper Hot Damn Cinnamon,50mL,33,0.99,2024-12-31
5_SUTTON_9145,5,SUTTON,9145,Smirnoff Kissed Caramel,50mL,30,0.99,2024-12-31
24_PALPERROTH_5168,24,PALPERROTH,5168,Kahlua French Vanilla,750mL,8,18.99,2024-12-31
34_PITMERDEN_23870,34,PITMERDEN,23870,Col-di-Sasso Sangiovese/Cab,750mL,10,10.99,2024-12-31
12_LEESIDE_1801,12,LEESIDE,1801,Jack Daniels Tennesse Fire,375mL,22,12.99,2024-12-31
6_GOULCREST_482,6,GOULCREST,482,Absolut 80 Proof,Liter,83,21.99,2024-12-31
33_HORNSEY_3763,33,HORNSEY,3763,Patron Anejo Tequila,375mL,13,27.99,2024-12-31
30_CULCHETH_3436,30,CULCHETH,3436,Bombay Dry Gin,1.75L,24,24.99,2024-12-31
23_ARBINGTON_1073,23,ARBINGTON,1073,Straw Boys Poitin,750mL,12,34.99,2024-12-31
10_HORNSEY_6249,10,HORNSEY,6249,Rodney Strong Chard,750mL,34,10.95,2024-12-31
11_CARDEND_3882,11,CARDEND,3882,Smirnoff Strawberry Vodka,750mL,21,10.99,2024-12-31
36_LEWES_6216,36,LEWES,6216,Taylor Tawny Port,1.5L,9,7.99,2024-12-31
15_WANBORNE_8448,15,WANBORNE,8448,Cruzan Aged Dark Rum,750mL,15,9.99,2024-12-31
35_HALIVAARA_4135,35,HALIVAARA,4135,Smirnoff Blueberry Vodka,50mL,170,0.99,2024-12-31
38_GOULCREST_1071,38,GOULCREST,1071,Straw Boys Vodka,750mL,60,19.99,2024-12-31
21_BALERNO_2114,21,BALERNO,2114,Black Velvet Canadian Whisky,1.75L,101,12.99,2024-12-31
17_OLDHAM_5101,17,OLDHAM,5101,Dr McGillicuddy's Mentholmnt,750mL,22,13.99,2024-12-31
25_CAERSHIRE_16441,25,CAERSHIRE,16441,Bota Box RedVolution,3L,3,17.99,2024-12-31
34_PITMERDEN_43673,34,PITMERDEN,43673,Blackstone Montry Pnt Grigio,750mL,10,8.99,2024-12-31
15_WANBORNE_6351,15,WANBORNE,6351,Kendall Jackson Vntr RSV Cab,750mL,46,16.99,2024-12-31
17_OLDHAM_19453,17,OLDHAM,19453,Wente Southern Hill Cab Svgn,750mL,3,13.99,2024-12-31
8_ALNERWICK_20357,8,ALNERWICK,20357,Apothic Dark,750mL,33,7.99,2024-12-31
30_CULCHETH_19662,30,CULCHETH,19662,Santa Rita 120 Svgn Bl,750mL,3,5.99,2024-12-31
17_OLDHAM_2114,17,OLDHAM,2114,Black Velvet Canadian Whisky,1.75L,52,12.99,2024-12-31
5_SUTTON_32924,5,SUTTON,32924,Silverado Cab Svgn Napa,750mL,2,46.99,2024-12-31
30_CULCHETH_8970,30,CULCHETH,8970,Ice Box Manhattan,1.75L,7,9.99,2024-12-31
35_HALIVAARA_6828,35,HALIVAARA,6828,Santa Rita RSV Cab Svgn,750mL,4,9.99,2024-12-31
17_OLDHAM_485,17,OLDHAM,485,Seagrams 7 Crown,Liter,4,12.99,2024-12-31
36_LEWES_3221,36,LEWES,3221,Pinnacle Raspberry Vodka,750mL,8,9.99,2024-12-31
32_MOUNTMEND_2114,32,MOUNTMEND,2114,Black Velvet Canadian Whisky,1.75L,186,12.99,2024-12-31
5_SUTTON_3556,5,SUTTON,3556,Hard Rock Vodka,1.75L,0,12.99,2024-12-31
19_WINTERVALE_3244,19,WINTERVALE,3244,Burnetts Vodka,750mL,16,6.99,2024-12-31
39_EASTHALLOW_1094,39,EASTHALLOW,1094,Four Roses Single Barrel Brb,750mL,5,41.99,2024-12-31
27_MOUNTMEND_44234,27,MOUNTMEND,44234,A by Acacia Pnt Nr Cal,750mL,8,13.99,2024-12-31
28_LARNWICK_31915,28,LARNWICK,31915,F Coppola Diamond Chard,750mL,17,12.99,2024-12-31
11_CARDEND_43362,11,CARDEND,43362,Silver Oak Cab Svgn Napa,750mL,14,98.95,2024-12-31
7_STANMORE_46381,7,STANMORE,46381,Ghost Pines Merlot L Martini,750mL,26,16.99,2024-12-31
8_ALNERWICK_5630,8,ALNERWICK,5630,Cabin Fever Maple Liqueur,750mL,7,19.99,2024-12-31
4_EANVERNESS_4385,4,EANVERNESS,4385,Parrot Bay 90 Coconut Capt,1.75L,3,24.99,2024-12-31
23_ARBINGTON_24290,23,ARBINGTON,24290,Ch La Gr Metairie Entre Mers,750mL,5,12.99,2024-12-31
33_HORNSEY_27212,33,HORNSEY,27212,R Mondavi Cab Svgn Oakville,750mL,4,54.99,2024-12-31
32_MOUNTMEND_25036,32,MOUNTMEND,25036,Albola Pinot Grigio,750mL,57,10.99,2024-12-31
23_ARBINGTON_30602,23,ARBINGTON,30602,Zardetto Prosecco Conegliano,750mL,24,12.99,2024-12-31
40_BULLMAR_34504,40,BULLMAR,34504,Ca'Montini Pinot Grigio Tre,750mL,2,14.99,2024-12-31
32_MOUNTMEND_16477,32,MOUNTMEND,16477,Cupcake Angel Food,750mL,9,7.49,2024-12-31
27_MOUNTMEND_3608,27,MOUNTMEND,3608,Smirnoff Orange Vodka,50mL,89,0.99,2024-12-31
34_PITMERDEN_6950,34,PITMERDEN,6950,Solerno Blood Orange Liqueur,750mL,6,34.99,2024-12-31
29_AYLESBURY_540,29,AYLESBURY,540,Bacardi Pineapple Fusion,50mL,9,0.99,2024-12-31
20_BREDWARDINE_3086,20,BREDWARDINE,3086,Ciroc Coconut Vodka,1.75L,7,48.99,2024-12-31
29_AYLESBURY_32084,29,AYLESBURY,32084,Heidsieck Brut Monopole Epe,750mL,2,26.99,2024-12-31
4_EANVERNESS_44037,4,EANVERNESS,44037,Barefoot Pnt Grigio Cal,750mL,36,4.99,2024-12-31
25_CAERSHIRE_1715,25,CAERSHIRE,1715,Ole Smoky Apple Pie Moonshne,750mL,3,18.99,2024-12-31
34_PITMERDEN_44452,34,PITMERDEN,44452,Ravenswood Zen of Zin Znfdl,750mL,14,10.99,2024-12-31
35_HALIVAARA_16260,35,HALIVAARA,16260,The Dreaming Tree Cab Svgn,750mL,6,11.99,2024-12-31
15_WANBORNE_2991,15,WANBORNE,2991,Tullibardine Single Malt,750mL,3,49.99,2024-12-31
6_GOULCREST_7198,6,GOULCREST,7198,New Amsterdam Pineapple Vdka,750mL,3,10.99,2024-12-31
23_ARBINGTON_24592,23,ARBINGTON,24592,Vendange Cab Svgn,1.5L,23,7.99,2024-12-31
10_HORNSEY_25200,10,HORNSEY,25200,Le Prelat CdR Rouge,750mL,9,14.99,2024-12-31
23_ARBINGTON_4062,23,ARBINGTON,4062,Goslings Dark'N Stormy RTD,250mL 4 Pk,13,8.99,2024-12-31
15_WANBORNE_2729,15,WANBORNE,2729,Hell-Cat Maggie Irish Whisky,750mL,17,19.99,2024-12-31
13_TARMSWORTH_2780,13,TARMSWORTH,2780,Bulleit 10 Yr Old Bourbon,750mL,9,39.99,2024-12-31
34_PITMERDEN_22902,34,PITMERDEN,22902,Hermann J Wiemer Semi Dry Rs,750mL,13,16.99,2024-12-31
40_BULLMAR_2433,40,BULLMAR,2433,Crown Royal X R Extra Rare,750mL,2,131.99,2024-12-31
27_MOUNTMEND_42188,27,MOUNTMEND,42188,Moet & Chandon Nectar Imp Rs,750mL,252,49.99,2024-12-31
21_BALERNO_8284,21,BALERNO,8284,Suerte Reposado Tequila,750mL,8,39.99,2024-12-31
35_HALIVAARA_1886,35,HALIVAARA,1886,Seagrams 7 Crown,750mL,14,10.99,2024-12-31
30_CULCHETH_19191,30,CULCHETH,19191,Noble Vines The One Black,750mL,3,11.99,2024-12-31
34_PITMERDEN_22865,34,PITMERDEN,22865,Vino Dious Welsch Rsl 13,750mL,5,11.99,2024-12-31
34_PITMERDEN_11055,34,PITMERDEN,11055,Ramey Cab Svgn Napa,750mL,43,56.99,2024-12-31
8_ALNERWICK_17937,8,ALNERWICK,17937,Stark Raving Red,750mL,4,9.99,2024-12-31
7_STANMORE_44037,7,STANMORE,44037,Barefoot Pnt Grigio Cal,750mL,16,4.99,2024-12-31
15_WANBORNE_26187,15,WANBORNE,26187,Binyamina Cab Svgn,750mL,5,12.99,2024-12-31
36_LEWES_5445,36,LEWES,5445,Jagermeister Liqueur,750mL,74,14.99,2024-12-31
5_SUTTON_24996,5,SUTTON,24996,Lincourt Steel Chard,750mL,21,9.99,2024-12-31
19_WINTERVALE_43124,19,WINTERVALE,43124,Gekkeikan Nigori Sake,300mL,8,5.99,2024-12-31
32_MOUNTMEND_7363,32,MOUNTMEND,7363,BeatBox Fruit Punch,5L,18,19.99,2024-12-31
9_BLACKPOOL_37792,9,BLACKPOOL,37792,Blackstone Pnt Nr Monterey,750mL,10,7.99,2024-12-31
23_ARBINGTON_2344,23,ARBINGTON,2344,Bunnahabain 18Yr Single Malt,750mL,0,141.99,2024-12-31
11_CARDEND_2956,11,CARDEND,2956,Vat 69 Gold,1.75L,11,14.99,2024-12-31
6_GOULCREST_24489,6,GOULCREST,24489,Hunt & Harvest Cab Svgn,750mL,5,20.99,2024-12-31
27_MOUNTMEND_5367,27,MOUNTMEND,5367,Sambuca di Amore,750mL,20,9.99,2024-12-31
15_WANBORNE_20862,15,WANBORNE,20862,William Hill Est Cab Svgn NC,750mL,43,12.95,2024-12-31
34_PITMERDEN_27696,34,PITMERDEN,27696,Volpaia Chianti Classico RSV,750mL,7,28.99,2024-12-31
37_PAETHSMOUTH_9145,37,PAETHSMOUTH,9145,Smirnoff Kissed Caramel,50mL,44,0.99,2024-12-31
38_GOULCREST_3025,38,GOULCREST,3025,Ciroc Snap Frost Vodka,375mL,18,15.49,2024-12-31
6_GOULCREST_4878,6,GOULCREST,4878,Allens Coffee Brandy,750mL,13,6.99,2024-12-31
34_PITMERDEN_24722,34,PITMERDEN,24722,Feudo Saia Nero d'Avola,750mL,4,28.99,2024-12-31
10_HORNSEY_2520,10,HORNSEY,2520,The Macallan 12 Yr Old,750mL,18,54.99,2024-12-31
6_GOULCREST_14663,6,GOULCREST,14663,Spellbound Merlot,750mL,12,13.99,2024-12-31
19_WINTERVALE_3780,19,WINTERVALE,3780,Three Olives Raspberry Vodk,750mL,11,14.99,2024-12-31
27_MOUNTMEND_5251,27,MOUNTMEND,5251,DeKuyper Buttershots Schnpps,50mL,113,0.99,2024-12-31
34_PITMERDEN_32090,34,PITMERDEN,32090,Rutherford Ranch Cab Svgn,750mL,9,26.99,2024-12-31
21_BALERNO_2598,21,BALERNO,2598,Firefly Apple Pie Moonshine,750mL,1,16.99,2024-12-31
13_TARMSWORTH_8231,13,TARMSWORTH,8231,Folonari Valpolicella,1.5L,5,14.99,2024-12-31
6_GOULCREST_2250,6,GOULCREST,2250,Jack Daniels Family 5 Pk/50m,50mL 4 Pk,11,14.99,2024-12-31
21_BALERNO_17175,21,BALERNO,17175,Beringer Classic Cab Svgn,1.5L,24,7.99,2024-12-31
5_SUTTON_35411,5,SUTTON,35411,Yellow Tail Chard Ausl,750mL,19,7.99,2024-12-31
16_LUNDY_3344,16,LUNDY,3344,Bombay Sapphire Gin,750mL,16,19.99,2024-12-31
6_GOULCREST_2499,6,GOULCREST,2499,Crown Royal Black,750mL,3,27.99,2024-12-31
32_MOUNTMEND_311,32,MOUNTMEND,311,The Glenlivet w/2 50mLs Pak,750mL,4,42.99,2024-12-31
32_MOUNTMEND_8965,32,MOUNTMEND,8965,St George Absinthe Verte,750mL,3,54.99,2024-12-31
6_GOULCREST_3733,6,GOULCREST,3733,Patron Silver Tequila,1.75L,0,109.99,2024-12-31
37_PAETHSMOUTH_2619,37,PAETHSMOUTH,2619,Glenmorangie Original 10 Yr,1.75L,6,64.99,2024-12-31
13_TARMSWORTH_8671,13,TARMSWORTH,8671,Appleton Est Signature Rum,750mL,2,19.99,2024-12-31
40_BULLMAR_37312,40,BULLMAR,37312,Salmon Run NY Pnt Nr,750mL,9,15.99,2024-12-31
37_PAETHSMOUTH_6542,37,PAETHSMOUTH,6542,Melini Borghi D'Elsa Chiant,750mL,47,6.99,2024-12-31
38_GOULCREST_4320,38,GOULCREST,4320,D'Usse VSOP Cognac,750mL,9,48.99,2024-12-31
7_STANMORE_5330,7,STANMORE,5330,Kahlua White Russian RTD,1.75L,5,15.99,2024-12-31
32_MOUNTMEND_5015,32,MOUNTMEND,5015,Arrow Creme de Banana,750mL,13,7.99,2024-12-31
37_PAETHSMOUTH_6946,37,PAETHSMOUTH,6946,Rosemount Diamond Cab Svgn,750mL,19,8.99,2024-12-31
17_OLDHAM_8922,17,OLDHAM,8922,Taylor Lake Country Red,3L,6,7.99,2024-12-31
20_BREDWARDINE_25703,20,BREDWARDINE,25703,Murphy-Goode Svgn Bl,750mL,12,11.99,2024-12-31
9_BLACKPOOL_6651,9,BLACKPOOL,6651,Rocca Delle Macie Chianti C,750mL,11,11.99,2024-12-31
20_BREDWARDINE_4365,20,BREDWARDINE,4365,Calypso Silver Rum,50mL,76,0.99,2024-12-31
39_EASTHALLOW_4349,39,EASTHALLOW,4349,Sauza Blue Silver,750mL,10,15.99,2024-12-31
10_HORNSEY_8537,10,HORNSEY,8537,Dom Chandon Brut Cuvee,750mL,32,13.99,2024-12-31
5_SUTTON_2656,5,SUTTON,2656,Cutty Sark,1.75L,26,24.99,2024-12-31
29_AYLESBURY_4382,29,AYLESBURY,4382,Admiral Nelson Spiced Rum,1.75L,4,13.99,2024-12-31
26_KNIFE'S EDGE_8066,26,KNIFE'S EDGE,8066,DeKuyper Triple Sec,1.75L,18,9.99,2024-12-31
34_PITMERDEN_3804,34,PITMERDEN,3804,Svedka Vodka,750mL,45,9.99,2024-12-31
9_BLACKPOOL_22298,9,BLACKPOOL,22298,Zorvino Vyds Sangiovese,750mL,22,12.49,2024-12-31
18_FURNESS_4380,18,FURNESS,4380,Ron Virgin Heavy Bodied Rum,1.75L,11,13.99,2024-12-31
6_GOULCREST_3321,6,GOULCREST,3321,Rosita Tequila Gold,Liter,33,9.29,2024-12-31
14_BROMWICH_31465,14,BROMWICH,31465,Franzia Tap Chard,5L,24,17.99,2024-12-31
33_HORNSEY_3062,33,HORNSEY,3062,Russian Standard Platinum,750mL,11,19.99,2024-12-31
23_ARBINGTON_12224,23,ARBINGTON,12224,Banfi Centine Bianco Toscana,750mL,9,12.99,2024-12-31
26_KNIFE'S EDGE_27202,26,KNIFE'S EDGE,27202,DeLoach Sonoma Cnty Chard,750mL,45,9.99,2024-12-31
39_EASTHALLOW_8630,39,EASTHALLOW,8630,Fontana Candida Frascati,750mL,6,9.99,2024-12-31
36_LEWES_3257,36,LEWES,3257,Gilbeys London Dry Trav,750mL,12,6.99,2024-12-31
1_HARDERSFIELD_21271,1,HARDERSFIELD,21271,Kentia Albarino Rias Baixas,750mL,12,13.99,2024-12-31
2_ASHBORNE_415,2,ASHBORNE,415,Jose Cuervo Especial,Liter,29,21.99,2024-12-31
32_MOUNTMEND_33683,32,MOUNTMEND,33683,R Mondavi Private Slct Chard,1.5L,6,20.99,2024-12-31
38_GOULCREST_8691,38,GOULCREST,8691,Jose Cuervo Especial,750mL,47,15.99,2024-12-31
15_WANBORNE_599,15,WANBORNE,599,Stolichnaya Razberi,Liter,31,22.99,2024-12-31
14_BROMWICH_4437,14,BROMWICH,4437,Mount Gay Eclipse,1.75L,5,31.99,2024-12-31
10_HORNSEY_3871,10,HORNSEY,3871,Smirnoff Watermelon Vodka,750mL,31,12.99,2024-12-31
6_GOULCREST_41065,6,GOULCREST,41065,Martin Ray Chard RRV,750mL,2,16.99,2024-12-31
36_LEWES_8475,36,LEWES,8475,J Roget Extra Dry,187mL,51,1.79,2024-12-31
2_ASHBORNE_3610,2,ASHBORNE,3610,Smirnoff Cranberry Vodka,750mL,11,10.99,2024-12-31
8_ALNERWICK_2532,8,ALNERWICK,2532,The Macallan 12 Yr Old,1.75L,6,146.99,2024-12-31
18_FURNESS_5233,18,FURNESS,5233,Cointreau Liqueur,375mL,6,19.99,2024-12-31
38_GOULCREST_2085,38,GOULCREST,2085,Jesse James America's Outlaw,750mL,12,13.99,2024-12-31
22_SHARNWICK_46498,22,SHARNWICK,46498,Principato Pnt Nr Pavia,1.5L,9,11.99,2024-12-31
1_HARDERSFIELD_8562,1,HARDERSFIELD,8562,DeKuyper Peachtree Trav,1.75L,16,14.99,2024-12-31
19_WINTERVALE_32908,19,WINTERVALE,32908,Sterling Vintners Cltn Merlo,750mL,35,9.99,2024-12-31
33_HORNSEY_2818,33,HORNSEY,2818,Rough Rider Straight Bourbon,750mL,5,32.99,2024-12-31
32_MOUNTMEND_3703,32,MOUNTMEND,3703,OuterSpace Vodka,50mL,116,5.99,2024-12-31
15_WANBORNE_2708,15,WANBORNE,2708,Rebel Yell Root Beer Whiskey,750mL,26,11.99,2024-12-31
34_PITMERDEN_8072,34,PITMERDEN,8072,Taittinger Brut La Francais,750mL,71,36.99,2024-12-31
19_WINTERVALE_21208,19,WINTERVALE,21208,Kendall Jackson Grand Rsv Ch,750mL,61,15.99,2024-12-31
39_EASTHALLOW_7725,39,EASTHALLOW,7725,Great Western Brut,750mL,23,9.99,2024-12-31
16_LUNDY_44511,16,LUNDY,44511,MacMurray Ranch C Cst Pnt Nr,750mL,7,14.99,2024-12-31
33_HORNSEY_35913,33,HORNSEY,35913,Stone Cellars Cab Svgn,1.5L,20,8.99,2024-12-31
1_HARDERSFIELD_3913,1,HARDERSFIELD,3913,Svedka Vodka,1.75L,45,16.99,2024-12-31
35_HALIVAARA_29352,35,HALIVAARA,29352,Elk Cove Pnt Gris Ore,750mL,5,18.99,2024-12-31
38_GOULCREST_6814,38,GOULCREST,6814,Il Tramonto Amaretto,750mL,26,15.99,2024-12-31
1_HARDERSFIELD_4254,1,HARDERSFIELD,4254,Remy Martin 1738 Accord Royl,375mL,20,24.99,2024-12-31
12_LEESIDE_19934,12,LEESIDE,19934,Perrin Cotes du Rhone RSV Rg,750mL,3,8.99,2024-12-31
10_HORNSEY_17168,10,HORNSEY,17168,Kendall Jackson Vntrs Rsl Rs,750mL,7,9.99,2024-12-31
29_AYLESBURY_8066,29,AYLESBURY,8066,DeKuyper Triple Sec,1.75L,5,9.99,2024-12-31
9_BLACKPOOL_2373,9,BLACKPOOL,2373,Jim Beam Maple,750mL,58,14.99,2024-12-31
40_BULLMAR_31160,40,BULLMAR,31160,Monsanto Chianti Clsc RSV,750mL,2,21.99,2024-12-31
4_EANVERNESS_6867,4,EANVERNESS,6867,Rodney Strong Pnt Nr,750mL,52,17.99,2024-12-31
31_HORNSEY_40545,31,HORNSEY,40545,Whitehaven Svgn Bl Marlboro,750mL,2,14.99,2024-12-31
29_AYLESBURY_5805,29,AYLESBURY,5805,Jose Cuervo Light Margaritas,1.75L,5,16.99,2024-12-31
19_WINTERVALE_3437,19,WINTERVALE,3437,Bombay Dry Gin,750mL,11,17.99,2024-12-31
20_BREDWARDINE_41713,20,BREDWARDINE,41713,Fish Eye Merlot,750mL,22,5.99,2024-12-31
10_HORNSEY_6932,10,HORNSEY,6932,Santa Rita 120 Chard,750mL,20,5.99,2024-12-31
8_ALNERWICK_6932,8,ALNERWICK,6932,Santa Rita 120 Chard,750mL,9,5.99,2024-12-31
34_PITMERDEN_36153,34,PITMERDEN,36153,Edna Valley Paragon Pnt Nr,750mL,11,12.99,2024-12-31
39_EASTHALLOW_4277,39,EASTHALLOW,4277,Bacardi Limon Rum,375mL,12,3.99,2024-12-31
3_HORNSEY_23067,3,HORNSEY,23067,Perrier Jouet Grand Brut,375mL,6,20.99,2024-12-31
40_BULLMAR_3690,40,BULLMAR,3690,Tanqueray Ten Gin,750mL,13,27.99,2024-12-31
19_WINTERVALE_35666,19,WINTERVALE,35666,Redwood Creek Chard Cal,1.5L,9,9.99,2024-12-31
15_WANBORNE_23241,15,WANBORNE,23241,14 Hands Svgn Bl,750mL,11,8.99,2024-12-31
23_ARBINGTON_1366,23,ARBINGTON,1366,Red Stag by Jim Beam,50mL,51,1.29,2024-12-31
23_ARBINGTON_13081,23,ARBINGTON,13081,Dom Ferret Pouilly Fuisse,750mL,5,30.99,2024-12-31
18_FURNESS_4181,18,FURNESS,4181,Calypso Spiced Rum,1.75L,13,10.99,2024-12-31
33_HORNSEY_19963,33,HORNSEY,19963,Penya Rouge Vin d Pays,750mL,10,11.99,2024-12-31
19_WINTERVALE_288,19,WINTERVALE,288,The Bitter Truth Pink Gin,750mL,6,29.99,2024-12-31
2_ASHBORNE_14991,2,ASHBORNE,14991,Banshee Pnt Nr Sonoma Cnty,750mL,10,17.99,2024-12-31
21_BALERNO_921,21,BALERNO,921,El Tesoro Platinum Tequila,750mL,3,39.99,2024-12-31
23_ARBINGTON_29192,23,ARBINGTON,29192,Perrin Chtnf du Pape,750mL,9,27.99,2024-12-31
25_CAERSHIRE_6420,25,CAERSHIRE,6420,R M Woodbridge Chard Cal,750mL,44,7.99,2024-12-31
34_PITMERDEN_12235,34,PITMERDEN,12235,Murrieta's Well The Spur,750mL,8,21.99,2024-12-31
19_WINTERVALE_5160,19,WINTERVALE,5160,Hpnotiq Liqueur,375mL,12,10.99,2024-12-31
33_HORNSEY_38457,33,HORNSEY,38457,Smoking Loon Pnt Nr,750mL,60,6.79,2024-12-31
38_GOULCREST_31349,38,GOULCREST,31349,Big House Red Cal,750mL,23,7.99,2024-12-31
34_PITMERDEN_21357,34,PITMERDEN,21357,Stephen Vincent Cab Svgn CC,750mL,0,14.99,2024-12-31
35_HALIVAARA_4317,35,HALIVAARA,4317,Pyrat XO Reserve Rum,750mL,15,32.99,2024-12-31
25_CAERSHIRE_8961,25,CAERSHIRE,8961,Jose Cuervo Especial,50mL,83,1.49,2024-12-31
4_EANVERNESS_32136,4,EANVERNESS,32136,Warre's 20-Yr Tawny Port,750mL,9,44.99,2024-12-31
40_BULLMAR_8840,40,BULLMAR,8840,Burnetts Gin,1.75L,14,11.99,2024-12-31
23_ARBINGTON_4195,23,ARBINGTON,4195,Calico Jack Spiced Rum No 94,750mL,9,10.99,2024-12-31
32_MOUNTMEND_3054,32,MOUNTMEND,3054,Smirnoff Kissed Caramel,750mL,19,10.99,2024-12-31
34_PITMERDEN_15146,34,PITMERDEN,15146,Achaval Ferrer Malbec,750mL,10,18.99,2024-12-31
9_BLACKPOOL_43920,9,BLACKPOOL,43920,Farnum Hill Semi-Dry Cider,750mL,4,11.99,2024-12-31
25_CAERSHIRE_7868,25,CAERSHIRE,7868,Mumm Cordon Rouge Brut,750mL,7,34.99,2024-12-31
4_EANVERNESS_5627,4,EANVERNESS,5627,Flag Hill Sugar Maple Liquer,375mL,13,18.99,2024-12-31
34_PITMERDEN_3630,34,PITMERDEN,3630,Stolichnaya Razberi,1.75L,51,24.99,2024-12-31
5_SUTTON_5897,5,SUTTON,5897,99 Bananas,750mL,7,11.99,2024-12-31
33_HORNSEY_8437,33,HORNSEY,8437,Maestro Dobel Diamond Tequla,750mL,7,34.99,2024-12-31
37_PAETHSMOUTH_27567,37,PAETHSMOUTH,27567,Zenato Pinot Grigio Veneto,750mL,11,10.99,2024-12-31
23_ARBINGTON_46070,23,ARBINGTON,46070,Carpineto Dogajolo Rose,750mL,3,12.99,2024-12-31
39_EASTHALLOW_33039,39,EASTHALLOW,33039,Beringer Fndrs Est Merlot,1.5L,19,18.99,2024-12-31
23_ARBINGTON_602,23,ARBINGTON,602,McCormick Blended Whiskey,Liter,8,7.29,2024-12-31
38_GOULCREST_1244,38,GOULCREST,1244,Jack Daniels Winter Jack,750mL,4,15.99,2024-12-31
8_ALNERWICK_32054,8,ALNERWICK,32054,Greg Norman Lmstn Cab/Merlot,750mL,13,9.99,2024-12-31
4_EANVERNESS_43450,4,EANVERNESS,43450,Fish Eye Pnt Grigio,3L,6,16.99,2024-12-31
39_EASTHALLOW_2030,39,EASTHALLOW,2030,Glen Moray 12 Yr Scotch,750mL,1,28.99,2024-12-31
13_TARMSWORTH_1634,13,TARMSWORTH,1634,The Famous Grouse,1.75L,7,27.99,2024-12-31
4_EANVERNESS_19270,4,EANVERNESS,19270,Veuve Clicquot Brut Yellow,375mL,4,24.99,2024-12-31
10_HORNSEY_966,10,HORNSEY,966,Patron Citronge Orange Liqu,750mL,11,20.99,2024-12-31
10_HORNSEY_29616,10,HORNSEY,29616,Kermit Lynch Cotes du Rhone,750mL,14,13.99,2024-12-31
4_EANVERNESS_811,4,EANVERNESS,811,Jack Daniels No 7 Black,Liter,27,27.99,2024-12-31
7_STANMORE_16669,7,STANMORE,16669,Sweet Baby Vyds Blueberry,750mL,16,12.99,2024-12-31
23_ARBINGTON_3527,23,ARBINGTON,3527,Reyka Vodka,1.75L,4,29.99,2024-12-31
11_CARDEND_16553,11,CARDEND,16553,Zestos Garnacha,750mL,9,10.99,2024-12-31
1_HARDERSFIELD_7302,1,HARDERSFIELD,7302,Marques de Caceres Rioja Re,750mL,52,10.99,2024-12-31
33_HORNSEY_5246,33,HORNSEY,5246,Bacardi Party Drinks Zombie,1.75L,10,15.99,2024-12-31
15_WANBORNE_20905,15,WANBORNE,20905,Gekkeikan Suzaku Sake,300mL,7,8.99,2024-12-31
31_HORNSEY_25021,31,HORNSEY,25021,Mark West Black Pnt Nr,750mL,8,10.99,2024-12-31
10_HORNSEY_200,10,HORNSEY,200,Luxardo Maraschino Liqueur,750mL,4,29.99,2024-12-31
27_MOUNTMEND_8781,27,MOUNTMEND,8781,Rodney Strong Cab Svgn,750mL,40,16.99,2024-12-31
38_GOULCREST_14300,38,GOULCREST,14300,Masi Passo Doble,750mL,23,11.99,2024-12-31
6_GOULCREST_20409,6,GOULCREST,20409,NxNW Red Columbia Valley,750mL,5,12.99,2024-12-31
7_STANMORE_44911,7,STANMORE,44911,Spy Valley Svgn Bl Marlboro,750mL,12,14.99,2024-12-31
36_LEWES_3999,36,LEWES,3999,Hornitos Anejo Tequila,750mL,11,21.99,2024-12-31
12_LEESIDE_7266,12,LEESIDE,7266,Fonseca Bin No 27,750mL,4,13.99,2024-12-31
17_OLDHAM_1663,17,OLDHAM,1663,Jim Beam Maple,50mL,0,0.99,2024-12-31
40_BULLMAR_361,40,BULLMAR,361,Effen Cucumber Vodka,750mL,2,19.99,2024-12-31
14_BROMWICH_37842,14,BROMWICH,37842,Dona Paula Malbec Mendoza,750mL,10,11.99,2024-12-31
34_PITMERDEN_23289,34,PITMERDEN,23289,Ch Mouton Rothschild 11 Paui,750mL,1,699.99,2024-12-31
32_MOUNTMEND_8275,32,MOUNTMEND,8275,El Mayor Anejo Tequila,750mL,3,32.99,2024-12-31
19_WINTERVALE_3915,19,WINTERVALE,3915,Sauza Silver Tequila,750mL,22,12.99,2024-12-31
34_PITMERDEN_23045,34,PITMERDEN,23045,El Enemigo 11 Cab Franc Mend,750mL,6,24.99,2024-12-31
22_SHARNWICK_3549,22,SHARNWICK,3549,Ketel One Vodka,750mL,24,22.99,2024-12-31
38_GOULCREST_23796,38,GOULCREST,23796,Mayu Pedro Ximenez,750mL,25,12.99,2024-12-31
24_PALPERROTH_1748,24,PALPERROTH,1748,William Grant Scotch,750mL,13,14.99,2024-12-31
22_SHARNWICK_4979,22,SHARNWICK,4979,Patron Silver Tequila,Liter,14,69.99,2024-12-31
6_GOULCREST_24455,6,GOULCREST,24455,Franciscan Cab Svgn Napa,750mL,33,16.98,2024-12-31
38_GOULCREST_36123,38,GOULCREST,36123,Qupe Central Coast Syrah Cal,750mL,14,19.99,2024-12-31
1_HARDERSFIELD_29169,1,HARDERSFIELD,29169,Franzia Tap Merlot,5L,7,17.99,2024-12-31
30_CULCHETH_2518,30,CULCHETH,2518,Woodford Reserve Double Oak,750mL,7,50.99,2024-12-31
36_LEWES_3583,36,LEWES,3583,Smirnoff Orange Vodka,1.75L,22,18.99,2024-12-31
1_HARDERSFIELD_20441,1,HARDERSFIELD,20441,Senorio de Barahonda Carro,750mL,0,12.99,2024-12-31
17_OLDHAM_17175,17,OLDHAM,17175,Beringer Classic Cab Svgn,1.5L,6,7.99,2024-12-31
25_CAERSHIRE_9360,25,CAERSHIRE,9360,KAH Blanco Tequila,750mL,3,49.99,2024-12-31
3_HORNSEY_44712,3,HORNSEY,44712,Sonoma-Cutrer Chard Sonoma,750mL,19,20.99,2024-12-31
27_MOUNTMEND_2757,27,MOUNTMEND,2757,Johnnie Walker Red Label,1.75L,195,28.99,2024-12-31
18_FURNESS_4689,18,FURNESS,4689,Hennessy Privilege VSOP,750mL,4,46.99,2024-12-31
21_BALERNO_6855,21,BALERNO,6855,Midnight Moon Apple Pie,750mL,6,19.99,2024-12-31
24_PALPERROTH_24096,24,PALPERROTH,24096,Gallo Copperidge Chard Cal,1.5L,6,6.99,2024-12-31
17_OLDHAM_272,17,OLDHAM,272,Juarez Silver Tequila,Liter,19,7.49,2024-12-31
33_HORNSEY_39146,33,HORNSEY,39146,Matua Svgn Bl Marlboro,750mL,3,10.99,2024-12-31
38_GOULCREST_25109,38,GOULCREST,25109,Tomaiolo Toscana,750mL,10,10.99,2024-12-31
31_HORNSEY_3502,31,HORNSEY,3502,Pinnacle Vodka,750mL,21,12.99,2024-12-31
6_GOULCREST_8725,6,GOULCREST,8725,Chambord Royale de France,375mL,7,15.99,2024-12-31
2_ASHBORNE_5415,2,ASHBORNE,5415,Amaretto di Amore,1.75L,7,13.99,2024-12-31
23_ARBINGTON_4187,23,ARBINGTON,4187,Kraken Black Spiced Rum 94P,750mL,13,20.99,2024-12-31
35_HALIVAARA_1535,35,HALIVAARA,1535,Gentleman Jack,50mL,27,3.99,2024-12-31
9_BLACKPOOL_2033,9,BLACKPOOL,2033,Canadian Mist,750mL,9,7.99,2024-12-31
19_WINTERVALE_31466,19,WINTERVALE,31466,Ch Carignan Brdx,750mL,9,21.99,2024-12-31
35_HALIVAARA_38946,35,HALIVAARA,38946,Bully Hill Sweet Walter Rd,750mL,3,8.99,2024-12-31
7_STANMORE_15047,7,STANMORE,15047,Zaccagnini Pnt Grigio,750mL,12,15.99,2024-12-31
17_OLDHAM_13709,17,OLDHAM,13709,Jam Jar Sweet Shiraz,750mL,6,9.99,2024-12-31
1_HARDERSFIELD_15979,1,HARDERSFIELD,15979,Moonlight Meadery Wild,375mL,18,12.99,2024-12-31
23_ARBINGTON_8970,23,ARBINGTON,8970,Ice Box Manhattan,1.75L,16,9.99,2024-12-31
38_GOULCREST_6688,38,GOULCREST,6688,Ch St Jean Chard California,750mL,65,9.99,2024-12-31
5_SUTTON_6530,5,SUTTON,6530,Meridian Santa Barbara Chard,750mL,9,7.99,2024-12-31
38_GOULCREST_27067,38,GOULCREST,27067,A Bichot Rochegres 14 Moulin,750mL,6,45.99,2024-12-31
14_BROMWICH_8671,14,BROMWICH,8671,Appleton Est Signature Rum,750mL,6,19.99,2024-12-31
28_LARNWICK_4563,28,LARNWICK,4563,Christian Bros Brandy,1.75L,7,18.99,2024-12-31
4_EANVERNESS_5689,4,EANVERNESS,5689,Villa Massa Limoncello,750mL,3,16.99,2024-12-31
13_TARMSWORTH_8567,13,TARMSWORTH,8567,Cribari Chianti,3L,3,10.99,2024-12-31
17_OLDHAM_1237,17,OLDHAM,1237,Jack Daniels Single Barrel,750mL,5,44.99,2024-12-31
31_HORNSEY_17865,31,HORNSEY,17865,Ch St Jean Pnt Nr,750mL,13,11.99,2024-12-31
1_HARDERSFIELD_4178,1,HARDERSFIELD,4178,Fabrizia Limoncello,375mL,42,9.99,2024-12-31
19_WINTERVALE_3676,19,WINTERVALE,3676,Permafrost Alaskan Vodka,750mL,4,34.99,2024-12-31
23_ARBINGTON_38369,23,ARBINGTON,38369,Oyster Bay Pnt Nr Marlboro,750mL,80,14.99,2024-12-31
15_WANBORNE_5285,15,WANBORNE,5285,Jacquin Triple Sec,750mL,13,7.99,2024-12-31
23_ARBINGTON_19302,23,ARBINGTON,19302,Tomaiolo Chianti Clsco Rsva,750mL,8,11.99,2024-12-31
10_HORNSEY_1880,10,HORNSEY,1880,The Glenlivet Nadurra,750mL,6,67.99,2024-12-31
12_LEESIDE_5254,12,LEESIDE,5254,DeKuyper Buttershots Schnpps,750mL,16,10.99,2024-12-31
38_GOULCREST_3040,38,GOULCREST,3040,Tito's Handmade Vodka,Liter,15,23.99,2024-12-31
10_HORNSEY_16540,10,HORNSEY,16540,Atamisque Malbec,750mL,20,21.99,2024-12-31
29_AYLESBURY_33037,29,AYLESBURY,33037,Beringer Fndrs Est Cab Svgn,1.5L,6,18.99,2024-12-31
8_ALNERWICK_807,8,ALNERWICK,807,Jim Beam,Liter,6,17.99,2024-12-31
39_EASTHALLOW_14004,39,EASTHALLOW,14004,Layer Cake Chard,750mL,24,12.99,2024-12-31
33_HORNSEY_16727,33,HORNSEY,16727,Bitch Grenache Aragon,750mL,3,13.99,2024-12-31
25_CAERSHIRE_19037,25,CAERSHIRE,19037,Gunsight Rock Cab Svgn,750mL,8,17.99,2024-12-31
22_SHARNWICK_31119,22,SHARNWICK,31119,Beringer Chard Private RSV,750mL,10,44.99,2024-12-31
26_KNIFE'S EDGE_3654,26,KNIFE'S EDGE,3654,Patron Reposado Tequila,750mL,9,53.99,2024-12-31
12_LEESIDE_8517,12,LEESIDE,8517,Baileys Salted Caramel,750mL,10,19.99,2024-12-31
11_CARDEND_1848,11,CARDEND,1848,Oban Little Bay Single Malt,750mL,2,59.99,2024-12-31
1_HARDERSFIELD_3836,1,HARDERSFIELD,3836,Smirnoff Citrus Vodka,750mL,25,12.99,2024-12-31
10_HORNSEY_5152,10,HORNSEY,5152,Patron Citronge Mango Liquer,750mL,7,16.49,2024-12-31
29_AYLESBURY_12216,29,AYLESBURY,12216,Da Vinci Pnt Grigio,750mL,10,9.99,2024-12-31
23_ARBINGTON_2299,23,ARBINGTON,2299,J Seeds Apple Cider Whiskey,50mL,115,0.99,2024-12-31
23_ARBINGTON_37049,23,ARBINGTON,37049,Argyle Willamette Pnt Nr,750mL,7,19.99,2024-12-31
2_ASHBORNE_1233,2,ASHBORNE,1233,Jack Daniels No 7 Black,1.75L,289,34.99,2024-12-31
6_GOULCREST_39840,6,GOULCREST,39840,Kenwood Cve Brut Yulupa Spa,750mL,48,8.99,2024-12-31
33_HORNSEY_33267,33,HORNSEY,33267,El Coto de Rioja RSV Coto d,750mL,14,19.99,2024-12-31
30_CULCHETH_23895,30,CULCHETH,23895,Lindemans Bin 50 Shiraz,750mL,7,7.99,2024-12-31
38_GOULCREST_29461,38,GOULCREST,29461,Sandeman Character Sherry,750mL,27,8.99,2024-12-31
24_PALPERROTH_253,24,PALPERROTH,253,Poland Spring Vodka,Liter,10,5.79,2024-12-31
6_GOULCREST_17176,6,GOULCREST,17176,Beringer Classic Chard,1.5L,12,7.99,2024-12-31
34_PITMERDEN_3702,34,PITMERDEN,3702,Kinky Vodka,50mL,57,0.99,2024-12-31
31_HORNSEY_8057,31,HORNSEY,8057,Corazon de Agave Blanco,750mL,5,19.99,2024-12-31
20_BREDWARDINE_8619,20,BREDWARDINE,8619,Canadian Club,375mL,10,5.99,2024-12-31
38_GOULCREST_26885,38,GOULCREST,26885,Jolivet Sancerre,750mL,19,19.99,2024-12-31
35_HALIVAARA_3818,35,HALIVAARA,3818,Cabo Wabo Blanco Tequila,750mL,7,29.99,2024-12-31
33_HORNSEY_15265,33,HORNSEY,15265,The Naked Grape Cab Svgn,750mL,11,5.99,2024-12-31
21_BALERNO_19302,21,BALERNO,19302,Tomaiolo Chianti Clsco Rsva,750mL,39,11.99,2024-12-31
40_BULLMAR_6529,40,BULLMAR,6529,William Hill Est Cab Svgn Na,750mL,4,34.99,2024-12-31
1_HARDERSFIELD_4228,1,HARDERSFIELD,4228,Bacardi 8,750mL,3,19.99,2024-12-31
28_LARNWICK_4737,28,LARNWICK,4737,St Remy VSOP Authentic Brndy,750mL,16,10.99,2024-12-31
4_EANVERNESS_46311,4,EANVERNESS,46311,Twisted Old Vine Znfdl,750mL,7,6.99,2024-12-31
10_HORNSEY_26395,10,HORNSEY,26395,Trapiche Cab Svgn Oak Cask,750mL,28,8.99,2024-12-31
18_FURNESS_16843,18,FURNESS,16843,Barefoot Cellars Red Moscato,750mL,7,4.99,2024-12-31
6_GOULCREST_13638,6,GOULCREST,13638,The Velvet Devil Merlot,750mL,2,11.99,2024-12-31
15_WANBORNE_2646,15,WANBORNE,2646,Chivas Regal,1.75L,28,54.99,2024-12-31
11_CARDEND_32108,11,CARDEND,32108,Erath Pnt Nr Oregon,750mL,18,15.99,2024-12-31
11_CARDEND_5378,11,CARDEND,5378,Galliano L'Autentico Liqueur,750mL,14,25.99,2024-12-31
34_PITMERDEN_26462,34,PITMERDEN,26462,Ravenswood Znfdl Sonoma,750mL,3,16.99,2024-12-31
11_CARDEND_13458,11,CARDEND,13458,Ch Ste Michelle Harvest Rsl,750mL,17,8.99,2024-12-31
2_ASHBORNE_13397,2,ASHBORNE,13397,Dom Seguinot-Bordet Chablis,750mL,17,21.99,2024-12-31
34_PITMERDEN_23041,34,PITMERDEN,23041,Spring Valley Katherine Cab,750mL,9,37.99,2024-12-31
6_GOULCREST_3020,6,GOULCREST,3020,Pinnacle Blueberry Vodka,750mL,7,9.99,2024-12-31
15_WANBORNE_3345,15,WANBORNE,3345,Bombay Sapphire Gin,50mL,53,1.99,2024-12-31
8_ALNERWICK_19814,8,ALNERWICK,19814,Rodney Strong Charlottes Svg,750mL,8,16.99,2024-12-31
23_ARBINGTON_8059,23,ARBINGTON,8059,Corazon de Agave Anejo,750mL,7,27.99,2024-12-31
5_SUTTON_3595,5,SUTTON,3595,Smirnoff Blue 100 Proof,750mL,2,15.99,2024-12-31
22_SHARNWICK_2852,22,SHARNWICK,2852,Bushmills 10 Yr Irish Whisky,750mL,4,40.99,2024-12-31
34_PITMERDEN_21010,34,PITMERDEN,21010,La Jota Cab Svgn Howell Mtn,750mL,8,64.99,2024-12-31
22_SHARNWICK_8143,22,SHARNWICK,8143,Perrier Jouet Grand Brut,750mL,34,35.99,2024-12-31
4_EANVERNESS_3368,4,EANVERNESS,3368,Pinnacle Grape Vodka,1.75L,19,15.99,2024-12-31
11_CARDEND_8066,11,CARDEND,8066,DeKuyper Triple Sec,1.75L,16,9.99,2024-12-31
11_CARDEND_8223,11,CARDEND,8223,Dom Chandon Blanc de Noir C,750mL,37,13.99,2024-12-31
27_MOUNTMEND_8092,27,MOUNTMEND,8092,Johnnie Walker Red Label,50mL,141,2.29,2024-12-31
33_HORNSEY_4678,33,HORNSEY,4678,Courvoisier VS Cognac,750mL,7,22.99,2024-12-31
8_ALNERWICK_40338,8,ALNERWICK,40338,Cloudy Bay Pnt Nr Marlboro,750mL,10,23.99,2024-12-31
8_ALNERWICK_8485,8,ALNERWICK,8485,Gozio Amaretto,750mL,7,17.99,2024-12-31
11_CARDEND_13638,11,CARDEND,13638,The Velvet Devil Merlot,750mL,0,11.99,2024-12-31
7_STANMORE_4524,7,STANMORE,4524,Smoky Quartz Granite Cst Rum,750mL,7,27.49,2024-12-31
31_HORNSEY_3776,31,HORNSEY,3776,Jose Cuervo Especial Silver,1.75L,33,26.99,2024-12-31
34_PITMERDEN_811,34,PITMERDEN,811,Jack Daniels No 7 Black,Liter,16,27.99,2024-12-31
10_HORNSEY_41252,10,HORNSEY,41252,Beringer Classic Pnt Grigio,1.5L,17,7.99,2024-12-31
28_LARNWICK_42881,28,LARNWICK,42881,La Bastarda Pnt Gr Sicily,750mL,84,8.99,2024-12-31
20_BREDWARDINE_22079,20,BREDWARDINE,22079,C Y Toro Casa Diblo Cab Svgn,750mL,8,9.99,2024-12-31
23_ARBINGTON_3743,23,ARBINGTON,3743,Smirnoff Sorbet Pine/Coconut,750mL,15,12.99,2024-12-31
25_CAERSHIRE_15892,25,CAERSHIRE,15892,Red Guitar Sangria,750mL,11,4.99,2024-12-31
30_CULCHETH_6288,30,CULCHETH,6288,Almaden Chablis B/B,5L,1,14.99,2024-12-31
37_PAETHSMOUTH_3244,37,PAETHSMOUTH,3244,Burnetts Vodka,750mL,5,6.99,2024-12-31
30_CULCHETH_2917,30,CULCHETH,2917,Paddy's Irish Whiskey,750mL,11,17.99,2024-12-31
20_BREDWARDINE_1835,20,BREDWARDINE,1835,Knappogue Castle Irish Whsky,750mL,59,31.99,2024-12-31
20_BREDWARDINE_4410,20,BREDWARDINE,4410,Cruzan Mango Flavored Rum,750mL,8,9.99,2024-12-31
25_CAERSHIRE_3910,25,CAERSHIRE,3910,Hornitos Plata Tequila,375mL,25,11.49,2024-12-31
34_PITMERDEN_40258,34,PITMERDEN,40258,La Crema Chard Sonoma Coast,375mL,5,9.99,2024-12-31
31_HORNSEY_4783,31,HORNSEY,4783,Mr Boston Apricot Brandy,1.75L,6,13.99,2024-12-31
19_WINTERVALE_10254,19,WINTERVALE,10254,Beringer Classic Chard,750mL,10,6.99,2024-12-31
33_HORNSEY_18375,33,HORNSEY,18375,Antinori Villa Wh,750mL,23,12.99,2024-12-31
32_MOUNTMEND_2121,32,MOUNTMEND,2121,Canadian Club Traveler,750mL,9,10.99,2024-12-31
7_STANMORE_18347,7,STANMORE,18347,Banfi Pnt Grigio San Angelo,750mL,72,16.99,2024-12-31
9_BLACKPOOL_25021,9,BLACKPOOL,25021,Mark West Black Pnt Nr,750mL,6,10.99,2024-12-31
8_ALNERWICK_7936,8,ALNERWICK,7936,Bayou Spiced Rum,50mL,72,0.99,2024-12-31
19_WINTERVALE_5805,19,WINTERVALE,5805,Jose Cuervo Light Margaritas,1.75L,16,16.99,2024-12-31
22_SHARNWICK_11214,22,SHARNWICK,11214,Caymus Cab Svgn Napa Vly,750mL,18,69.99,2024-12-31
15_WANBORNE_14006,15,WANBORNE,14006,Apothic Winemakers Red Blend,750mL,192,7.99,2024-12-31
35_HALIVAARA_5270,35,HALIVAARA,5270,Southern Comfort,50mL,128,0.99,2024-12-31
4_EANVERNESS_26399,4,EANVERNESS,26399,Trapiche Malbec Mendoza Oak,750mL,21,7.99,2024-12-31
38_GOULCREST_17134,38,GOULCREST,17134,Ch Ste Michelle Indn Wls Red,750mL,19,14.99,2024-12-31
13_TARMSWORTH_10723,13,TARMSWORTH,10723,R M Woodbridge Chard,1.5L,10,8.99,2024-12-31
1_HARDERSFIELD_40097,1,HARDERSFIELD,40097,Black Box Chard,3L,18,18.99,2024-12-31
35_HALIVAARA_12147,35,HALIVAARA,12147,Sterling Vintners CA Meritag,750mL,14,7.99,2024-12-31
14_BROMWICH_31202,14,BROMWICH,31202,Beringer Fndrs Est Chard,750mL,6,8.99,2024-12-31
15_WANBORNE_4263,15,WANBORNE,4263,Capt Morgan Silver Spicd Rum,750mL,6,16.99,2024-12-31
15_WANBORNE_5107,15,WANBORNE,5107,St Remy XO Napoleon Brandy,750mL,15,14.99,2024-12-31
11_CARDEND_2862,11,CARDEND,2862,Pinch 15-Yr by Haig & Haig,750mL,6,36.99,2024-12-31
38_GOULCREST_13154,38,GOULCREST,13154,Clayhouse Malbec Paso Robles,750mL,91,13.99,2024-12-31
5_SUTTON_8781,5,SUTTON,8781,Rodney Strong Cab Svgn,750mL,10,16.99,2024-12-31
19_WINTERVALE_5318,19,WINTERVALE,5318,Benedictine Liqueur Dom,750mL,13,28.99,2024-12-31
30_CULCHETH_4176,30,CULCHETH,4176,Blackheart Spiced Rum,750mL,7,10.99,2024-12-31
34_PITMERDEN_46802,34,PITMERDEN,46802,Dom Chandon Rose Spklg,187mL,9,4.99,2024-12-31
34_PITMERDEN_43143,34,PITMERDEN,43143,La Puerta Torrontes,750mL,11,8.99,2024-12-31
38_GOULCREST_38898,38,GOULCREST,38898,L Martini Cab Svgn Napa,750mL,15,29.99,2024-12-31
30_CULCHETH_4787,30,CULCHETH,4787,Appleton Special Gold Rum,1.75L,8,19.99,2024-12-31
15_WANBORNE_3512,15,WANBORNE,3512,Pinnacle Vodka,1.75L,175,15.99,2024-12-31
7_STANMORE_2749,7,STANMORE,2749,John Begg Blue Cap,1.75L,15,16.99,2024-12-31
2_ASHBORNE_12994,2,ASHBORNE,12994,Acrobat Pnt Gris Oregon,750mL,12,12.99,2024-12-31
39_EASTHALLOW_27802,39,EASTHALLOW,27802,Moet & Chandon Imperial,375mL,4,24.49,2024-12-31
19_WINTERVALE_516,19,WINTERVALE,516,Kamora Coffee Liqueur,Liter,4,10.99,2024-12-31
7_STANMORE_1237,7,STANMORE,1237,Jack Daniels Single Barrel,750mL,26,44.99,2024-12-31
31_HORNSEY_46297,31,HORNSEY,46297,Intorcia Marsala Dry,Liter,5,11.99,2024-12-31
15_WANBORNE_18637,15,WANBORNE,18637,Iris Vineyard Pnt Nr,750mL,12,19.99,2024-12-31
30_CULCHETH_32924,30,CULCHETH,32924,Silverado Cab Svgn Napa,750mL,2,46.99,2024-12-31
27_MOUNTMEND_4624,27,MOUNTMEND,4624,Meukow 90,750mL,6,19.99,2024-12-31
22_SHARNWICK_5771,22,SHARNWICK,5771,Art In The Age Snap,750mL,4,29.99,2024-12-31
11_CARDEND_8788,11,CARDEND,8788,Stolichnaya,50mL,103,1.99,2024-12-31
1_HARDERSFIELD_37249,1,HARDERSFIELD,37249,Nova Norma Jeane Merlot,750mL,9,14.99,2024-12-31
4_EANVERNESS_5989,4,EANVERNESS,5989,Tanteo Jalapeno Tequila,50mL,53,2.99,2024-12-31
1_HARDERSFIELD_3498,1,HARDERSFIELD,3498,Baileys Vanilla Cinnamon,750mL,13,19.99,2024-12-31
27_MOUNTMEND_41546,27,MOUNTMEND,41546,Monkey Bay Svgn Bl,750mL,8,7.99,2024-12-31
34_PITMERDEN_7718,34,PITMERDEN,7718,Andre Pink,750mL,6,5.49,2024-12-31
37_PAETHSMOUTH_6585,37,PAETHSMOUTH,6585,Kijafa Cherry,750mL,7,7.99,2024-12-31
32_MOUNTMEND_5364,32,MOUNTMEND,5364,Kahlua,1.75L,170,29.99,2024-12-31
3_HORNSEY_2636,3,HORNSEY,2636,Nikka Whisky Taketsuru 12 Yr,750mL,0,68.99,2024-12-31
18_FURNESS_44511,18,FURNESS,44511,MacMurray Ranch C Cst Pnt Nr,750mL,5,14.99,2024-12-31
7_STANMORE_3329,7,STANMORE,3329,Seagrams Extra Smooth Vodka,1.75L,32,15.99,2024-12-31
27_MOUNTMEND_25994,27,MOUNTMEND,25994,Rodney Strong Merlot Sonoma,750mL,12,13.95,2024-12-31
10_HORNSEY_25565,10,HORNSEY,25565,Black Box Pnt Nr,500mL,13,3.99,2024-12-31
1_HARDERSFIELD_41072,1,HARDERSFIELD,41072,Angeline Pnt Nr Rsv,750mL,56,11.99,2024-12-31
30_CULCHETH_13931,30,CULCHETH,13931,Ghost Pines Znfdl L Martini,750mL,15,16.99,2024-12-31
40_BULLMAR_8265,40,BULLMAR,8265,Cockburns Fine Ruby Port,750mL,9,9.99,2024-12-31
2_ASHBORNE_4722,2,ASHBORNE,4722,Remy Martin VSOP Cognac,750mL,12,34.99,2024-12-31
23_ARBINGTON_8420,23,ARBINGTON,8420,Frangelico Hazelnut Liqueur,1.75L,12,39.99,2024-12-31
15_WANBORNE_4829,15,WANBORNE,4829,Mr Boston Blackberry Brandy,1.75L,13,13.99,2024-12-31
2_ASHBORNE_2715,2,ASHBORNE,2715,Teeling Single Grain Whiskey,750mL,5,49.99,2024-12-31
17_OLDHAM_25046,17,OLDHAM,25046,Bully Hill Love My Goat Rd,750mL,14,8.99,2024-12-31
19_WINTERVALE_3909,19,WINTERVALE,3909,White Mountain Vodka,750mL,17,24.99,2024-12-31
28_LARNWICK_6570,28,LARNWICK,6570,Kendall Jackson Chard Vt RSV,750mL,115,9.99,2024-12-31
14_BROMWICH_3594,14,BROMWICH,3594,Pinnacle Tropical Punch,50mL,124,0.99,2024-12-31
10_HORNSEY_2296,10,HORNSEY,2296,Tomatin Cu Bocan Scotch Whis,750mL,12,49.99,2024-12-31
6_GOULCREST_33683,6,GOULCREST,33683,R Mondavi Private Slct Chard,1.5L,7,20.99,2024-12-31
16_LUNDY_1271,16,LUNDY,1271,Jeffersons Reserve Bourbon,750mL,5,49.99,2024-12-31
20_BREDWARDINE_4343,20,BREDWARDINE,4343,Cruzan Blueberry Lemonade,750mL,11,9.99,2024-12-31
22_SHARNWICK_18601,22,SHARNWICK,18601,Bocelli Prosecco,750mL,2,18.99,2024-12-31
8_ALNERWICK_24634,8,ALNERWICK,24634,Marques de Caceres RSV Red,750mL,23,16.99,2024-12-31
34_PITMERDEN_11320,34,PITMERDEN,11320,Edna Valley Paragon Svgn Bl,750mL,10,11.99,2024-12-31
6_GOULCREST_2587,6,GOULCREST,2587,Jameson Irish Whiskey,375mL,23,18.99,2024-12-31
39_EASTHALLOW_5155,39,EASTHALLOW,5155,Arrow Brown Creme de Cacao,750mL,12,7.99,2024-12-31
11_CARDEND_16526,11,CARDEND,16526,Flaco Tempranillo,750mL,9,8.99,2024-12-31
15_WANBORNE_4878,15,WANBORNE,4878,Allens Coffee Brandy,750mL,12,6.99,2024-12-31
34_PITMERDEN_10398,34,PITMERDEN,10398,Spring Vly Frederick Rd,750mL,1,34.99,2024-12-31
19_WINTERVALE_13662,19,WINTERVALE,13662,Duckhorn Decoy Svgn Bl,750mL,48,16.95,2024-12-31
22_SHARNWICK_3617,22,SHARNWICK,3617,Olmeca Altos Reposado,750mL,5,21.99,2024-12-31
26_KNIFE'S EDGE_3630,26,KNIFE'S EDGE,3630,Stolichnaya Razberi,1.75L,21,24.99,2024-12-31
12_LEESIDE_162,12,LEESIDE,162,Stolichnaya Vanil,Liter,6,22.99,2024-12-31
8_ALNERWICK_38483,8,ALNERWICK,38483,Sharpe Hill Ballet of Angel,750mL,11,10.99,2024-12-31
24_PALPERROTH_32108,24,PALPERROTH,32108,Erath Pnt Nr Oregon,750mL,16,15.99,2024-12-31
26_KNIFE'S EDGE_6560,26,KNIFE'S EDGE,6560,Rocky Peak Hard Cinnamon,750mL,6,18.99,2024-12-31
19_WINTERVALE_14818,19,WINTERVALE,14818,Simi Pnt Nr Sonoma Cnty,750mL,34,11.99,2024-12-31
7_STANMORE_45322,7,STANMORE,45322,Garnacha de Fuego,750mL,20,8.99,2024-12-31
23_ARBINGTON_3062,23,ARBINGTON,3062,Russian Standard Platinum,750mL,7,19.99,2024-12-31
33_HORNSEY_31083,33,HORNSEY,31083,Stags Leap WC Karia Chard,750mL,63,28.99,2024-12-31
21_BALERNO_4385,21,BALERNO,4385,Parrot Bay 90 Coconut Capt,1.75L,8,24.99,2024-12-31
11_CARDEND_8922,11,CARDEND,8922,Taylor Lake Country Red,3L,2,7.99,2024-12-31
15_WANBORNE_33684,15,WANBORNE,33684,R Mondavi Private Slct Merlt,1.5L,11,20.99,2024-12-31
24_PALPERROTH_1737,24,PALPERROTH,1737,Makers Mark,1.75L,15,49.99,2024-12-31
19_WINTERVALE_21232,19,WINTERVALE,21232,Barefoot Bubbly Prosecco,750mL,14,9.99,2024-12-31
38_GOULCREST_16792,38,GOULCREST,16792,Gallo Signature Series Chard,750mL,12,24.99,2024-12-31
34_PITMERDEN_728,34,PITMERDEN,728,George Dickel Barrel Select,750mL,25,43.99,2024-12-31
11_CARDEND_6570,11,CARDEND,6570,Kendall Jackson Chard Vt RSV,750mL,146,9.99,2024-12-31
7_STANMORE_21251,7,STANMORE,21251,Renwood Old Vine Zinfandel,750mL,13,16.99,2024-12-31
28_LARNWICK_3462,28,LARNWICK,3462,Absolut Ruby Red,750mL,7,17.99,2024-12-31
30_CULCHETH_3690,30,CULCHETH,3690,Tanqueray Ten Gin,750mL,11,27.99,2024-12-31
15_WANBORNE_35916,15,WANBORNE,35916,Stone Cellars Merlot,1.5L,10,8.99,2024-12-31
23_ARBINGTON_26431,23,ARBINGTON,26431,Harken Chard,750mL,12,13.99,2024-12-31
24_PALPERROTH_3253,24,PALPERROTH,3253,Gilbeys London Dry,1.75L,23,11.99,2024-12-31
12_LEESIDE_859,12,LEESIDE,859,Beefeater Gin,Liter,2,22.99,2024-12-31
2_ASHBORNE_2017,2,ASHBORNE,2017,Redbreast Irish Whiskey,750mL,2,64.99,2024-12-31
33_HORNSEY_5125,33,HORNSEY,5125,DeKuyper Anisette,750mL,12,7.99,2024-12-31
1_HARDERSFIELD_4438,1,HARDERSFIELD,4438,Cruzan Black Cherry Rum,750mL,21,9.99,2024-12-31
23_ARBINGTON_435,23,ARBINGTON,435,Il Tramonto Limoncello,750mL,5,15.99,2024-12-31
2_ASHBORNE_3502,2,ASHBORNE,3502,Pinnacle Vodka,750mL,24,12.99,2024-12-31
40_BULLMAR_3042,40,BULLMAR,3042,Ciroc Red Berry Vodka,375mL,6,15.49,2024-12-31
36_LEWES_800,36,LEWES,800,Jameson Irish Whiskey,Liter,13,32.99,2024-12-31
10_HORNSEY_8110,10,HORNSEY,8110,Tribuno Dry Vermouth,1.5L,4,8.99,2024-12-31
20_BREDWARDINE_28092,20,BREDWARDINE,28092,Cline Ancient Vin Znfdl,750mL,13,14.99,2024-12-31
13_TARMSWORTH_3607,13,TARMSWORTH,3607,Smirnoff Citrus Vodka,50mL,101,0.99,2024-12-31
38_GOULCREST_21409,38,GOULCREST,21409,Mumm Cordon Rouge Brut,1.5L,8,59.99,2024-12-31
15_WANBORNE_23161,15,WANBORNE,23161,Loft Cab Svgn,3L,4,18.99,2024-12-31
34_PITMERDEN_8191,34,PITMERDEN,8191,Savory & James Deluxe Cream,1.5L,14,18.49,2024-12-31
40_BULLMAR_7991,40,BULLMAR,7991,Stock Italian X Dry Vermouth,1.5L,7,8.99,2024-12-31
34_PITMERDEN_8673,34,PITMERDEN,8673,Skinnygirl Margarita,750mL,39,10.99,2024-12-31
21_BALERNO_23866,21,BALERNO,23866,Landhaus Mayer Gruner Veltli,750mL,11,11.99,2024-12-31
21_BALERNO_6273,21,BALERNO,6273,Vendange Wh Znfdl,1.5L,7,7.99,2024-12-31
10_HORNSEY_37527,10,HORNSEY,37527,Redwood Creek Pnt Grigio,1.5L,8,9.99,2024-12-31
2_ASHBORNE_13141,2,ASHBORNE,13141,Noble Vines 181 Merlot Lodi,750mL,13,9.99,2024-12-31
38_GOULCREST_37401,38,GOULCREST,37401,Excelsior S Afr Cab Svgn,750mL,33,8.99,2024-12-31
38_GOULCREST_25988,38,GOULCREST,25988,Infamous Goose Svgn Bl,750mL,23,12.99,2024-12-31
39_EASTHALLOW_3921,39,EASTHALLOW,3921,Espolon Reposado Tequila,750mL,8,23.99,2024-12-31
33_HORNSEY_14130,33,HORNSEY,14130,14 Hands Hot to Trot White,750mL,16,8.99,2024-12-31
12_LEESIDE_1379,12,LEESIDE,1379,Jim Beam Traveler,750mL,8,16.99,2024-12-31
23_ARBINGTON_18617,23,ARBINGTON,18617,Picket Fence Chard RRV,750mL,10,13.99,2024-12-31
34_PITMERDEN_24771,34,PITMERDEN,24771,Les Darons Lang J Carrel Rou,750mL,2,13.99,2024-12-31
25_CAERSHIRE_40054,25,CAERSHIRE,40054,Campo Viejo Tempranillo RSV,750mL,5,11.99,2024-12-31
34_PITMERDEN_5337,34,PITMERDEN,5337,Drambuie,750mL,104,26.99,2024-12-31
36_LEWES_8254,36,LEWES,8254,Mateus Rose,1.5L,0,14.49,2024-12-31
38_GOULCREST_6479,38,GOULCREST,6479,Clos du Bois Chard,750mL,224,8.99,2024-12-31
39_EASTHALLOW_3834,39,EASTHALLOW,3834,Skyy Vodka,750mL,14,12.99,2024-12-31
32_MOUNTMEND_16843,32,MOUNTMEND,16843,Barefoot Cellars Red Moscato,750mL,11,4.99,2024-12-31
10_HORNSEY_31488,10,HORNSEY,31488,Barefoot Chard Cal,750mL,34,4.99,2024-12-31
4_EANVERNESS_37786,4,EANVERNESS,37786,Lindemans Bin 45 Cab Svgn,1.5L,20,11.99,2024-12-31
16_LUNDY_37821,16,LUNDY,37821,Frescobaldi Sangiovese Remo,750mL,10,11.99,2024-12-31
34_PITMERDEN_33441,34,PITMERDEN,33441,Etude Carneros Pnt Nr,750mL,6,36.99,2024-12-31
33_HORNSEY_31497,33,HORNSEY,31497,Barefoot Svgn Bl Cal,1.5L,11,10.99,2024-12-31
7_STANMORE_3257,7,STANMORE,3257,Gilbeys London Dry Trav,750mL,15,6.99,2024-12-31
18_FURNESS_3505,18,FURNESS,3505,Tito's Handmade Vodka,750mL,4,18.99,2024-12-31
37_PAETHSMOUTH_8837,37,PAETHSMOUTH,8837,Santa Rita 120 Cab Svgn,750mL,13,5.99,2024-12-31
2_ASHBORNE_3941,2,ASHBORNE,3941,Tres Generaciones Reposado,750mL,3,36.99,2024-12-31
38_GOULCREST_27332,38,GOULCREST,27332,Gilmanton Raspberry Merlot,750mL,5,15.99,2024-12-31
34_PITMERDEN_27010,34,PITMERDEN,27010,J Moreau & Fils Chablis,750mL,33,23.99,2024-12-31
32_MOUNTMEND_4355,32,MOUNTMEND,4355,Sea Hagg Spiced Rum,750mL,6,25.49,2024-12-31
37_PAETHSMOUTH_14006,37,PAETHSMOUTH,14006,Apothic Winemakers Red Blend,750mL,42,7.99,2024-12-31
20_BREDWARDINE_4359,20,BREDWARDINE,4359,Mr Boston Light Rum,1.75L,35,9.99,2024-12-31
25_CAERSHIRE_38178,25,CAERSHIRE,38178,Rex Goliath Cab Svgn,750mL,13,5.99,2024-12-31
32_MOUNTMEND_4634,32,MOUNTMEND,4634,Gold Crown Wh Rum,1.75L,13,10.99,2024-12-31
2_ASHBORNE_24325,2,ASHBORNE,24325,La Crema Chard Sonoma Cst,750mL,116,15.99,2024-12-31
18_FURNESS_26392,18,FURNESS,26392,Pepperwood Grove Pnt Nr,750mL,12,7.99,2024-12-31
4_EANVERNESS_3458,4,EANVERNESS,3458,Ciroc Amaretto Vodka,750mL,4,19.99,2024-12-31
31_HORNSEY_2894,31,HORNSEY,2894,Scoresby Rare,1.75L,12,17.99,2024-12-31
21_BALERNO_43809,21,BALERNO,43809,R M Woodbridge Pnt Nr,1.5L,64,8.99,2024-12-31
24_PALPERROTH_4196,24,PALPERROTH,4196,Bacardi Dragon Berry Rum,750mL,20,9.99,2024-12-31
21_BALERNO_36849,21,BALERNO,36849,Frey Pnt Nr Organic Mendocno,750mL,12,18.99,2024-12-31
9_BLACKPOOL_4683,9,BLACKPOOL,4683,Hennessy VS Cognac,50mL,63,3.99,2024-12-31
40_BULLMAR_4249,40,BULLMAR,4249,Capt Morgan White Coconut,750mL,10,14.99,2024-12-31
40_BULLMAR_6459,40,BULLMAR,6459,Freixenet Cordon Negro Extr,750mL,26,10.99,2024-12-31
2_ASHBORNE_8652,2,ASHBORNE,8652,Grande Absente Absinthe,750mL,6,56.99,2024-12-31
1_HARDERSFIELD_3871,1,HARDERSFIELD,3871,Smirnoff Watermelon Vodka,750mL,9,12.99,2024-12-31
30_CULCHETH_29955,30,CULCHETH,29955,Lindemans Bin 99 Pnt Nr,750mL,13,7.99,2024-12-31
30_CULCHETH_7990,30,CULCHETH,7990,Noilly Prat Sweet Vermouth,Liter,6,9.99,2024-12-31
14_BROMWICH_3609,14,BROMWICH,3609,Smirnoff Vanilla Vodka,50mL,183,0.99,2024-12-31
27_MOUNTMEND_5381,27,MOUNTMEND,5381,E&J Peach Brandy,50mL,1,0.99,2024-12-31
26_KNIFE'S EDGE_5254,26,KNIFE'S EDGE,5254,DeKuyper Buttershots Schnpps,750mL,22,10.99,2024-12-31
29_AYLESBURY_1767,29,AYLESBURY,1767,Buffalo Trace Bourbon,750mL,2,25.99,2024-12-31
8_ALNERWICK_46379,8,ALNERWICK,46379,Ghost Pine Cab Svgn LMartini,750mL,22,17.99,2024-12-31
32_MOUNTMEND_5367,32,MOUNTMEND,5367,Sambuca di Amore,750mL,12,9.99,2024-12-31
34_PITMERDEN_44715,34,PITMERDEN,44715,Drouhin St Veran,750mL,6,17.99,2024-12-31
34_PITMERDEN_26701,34,PITMERDEN,26701,O Leflaive Bourgne Setill 14,750mL,18,22.99,2024-12-31
32_MOUNTMEND_25808,32,MOUNTMEND,25808,Edna Valley Chard,750mL,12,11.99,2024-12-31
34_PITMERDEN_33734,34,PITMERDEN,33734,Hopler Pinot Noir Austria,750mL,14,17.99,2024-12-31
9_BLACKPOOL_19556,9,BLACKPOOL,19556,Zorvino Bacca Z Blackberry,750mL,12,13.99,2024-12-31
40_BULLMAR_24002,40,BULLMAR,24002,Corbett Canyon Chard,1.5L,6,8.99,2024-12-31
4_EANVERNESS_13710,4,EANVERNESS,13710,Stone Fruit Rsl,750mL,10,6.99,2024-12-31
13_TARMSWORTH_12123,13,TARMSWORTH,12123,Barefoot Cellars Rsl,750mL,10,4.99,2024-12-31
39_EASTHALLOW_22515,39,EASTHALLOW,22515,Justin Vyds Svgn Bl Ctrl Cst,750mL,7,12.99,2024-12-31
24_PALPERROTH_16670,24,PALPERROTH,16670,Sweet Baby Vyds White Peach,750mL,12,11.99,2024-12-31
33_HORNSEY_24325,33,HORNSEY,24325,La Crema Chard Sonoma Cst,750mL,52,15.99,2024-12-31
39_EASTHALLOW_42764,39,EASTHALLOW,42764,14 Hands Cab Svgn Wash,750mL,59,8.99,2024-12-31
2_ASHBORNE_41714,2,ASHBORNE,41714,Fish Eye Pnt Grigio,750mL,37,5.99,2024-12-31
33_HORNSEY_4198,33,HORNSEY,4198,Sailor Jerry Spiced Navy Rum,1.75L,60,24.99,2024-12-31
32_MOUNTMEND_3617,32,MOUNTMEND,3617,Olmeca Altos Reposado,750mL,11,21.99,2024-12-31
10_HORNSEY_1114,10,HORNSEY,1114,DiSaronno Etro Icon VAP,750mL,1,19.99,2024-12-31
13_TARMSWORTH_16477,13,TARMSWORTH,16477,Cupcake Angel Food,750mL,10,7.49,2024-12-31
8_ALNERWICK_31349,8,ALNERWICK,31349,Big House Red Cal,750mL,13,7.99,2024-12-31
32_MOUNTMEND_2151,32,MOUNTMEND,2151,Bain's Cape Mountain Whisky,750mL,9,31.99,2024-12-31
23_ARBINGTON_36510,23,ARBINGTON,36510,Yalumba Y Series Shrz/Viognr,750mL,9,11.99,2024-12-31
6_GOULCREST_25992,6,GOULCREST,25992,Murphy-Goode Cab Svgn Cal,750mL,13,12.99,2024-12-31
35_HALIVAARA_24098,35,HALIVAARA,24098,Gallo Copperidge Wh Znfdl,1.5L,6,6.99,2024-12-31
36_LEWES_3562,36,LEWES,3562,Pearl Vodka,50mL,78,0.99,2024-12-31
39_EASTHALLOW_19531,39,EASTHALLOW,19531,Claude Riffault Les Boucauds,750mL,0,22.99,2024-12-31
27_MOUNTMEND_3999,27,MOUNTMEND,3999,Hornitos Anejo Tequila,750mL,8,21.99,2024-12-31
31_HORNSEY_3837,31,HORNSEY,3837,Skyy Vodka,50mL,222,0.99,2024-12-31
33_HORNSEY_17915,33,HORNSEY,17915,Thorny Rose Svgn Bl NZ,750mL,13,10.99,2024-12-31
35_HALIVAARA_23143,35,HALIVAARA,23143,Bogle Chard,750mL,76,8.99,2024-12-31
10_HORNSEY_12534,10,HORNSEY,12534,Ch Beaulieu Grand Vin Brdx,750mL,8,9.99,2024-12-31
31_HORNSEY_7956,31,HORNSEY,7956,Bayou Satsuma Rum Liqueur,50mL,72,0.99,2024-12-31
33_HORNSEY_27009,33,HORNSEY,27009,Bouchard Aine & Fils B Chard,750mL,24,16.99,2024-12-31
9_BLACKPOOL_2682,9,BLACKPOOL,2682,The Glendronach 12 Yr Scotch,750mL,5,57.99,2024-12-31
29_AYLESBURY_26143,29,AYLESBURY,26143,R Mondavi Pvt Sel Svgn Bl,750mL,10,8.99,2024-12-31
38_GOULCREST_4283,38,GOULCREST,4283,Hochstadter's Slow and Low,750mL,7,21.99,2024-12-31
4_EANVERNESS_41062,4,EANVERNESS,41062,Martin Ray Cab Svgn Napa,750mL,4,17.99,2024-12-31
6_GOULCREST_3893,6,GOULCREST,3893,Zhenka 80 Proof,1.75L,20,9.99,2024-12-31
34_PITMERDEN_19403,34,PITMERDEN,19403,The Seeker Rose,750mL,8,13.99,2024-12-31
22_SHARNWICK_5890,22,SHARNWICK,5890,Godiva Wh Chocolate Liqueur,750mL,12,21.99,2024-12-31
9_BLACKPOOL_4386,9,BLACKPOOL,4386,Casa Noble Reposado,750mL,3,44.99,2024-12-31
16_LUNDY_6498,16,LUNDY,6498,Franzia Chablis Old World C,5L,8,17.99,2024-12-31
34_PITMERDEN_23876,34,PITMERDEN,23876,Love Lane Cab Svgn,750mL,7,10.99,2024-12-31
34_PITMERDEN_31345,34,PITMERDEN,31345,Cecchi Cern Chianti Clsc RSV,750mL,18,22.99,2024-12-31
38_GOULCREST_22291,38,GOULCREST,22291,Locations E Red Spanish,750mL,14,17.99,2024-12-31
6_GOULCREST_5731,6,GOULCREST,5731,Malibu Passion Fruit Rum,750mL,16,12.99,2024-12-31
23_ARBINGTON_1634,23,ARBINGTON,1634,The Famous Grouse,1.75L,47,27.99,2024-12-31
31_HORNSEY_41072,31,HORNSEY,41072,Angeline Pnt Nr Rsv,750mL,21,11.99,2024-12-31
23_ARBINGTON_3174,23,ARBINGTON,3174,Cold River Vodka,750mL,16,29.99,2024-12-31
34_PITMERDEN_26594,34,PITMERDEN,26594,Felton Road Pnt Nr Calvert,750mL,4,68.99,2024-12-31
12_LEESIDE_2753,12,LEESIDE,2753,Johnnie Walker Black Label,1.75L,49,59.99,2024-12-31
16_LUNDY_1835,16,LUNDY,1835,Knappogue Castle Irish Whsky,750mL,8,31.99,2024-12-31
38_GOULCREST_25113,38,GOULCREST,25113,Keller Est 13 Cruz Vyd Chard,750mL,21,36.99,2024-12-31
40_BULLMAR_7262,40,BULLMAR,7262,Gallo Sweet Vermouth,750mL,11,5.49,2024-12-31
32_MOUNTMEND_29407,32,MOUNTMEND,29407,Wild Horse CC Merlot,750mL,15,15.99,2024-12-31
19_WINTERVALE_8523,19,WINTERVALE,8523,Glen Ellen Chard RSV,750mL,12,4.99,2024-12-31
15_WANBORNE_14457,15,WANBORNE,14457,Scagliola Mati Barbera,750mL,4,12.99,2024-12-31
23_ARBINGTON_5255,23,ARBINGTON,5255,TGI Fridays Ultimte Mudslide,1.75L,29,12.99,2024-12-31
23_ARBINGTON_25739,23,ARBINGTON,25739,Stemmari Pnt Grigio,750mL,7,7.99,2024-12-31
21_BALERNO_63,21,BALERNO,63,Herradura Reposado Tequila,750mL,6,38.99,2024-12-31
5_SUTTON_3798,5,SUTTON,3798,Ciroc Apple Vodka,750mL,6,24.99,2024-12-31
1_HARDERSFIELD_19646,1,HARDERSFIELD,19646,JP Chenet Pnt Noir,750mL,7,9.99,2024-12-31
15_WANBORNE_3830,15,WANBORNE,3830,Grey Goose L'Orange Vodka,750mL,19,23.99,2024-12-31
33_HORNSEY_7340,33,HORNSEY,7340,Viniq Shimmery Liqueur,750mL,12,18.99,2024-12-31
1_HARDERSFIELD_46763,1,HARDERSFIELD,46763,Clayhouse Svgn Bl Paso Roble,750mL,28,11.99,2024-12-31
9_BLACKPOOL_5138,9,BLACKPOOL,5138,Fireball Cinnamon Whisky,750mL,90,13.99,2024-12-31
38_GOULCREST_313,38,GOULCREST,313,Rothman & Winter Violette,750mL,1,21.99,2024-12-31
19_WINTERVALE_21834,19,WINTERVALE,21834,Meiomi Chard,750mL,12,14.99,2024-12-31
23_ARBINGTON_25236,23,ARBINGTON,25236,Horseshoes & Handgrenades Re,750mL,14,17.99,2024-12-31
34_PITMERDEN_42953,34,PITMERDEN,42953,Tozai Well of Wisdom Sake,720mL,5,22.99,2024-12-31
13_TARMSWORTH_2132,13,TARMSWORTH,2132,Lord Calvert Canadian,1.75L,15,12.99,2024-12-31
7_STANMORE_4494,7,STANMORE,4494,Jenkins French Brandy,1.75L,13,14.99,2024-12-31
2_ASHBORNE_4040,2,ASHBORNE,4040,Clement Select Barrel Rhum,750mL,4,24.99,2024-12-31
5_SUTTON_3388,5,SUTTON,3388,Seagrams Extra Dry Gin,750mL,11,9.99,2024-12-31
40_BULLMAR_3919,40,BULLMAR,3919,Hornitos Reposado Tequila,375mL,11,11.49,2024-12-31
36_LEWES_2426,36,LEWES,2426,The Glenlivet 15Yr FrenchOak,750mL,4,54.99,2024-12-31
15_WANBORNE_19458,15,WANBORNE,19458,Ruffino Unoaked Chard Toscna,750mL,6,7.99,2024-12-31
11_CARDEND_5817,11,CARDEND,5817,GranGala Triple Orange,1.75L,5,29.99,2024-12-31
23_ARBINGTON_43223,23,ARBINGTON,43223,Ch Beauchene Cotes du Rhone,750mL,90,8.99,2024-12-31
10_HORNSEY_5633,10,HORNSEY,5633,Flag Hill Cranberry Liqueur,375mL,1,14.99,2024-12-31
22_SHARNWICK_8072,22,SHARNWICK,8072,Taittinger Brut La Francais,750mL,1,36.99,2024-12-31
21_BALERNO_1238,21,BALERNO,1238,The Glenlivet 12 Yr Single,50mL,98,4.99,2024-12-31
14_BROMWICH_24419,14,BROMWICH,24419,Bonterra Mendocino Org Chard,750mL,10,10.99,2024-12-31
33_HORNSEY_3123,33,HORNSEY,3123,Booths London Dry Gin,1.75L,7,14.99,2024-12-31
31_HORNSEY_4522,31,HORNSEY,4522,Lairds Apple Jack,750mL,2,15.99,2024-12-31
10_HORNSEY_4268,10,HORNSEY,4268,Capt Morgan Private Stock,750mL,59,22.99,2024-12-31
33_HORNSEY_7143,33,HORNSEY,7143,Smirnoff Watermelon Vodka,1.75L,9,18.99,2024-12-31
4_EANVERNESS_8092,4,EANVERNESS,8092,Johnnie Walker Red Label,50mL,63,2.29,2024-12-31
37_PAETHSMOUTH_8537,37,PAETHSMOUTH,8537,Dom Chandon Brut Cuvee,750mL,15,13.99,2024-12-31
8_ALNERWICK_3606,8,ALNERWICK,3606,Smirnoff Raspberry Vodka,50mL,132,0.99,2024-12-31
19_WINTERVALE_3695,19,WINTERVALE,3695,Rain Handcrafted Vodka,750mL,12,11.99,2024-12-31
26_KNIFE'S EDGE_13163,26,KNIFE'S EDGE,13163,Barefoot Bubbly Moscato,750mL,20,6.95,2024-12-31
35_HALIVAARA_19848,35,HALIVAARA,19848,Carnivor Cab Svgn,750mL,53,9.99,2024-12-31
22_SHARNWICK_23635,22,SHARNWICK,23635,Tortoise Creek Rose le Charm,750mL,10,14.99,2024-12-31
23_ARBINGTON_4686,23,ARBINGTON,4686,Courvoisier VS Cognac,1.75L,7,49.99,2024-12-31
38_GOULCREST_27322,38,GOULCREST,27322,W Selyum Pnt Nr RRV,750mL,12,81.99,2024-12-31
11_CARDEND_3842,11,CARDEND,3842,Barton Vodka,Liter,2,5.79,2024-12-31
34_PITMERDEN_40114,34,PITMERDEN,40114,M & R Prosecco Frizzante,750mL,22,10.99,2024-12-31
4_EANVERNESS_41633,4,EANVERNESS,41633,Prinz Salm Two Princes Nahe,750mL,5,13.99,2024-12-31
21_BALERNO_1634,21,BALERNO,1634,The Famous Grouse,1.75L,15,27.99,2024-12-31
11_CARDEND_17063,11,CARDEND,17063,Ch Tanunda Gr Barossa Cab Sv,750mL,12,16.99,2024-12-31
38_GOULCREST_23212,38,GOULCREST,23212,The Dreaming Tree Pnt Nr CA,750mL,14,12.99,2024-12-31
27_MOUNTMEND_4269,27,MOUNTMEND,4269,Calico Jack Spiced Rum,1.75L,11,11.99,2024-12-31
4_EANVERNESS_22819,4,EANVERNESS,22819,Rozes Infanta Isabel 10 Yr,750mL,3,24.99,2024-12-31
31_HORNSEY_2630,31,HORNSEY,2630,Old Pulteney Single Malt Sc,750mL,7,37.99,2024-12-31
17_OLDHAM_6692,17,OLDHAM,6692,Jaboulet Cotes du Rhone Par,750mL,10,12.99,2024-12-31
34_PITMERDEN_26502,34,PITMERDEN,26502,Laroche Chablis St Martin,750mL,24,21.99,2024-12-31
22_SHARNWICK_5662,22,SHARNWICK,5662,Skinnygirl W Peach Margarita,750mL,4,10.99,2024-12-31
30_CULCHETH_5149,30,CULCHETH,5149,Hpnotiq Liqueur,1.75L,3,34.99,2024-12-31
9_BLACKPOOL_12473,9,BLACKPOOL,12473,Ch Beauchene CDR White RSV,750mL,14,11.99,2024-12-31
3_HORNSEY_26945,3,HORNSEY,26945,Ferrari-Carano Fume Bl,750mL,7,9.99,2024-12-31
1_HARDERSFIELD_1929,1,HARDERSFIELD,1929,Old New England Cinn Egg Nog,750mL,2,6.99,2024-12-31
19_WINTERVALE_31497,19,WINTERVALE,31497,Barefoot Svgn Bl Cal,1.5L,16,10.99,2024-12-31
24_PALPERROTH_7878,24,PALPERROTH,7878,Allens Coffee Brandy,1.75L,10,15.99,2024-12-31
33_HORNSEY_8370,33,HORNSEY,8370,Chi Chi's Margarita,1.75L,19,8.99,2024-12-31
13_TARMSWORTH_44511,13,TARMSWORTH,44511,MacMurray Ranch C Cst Pnt Nr,750mL,0,14.99,2024-12-31
4_EANVERNESS_1746,4,EANVERNESS,1746,Tomatin 12 Yr Old Scotch,750mL,7,31.99,2024-12-31
1_HARDERSFIELD_8910,1,HARDERSFIELD,8910,Finlandia Vodka,50mL,187,0.99,2024-12-31
18_FURNESS_15527,18,FURNESS,15527,Roscato Rosso,750mL,46,9.99,2024-12-31
1_HARDERSFIELD_3040,1,HARDERSFIELD,3040,Tito's Handmade Vodka,Liter,66,23.99,2024-12-31
19_WINTERVALE_26551,19,WINTERVALE,26551,C R Clrs Fortissimo Red,4L,5,21.99,2024-12-31
11_CARDEND_44266,11,CARDEND,44266,Mommys Time Out Garganega/P,750mL,5,8.99,2024-12-31
10_HORNSEY_1927,10,HORNSEY,1927,"Jack Daniels ""Barrel Proof""",750mL,4,64.99,2024-12-31
8_ALNERWICK_28775,8,ALNERWICK,28775,C K Mondavi Merlot,1.5L,6,12.99,2024-12-31
11_CARDEND_2975,11,CARDEND,2975,Bird Dog Blackberry Whiskey,750mL,4,14.99,2024-12-31
6_GOULCREST_8905,6,GOULCREST,8905,Livingston Cellars Red Rose,3L,2,11.99,2024-12-31
34_PITMERDEN_5560,34,PITMERDEN,5560,Bacardi Mojito Cocktail,1.75L,10,18.99,2024-12-31
6_GOULCREST_7439,6,GOULCREST,7439,New Amsterdam Red Berry Vdka,Liter,12,11.99,2024-12-31
34_PITMERDEN_4595,34,PITMERDEN,4595,Don Pancho Origenes 18Yr Rum,750mL,12,89.99,2024-12-31
19_WINTERVALE_8059,19,WINTERVALE,8059,Corazon de Agave Anejo,750mL,9,27.99,2024-12-31
22_SHARNWICK_17867,22,SHARNWICK,17867,Beringer Classic Wh Zin Mosc,750mL,12,6.99,2024-12-31
13_TARMSWORTH_5891,13,TARMSWORTH,5891,Ryans Irish Cream,1.75L,4,15.99,2024-12-31
11_CARDEND_23797,11,CARDEND,23797,Mayu Carmenere Syrah,750mL,19,12.99,2024-12-31
18_FURNESS_3397,18,FURNESS,3397,Ciroc Red Berry Vodka,750mL,14,24.99,2024-12-31
6_GOULCREST_3987,6,GOULCREST,3987,Smirnoff Peppermint Twist,750mL,0,10.99,2024-12-31
39_EASTHALLOW_25843,39,EASTHALLOW,25843,Ch Tour Bel Air Brdx,750mL,12,14.99,2024-12-31
35_HALIVAARA_32908,35,HALIVAARA,32908,Sterling Vintners Cltn Merlo,750mL,18,9.99,2024-12-31
38_GOULCREST_10762,38,GOULCREST,10762,Pacifico Sur Svgn Bl,750mL,13,7.29,2024-12-31
11_CARDEND_6429,11,CARDEND,6429,C Y Toro Frontera Svgn Bl,1.5L,91,10.99,2024-12-31
36_LEWES_42881,36,LEWES,42881,La Bastarda Pnt Gr Sicily,750mL,13,8.99,2024-12-31
1_HARDERSFIELD_5912,1,HARDERSFIELD,5912,Yeni Raki,750mL,11,19.99,2024-12-31
23_ARBINGTON_12495,23,ARBINGTON,12495,Cupcake Malbec,750mL,33,7.49,2024-12-31
17_OLDHAM_41751,17,OLDHAM,41751,Clos du Bois Pnt Grigio Cal,750mL,6,8.99,2024-12-31
38_GOULCREST_4343,38,GOULCREST,4343,Cruzan Blueberry Lemonade,750mL,17,9.99,2024-12-31
7_STANMORE_8522,7,STANMORE,8522,Dekuyper Peachtree Scnapps,50mL,119,0.99,2024-12-31
12_LEESIDE_376,12,LEESIDE,376,Aperol Liqueur,750mL,8,28.99,2024-12-31
23_ARBINGTON_16178,23,ARBINGTON,16178,Lobstah White,750mL,0,11.99,2024-12-31
34_PITMERDEN_1346,34,PITMERDEN,1346,Knob Creek Bourbon,750mL,318,30.99,2024-12-31
10_HORNSEY_905,10,HORNSEY,905,DeKuyper Grape Pucker,Liter,8,12.99,2024-12-31
23_ARBINGTON_8828,23,ARBINGTON,8828,Lunazul Blanco Tequila,750mL,8,13.99,2024-12-31
19_WINTERVALE_15891,19,WINTERVALE,15891,Farnum Hill Dooryard Cider,750mL,0,11.99,2024-12-31
4_EANVERNESS_2652,4,EANVERNESS,2652,Michter's American Whiskey,750mL,4,39.99,2024-12-31
36_LEWES_4149,36,LEWES,4149,Sailor Jerry Spiced Navy Rum,50mL,63,1.49,2024-12-31
8_ALNERWICK_2164,8,ALNERWICK,2164,New Amsterdam Gin,1.75L,29,16.99,2024-12-31
6_GOULCREST_5597,6,GOULCREST,5597,DeKuyper Watermelon Pucker,750mL,13,9.99,2024-12-31
21_BALERNO_31787,21,BALERNO,31787,Peter Vella Merlot Calif B/B,5L,7,16.99,2024-12-31
10_HORNSEY_2448,10,HORNSEY,2448,Seagrams VO Gold,750mL,5,15.99,2024-12-31
33_HORNSEY_23523,33,HORNSEY,23523,19 Crimes Cab Svgn,750mL,13,9.99,2024-12-31
23_ARBINGTON_3960,23,ARBINGTON,3960,Tortilla Gold Tequila Liquer,1.75L,21,11.99,2024-12-31
2_ASHBORNE_2514,2,ASHBORNE,2514,Bird Dog Peach Whiskey,750mL,4,14.99,2024-12-31
33_HORNSEY_7948,33,HORNSEY,7948,Bayou Silver Rum,50mL,72,0.99,2024-12-31
22_SHARNWICK_42766,22,SHARNWICK,42766,14 Hands Merlot Wash,750mL,24,8.99,2024-12-31
2_ASHBORNE_5735,2,ASHBORNE,5735,Malibu Rum,750mL,112,12.99,2024-12-31
6_GOULCREST_3368,6,GOULCREST,3368,Pinnacle Grape Vodka,1.75L,2,15.99,2024-12-31
38_GOULCREST_21317,38,GOULCREST,21317,Bartenura Moscato,750mL,27,13.99,2024-12-31
15_WANBORNE_37657,15,WANBORNE,37657,Maso Canali Pinot Grigio Tr,750mL,12,17.99,2024-12-31
36_LEWES_3495,36,LEWES,3495,Ketel One Citroen Vodka,1.75L,19,38.99,2024-12-31
34_PITMERDEN_4241,34,PITMERDEN,4241,Capt Morgan Spiced Rum,50mL,95,1.99,2024-12-31
32_MOUNTMEND_14805,32,MOUNTMEND,14805,Ninety+Cellars Lot 23 Malbec,750mL,24,8.99,2024-12-31
38_GOULCREST_2672,38,GOULCREST,2672,Dewars White Label,50mL,50,2.29,2024-12-31
31_HORNSEY_6096,31,HORNSEY,6096,Kinky Blue Liqueur,750mL,8,16.99,2024-12-31
10_HORNSEY_4429,10,HORNSEY,4429,Capt Morgan Silver Spicd Rum,1.75L,22,21.99,2024-12-31
9_BLACKPOOL_4582,9,BLACKPOOL,4582,Diplomatico Venezln Rsva Rum,750mL,0,34.99,2024-12-31
10_HORNSEY_12212,10,HORNSEY,12212,Black Box Svgn Bl,3L,16,18.99,2024-12-31
12_LEESIDE_27596,12,LEESIDE,27596,MezzaCorona Pnt Grigio,750mL,21,7.99,2024-12-31
20_BREDWARDINE_23889,20,BREDWARDINE,23889,Corbett Canyon Wh Znfdl,1.5L,7,8.99,2024-12-31
21_BALERNO_6115,21,BALERNO,6115,Midnight Moon Raspberry,750mL,14,19.99,2024-12-31
11_CARDEND_23123,11,CARDEND,23123,Federico Ferrero Chard Langh,750mL,14,12.99,2024-12-31
1_HARDERSFIELD_8242,1,HARDERSFIELD,8242,Folonari Soave Dry White,1.5L,14,14.99,2024-12-31
2_ASHBORNE_8898,2,ASHBORNE,8898,Yukon Jack,1.75L,11,25.99,2024-12-31
34_PITMERDEN_25731,34,PITMERDEN,25731,Sonoma Loeb Chard Sangiacomo,750mL,5,22.99,2024-12-31
34_PITMERDEN_15527,34,PITMERDEN,15527,Roscato Rosso,750mL,143,9.99,2024-12-31
17_OLDHAM_1278,17,OLDHAM,1278,Jim Beam Black,1.75L,10,35.99,2024-12-31
12_LEESIDE_8339,12,LEESIDE,8339,The Glenlivet 12 Yr Single,750mL,19,42.99,2024-12-31
4_EANVERNESS_15264,4,EANVERNESS,15264,Bridlewood Cab Svgn,750mL,14,10.99,2024-12-31
10_HORNSEY_38546,10,HORNSEY,38546,Mark West Pnt Nr Sonoma,750mL,67,9.99,2024-12-31
35_HALIVAARA_11749,35,HALIVAARA,11749,Almaden Pnt Grigio B/B,5L,4,15.99,2024-12-31
32_MOUNTMEND_20506,32,MOUNTMEND,20506,Citran Haut-Medoc,750mL,1,28.99,2024-12-31
34_PITMERDEN_15917,34,PITMERDEN,15917,Simply Naked Chard,750mL,11,8.99,2024-12-31
13_TARMSWORTH_9358,13,TARMSWORTH,9358,KAH Reposado Tequila,750mL,4,59.99,2024-12-31
18_FURNESS_32368,18,FURNESS,32368,Cavit Pinot Noir Delle Vene,1.5L,10,9.99,2024-12-31
30_CULCHETH_23191,30,CULCHETH,23191,Clos Pegase Svgn Bl Napa,750mL,18,14.99,2024-12-31
23_ARBINGTON_4389,23,ARBINGTON,4389,Amaro Montenegro Liqueur,750mL,2,24.99,2024-12-31
2_ASHBORNE_4278,2,ASHBORNE,4278,Capt Morgan Parrot Bay Cocnt,750mL,17,11.99,2024-12-31
38_GOULCREST_3495,38,GOULCREST,3495,Ketel One Citroen Vodka,1.75L,41,38.99,2024-12-31
33_HORNSEY_25709,33,HORNSEY,25709,Hallowed Ground Proprtry Red,750mL,64,15.99,2024-12-31
16_LUNDY_1545,16,LUNDY,1545,Gentleman Jack,750mL,12,28.99,2024-12-31
16_LUNDY_3244,16,LUNDY,3244,Burnetts Vodka,750mL,20,6.99,2024-12-31
1_HARDERSFIELD_2598,1,HARDERSFIELD,2598,Firefly Apple Pie Moonshine,750mL,13,16.99,2024-12-31
34_PITMERDEN_3560,34,PITMERDEN,3560,Ciroc Amaretto Vodka,375mL,5,15.49,2024-12-31
30_CULCHETH_6869,30,CULCHETH,6869,Benziger Chard,750mL,13,10.99,2024-12-31
7_STANMORE_25728,7,STANMORE,25728,Chappellet Signature Cab Svg,750mL,12,62.99,2024-12-31
17_OLDHAM_3725,17,OLDHAM,3725,Three Olives Pomegranate,750mL,14,14.99,2024-12-31
27_MOUNTMEND_41254,27,MOUNTMEND,41254,Ch St Jean Merlot Cal,750mL,20,11.99,2024-12-31
6_GOULCREST_22822,6,GOULCREST,22822,Corvo Pnt Nr,750mL,8,11.99,2024-12-31
16_LUNDY_8118,16,LUNDY,8118,Mr Boston Blackberry Brandy,750mL,24,5.99,2024-12-31
14_BROMWICH_2290,14,BROMWICH,2290,Jim Beam Devils Cut Bourbon,750mL,0,23.99,2024-12-31
15_WANBORNE_3123,15,WANBORNE,3123,Booths London Dry Gin,1.75L,18,14.99,2024-12-31
9_BLACKPOOL_3626,9,BLACKPOOL,3626,Sauza Extra Gold Tequila,750mL,21,12.99,2024-12-31
34_PITMERDEN_44529,34,PITMERDEN,44529,Salmon Run Chard/Rsl,750mL,11,9.99,2024-12-31
12_LEESIDE_2957,12,LEESIDE,2957,Glenfarclas 12-Yr Scotch,750mL,6,35.99,2024-12-31
2_ASHBORNE_38179,2,ASHBORNE,38179,Rex Goliath Chard,750mL,14,5.99,2024-12-31
15_WANBORNE_5662,15,WANBORNE,5662,Skinnygirl W Peach Margarita,750mL,15,10.99,2024-12-31
10_HORNSEY_8123,10,HORNSEY,8123,Mouton Cadet Red Brdx,750mL,6,12.99,2024-12-31
11_CARDEND_2788,11,CARDEND,2788,Laphroaig 10 Yr Single Malt,750mL,18,39.99,2024-12-31
22_SHARNWICK_36623,22,SHARNWICK,36623,Talbott Sleepy Hollow Chard,750mL,6,28.99,2024-12-31
10_HORNSEY_5893,10,HORNSEY,5893,Ole Smoky Wh Lightin'Moonshn,50mL,3,1.99,2024-12-31
20_BREDWARDINE_36558,20,BREDWARDINE,36558,Cruz Garcia Real Sangria Re,1.5L,7,9.99,2024-12-31
19_WINTERVALE_5929,19,WINTERVALE,5929,RumChata Liqueur,1.75L,6,39.99,2024-12-31
4_EANVERNESS_6530,4,EANVERNESS,6530,Meridian Santa Barbara Chard,750mL,18,7.99,2024-12-31
18_FURNESS_15105,18,FURNESS,15105,Kendall Jackson Avant Chard,750mL,19,9.99,2024-12-31
15_WANBORNE_5367,15,WANBORNE,5367,Sambuca di Amore,750mL,19,9.99,2024-12-31
6_GOULCREST_2951,6,GOULCREST,2951,Old Bushmills,1.75L,5,37.99,2024-12-31
32_MOUNTMEND_4391,32,MOUNTMEND,4391,Matusalem Gran Reserva Rum,750mL,5,22.99,2024-12-31
20_BREDWARDINE_5060,20,BREDWARDINE,5060,Dr McGillicuddy's Butterscth,750mL,49,13.99,2024-12-31
10_HORNSEY_10469,10,HORNSEY,10469,Easton Svgn Bl Sierra Foothl,750mL,10,16.99,2024-12-31
40_BULLMAR_5962,40,BULLMAR,5962,Vermont Ice Maple Creme,750mL,7,24.99,2024-12-31
31_HORNSEY_3422,31,HORNSEY,3422,Beefeater,750mL,16,19.99,2024-12-31
17_OLDHAM_16670,17,OLDHAM,16670,Sweet Baby Vyds White Peach,750mL,11,11.99,2024-12-31
38_GOULCREST_11141,38,GOULCREST,11141,C K Mondavi Chard,1.5L,22,12.99,2024-12-31
31_HORNSEY_2465,31,HORNSEY,2465,Crown Royal Mini,50mL,63,2.99,2024-12-31
26_KNIFE'S EDGE_13258,26,KNIFE'S EDGE,13258,ChocoVine,750mL,8,9.99,2024-12-31
34_PITMERDEN_1385,34,PITMERDEN,1385,Makers Mark,750mL,418,24.99,2024-12-31
21_BALERNO_5758,21,BALERNO,5758,1800 Ultimate Margarita RTD,1.75L,10,19.99,2024-12-31
13_TARMSWORTH_4932,13,TARMSWORTH,4932,Arrow Ginger Brandy,750mL,13,7.99,2024-12-31
23_ARBINGTON_3568,23,ARBINGTON,3568,Pearl Cucumber Vodka,50mL,10,0.99,2024-12-31
8_ALNERWICK_5358,8,ALNERWICK,5358,Irish Mist Honey Liqueur,750mL,11,25.99,2024-12-31
4_EANVERNESS_3808,4,EANVERNESS,3808,Three Olives Vodka,750mL,34,14.99,2024-12-31
40_BULLMAR_17176,40,BULLMAR,17176,Beringer Classic Chard,1.5L,14,7.99,2024-12-31
33_HORNSEY_43662,33,HORNSEY,43662,L'Ecole No 41 Cab Svgn Clmba,750mL,10,29.99,2024-12-31
16_LUNDY_42881,16,LUNDY,42881,La Bastarda Pnt Gr Sicily,750mL,24,8.99,2024-12-31
12_LEESIDE_23143,12,LEESIDE,23143,Bogle Chard,750mL,102,8.99,2024-12-31
10_HORNSEY_2661,10,HORNSEY,2661,Laphroaig Cask Strength 10Yr,750mL,21,70.99,2024-12-31
38_GOULCREST_19220,38,GOULCREST,19220,Veuve Clicquot Gold Label,750mL,10,64.99,2024-12-31
19_WINTERVALE_8877,19,WINTERVALE,8877,Latour Beaujolais Villages,750mL,2,15.99,2024-12-31
14_BROMWICH_26403,14,BROMWICH,26403,Mouton Cadet Ryder Cup Red B,750mL,7,9.99,2024-12-31
4_EANVERNESS_18638,4,EANVERNESS,18638,Waterstone Cab Svgn,750mL,3,24.99,2024-12-31
23_ARBINGTON_28262,23,ARBINGTON,28262,Nathanson Creek Merlot,1.5L,20,7.99,2024-12-31
1_HARDERSFIELD_3137,1,HARDERSFIELD,3137,Three Olives Blueberry Vodka,50mL,0,0.99,2024-12-31
15_WANBORNE_1228,15,WANBORNE,1228,Glenfiddich Ancient RSV 18,750mL,6,94.99,2024-12-31
17_OLDHAM_3343,17,OLDHAM,3343,Bombay Sapphire Gin,375mL,11,12.99,2024-12-31
33_HORNSEY_36344,33,HORNSEY,36344,Latour Pinot Noir Valmoissin,750mL,6,12.99,2024-12-31
11_CARDEND_538,11,CARDEND,538,Amaretto DiSaronno,375mL,10,13.99,2024-12-31
9_BLACKPOOL_12147,9,BLACKPOOL,12147,Sterling Vintners CA Meritag,750mL,17,7.99,2024-12-31
32_MOUNTMEND_8744,32,MOUNTMEND,8744,Jadot Bourgogne Pinot Noir,750mL,15,17.99,2024-12-31
20_BREDWARDINE_36770,20,BREDWARDINE,36770,Yellow Tail Cab Svgn Ausl,1.5L,79,8.95,2024-12-31
18_FURNESS_3444,18,FURNESS,3444,Hornitos Plata Tequila,1.75L,3,34.99,2024-12-31
34_PITMERDEN_26717,34,PITMERDEN,26717,Arpa Pnt Grigio,750mL,2,9.99,2024-12-31
15_WANBORNE_35411,15,WANBORNE,35411,Yellow Tail Chard Ausl,750mL,50,7.99,2024-12-31
31_HORNSEY_3237,31,HORNSEY,3237,Firefly Sweet Tea Vodka,1.75L,12,23.99,2024-12-31
7_STANMORE_5820,7,STANMORE,5820,Dr McGillicuddy's Peppermint,750mL,29,13.99,2024-12-31
15_WANBORNE_28947,15,WANBORNE,28947,R M Woodbridge Merlot Cal,1.5L,64,8.99,2024-12-31
19_WINTERVALE_32988,19,WINTERVALE,32988,Barefoot Cab Svgn Cal,750mL,2,4.99,2024-12-31
18_FURNESS_2924,18,FURNESS,2924,Speyburn 10-Yr Single Malt,750mL,4,23.99,2024-12-31
13_TARMSWORTH_4787,13,TARMSWORTH,4787,Appleton Special Gold Rum,1.75L,5,19.99,2024-12-31
2_ASHBORNE_3154,2,ASHBORNE,3154,New Amsterdam Peach Vodka,750mL,14,10.99,2024-12-31
34_PITMERDEN_3893,34,PITMERDEN,3893,Zhenka 80 Proof,1.75L,117,9.99,2024-12-31
14_BROMWICH_6329,14,BROMWICH,6329,R M Woodbridge Wh Znfdl Cal,1.5L,14,8.99,2024-12-31
10_HORNSEY_4147,10,HORNSEY,4147,Kirk and Sweeney 18 Yr Rum,750mL,7,39.99,2024-12-31
24_PALPERROTH_32648,24,PALPERROTH,32648,Beringer Classic Wh Znfdl,1.5L,12,7.99,2024-12-31
15_WANBORNE_20167,15,WANBORNE,20167,Plungerhead Lodi Cab Svgn,750mL,33,13.99,2024-12-31
12_LEESIDE_38549,12,LEESIDE,38549,Stemmari Nero D'Avola,750mL,24,8.99,2024-12-31
33_HORNSEY_8472,33,HORNSEY,8472,1800 Silver Tequila,750mL,8,21.99,2024-12-31
10_HORNSEY_8155,10,HORNSEY,8155,Black Velvet Plastic,375mL,31,4.99,2024-12-31
8_ALNERWICK_4818,8,ALNERWICK,4818,Skyy Infusions Pacific Blueb,750mL,16,12.99,2024-12-31
6_GOULCREST_21813,6,GOULCREST,21813,Canyon Road Chard,750mL,48,4.79,2024-12-31
34_PITMERDEN_3321,34,PITMERDEN,3321,Rosita Tequila Gold,Liter,2,9.29,2024-12-31
38_GOULCREST_13930,38,GOULCREST,13930,Gallo Copperidge Pnt Grigio,1.5L,12,6.99,2024-12-31
30_CULCHETH_3234,30,CULCHETH,3234,Hendrick's Gin,1.75L,7,59.99,2024-12-31
31_HORNSEY_3142,31,HORNSEY,3142,Smirnoff Sourced Cran/Apple,50mL,0,0.99,2024-12-31
34_PITMERDEN_23828,34,PITMERDEN,23828,Ermisch Pnt Nr Erendira Rise,750mL,7,35.99,2024-12-31
33_HORNSEY_2465,33,HORNSEY,2465,Crown Royal Mini,50mL,71,2.99,2024-12-31
35_HALIVAARA_2132,35,HALIVAARA,2132,Lord Calvert Canadian,1.75L,7,12.99,2024-12-31
33_HORNSEY_384,33,HORNSEY,384,Ardbeg Corryvreckan Scotch,750mL,21,69.99,2024-12-31
19_WINTERVALE_1358,19,WINTERVALE,1358,Knob Creek Bourbon,1.75L,38,59.99,2024-12-31
37_PAETHSMOUTH_4268,37,PAETHSMOUTH,4268,Capt Morgan Private Stock,750mL,13,22.99,2024-12-31
25_CAERSHIRE_14895,25,CAERSHIRE,14895,Vendange Pnt Grigio,1.5L,14,7.99,2024-12-31
9_BLACKPOOL_3562,9,BLACKPOOL,3562,Pearl Vodka,50mL,0,0.99,2024-12-31
33_HORNSEY_8085,33,HORNSEY,8085,Wild Turkey,1.75L,30,29.99,2024-12-31
20_BREDWARDINE_38546,20,BREDWARDINE,38546,Mark West Pnt Nr Sonoma,750mL,177,9.99,2024-12-31
4_EANVERNESS_2586,4,EANVERNESS,2586,Jameson Irish Whiskey,50mL,19,2.99,2024-12-31
32_MOUNTMEND_34905,32,MOUNTMEND,34905,Smoking Loon Merlot,750mL,55,6.79,2024-12-31
33_HORNSEY_8469,33,HORNSEY,8469,1800 Reposado Gold Tequila,750mL,14,22.99,2024-12-31
30_CULCHETH_8236,30,CULCHETH,8236,Jim Beam,50mL,163,1.49,2024-12-31
21_BALERNO_25262,21,BALERNO,25262,Ziobaffa Organic Tuscan Red,750mL,10,14.99,2024-12-31
35_HALIVAARA_3295,35,HALIVAARA,3295,Tito's Handmade Vodka,375mL,14,11.99,2024-12-31
32_MOUNTMEND_3945,32,MOUNTMEND,3945,Sauza Conmemorativo,750mL,9,17.99,2024-12-31
32_MOUNTMEND_8970,32,MOUNTMEND,8970,Ice Box Manhattan,1.75L,8,9.99,2024-12-31
34_PITMERDEN_24588,34,PITMERDEN,24588,Boundary Breaks OLN Rsl,750mL,8,14.99,2024-12-31
38_GOULCREST_8761,38,GOULCREST,8761,Jose Cuervo Especial,375mL,17,10.99,2024-12-31
10_HORNSEY_6698,10,HORNSEY,6698,Clos du Bois Marlstone,750mL,8,43.99,2024-12-31
19_WINTERVALE_1186,19,WINTERVALE,1186,Evan Williams Single Barrel,750mL,6,27.99,2024-12-31
27_MOUNTMEND_44266,27,MOUNTMEND,44266,Mommys Time Out Garganega/P,750mL,15,8.99,2024-12-31
8_ALNERWICK_24003,8,ALNERWICK,24003,Corbett Canyon Cab Svgn,1.5L,15,8.99,2024-12-31
34_PITMERDEN_14416,34,PITMERDEN,14416,J Lohr Falcons Perch Pnt Nr,750mL,6,13.99,2024-12-31
20_BREDWARDINE_636,20,BREDWARDINE,636,Bols Pomegranate Liqueur,Liter,9,9.49,2024-12-31
3_HORNSEY_8023,3,HORNSEY,8023,DeKuyper Triple Sec,750mL,11,4.49,2024-12-31
1_HARDERSFIELD_5640,1,HARDERSFIELD,5640,Metcalf's Blueberry Liqueur,375mL,6,16.99,2024-12-31
23_ARBINGTON_2644,23,ARBINGTON,2644,Chivas Regal 18-Yr Scotch,750mL,8,74.99,2024-12-31
11_CARDEND_35578,11,CARDEND,35578,Alamos Ridge Cab Svgn Mendza,750mL,13,9.99,2024-12-31
5_SUTTON_8085,5,SUTTON,8085,Wild Turkey,1.75L,17,29.99,2024-12-31
32_MOUNTMEND_4884,32,MOUNTMEND,4884,Bayou Silver Rum,750mL,4,15.99,2024-12-31
15_WANBORNE_18744,15,WANBORNE,18744,Ca'Momi Chard Napa Vly,750mL,29,17.99,2024-12-31
1_HARDERSFIELD_3443,1,HARDERSFIELD,3443,Stolichnaya,375mL,5,8.99,2024-12-31
25_CAERSHIRE_5195,25,CAERSHIRE,5195,Jenkins Melon Liqueur,750mL,5,5.99,2024-12-31
7_STANMORE_37435,7,STANMORE,37435,Duval-Leroy Champagne Brut,750mL,10,31.99,2024-12-31
36_LEWES_1358,36,LEWES,1358,Knob Creek Bourbon,1.75L,30,59.99,2024-12-31
10_HORNSEY_3016,10,HORNSEY,3016,Bombay Sapphire East Gin,750mL,29,19.99,2024-12-31
22_SHARNWICK_18134,22,SHARNWICK,18134,Joel Gott Grenache,750mL,3,13.99,2024-12-31
21_BALERNO_1295,21,BALERNO,1295,Jack Daniels No 7 Black,100mL,4,3.99,2024-12-31
2_ASHBORNE_2607,2,ASHBORNE,2607,Grand MacNish 12 Yr Old,750mL,10,21.99,2024-12-31
27_MOUNTMEND_42099,27,MOUNTMEND,42099,Bota Box Pnt Grigio Cal,3L,2,17.99,2024-12-31
20_BREDWARDINE_3847,20,BREDWARDINE,3847,Grey Goose Vodka,50mL,159,3.99,2024-12-31
6_GOULCREST_24829,6,GOULCREST,24829,Cecchi Chianti Classico,750mL,48,11.99,2024-12-31
18_FURNESS_12123,18,FURNESS,12123,Barefoot Cellars Rsl,750mL,0,4.99,2024-12-31
38_GOULCREST_24673,38,GOULCREST,24673,Bolla Pinot Grigio,1.5L,13,15.99,2024-12-31
2_ASHBORNE_3921,2,ASHBORNE,3921,Espolon Reposado Tequila,750mL,6,23.99,2024-12-31
24_PALPERROTH_10596,24,PALPERROTH,10596,Almaden Mt Rhine Calif B/B,5L,8,14.99,2024-12-31
6_GOULCREST_2310,6,GOULCREST,2310,Ungava Gin,750mL,1,28.99,2024-12-31
17_OLDHAM_44494,17,OLDHAM,44494,Smoking Loon Pnt Grigio Cal,750mL,4,6.79,2024-12-31
40_BULLMAR_4565,40,BULLMAR,4565,Christian Bros VS Brandy,750mL,9,9.49,2024-12-31
15_WANBORNE_46947,15,WANBORNE,46947,Murphy-Goode Merlot Alexandr,750mL,11,12.99,2024-12-31
10_HORNSEY_2795,10,HORNSEY,2795,George Dickel Rye,750mL,7,24.99,2024-12-31
23_ARBINGTON_2158,23,ARBINGTON,2158,Sortilege Liqueur,375mL,3,19.99,2024-12-31
21_BALERNO_33148,21,BALERNO,33148,Alamos Ridge Chard Mendoza,750mL,19,9.99,2024-12-31
1_HARDERSFIELD_686,1,HARDERSFIELD,686,Midnight Moon Cherry,750mL,11,19.99,2024-12-31
34_PITMERDEN_14240,34,PITMERDEN,14240,Ninety+Cellars Lot 2 Svgn Bl,750mL,11,8.99,2024-12-31
34_PITMERDEN_3489,34,PITMERDEN,3489,Tanqueray,1.75L,308,27.99,2024-12-31
34_PITMERDEN_4195,34,PITMERDEN,4195,Calico Jack Spiced Rum No 94,750mL,12,10.99,2024-12-31
20_BREDWARDINE_5160,20,BREDWARDINE,5160,Hpnotiq Liqueur,375mL,10,10.99,2024-12-31
35_HALIVAARA_4215,35,HALIVAARA,4215,Kingfish Silver Rum,750mL,3,25.99,2024-12-31
12_LEESIDE_21735,12,LEESIDE,21735,Millet Roger Sancerrre,750mL,11,25.99,2024-12-31
20_BREDWARDINE_8273,20,BREDWARDINE,8273,El Mayor Reposado Tequila,750mL,6,21.99,2024-12-31
15_WANBORNE_41254,15,WANBORNE,41254,Ch St Jean Merlot Cal,750mL,19,11.99,2024-12-31
20_BREDWARDINE_3808,20,BREDWARDINE,3808,Three Olives Vodka,750mL,32,14.99,2024-12-31
10_HORNSEY_5058,10,HORNSEY,5058,Capt Morgan Long Isl Tea RTD,1.75L,10,17.99,2024-12-31
34_PITMERDEN_16393,34,PITMERDEN,16393,Alamos Red Mendoza,750mL,11,9.99,2024-12-31
34_PITMERDEN_41912,34,PITMERDEN,41912,Matua Pnt Nr Marlboro,750mL,15,12.99,2024-12-31
29_AYLESBURY_2788,29,AYLESBURY,2788,Laphroaig 10 Yr Single Malt,750mL,9,39.99,2024-12-31
37_PAETHSMOUTH_37235,37,PAETHSMOUTH,37235,Mionetto Il Prosecco Spklg,750mL,13,11.99,2024-12-31
31_HORNSEY_24253,31,HORNSEY,24253,Franzia Dark Red Blend,5L,3,17.99,2024-12-31
16_LUNDY_8361,16,LUNDY,8361,Carlo Rossi Chablis Calif,4L,3,14.99,2024-12-31
33_HORNSEY_8693,33,HORNSEY,8693,Ezra Brooks,750mL,11,9.99,2024-12-31
32_MOUNTMEND_7489,32,MOUNTMEND,7489,99 Blackberries,50mL,56,0.99,2024-12-31
9_BLACKPOOL_8059,9,BLACKPOOL,8059,Corazon de Agave Anejo,750mL,4,27.99,2024-12-31
19_WINTERVALE_4806,19,WINTERVALE,4806,Leroux Blackberry Brandy,1.75L,10,14.99,2024-12-31
20_BREDWARDINE_12123,20,BREDWARDINE,12123,Barefoot Cellars Rsl,750mL,5,4.99,2024-12-31
34_PITMERDEN_4291,34,PITMERDEN,4291,Ronrico Gold,1.75L,23,12.99,2024-12-31
19_WINTERVALE_8329,19,WINTERVALE,8329,R Mondavi Chard Pvt Sel,750mL,18,8.99,2024-12-31
25_CAERSHIRE_33267,25,CAERSHIRE,33267,El Coto de Rioja RSV Coto d,750mL,6,19.99,2024-12-31
38_GOULCREST_2508,38,GOULCREST,2508,Crown Royal No Harvest Rye,50mL,0,1.99,2024-12-31
13_TARMSWORTH_6932,13,TARMSWORTH,6932,Santa Rita 120 Chard,750mL,7,5.99,2024-12-31
7_STANMORE_32826,7,STANMORE,32826,Rombauer Carneros Chard,750mL,51,32.95,2024-12-31
7_STANMORE_22192,7,STANMORE,22192,Placido Chianti,1.5L,9,12.99,2024-12-31
30_CULCHETH_2658,30,CULCHETH,2658,Cutty Sark,750mL,3,15.99,2024-12-31
10_HORNSEY_3706,10,HORNSEY,3706,Pinnacle Citrus Vodka,1.75L,69,15.99,2024-12-31
34_PITMERDEN_17119,34,PITMERDEN,17119,Zaccagnini Cerasuolo Rose,750mL,13,15.99,2024-12-31
25_CAERSHIRE_5254,25,CAERSHIRE,5254,DeKuyper Buttershots Schnpps,750mL,12,10.99,2024-12-31
30_CULCHETH_8781,30,CULCHETH,8781,Rodney Strong Cab Svgn,750mL,16,16.99,2024-12-31
26_KNIFE'S EDGE_38457,26,KNIFE'S EDGE,38457,Smoking Loon Pnt Nr,750mL,21,6.79,2024-12-31
32_MOUNTMEND_1767,32,MOUNTMEND,1767,Buffalo Trace Bourbon,750mL,6,25.99,2024-12-31
22_SHARNWICK_39087,22,SHARNWICK,39087,Corbett Canyon Pnt Grigio,3L,6,10.99,2024-12-31
33_HORNSEY_32619,33,HORNSEY,32619,Schmitt Sohne Blue Rsl,1.5L,4,20.99,2024-12-31
12_LEESIDE_28163,12,LEESIDE,28163,Villa Maria Svgn Bl Pvt Bin,750mL,22,11.99,2024-12-31
7_STANMORE_22291,7,STANMORE,22291,Locations E Red Spanish,750mL,3,17.99,2024-12-31
27_MOUNTMEND_19870,27,MOUNTMEND,19870,Yellow Tail Sangria,1.5L,25,8.95,2024-12-31
2_ASHBORNE_2886,2,ASHBORNE,2886,Buchanans Deluxe 12Yr Scotch,1.75L,6,62.99,2024-12-31
7_STANMORE_3970,7,STANMORE,3970,El Toro Gold,750mL,5,9.29,2024-12-31
31_HORNSEY_5662,31,HORNSEY,5662,Skinnygirl W Peach Margarita,750mL,6,10.99,2024-12-31
36_LEWES_5365,36,LEWES,5365,Kahlua,750mL,63,18.99,2024-12-31
40_BULLMAR_16328,40,BULLMAR,16328,Black Box Chard,500mL,12,3.99,2024-12-31
29_AYLESBURY_6570,29,AYLESBURY,6570,Kendall Jackson Chard Vt RSV,750mL,82,9.99,2024-12-31
34_PITMERDEN_9131,34,PITMERDEN,9131,Caffo Dominique Brandy Rsva,750mL,4,22.99,2024-12-31
11_CARDEND_25575,11,CARDEND,25575,Louis Latour 14 St Veran Bla,750mL,11,15.99,2024-12-31
34_PITMERDEN_3876,34,PITMERDEN,3876,Smirnoff 80 Proof,1.75L,107,16.99,2024-12-31
34_PITMERDEN_2429,34,PITMERDEN,2429,Jim Beam Double Oak,750mL,15,24.99,2024-12-31
26_KNIFE'S EDGE_6293,26,KNIFE'S EDGE,6293,Fetzer Gewurz,750mL,5,11.99,2024-12-31
25_CAERSHIRE_13963,25,CAERSHIRE,13963,Yellow Tail Pnt Nr,1.5L,8,9.99,2024-12-31
4_EANVERNESS_3918,4,EANVERNESS,3918,Cabo Wabo Anejo Tequila,750mL,9,42.99,2024-12-31
15_WANBORNE_43553,15,WANBORNE,43553,La Puerta Malbec,750mL,27,8.99,2024-12-31
9_BLACKPOOL_3689,9,BLACKPOOL,3689,Stolichnaya Vanil,750mL,25,16.99,2024-12-31
35_HALIVAARA_2426,35,HALIVAARA,2426,The Glenlivet 15Yr FrenchOak,750mL,7,54.99,2024-12-31
23_ARBINGTON_23974,23,ARBINGTON,23974,Catena RSV Chard,750mL,17,16.99,2024-12-31
2_ASHBORNE_5810,2,ASHBORNE,5810,Cuervo Watermelon Margaritas,1.75L,8,16.99,2024-12-31
28_LARNWICK_31488,28,LARNWICK,31488,Barefoot Chard Cal,750mL,15,4.99,2024-12-31
15_WANBORNE_4276,15,WANBORNE,4276,Goslings Gold Seal Rum,1.75L,2,21.99,2024-12-31
21_BALERNO_37313,21,BALERNO,37313,Salmon Run NY Rsl,750mL,15,11.99,2024-12-31
31_HORNSEY_7860,31,HORNSEY,7860,Sutter Home Wh Znfdl,750mL,26,5.99,2024-12-31
8_ALNERWICK_24325,8,ALNERWICK,24325,La Crema Chard Sonoma Cst,750mL,67,15.99,2024-12-31
6_GOULCREST_25036,6,GOULCREST,25036,Albola Pinot Grigio,750mL,12,10.99,2024-12-31
2_ASHBORNE_35914,2,ASHBORNE,35914,Stone Cellars Chard,1.5L,50,8.99,2024-12-31
23_ARBINGTON_18778,23,ARBINGTON,18778,Once Upon A Vine Pnt Nr,750mL,13,11.99,2024-12-31
15_WANBORNE_19220,15,WANBORNE,19220,Veuve Clicquot Gold Label,750mL,5,64.99,2024-12-31
1_HARDERSFIELD_10596,1,HARDERSFIELD,10596,Almaden Mt Rhine Calif B/B,5L,14,14.99,2024-12-31
27_MOUNTMEND_2721,27,MOUNTMEND,2721,Johnnie Walker Green Label,750mL,7,59.99,2024-12-31
32_MOUNTMEND_8203,32,MOUNTMEND,8203,Grand Marnier,50mL,113,2.99,2024-12-31
17_OLDHAM_41253,17,OLDHAM,41253,Ch St Jean Cab Svgn Cal,750mL,15,11.99,2024-12-31
30_CULCHETH_3598,30,CULCHETH,3598,Ice Pik Vodka,750mL,9,13.99,2024-12-31
38_GOULCREST_2126,38,GOULCREST,2126,Kilchoman Sanaig Whiskey,750mL,12,74.99,2024-12-31
8_ALNERWICK_6459,8,ALNERWICK,6459,Freixenet Cordon Negro Extr,750mL,12,10.99,2024-12-31
38_GOULCREST_22143,38,GOULCREST,22143,Simi Cab Svgn,750mL,36,13.79,2024-12-31
4_EANVERNESS_4365,4,EANVERNESS,4365,Calypso Silver Rum,50mL,65,0.99,2024-12-31
19_WINTERVALE_3183,19,WINTERVALE,3183,Jose Cuervo Tradicional Slvr,750mL,19,20.99,2024-12-31
31_HORNSEY_28147,31,HORNSEY,28147,Kris Pnt Grigio Alto Adige,750mL,12,10.99,2024-12-31
2_ASHBORNE_5404,2,ASHBORNE,5404,E & J Superior Rsv VSOP,375mL,29,5.49,2024-12-31
26_KNIFE'S EDGE_3878,26,KNIFE'S EDGE,3878,Smirnoff 80 Proof,750mL,42,10.99,2024-12-31
10_HORNSEY_13489,10,HORNSEY,13489,Don Miguel Gascon Malbec Rsv,750mL,15,18.99,2024-12-31
9_BLACKPOOL_4130,9,BLACKPOOL,4130,Kraken Black Spiced Rum 94P,375mL,7,11.99,2024-12-31
32_MOUNTMEND_13487,32,MOUNTMEND,13487,Brancaia Tre Rosso Toscana,750mL,6,17.99,2024-12-31
15_WANBORNE_27159,15,WANBORNE,27159,Ch du Moulin Entre-Deux-Mers,750mL,18,10.99,2024-12-31
20_BREDWARDINE_2149,20,BREDWARDINE,2149,Canadian Ltd Traveler,750mL,14,7.99,2024-12-31
4_EANVERNESS_7996,4,EANVERNESS,7996,Stock Italian Sweet Vermouth,750mL,15,5.49,2024-12-31
14_BROMWICH_4187,14,BROMWICH,4187,Kraken Black Spiced Rum 94P,750mL,9,20.99,2024-12-31
7_STANMORE_26774,7,STANMORE,26774,El Coto Blanco Rioja,750mL,11,11.99,2024-12-31
20_BREDWARDINE_26275,20,BREDWARDINE,26275,Fathom Merlot 13,750mL,12,12.99,2024-12-31
37_PAETHSMOUTH_377,37,PAETHSMOUTH,377,Hendrick's Gin,Liter,4,37.99,2024-12-31
2_ASHBORNE_1076,2,ASHBORNE,1076,Capt Morgan Jack O Blast,50mL,1,0.99,2024-12-31
27_MOUNTMEND_8701,27,MOUNTMEND,8701,Sheffield Cream Sherry,1.5L,6,9.99,2024-12-31
11_CARDEND_8063,11,CARDEND,8063,Absolut Pears,50mL,0,1.99,2024-12-31
1_HARDERSFIELD_31195,1,HARDERSFIELD,31195,Northstar Merlot Columbia,750mL,18,29.99,2024-12-31
38_GOULCREST_8515,38,GOULCREST,8515,Baileys Chocolate Cherry,750mL,27,19.99,2024-12-31
40_BULLMAR_3997,40,BULLMAR,3997,Hornitos Plata Tequila,750mL,8,20.99,2024-12-31
30_CULCHETH_2550,30,CULCHETH,2550,Stillhouse Originl Moonshine,750mL,4,22.99,2024-12-31
9_BLACKPOOL_4066,9,BLACKPOOL,4066,Bacardi Oakheart Spiced Rum,1.75L,40,19.99,2024-12-31
33_HORNSEY_3226,33,HORNSEY,3226,Ciroc Mango Vodka,375mL,11,11.99,2024-12-31
11_CARDEND_34870,11,CARDEND,34870,Arca Nova Vinho Verde,750mL,19,10.99,2024-12-31
7_STANMORE_857,7,STANMORE,857,Kahlua,Liter,20,22.99,2024-12-31
27_MOUNTMEND_6828,27,MOUNTMEND,6828,Santa Rita RSV Cab Svgn,750mL,8,9.99,2024-12-31
23_ARBINGTON_1655,23,ARBINGTON,1655,WhistlePig 15 Yr Old Rye,750mL,5,198.99,2024-12-31
30_CULCHETH_8680,30,CULCHETH,8680,Crown Royal,1.75L,32,36.99,2024-12-31
19_WINTERVALE_2518,19,WINTERVALE,2518,Woodford Reserve Double Oak,750mL,9,50.99,2024-12-31
37_PAETHSMOUTH_984,37,PAETHSMOUTH,984,Patron XO Cafe Liqueur,750mL,4,25.99,2024-12-31
29_AYLESBURY_2476,29,AYLESBURY,2476,Crown Royal Maple Whisky,750mL,0,22.99,2024-12-31
20_BREDWARDINE_8413,20,BREDWARDINE,8413,St Elder Elderflower Liqueur,750mL,57,17.99,2024-12-31
20_BREDWARDINE_6358,20,BREDWARDINE,6358,Dom Ste Michelle Brut Cuvee,750mL,5,12.99,2024-12-31
27_MOUNTMEND_37071,27,MOUNTMEND,37071,Caymus Conundrum White,750mL,9,22.99,2024-12-31
31_HORNSEY_8032,31,HORNSEY,8032,Ballatore Gran Spumante,750mL,12,8.49,2024-12-31
6_GOULCREST_824,6,GOULCREST,824,Dewars White Label Scotch,Liter,17,26.99,2024-12-31
2_ASHBORNE_15232,2,ASHBORNE,15232,Flowers Pnt Nr Sonoma Coast,750mL,6,49.99,2024-12-31
32_MOUNTMEND_27817,32,MOUNTMEND,27817,Clos Pegase Carneros Chard,750mL,11,27.99,2024-12-31
15_WANBORNE_26948,15,WANBORNE,26948,Ferrari-Carano Chard,750mL,36,18.99,2024-12-31
27_MOUNTMEND_8048,27,MOUNTMEND,8048,Coole Swan Irish Cream,750mL,5,24.99,2024-12-31
8_ALNERWICK_14663,8,ALNERWICK,14663,Spellbound Merlot,750mL,16,13.99,2024-12-31
4_EANVERNESS_4346,4,EANVERNESS,4346,Mr Boston Dark Rum,1.75L,17,9.99,2024-12-31
22_SHARNWICK_6873,22,SHARNWICK,6873,Guigal Cotes du Rhone Red,750mL,7,14.99,2024-12-31
31_HORNSEY_41033,31,HORNSEY,41033,Menage a Trois White,750mL,6,8.99,2024-12-31
17_OLDHAM_4262,17,OLDHAM,4262,Capt Morgan Spiced Rum,750mL,52,14.99,2024-12-31
6_GOULCREST_18427,6,GOULCREST,18427,Duckhorn Decoy Merlot Sonoma,750mL,6,19.99,2024-12-31
33_HORNSEY_25650,33,HORNSEY,25650,Long Barn Chardonnay,750mL,6,10.99,2024-12-31
31_HORNSEY_3893,31,HORNSEY,3893,Zhenka 80 Proof,1.75L,81,9.99,2024-12-31
25_CAERSHIRE_3556,25,CAERSHIRE,3556,Hard Rock Vodka,1.75L,0,12.99,2024-12-31
10_HORNSEY_4683,10,HORNSEY,4683,Hennessy VS Cognac,50mL,51,3.99,2024-12-31
4_EANVERNESS_5929,4,EANVERNESS,5929,RumChata Liqueur,1.75L,17,39.99,2024-12-31
33_HORNSEY_21529,33,HORNSEY,21529,Ch St Sulpice Rose 13,750mL,5,12.99,2024-12-31
7_STANMORE_25900,7,STANMORE,25900,La Maldita Garnache Rioja,750mL,5,9.99,2024-12-31
13_TARMSWORTH_25522,13,TARMSWORTH,25522,Sutter Home Clsc Cab Svgn,187mL 4 Pk,4,5.99,2024-12-31
33_HORNSEY_27735,33,HORNSEY,27735,Bogle Cab Svgn Cal,750mL,72,10.99,2024-12-31
33_HORNSEY_3877,33,HORNSEY,3877,Smirnoff Green Apple Vodka,750mL,8,12.99,2024-12-31
14_BROMWICH_4198,14,BROMWICH,4198,Sailor Jerry Spiced Navy Rum,1.75L,31,24.99,2024-12-31
15_WANBORNE_2901,15,WANBORNE,2901,Templeton 6 Yr Old Rye,750mL,3,49.99,2024-12-31
33_HORNSEY_13492,33,HORNSEY,13492,Barefoot Cellars Pnt Nr,1.5L,17,10.99,2024-12-31
9_BLACKPOOL_33682,9,BLACKPOOL,33682,R Mondavi Priv Slctn Cab Svg,1.5L,10,20.99,2024-12-31
22_SHARNWICK_7865,22,SHARNWICK,7865,Moet & Chandon Imperial,750mL,17,34.99,2024-12-31
13_TARMSWORTH_35916,13,TARMSWORTH,35916,Stone Cellars Merlot,1.5L,6,8.99,2024-12-31
26_KNIFE'S EDGE_4313,26,KNIFE'S EDGE,4313,Sauza Blue Silver Tequila,1.75L,2,26.99,2024-12-31
37_PAETHSMOUTH_438,37,PAETHSMOUTH,438,Licor 43 Vanilla Liqueur,750mL,15,17.99,2024-12-31
14_BROMWICH_41713,14,BROMWICH,41713,Fish Eye Merlot,750mL,8,5.99,2024-12-31
21_BALERNO_2908,21,BALERNO,2908,Buchanans Deluxe  18 Yr Old,750mL,6,67.99,2024-12-31
35_HALIVAARA_19831,35,HALIVAARA,19831,Cesari Boscarel,750mL,0,9.99,2024-12-31
19_WINTERVALE_25021,19,WINTERVALE,25021,Mark West Black Pnt Nr,750mL,4,10.99,2024-12-31
31_HORNSEY_16837,31,HORNSEY,16837,Beringer Classic Pink Moscat,750mL,7,6.99,2024-12-31
18_FURNESS_29431,18,FURNESS,29431,Clos du Val Cab Svgn Napa,750mL,0,54.99,2024-12-31
15_WANBORNE_27014,15,WANBORNE,27014,Jean-Claude Boisset Gev-Chmb,750mL,12,69.99,2024-12-31
33_HORNSEY_2623,33,HORNSEY,2623,Ballantines,1.75L,10,27.99,2024-12-31
8_ALNERWICK_3253,8,ALNERWICK,3253,Gilbeys London Dry,1.75L,58,11.99,2024-12-31
35_HALIVAARA_39523,35,HALIVAARA,39523,Cloudy Bay Svgn Bl Marlboro,750mL,5,24.99,2024-12-31
4_EANVERNESS_702,4,EANVERNESS,702,Skyy Vodka,Liter,22,16.49,2024-12-31
10_HORNSEY_39517,10,HORNSEY,39517,J Lohr Seven Oaks Cab Svgn,1.5L,15,30.99,2024-12-31
25_CAERSHIRE_2780,25,CAERSHIRE,2780,Bulleit 10 Yr Old Bourbon,750mL,17,39.99,2024-12-31
23_ARBINGTON_18857,23,ARBINGTON,18857,Barefoot Refresh Crisp White,750mL,6,5.99,2024-12-31
38_GOULCREST_4480,38,GOULCREST,4480,Appleton Special Gold Rum,750mL,13,12.99,2024-12-31
10_HORNSEY_12771,10,HORNSEY,12771,Joel Gott Cab Svgn 815,750mL,81,12.99,2024-12-31
16_LUNDY_3894,16,LUNDY,3894,Zhenka Vodka 100 Proof,1.75L,13,11.99,2024-12-31
19_WINTERVALE_2894,19,WINTERVALE,2894,Scoresby Rare,1.75L,9,17.99,2024-12-31
17_OLDHAM_6498,17,OLDHAM,6498,Franzia Chablis Old World C,5L,8,17.99,2024-12-31
38_GOULCREST_43292,38,GOULCREST,43292,Fish Eye Pnt Grigio,1.5L,13,9.99,2024-12-31
34_PITMERDEN_27214,34,PITMERDEN,27214,Poggio Antico 14 Rosso Monta,750mL,11,33.99,2024-12-31
33_HORNSEY_3704,33,HORNSEY,3704,Ciroc Pineapple Vodka,750mL,19,24.99,2024-12-31
8_ALNERWICK_2926,8,ALNERWICK,2926,Teachers Highland Cream,1.75L,11,27.99,2024-12-31
34_PITMERDEN_1188,34,PITMERDEN,1188,Stolichnaya 80/2 Glass Pack,750mL,1,16.99,2024-12-31
34_PITMERDEN_35756,34,PITMERDEN,35756,Ken Wright Freedom Hill Pnt,750mL,5,54.99,2024-12-31
14_BROMWICH_8691,14,BROMWICH,8691,Jose Cuervo Especial,750mL,16,15.99,2024-12-31
17_OLDHAM_19848,17,OLDHAM,19848,Carnivor Cab Svgn,750mL,17,9.99,2024-12-31
19_WINTERVALE_1734,19,WINTERVALE,1734,Duggans Dew O Kirkintilloch,1.75L,7,22.99,2024-12-31
6_GOULCREST_8233,6,GOULCREST,8233,Beaulieu Cab Svgn Rutherford,750mL,10,27.99,2024-12-31
38_GOULCREST_35411,38,GOULCREST,35411,Yellow Tail Chard Ausl,750mL,26,7.99,2024-12-31
17_OLDHAM_1281,17,OLDHAM,1281,Benchmark Old #8 Bourbon,1.75L,9,17.99,2024-12-31
33_HORNSEY_2083,33,HORNSEY,2083,Flag Hill Straight Bourbon,750mL,9,39.99,2024-12-31
7_STANMORE_38946,7,STANMORE,38946,Bully Hill Sweet Walter Rd,750mL,11,8.99,2024-12-31
37_PAETHSMOUTH_1365,37,PAETHSMOUTH,1365,Stoli Mini Bar 5/50mLs Pack,50mL 5 Pk,6,7.99,2024-12-31
1_HARDERSFIELD_3754,1,HARDERSFIELD,3754,Smirnoff Blueberry Vodka,750mL,17,10.99,2024-12-31
30_CULCHETH_3941,30,CULCHETH,3941,Tres Generaciones Reposado,750mL,6,36.99,2024-12-31
35_HALIVAARA_4724,35,HALIVAARA,4724,Patron Citronge Lime Liqueur,750mL,13,20.99,2024-12-31
11_CARDEND_8749,11,CARDEND,8749,Lugny Les Charmes Macon,750mL,18,15.99,2024-12-31
37_PAETHSMOUTH_46621,37,PAETHSMOUTH,46621,Erath Pnt Nr Estate OR,750mL,7,23.99,2024-12-31
20_BREDWARDINE_7948,20,BREDWARDINE,7948,Bayou Silver Rum,50mL,81,0.99,2024-12-31
18_FURNESS_6478,18,FURNESS,6478,C Y Toro Frontera Merlot,1.5L,7,10.99,2024-12-31
40_BULLMAR_5403,40,BULLMAR,5403,Amaretto di Amore,750mL,8,9.99,2024-12-31
15_WANBORNE_5130,15,WANBORNE,5130,X Rated Fusion Liqueur,750mL,11,19.99,2024-12-31
37_PAETHSMOUTH_22027,37,PAETHSMOUTH,22027,Jacobs Crk Cab Svgn,750mL,14,5.99,2024-12-31
34_PITMERDEN_3100,34,PITMERDEN,3100,Ciroc Red Berry Vodka,1.75L,12,48.99,2024-12-31
39_EASTHALLOW_8670,39,EASTHALLOW,8670,Arrow Coffee Brandy,1.75L,9,10.99,2024-12-31
4_EANVERNESS_2183,4,EANVERNESS,2183,McClelland Highland Single,750mL,3,19.99,2024-12-31
14_BROMWICH_1148,14,BROMWICH,1148,Old New England Egg Nog,750mL,0,6.99,2024-12-31
40_BULLMAR_3545,40,BULLMAR,3545,Ketel One Vodka,1.75L,62,29.99,2024-12-31
22_SHARNWICK_757,22,SHARNWICK,757,Jim Beam Rye,750mL,11,18.99,2024-12-31
35_HALIVAARA_5111,35,HALIVAARA,5111,Dr McGillicuddy's Mentholmnt,50mL,151,0.99,2024-12-31
1_HARDERSFIELD_2648,1,HARDERSFIELD,2648,Chivas Regal,375mL,13,15.99,2024-12-31
15_WANBORNE_44340,15,WANBORNE,44340,Irony Pnt Nr Monterey,750mL,3,12.99,2024-12-31
32_MOUNTMEND_13978,32,MOUNTMEND,13978,Jos Phelps Chard,750mL,6,34.99,2024-12-31
34_PITMERDEN_21510,34,PITMERDEN,21510,Mezzacorona Cab Svgn,1.5L,11,10.99,2024-12-31
27_MOUNTMEND_5364,27,MOUNTMEND,5364,Kahlua,1.75L,80,29.99,2024-12-31
24_PALPERROTH_10957,24,PALPERROTH,10957,Seaglass Svgn Bl Snt Barbara,750mL,15,8.99,2024-12-31
36_LEWES_3580,36,LEWES,3580,Smirnoff Orange Vodka,750mL,9,12.99,2024-12-31
33_HORNSEY_8727,33,HORNSEY,8727,Monkey Shoulder Scotch,750mL,35,29.99,2024-12-31
1_HARDERSFIELD_2465,1,HARDERSFIELD,2465,Crown Royal Mini,50mL,74,2.99,2024-12-31
10_HORNSEY_19848,10,HORNSEY,19848,Carnivor Cab Svgn,750mL,55,9.99,2024-12-31
13_TARMSWORTH_4223,13,TARMSWORTH,4223,Bacardi Gold Rum,1.75L,14,19.99,2024-12-31
23_ARBINGTON_2663,23,ARBINGTON,2663,Dewars White Label,1.75L,88,29.99,2024-12-31
30_CULCHETH_21957,30,CULCHETH,21957,Cooks Spumante,750mL,8,6.99,2024-12-31
34_PITMERDEN_19003,34,PITMERDEN,19003,Lange Pnt Gris Willamette,750mL,15,16.99,2024-12-31
32_MOUNTMEND_3683,32,MOUNTMEND,3683,Stolichnaya Ohranj,750mL,6,16.99,2024-12-31
4_EANVERNESS_4243,4,EANVERNESS,4243,Bacardi Superior Rum,1.75L,107,19.99,2024-12-31
25_CAERSHIRE_4447,25,CAERSHIRE,4447,Patron XO Cafe Dark Cocoa,750mL,29,25.99,2024-12-31
22_SHARNWICK_8893,22,SHARNWICK,8893,Yukon Jack,750mL,12,16.99,2024-12-31
21_BALERNO_4410,21,BALERNO,4410,Cruzan Mango Flavored Rum,750mL,10,9.99,2024-12-31
1_HARDERSFIELD_42764,1,HARDERSFIELD,42764,14 Hands Cab Svgn Wash,750mL,60,8.99,2024-12-31
10_HORNSEY_21100,10,HORNSEY,21100,Robert Hall 13 Syrah,750mL,56,13.99,2024-12-31
10_HORNSEY_21281,10,HORNSEY,21281,Rodney Strong Rsv Alex Vy CS,750mL,3,44.99,2024-12-31
33_HORNSEY_25887,33,HORNSEY,25887,Joel Gott Merlot,750mL,12,13.99,2024-12-31
32_MOUNTMEND_5128,32,MOUNTMEND,5128,Carolans Irish Cream,750mL,6,11.99,2024-12-31
33_HORNSEY_1375,33,HORNSEY,1375,Jim Beam,750mL,40,16.99,2024-12-31
30_CULCHETH_1876,30,CULCHETH,1876,Midleton Rare Irish Whiskey,750mL,3,154.99,2024-12-31
4_EANVERNESS_450,4,EANVERNESS,450,Vincent Van Gogh Double Esp,750mL,12,24.99,2024-12-31
22_SHARNWICK_1883,22,SHARNWICK,1883,Seagrams 7 Crown,1.75L,43,17.99,2024-12-31
13_TARMSWORTH_2100,13,TARMSWORTH,2100,Canadian Regal,1.75L,10,9.99,2024-12-31
39_EASTHALLOW_6349,39,EASTHALLOW,6349,Glen Ellen Chard RSV,1.5L,42,6.99,2024-12-31
3_HORNSEY_27626,3,HORNSEY,27626,LaBelle Winery Holiday 3 Pak,750mL 3 Pk,4,40.99,2024-12-31
15_WANBORNE_3754,15,WANBORNE,3754,Smirnoff Blueberry Vodka,750mL,33,10.99,2024-12-31
6_GOULCREST_44717,6,GOULCREST,44717,Dom Chandon Rose Spklg,750mL,47,13.99,2024-12-31
33_HORNSEY_13663,33,HORNSEY,13663,Duckhorn Decoy Znfdl Sonoma,750mL,24,19.99,2024-12-31
17_OLDHAM_5445,17,OLDHAM,5445,Jagermeister Liqueur,750mL,25,14.99,2024-12-31
15_WANBORNE_15356,15,WANBORNE,15356,Seaglass Pnt Nr,750mL,13,9.99,2024-12-31
9_BLACKPOOL_4343,9,BLACKPOOL,4343,Cruzan Blueberry Lemonade,750mL,21,9.99,2024-12-31
24_PALPERROTH_2663,24,PALPERROTH,2663,Dewars White Label,1.75L,57,29.99,2024-12-31
18_FURNESS_8730,18,FURNESS,8730,Ruffino Orvieto Clsc,750mL,8,7.99,2024-12-31
13_TARMSWORTH_14393,13,TARMSWORTH,14393,Ch Montaud Cotes de Prov Rse,750mL,15,11.99,2024-12-31
23_ARBINGTON_3629,23,ARBINGTON,3629,Flag Hill White Rum,750mL,9,28.99,2024-12-31
33_HORNSEY_44708,33,HORNSEY,44708,Trentadue Old Patch Red Son,750mL,12,12.99,2024-12-31
1_HARDERSFIELD_8893,1,HARDERSFIELD,8893,Yukon Jack,750mL,17,16.99,2024-12-31
29_AYLESBURY_3790,29,AYLESBURY,3790,Don Julio Blanco Tequila,750mL,3,46.99,2024-12-31
32_MOUNTMEND_19831,32,MOUNTMEND,19831,Cesari Boscarel,750mL,0,9.99,2024-12-31
7_STANMORE_36750,7,STANMORE,36750,Big House Cardinal Bst Znfdl,750mL,14,7.99,2024-12-31
1_HARDERSFIELD_5168,1,HARDERSFIELD,5168,Kahlua French Vanilla,750mL,27,18.99,2024-12-31
25_CAERSHIRE_21129,25,CAERSHIRE,21129,St Supery Svgn Bl Napa,750mL,11,17.99,2024-12-31
8_ALNERWICK_3654,8,ALNERWICK,3654,Patron Reposado Tequila,750mL,27,53.99,2024-12-31
32_MOUNTMEND_8612,32,MOUNTMEND,8612,Grand Marnier,1.75L,10,59.99,2024-12-31
8_ALNERWICK_2834,8,ALNERWICK,2834,Old Smuggler P E T,1.75L,28,16.99,2024-12-31
23_ARBINGTON_4876,23,ARBINGTON,4876,Skyy Infusion Tropical Mango,750mL,10,9.99,2024-12-31
19_WINTERVALE_8517,19,WINTERVALE,8517,Baileys Salted Caramel,750mL,12,19.99,2024-12-31
13_TARMSWORTH_6574,13,TARMSWORTH,6574,Franzia Tap Wh Znfdl Cal,5L,7,17.99,2024-12-31
18_FURNESS_8462,18,FURNESS,8462,Frangelico Hazelnut Liqueur,750mL,7,21.99,2024-12-31
21_BALERNO_2050,21,BALERNO,2050,Tomatin 18 Yr Single Malt,750mL,6,79.99,2024-12-31
12_LEESIDE_8469,12,LEESIDE,8469,1800 Reposado Gold Tequila,750mL,9,22.99,2024-12-31
40_BULLMAR_8620,40,BULLMAR,8620,Sambuca Romana,375mL,3,11.99,2024-12-31
39_EASTHALLOW_28682,39,EASTHALLOW,28682,F Coppola Rosso Bianco Pnt G,750mL,23,10.99,2024-12-31
40_BULLMAR_1386,40,BULLMAR,1386,George Dickel No 8 Bourbon,750mL,4,20.99,2024-12-31
21_BALERNO_6451,21,BALERNO,6451,Columbia Crest G E Cab Svgn,750mL,56,9.99,2024-12-31
33_HORNSEY_2984,33,HORNSEY,2984,Diva Platinum Citrus Infused,750mL,5,27.99,2024-12-31
36_LEWES_5298,36,LEWES,5298,Southern Comfort 100 Proof,750mL,13,16.99,2024-12-31
25_CAERSHIRE_27735,25,CAERSHIRE,27735,Bogle Cab Svgn Cal,750mL,62,10.99,2024-12-31
27_MOUNTMEND_5221,27,MOUNTMEND,5221,RumChata Liqueur,375mL,14,10.99,2024-12-31
31_HORNSEY_17345,31,HORNSEY,17345,Bogle Essential Red,750mL,13,10.99,2024-12-31
33_HORNSEY_23279,33,HORNSEY,23279,Turnbull Syrah 11,750mL,31,24.99,2024-12-31
38_GOULCREST_8345,38,GOULCREST,8345,R M Woodbridge Cab Svgn Cal,750mL,25,7.99,2024-12-31
9_BLACKPOOL_5539,9,BLACKPOOL,5539,DeKuyper Hot Damn 100*,750mL,6,10.99,2024-12-31
34_PITMERDEN_27516,34,PITMERDEN,27516,Masseto 13 Red,750mL,3,569.99,2024-12-31
19_WINTERVALE_8985,19,WINTERVALE,8985,J Roget Spumante,750mL,4,5.99,2024-12-31
34_PITMERDEN_34674,34,PITMERDEN,34674,Warre's Altano Douro Portuga,750mL,4,8.99,2024-12-31
26_KNIFE'S EDGE_8482,26,KNIFE'S EDGE,8482,Cabot Trail Cana Cream Maple,750mL,2,17.99,2024-12-31
19_WINTERVALE_22937,19,WINTERVALE,22937,Tranzind Red Blend,750mL,7,15.99,2024-12-31
18_FURNESS_1237,18,FURNESS,1237,Jack Daniels Single Barrel,750mL,7,44.99,2024-12-31
19_WINTERVALE_38888,19,WINTERVALE,38888,Justin Cab Svgn Paso Robles,750mL,60,27.99,2024-12-31
34_PITMERDEN_13303,34,PITMERDEN,13303,Plungerhead Znfdl Lodi,750mL,9,13.99,2024-12-31
2_ASHBORNE_21098,2,ASHBORNE,21098,Rutherford Ranch Chard,750mL,8,14.99,2024-12-31
23_ARBINGTON_2563,23,ARBINGTON,2563,Greenore Irish Whiskey,750mL,4,49.99,2024-12-31
7_STANMORE_20533,7,STANMORE,20533,Bread & Butter Chard,750mL,54,12.99,2024-12-31
13_TARMSWORTH_3584,13,TARMSWORTH,3584,Absolut Raspberri,750mL,8,17.99,2024-12-31
40_BULLMAR_33953,40,BULLMAR,33953,L Bernard Cotes du Rhone,750mL,15,11.99,2024-12-31
34_PITMERDEN_2822,34,PITMERDEN,2822,James E Pepper 1776 Rye,750mL,8,29.99,2024-12-31
15_WANBORNE_18551,15,WANBORNE,18551,Antigal Uno Malbec Mendoza,750mL,12,14.99,2024-12-31
38_GOULCREST_7353,38,GOULCREST,7353,1800 Ultimate Peach Margrita,1.75L,10,19.99,2024-12-31
19_WINTERVALE_10420,19,WINTERVALE,10420,Barefoot Moscato Cal,750mL,14,4.99,2024-12-31
23_ARBINGTON_29400,23,ARBINGTON,29400,Ch D'Arcins Haut Medoc,750mL,13,20.99,2024-12-31
25_CAERSHIRE_2945,25,CAERSHIRE,2945,The Macallan Rare Cask,750mL,2,299.99,2024-12-31
1_HARDERSFIELD_6420,1,HARDERSFIELD,6420,R M Woodbridge Chard Cal,750mL,27,7.99,2024-12-31
23_ARBINGTON_2749,23,ARBINGTON,2749,John Begg Blue Cap,1.75L,4,16.99,2024-12-31
4_EANVERNESS_6145,4,EANVERNESS,6145,Marcus James Cab Svgn,1.5L,8,7.99,2024-12-31
17_OLDHAM_5170,17,OLDHAM,5170,Dr McGillicuddy's Apple Pie,750mL,6,13.99,2024-12-31
30_CULCHETH_1244,30,CULCHETH,1244,Jack Daniels Winter Jack,750mL,0,15.99,2024-12-31
22_SHARNWICK_4296,22,SHARNWICK,4296,Ronrico Silver Rum,1.75L,16,12.99,2024-12-31
30_CULCHETH_6115,30,CULCHETH,6115,Midnight Moon Raspberry,750mL,12,19.99,2024-12-31
12_LEESIDE_24929,12,LEESIDE,24929,Corvo Nero d'Avola & Pnt Gr,750mL 2 Pk,3,23.99,2024-12-31
19_WINTERVALE_4233,19,WINTERVALE,4233,Castillo Silver Label Rum,1.75L,30,10.99,2024-12-31
7_STANMORE_7261,7,STANMORE,7261,Gallo X Dry Vermouth,750mL,6,5.49,2024-12-31
37_PAETHSMOUTH_13052,37,PAETHSMOUTH,13052,Ch Ste Michelle Gewurz Colum,750mL,15,8.49,2024-12-31
23_ARBINGTON_1339,23,ARBINGTON,1339,The Glenlivet 12 Yr Single,Liter,14,47.99,2024-12-31
17_OLDHAM_4382,17,OLDHAM,4382,Admiral Nelson Spiced Rum,1.75L,11,13.99,2024-12-31
4_EANVERNESS_13963,4,EANVERNESS,13963,Yellow Tail Pnt Nr,1.5L,17,9.99,2024-12-31
6_GOULCREST_3488,6,GOULCREST,3488,Tanqueray,750mL,3,19.99,2024-12-31
4_EANVERNESS_2756,4,EANVERNESS,2756,Jameson Caskmates,750mL,38,29.99,2024-12-31
12_LEESIDE_3836,12,LEESIDE,3836,Smirnoff Citrus Vodka,750mL,18,12.99,2024-12-31
4_EANVERNESS_3020,4,EANVERNESS,3020,Pinnacle Blueberry Vodka,750mL,8,9.99,2024-12-31
2_ASHBORNE_2872,2,ASHBORNE,2872,Ashuelot Gin,750mL,28,31.99,2024-12-31
36_LEWES_3420,36,LEWES,3420,New Amsterdam Coconut Vodka,750mL,11,10.99,2024-12-31
15_WANBORNE_1366,15,WANBORNE,1366,Red Stag by Jim Beam,50mL,85,1.29,2024-12-31
19_WINTERVALE_2589,19,WINTERVALE,2589,Jameson Irish Whiskey,1.75L,65,37.99,2024-12-31
1_HARDERSFIELD_21105,1,HARDERSFIELD,21105,Ken Volk Pnt Nr Cuvee St Mar,750mL,11,29.99,2024-12-31
6_GOULCREST_22914,6,GOULCREST,22914,Mount Veeder Cab Svgn,750mL,25,28.99,2024-12-31
11_CARDEND_1955,11,CARDEND,1955,Jack Daniels Tennessee Honey,375mL,5,10.99,2024-12-31
15_WANBORNE_6659,15,WANBORNE,6659,Rosemount Diamond Chard,750mL,6,8.99,2024-12-31
11_CARDEND_4897,11,CARDEND,4897,Remy Martin VSOP Cognac,50mL,87,4.49,2024-12-31
27_MOUNTMEND_3503,27,MOUNTMEND,3503,Smirnoff Sorbet Rasp/Pomegra,750mL,10,12.99,2024-12-31
30_CULCHETH_1150,30,CULCHETH,1150,Crown Royal Vanilla,1.75L,0,46.99,2024-12-31
10_HORNSEY_2746,10,HORNSEY,2746,Laphroaig Cairdeas Madiera,750mL,6,71.99,2024-12-31
19_WINTERVALE_8474,19,WINTERVALE,8474,1800 Reposado Gold Tequila,1.75L,10,41.99,2024-12-31
34_PITMERDEN_20935,34,PITMERDEN,20935,Chehalem Ian's Chard Rsv,750mL,6,24.49,2024-12-31
25_CAERSHIRE_3351,25,CAERSHIRE,3351,Pinnacle Whipped Vodka,1.75L,37,15.99,2024-12-31
6_GOULCREST_5246,6,GOULCREST,5246,Bacardi Party Drinks Zombie,1.75L,6,15.99,2024-12-31
25_CAERSHIRE_5346,25,CAERSHIRE,5346,Green Chartreuse Liqueur,750mL,2,49.99,2024-12-31
37_PAETHSMOUTH_2547,37,PAETHSMOUTH,2547,WhistlePig 10Yr Straight Rye,50mL,39,6.99,2024-12-31
8_ALNERWICK_7992,8,ALNERWICK,7992,Patron Anejo Tequila,50mL,1,6.99,2024-12-31
31_HORNSEY_3699,31,HORNSEY,3699,Chopin Vodka,1.75L,5,39.99,2024-12-31
23_ARBINGTON_4181,23,ARBINGTON,4181,Calypso Spiced Rum,1.75L,30,10.99,2024-12-31
7_STANMORE_37984,7,STANMORE,37984,Barone Fini Pnt Gr Valdadige,750mL,4,10.99,2024-12-31
27_MOUNTMEND_28579,27,MOUNTMEND,28579,R M Woodbridge Merlot Cal,750mL,21,7.99,2024-12-31
34_PITMERDEN_6932,34,PITMERDEN,6932,Santa Rita 120 Chard,750mL,11,5.99,2024-12-31
37_PAETHSMOUTH_3969,37,PAETHSMOUTH,3969,Jose Cuervo Tradicional,750mL,17,20.99,2024-12-31
19_WINTERVALE_23521,19,WINTERVALE,23521,Insurrection Cab/Shiraz,750mL,10,10.99,2024-12-31
13_TARMSWORTH_4152,13,TARMSWORTH,4152,Jenkins Rum,750mL,5,4.99,2024-12-31
27_MOUNTMEND_1384,27,MOUNTMEND,1384,Bulleit 95 Rye,750mL,42,25.99,2024-12-31
23_ARBINGTON_60,23,ARBINGTON,60,Canadian Club 1858 VAP,750mL,1,10.99,2024-12-31
9_BLACKPOOL_38181,9,BLACKPOOL,38181,Rex Goliath Pnt Nr,750mL,28,5.99,2024-12-31
32_MOUNTMEND_2925,32,MOUNTMEND,2925,Penasco Plata Tequila,750mL,9,27.99,2024-12-31
14_BROMWICH_5147,14,BROMWICH,5147,Pallini Limoncello Liqueur,375mL,11,11.99,2024-12-31
24_PALPERROTH_5714,24,PALPERROTH,5714,Jose Cuervo Lime Margarita,200mL 4 Pk,11,9.99,2024-12-31
1_HARDERSFIELD_28138,1,HARDERSFIELD,28138,Columbia Crest Grand Chard,750mL,19,9.99,2024-12-31
35_HALIVAARA_3654,35,HALIVAARA,3654,Patron Reposado Tequila,750mL,14,53.99,2024-12-31
7_STANMORE_3335,7,STANMORE,3335,Tanqueray Sterling Vodka,750mL,5,10.99,2024-12-31
18_FURNESS_7423,18,FURNESS,7423,Manischewitz Concord Kosher,1.5L,8,7.99,2024-12-31
15_WANBORNE_3919,15,WANBORNE,3919,Hornitos Reposado Tequila,375mL,13,11.49,2024-12-31
34_PITMERDEN_25125,34,PITMERDEN,25125,Zorvino Vyds Mango Magnifico,750mL,19,12.49,2024-12-31
9_BLACKPOOL_5680,9,BLACKPOOL,5680,Barenjager Honey Liqueur,50mL,1,1.99,2024-12-31
27_MOUNTMEND_3039,27,MOUNTMEND,3039,Stolichnaya Salted Karamel,750mL,8,16.99,2024-12-31
22_SHARNWICK_27596,22,SHARNWICK,27596,MezzaCorona Pnt Grigio,750mL,14,7.99,2024-12-31
20_BREDWARDINE_23947,20,BREDWARDINE,23947,Ch Larose Trintaudon,750mL,4,23.99,2024-12-31
3_HORNSEY_4678,3,HORNSEY,4678,Courvoisier VS Cognac,750mL,12,22.99,2024-12-31
34_PITMERDEN_3781,34,PITMERDEN,3781,Three Olives Vanilla Vodka,750mL,113,11.99,2024-12-31
25_CAERSHIRE_39254,25,CAERSHIRE,39254,Las Rocas Garnacha San Alej,750mL,19,11.99,2024-12-31
39_EASTHALLOW_36209,39,EASTHALLOW,36209,Big House White,750mL,12,7.99,2024-12-31
6_GOULCREST_38179,6,GOULCREST,38179,Rex Goliath Chard,750mL,6,5.99,2024-12-31
25_CAERSHIRE_19039,25,CAERSHIRE,19039,The Path Pnt Nr,750mL,18,12.99,2024-12-31
34_PITMERDEN_20668,34,PITMERDEN,20668,Taylor Fladgate 11 Port,375mL,4,45.99,2024-12-31
10_HORNSEY_35393,10,HORNSEY,35393,Tohu Svgn Bl Marlboro,750mL,7,13.99,2024-12-31
16_LUNDY_6655,16,LUNDY,6655,Carlo Rossi Paisano Calif,1.5L,4,6.99,2024-12-31
2_ASHBORNE_26339,2,ASHBORNE,26339,Ch Castel Maures 15 Rose Cuv,750mL,6,14.99,2024-12-31
34_PITMERDEN_2602,34,PITMERDEN,2602,Caol Ila 12 Yr Islay Single,750mL,7,56.99,2024-12-31
35_HALIVAARA_361,35,HALIVAARA,361,Effen Cucumber Vodka,750mL,10,19.99,2024-12-31
23_ARBINGTON_36648,23,ARBINGTON,36648,Groth Cab Svgn Napa,750mL,5,57.99,2024-12-31
20_BREDWARDINE_3840,20,BREDWARDINE,3840,Smirnoff Raspberry Vodka,1.75L,41,18.99,2024-12-31
18_FURNESS_10596,18,FURNESS,10596,Almaden Mt Rhine Calif B/B,5L,6,14.99,2024-12-31
7_STANMORE_7320,7,STANMORE,7320,Malibu Rum Punch RTD,1.75L,10,17.99,2024-12-31
4_EANVERNESS_44761,4,EANVERNESS,44761,Gekkeikan Sake Zipang Spklg,250mL,6,5.49,2024-12-31
23_ARBINGTON_4521,23,ARBINGTON,4521,Appleton Estate Reserve Rum,750mL,7,21.99,2024-12-31
34_PITMERDEN_1637,34,PITMERDEN,1637,Fleischmanns Preferred,1.75L,32,10.99,2024-12-31
19_WINTERVALE_5696,19,WINTERVALE,5696,Midori Melon Liqueur,375mL,16,10.99,2024-12-31
11_CARDEND_3227,11,CARDEND,3227,Taaka Gin,1.75L,17,8.99,2024-12-31
21_BALERNO_597,21,BALERNO,597,Baileys Irish Cream,Liter,20,27.99,2024-12-31
34_PITMERDEN_17758,34,PITMERDEN,17758,Il Poggione Rosso Montalcino,750mL,17,25.99,2024-12-31
34_PITMERDEN_2855,34,PITMERDEN,2855,Master's London Dry Gin,750mL,22,29.99,2024-12-31
36_LEWES_23595,36,LEWES,23595,Almaden Burgundy B/B,5L,5,14.99,2024-12-31
4_EANVERNESS_1556,4,EANVERNESS,1556,Kahlua w/50mL Absolut+Glass,750mL,60,18.99,2024-12-31
1_HARDERSFIELD_5202,1,HARDERSFIELD,5202,Dr McGillicuddy's Vanilla,750mL,13,13.99,2024-12-31
8_ALNERWICK_33326,8,ALNERWICK,33326,Jacobs Crk Shiraz,750mL,11,5.99,2024-12-31
34_PITMERDEN_25622,34,PITMERDEN,25622,Forest Glen Chard,750mL,15,8.99,2024-12-31
7_STANMORE_27010,7,STANMORE,27010,J Moreau & Fils Chablis,750mL,3,23.99,2024-12-31
21_BALERNO_3876,21,BALERNO,3876,Smirnoff 80 Proof,1.75L,15,16.99,2024-12-31
6_GOULCREST_39708,6,GOULCREST,39708,R Mondavi Pvt Sln Pnt Grigio,750mL,38,8.99,2024-12-31
10_HORNSEY_5415,10,HORNSEY,5415,Amaretto di Amore,1.75L,13,13.99,2024-12-31
30_CULCHETH_6258,30,CULCHETH,6258,Livingston Chablis Blush Ca,3L,0,11.99,2024-12-31
13_TARMSWORTH_2958,13,TARMSWORTH,2958,Dalwhinnie 15-Yr Single Mal,750mL,2,57.99,2024-12-31
34_PITMERDEN_6575,34,PITMERDEN,6575,Kendall Jackson RSV Svgn Bl,750mL,167,9.99,2024-12-31
39_EASTHALLOW_11456,39,EASTHALLOW,11456,Burgess Cab Svgn Napa,750mL,21,34.99,2024-12-31
2_ASHBORNE_22801,2,ASHBORNE,22801,Fetzer Valley Oaks Cab Svgn,1.5L,14,12.99,2024-12-31
23_ARBINGTON_26949,23,ARBINGTON,26949,Sonoma-Cutrer Chard RRV,750mL,3,22.99,2024-12-31
7_STANMORE_26732,7,STANMORE,26732,Bonterra Cab Svgn Organic,750mL,37,12.99,2024-12-31
7_STANMORE_23275,7,STANMORE,23275,Black Ink Red Wine,750mL,3,9.99,2024-12-31
31_HORNSEY_1237,31,HORNSEY,1237,Jack Daniels Single Barrel,750mL,9,44.99,2024-12-31
21_BALERNO_7404,21,BALERNO,7404,New Amsterdam Mango Vodka,50mL,32,0.99,2024-12-31
37_PAETHSMOUTH_6285,37,PAETHSMOUTH,6285,Gallo Twin Valley Wh Znfdl C,1.5L,13,9.99,2024-12-31
38_GOULCREST_15528,38,GOULCREST,15528,Cannonball Chard,750mL,72,13.99,2024-12-31
27_MOUNTMEND_3194,27,MOUNTMEND,3194,Grey Goose Cherry Noir Vodka,750mL,0,23.99,2024-12-31
35_HALIVAARA_16758,35,HALIVAARA,16758,Dolin Sweet Red Vermouth,750mL,2,13.99,2024-12-31
18_FURNESS_2645,18,FURNESS,2645,Chivas Regal,750mL,45,29.99,2024-12-31
19_WINTERVALE_5877,19,WINTERVALE,5877,Ryans Irish Cream,50mL,33,0.99,2024-12-31
15_WANBORNE_8678,15,WANBORNE,8678,Banfi Chianti Clsc RSV,750mL,87,16.99,2024-12-31
26_KNIFE'S EDGE_8232,26,KNIFE'S EDGE,8232,Riunite Lambrusco,1.5L,3,8.99,2024-12-31
34_PITMERDEN_26632,34,PITMERDEN,26632,R Mondavi Pvt Sel Znfdl,750mL,12,8.99,2024-12-31
18_FURNESS_26092,18,FURNESS,26092,Blackstone Merlot Cal,750mL,13,7.99,2024-12-31
12_LEESIDE_4787,12,LEESIDE,4787,Appleton Special Gold Rum,1.75L,9,19.99,2024-12-31
11_CARDEND_8200,11,CARDEND,8200,Chambord Liqueur de France,50mL,65,2.99,2024-12-31
3_HORNSEY_5358,3,HORNSEY,5358,Irish Mist Honey Liqueur,750mL,3,25.99,2024-12-31
20_BREDWARDINE_21985,20,BREDWARDINE,21985,Menage a Trois Midnight,750mL,12,9.95,2024-12-31
34_PITMERDEN_15076,34,PITMERDEN,15076,Cigar Box Cab Svgn Valle Cen,750mL,13,11.99,2024-12-31
21_BALERNO_4254,21,BALERNO,4254,Remy Martin 1738 Accord Royl,375mL,12,24.99,2024-12-31
21_BALERNO_27830,21,BALERNO,27830,Silverado Svgn Bl Napa,750mL,14,19.99,2024-12-31
33_HORNSEY_2373,33,HORNSEY,2373,Jim Beam Maple,750mL,45,14.99,2024-12-31
14_BROMWICH_5146,14,BROMWICH,5146,Pama Pomegranate Liqueur,750mL,10,17.99,2024-12-31
18_FURNESS_37235,18,FURNESS,37235,Mionetto Il Prosecco Spklg,750mL,12,11.99,2024-12-31
33_HORNSEY_20557,33,HORNSEY,20557,The Other Red,750mL,9,10.99,2024-12-31
22_SHARNWICK_5505,22,SHARNWICK,5505,Pallini Limoncello Liqueur,750mL,12,18.99,2024-12-31
13_TARMSWORTH_25419,13,TARMSWORTH,25419,Kunde Chard Sonoma Valley,750mL,4,15.99,2024-12-31
30_CULCHETH_857,30,CULCHETH,857,Kahlua,Liter,32,22.99,2024-12-31
6_GOULCREST_2591,6,GOULCREST,2591,Cardhu Scotch,750mL,6,39.99,2024-12-31
32_MOUNTMEND_18988,32,MOUNTMEND,18988,Franzia Chillable Red Tap,5L,12,12.99,2024-12-31
15_WANBORNE_40621,15,WANBORNE,40621,Santa Margherita Prosecco V,750mL,7,18.99,2024-12-31
1_HARDERSFIELD_13991,1,HARDERSFIELD,13991,Colombo Cape Bleue Rose VdP,750mL,24,9.99,2024-12-31
39_EASTHALLOW_3802,39,EASTHALLOW,3802,Three Olives Vodka,1.75L,39,18.99,2024-12-31
2_ASHBORNE_1174,2,ASHBORNE,1174,Rebel Yell,1.75L,5,19.99,2024-12-31
16_LUNDY_5616,16,LUNDY,5616,Emmets Irish Cream,1.75L,9,19.99,2024-12-31
15_WANBORNE_15548,15,WANBORNE,15548,Seaglass Chard,750mL,5,8.99,2024-12-31
10_HORNSEY_19258,10,HORNSEY,19258,The Beach House Chard,750mL,5,11.99,2024-12-31
22_SHARNWICK_2586,22,SHARNWICK,2586,Jameson Irish Whiskey,50mL,120,2.99,2024-12-31
9_BLACKPOOL_3344,9,BLACKPOOL,3344,Bombay Sapphire Gin,750mL,18,19.99,2024-12-31
2_ASHBORNE_20762,2,ASHBORNE,20762,Lamole Chianti Classico Blue,750mL,20,18.99,2024-12-31
6_GOULCREST_19545,6,GOULCREST,19545,Darkhorse Red,750mL,4,7.99,2024-12-31
32_MOUNTMEND_7265,32,MOUNTMEND,7265,Taylor Fladgate LBV Port,750mL,11,15.99,2024-12-31
21_BALERNO_3797,21,BALERNO,3797,Skinnygirl Sweet'Arita,1.75L,4,16.99,2024-12-31
12_LEESIDE_37433,12,LEESIDE,37433,C Y Toro Casillero Carmenere,750mL,6,9.99,2024-12-31
32_MOUNTMEND_34850,32,MOUNTMEND,34850,Bargetto Chaucer's Hney Mead,750mL,5,12.99,2024-12-31
20_BREDWARDINE_3487,20,BREDWARDINE,3487,Stolichnaya Blueberi,750mL,16,16.99,2024-12-31
26_KNIFE'S EDGE_3422,26,KNIFE'S EDGE,3422,Beefeater,750mL,14,19.99,2024-12-31
15_WANBORNE_27831,15,WANBORNE,27831,Wild Horse CC Chard,750mL,20,15.99,2024-12-31
15_WANBORNE_20552,15,WANBORNE,20552,Cafaggio Single Est Chianti,750mL,10,14.99,2024-12-31
9_BLACKPOOL_3579,9,BLACKPOOL,3579,Ciroc Pineapple Vodka,375mL,8,15.49,2024-12-31
2_ASHBORNE_8609,2,ASHBORNE,8609,Duboeuf Beaujolais Villages,750mL,23,12.99,2024-12-31
15_WANBORNE_6460,15,WANBORNE,6460,Columbia Crest Two Vns Chard,750mL,9,6.99,2024-12-31
10_HORNSEY_25286,10,HORNSEY,25286,A Bichot Morgon Les Charmes,750mL,9,18.99,2024-12-31
14_BROMWICH_25846,14,BROMWICH,25846,Groth Svgn Bl Napa Valley,750mL,5,19.99,2024-12-31
29_AYLESBURY_4410,29,AYLESBURY,4410,Cruzan Mango Flavored Rum,750mL,11,9.99,2024-12-31
38_GOULCREST_8526,38,GOULCREST,8526,Chambord Royale de France,750mL,4,27.99,2024-12-31
7_STANMORE_25875,7,STANMORE,25875,Ruffino Rose Sparkling,750mL,11,12.99,2024-12-31
32_MOUNTMEND_1271,32,MOUNTMEND,1271,Jeffersons Reserve Bourbon,750mL,35,49.99,2024-12-31
34_PITMERDEN_37604,34,PITMERDEN,37604,Hardys Chard Ausl,3L,10,19.99,2024-12-31
8_ALNERWICK_39335,8,ALNERWICK,39335,Phillips Seven Deadly Znfdl,750mL,26,14.99,2024-12-31
1_HARDERSFIELD_22087,1,HARDERSFIELD,22087,Juxtapoz Red North Cst,750mL,0,14.99,2024-12-31
22_SHARNWICK_27874,22,SHARNWICK,27874,Forefront by Pine Ridge Pnt,750mL,60,12.99,2024-12-31
15_WANBORNE_982,15,WANBORNE,982,McCormick Long Island Iced,Liter,36,6.99,2024-12-31
24_PALPERROTH_3214,24,PALPERROTH,3214,Ciroc Mango Vodka,750mL,12,24.99,2024-12-31
23_ARBINGTON_36383,23,ARBINGTON,36383,F Coppola Sofia Bl de Bl,750mL,7,14.99,2024-12-31
36_LEWES_38133,36,LEWES,38133,Il Bastardo Sangiovese Tosc,750mL,56,8.99,2024-12-31
30_CULCHETH_18380,30,CULCHETH,18380,Antinori Tenuta Marchese,750mL,8,38.99,2024-12-31
5_SUTTON_6855,5,SUTTON,6855,Midnight Moon Apple Pie,750mL,3,19.99,2024-12-31
26_KNIFE'S EDGE_6650,26,KNIFE'S EDGE,6650,Simi Chard,750mL,3,10.79,2024-12-31
34_PITMERDEN_22065,34,PITMERDEN,22065,Dom Zind Humbrecht Rsl 12,750mL,6,21.99,2024-12-31
14_BROMWICH_3984,14,BROMWICH,3984,Sauza Tres Generacions Anejo,750mL,3,41.99,2024-12-31
38_GOULCREST_24705,38,GOULCREST,24705,Kenwood Merlot Sonoma,750mL,24,14.99,2024-12-31
34_PITMERDEN_36511,34,PITMERDEN,36511,Yalumba Y Series Viognier,750mL,3,11.99,2024-12-31
13_TARMSWORTH_40054,13,TARMSWORTH,40054,Campo Viejo Tempranillo RSV,750mL,14,11.99,2024-12-31
34_PITMERDEN_11088,34,PITMERDEN,11088,Gruet Blanc de Noir,375mL,7,10.99,2024-12-31
4_EANVERNESS_12592,4,EANVERNESS,12592,Ravenswood Big River Znfdl,750mL,6,26.99,2024-12-31
15_WANBORNE_824,15,WANBORNE,824,Dewars White Label Scotch,Liter,31,26.99,2024-12-31
21_BALERNO_8700,21,BALERNO,8700,Beringer Knights Vly Cab Svg,750mL,13,24.95,2024-12-31
30_CULCHETH_5629,30,CULCHETH,5629,RumChata Liqueur,3/100mL,28,8.99,2024-12-31
7_STANMORE_25725,7,STANMORE,25725,Prophecy Svgn Bl,750mL,12,9.99,2024-12-31
28_LARNWICK_8184,28,LARNWICK,8184,Kahlua,50mL,62,1.99,2024-12-31
1_HARDERSFIELD_14437,1,HARDERSFIELD,14437,Nielson by Byron Pnt Nr SBC,750mL,19,17.99,2024-12-31
18_FURNESS_6590,18,FURNESS,6590,Almaden B/B Wh Znfdl Cal,5L,4,14.99,2024-12-31
28_LARNWICK_1556,28,LARNWICK,1556,Kahlua w/50mL Absolut+Glass,750mL,1,18.99,2024-12-31
10_HORNSEY_5394,10,HORNSEY,5394,Goldschlager Cinnamon Schnap,375mL,0,10.99,2024-12-31
24_PALPERROTH_3830,24,PALPERROTH,3830,Grey Goose L'Orange Vodka,750mL,6,23.99,2024-12-31
32_MOUNTMEND_36771,32,MOUNTMEND,36771,Yellow Tail Merlot Ausl,1.5L,93,8.95,2024-12-31
13_TARMSWORTH_12771,13,TARMSWORTH,12771,Joel Gott Cab Svgn 815,750mL,10,12.99,2024-12-31
39_EASTHALLOW_8691,39,EASTHALLOW,8691,Jose Cuervo Especial,750mL,27,15.99,2024-12-31
40_BULLMAR_8632,40,BULLMAR,8632,Arak-Gantous & Abouraad,750mL,10,18.99,2024-12-31
7_STANMORE_43662,7,STANMORE,43662,L'Ecole No 41 Cab Svgn Clmba,750mL,4,29.99,2024-12-31
32_MOUNTMEND_16289,32,MOUNTMEND,16289,Barefoot Bubbly Pink Moscato,750mL,6,6.95,2024-12-31
34_PITMERDEN_27165,34,PITMERDEN,27165,Jean-Paul & Benoit Droin 14,750mL,17,21.99,2024-12-31
22_SHARNWICK_3762,22,SHARNWICK,3762,Patron Silver Tequila,50mL,18,5.99,2024-12-31
18_FURNESS_2587,18,FURNESS,2587,Jameson Irish Whiskey,375mL,6,18.99,2024-12-31
27_MOUNTMEND_23858,27,MOUNTMEND,23858,Pezzi King Znfdl Dry Creek,750mL,12,20.99,2024-12-31
15_WANBORNE_3797,15,WANBORNE,3797,Skinnygirl Sweet'Arita,1.75L,4,16.99,2024-12-31
4_EANVERNESS_14357,4,EANVERNESS,14357,Chilensis Pnt Nr,750mL,5,9.99,2024-12-31
12_LEESIDE_1135,12,LEESIDE,1135,Rebel Reserve Bourbon,750mL,3,19.99,2024-12-31
4_EANVERNESS_3827,4,EANVERNESS,3827,Popov Vodka,1.75L,17,12.99,2024-12-31
11_CARDEND_8619,11,CARDEND,8619,Canadian Club,375mL,21,5.99,2024-12-31
7_STANMORE_5297,7,STANMORE,5297,Southern Comfort,750mL,18,13.99,2024-12-31
1_HARDERSFIELD_24139,1,HARDERSFIELD,24139,Nobilo Icon Pnt Nr Marlboro,750mL,3,14.99,2024-12-31
21_BALERNO_2708,21,BALERNO,2708,Rebel Yell Root Beer Whiskey,750mL,2,11.99,2024-12-31
31_HORNSEY_5758,31,HORNSEY,5758,1800 Ultimate Margarita RTD,1.75L,10,19.99,2024-12-31
39_EASTHALLOW_15355,39,EASTHALLOW,15355,Decoy Duckhorn Chard Sonoma,750mL,57,16.95,2024-12-31
26_KNIFE'S EDGE_4194,26,KNIFE'S EDGE,4194,Calico Jack Coconut Rum,1.75L,30,12.99,2024-12-31
21_BALERNO_1276,21,BALERNO,1276,Jack Daniels Single Barrel,50mL,24,4.99,2024-12-31
38_GOULCREST_39648,38,GOULCREST,39648,Ch Ste Michelle Indn W Chard,750mL,22,14.99,2024-12-31
30_CULCHETH_14363,30,CULCHETH,14363,Educated Guess Cab Svgn Napa,750mL,5,23.99,2024-12-31
23_ARBINGTON_26330,23,ARBINGTON,26330,Cristom Pnt Nr Mt Jeffrson C,750mL,12,29.99,2024-12-31
13_TARMSWORTH_11957,13,TARMSWORTH,11957,Souverain Cab Svgn N Cst,750mL,6,9.99,2024-12-31
19_WINTERVALE_15292,19,WINTERVALE,15292,Flip Flop Chard,750mL,13,4.99,2024-12-31
2_ASHBORNE_4524,2,ASHBORNE,4524,Smoky Quartz Granite Cst Rum,750mL,3,27.49,2024-12-31
2_ASHBORNE_3464,2,ASHBORNE,3464,UV Blue Raspberry Vodka,1.75L,4,17.99,2024-12-31
9_BLACKPOOL_17707,9,BLACKPOOL,17707,Smoking Loon Steelbird Chard,750mL,0,6.79,2024-12-31
36_LEWES_7994,36,LEWES,7994,Stock Italian Sweet Vermouth,1.5L,8,9.99,2024-12-31
32_MOUNTMEND_40545,32,MOUNTMEND,40545,Whitehaven Svgn Bl Marlboro,750mL,21,14.99,2024-12-31
33_HORNSEY_26258,33,HORNSEY,26258,Ornellaia Bolgheri 13,750mL,6,199.99,2024-12-31
40_BULLMAR_2585,40,BULLMAR,2585,Jameson Irish Whiskey,750mL,58,25.99,2024-12-31
34_PITMERDEN_10870,34,PITMERDEN,10870,Bouza Tannat Las Violetas,750mL,9,18.99,2024-12-31
1_HARDERSFIELD_19302,1,HARDERSFIELD,19302,Tomaiolo Chianti Clsco Rsva,750mL,66,11.99,2024-12-31
8_ALNERWICK_43801,8,ALNERWICK,43801,C Y Toro Frontera Cab Svgn,1.5L,17,10.99,2024-12-31
6_GOULCREST_844,6,GOULCREST,844,Bols Melon Liqueur,Liter,1,9.99,2024-12-31
12_LEESIDE_8367,12,LEESIDE,8367,Carlo Rossi Rhine Calif,4L,5,14.99,2024-12-31
7_STANMORE_3818,7,STANMORE,3818,Cabo Wabo Blanco Tequila,750mL,0,29.99,2024-12-31
6_GOULCREST_22963,6,GOULCREST,22963,Phillipine de St-Cyrille CdP,750mL,5,25.99,2024-12-31
6_GOULCREST_38476,6,GOULCREST,38476,Adelsheim Pnt Nr Ore,750mL,4,23.99,2024-12-31
29_AYLESBURY_8654,29,AYLESBURY,8654,M & R Sweet Vermouth,375mL,14,5.29,2024-12-31
30_CULCHETH_24003,30,CULCHETH,24003,Corbett Canyon Cab Svgn,1.5L,4,8.99,2024-12-31
3_HORNSEY_3877,3,HORNSEY,3877,Smirnoff Green Apple Vodka,750mL,12,12.99,2024-12-31
34_PITMERDEN_27735,34,PITMERDEN,27735,Bogle Cab Svgn Cal,750mL,97,10.99,2024-12-31
22_SHARNWICK_3483,22,SHARNWICK,3483,Kru 82 Vodka,750mL,4,13.99,2024-12-31
23_ARBINGTON_3456,23,ARBINGTON,3456,Tanqueray Sterling Vodka,1.75L,71,19.99,2024-12-31
9_BLACKPOOL_1758,9,BLACKPOOL,1758,Aberlour Glenlivet 12 Yr,750mL,2,41.99,2024-12-31
8_ALNERWICK_3629,8,ALNERWICK,3629,Flag Hill White Rum,750mL,5,28.99,2024-12-31
14_BROMWICH_7991,14,BROMWICH,7991,Stock Italian X Dry Vermouth,1.5L,11,8.99,2024-12-31
22_SHARNWICK_38850,22,SHARNWICK,38850,Ravenswood Vntrs Bl Cab Svgn,750mL,16,7.99,2024-12-31
7_STANMORE_4438,7,STANMORE,4438,Cruzan Black Cherry Rum,750mL,10,9.99,2024-12-31
33_HORNSEY_5138,33,HORNSEY,5138,Fireball Cinnamon Whisky,750mL,161,13.99,2024-12-31
31_HORNSEY_8513,31,HORNSEY,8513,Baileys Irish Cream Mini's 4,100mL 4 Pk,21,8.99,2024-12-31
8_ALNERWICK_9361,8,ALNERWICK,9361,KAH Anejo Tequila,750mL,3,69.99,2024-12-31
33_HORNSEY_3515,33,HORNSEY,3515,Skyy Infusions Citrus Vodka,1.75L,14,19.99,2024-12-31
24_PALPERROTH_21609,24,PALPERROTH,21609,Josh Cellars Legacy Red,750mL,7,13.99,2024-12-31
30_CULCHETH_6429,30,CULCHETH,6429,C Y Toro Frontera Svgn Bl,1.5L,12,10.99,2024-12-31
23_ARBINGTON_862,23,ARBINGTON,862,Jacques Bonet Brandy,Liter,15,7.99,2024-12-31
38_GOULCREST_19037,38,GOULCREST,19037,Gunsight Rock Cab Svgn,750mL,33,17.99,2024-12-31
28_LARNWICK_3194,28,LARNWICK,3194,Grey Goose Cherry Noir Vodka,750mL,7,23.99,2024-12-31
15_WANBORNE_8345,15,WANBORNE,8345,R M Woodbridge Cab Svgn Cal,750mL,119,7.99,2024-12-31
4_EANVERNESS_21985,4,EANVERNESS,21985,Menage a Trois Midnight,750mL,28,9.95,2024-12-31
38_GOULCREST_2034,38,GOULCREST,2034,Glendalough Double Barrel,750mL,7,27.99,2024-12-31
26_KNIFE'S EDGE_1220,26,KNIFE'S EDGE,1220,Woodford Reserve Bourbon,750mL,8,30.99,2024-12-31
1_HARDERSFIELD_26948,1,HARDERSFIELD,26948,Ferrari-Carano Chard,750mL,74,18.99,2024-12-31
25_CAERSHIRE_3233,25,CAERSHIRE,3233,Belvedere Wild Berry,750mL,2,22.99,2024-12-31
24_PALPERROTH_27735,24,PALPERROTH,27735,Bogle Cab Svgn Cal,750mL,17,10.99,2024-12-31
5_SUTTON_6402,5,SUTTON,6402,Avion Silver Tequila,750mL,4,44.99,2024-12-31
1_HARDERSFIELD_4779,1,HARDERSFIELD,4779,Molletto Grappa di Barbera,750mL,6,26.99,2024-12-31
7_STANMORE_1415,7,STANMORE,1415,Old Grand Dad,750mL,12,13.99,2024-12-31
24_PALPERROTH_5219,24,PALPERROTH,5219,Sambuca Romana Black,750mL,5,19.99,2024-12-31
15_WANBORNE_3279,15,WANBORNE,3279,Double Cross Vodka,750mL,6,29.99,2024-12-31
4_EANVERNESS_7423,4,EANVERNESS,7423,Manischewitz Concord Kosher,1.5L,7,7.99,2024-12-31
15_WANBORNE_19866,15,WANBORNE,19866,Clarendelle Brdx Blanc,750mL,15,16.99,2024-12-31
10_HORNSEY_419,10,HORNSEY,419,Absolut Citron,Liter,15,19.99,2024-12-31
15_WANBORNE_3794,15,WANBORNE,3794,Cabo Wabo Reposado Tequila,750mL,5,36.99,2024-12-31
5_SUTTON_35472,5,SUTTON,35472,R M Woodbridge Pnt Grigio,1.5L,14,8.99,2024-12-31
35_HALIVAARA_904,35,HALIVAARA,904,Malibu Rum,Liter,15,17.99,2024-12-31
34_PITMERDEN_4131,34,PITMERDEN,4131,Sea Hagg Blueberry Rum,750mL,8,27.99,2024-12-31
4_EANVERNESS_3533,4,EANVERNESS,3533,Lidestri Pink Limoncello,750mL,2,18.99,2024-12-31
37_PAETHSMOUTH_6824,37,PAETHSMOUTH,6824,Kendall Jackson Pnt Nr Vtnr,750mL,9,14.99,2024-12-31
25_CAERSHIRE_5382,25,CAERSHIRE,5382,Ice 101 Peppermint Schnapps,750mL,7,11.99,2024-12-31
16_LUNDY_8424,16,LUNDY,8424,1800 Coconut Tequila,750mL,14,22.99,2024-12-31
18_FURNESS_8780,18,FURNESS,8780,Sandeman Fine Rich Madeira,750mL,11,15.99,2024-12-31
34_PITMERDEN_4272,34,PITMERDEN,4272,Smith & Cross Jamacian Rum,750mL,24,27.99,2024-12-31
7_STANMORE_27520,7,STANMORE,27520,Vargas Rioja Crianza,750mL,12,12.49,2024-12-31
19_WINTERVALE_27264,19,WINTERVALE,27264,Red IQ,750mL,19,10.99,2024-12-31
30_CULCHETH_3626,30,CULCHETH,3626,Sauza Extra Gold Tequila,750mL,17,12.99,2024-12-31
35_HALIVAARA_40098,35,HALIVAARA,40098,Black Box Merlot Cal,3L,17,18.99,2024-12-31
38_GOULCREST_38197,38,GOULCREST,38197,La Carraia Sangiovese Umbri,750mL,21,11.99,2024-12-31
22_SHARNWICK_4670,22,SHARNWICK,4670,Bacardi Dragon Berry Rum,375mL,10,3.99,2024-12-31
23_ARBINGTON_27009,23,ARBINGTON,27009,Bouchard Aine & Fils B Chard,750mL,11,16.99,2024-12-31
39_EASTHALLOW_8288,39,EASTHALLOW,8288,Korbel Brut,750mL,21,11.99,2024-12-31
38_GOULCREST_27854,38,GOULCREST,27854,F Coppola Black Label Claret,750mL,35,16.99,2024-12-31
2_ASHBORNE_649,2,ASHBORNE,649,Sauza Tres Generaciones Pla,750mL,5,39.99,2024-12-31
28_LARNWICK_2465,28,LARNWICK,2465,Crown Royal Mini,50mL,40,2.99,2024-12-31
33_HORNSEY_3894,33,HORNSEY,3894,Zhenka Vodka 100 Proof,1.75L,11,11.99,2024-12-31
1_HARDERSFIELD_3656,1,HARDERSFIELD,3656,Stolichnaya Vanil,1.75L,31,24.99,2024-12-31
29_AYLESBURY_3731,29,AYLESBURY,3731,Absolut Apeach,750mL,10,17.99,2024-12-31
31_HORNSEY_15980,31,HORNSEY,15980,Moonlight Meadery Apple Pie,375mL,4,12.99,2024-12-31
27_MOUNTMEND_21469,27,MOUNTMEND,21469,St Supery Cab Svgn,750mL,5,32.99,2024-12-31
12_LEESIDE_36770,12,LEESIDE,36770,Yellow Tail Cab Svgn Ausl,1.5L,45,8.95,2024-12-31
23_ARBINGTON_26501,23,ARBINGTON,26501,Rodney Strong Knotty Vn Znfl,750mL,40,15.99,2024-12-31
33_HORNSEY_8280,33,HORNSEY,8280,Piper Sonoma Brut,750mL,17,13.99,2024-12-31
38_GOULCREST_1748,38,GOULCREST,1748,William Grant Scotch,750mL,12,14.99,2024-12-31
23_ARBINGTON_44362,23,ARBINGTON,44362,Cusumano Nero D'Avola Sicily,750mL,8,10.99,2024-12-31
37_PAETHSMOUTH_4574,37,PAETHSMOUTH,4574,Remy Martin VS Cognac,750mL,8,31.99,2024-12-31
34_PITMERDEN_4066,34,PITMERDEN,4066,Bacardi Oakheart Spiced Rum,1.75L,22,19.99,2024-12-31
32_MOUNTMEND_2552,32,MOUNTMEND,2552,Defiant American Single Malt,750mL,6,37.99,2024-12-31
10_HORNSEY_17186,10,HORNSEY,17186,Columna Albarino,750mL,11,14.99,2024-12-31
38_GOULCREST_2158,38,GOULCREST,2158,Sortilege Liqueur,375mL,13,19.99,2024-12-31
25_CAERSHIRE_3725,25,CAERSHIRE,3725,Three Olives Pomegranate,750mL,8,14.99,2024-12-31
24_PALPERROTH_8367,24,PALPERROTH,8367,Carlo Rossi Rhine Calif,4L,6,14.99,2024-12-31
38_GOULCREST_17294,38,GOULCREST,17294,Defesa Tinto Red Alentejo,750mL,25,12.99,2024-12-31
2_ASHBORNE_6896,2,ASHBORNE,6896,Sterling Merlot,750mL,25,17.99,2024-12-31
39_EASTHALLOW_6574,39,EASTHALLOW,6574,Franzia Tap Wh Znfdl Cal,5L,13,17.99,2024-12-31
21_BALERNO_15355,21,BALERNO,15355,Decoy Duckhorn Chard Sonoma,750mL,101,16.95,2024-12-31
20_BREDWARDINE_41530,20,BREDWARDINE,41530,Septima Malbec Mendoza,750mL,14,9.99,2024-12-31
26_KNIFE'S EDGE_5849,26,KNIFE'S EDGE,5849,GranGala Triple Orange,750mL,5,16.99,2024-12-31
15_WANBORNE_6015,15,WANBORNE,6015,Jackson Morgan Salted Carmel,750mL,6,24.99,2024-12-31
1_HARDERSFIELD_39599,1,HARDERSFIELD,39599,R M Woodbridge Chard Cal,187mL 4 Pk,11,6.99,2024-12-31
7_STANMORE_5270,7,STANMORE,5270,Southern Comfort,50mL,119,0.99,2024-12-31
40_BULLMAR_3342,40,BULLMAR,3342,Bully Boy Old Fashioned RTD,750mL,5,22.99,2024-12-31
22_SHARNWICK_37678,22,SHARNWICK,37678,Castle Rock Pnt Nr,750mL,3,10.99,2024-12-31
19_WINTERVALE_284,19,WINTERVALE,284,Milagro Tequila Anejo SBR,750mL,5,77.99,2024-12-31
7_STANMORE_3100,7,STANMORE,3100,Ciroc Red Berry Vodka,1.75L,6,48.99,2024-12-31
13_TARMSWORTH_14342,13,TARMSWORTH,14342,Cupcake Pnt Nr,750mL,1,7.49,2024-12-31
6_GOULCREST_36771,6,GOULCREST,36771,Yellow Tail Merlot Ausl,1.5L,35,8.95,2024-12-31
32_MOUNTMEND_800,32,MOUNTMEND,800,Jameson Irish Whiskey,Liter,120,32.99,2024-12-31
25_CAERSHIRE_5492,25,CAERSHIRE,5492,Grand Marnier Cuvee du Cent,750mL,1,149.99,2024-12-31
16_LUNDY_6535,16,LUNDY,6535,Sandeman Tawny Port,750mL,6,11.99,2024-12-31
10_HORNSEY_31558,10,HORNSEY,31558,J Lohr Los Osos Merlot,750mL,29,13.99,2024-12-31
18_FURNESS_44334,18,FURNESS,44334,Noble Vines 337 Cab Svgn,750mL,13,11.99,2024-12-31
39_EASTHALLOW_2790,39,EASTHALLOW,2790,High West American Prairie,750mL,7,29.99,2024-12-31
27_MOUNTMEND_8921,27,MOUNTMEND,8921,Sterling Cab Svgn,750mL,30,16.95,2024-12-31
39_EASTHALLOW_46830,39,EASTHALLOW,46830,Pacific Rim Sweet Rsl,750mL,23,8.99,2024-12-31
27_MOUNTMEND_14078,27,MOUNTMEND,14078,Bota Box Malbec,3L,6,17.99,2024-12-31
15_WANBORNE_377,15,WANBORNE,377,Hendrick's Gin,Liter,6,37.99,2024-12-31
17_OLDHAM_14342,17,OLDHAM,14342,Cupcake Pnt Nr,750mL,39,7.49,2024-12-31
38_GOULCREST_19001,38,GOULCREST,19001,Emblem Cab Svgn,750mL,22,28.99,2024-12-31
39_EASTHALLOW_42948,39,EASTHALLOW,42948,Root 1 Cab Svgn,750mL,28,9.99,2024-12-31
24_PALPERROTH_6356,24,PALPERROTH,6356,Taylor Cream Sherry,1.5L,11,7.79,2024-12-31
7_STANMORE_4040,7,STANMORE,4040,Clement Select Barrel Rhum,750mL,3,24.99,2024-12-31
37_PAETHSMOUTH_361,37,PAETHSMOUTH,361,Effen Cucumber Vodka,750mL,8,19.99,2024-12-31
21_BALERNO_8059,21,BALERNO,8059,Corazon de Agave Anejo,750mL,6,27.99,2024-12-31
14_BROMWICH_3754,14,BROMWICH,3754,Smirnoff Blueberry Vodka,750mL,11,10.99,2024-12-31
12_LEESIDE_5148,12,LEESIDE,5148,St Brendans Irish Cream,1.75L,8,17.99,2024-12-31
6_GOULCREST_7891,6,GOULCREST,7891,DeLeon Platinum Tequila,750mL,3,34.99,2024-12-31
35_HALIVAARA_11214,35,HALIVAARA,11214,Caymus Cab Svgn Napa Vly,750mL,12,69.99,2024-12-31
33_HORNSEY_27911,33,HORNSEY,27911,Ruffino Chianti Clsc Santeda,750mL,12,15.99,2024-12-31
35_HALIVAARA_1382,35,HALIVAARA,1382,Makers 46,750mL,3,37.99,2024-12-31
18_FURNESS_34905,18,FURNESS,34905,Smoking Loon Merlot,750mL,21,6.79,2024-12-31
6_GOULCREST_5491,6,GOULCREST,5491,Rumpleminze,50mL,77,1.99,2024-12-31
34_PITMERDEN_2520,34,PITMERDEN,2520,The Macallan 12 Yr Old,750mL,19,54.99,2024-12-31
18_FURNESS_4488,18,FURNESS,4488,Zhenka Tropical Dark Rum,1.75L,4,11.49,2024-12-31
39_EASTHALLOW_3706,39,EASTHALLOW,3706,Pinnacle Citrus Vodka,1.75L,32,15.99,2024-12-31
23_ARBINGTON_10422,23,ARBINGTON,10422,Mirassou Pnt Grigio Cal,750mL,9,9.99,2024-12-31
21_BALERNO_3571,21,BALERNO,3571,Absolut Vanilia,50mL,103,1.99,2024-12-31
38_GOULCREST_46021,38,GOULCREST,46021,Spellbound Cab Svgn Cal,750mL,33,12.99,2024-12-31
22_SHARNWICK_42948,22,SHARNWICK,42948,Root 1 Cab Svgn,750mL,7,9.99,2024-12-31
21_BALERNO_2690,21,BALERNO,2690,Black Velvet Reserve,750mL,13,9.99,2024-12-31
34_PITMERDEN_3681,34,PITMERDEN,3681,OuterSpace Vodka,750mL,58,29.99,2024-12-31
1_HARDERSFIELD_8345,1,HARDERSFIELD,8345,R M Woodbridge Cab Svgn Cal,750mL,36,7.99,2024-12-31
23_ARBINGTON_16289,23,ARBINGTON,16289,Barefoot Bubbly Pink Moscato,750mL,64,6.95,2024-12-31
24_PALPERROTH_3472,24,PALPERROTH,3472,Cazadores Blanco Tequila,750mL,16,16.99,2024-12-31
31_HORNSEY_8815,31,HORNSEY,8815,Ch Ste Michelle Chard Colmbi,750mL,4,8.99,2024-12-31
39_EASTHALLOW_966,39,EASTHALLOW,966,Patron Citronge Orange Liqu,750mL,19,20.99,2024-12-31
34_PITMERDEN_42122,34,PITMERDEN,42122,Smoking Loon Svgn Bl Cal,750mL,12,6.79,2024-12-31
20_BREDWARDINE_26530,20,BREDWARDINE,26530,Corbett Canyon Merlot,1.5L,6,8.99,2024-12-31
38_GOULCREST_14838,38,GOULCREST,14838,Layer Cake Cab Svgn,750mL,47,11.95,2024-12-31
7_STANMORE_5415,7,STANMORE,5415,Amaretto di Amore,1.75L,8,13.99,2024-12-31
21_BALERNO_12310,21,BALERNO,12310,Napa Cellars Pnt Nr Napa,750mL,6,18.99,2024-12-31
28_LARNWICK_3830,28,LARNWICK,3830,Grey Goose L'Orange Vodka,750mL,12,23.99,2024-12-31
6_GOULCREST_13614,6,GOULCREST,13614,Acrobat Pnt Nr Ore,750mL,6,18.99,2024-12-31
7_STANMORE_22665,7,STANMORE,22665,Trefethen Cab Svgn,750mL,14,53.99,2024-12-31
23_ARBINGTON_6876,23,ARBINGTON,6876,Sutter Home Clsc Chard,187mL 4 Pk,11,5.99,2024-12-31
17_OLDHAM_19486,17,OLDHAM,19486,Franciscan Equilibrium White,750mL,8,17.99,2024-12-31
19_WINTERVALE_812,19,WINTERVALE,812,Jagermeister Liqueur,Liter,22,20.99,2024-12-31
28_LARNWICK_3584,28,LARNWICK,3584,Absolut Raspberri,750mL,6,17.99,2024-12-31
31_HORNSEY_31203,31,HORNSEY,31203,Beringer Fndrs Est Merlot,750mL,5,8.99,2024-12-31
16_LUNDY_3696,16,LUNDY,3696,Gilbeys Vodka,1.75L,44,10.49,2024-12-31
13_TARMSWORTH_8823,13,TARMSWORTH,8823,Leroux Apricot Brandy,750mL,9,7.99,2024-12-31
2_ASHBORNE_3278,2,ASHBORNE,3278,Gordons London Dry,750mL,10,7.99,2024-12-31
34_PITMERDEN_319,34,PITMERDEN,319,Peter Paul Bacigalupi Chard,750mL,0,32.99,2024-12-31
24_PALPERROTH_14006,24,PALPERROTH,14006,Apothic Winemakers Red Blend,750mL,70,7.99,2024-12-31
21_BALERNO_6213,21,BALERNO,6213,Taylor Red Port,1.5L,10,7.99,2024-12-31
12_LEESIDE_822,12,LEESIDE,822,Tanqueray,Liter,11,26.99,2024-12-31
34_PITMERDEN_22397,34,PITMERDEN,22397,Allegrini Solosole Vermentin,750mL,12,19.99,2024-12-31
31_HORNSEY_13497,31,HORNSEY,13497,Mohua Svgn Bl Marlboro,750mL,7,9.99,2024-12-31
33_HORNSEY_1180,33,HORNSEY,1180,Evan Williams Black Label B,1.75L,13,20.99,2024-12-31
2_ASHBORNE_16494,2,ASHBORNE,16494,Tenuta di Arceno Chianti Cls,750mL,10,18.99,2024-12-31
21_BALERNO_2841,21,BALERNO,2841,High West Double Rye Whiskey,750mL,7,29.99,2024-12-31
6_GOULCREST_2675,6,GOULCREST,2675,Crown Royal XO,750mL,6,44.99,2024-12-31
3_HORNSEY_3821,3,HORNSEY,3821,Smirnoff Vanilla Vodka,750mL,17,12.99,2024-12-31
19_WINTERVALE_33148,19,WINTERVALE,33148,Alamos Ridge Chard Mendoza,750mL,8,9.99,2024-12-31
37_PAETHSMOUTH_3970,37,PAETHSMOUTH,3970,El Toro Gold,750mL,9,9.29,2024-12-31
24_PALPERROTH_878,24,PALPERROTH,878,DeKuyper Green Creme de Ment,Liter,13,9.99,2024-12-31
7_STANMORE_6960,7,STANMORE,6960,Cooks Brut,750mL,16,6.99,2024-12-31
12_LEESIDE_15891,12,LEESIDE,15891,Farnum Hill Dooryard Cider,750mL,0,11.99,2024-12-31
5_SUTTON_3584,5,SUTTON,3584,Absolut Raspberri,750mL,15,17.99,2024-12-31
11_CARDEND_16692,11,CARDEND,16692,Chartron Trebuchet Chard Bou,750mL,4,16.99,2024-12-31
38_GOULCREST_2186,38,GOULCREST,2186,Label 5 Scotch 12 Yr,750mL,5,31.99,2024-12-31
6_GOULCREST_21369,6,GOULCREST,21369,Kendall Jackson Grand Pnt Nr,750mL,13,21.99,2024-12-31
21_BALERNO_31866,21,BALERNO,31866,F Coppola Diamond Merlot,750mL,16,15.99,2024-12-31
8_ALNERWICK_3921,8,ALNERWICK,3921,Espolon Reposado Tequila,750mL,4,23.99,2024-12-31
35_HALIVAARA_5105,35,HALIVAARA,5105,Dr McGillicuddy's Mentholmnt,1.75L,25,19.99,2024-12-31
5_SUTTON_26732,5,SUTTON,26732,Bonterra Cab Svgn Organic,750mL,14,12.99,2024-12-31
6_GOULCREST_46428,6,GOULCREST,46428,Villa Pozzi Nero D'Avola,750mL,10,9.99,2024-12-31
37_PAETHSMOUTH_538,37,PAETHSMOUTH,538,Amaretto DiSaronno,375mL,11,13.99,2024-12-31
20_BREDWARDINE_8822,20,BREDWARDINE,8822,Absolut 80 Proof,50mL,78,1.99,2024-12-31
14_BROMWICH_3102,14,BROMWICH,3102,Smirnoff Traveler,1.75L,100,16.99,2024-12-31
29_AYLESBURY_8480,29,AYLESBURY,8480,Clan MacGregor,1.75L,23,14.99,2024-12-31
21_BALERNO_26744,21,BALERNO,26744,Santa Lucia Sangvs Monte Ant,750mL,21,11.99,2024-12-31
4_EANVERNESS_3924,4,EANVERNESS,3924,Espolon Blanco Tequila,750mL,5,23.99,2024-12-31
15_WANBORNE_42663,15,WANBORNE,42663,Beringer Fndr Est Pnt Grigio,750mL,21,8.99,2024-12-31
33_HORNSEY_25522,33,HORNSEY,25522,Sutter Home Clsc Cab Svgn,187mL 4 Pk,3,5.99,2024-12-31
1_HARDERSFIELD_883,1,HARDERSFIELD,883,Patron Burdeos Anejo Tequila,750mL,2,499.99,2024-12-31
2_ASHBORNE_1345,2,ASHBORNE,1345,Basil Hayden Bourbon,750mL,7,37.99,2024-12-31
1_HARDERSFIELD_23521,1,HARDERSFIELD,23521,Insurrection Cab/Shiraz,750mL,12,10.99,2024-12-31
21_BALERNO_18381,21,BALERNO,18381,Block Nine Caiden Vyd Pnt Nr,750mL,14,12.99,2024-12-31
34_PITMERDEN_17596,34,PITMERDEN,17596,Pink Flamingo Rose,750mL,23,13.99,2024-12-31
23_ARBINGTON_44494,23,ARBINGTON,44494,Smoking Loon Pnt Grigio Cal,750mL,61,6.79,2024-12-31
15_WANBORNE_24876,15,WANBORNE,24876,Wine & Soul Manoela Douro,750mL,10,19.99,2024-12-31
18_FURNESS_36523,18,FURNESS,36523,Ch Macard Brdx Superieur,750mL,15,14.99,2024-12-31
33_HORNSEY_27145,33,HORNSEY,27145,Schmitt Sohne QbA,750mL,12,9.99,2024-12-31
19_WINTERVALE_21308,19,WINTERVALE,21308,Chloe Pnt Grigio,750mL,16,10.99,2024-12-31
9_BLACKPOOL_2259,9,BLACKPOOL,2259,Redemption Rye Whiskey,750mL,8,26.99,2024-12-31
30_CULCHETH_4349,30,CULCHETH,4349,Sauza Blue Silver,750mL,13,15.99,2024-12-31
2_ASHBORNE_14622,2,ASHBORNE,14622,La Marca Prosecco,750mL,0,10.98,2024-12-31
11_CARDEND_4181,11,CARDEND,4181,Calypso Spiced Rum,1.75L,9,10.99,2024-12-31
19_WINTERVALE_5643,19,WINTERVALE,5643,Flag Hill Blueberry Liqueur,375mL,18,14.99,2024-12-31
36_LEWES_2445,36,LEWES,2445,Seagrams VO,750mL,14,11.99,2024-12-31
12_LEESIDE_5669,12,LEESIDE,5669,Fabrizia Blood Orange,750mL,10,16.99,2024-12-31
16_LUNDY_32675,16,LUNDY,32675,Blackstone Cab Svgn Cal,750mL,12,7.99,2024-12-31
27_MOUNTMEND_5525,27,MOUNTMEND,5525,Fernet-Branca Italian Liquer,750mL,4,24.99,2024-12-31
15_WANBORNE_8622,15,WANBORNE,8622,Dom Perignon,750mL,30,139.99,2024-12-31
21_BALERNO_2643,21,BALERNO,2643,Dewars Signature,750mL,2,184.99,2024-12-31
34_PITMERDEN_18758,34,PITMERDEN,18758,Mouton Cadet Sauvignon Blanc,750mL,7,12.99,2024-12-31
6_GOULCREST_28081,6,GOULCREST,28081,Gandia Hoya de Cadenas RSV,750mL,6,8.99,2024-12-31
30_CULCHETH_28156,30,CULCHETH,28156,Sauvion Vouvray,750mL,8,13.99,2024-12-31
12_LEESIDE_44148,12,LEESIDE,44148,Polka Dot Rsl Pfalz,750mL,0,6.99,2024-12-31
31_HORNSEY_8387,31,HORNSEY,8387,Wild Turkey 101,750mL,14,23.99,2024-12-31
25_CAERSHIRE_5447,25,CAERSHIRE,5447,Jagermeister Liqueur,375mL,21,9.99,2024-12-31
8_ALNERWICK_44072,8,ALNERWICK,44072,Bogle Russian River Pnt Nr,750mL,12,10.99,2024-12-31
28_LARNWICK_5410,28,LARNWICK,5410,Raspberry di Amore,750mL,5,7.99,2024-12-31
36_LEWES_11214,36,LEWES,11214,Caymus Cab Svgn Napa Vly,750mL,10,69.99,2024-12-31
31_HORNSEY_5153,31,HORNSEY,5153,Fireball Cinn Whisky Trav,750mL,15,13.99,2024-12-31
34_PITMERDEN_23106,34,PITMERDEN,23106,Panther Creek Pnt Gr William,750mL,21,15.99,2024-12-31
40_BULLMAR_31909,40,BULLMAR,31909,Catena Lunlunta Malbec Argn,750mL,8,17.99,2024-12-31
15_WANBORNE_7127,15,WANBORNE,7127,Mezcal De Amor Amaras,750mL,13,45.99,2024-12-31
27_MOUNTMEND_8144,27,MOUNTMEND,8144,Corralejo Reposado Tequila,750mL,5,29.99,2024-12-31
36_LEWES_8838,36,LEWES,8838,Ch Ste Michelle Cab Svgn Col,750mL,53,12.99,2024-12-31
18_FURNESS_14129,18,FURNESS,14129,14 Hands Hot to Trot Red,750mL,20,7.99,2024-12-31
9_BLACKPOOL_2945,9,BLACKPOOL,2945,The Macallan Rare Cask,750mL,6,299.99,2024-12-31
35_HALIVAARA_31201,35,HALIVAARA,31201,Beringer Fndrs Est Cab Svgn,750mL,8,8.99,2024-12-31
11_CARDEND_18893,11,CARDEND,18893,19 Crimes Red,750mL,12,7.95,2024-12-31
1_HARDERSFIELD_36648,1,HARDERSFIELD,36648,Groth Cab Svgn Napa,750mL,7,57.99,2024-12-31
34_PITMERDEN_7111,34,PITMERDEN,7111,Jameson's Cooper Croze Irish,750mL,3,59.99,2024-12-31
8_ALNERWICK_44734,8,ALNERWICK,44734,Casa Liliana Good Pnt Grg,750mL,11,9.99,2024-12-31
23_ARBINGTON_6648,23,ARBINGTON,6648,Marcus James Merlot,1.5L,20,7.99,2024-12-31
30_CULCHETH_4785,30,CULCHETH,4785,Remy Martin XO Excellence,375mL,24,74.99,2024-12-31
25_CAERSHIRE_4683,25,CAERSHIRE,4683,Hennessy VS Cognac,50mL,22,3.99,2024-12-31
34_PITMERDEN_19232,34,PITMERDEN,19232,Tasca D'Almerita Noz d'Oro09,750mL,5,26.99,2024-12-31
15_WANBORNE_4153,15,WANBORNE,4153,Jenkins Rum,1.75L,14,11.99,2024-12-31
10_HORNSEY_2787,10,HORNSEY,2787,Glenrothes Vintage Rsv,750mL,4,41.99,2024-12-31
39_EASTHALLOW_18837,39,EASTHALLOW,18837,Moonlight Meadery Red Dress,375mL,15,12.99,2024-12-31
37_PAETHSMOUTH_4732,37,PAETHSMOUTH,4732,Remy Martin VSOP Cognac,1.75L,6,84.99,2024-12-31
9_BLACKPOOL_3158,9,BLACKPOOL,3158,Pinnacle Tropical Punch,1.75L,28,15.99,2024-12-31
29_AYLESBURY_2432,29,AYLESBURY,2432,Crown Royal,750mL,50,22.99,2024-12-31
6_GOULCREST_1634,6,GOULCREST,1634,The Famous Grouse,1.75L,22,27.99,2024-12-31
30_CULCHETH_16538,30,CULCHETH,16538,Catalpa Malbec,750mL,13,14.99,2024-12-31
39_EASTHALLOW_32649,39,EASTHALLOW,32649,Beringer Classic Wh Merlot,1.5L,18,7.99,2024-12-31
27_MOUNTMEND_3107,27,MOUNTMEND,3107,Don Julio 70th Anniversary,750mL,8,66.99,2024-12-31
7_STANMORE_3748,7,STANMORE,3748,Smirnoff Light Peach Sorbet,750mL,24,9.49,2024-12-31
2_ASHBORNE_5205,2,ASHBORNE,5205,Don Felix Plata Tequila,750mL,4,33.99,2024-12-31
14_BROMWICH_28889,14,BROMWICH,28889,Peter Vella Chard Cal B/B,5L,2,15.49,2024-12-31
26_KNIFE'S EDGE_3967,26,KNIFE'S EDGE,3967,Deep Eddy Ruby Red,750mL,20,15.99,2024-12-31
1_HARDERSFIELD_27874,1,HARDERSFIELD,27874,Forefront by Pine Ridge Pnt,750mL,0,12.99,2024-12-31
34_PITMERDEN_1067,34,PITMERDEN,1067,Absente  Glass & Spoon Pack,100mL,54,11.99,2024-12-31
32_MOUNTMEND_8451,32,MOUNTMEND,8451,Cruzan Aged Dark Rum,1.75L,6,16.99,2024-12-31
28_LARNWICK_8680,28,LARNWICK,8680,Crown Royal,1.75L,40,36.99,2024-12-31
2_ASHBORNE_6638,2,ASHBORNE,6638,M & R Asti,1.5L,3,24.99,2024-12-31
34_PITMERDEN_4878,34,PITMERDEN,4878,Allens Coffee Brandy,750mL,16,6.99,2024-12-31
18_FURNESS_5399,18,FURNESS,5399,Goldschlager Cinnamon Schna,50mL,17,1.99,2024-12-31
6_GOULCREST_30656,6,GOULCREST,30656,Steele Pnt Nr,750mL,9,17.99,2024-12-31
10_HORNSEY_6448,10,HORNSEY,6448,Dubonnet Rouge,750mL,12,10.49,2024-12-31
40_BULLMAR_3344,40,BULLMAR,3344,Bombay Sapphire Gin,750mL,10,19.99,2024-12-31
1_HARDERSFIELD_2622,1,HARDERSFIELD,2622,Dewars Scratch Cask Scotch,750mL,37,24.99,2024-12-31
20_BREDWARDINE_32831,20,BREDWARDINE,32831,Carpineto Dogajolo Tuscan Rd,750mL,8,11.99,2024-12-31
13_TARMSWORTH_3344,13,TARMSWORTH,3344,Bombay Sapphire Gin,750mL,4,19.99,2024-12-31
10_HORNSEY_32090,10,HORNSEY,32090,Rutherford Ranch Cab Svgn,750mL,16,26.99,2024-12-31
6_GOULCREST_5254,6,GOULCREST,5254,DeKuyper Buttershots Schnpps,750mL,6,10.99,2024-12-31
23_ARBINGTON_21627,23,ARBINGTON,21627,Ferrari Carano Pnt Grigio,750mL,14,16.99,2024-12-31
8_ALNERWICK_5458,8,ALNERWICK,5458,After Shock Hot & Cool Cinmn,750mL,8,15.99,2024-12-31
15_WANBORNE_12593,15,WANBORNE,12593,Ravenswood Belloni Znfdl,750mL,2,26.99,2024-12-31
9_BLACKPOOL_38457,9,BLACKPOOL,38457,Smoking Loon Pnt Nr,750mL,56,6.79,2024-12-31
27_MOUNTMEND_12220,27,MOUNTMEND,12220,Angeline Pnt Nr,750mL,29,9.99,2024-12-31
15_WANBORNE_34133,15,WANBORNE,34133,Turning Leaf RSV Cab Svgn,1.5L,20,10.99,2024-12-31
15_WANBORNE_22027,15,WANBORNE,22027,Jacobs Crk Cab Svgn,750mL,14,5.99,2024-12-31
11_CARDEND_22207,11,CARDEND,22207,Star Insolia Chard,750mL,8,15.99,2024-12-31
33_HORNSEY_8620,33,HORNSEY,8620,Sambuca Romana,375mL,10,11.99,2024-12-31
6_GOULCREST_38772,6,GOULCREST,38772,Rob Stuart Big Fire Pnt Nr,750mL,15,16.99,2024-12-31
19_WINTERVALE_19581,19,WINTERVALE,19581,Girard Cab Svgn,750mL,8,26.99,2024-12-31
35_HALIVAARA_26534,35,HALIVAARA,26534,Lazzaroni Dry Marsala,750mL,6,8.99,2024-12-31
2_ASHBORNE_25833,2,ASHBORNE,25833,Ch Genins Brdx,750mL,8,11.99,2024-12-31
38_GOULCREST_8101,38,GOULCREST,8101,Tanqueray,50mL,53,1.99,2024-12-31
15_WANBORNE_2247,15,WANBORNE,2247,Balvenie Portwood 21 Yr Sin,750mL,5,209.99,2024-12-31
33_HORNSEY_26754,33,HORNSEY,26754,Dom Faiveley Mercurey 14 Bl,750mL,0,26.99,2024-12-31
7_STANMORE_16749,7,STANMORE,16749,Ninety+Cellars Lot 50 Prosco,750mL,34,8.99,2024-12-31
33_HORNSEY_12416,33,HORNSEY,12416,Callia Alta Malbec,750mL,7,8.99,2024-12-31
38_GOULCREST_27830,38,GOULCREST,27830,Silverado Svgn Bl Napa,750mL,65,19.99,2024-12-31
13_TARMSWORTH_24996,13,TARMSWORTH,24996,Lincourt Steel Chard,750mL,33,9.99,2024-12-31
22_SHARNWICK_3046,22,SHARNWICK,3046,Ciroc Peach Vodka,1.75L,5,48.99,2024-12-31
30_CULCHETH_2171,30,CULCHETH,2171,Pike Creek Canadian Whisky,750mL,3,21.99,2024-12-31
34_PITMERDEN_26557,34,PITMERDEN,26557,King Est Pnt Gris Ore,750mL,12,18.99,2024-12-31
38_GOULCREST_23307,38,GOULCREST,23307,Ch St Sulpice,750mL,19,12.99,2024-12-31
30_CULCHETH_3835,30,CULCHETH,3835,Smirnoff Raspberry Vodka,750mL,18,12.99,2024-12-31
6_GOULCREST_804,6,GOULCREST,804,Bacardi Limon Rum,Liter,11,15.49,2024-12-31
31_HORNSEY_12123,31,HORNSEY,12123,Barefoot Cellars Rsl,750mL,13,4.99,2024-12-31
34_PITMERDEN_6681,34,PITMERDEN,6681,Cakebread Svgn Bl,750mL,18,23.99,2024-12-31
11_CARDEND_2570,11,CARDEND,2570,Johnnie Walker Gold Rsv,750mL,25,79.99,2024-12-31
20_BREDWARDINE_934,20,BREDWARDINE,934,Tanteo Jalapeno Tequila,750mL,6,35.99,2024-12-31
38_GOULCREST_17186,38,GOULCREST,17186,Columna Albarino,750mL,22,14.99,2024-12-31
27_MOUNTMEND_6479,27,MOUNTMEND,6479,Clos du Bois Chard,750mL,52,8.99,2024-12-31
33_HORNSEY_3161,33,HORNSEY,3161,New Amsterdam Red Berry,750mL,30,10.99,2024-12-31
39_EASTHALLOW_36383,39,EASTHALLOW,36383,F Coppola Sofia Bl de Bl,750mL,3,14.99,2024-12-31
39_EASTHALLOW_19260,39,EASTHALLOW,19260,The Beach House Pinot Grigio,750mL,13,9.99,2024-12-31
4_EANVERNESS_4277,4,EANVERNESS,4277,Bacardi Limon Rum,375mL,23,3.99,2024-12-31
4_EANVERNESS_1180,4,EANVERNESS,1180,Evan Williams Black Label B,1.75L,31,20.99,2024-12-31
7_STANMORE_4256,7,STANMORE,4256,English Harbour Rum,750mL,7,24.99,2024-12-31
34_PITMERDEN_13422,34,PITMERDEN,13422,Gnarly Head Pnt Nr,750mL,9,9.99,2024-12-31
21_BALERNO_20483,21,BALERNO,20483,Joel Gott Pnt Nr,750mL,13,17.99,2024-12-31
11_CARDEND_2808,11,CARDEND,2808,Uisce Beatha Irish Whisky,750mL,0,29.99,2024-12-31
36_LEWES_2585,36,LEWES,2585,Jameson Irish Whiskey,750mL,79,25.99,2024-12-31
32_MOUNTMEND_1704,32,MOUNTMEND,1704,Amaretto DiSaronno Summer Pk,750mL,18,19.99,2024-12-31
23_ARBINGTON_4147,23,ARBINGTON,4147,Kirk and Sweeney 18 Yr Rum,750mL,16,39.99,2024-12-31
17_OLDHAM_273,17,OLDHAM,273,Sauza Extra Gold Tequila,1.75L,13,21.99,2024-12-31
9_BLACKPOOL_43434,9,BLACKPOOL,43434,Phillips Earthquake Cab Svgn,750mL,10,24.99,2024-12-31
21_BALERNO_17504,21,BALERNO,17504,Butternut Chard,750mL,77,12.99,2024-12-31
22_SHARNWICK_26820,22,SHARNWICK,26820,Teruzzi Vernaccia Terre Tufi,750mL,69,7.99,2024-12-31
20_BREDWARDINE_15156,20,BREDWARDINE,15156,Yago Sant'Gria Red,3L,4,13.99,2024-12-31
21_BALERNO_24086,21,BALERNO,24086,Hess Select Chard,750mL,89,12.99,2024-12-31
14_BROMWICH_5953,14,BROMWICH,5953,Barrow's Intense Ginger,375mL,10,19.99,2024-12-31
9_BLACKPOOL_4624,9,BLACKPOOL,4624,Meukow 90,750mL,3,19.99,2024-12-31
26_KNIFE'S EDGE_438,26,KNIFE'S EDGE,438,Licor 43 Vanilla Liqueur,750mL,12,17.99,2024-12-31
37_PAETHSMOUTH_27801,37,PAETHSMOUTH,27801,Moet & Chandon Nectar Imper,750mL,6,45.99,2024-12-31
4_EANVERNESS_8553,4,EANVERNESS,8553,Dekuyper Blue Curacao,750mL,7,6.99,2024-12-31
9_BLACKPOOL_1714,9,BLACKPOOL,1714,Smoky Quartz V5 Bourbon,375mL,7,27.99,2024-12-31
10_HORNSEY_8262,10,HORNSEY,8262,Metcalfe's Vermont Maple,750mL,7,21.99,2024-12-31
13_TARMSWORTH_2675,13,TARMSWORTH,2675,Crown Royal XO,750mL,13,44.99,2024-12-31
34_PITMERDEN_21713,34,PITMERDEN,21713,Gia Frizzante Chard,750mL,8,14.99,2024-12-31
20_BREDWARDINE_3607,20,BREDWARDINE,3607,Smirnoff Citrus Vodka,50mL,203,0.99,2024-12-31
39_EASTHALLOW_41711,39,EASTHALLOW,41711,Fish Eye Cab Svgn,750mL,21,5.99,2024-12-31
33_HORNSEY_27159,33,HORNSEY,27159,Ch du Moulin Entre-Deux-Mers,750mL,19,10.99,2024-12-31
35_HALIVAARA_3679,35,HALIVAARA,3679,Chopin Vodka,750mL,5,21.99,2024-12-31
34_PITMERDEN_20793,34,PITMERDEN,20793,Belle Ambiance Cab Svgn,750mL,25,10.99,2024-12-31
35_HALIVAARA_3840,35,HALIVAARA,3840,Smirnoff Raspberry Vodka,1.75L,15,18.99,2024-12-31
31_HORNSEY_44733,31,HORNSEY,44733,Casa Liliana Good Chianti,750mL,12,9.99,2024-12-31
6_GOULCREST_29714,6,GOULCREST,29714,Planeta La Segreta Rosso,750mL,17,8.99,2024-12-31
34_PITMERDEN_17142,34,PITMERDEN,17142,Caposaldo Sweet Moscato,750mL,14,14.99,2024-12-31
10_HORNSEY_46476,10,HORNSEY,46476,Tilia Malbec Mendoza,750mL,38,9.99,2024-12-31
29_AYLESBURY_309,29,AYLESBURY,309,Woodford Rsv PS The District,Liter,1,45.99,2024-12-31
18_FURNESS_2287,18,FURNESS,2287,Johnnie Walker Double Black,750mL,6,39.99,2024-12-31
39_EASTHALLOW_2435,39,EASTHALLOW,2435,Crown Royal RSV,750mL,6,38.99,2024-12-31
7_STANMORE_9116,7,STANMORE,9116,KAH Tequila 3/50mLs Pak,50mL 3 Pk,9,24.99,2024-12-31
29_AYLESBURY_5251,29,AYLESBURY,5251,DeKuyper Buttershots Schnpps,50mL,111,0.99,2024-12-31
15_WANBORNE_3505,15,WANBORNE,3505,Tito's Handmade Vodka,750mL,87,18.99,2024-12-31
34_PITMERDEN_22448,34,PITMERDEN,22448,Jam Cab Svgn,750mL,19,17.99,2024-12-31
22_SHARNWICK_27461,22,SHARNWICK,27461,Ecco Domani Pnt Grigio Venez,750mL,5,8.99,2024-12-31
23_ARBINGTON_3702,23,ARBINGTON,3702,Kinky Vodka,50mL,0,0.99,2024-12-31
1_HARDERSFIELD_26557,1,HARDERSFIELD,26557,King Est Pnt Gris Ore,750mL,24,18.99,2024-12-31
32_MOUNTMEND_40425,32,MOUNTMEND,40425,Mionetto Prosecco Brut,750mL,33,10.99,2024-12-31
15_WANBORNE_16971,15,WANBORNE,16971,Angeline Rsv Cab Svgn,750mL,5,14.99,2024-12-31
22_SHARNWICK_13081,22,SHARNWICK,13081,Dom Ferret Pouilly Fuisse,750mL,5,30.99,2024-12-31
10_HORNSEY_38406,10,HORNSEY,38406,Simi Landslide Cab Svgn Alex,750mL,10,23.99,2024-12-31
38_GOULCREST_11067,38,GOULCREST,11067,Sterling Chard,750mL,34,15.99,2024-12-31
26_KNIFE'S EDGE_32648,26,KNIFE'S EDGE,32648,Beringer Classic Wh Znfdl,1.5L,13,7.99,2024-12-31
38_GOULCREST_39256,38,GOULCREST,39256,Schmitt Sohne Relax Mosel,750mL,36,10.99,2024-12-31
35_HALIVAARA_43918,35,HALIVAARA,43918,Farnum Hill X-Dry Cider,750mL,13,11.99,2024-12-31
7_STANMORE_6692,7,STANMORE,6692,Jaboulet Cotes du Rhone Par,750mL,42,12.99,2024-12-31
19_WINTERVALE_26891,19,WINTERVALE,26891,Predator Cab Svgn,750mL,12,14.99,2024-12-31
15_WANBORNE_4574,15,WANBORNE,4574,Remy Martin VS Cognac,750mL,0,31.99,2024-12-31
4_EANVERNESS_3041,4,EANVERNESS,3041,Zhenka Pink Lemonade Vodka,1.75L,22,8.99,2024-12-31
25_CAERSHIRE_35048,25,CAERSHIRE,35048,Castell Del Remei Gotim Bru,750mL,8,13.99,2024-12-31
12_LEESIDE_41157,12,LEESIDE,41157,Phillips Sixth Sense Syrah,750mL,13,15.99,2024-12-31
30_CULCHETH_11441,30,CULCHETH,11441,Frei Bros Rsv Znfdl,750mL,6,16.99,2024-12-31
21_BALERNO_39412,21,BALERNO,39412,Mirassou Merlot Cal,750mL,15,9.99,2024-12-31
15_WANBORNE_25732,15,WANBORNE,25732,Sonoma Loeb Pnt Nr Dutton Ra,750mL,7,33.99,2024-12-31
5_SUTTON_3050,5,SUTTON,3050,Bowman Vodka,1.75L,13,8.99,2024-12-31
36_LEWES_8448,36,LEWES,8448,Cruzan Aged Dark Rum,750mL,13,9.99,2024-12-31
20_BREDWARDINE_28070,20,BREDWARDINE,28070,Sutter Home Moscato Cal,1.5L,10,9.99,2024-12-31
19_WINTERVALE_21576,19,WINTERVALE,21576,Chalk Hill Chard,750mL,5,19.99,2024-12-31
35_HALIVAARA_11703,35,HALIVAARA,11703,Macchia Mischievous Znfdl Lo,750mL,6,20.99,2024-12-31
34_PITMERDEN_20772,34,PITMERDEN,20772,Dutton Goldfield Chard Dutto,750mL,5,38.99,2024-12-31
10_HORNSEY_38180,10,HORNSEY,38180,Rex Goliath Merlot,750mL,1,5.99,2024-12-31
15_WANBORNE_41251,15,WANBORNE,41251,Beringer Classic Pnt Grigio,750mL,35,6.99,2024-12-31
19_WINTERVALE_2049,19,WINTERVALE,2049,Loch Lomond Single Grain Sco,750mL,6,27.99,2024-12-31
25_CAERSHIRE_8118,25,CAERSHIRE,8118,Mr Boston Blackberry Brandy,750mL,9,5.99,2024-12-31
35_HALIVAARA_5525,35,HALIVAARA,5525,Fernet-Branca Italian Liquer,750mL,7,24.99,2024-12-31
11_CARDEND_6983,11,CARDEND,6983,J Lohr Seven Oaks Cab Svgn,750mL,26,14.99,2024-12-31
32_MOUNTMEND_3579,32,MOUNTMEND,3579,Ciroc Pineapple Vodka,375mL,13,15.49,2024-12-31
8_ALNERWICK_2105,8,ALNERWICK,2105,Black Velvet Toasted Caramel,750mL,6,9.99,2024-12-31
1_HARDERSFIELD_34393,1,HARDERSFIELD,34393,Valckenberg Gewurz Pfalz,750mL,26,11.99,2024-12-31
7_STANMORE_21055,7,STANMORE,21055,Sandeman Imperial 20-Yr Taw,750mL,6,39.99,2024-12-31
21_BALERNO_8359,21,BALERNO,8359,R M Woodbridge Svgn Bl Cal,750mL,16,7.99,2024-12-31
26_KNIFE'S EDGE_2902,26,KNIFE'S EDGE,2902,Stranahan's Colorado Whiskey,750mL,3,46.99,2024-12-31
1_HARDERSFIELD_21861,1,HARDERSFIELD,21861,Diseno Red Blend Mendoza,750mL,12,11.99,2024-12-31
9_BLACKPOOL_37121,9,BLACKPOOL,37121,Flag Hill Apple Cran NH,750mL,0,12.99,2024-12-31
30_CULCHETH_16968,30,CULCHETH,16968,Trentadue Znfdl Alex Vly,750mL,2,16.99,2024-12-31
25_CAERSHIRE_2517,25,CAERSHIRE,2517,Balvenie 14 Yr Caribean Cask,750mL,3,67.99,2024-12-31
24_PALPERROTH_3389,24,PALPERROTH,3389,Seagrams Extra Dry Gin,1.75L,12,16.99,2024-12-31
23_ARBINGTON_19356,23,ARBINGTON,19356,C Y Toro Marques Cs Cab Svgn,750mL,3,17.99,2024-12-31
8_ALNERWICK_4343,8,ALNERWICK,4343,Cruzan Blueberry Lemonade,750mL,8,9.99,2024-12-31
34_PITMERDEN_43131,34,PITMERDEN,43131,Carpano Antica Formula,375mL,11,14.99,2024-12-31
24_PALPERROTH_6420,24,PALPERROTH,6420,R M Woodbridge Chard Cal,750mL,31,7.99,2024-12-31
32_MOUNTMEND_2863,32,MOUNTMEND,2863,The Deveron 12 Yr Scotch,750mL,6,44.99,2024-12-31
25_CAERSHIRE_44719,25,CAERSHIRE,44719,Cavit Prosecco Lunetta,750mL,9,9.99,2024-12-31
14_BROMWICH_3847,14,BROMWICH,3847,Grey Goose Vodka,50mL,127,3.99,2024-12-31
19_WINTERVALE_27233,19,WINTERVALE,27233,Turning Leaf RSV Merlot Cal,750mL,13,5.99,2024-12-31
7_STANMORE_19224,7,STANMORE,19224,Miraval Cotes de Prvnce Rose,750mL,24,19.99,2024-12-31
4_EANVERNESS_25725,4,EANVERNESS,25725,Prophecy Svgn Bl,750mL,27,9.99,2024-12-31
2_ASHBORNE_4804,2,ASHBORNE,4804,Rhum Barbancourt RSV Special,750mL,8,17.99,2024-12-31
38_GOULCREST_4234,38,GOULCREST,4234,Bacardi Pineapple Fusion,750mL,19,9.99,2024-12-31
21_BALERNO_35103,21,BALERNO,35103,Ruffino Chianti Superiore,750mL,17,9.99,2024-12-31
19_WINTERVALE_38348,19,WINTERVALE,38348,Nobilo Icon Svgn Bl Marlboro,750mL,5,13.99,2024-12-31
28_LARNWICK_5353,28,LARNWICK,5353,Grand Marnier,375mL,12,18.99,2024-12-31
12_LEESIDE_36648,12,LEESIDE,36648,Groth Cab Svgn Napa,750mL,18,57.99,2024-12-31
10_HORNSEY_5285,10,HORNSEY,5285,Jacquin Triple Sec,750mL,3,7.99,2024-12-31
21_BALERNO_45605,21,BALERNO,45605,Bex Rsl Mosel,750mL,7,8.99,2024-12-31
23_ARBINGTON_21769,23,ARBINGTON,21769,Eden Sparkling Cider,375mL,23,9.79,2024-12-31
23_ARBINGTON_25046,23,ARBINGTON,25046,Bully Hill Love My Goat Rd,750mL,7,8.99,2024-12-31
4_EANVERNESS_4241,4,EANVERNESS,4241,Capt Morgan Spiced Rum,50mL,58,1.99,2024-12-31
9_BLACKPOOL_2164,9,BLACKPOOL,2164,New Amsterdam Gin,1.75L,43,16.99,2024-12-31
21_BALERNO_38772,21,BALERNO,38772,Rob Stuart Big Fire Pnt Nr,750mL,111,16.99,2024-12-31
39_EASTHALLOW_1278,39,EASTHALLOW,1278,Jim Beam Black,1.75L,23,35.99,2024-12-31
24_PALPERROTH_8214,24,PALPERROTH,8214,E & J Brandy VS,750mL,14,9.99,2024-12-31
22_SHARNWICK_1148,22,SHARNWICK,1148,Old New England Egg Nog,750mL,0,6.99,2024-12-31
36_LEWES_4945,36,LEWES,4945,Jacquin Ginger Brandy,750mL,14,9.49,2024-12-31
34_PITMERDEN_373,34,PITMERDEN,373,Fernet Branca Borgetti Cafe,750mL,8,19.99,2024-12-31
29_AYLESBURY_2672,29,AYLESBURY,2672,Dewars White Label,50mL,98,2.29,2024-12-31
22_SHARNWICK_4722,22,SHARNWICK,4722,Remy Martin VSOP Cognac,750mL,18,34.99,2024-12-31
11_CARDEND_1366,11,CARDEND,1366,Red Stag by Jim Beam,50mL,45,1.29,2024-12-31
32_MOUNTMEND_2889,32,MOUNTMEND,2889,Buchanans Deluxe 12Yr Scotch,750mL,9,29.99,2024-12-31
35_HALIVAARA_1637,35,HALIVAARA,1637,Fleischmanns Preferred,1.75L,15,10.99,2024-12-31
34_PITMERDEN_16400,34,PITMERDEN,16400,Zum Rsl,750mL,12,10.99,2024-12-31
34_PITMERDEN_2870,34,PITMERDEN,2870,Ardbeg Dark Cove Giftbox,750mL,6,109.99,2024-12-31
13_TARMSWORTH_3462,13,TARMSWORTH,3462,Absolut Ruby Red,750mL,10,17.99,2024-12-31
40_BULLMAR_1545,40,BULLMAR,1545,Gentleman Jack,750mL,4,28.99,2024-12-31
39_EASTHALLOW_39593,39,EASTHALLOW,39593,Redwood Creek Pnt Nr Cal,1.5L,10,9.99,2024-12-31
25_CAERSHIRE_2658,25,CAERSHIRE,2658,Cutty Sark,750mL,2,15.99,2024-12-31
23_ARBINGTON_10357,23,ARBINGTON,10357,Gnarly Head Chard Cal,750mL,10,7.99,2024-12-31
38_GOULCREST_21060,38,GOULCREST,21060,Ayala Rose Majeur,750mL,2,59.99,2024-12-31
31_HORNSEY_4798,31,HORNSEY,4798,Sambuca Romana Liqueur,50mL,111,1.99,2024-12-31
25_CAERSHIRE_4254,25,CAERSHIRE,4254,Remy Martin 1738 Accord Royl,375mL,4,24.99,2024-12-31
6_GOULCREST_10874,6,GOULCREST,10874,Cantine Maschio Prosecco Brt,750mL,40,10.99,2024-12-31
36_LEWES_7990,36,LEWES,7990,Noilly Prat Sweet Vermouth,Liter,10,9.99,2024-12-31
14_BROMWICH_2783,14,BROMWICH,2783,Lauders Scotch,1.75L,8,13.99,2024-12-31
1_HARDERSFIELD_25875,1,HARDERSFIELD,25875,Ruffino Rose Sparkling,750mL,6,12.99,2024-12-31
22_SHARNWICK_46298,22,SHARNWICK,46298,Intorcia Marsala Sweet,Liter,4,11.99,2024-12-31
34_PITMERDEN_23801,34,PITMERDEN,23801,Boya Pnt Nr,750mL,64,15.99,2024-12-31
31_HORNSEY_7994,31,HORNSEY,7994,Stock Italian Sweet Vermouth,1.5L,10,9.99,2024-12-31
6_GOULCREST_6226,6,GOULCREST,6226,Marcus James Chard,1.5L,8,7.99,2024-12-31
31_HORNSEY_3549,31,HORNSEY,3549,Ketel One Vodka,750mL,19,22.99,2024-12-31
31_HORNSEY_8978,31,HORNSEY,8978,Riunite Lambrusco,3L,3,16.99,2024-12-31
3_HORNSEY_3627,3,HORNSEY,3627,Absolut 80 Proof,375mL,27,11.99,2024-12-31
9_BLACKPOOL_7198,9,BLACKPOOL,7198,New Amsterdam Pineapple Vdka,750mL,9,10.99,2024-12-31
39_EASTHALLOW_18152,39,EASTHALLOW,18152,Banfi Centine Mntcln Tscna,750mL,28,9.99,2024-12-31
1_HARDERSFIELD_31489,1,HARDERSFIELD,31489,Barefoot Chard Cal,1.5L,89,10.99,2024-12-31
26_KNIFE'S EDGE_8441,26,KNIFE'S EDGE,8441,Baileys Irish Cream,375mL,9,12.99,2024-12-31
15_WANBORNE_19646,15,WANBORNE,19646,JP Chenet Pnt Noir,750mL,10,9.99,2024-12-31
2_ASHBORNE_22899,2,ASHBORNE,22899,Simi Svgn Bl,750mL,11,9.79,2024-12-31
10_HORNSEY_13956,10,HORNSEY,13956,Gouleyant Malbec Cahors,750mL,8,12.99,2024-12-31
6_GOULCREST_2212,6,GOULCREST,2212,Canadian Rich & Rare,1.75L,3,10.99,2024-12-31
9_BLACKPOOL_1868,9,BLACKPOOL,1868,Lagavulin Single Malt 16-Yr,750mL,9,69.99,2024-12-31
2_ASHBORNE_1992,2,ASHBORNE,1992,Maison Rouge VSOP Cognac,750mL,7,20.99,2024-12-31
4_EANVERNESS_27801,4,EANVERNESS,27801,Moet & Chandon Nectar Imper,750mL,5,45.99,2024-12-31
2_ASHBORNE_34870,2,ASHBORNE,34870,Arca Nova Vinho Verde,750mL,21,10.99,2024-12-31
14_BROMWICH_24455,14,BROMWICH,24455,Franciscan Cab Svgn Napa,750mL,10,16.98,2024-12-31
27_MOUNTMEND_2692,27,MOUNTMEND,2692,Glenmorangie 10 Yr Scotch,750mL,13,34.99,2024-12-31
40_BULLMAR_1663,40,BULLMAR,1663,Jim Beam Maple,50mL,0,0.99,2024-12-31
9_BLACKPOOL_2991,9,BLACKPOOL,2991,Tullibardine Single Malt,750mL,7,49.99,2024-12-31
6_GOULCREST_1835,6,GOULCREST,1835,Knappogue Castle Irish Whsky,750mL,8,31.99,2024-12-31
25_CAERSHIRE_7221,25,CAERSHIRE,7221,M & R Sweet Vermouth,1.5L,8,10.49,2024-12-31
23_ARBINGTON_870,23,ARBINGTON,870,Carpano Antica Formula,Liter,2,29.99,2024-12-31
23_ARBINGTON_27515,23,ARBINGTON,27515,Clos du Bois RSV Chard RRV,750mL,3,13.99,2024-12-31
20_BREDWARDINE_17814,20,BREDWARDINE,17814,Ruffino Chianti Clsc Rsv Gld,750mL,17,34.99,2024-12-31
23_ARBINGTON_3278,23,ARBINGTON,3278,Gordons London Dry,750mL,23,7.99,2024-12-31
21_BALERNO_13397,21,BALERNO,13397,Dom Seguinot-Bordet Chablis,750mL,9,21.99,2024-12-31
24_PALPERROTH_6590,24,PALPERROTH,6590,Almaden B/B Wh Znfdl Cal,5L,4,14.99,2024-12-31
15_WANBORNE_27514,15,WANBORNE,27514,Clos du Bois RSV Cab Svgn,750mL,6,17.99,2024-12-31
6_GOULCREST_3243,6,GOULCREST,3243,Burnetts Vodka,1.75L,14,10.99,2024-12-31
38_GOULCREST_38369,38,GOULCREST,38369,Oyster Bay Pnt Nr Marlboro,750mL,44,14.99,2024-12-31
13_TARMSWORTH_3970,13,TARMSWORTH,3970,El Toro Gold,750mL,4,9.29,2024-12-31
4_EANVERNESS_14805,4,EANVERNESS,14805,Ninety+Cellars Lot 23 Malbec,750mL,14,8.99,2024-12-31
34_PITMERDEN_27169,34,PITMERDEN,27169,Mas Doix 12 Salanques Priora,750mL,1,34.99,2024-12-31
23_ARBINGTON_4040,23,ARBINGTON,4040,Clement Select Barrel Rhum,750mL,8,24.99,2024-12-31
36_LEWES_3709,36,LEWES,3709,Aslanoff Vodka,1.75L,11,13.99,2024-12-31
3_HORNSEY_31542,3,HORNSEY,31542,Morgan Winery Twelve Clones,750mL,12,24.99,2024-12-31
21_BALERNO_1897,21,BALERNO,1897,Old Ezra 7Yr Bourbon,750mL,8,24.99,2024-12-31
1_HARDERSFIELD_3564,1,HARDERSFIELD,3564,Ciroc Amaretto Vodka,1.75L,5,48.99,2024-12-31
33_HORNSEY_27093,33,HORNSEY,27093,Feast Moschofilero,750mL,11,11.99,2024-12-31
40_BULLMAR_26755,40,BULLMAR,26755,Franzia Chianti Tap,5L,4,17.99,2024-12-31
15_WANBORNE_22007,15,WANBORNE,22007,Schmitt Sohne Auslese Michls,750mL,9,15.99,2024-12-31
23_ARBINGTON_8965,23,ARBINGTON,8965,St George Absinthe Verte,750mL,3,54.99,2024-12-31
33_HORNSEY_5346,33,HORNSEY,5346,Green Chartreuse Liqueur,750mL,4,49.99,2024-12-31
38_GOULCREST_115,38,GOULCREST,115,Belvedere Vodka,Liter,50,27.99,2024-12-31
18_FURNESS_6692,18,FURNESS,6692,Jaboulet Cotes du Rhone Par,750mL,13,12.99,2024-12-31
16_LUNDY_4345,16,LUNDY,4345,Capt Morgan Tattoo Rum,750mL,14,19.99,2024-12-31
15_WANBORNE_20700,15,WANBORNE,20700,J Lohr Flume Crossing Svgn B,750mL,11,15.99,2024-12-31
13_TARMSWORTH_2476,13,TARMSWORTH,2476,Crown Royal Maple Whisky,750mL,0,22.99,2024-12-31
11_CARDEND_3243,11,CARDEND,3243,Burnetts Vodka,1.75L,12,10.99,2024-12-31
24_PALPERROTH_8620,24,PALPERROTH,8620,Sambuca Romana,375mL,12,11.99,2024-12-31
26_KNIFE'S EDGE_41254,26,KNIFE'S EDGE,41254,Ch St Jean Merlot Cal,750mL,13,11.99,2024-12-31
11_CARDEND_28658,11,CARDEND,28658,R Mondavi Pnt Nr Pvt Sel,750mL,65,8.99,2024-12-31
4_EANVERNESS_32368,4,EANVERNESS,32368,Cavit Pinot Noir Delle Vene,1.5L,24,9.99,2024-12-31
2_ASHBORNE_4772,2,ASHBORNE,4772,Blue Chair Bay Banana Cream,750mL,24,16.99,2024-12-31
38_GOULCREST_25386,38,GOULCREST,25386,Champagne Pommerey 04 Gr Cru,750mL,24,49.99,2024-12-31
1_HARDERSFIELD_39717,1,HARDERSFIELD,39717,Estancia Pnt Grigio Cal,750mL,35,9.99,2024-12-31
40_BULLMAR_3123,40,BULLMAR,3123,Booths London Dry Gin,1.75L,6,14.99,2024-12-31
35_HALIVAARA_7715,35,HALIVAARA,7715,Andre Extra Dry,750mL,43,5.49,2024-12-31
21_BALERNO_3679,21,BALERNO,3679,Chopin Vodka,750mL,8,21.99,2024-12-31
14_BROMWICH_8144,14,BROMWICH,8144,Corralejo Reposado Tequila,750mL,6,29.99,2024-12-31
23_ARBINGTON_2696,23,ARBINGTON,2696,McClelland Highland Sgl Malt,1.75L,7,35.99,2024-12-31
31_HORNSEY_3836,31,HORNSEY,3836,Smirnoff Citrus Vodka,750mL,13,12.99,2024-12-31
38_GOULCREST_33075,38,GOULCREST,33075,Forest Glen Chard,1.5L,14,16.99,2024-12-31
35_HALIVAARA_3614,35,HALIVAARA,3614,Finlandia Vodka,1.75L,16,19.99,2024-12-31
16_LUNDY_8236,16,LUNDY,8236,Jim Beam,50mL,120,1.49,2024-12-31
39_EASTHALLOW_3694,39,EASTHALLOW,3694,Stolichnaya Razberi,750mL,21,16.99,2024-12-31
25_CAERSHIRE_3226,25,CAERSHIRE,3226,Ciroc Mango Vodka,375mL,0,11.99,2024-12-31
23_ARBINGTON_4662,23,ARBINGTON,4662,Capt Morgan White Traveler,1.75L,57,19.99,2024-12-31
27_MOUNTMEND_10603,27,MOUNTMEND,10603,Parducci Petite Sirah,750mL,14,10.99,2024-12-31
31_HORNSEY_1956,31,HORNSEY,1956,Balvenie 12 Yr Doublewood S,750mL,2,54.99,2024-12-31
30_CULCHETH_7992,30,CULCHETH,7992,Patron Anejo Tequila,50mL,68,6.99,2024-12-31
6_GOULCREST_5741,6,GOULCREST,5741,Merry Wh Chocolate Liqueur,750mL,4,14.99,2024-12-31
4_EANVERNESS_8136,4,EANVERNESS,8136,Lazzaroni Amaretto,750mL,5,19.99,2024-12-31
32_MOUNTMEND_3458,32,MOUNTMEND,3458,Ciroc Amaretto Vodka,750mL,40,19.99,2024-12-31
2_ASHBORNE_5661,2,ASHBORNE,5661,Dr McGillicuddy's Root Beer,750mL,38,13.99,2024-12-31
29_AYLESBURY_21004,29,AYLESBURY,21004,Castle Rock Pnt Nr Carneros,750mL,7,7.99,2024-12-31
38_GOULCREST_90609,38,GOULCREST,90609,Flavor Essence Variety 5 Pak,5/2 oz,24,24.99,2024-12-31
36_LEWES_36558,36,LEWES,36558,Cruz Garcia Real Sangria Re,1.5L,8,9.99,2024-12-31
33_HORNSEY_2711,33,HORNSEY,2711,Grant's Ale Cask Finish,750mL,16,19.99,2024-12-31
15_WANBORNE_21100,15,WANBORNE,21100,Robert Hall 13 Syrah,750mL,2,13.99,2024-12-31
21_BALERNO_46297,21,BALERNO,46297,Intorcia Marsala Dry,Liter,14,11.99,2024-12-31
25_CAERSHIRE_19645,25,CAERSHIRE,19645,Line 39 Pnt Nr,750mL,13,9.99,2024-12-31
40_BULLMAR_11826,40,BULLMAR,11826,Cupcake Chard,750mL,64,7.49,2024-12-31
15_WANBORNE_37910,15,WANBORNE,37910,Krupps Brothers Veraison,750mL,2,79.99,2024-12-31
8_ALNERWICK_23143,8,ALNERWICK,23143,Bogle Chard,750mL,64,8.99,2024-12-31
4_EANVERNESS_2675,4,EANVERNESS,2675,Crown Royal XO,750mL,11,44.99,2024-12-31
26_KNIFE'S EDGE_2834,26,KNIFE'S EDGE,2834,Old Smuggler P E T,1.75L,10,16.99,2024-12-31
33_HORNSEY_4687,33,HORNSEY,4687,DeLuze VS Cognac,750mL,12,22.99,2024-12-31
31_HORNSEY_7130,31,HORNSEY,7130,Smirnoff Green Apple Vodka,1.75L,4,15.99,2024-12-31
13_TARMSWORTH_5505,13,TARMSWORTH,5505,Pallini Limoncello Liqueur,750mL,5,18.99,2024-12-31
15_WANBORNE_2333,15,WANBORNE,2333,Bruichladdich Scotish Barley,750mL,2,49.99,2024-12-31
25_CAERSHIRE_5539,25,CAERSHIRE,5539,DeKuyper Hot Damn 100*,750mL,9,10.99,2024-12-31
22_SHARNWICK_482,22,SHARNWICK,482,Absolut 80 Proof,Liter,16,21.99,2024-12-31
25_CAERSHIRE_42948,25,CAERSHIRE,42948,Root 1 Cab Svgn,750mL,10,9.99,2024-12-31
6_GOULCREST_6267,6,GOULCREST,6267,Kinky Gold Liqueur,750mL,9,16.99,2024-12-31
28_LARNWICK_8778,28,LARNWICK,8778,Bulleit Bourbon,1.75L,10,47.99,2024-12-31
32_MOUNTMEND_3372,32,MOUNTMEND,3372,Smirnoff Sourced Pineapple,750mL,26,9.49,2024-12-31
14_BROMWICH_4034,14,BROMWICH,4034,Pura Vida Silver Tequila,750mL,1,39.99,2024-12-31
27_MOUNTMEND_2105,27,MOUNTMEND,2105,Black Velvet Toasted Caramel,750mL,5,9.99,2024-12-31
2_ASHBORNE_8694,2,ASHBORNE,8694,Skinnygirl Cosmopolitan,750mL,16,10.99,2024-12-31
30_CULCHETH_3488,30,CULCHETH,3488,Tanqueray,750mL,25,19.99,2024-12-31
13_TARMSWORTH_8761,13,TARMSWORTH,8761,Jose Cuervo Especial,375mL,15,10.99,2024-12-31
35_HALIVAARA_8910,35,HALIVAARA,8910,Finlandia Vodka,50mL,77,0.99,2024-12-31
34_PITMERDEN_7974,34,PITMERDEN,7974,Luxardo Sambuca Dei Cesari,750mL,4,24.99,2024-12-31
26_KNIFE'S EDGE_8264,26,KNIFE'S EDGE,8264,Ch Ste Michelle Rsl,750mL,33,8.99,2024-12-31
34_PITMERDEN_12306,34,PITMERDEN,12306,Jelu Malbec Rose San Juan,750mL,20,13.99,2024-12-31
12_LEESIDE_17176,12,LEESIDE,17176,Beringer Classic Chard,1.5L,23,7.99,2024-12-31
34_PITMERDEN_3765,34,PITMERDEN,3765,Three Olives Citrus Vodka,750mL,38,11.99,2024-12-31
37_PAETHSMOUTH_5015,37,PAETHSMOUTH,5015,Arrow Creme de Banana,750mL,8,7.99,2024-12-31
15_WANBORNE_680,15,WANBORNE,680,Midnight Moon Strawberry,750mL,1,19.99,2024-12-31
28_LARNWICK_5810,28,LARNWICK,5810,Cuervo Watermelon Margaritas,1.75L,12,16.99,2024-12-31
30_CULCHETH_29169,30,CULCHETH,29169,Franzia Tap Merlot,5L,5,17.99,2024-12-31
37_PAETHSMOUTH_6096,37,PAETHSMOUTH,6096,Kinky Blue Liqueur,750mL,12,16.99,2024-12-31
31_HORNSEY_27567,31,HORNSEY,27567,Zenato Pinot Grigio Veneto,750mL,7,10.99,2024-12-31
28_LARNWICK_2499,28,LARNWICK,2499,Crown Royal Black,750mL,8,27.99,2024-12-31
15_WANBORNE_42765,15,WANBORNE,42765,14 Hands Chard Wash,750mL,63,8.99,2024-12-31
18_FURNESS_2606,18,FURNESS,2606,Glenmorangie Original 18Yr,750mL,8,99.99,2024-12-31
9_BLACKPOOL_8898,9,BLACKPOOL,8898,Yukon Jack,1.75L,4,25.99,2024-12-31
15_WANBORNE_12901,15,WANBORNE,12901,Madria Sangria,1.5L,5,8.99,2024-12-31
39_EASTHALLOW_3726,39,EASTHALLOW,3726,Gilbeys Vodka Traveler,750mL,37,4.99,2024-12-31
8_ALNERWICK_18571,8,ALNERWICK,18571,Sterling Vyd Aromatic White,750mL,6,12.99,2024-12-31
33_HORNSEY_1339,33,HORNSEY,1339,The Glenlivet 12 Yr Single,Liter,15,47.99,2024-12-31
2_ASHBORNE_20483,2,ASHBORNE,20483,Joel Gott Pnt Nr,750mL,14,17.99,2024-12-31
28_LARNWICK_46447,28,LARNWICK,46447,Gascon Malbec Mendoza,750mL,9,10.99,2024-12-31
13_TARMSWORTH_7279,13,TARMSWORTH,7279,Yago Sant'Gria Red,1.5L,7,7.99,2024-12-31
6_GOULCREST_32908,6,GOULCREST,32908,Sterling Vintners Cltn Merlo,750mL,55,9.99,2024-12-31
34_PITMERDEN_28983,34,PITMERDEN,28983,Edmeades Mendocino Znfdl,750mL,13,14.99,2024-12-31
37_PAETHSMOUTH_21004,37,PAETHSMOUTH,21004,Castle Rock Pnt Nr Carneros,750mL,5,7.99,2024-12-31
15_WANBORNE_27202,15,WANBORNE,27202,DeLoach Sonoma Cnty Chard,750mL,53,9.99,2024-12-31
21_BALERNO_6116,21,BALERNO,6116,Sogno di Sorrento Lemoncell,750mL,4,25.99,2024-12-31
4_EANVERNESS_8032,4,EANVERNESS,8032,Ballatore Gran Spumante,750mL,31,8.49,2024-12-31
11_CARDEND_31349,11,CARDEND,31349,Big House Red Cal,750mL,7,7.99,2024-12-31
20_BREDWARDINE_35412,20,BREDWARDINE,35412,Yellow Tail Chard Ausl,1.5L,63,8.95,2024-12-31
15_WANBORNE_8273,15,WANBORNE,8273,El Mayor Reposado Tequila,750mL,6,21.99,2024-12-31
14_BROMWICH_3139,14,BROMWICH,3139,Grey Goose Le Melon,750mL,5,23.99,2024-12-31
15_WANBORNE_27801,15,WANBORNE,27801,Moet & Chandon Nectar Imper,750mL,8,45.99,2024-12-31
1_HARDERSFIELD_4245,1,HARDERSFIELD,4245,Bacardi Superior Rum,750mL,29,9.99,2024-12-31
38_GOULCREST_3368,38,GOULCREST,3368,Pinnacle Grape Vodka,1.75L,7,15.99,2024-12-31
33_HORNSEY_3684,33,HORNSEY,3684,Fleischmanns Royal Vodka,1.75L,27,9.99,2024-12-31
33_HORNSEY_19218,33,HORNSEY,19218,Veuve Clicquot Brut Grande,750mL,5,119.99,2024-12-31
31_HORNSEY_5399,31,HORNSEY,5399,Goldschlager Cinnamon Schna,50mL,99,1.99,2024-12-31
34_PITMERDEN_1330,34,PITMERDEN,1330,Grey Goose Glass Pack,1.75L,2,49.99,2024-12-31
34_PITMERDEN_23647,34,PITMERDEN,23647,Ponzi Pinot Noir Rose,750mL,2,19.99,2024-12-31
40_BULLMAR_2468,40,BULLMAR,2468,Crown Royal Nrth Harvest Rye,750mL,4,27.99,2024-12-31
22_SHARNWICK_46065,22,SHARNWICK,46065,Corbett Canyon Pnt Nr,3L,0,12.99,2024-12-31
25_CAERSHIRE_37828,25,CAERSHIRE,37828,Yellow Tail Shiraz/Cab Ausl,1.5L,11,9.99,2024-12-31
18_FURNESS_8744,18,FURNESS,8744,Jadot Bourgogne Pinot Noir,750mL,13,17.99,2024-12-31
6_GOULCREST_46190,6,GOULCREST,46190,Napa Cellars Merlot,750mL,11,20.99,2024-12-31
31_HORNSEY_2767,31,HORNSEY,2767,Johnnie Walker Blue Label,750mL,7,191.99,2024-12-31
39_EASTHALLOW_27145,39,EASTHALLOW,27145,Schmitt Sohne QbA,750mL,28,9.99,2024-12-31
20_BREDWARDINE_9109,20,BREDWARDINE,9109,Deep Eddy Ruby Red Vodka,50mL,10,0.99,2024-12-31
14_BROMWICH_15620,14,BROMWICH,15620,C Y Toro Casillero Diab Malb,750mL,12,11.99,2024-12-31
34_PITMERDEN_90080,34,PITMERDEN,90080,Ch Cantenac Brown Margaux 11,750mL,0,59.99,2024-12-31
28_LARNWICK_14342,28,LARNWICK,14342,Cupcake Pnt Nr,750mL,22,7.49,2024-12-31
30_CULCHETH_33055,30,CULCHETH,33055,Cape Indaba Svgn Bl S Africa,750mL,4,8.99,2024-12-31
26_KNIFE'S EDGE_46202,26,KNIFE'S EDGE,46202,Yellow Tail Pnt Grigio Ausl,1.5L,34,8.95,2024-12-31
38_GOULCREST_2924,38,GOULCREST,2924,Speyburn 10-Yr Single Malt,750mL,16,23.99,2024-12-31
9_BLACKPOOL_7969,9,BLACKPOOL,7969,Sandeman Founders RSV Port,750mL,5,13.99,2024-12-31
20_BREDWARDINE_4218,20,BREDWARDINE,4218,Sailor Jerry Spiced Navy Rum,750mL,19,16.99,2024-12-31
34_PITMERDEN_23810,34,PITMERDEN,23810,Angels Landing Rsv Cab Svgn,750mL,1,29.99,2024-12-31
12_LEESIDE_3072,12,LEESIDE,3072,Ciroc Peach Vodka,750mL,11,24.99,2024-12-31
11_CARDEND_8726,11,CARDEND,8726,Baileys Irish Cream,50mL,66,1.99,2024-12-31
2_ASHBORNE_1758,2,ASHBORNE,1758,Aberlour Glenlivet 12 Yr,750mL,6,41.99,2024-12-31
6_GOULCREST_3746,6,GOULCREST,3746,Gordons Vodka 80 Proof,1.75L,32,12.99,2024-12-31
9_BLACKPOOL_3168,9,BLACKPOOL,3168,Belvedere UF Intense Vodka,750mL,5,23.99,2024-12-31
5_SUTTON_4194,5,SUTTON,4194,Calico Jack Coconut Rum,1.75L,24,12.99,2024-12-31
16_LUNDY_38502,16,LUNDY,38502,Ruffino Lumina Pnt Grigio,750mL,20,6.99,2024-12-31
10_HORNSEY_14666,10,HORNSEY,14666,Raymond Family Clsc Cab Svgn,750mL,15,17.99,2024-12-31
7_STANMORE_892,7,STANMORE,892,Uncle Val's Botanical Gin,750mL,20,34.99,2024-12-31
34_PITMERDEN_5403,34,PITMERDEN,5403,Amaretto di Amore,750mL,59,9.99,2024-12-31
10_HORNSEY_5318,10,HORNSEY,5318,Benedictine Liqueur Dom,750mL,9,28.99,2024-12-31
8_ALNERWICK_4195,8,ALNERWICK,4195,Calico Jack Spiced Rum No 94,750mL,0,10.99,2024-12-31
14_BROMWICH_6402,14,BROMWICH,6402,Avion Silver Tequila,750mL,8,44.99,2024-12-31
23_ARBINGTON_11957,23,ARBINGTON,11957,Souverain Cab Svgn N Cst,750mL,12,9.99,2024-12-31
7_STANMORE_3458,7,STANMORE,3458,Ciroc Amaretto Vodka,750mL,23,19.99,2024-12-31
11_CARDEND_10727,11,CARDEND,10727,Starborough Svgn Bl Marlboro,750mL,24,9.99,2024-12-31
19_WINTERVALE_8143,19,WINTERVALE,8143,Perrier Jouet Grand Brut,750mL,14,35.99,2024-12-31
19_WINTERVALE_2048,19,WINTERVALE,2048,The London No 1 Gin,750mL,4,29.99,2024-12-31
10_HORNSEY_5780,10,HORNSEY,5780,Malibu Black,750mL,10,13.99,2024-12-31
7_STANMORE_27202,7,STANMORE,27202,DeLoach Sonoma Cnty Chard,750mL,39,9.99,2024-12-31
14_BROMWICH_2132,14,BROMWICH,2132,Lord Calvert Canadian,1.75L,14,12.99,2024-12-31
14_BROMWICH_12450,14,BROMWICH,12450,Cellar No 8 Pnt Nr,750mL,12,8.99,2024-12-31
36_LEWES_26456,36,LEWES,26456,Ravenswood Vntnrs Blnd Chard,750mL,44,7.99,2024-12-31
6_GOULCREST_5316,6,GOULCREST,5316,Amaretto DiSaronno,50mL,21,2.29,2024-12-31
23_ARBINGTON_3982,23,ARBINGTON,3982,Hornitos Reposado Tequila,750mL,96,20.99,2024-12-31
29_AYLESBURY_4380,29,AYLESBURY,4380,Ron Virgin Heavy Bodied Rum,1.75L,19,13.99,2024-12-31
26_KNIFE'S EDGE_4327,26,KNIFE'S EDGE,4327,Capt Morgan Spiced Rum 100,750mL,8,19.99,2024-12-31
34_PITMERDEN_26243,34,PITMERDEN,26243,A Proper Pink,750mL,10,12.99,2024-12-31
38_GOULCREST_24086,38,GOULCREST,24086,Hess Select Chard,750mL,137,12.99,2024-12-31
28_LARNWICK_2531,28,LARNWICK,2531,WhistlePig Straight Rye 10Yr,750mL,4,69.99,2024-12-31
35_HALIVAARA_8847,35,HALIVAARA,8847,J Roget Extra Dry,750mL,11,5.99,2024-12-31
35_HALIVAARA_36992,35,HALIVAARA,36992,Duck Pond Willamette Pnt Nr,750mL,10,17.99,2024-12-31
33_HORNSEY_17134,33,HORNSEY,17134,Ch Ste Michelle Indn Wls Red,750mL,9,14.99,2024-12-31
3_HORNSEY_4722,3,HORNSEY,4722,Remy Martin VSOP Cognac,750mL,17,34.99,2024-12-31
30_CULCHETH_9037,30,CULCHETH,9037,Prairie Organic Cucumber Vod,750mL,4,19.99,2024-12-31
6_GOULCREST_5730,6,GOULCREST,5730,Galliano L'Autentico Liqueur,50mL,128,1.99,2024-12-31
38_GOULCREST_4429,38,GOULCREST,4429,Capt Morgan Silver Spicd Rum,1.75L,34,21.99,2024-12-31
34_PITMERDEN_12593,34,PITMERDEN,12593,Ravenswood Belloni Znfdl,750mL,9,26.99,2024-12-31
27_MOUNTMEND_3746,27,MOUNTMEND,3746,Gordons Vodka 80 Proof,1.75L,58,12.99,2024-12-31
1_HARDERSFIELD_19224,1,HARDERSFIELD,19224,Miraval Cotes de Prvnce Rose,750mL,20,19.99,2024-12-31
26_KNIFE'S EDGE_14078,26,KNIFE'S EDGE,14078,Bota Box Malbec,3L,3,17.99,2024-12-31
23_ARBINGTON_2202,23,ARBINGTON,2202,Karner Blue Gin,750mL,41,29.99,2024-12-31
37_PAETHSMOUTH_5626,37,PAETHSMOUTH,5626,Baja Luna Black Raspberry,750mL,19,9.99,2024-12-31
2_ASHBORNE_21609,2,ASHBORNE,21609,Josh Cellars Legacy Red,750mL,10,13.99,2024-12-31
39_EASTHALLOW_8970,39,EASTHALLOW,8970,Ice Box Manhattan,1.75L,8,9.99,2024-12-31
18_FURNESS_4304,18,FURNESS,4304,Bacardi Mango Fusion,50mL,4,0.99,2024-12-31
31_HORNSEY_29212,31,HORNSEY,29212,R Mondavi Merlot Pvt Sel,750mL,24,8.99,2024-12-31
31_HORNSEY_5138,31,HORNSEY,5138,Fireball Cinnamon Whisky,750mL,59,13.99,2024-12-31
8_ALNERWICK_1379,8,ALNERWICK,1379,Jim Beam Traveler,750mL,22,16.99,2024-12-31
18_FURNESS_35913,18,FURNESS,35913,Stone Cellars Cab Svgn,1.5L,15,8.99,2024-12-31
34_PITMERDEN_29192,34,PITMERDEN,29192,Perrin Chtnf du Pape,750mL,4,27.99,2024-12-31
9_BLACKPOOL_8512,9,BLACKPOOL,8512,Baileys Irish Cream,750mL,95,19.99,2024-12-31
15_WANBORNE_2008,15,WANBORNE,2008,Rebel Yell Small Batch Rye,750mL,8,19.99,2024-12-31
10_HORNSEY_5983,10,HORNSEY,5983,Flag Hill Spiced Rum,750mL,13,29.99,2024-12-31
36_LEWES_3529,36,LEWES,3529,U V Vodka,1.75L,18,13.99,2024-12-31
20_BREDWARDINE_5197,20,BREDWARDINE,5197,Southern Comfort,375mL,21,7.99,2024-12-31
7_STANMORE_3617,7,STANMORE,3617,Olmeca Altos Reposado,750mL,3,21.99,2024-12-31
39_EASTHALLOW_26849,39,EASTHALLOW,26849,Seven Daughters Pnt Nr 4 Pk,250mL 4 Pk,18,14.99,2024-12-31
34_PITMERDEN_13948,34,PITMERDEN,13948,Cade Cab Svgn Howell Mtn,750mL,5,85.99,2024-12-31
15_WANBORNE_6654,15,WANBORNE,6654,Veuve Clicquot Brut Yellow,750mL,51,39.99,2024-12-31
31_HORNSEY_2045,31,HORNSEY,2045,Monkey 47 Dry Gin,375mL,7,37.99,2024-12-31
15_WANBORNE_16555,15,WANBORNE,16555,Murrieta's Well The Whip Wh,750mL,3,16.99,2024-12-31
2_ASHBORNE_1760,2,ASHBORNE,1760,William Grant Scotch,1.75L,12,24.99,2024-12-31
9_BLACKPOOL_28262,9,BLACKPOOL,28262,Nathanson Creek Merlot,1.5L,17,7.99,2024-12-31
35_HALIVAARA_8016,35,HALIVAARA,8016,La Vieille Ferme Wh Rhone,750mL,50,6.99,2024-12-31
33_HORNSEY_28682,33,HORNSEY,28682,F Coppola Rosso Bianco Pnt G,750mL,19,10.99,2024-12-31
33_HORNSEY_5780,33,HORNSEY,5780,Malibu Black,750mL,7,13.99,2024-12-31
14_BROMWICH_3748,14,BROMWICH,3748,Smirnoff Light Peach Sorbet,750mL,4,9.49,2024-12-31
34_PITMERDEN_27867,34,PITMERDEN,27867,Vendange Merlot,1.5L,22,7.99,2024-12-31
38_GOULCREST_5165,38,GOULCREST,5165,Hpnotiq Liqueur,750mL,6,19.99,2024-12-31
3_HORNSEY_5165,3,HORNSEY,5165,Hpnotiq Liqueur,750mL,8,19.99,2024-12-31
30_CULCHETH_1989,30,CULCHETH,1989,Johnnie Walker Black Tin,750mL,3,35.99,2024-12-31
9_BLACKPOOL_3681,9,BLACKPOOL,3681,OuterSpace Vodka,750mL,8,29.99,2024-12-31
19_WINTERVALE_12204,19,WINTERVALE,12204,Dragani Mntplcno d'Abruzzo,750mL,12,5.99,2024-12-31
28_LARNWICK_2432,28,LARNWICK,2432,Crown Royal,750mL,41,22.99,2024-12-31
15_WANBORNE_3967,15,WANBORNE,3967,Deep Eddy Ruby Red,750mL,33,15.99,2024-12-31
17_OLDHAM_5394,17,OLDHAM,5394,Goldschlager Cinnamon Schnap,375mL,10,10.99,2024-12-31
24_PALPERROTH_1228,24,PALPERROTH,1228,Glenfiddich Ancient RSV 18,750mL,10,94.99,2024-12-31
20_BREDWARDINE_10421,20,BREDWARDINE,10421,Barefoot Moscato Cal,1.5L,23,10.99,2024-12-31
4_EANVERNESS_20096,4,EANVERNESS,20096,Milestone Red,750mL,7,8.99,2024-12-31
15_WANBORNE_5126,15,WANBORNE,5126,Marzadro Le Diciotto Lune,750mL,8,54.99,2024-12-31
2_ASHBORNE_5308,2,ASHBORNE,5308,Paul Masson Red Berry Brandy,50mL,47,0.99,2024-12-31
19_WINTERVALE_2196,19,WINTERVALE,2196,Canadian Hunter Whiskey,1.75L,10,11.99,2024-12-31
18_FURNESS_3209,18,FURNESS,3209,Hammer & Sickle Vodka,750mL,3,19.99,2024-12-31
4_EANVERNESS_3224,4,EANVERNESS,3224,New Amsterdam Apple Vodka,50mL,59,0.99,2024-12-31
11_CARDEND_21834,11,CARDEND,21834,Meiomi Chard,750mL,20,14.99,2024-12-31
6_GOULCREST_5725,6,GOULCREST,5725,DeKuyper Sour Apple Pucker,750mL,12,9.99,2024-12-31
19_WINTERVALE_24875,19,WINTERVALE,24875,Glen Ellen Merlot RSV,1.5L,49,6.99,2024-12-31
9_BLACKPOOL_13603,9,BLACKPOOL,13603,Folonari Pnt Nr Venezie,3L,6,17.99,2024-12-31
23_ARBINGTON_39356,23,ARBINGTON,39356,Bota Box Chard Cal,3L,7,17.99,2024-12-31
10_HORNSEY_11414,10,HORNSEY,11414,Beringer Classic Moscato,750mL,27,6.99,2024-12-31
18_FURNESS_5415,18,FURNESS,5415,Amaretto di Amore,1.75L,10,13.99,2024-12-31
67_EANVERNESS_15094,67,EANVERNESS,15094,Butter Chard,750mL,98,14.99,2024-12-31
68_SOLARIS_12111,68,SOLARIS,12111,LaBelle Winery Cranberry,750mL,15,15.99,2024-12-31
49_GARIGILL_1832,49,GARIGILL,1832,Laphroaig Lore,750mL,6,128.99,2024-12-31
67_EANVERNESS_24166,67,EANVERNESS,24166,Enzo Boglietti Barolo Fosati,750mL,1,74.99,2024-12-31
72_HARDERSFIELD_2531,72,HARDERSFIELD,2531,WhistlePig Straight Rye 10Yr,750mL,3,69.99,2024-12-31
67_EANVERNESS_22531,67,EANVERNESS,22531,BV Coastal Estate Chard,750mL,44,7.99,2024-12-31
69_MOUNTMEND_8621,69,MOUNTMEND,8621,Sho Chiku Bai Takara Sake,750mL,1,6.29,2024-12-31
68_SOLARIS_24088,68,SOLARIS,24088,Hess Select Cab Svgn,750mL,8,17.99,2024-12-31
62_KILMARNOCK_7353,62,KILMARNOCK,7353,1800 Ultimate Peach Margrita,1.75L,3,19.99,2024-12-31
58_HARTLEPOOL_33684,58,HARTLEPOOL,33684,R Mondavi Private Slct Merlt,1.5L,7,20.99,2024-12-31
50_MOUNTMEND_21975,50,MOUNTMEND,21975,Trim Cabernet Sauvignon,750mL,4,12.99,2024-12-31
55_DRY GULCH_19507,55,DRY GULCH,19507,Geyser Peak Svgn Bl,750mL,32,8.99,2024-12-31
56_BEGGAR'S HOLE_4670,56,BEGGAR'S HOLE,4670,Bacardi Dragon Berry Rum,375mL,12,3.99,2024-12-31
47_PELLA'S WISH_14363,47,PELLA'S WISH,14363,Educated Guess Cab Svgn Napa,750mL,0,23.99,2024-12-31
49_GARIGILL_3495,49,GARIGILL,3495,Ketel One Citroen Vodka,1.75L,27,38.99,2024-12-31
70_KELD_8063,70,KELD,8063,Absolut Pears,50mL,0,1.99,2024-12-31
41_LARNWICK_192,41,LARNWICK,192,Milagro Anejo Tequila,750mL,8,35.99,2024-12-31
41_LARNWICK_6542,41,LARNWICK,6542,Melini Borghi D'Elsa Chiant,750mL,40,6.99,2024-12-31
63_SWORDBREAK_23889,63,SWORDBREAK,23889,Corbett Canyon Wh Znfdl,1.5L,10,8.99,2024-12-31
66_EANVERNESS_3500,66,EANVERNESS,3500,Tito's Handmade Vodka,50mL,221,1.49,2024-12-31
64_CESTERFIELD_8361,64,CESTERFIELD,8361,Carlo Rossi Chablis Calif,4L,6,14.99,2024-12-31
41_LARNWICK_13932,41,LARNWICK,13932,Canyon Road Pnt Nr,750mL,6,4.79,2024-12-31
68_SOLARIS_13994,68,SOLARIS,13994,Banfi Chianti Superiore,750mL,12,11.99,2024-12-31
48_NORFOLK_36648,48,NORFOLK,36648,Groth Cab Svgn Napa,750mL,12,57.99,2024-12-31
55_DRY GULCH_8725,55,DRY GULCH,8725,Chambord Royale de France,375mL,22,15.99,2024-12-31
46__19848,46,,19848,Carnivor Cab Svgn,750mL,0,9.99,2024-12-31
70_KELD_7070,70,KELD,7070,Skinnygirl Margarita Wtrmn/L,750mL,12,10.99,2024-12-31
73_DONCASTER_821,73,DONCASTER,821,Grand Marnier,Liter,23,38.99,2024-12-31
72_HARDERSFIELD_497,72,HARDERSFIELD,497,Capt Morgan Spiced Rum,Liter,7,19.99,2024-12-31
50_MOUNTMEND_27361,50,MOUNTMEND,27361,Borsao Campo de Borja Red,750mL,37,10.99,2024-12-31
68_SOLARIS_3578,68,SOLARIS,3578,Stolichnaya Elit Vodka,750mL,6,49.99,2024-12-31
69_MOUNTMEND_18642,69,MOUNTMEND,18642,Yellow Tail Pink Moscato,1.5L,26,8.95,2024-12-31
47_PELLA'S WISH_23203,47,PELLA'S WISH,23203,Truvee Red,750mL,4,9.99,2024-12-31
54_GUTHRAM_2810,54,GUTHRAM,2810,Bib & Tucker Bourbon,750mL,3,55.99,2024-12-31
47_PELLA'S WISH_3234,47,PELLA'S WISH,3234,Hendrick's Gin,1.75L,3,59.99,2024-12-31
50_MOUNTMEND_25355,50,MOUNTMEND,25355,Bench Chardonnay,750mL,22,21.99,2024-12-31
66_EANVERNESS_5430,66,EANVERNESS,5430,Grand Marnier Cuvee 1880,750mL,5,349.99,2024-12-31
44_PORTHCRAWL_19549,44,PORTHCRAWL,19549,Opici White Sangria,3L,13,13.99,2024-12-31
73_DONCASTER_8497,73,DONCASTER,8497,Kamora Coffee,750mL,36,9.99,2024-12-31
47_PELLA'S WISH_5805,47,PELLA'S WISH,5805,Jose Cuervo Light Margaritas,1.75L,4,16.99,2024-12-31
49_GARIGILL_1348,49,GARIGILL,1348,Knob Creek Bourbon,375mL,20,16.99,2024-12-31
70_KELD_41254,70,KELD,41254,Ch St Jean Merlot Cal,750mL,15,11.99,2024-12-31
55_DRY GULCH_3525,55,DRY GULCH,3525,Gold Crown Vodka,Liter,21,6.29,2024-12-31
51_ABERDEEN_8424,51,ABERDEEN,8424,1800 Coconut Tequila,750mL,15,22.99,2024-12-31
50_MOUNTMEND_6855,50,MOUNTMEND,6855,Midnight Moon Apple Pie,750mL,9,19.99,2024-12-31
68_SOLARIS_3896,68,SOLARIS,3896,Zhenka Vodka,375mL,33,3.29,2024-12-31
59_CLAETHORPES_8462,59,CLAETHORPES,8462,Frangelico Hazelnut Liqueur,750mL,24,21.99,2024-12-31
67_EANVERNESS_12212,67,EANVERNESS,12212,Black Box Svgn Bl,3L,14,18.99,2024-12-31
41_LARNWICK_45331,41,LARNWICK,45331,Cono Sur Reserva Especial CS,750mL,12,10.99,2024-12-31
69_MOUNTMEND_20402,69,MOUNTMEND,20402,I Lauri Tavo Pnt Grigio,750mL,28,8.99,2024-12-31
53_HILLFAR_16843,53,HILLFAR,16843,Barefoot Cellars Red Moscato,750mL,16,4.99,2024-12-31
44_PORTHCRAWL_38542,44,PORTHCRAWL,38542,Avalon Cab Svgn Cal,750mL,9,11.99,2024-12-31
53_HILLFAR_13052,53,HILLFAR,13052,Ch Ste Michelle Gewurz Colum,750mL,15,8.49,2024-12-31
66_EANVERNESS_12212,66,EANVERNESS,12212,Black Box Svgn Bl,3L,21,18.99,2024-12-31
60_IRRAGIN_6049,60,IRRAGIN,6049,Fabrizia Crema di Limoncello,750mL,7,16.99,2024-12-31
55_DRY GULCH_2214,55,DRY GULCH,2214,James E Pepper Bourbon,750mL,7,33.99,2024-12-31
72_HARDERSFIELD_5734,72,HARDERSFIELD,5734,Malibu Rum,1.75L,0,21.99,2024-12-31
67_EANVERNESS_2589,67,EANVERNESS,2589,Jameson Irish Whiskey,1.75L,182,37.99,2024-12-31
73_DONCASTER_21001,73,DONCASTER,21001,Bonpas Cote du Rhone Rouge R,750mL,12,11.99,2024-12-31
41_LARNWICK_2369,41,LARNWICK,2369,Amrut Fusion Single Malt,750mL,0,64.99,2024-12-31
69_MOUNTMEND_15876,69,MOUNTMEND,15876,3 Brooms Svgn Bl Marlborough,750mL,11,14.99,2024-12-31
63_SWORDBREAK_1330,63,SWORDBREAK,1330,Grey Goose Glass Pack,1.75L,5,49.99,2024-12-31
51_ABERDEEN_31160,51,ABERDEEN,31160,Monsanto Chianti Clsc RSV,750mL,11,21.99,2024-12-31
69_MOUNTMEND_2044,69,MOUNTMEND,2044,Silo Aisling Whiskey,750mL,10,34.99,2024-12-31
54_GUTHRAM_443,54,GUTHRAM,443,St Germain Liqueur,750mL,7,34.99,2024-12-31
68_SOLARIS_1388,68,SOLARIS,1388,Red Stag by Jim Beam,1.75L,6,24.99,2024-12-31
62_KILMARNOCK_3180,62,KILMARNOCK,3180,New Amsterdam Vodka,1.75L,30,16.99,2024-12-31
56_BEGGAR'S HOLE_15043,56,BEGGAR'S HOLE,15043,Cuvee Aurora Rose Sparkling,750mL,3,22.99,2024-12-31
50_MOUNTMEND_24030,50,MOUNTMEND,24030,Hugel Alsace Pnt Gr Classic,750mL,31,16.99,2024-12-31
69_MOUNTMEND_14381,69,MOUNTMEND,14381,LaBelle Winery Riesling,750mL,12,15.99,2024-12-31
41_LARNWICK_2382,41,LARNWICK,2382,Opihr London Dry Gin,750mL,1,16.99,2024-12-31
51_ABERDEEN_3315,51,ABERDEEN,3315,Smirnoff Sorbet Rasp/Pomegra,50mL,107,0.99,2024-12-31
64_CESTERFIELD_4264,64,CESTERFIELD,4264,Capt Morgan Spiced Rum Trav,750mL,27,16.99,2024-12-31
46__6351,46,,6351,Kendall Jackson Vntr RSV Cab,750mL,0,16.99,2024-12-31
48_NORFOLK_3524,48,NORFOLK,3524,Pravda Polish Vodka,750mL,10,19.99,2024-12-31
52_GRAYCOTT_8480,52,GRAYCOTT,8480,Clan MacGregor,1.75L,22,14.99,2024-12-31
58_HARTLEPOOL_24875,58,HARTLEPOOL,24875,Glen Ellen Merlot RSV,1.5L,20,6.99,2024-12-31
64_CESTERFIELD_41712,64,CESTERFIELD,41712,Fish Eye Chard,750mL,19,5.99,2024-12-31
73_DONCASTER_27170,73,DONCASTER,27170,Damilano 11 Brunate Barolo,750mL,2,59.99,2024-12-31
53_HILLFAR_1767,53,HILLFAR,1767,Buffalo Trace Bourbon,750mL,31,25.99,2024-12-31
52_GRAYCOTT_32479,52,GRAYCOTT,32479,Danzante Del Vnzi Pnt Grigio,750mL,12,10.99,2024-12-31
64_CESTERFIELD_1281,64,CESTERFIELD,1281,Benchmark Old #8 Bourbon,1.75L,12,17.99,2024-12-31
41_LARNWICK_36845,41,LARNWICK,36845,Frey Natural Red Organic Ca,750mL,12,9.99,2024-12-31
66_EANVERNESS_3366,66,EANVERNESS,3366,Tanqueray Rangpur Gin,1.75L,20,35.99,2024-12-31
69_MOUNTMEND_27042,69,MOUNTMEND,27042,Luna di Luna Chard/Pnt Grigo,750mL,19,9.99,2024-12-31
73_DONCASTER_33265,73,DONCASTER,33265,El Coto de Rioja Crianza Re,750mL,24,10.99,2024-12-31
60_IRRAGIN_4174,60,IRRAGIN,4174,Kraken Black Spiced Rum 94P,1.75L,9,28.99,2024-12-31
69_MOUNTMEND_38476,69,MOUNTMEND,38476,Adelsheim Pnt Nr Ore,750mL,8,23.99,2024-12-31
64_CESTERFIELD_11240,64,CESTERFIELD,11240,Willamette Rsl Valley Oregon,750mL,7,13.99,2024-12-31
51_ABERDEEN_1921,51,ABERDEEN,1921,Glenfiddich Special Rsv 12,1.75L,13,65.99,2024-12-31
58_HARTLEPOOL_4251,58,HARTLEPOOL,4251,Havana Club Anejo Clsco Gold,50mL,50,0.99,2024-12-31
61_AETHELNEY_3154,61,AETHELNEY,3154,New Amsterdam Peach Vodka,750mL,67,10.99,2024-12-31
47_PELLA'S WISH_3456,47,PELLA'S WISH,3456,Tanqueray Sterling Vodka,1.75L,53,19.99,2024-12-31
49_GARIGILL_2159,49,GARIGILL,2159,Connemara Irish Whiskey,750mL,4,39.99,2024-12-31
71_CLARCTON_19768,71,CLARCTON,19768,B & G CDP Rose,750mL,9,10.99,2024-12-31
71_CLARCTON_21379,71,CLARCTON,21379,Alhambra Red Blend,750mL,10,13.99,2024-12-31
68_SOLARIS_32826,68,SOLARIS,32826,Rombauer Carneros Chard,750mL,36,32.95,2024-12-31
60_IRRAGIN_18134,60,IRRAGIN,18134,Joel Gott Grenache,750mL,10,13.99,2024-12-31
50_MOUNTMEND_37924,50,MOUNTMEND,37924,Five Rivers Chard,750mL,22,12.99,2024-12-31
66_EANVERNESS_20251,66,EANVERNESS,20251,Round Pond Est Svgn Bl Napa,750mL,14,21.99,2024-12-31
59_CLAETHORPES_33334,59,CLAETHORPES,33334,Cavit Pinot Grigio Delle Ve,187mL 4 Pk,11,8.99,2024-12-31
70_KELD_5109,70,KELD,5109,Dr McGillicuddy's Menth Trav,750mL,7,13.99,2024-12-31
69_MOUNTMEND_2464,69,MOUNTMEND,2464,Pinnacle Gin,1.75L,8,13.49,2024-12-31
64_CESTERFIELD_16426,64,CESTERFIELD,16426,Yellow Tail Sweet Red Roo,750mL,7,7.99,2024-12-31
61_AETHELNEY_45769,61,AETHELNEY,45769,Bonterra Svgn Bl Organic,750mL,15,11.99,2024-12-31
56_BEGGAR'S HOLE_4141,56,BEGGAR'S HOLE,4141,Wild Turkey American Honey,50mL,89,0.99,2024-12-31
55_DRY GULCH_1698,55,DRY GULCH,1698,Knob Creek 2001 Bourbon,750mL,7,129.99,2024-12-31
46__802,46,,802,Bacardi Torched Cherry Rum,750mL,0,9.99,2024-12-31
72_HARDERSFIELD_6351,72,HARDERSFIELD,6351,Kendall Jackson Vntr RSV Cab,750mL,42,16.99,2024-12-31
71_CLARCTON_1744,71,CLARCTON,1744,Old Forester 100 Bourbon,750mL,13,21.99,2024-12-31
68_SOLARIS_26742,68,SOLARIS,26742,Bridlewood Viognier,750mL,5,13.99,2024-12-31
73_DONCASTER_3693,73,DONCASTER,3693,Smirnoff Ruby Red Grapefruit,750mL,20,10.99,2024-12-31
70_KELD_33819,70,KELD,33819,Sokol Blosser Evolution Whit,750mL,8,15.99,2024-12-31
60_IRRAGIN_16380,60,IRRAGIN,16380,Duboeuf Bjls Nouveau 2016,750mL,2,10.99,2024-12-31
67_EANVERNESS_2478,67,EANVERNESS,2478,Ransom Old Tom Gin,750mL,12,36.99,2024-12-31
64_CESTERFIELD_32969,64,CESTERFIELD,32969,Alice White Shiraz Ausl,1.5L,15,13.99,2024-12-31
64_CESTERFIELD_19223,64,CESTERFIELD,19223,Trimbach Pnt Bl,750mL,6,12.99,2024-12-31
50_MOUNTMEND_23856,50,MOUNTMEND,23856,Pezzi King Cab Svgn Dry Crk,750mL,21,21.99,2024-12-31
55_DRY GULCH_17175,55,DRY GULCH,17175,Beringer Classic Cab Svgn,1.5L,42,7.99,2024-12-31
69_MOUNTMEND_27696,69,MOUNTMEND,27696,Volpaia Chianti Classico RSV,750mL,9,28.99,2024-12-31
69_MOUNTMEND_2939,69,MOUNTMEND,2939,Berentzen Bushel & Barrel,750mL,2,14.99,2024-12-31
54_GUTHRAM_25046,54,GUTHRAM,25046,Bully Hill Love My Goat Rd,750mL,9,8.99,2024-12-31
71_CLARCTON_13940,71,CLARCTON,13940,Black Box Malbec,3L,6,18.99,2024-12-31
63_SWORDBREAK_8120,63,SWORDBREAK,8120,Tribuno Sweet Vermouth,1.5L,17,8.99,2024-12-31
69_MOUNTMEND_13163,69,MOUNTMEND,13163,Barefoot Bubbly Moscato,750mL,124,6.95,2024-12-31
55_DRY GULCH_2748,55,DRY GULCH,2748,Johnnie Walker Blue Label,1.75L,15,309.99,2024-12-31
68_SOLARIS_1535,68,SOLARIS,1535,Gentleman Jack,50mL,69,3.99,2024-12-31
51_ABERDEEN_7070,51,ABERDEEN,7070,Skinnygirl Margarita Wtrmn/L,750mL,7,10.99,2024-12-31
46__27145,46,,27145,Schmitt Sohne QbA,750mL,0,9.99,2024-12-31
55_DRY GULCH_597,55,DRY GULCH,597,Baileys Irish Cream,Liter,59,27.99,2024-12-31
58_HARTLEPOOL_1232,58,HARTLEPOOL,1232,Jack Daniels No 7 Black,750mL,96,26.99,2024-12-31
69_MOUNTMEND_6396,69,MOUNTMEND,6396,Taylor Dry Sherry,1.5L,15,7.79,2024-12-31
55_DRY GULCH_11460,55,DRY GULCH,11460,Freemark Abbey Cab Svgn Napa,750mL,17,39.99,2024-12-31
55_DRY GULCH_2094,55,DRY GULCH,2094,Kilchoman Machir Bay Whiskey,750mL,12,66.99,2024-12-31
70_KELD_2912,70,KELD,2912,Platte Valley KY Corn Whisky,750mL,3,16.99,2024-12-31
50_MOUNTMEND_14381,50,MOUNTMEND,14381,LaBelle Winery Riesling,750mL,7,15.99,2024-12-31
65_LUTON_5134,65,LUTON,5134,Dr McGillicuddy's Cherry,750mL,8,13.99,2024-12-31
73_DONCASTER_21115,73,DONCASTER,21115,Wicked Smooth Merlot,750mL,20,9.99,2024-12-31
73_DONCASTER_3209,73,DONCASTER,3209,Hammer & Sickle Vodka,750mL,14,19.99,2024-12-31
42_BLACK HOLLOW_2015,42,BLACK HOLLOW,2015,Jack Daniels Tennessee Honey,750mL,37,26.99,2024-12-31
42_BLACK HOLLOW_3089,42,BLACK HOLLOW,3089,Evan Williams Honey Reserve,750mL,15,13.99,2024-12-31
47_PELLA'S WISH_3815,47,PELLA'S WISH,3815,Solid Granite Vodka,750mL,4,27.99,2024-12-31
56_BEGGAR'S HOLE_8000,56,BEGGAR'S HOLE,8000,The Glenlivet 12 Yr Single,1.75L,6,69.99,2024-12-31
45_VERITAS_3583,45,VERITAS,3583,Smirnoff Orange Vodka,1.75L,6,18.99,2024-12-31
52_GRAYCOTT_46476,52,GRAYCOTT,46476,Tilia Malbec Mendoza,750mL,8,9.99,2024-12-31
72_HARDERSFIELD_3790,72,HARDERSFIELD,3790,Don Julio Blanco Tequila,750mL,10,46.99,2024-12-31
42_BLACK HOLLOW_3511,42,BLACK HOLLOW,3511,New Amsterdam Vodka,750mL,6,10.99,2024-12-31
60_IRRAGIN_1084,60,IRRAGIN,1084,Cointreau Liqueur w/ Carafe,750mL,9,29.99,2024-12-31
63_SWORDBREAK_8473,63,SWORDBREAK,8473,1800 Silver Tequila,1.75L,6,41.99,2024-12-31
43_WOLFORD_4670,43,WOLFORD,4670,Bacardi Dragon Berry Rum,375mL,10,3.99,2024-12-31
69_MOUNTMEND_3836,69,MOUNTMEND,3836,Smirnoff Citrus Vodka,750mL,33,12.99,2024-12-31
71_CLARCTON_3464,71,CLARCTON,3464,UV Blue Raspberry Vodka,1.75L,16,17.99,2024-12-31
55_DRY GULCH_14895,55,DRY GULCH,14895,Vendange Pnt Grigio,1.5L,27,7.99,2024-12-31
41_LARNWICK_3231,41,LARNWICK,3231,Pinnacle Tropical Punch Vdka,750mL,16,10.99,2024-12-31
73_DONCASTER_23870,73,DONCASTER,23870,Col-di-Sasso Sangiovese/Cab,750mL,23,10.99,2024-12-31
69_MOUNTMEND_4126,69,MOUNTMEND,4126,Brinley Shipwreck Mango Rum,750mL,6,24.99,2024-12-31
46__598,46,,598,Stolichnaya Ohranj Orange,Liter,0,22.99,2024-12-31
68_SOLARIS_8166,68,SOLARIS,8166,Mount Gay Eclipse,750mL,23,19.99,2024-12-31
51_ABERDEEN_4089,51,ABERDEEN,4089,Capt Morgan White,1.75L,3,20.99,2024-12-31
45_VERITAS_37786,45,VERITAS,37786,Lindemans Bin 45 Cab Svgn,1.5L,15,11.99,2024-12-31
55_DRY GULCH_6670,55,DRY GULCH,6670,Pinnacle Pineapple Vodka,750mL,18,10.99,2024-12-31
64_CESTERFIELD_45474,64,CESTERFIELD,45474,Belle Glos Alturas Pnt Nr,750mL,9,54.99,2024-12-31
68_SOLARIS_759,68,SOLARIS,759,Bunnahabhain 12 Yr Single,750mL,5,59.99,2024-12-31
50_MOUNTMEND_3481,50,MOUNTMEND,3481,Citadelle Gin,750mL,1,17.99,2024-12-31
49_GARIGILL_46098,49,GARIGILL,46098,Ch Ste Michelle Rsl Dry Colu,750mL,14,8.99,2024-12-31
73_DONCASTER_16592,73,DONCASTER,16592,B & G Sauternes,750mL,10,16.99,2024-12-31
49_GARIGILL_33331,49,GARIGILL,33331,Moletto Prosecco Della Marc,750mL,0,8.99,2024-12-31
41_LARNWICK_21470,41,LARNWICK,21470,Ch Angelus Saint Emilion,750mL,4,292.99,2024-12-31
55_DRY GULCH_18107,55,DRY GULCH,18107,Barefoot Cellars Pink Moscat,750mL,17,4.99,2024-12-31
58_HARTLEPOOL_4264,58,HARTLEPOOL,4264,Capt Morgan Spiced Rum Trav,750mL,47,16.99,2024-12-31
49_GARIGILL_24772,49,GARIGILL,24772,3 Ball Znfdl,750mL,10,12.99,2024-12-31
49_GARIGILL_7986,49,GARIGILL,7986,Sapling Vermont Maple Liquer,750mL,18,27.99,2024-12-31
69_MOUNTMEND_26186,69,MOUNTMEND,26186,Binyamina Chard,750mL,4,12.99,2024-12-31
70_KELD_3820,70,KELD,3820,Smirnoff Citrus Vodka,1.75L,19,18.99,2024-12-31
50_MOUNTMEND_37568,50,MOUNTMEND,37568,Staglin Cab Svgn Rutherford,750mL,3,185.99,2024-12-31
71_CLARCTON_39146,71,CLARCTON,39146,Matua Svgn Bl Marlboro,750mL,6,10.99,2024-12-31
66_EANVERNESS_1345,66,EANVERNESS,1345,Basil Hayden Bourbon,750mL,8,37.99,2024-12-31
64_CESTERFIELD_5394,64,CESTERFIELD,5394,Goldschlager Cinnamon Schnap,375mL,12,10.99,2024-12-31
59_CLAETHORPES_4135,59,CLAETHORPES,4135,Smirnoff Blueberry Vodka,50mL,231,0.99,2024-12-31
50_MOUNTMEND_17020,50,MOUNTMEND,17020,Maipe Malbec Mendoza,750mL,15,10.99,2024-12-31
58_HARTLEPOOL_25036,58,HARTLEPOOL,25036,Albola Pinot Grigio,750mL,8,10.99,2024-12-31
55_DRY GULCH_24868,55,DRY GULCH,24868,Ch St Sulpice Brdx Blanc,750mL,10,10.99,2024-12-31
50_MOUNTMEND_27133,50,MOUNTMEND,27133,Fattoire Dei Barbi 08 T Monl,750mL,6,71.99,2024-12-31
60_IRRAGIN_17985,60,IRRAGIN,17985,Ponzi Tavola Pnt Nr,750mL,13,23.99,2024-12-31
53_HILLFAR_8143,53,HILLFAR,8143,Perrier Jouet Grand Brut,750mL,30,35.99,2024-12-31
60_IRRAGIN_37604,60,IRRAGIN,37604,Hardys Chard Ausl,3L,9,19.99,2024-12-31
68_SOLARIS_4270,68,SOLARIS,4270,Brugal Anejo Rum,750mL,9,16.99,2024-12-31
42_BLACK HOLLOW_3919,42,BLACK HOLLOW,3919,Hornitos Reposado Tequila,375mL,18,11.49,2024-12-31
66_EANVERNESS_8040,66,EANVERNESS,8040,Bols Blue Curacao,750mL,24,7.99,2024-12-31
66_EANVERNESS_13792,66,EANVERNESS,13792,The Wolftrap Syrah Vio Mourv,750mL,13,8.99,2024-12-31
60_IRRAGIN_27461,60,IRRAGIN,27461,Ecco Domani Pnt Grigio Venez,750mL,13,8.99,2024-12-31
44_PORTHCRAWL_33966,44,PORTHCRAWL,33966,Prunotto Barolo DOCG,750mL,15,50.99,2024-12-31
61_AETHELNEY_1394,61,AETHELNEY,1394,Makers Mark,375mL,9,16.99,2024-12-31
49_GARIGILL_2241,49,GARIGILL,2241,Death's Door Gin,750mL,7,25.99,2024-12-31
66_EANVERNESS_3272,66,EANVERNESS,3272,Sobieski Vodka,1.75L,45,17.99,2024-12-31
59_CLAETHORPES_2085,59,CLAETHORPES,2085,Jesse James America's Outlaw,750mL,12,13.99,2024-12-31
71_CLARCTON_4382,71,CLARCTON,4382,Admiral Nelson Spiced Rum,1.75L,15,13.99,2024-12-31
60_IRRAGIN_809,60,IRRAGIN,809,Southern Comfort,Liter,14,19.99,2024-12-31
51_ABERDEEN_3325,51,ABERDEEN,3325,Pinnacle Caramel Apple Vodka,750mL,10,10.99,2024-12-31
53_HILLFAR_2585,53,HILLFAR,2585,Jameson Irish Whiskey,750mL,87,25.99,2024-12-31
47_PELLA'S WISH_1365,47,PELLA'S WISH,1365,Stoli Mini Bar 5/50mLs Pack,50mL 5 Pk,17,7.99,2024-12-31
50_MOUNTMEND_23049,50,MOUNTMEND,23049,Benziger Svgn Bl N Cst,750mL,23,8.99,2024-12-31
56_BEGGAR'S HOLE_20446,56,BEGGAR'S HOLE,20446,Barefoot Bubbly Brut Cuvee,187mL 4 Pk,8,9.99,2024-12-31
53_HILLFAR_4502,53,HILLFAR,4502,E & J XO Brandy,1.75L,10,21.99,2024-12-31
44_PORTHCRAWL_7715,44,PORTHCRAWL,7715,Andre Extra Dry,750mL,45,5.49,2024-12-31
71_CLARCTON_6585,71,CLARCTON,6585,Kijafa Cherry,750mL,8,7.99,2024-12-31
41_LARNWICK_2695,41,LARNWICK,2695,Rebel Yell Ginger Whiskey,750mL,8,11.99,2024-12-31
67_EANVERNESS_35959,67,EANVERNESS,35959,Stags Leap Winery Cab Svgn,750mL,22,54.99,2024-12-31
53_HILLFAR_36371,53,HILLFAR,36371,McWilliams Hanwood Shiraz,750mL,17,9.99,2024-12-31
64_CESTERFIELD_16428,64,CESTERFIELD,16428,HandCraft Artisan Coll Chard,750mL,21,9.99,2024-12-31
44_PORTHCRAWL_13931,44,PORTHCRAWL,13931,Ghost Pines Znfdl L Martini,750mL,5,16.99,2024-12-31
41_LARNWICK_35800,41,LARNWICK,35800,Penfolds T Hyland Shiraz,750mL,0,11.99,2024-12-31
41_LARNWICK_3046,41,LARNWICK,3046,Ciroc Peach Vodka,1.75L,9,48.99,2024-12-31
54_GUTHRAM_14706,54,GUTHRAM,14706,Cupcake Prosecco,750mL,64,7.49,2024-12-31
70_KELD_22194,70,KELD,22194,Placido Pinot Grigio Venezi,1.5L,9,12.99,2024-12-31
50_MOUNTMEND_27786,50,MOUNTMEND,27786,Jadot Chablis Fourchaume 14,750mL,4,39.99,2024-12-31
59_CLAETHORPES_2570,59,CLAETHORPES,2570,Johnnie Walker Gold Rsv,750mL,15,79.99,2024-12-31
52_GRAYCOTT_9358,52,GRAYCOTT,9358,KAH Reposado Tequila,750mL,2,59.99,2024-12-31
61_AETHELNEY_17177,61,AETHELNEY,17177,Beringer Classic Merlot,1.5L,19,7.99,2024-12-31
50_MOUNTMEND_18739,50,MOUNTMEND,18739,Robert Sinskey POV Napa Red,750mL,12,34.99,2024-12-31
54_GUTHRAM_3405,54,GUTHRAM,3405,Tito's Handmade Vodka,1.75L,119,28.99,2024-12-31
41_LARNWICK_1130,41,LARNWICK,1130,Smugglers Notch Bourbon,750mL,11,45.99,2024-12-31
43_WOLFORD_34431,43,WOLFORD,34431,Beaulieu Cab Svgn Napa,750mL,5,19.99,2024-12-31
46__31971,46,,31971,Trinchero Main St Cab Svgn,750mL,0,8.99,2024-12-31
41_LARNWICK_44620,41,LARNWICK,44620,A to Z Ore Chard,750mL,35,14.99,2024-12-31
69_MOUNTMEND_1106,69,MOUNTMEND,1106,Aberfeldy Single Cask,750mL,16,249.99,2024-12-31
69_MOUNTMEND_13552,69,MOUNTMEND,13552,Merry Edwards Pnt Nr Sonoma,750mL,20,45.99,2024-12-31
41_LARNWICK_14174,41,LARNWICK,14174,Chalk Hill Estate Red,750mL,9,54.99,2024-12-31
54_GUTHRAM_1281,54,GUTHRAM,1281,Benchmark Old #8 Bourbon,1.75L,15,17.99,2024-12-31
54_GUTHRAM_31160,54,GUTHRAM,31160,Monsanto Chianti Clsc RSV,750mL,17,21.99,2024-12-31
61_AETHELNEY_8124,61,AETHELNEY,8124,Mouton Cadet White Brdx,750mL,14,12.99,2024-12-31
50_MOUNTMEND_45331,50,MOUNTMEND,45331,Cono Sur Reserva Especial CS,750mL,9,10.99,2024-12-31
60_IRRAGIN_8619,60,IRRAGIN,8619,Canadian Club,375mL,12,5.99,2024-12-31
48_NORFOLK_26285,48,NORFOLK,26285,Moet & Chandon Imperial,1.5L,5,69.99,2024-12-31
69_MOUNTMEND_8298,69,MOUNTMEND,8298,Skinnygirl Grapefruit Marg,750mL,18,10.99,2024-12-31
50_MOUNTMEND_18529,50,MOUNTMEND,18529,Cupcake Moscato,750mL,13,7.49,2024-12-31
42_BLACK HOLLOW_35606,42,BLACK HOLLOW,35606,Castle Rock Chard Cntrl Cst,750mL,9,9.99,2024-12-31
42_BLACK HOLLOW_36200,42,BLACK HOLLOW,36200,Four Vines Old Vine Zin,750mL,7,11.99,2024-12-31
56_BEGGAR'S HOLE_6854,56,BEGGAR'S HOLE,6854,Carlo Rossi Burgundy Calif,4L,2,14.99,2024-12-31
41_LARNWICK_8102,41,LARNWICK,8102,Absolut Mandrin,1.75L,46,24.99,2024-12-31
46__44228,46,,44228,Clean Slate Rsl Mosel,750mL,0,11.99,2024-12-31
48_NORFOLK_16837,48,NORFOLK,16837,Beringer Classic Pink Moscat,750mL,25,6.99,2024-12-31
67_EANVERNESS_20357,67,EANVERNESS,20357,Apothic Dark,750mL,110,7.99,2024-12-31
51_ABERDEEN_24453,51,ABERDEEN,24453,Estancia Meritage,750mL,18,22.99,2024-12-31
49_GARIGILL_16429,49,GARIGILL,16429,HandCraft Artisan Coll Pnt N,750mL,13,9.99,2024-12-31
55_DRY GULCH_3980,55,DRY GULCH,3980,Hornitos Reposado Tequila,1.75L,23,34.99,2024-12-31
60_IRRAGIN_3876,60,IRRAGIN,3876,Smirnoff 80 Proof,1.75L,1,16.99,2024-12-31
44_PORTHCRAWL_1244,44,PORTHCRAWL,1244,Jack Daniels Winter Jack,750mL,0,15.99,2024-12-31
70_KELD_2665,70,KELD,2665,Dewars White Label,750mL,11,19.99,2024-12-31
54_GUTHRAM_6694,54,GUTHRAM,6694,Lindemans Bin 65 Chard,750mL,13,7.99,2024-12-31
69_MOUNTMEND_5128,69,MOUNTMEND,5128,Carolans Irish Cream,750mL,17,11.99,2024-12-31
64_CESTERFIELD_32367,64,CESTERFIELD,32367,Cavit Pinot Noir Delle Vene,750mL,7,6.99,2024-12-31
53_HILLFAR_2932,53,HILLFAR,2932,Jameson Black Barrel,750mL,31,33.99,2024-12-31
55_DRY GULCH_17611,55,DRY GULCH,17611,True Myth Chard,750mL,13,12.99,2024-12-31
55_DRY GULCH_1993,55,DRY GULCH,1993,Maker's Mark 46,375mL,0,18.99,2024-12-31
68_SOLARIS_25603,68,SOLARIS,25603,Verrazzano Chianti Clsc,750mL,8,17.99,2024-12-31
44_PORTHCRAWL_12944,44,PORTHCRAWL,12944,Middle Sister Rebel Red,750mL,9,12.99,2024-12-31
60_IRRAGIN_36386,60,IRRAGIN,36386,Kenwood Pnt Nr RRV,750mL,7,14.99,2024-12-31
62_KILMARNOCK_38946,62,KILMARNOCK,38946,Bully Hill Sweet Walter Rd,750mL,9,8.99,2024-12-31
70_KELD_5356,70,KELD,5356,Kahlua,375mL,19,9.99,2024-12-31
56_BEGGAR'S HOLE_2083,56,BEGGAR'S HOLE,2083,Flag Hill Straight Bourbon,750mL,6,39.99,2024-12-31
60_IRRAGIN_16148,60,IRRAGIN,16148,Cavit Alta Luna Pnt Nr,750mL,19,13.99,2024-12-31
60_IRRAGIN_3072,60,IRRAGIN,3072,Ciroc Peach Vodka,750mL,12,24.99,2024-12-31
50_MOUNTMEND_18466,50,MOUNTMEND,18466,K Syrah The Deal,750mL,12,36.99,2024-12-31
67_EANVERNESS_854,67,EANVERNESS,854,Seagrams VO Canadian Whiskey,Liter,16,15.99,2024-12-31
64_CESTERFIELD_25159,64,CESTERFIELD,25159,L'Eglise Saint-Hilaire Borde,750mL,7,11.99,2024-12-31
55_DRY GULCH_20427,55,DRY GULCH,20427,Fattoria Heba Marellino 11,750mL,8,16.99,2024-12-31
73_DONCASTER_19336,73,DONCASTER,19336,Moletto Prosecco,187mL,28,3.99,2024-12-31
44_PORTHCRAWL_38476,44,PORTHCRAWL,38476,Adelsheim Pnt Nr Ore,750mL,45,23.99,2024-12-31
66_EANVERNESS_4221,66,EANVERNESS,4221,Bacardi Gold Rum Traveler,1.75L,0,17.99,2024-12-31
54_GUTHRAM_21700,54,GUTHRAM,21700,Ram Island Lavender Lemonade,500mL,12,6.99,2024-12-31
55_DRY GULCH_6236,55,DRY GULCH,6236,Duboeuf Beaujolais,750mL,22,9.99,2024-12-31
51_ABERDEEN_3443,51,ABERDEEN,3443,Stolichnaya,375mL,6,8.99,2024-12-31
60_IRRAGIN_31581,60,IRRAGIN,31581,Ch Graville Lacoste Graves,750mL,16,16.99,2024-12-31
73_DONCASTER_2713,73,DONCASTER,2713,Inver House Green Plaid 3-Y,1.75L,19,13.99,2024-12-31
49_GARIGILL_19545,49,GARIGILL,19545,Darkhorse Red,750mL,21,7.99,2024-12-31
48_NORFOLK_2418,48,NORFOLK,2418,Crown Royal Regal Apple,750mL,51,22.99,2024-12-31
60_IRRAGIN_40559,60,IRRAGIN,40559,McManis Cab Svgn Cal,750mL,6,11.99,2024-12-31
73_DONCASTER_23523,73,DONCASTER,23523,19 Crimes Cab Svgn,750mL,36,9.99,2024-12-31
50_MOUNTMEND_2640,50,MOUNTMEND,2640,Michter's Small Batch Bourbn,750mL,12,41.99,2024-12-31
58_HARTLEPOOL_46764,58,HARTLEPOOL,46764,Clayhouse Adobe Red Paso Rbl,750mL,8,11.99,2024-12-31
61_AETHELNEY_24286,61,AETHELNEY,24286,Kendall Jackson Gr RSV Cab S,750mL,15,22.99,2024-12-31
51_ABERDEEN_5060,51,ABERDEEN,5060,Dr McGillicuddy's Butterscth,750mL,15,13.99,2024-12-31
62_KILMARNOCK_21032,62,KILMARNOCK,21032,Taylor Fladgate 10-Yr Tawny,750mL,5,22.99,2024-12-31
71_CLARCTON_40621,71,CLARCTON,40621,Santa Margherita Prosecco V,750mL,0,18.99,2024-12-31
68_SOLARIS_22697,68,SOLARIS,22697,Girard Old Vine Znfdl,750mL,2,23.99,2024-12-31
59_CLAETHORPES_8627,59,CLAETHORPES,8627,Jadot Beaujolais Villages,750mL,12,7.98,2024-12-31
52_GRAYCOTT_20405,52,GRAYCOTT,20405,Tenuta Santo Pietro Viper Su,750mL,3,15.99,2024-12-31
69_MOUNTMEND_3983,69,MOUNTMEND,3983,Wiggly Bridge Vodka,750mL,4,24.99,2024-12-31
67_EANVERNESS_3016,67,EANVERNESS,3016,Bombay Sapphire East Gin,750mL,17,19.99,2024-12-31
65_LUTON_3871,65,LUTON,3871,Smirnoff Watermelon Vodka,750mL,14,12.99,2024-12-31
70_KELD_8472,70,KELD,8472,1800 Silver Tequila,750mL,10,21.99,2024-12-31
45_VERITAS_4878,45,VERITAS,4878,Allens Coffee Brandy,750mL,9,6.99,2024-12-31
43_WOLFORD_6552,43,WOLFORD,6552,Harveys Bristol Cream Sherry,1.5L,6,22.99,2024-12-31
72_HARDERSFIELD_3967,72,HARDERSFIELD,3967,Deep Eddy Ruby Red,750mL,32,15.99,2024-12-31
46__408,46,,408,Wild Turkey American Honey,750mL,0,19.99,2024-12-31
51_ABERDEEN_3039,51,ABERDEEN,3039,Stolichnaya Salted Karamel,750mL,14,16.99,2024-12-31
66_EANVERNESS_41614,66,EANVERNESS,41614,Ridge Pagoni Ranch Znfdl,750mL,17,38.99,2024-12-31
49_GARIGILL_3107,49,GARIGILL,3107,Don Julio 70th Anniversary,750mL,6,66.99,2024-12-31
61_AETHELNEY_7535,61,AETHELNEY,7535,Gekkeikan Sake,750mL,14,5.99,2024-12-31
49_GARIGILL_5299,49,GARIGILL,5299,Southern Comfort,1.75L,38,19.99,2024-12-31
54_GUTHRAM_2696,54,GUTHRAM,2696,McClelland Highland Sgl Malt,1.75L,6,35.99,2024-12-31
43_WOLFORD_8822,43,WOLFORD,8822,Absolut 80 Proof,50mL,61,1.99,2024-12-31
68_SOLARIS_305,68,SOLARIS,305,Crown Royal Canadian Whisky,Liter,24,27.99,2024-12-31
67_EANVERNESS_27850,67,EANVERNESS,27850,Bastianich Chardonnay,750mL,11,14.99,2024-12-31
67_EANVERNESS_34219,67,EANVERNESS,34219,Simi Merlot,750mL,25,16.99,2024-12-31
73_DONCASTER_39716,73,DONCASTER,39716,Ravenswood Vntrs Blnd Shiraz,750mL,19,8.99,2024-12-31
71_CLARCTON_31542,71,CLARCTON,31542,Morgan Winery Twelve Clones,750mL,8,24.99,2024-12-31
50_MOUNTMEND_36749,50,MOUNTMEND,36749,Framboise Pacific Rim Infusn,375mL,19,15.99,2024-12-31
53_HILLFAR_3556,53,HILLFAR,3556,Hard Rock Vodka,1.75L,0,12.99,2024-12-31
47_PELLA'S WISH_25808,47,PELLA'S WISH,25808,Edna Valley Chard,750mL,4,11.99,2024-12-31
58_HARTLEPOOL_26949,58,HARTLEPOOL,26949,Sonoma-Cutrer Chard RRV,750mL,8,22.99,2024-12-31
63_SWORDBREAK_6356,63,SWORDBREAK,6356,Taylor Cream Sherry,1.5L,15,7.79,2024-12-31
46__3630,46,,3630,Stolichnaya Razberi,1.75L,0,24.99,2024-12-31
59_CLAETHORPES_22298,59,CLAETHORPES,22298,Zorvino Vyds Sangiovese,750mL,14,12.49,2024-12-31
43_WOLFORD_4724,43,WOLFORD,4724,Patron Citronge Lime Liqueur,750mL,5,20.99,2024-12-31
50_MOUNTMEND_26631,50,MOUNTMEND,26631,Vignaioli Casdoni Barolo,750mL,6,35.99,2024-12-31
66_EANVERNESS_4178,66,EANVERNESS,4178,Fabrizia Limoncello,375mL,24,9.99,2024-12-31
66_EANVERNESS_15820,66,EANVERNESS,15820,Mont Redon CdP Red,750mL,0,36.99,2024-12-31
53_HILLFAR_1121,53,HILLFAR,1121,Old St Andrews Tumbler Pack,50mL,1,3.99,2024-12-31
55_DRY GULCH_27504,55,DRY GULCH,27504,Mon Plaisir Minervois Charmi,750mL,12,14.99,2024-12-31
54_GUTHRAM_3012,54,GUTHRAM,3012,Pinnacle Vodka,50mL,80,0.99,2024-12-31
73_DONCASTER_10623,73,DONCASTER,10623,Querceto La Corte Toscana,750mL,27,46.99,2024-12-31
63_SWORDBREAK_38178,63,SWORDBREAK,38178,Rex Goliath Cab Svgn,750mL,7,5.99,2024-12-31
54_GUTHRAM_3545,54,GUTHRAM,3545,Ketel One Vodka,1.75L,165,29.99,2024-12-31
66_EANVERNESS_3656,66,EANVERNESS,3656,Stolichnaya Vanil,1.75L,50,24.99,2024-12-31
44_PORTHCRAWL_2531,44,PORTHCRAWL,2531,WhistlePig Straight Rye 10Yr,750mL,4,69.99,2024-12-31
69_MOUNTMEND_25138,69,MOUNTMEND,25138,Terlatto & Chapoutier Shiraz,750mL,41,19.99,2024-12-31
47_PELLA'S WISH_28260,47,PELLA'S WISH,28260,Nathanson Creek Chard,1.5L,22,7.99,2024-12-31
49_GARIGILL_10266,49,GARIGILL,10266,Klinker Brick Old Vine Znfdl,750mL,52,15.99,2024-12-31
62_KILMARNOCK_33683,62,KILMARNOCK,33683,R Mondavi Private Slct Chard,1.5L,11,20.99,2024-12-31
63_SWORDBREAK_1348,63,SWORDBREAK,1348,Knob Creek Bourbon,375mL,15,16.99,2024-12-31
69_MOUNTMEND_33574,69,MOUNTMEND,33574,Morgan Winery Syrah G-17 Mon,750mL,14,17.99,2024-12-31
65_LUTON_5810,65,LUTON,5810,Cuervo Watermelon Margaritas,1.75L,6,16.99,2024-12-31
68_SOLARIS_4724,68,SOLARIS,4724,Patron Citronge Lime Liqueur,750mL,13,20.99,2024-12-31
53_HILLFAR_2100,53,HILLFAR,2100,Canadian Regal,1.75L,14,9.99,2024-12-31
55_DRY GULCH_26442,55,DRY GULCH,26442,Fortant Heritage Lang Rouge,750mL,9,15.99,2024-12-31
71_CLARCTON_12216,71,CLARCTON,12216,Da Vinci Pnt Grigio,750mL,23,9.99,2024-12-31
67_EANVERNESS_11321,67,EANVERNESS,11321,BV GDL Private Rsv Cab Svgn,750mL,12,119.99,2024-12-31
50_MOUNTMEND_36060,50,MOUNTMEND,36060,Vieux Ch Certan 10 Red Brdx,750mL,3,325.99,2024-12-31
54_GUTHRAM_25141,54,GUTHRAM,25141,The Federalist 1776 Zinfande,750mL,9,15.99,2024-12-31
67_EANVERNESS_26392,67,EANVERNESS,26392,Pepperwood Grove Pnt Nr,750mL,3,7.99,2024-12-31
73_DONCASTER_11440,73,DONCASTER,11440,Peter Vella Sangria B/B,5L,11,14.99,2024-12-31
50_MOUNTMEND_4054,50,MOUNTMEND,4054,Patron XO Cafe Liqueur,375mL,11,12.99,2024-12-31
63_SWORDBREAK_1730,63,SWORDBREAK,1730,La Collection NH Summer,750mL,28,29.99,2024-12-31
66_EANVERNESS_5378,66,EANVERNESS,5378,Galliano L'Autentico Liqueur,750mL,9,25.99,2024-12-31
44_PORTHCRAWL_28775,44,PORTHCRAWL,28775,C K Mondavi Merlot,1.5L,12,12.99,2024-12-31
47_PELLA'S WISH_6173,47,PELLA'S WISH,6173,Gallo Fairbanks Red Port,1.5L,9,7.99,2024-12-31
57_LANTEGLOS_3768,57,LANTEGLOS,3768,Jenkins Vodka,750mL,11,4.99,2024-12-31
53_HILLFAR_2692,53,HILLFAR,2692,Glenmorangie 10 Yr Scotch,750mL,10,34.99,2024-12-31
46__2834,46,,2834,Old Smuggler P E T,1.75L,0,16.99,2024-12-31
71_CLARCTON_4229,71,CLARCTON,4229,Bacardi Black,1.75L,9,19.99,2024-12-31
73_DONCASTER_23801,73,DONCASTER,23801,Boya Pnt Nr,750mL,47,15.99,2024-12-31
48_NORFOLK_1932,48,NORFOLK,1932,Jim Beam Devils Cut Bourbon,50mL,4,0.99,2024-12-31
64_CESTERFIELD_290,64,CESTERFIELD,290,Aberlour A'Bunadh Sngle Malt,750mL,6,74.99,2024-12-31
52_GRAYCOTT_4225,52,GRAYCOTT,4225,Goslings Black Seal Rum 80,1.75L,14,25.99,2024-12-31
68_SOLARIS_7535,68,SOLARIS,7535,Gekkeikan Sake,750mL,24,5.99,2024-12-31
71_CLARCTON_4876,71,CLARCTON,4876,Skyy Infusion Tropical Mango,750mL,19,9.99,2024-12-31
72_HARDERSFIELD_3913,72,HARDERSFIELD,3913,Svedka Vodka,1.75L,40,16.99,2024-12-31
48_NORFOLK_4876,48,NORFOLK,4876,Skyy Infusion Tropical Mango,750mL,9,9.99,2024-12-31
55_DRY GULCH_42663,55,DRY GULCH,42663,Beringer Fndr Est Pnt Grigio,750mL,24,8.99,2024-12-31
53_HILLFAR_4450,53,HILLFAR,4450,Leblon Natural Cane Cachaca,750mL,4,28.99,2024-12-31
62_KILMARNOCK_29407,62,KILMARNOCK,29407,Wild Horse CC Merlot,750mL,12,15.99,2024-12-31
50_MOUNTMEND_20363,50,MOUNTMEND,20363,Altitude Project Chard,750mL,19,7.99,2024-12-31
69_MOUNTMEND_21859,69,MOUNTMEND,21859,Tiefenbrunner Pnt Grigio,750mL,12,12.99,2024-12-31
45_VERITAS_37401,45,VERITAS,37401,Excelsior S Afr Cab Svgn,750mL,8,8.99,2024-12-31
41_LARNWICK_6378,41,LARNWICK,6378,Walnut Crest Merlot Rapel,1.5L,13,10.99,2024-12-31
64_CESTERFIELD_27195,64,CESTERFIELD,27195,JCB No 69 Sparkling Rose,750mL,11,19.99,2024-12-31
43_WOLFORD_3020,43,WOLFORD,3020,Pinnacle Blueberry Vodka,750mL,3,9.99,2024-12-31
67_EANVERNESS_1279,67,EANVERNESS,1279,Woodford Rsv MC Brandy Fnish,750mL,19,99.99,2024-12-31
66_EANVERNESS_5195,66,EANVERNESS,5195,Jenkins Melon Liqueur,750mL,20,5.99,2024-12-31
42_BLACK HOLLOW_3847,42,BLACK HOLLOW,3847,Grey Goose Vodka,50mL,17,3.99,2024-12-31
67_EANVERNESS_1657,67,EANVERNESS,1657,Dalwhinnie Distillers Edtion,750mL,10,69.99,2024-12-31
53_HILLFAR_2648,53,HILLFAR,2648,Chivas Regal,375mL,1,15.99,2024-12-31
43_WOLFORD_8413,43,WOLFORD,8413,St Elder Elderflower Liqueur,750mL,12,17.99,2024-12-31
42_BLACK HOLLOW_11200,42,BLACK HOLLOW,11200,Palagetto Vernaccia Gimigano,750mL,6,13.99,2024-12-31
60_IRRAGIN_44717,60,IRRAGIN,44717,Dom Chandon Rose Spklg,750mL,38,13.99,2024-12-31
55_DRY GULCH_90631,55,DRY GULCH,90631,Luxardo Maraschino Cherries,400mL,0,18.99,2024-12-31
67_EANVERNESS_2514,67,EANVERNESS,2514,Bird Dog Peach Whiskey,750mL,55,14.99,2024-12-31
48_NORFOLK_4502,48,NORFOLK,4502,E & J XO Brandy,1.75L,15,21.99,2024-12-31
66_EANVERNESS_34802,66,EANVERNESS,34802,Dom Diochon Moulin-a-Vent,750mL,12,17.99,2024-12-31
44_PORTHCRAWL_19175,44,PORTHCRAWL,19175,Melini Chianti DOCG Riserva,750mL,8,11.99,2024-12-31
60_IRRAGIN_1835,60,IRRAGIN,1835,Knappogue Castle Irish Whsky,750mL,13,31.99,2024-12-31
60_IRRAGIN_6225,60,IRRAGIN,6225,St Germain Liqueur,50mL,30,3.99,2024-12-31
62_KILMARNOCK_6958,62,KILMARNOCK,6958,Vendange Svgn Bl,1.5L,22,7.99,2024-12-31
41_LARNWICK_35960,41,LARNWICK,35960,Stags Leap Winery Chard Napa,750mL,17,29.99,2024-12-31
64_CESTERFIELD_27735,64,CESTERFIELD,27735,Bogle Cab Svgn Cal,750mL,55,10.99,2024-12-31
41_LARNWICK_812,41,LARNWICK,812,Jagermeister Liqueur,Liter,38,20.99,2024-12-31
54_GUTHRAM_13097,54,GUTHRAM,13097,Menage a Trois Gold Chard,750mL,37,8.99,2024-12-31
67_EANVERNESS_16394,67,EANVERNESS,16394,Ghost Pines Red L Martini,750mL,27,17.99,2024-12-31
44_PORTHCRAWL_24829,44,PORTHCRAWL,24829,Cecchi Chianti Classico,750mL,101,11.99,2024-12-31
71_CLARCTON_1163,71,CLARCTON,1163,Absolut Lime Vodka,750mL,0,19.99,2024-12-31
69_MOUNTMEND_16778,69,MOUNTMEND,16778,Lange Willamette Chard,750mL,12,15.99,2024-12-31
44_PORTHCRAWL_23827,44,PORTHCRAWL,23827,Fattoria di Basciano Chianti,750mL,5,13.99,2024-12-31
64_CESTERFIELD_2554,64,CESTERFIELD,2554,WhistlePig Old World 12 Yr,750mL,6,109.99,2024-12-31
48_NORFOLK_5124,48,NORFOLK,5124,Cointreau Liqueur,1.75L,7,64.99,2024-12-31
61_AETHELNEY_38546,61,AETHELNEY,38546,Mark West Pnt Nr Sonoma,750mL,59,9.99,2024-12-31
51_ABERDEEN_8701,51,ABERDEEN,8701,Sheffield Cream Sherry,1.5L,8,9.99,2024-12-31
53_HILLFAR_23739,53,HILLFAR,23739,Liberty School Cab Svgn,750mL,22,14.99,2024-12-31
66_EANVERNESS_12270,66,EANVERNESS,12270,Wente Louis Mel Svgn Bl,750mL,26,13.99,2024-12-31
66_EANVERNESS_2703,66,EANVERNESS,2703,Full Throttle Moonshine,750mL,18,22.99,2024-12-31
56_BEGGAR'S HOLE_2017,56,BEGGAR'S HOLE,2017,Redbreast Irish Whiskey,750mL,3,64.99,2024-12-31
55_DRY GULCH_1149,55,DRY GULCH,1149,Crown Royal Regal Apple,375mL,0,14.99,2024-12-31
66_EANVERNESS_24860,66,EANVERNESS,24860,Mystos Longboard Vyd 13 Pnt,750mL,2,54.99,2024-12-31
59_CLAETHORPES_5334,59,CLAETHORPES,5334,Kahlua Especial,750mL,11,22.99,2024-12-31
58_HARTLEPOOL_12747,58,HARTLEPOOL,12747,Barefoot Cellars Pnt Nr,750mL,15,4.99,2024-12-31
69_MOUNTMEND_31195,69,MOUNTMEND,31195,Northstar Merlot Columbia,750mL,9,29.99,2024-12-31
62_KILMARNOCK_10058,62,KILMARNOCK,10058,F Coppola Dmd Ivry Cab Svgn,750mL,14,14.99,2024-12-31
62_KILMARNOCK_7404,62,KILMARNOCK,7404,New Amsterdam Mango Vodka,50mL,141,0.99,2024-12-31
40_BULLMAR_43224,40,BULLMAR,43224,Ch Beauchene Cotes du Rhone,750mL,7,13.99,2024-12-31
67_EANVERNESS_26767,67,EANVERNESS,26767,Elk Cove Clay Court Pnt Nr,750mL,5,44.99,2024-12-31
59_CLAETHORPES_15981,59,CLAETHORPES,15981,Verde Sole Znfdl,750mL,13,12.99,2024-12-31
69_MOUNTMEND_1862,69,MOUNTMEND,1862,John Power Irish Whiskey,750mL,15,26.99,2024-12-31
55_DRY GULCH_39708,55,DRY GULCH,39708,R Mondavi Pvt Sln Pnt Grigio,750mL,37,8.99,2024-12-31
73_DONCASTER_2127,73,DONCASTER,2127,Canadian Ltd,1.75L,93,10.49,2024-12-31
70_KELD_5828,70,KELD,5828,Ryans Irish Cream,750mL,0,8.99,2024-12-31
63_SWORDBREAK_2967,63,SWORDBREAK,2967,Glenfiddich Solera 15 Yr RSV,750mL,7,55.99,2024-12-31
51_ABERDEEN_2944,51,ABERDEEN,2944,The Glenlivet Founders Res,750mL,13,47.99,2024-12-31
59_CLAETHORPES_3356,59,CLAETHORPES,3356,Svedka Vodka,375mL,21,6.99,2024-12-31
67_EANVERNESS_6738,67,EANVERNESS,6738,Dream Catcher Irish Liqueur,50mL,0,0.99,2024-12-31
45_VERITAS_2623,45,VERITAS,2623,Ballantines,1.75L,12,27.99,2024-12-31
54_GUTHRAM_2035,54,GUTHRAM,2035,Glen Moray Classic Scotch,750mL,5,17.99,2024-12-31
44_PORTHCRAWL_4113,44,PORTHCRAWL,4113,Capt Morgan White,50mL,39,0.99,2024-12-31
48_NORFOLK_5277,48,NORFOLK,5277,Arrow Sloe Gin,750mL,11,7.99,2024-12-31
71_CLARCTON_29129,71,CLARCTON,29129,Sutter Home Wh Merlot Cal,1.5L,7,9.99,2024-12-31
71_CLARCTON_4488,71,CLARCTON,4488,Zhenka Tropical Dark Rum,1.75L,5,11.49,2024-12-31
44_PORTHCRAWL_42413,44,PORTHCRAWL,42413,R M Woodbridge Rsl,1.5L,13,8.99,2024-12-31
73_DONCASTER_1028,73,DONCASTER,1028,Amaretto di Amore VAP,750mL,18,9.99,2024-12-31
52_GRAYCOTT_16260,52,GRAYCOTT,16260,The Dreaming Tree Cab Svgn,750mL,7,11.99,2024-12-31
41_LARNWICK_4194,41,LARNWICK,4194,Calico Jack Coconut Rum,1.75L,33,12.99,2024-12-31
49_GARIGILL_3238,49,GARIGILL,3238,Hendrick's Gin,750mL,25,29.99,2024-12-31
67_EANVERNESS_43011,67,EANVERNESS,43011,Anastasi Estates Dry Wh Mesn,750mL,0,11.99,2024-12-31
55_DRY GULCH_3947,55,DRY GULCH,3947,Herradura Anejo Tequila,750mL,10,45.99,2024-12-31
59_CLAETHORPES_3629,59,CLAETHORPES,3629,Flag Hill White Rum,750mL,16,28.99,2024-12-31
64_CESTERFIELD_17175,64,CESTERFIELD,17175,Beringer Classic Cab Svgn,1.5L,17,7.99,2024-12-31
73_DONCASTER_23947,73,DONCASTER,23947,Ch Larose Trintaudon,750mL,10,23.99,2024-12-31
69_MOUNTMEND_8437,69,MOUNTMEND,8437,Maestro Dobel Diamond Tequla,750mL,10,34.99,2024-12-31
53_HILLFAR_8892,53,HILLFAR,8892,R Mondavi Cab Svgn Napa,750mL,15,26.99,2024-12-31
67_EANVERNESS_23595,67,EANVERNESS,23595,Almaden Burgundy B/B,5L,7,14.99,2024-12-31
41_LARNWICK_3679,41,LARNWICK,3679,Chopin Vodka,750mL,11,21.99,2024-12-31
73_DONCASTER_18835,73,DONCASTER,18835,Don Miguel Gascon Colosal Rd,750mL,12,11.99,2024-12-31
42_BLACK HOLLOW_7070,42,BLACK HOLLOW,7070,Skinnygirl Margarita Wtrmn/L,750mL,11,10.99,2024-12-31
61_AETHELNEY_4521,61,AETHELNEY,4521,Appleton Estate Reserve Rum,750mL,8,21.99,2024-12-31
43_WOLFORD_3896,43,WOLFORD,3896,Zhenka Vodka,375mL,48,3.29,2024-12-31
69_MOUNTMEND_46202,69,MOUNTMEND,46202,Yellow Tail Pnt Grigio Ausl,1.5L,100,8.95,2024-12-31
48_NORFOLK_2174,48,NORFOLK,2174,Virginia Black Whiskey,750mL,12,34.99,2024-12-31
60_IRRAGIN_1817,60,IRRAGIN,1817,Irishman Founders RSV Whisky,750mL,9,21.99,2024-12-31
44_PORTHCRAWL_15399,44,PORTHCRAWL,15399,Lobster Reef Svgn Bl,750mL,18,10.99,2024-12-31
73_DONCASTER_8808,73,DONCASTER,8808,Salignac VS Cognac,750mL,10,17.99,2024-12-31
59_CLAETHORPES_2207,59,CLAETHORPES,2207,Glenrothes Sherry Cask Rsv,750mL,3,59.99,2024-12-31
52_GRAYCOTT_5230,52,GRAYCOTT,5230,Bacardi Party Drinks Bahama,1.75L,7,15.99,2024-12-31
69_MOUNTMEND_2780,69,MOUNTMEND,2780,Bulleit 10 Yr Old Bourbon,750mL,30,39.99,2024-12-31
54_GUTHRAM_513,54,GUTHRAM,513,Ocean Vodka,750mL,6,29.99,2024-12-31
65_LUTON_23848,65,LUTON,23848,Dom Cherrier Sancerre,750mL,10,15.99,2024-12-31
72_HARDERSFIELD_24086,72,HARDERSFIELD,24086,Hess Select Chard,750mL,25,12.99,2024-12-31
69_MOUNTMEND_19049,69,MOUNTMEND,19049,Corte Giara Amarone 09,750mL,2,49.99,2024-12-31
63_SWORDBREAK_3503,63,SWORDBREAK,3503,Smirnoff Sorbet Rasp/Pomegra,750mL,10,12.99,2024-12-31
64_CESTERFIELD_23249,64,CESTERFIELD,23249,Rosemount Gewurz/Rsl,750mL,12,9.99,2024-12-31
55_DRY GULCH_3709,55,DRY GULCH,3709,Aslanoff Vodka,1.75L,43,13.99,2024-12-31
47_PELLA'S WISH_8128,47,PELLA'S WISH,8128,Espolon Anejo Tequila,750mL,7,34.99,2024-12-31
60_IRRAGIN_26683,60,IRRAGIN,26683,Heritance Svgn Bl,750mL,0,8.99,2024-12-31
50_MOUNTMEND_25794,50,MOUNTMEND,25794,Girasole Hybrid Red,750mL,4,13.99,2024-12-31
50_MOUNTMEND_2418,50,MOUNTMEND,2418,Crown Royal Regal Apple,750mL,142,22.99,2024-12-31
43_WOLFORD_3787,43,WOLFORD,3787,Jose Cuervo Especial Silver,750mL,12,15.99,2024-12-31
72_HARDERSFIELD_13458,72,HARDERSFIELD,13458,Ch Ste Michelle Harvest Rsl,750mL,15,8.99,2024-12-31
63_SWORDBREAK_38850,63,SWORDBREAK,38850,Ravenswood Vntrs Bl Cab Svgn,750mL,10,7.99,2024-12-31
58_HARTLEPOOL_42579,58,HARTLEPOOL,42579,Voga del Venezie Pnt Grigio,750mL,5,9.99,2024-12-31
60_IRRAGIN_16610,60,IRRAGIN,16610,Leese-Fitch Cab Svgn,750mL,25,10.99,2024-12-31
73_DONCASTER_23236,73,DONCASTER,23236,Scaggs Vyds Mt Vedeer Montag,750mL,7,38.99,2024-12-31
45_VERITAS_27854,45,VERITAS,27854,F Coppola Black Label Claret,750mL,24,16.99,2024-12-31
45_VERITAS_13665,45,VERITAS,13665,Josh Cellars Chard,750mL,25,12.99,2024-12-31
53_HILLFAR_2549,53,HILLFAR,2549,WhistlePig 10 Yr Rye,375mL,2,41.99,2024-12-31
72_HARDERSFIELD_5298,72,HARDERSFIELD,5298,Southern Comfort 100 Proof,750mL,21,16.99,2024-12-31
41_LARNWICK_8522,41,LARNWICK,8522,Dekuyper Peachtree Scnapps,50mL,103,0.99,2024-12-31
67_EANVERNESS_4221,67,EANVERNESS,4221,Bacardi Gold Rum Traveler,1.75L,0,17.99,2024-12-31
69_MOUNTMEND_24603,69,MOUNTMEND,24603,Zeni 11 Amarone Classico,750mL,0,29.99,2024-12-31
73_DONCASTER_41252,73,DONCASTER,41252,Beringer Classic Pnt Grigio,1.5L,32,7.99,2024-12-31
60_IRRAGIN_40051,60,IRRAGIN,40051,Concannon Select Vyds Pnt Nr,750mL,5,7.99,2024-12-31
69_MOUNTMEND_27429,69,MOUNTMEND,27429,Grahams Six Grapes,750mL,30,19.99,2024-12-31
44_PORTHCRAWL_44292,44,PORTHCRAWL,44292,Woop Woop Shiraz,750mL,6,12.99,2024-12-31
46__11219,46,,11219,Josh Cellars Cab Svgn,750mL,0,12.99,2024-12-31
50_MOUNTMEND_21226,50,MOUNTMEND,21226,Tisdale Vineyards Moscato,750mL,12,3.99,2024-12-31
73_DONCASTER_20096,73,DONCASTER,20096,Milestone Red,750mL,21,8.99,2024-12-31
56_BEGGAR'S HOLE_20509,56,BEGGAR'S HOLE,20509,Ch Mylord Cuvee Milady,750mL,2,12.99,2024-12-31
58_HARTLEPOOL_5415,58,HARTLEPOOL,5415,Amaretto di Amore,1.75L,7,13.99,2024-12-31
41_LARNWICK_4438,41,LARNWICK,4438,Cruzan Black Cherry Rum,750mL,25,9.99,2024-12-31
41_LARNWICK_12192,41,LARNWICK,12192,Meander Cab Svgn Napa Vly,750mL,18,69.99,2024-12-31
69_MOUNTMEND_2595,69,MOUNTMEND,2595,Clontarf Irish Whiskey,750mL,12,16.99,2024-12-31
56_BEGGAR'S HOLE_5105,56,BEGGAR'S HOLE,5105,Dr McGillicuddy's Mentholmnt,1.75L,9,19.99,2024-12-31
43_WOLFORD_3743,43,WOLFORD,3743,Smirnoff Sorbet Pine/Coconut,750mL,5,12.99,2024-12-31
69_MOUNTMEND_26427,69,MOUNTMEND,26427,Latour Pouilly Fuisse,750mL,15,21.99,2024-12-31
53_HILLFAR_32826,53,HILLFAR,32826,Rombauer Carneros Chard,750mL,6,32.95,2024-12-31
48_NORFOLK_4181,48,NORFOLK,4181,Calypso Spiced Rum,1.75L,21,10.99,2024-12-31
66_EANVERNESS_14852,66,EANVERNESS,14852,Mooiplaas The Bean Pinotage,750mL,6,12.99,2024-12-31
68_SOLARIS_2890,68,SOLARIS,2890,Four Roses Bourbon,750mL,6,27.99,2024-12-31
72_HARDERSFIELD_14393,72,HARDERSFIELD,14393,Ch Montaud Cotes de Prov Rse,750mL,17,11.99,2024-12-31
59_CLAETHORPES_34904,59,CLAETHORPES,34904,Smoking Loon Chard,750mL,39,6.79,2024-12-31
70_KELD_8907,70,KELD,8907,Carlo Rossi Burgundy Calif,1.5L,6,6.99,2024-12-31
61_AETHELNEY_31466,61,AETHELNEY,31466,Ch Carignan Brdx,750mL,16,21.99,2024-12-31
49_GARIGILL_408,49,GARIGILL,408,Wild Turkey American Honey,750mL,69,19.99,2024-12-31
58_HARTLEPOOL_13940,58,HARTLEPOOL,13940,Black Box Malbec,3L,4,18.99,2024-12-31
41_LARNWICK_4410,41,LARNWICK,4410,Cruzan Mango Flavored Rum,750mL,18,9.99,2024-12-31
54_GUTHRAM_6660,54,GUTHRAM,6660,Carlo Rossi Paisano Calif,4L,9,14.99,2024-12-31
49_GARIGILL_2547,49,GARIGILL,2547,WhistlePig 10Yr Straight Rye,50mL,41,6.99,2024-12-31
70_KELD_5197,70,KELD,5197,Southern Comfort,375mL,22,7.99,2024-12-31
72_HARDERSFIELD_1927,72,HARDERSFIELD,1927,"Jack Daniels ""Barrel Proof""",750mL,7,64.99,2024-12-31
66_EANVERNESS_4702,66,EANVERNESS,4702,Metaxa Amphora,750mL,32,22.99,2024-12-31
50_MOUNTMEND_16189,50,MOUNTMEND,16189,Frescobaldi Tenuta Castglni,750mL,188,15.99,2024-12-31
55_DRY GULCH_2753,55,DRY GULCH,2753,Johnnie Walker Black Label,1.75L,111,59.99,2024-12-31
67_EANVERNESS_8737,67,EANVERNESS,8737,Freixenet Cordon Negro Brut,750mL,107,11.99,2024-12-31
60_IRRAGIN_4264,60,IRRAGIN,4264,Capt Morgan Spiced Rum Trav,750mL,7,16.99,2024-12-31
58_HARTLEPOOL_8421,58,HARTLEPOOL,8421,Beringer Classic Wh Znfdl,750mL,25,6.99,2024-12-31
67_EANVERNESS_17754,67,EANVERNESS,17754,Chocolate Shop Red,750mL,9,11.99,2024-12-31
50_MOUNTMEND_6958,50,MOUNTMEND,6958,Vendange Svgn Bl,1.5L,23,7.99,2024-12-31
50_MOUNTMEND_22107,50,MOUNTMEND,22107,Emmolo Merlot,750mL,17,57.99,2024-12-31
48_NORFOLK_3696,48,NORFOLK,3696,Gilbeys Vodka,1.75L,76,10.49,2024-12-31
49_GARIGILL_26197,49,GARIGILL,26197,American Thread Pnt Nr,750mL,34,13.99,2024-12-31
59_CLAETHORPES_1520,59,CLAETHORPES,1520,Pinnacle Vodka Cane 4/50mls,50mL 4 Pk,0,3.99,2024-12-31
61_AETHELNEY_24996,61,AETHELNEY,24996,Lincourt Steel Chard,750mL,43,9.99,2024-12-31
55_DRY GULCH_33370,55,DRY GULCH,33370,Whitehall Lane Cab Svgn Napa,750mL,21,38.99,2024-12-31
41_LARNWICK_10895,41,LARNWICK,10895,Schmitt Sohne Relax Mosel,1.5L,14,22.99,2024-12-31
67_EANVERNESS_41065,67,EANVERNESS,41065,Martin Ray Chard RRV,750mL,31,16.99,2024-12-31
73_DONCASTER_4701,73,DONCASTER,4701,Fabrizia Limoncello,750mL,93,16.99,2024-12-31
67_EANVERNESS_34138,67,EANVERNESS,34138,Fat Bastard Syrah,750mL,14,9.99,2024-12-31
51_ABERDEEN_5440,51,ABERDEEN,5440,Jagermeister Liqueur,1.75L,20,31.99,2024-12-31
51_ABERDEEN_11970,51,ABERDEEN,11970,Zaccagnini Montepulciano Rsv,750mL,12,14.99,2024-12-31
47_PELLA'S WISH_3890,47,PELLA'S WISH,3890,Absolut Peppar,750mL,9,17.99,2024-12-31
69_MOUNTMEND_22951,69,MOUNTMEND,22951,Pierre Andre Meursault,750mL,31,50.99,2024-12-31
47_PELLA'S WISH_2692,47,PELLA'S WISH,2692,Glenmorangie 10 Yr Scotch,750mL,4,34.99,2024-12-31
67_EANVERNESS_28138,67,EANVERNESS,28138,Columbia Crest Grand Chard,750mL,30,9.99,2024-12-31
61_AETHELNEY_5765,61,AETHELNEY,5765,Jose Cuervo Lime Margarita,1.75L,11,16.99,2024-12-31
48_NORFOLK_9160,48,NORFOLK,9160,Deep Eddy Peach Vodka,50mL,60,0.99,2024-12-31
49_GARIGILL_25511,49,GARIGILL,25511,Schug Chard Carneros,750mL,42,17.99,2024-12-31
42_BLACK HOLLOW_23712,42,BLACK HOLLOW,23712,Bell'Agio Chianti Flask,750mL,12,11.99,2024-12-31
68_SOLARIS_18813,68,SOLARIS,18813,Sweet Baby Vyds Raspberry,375mL,22,11.99,2024-12-31
60_IRRAGIN_1848,60,IRRAGIN,1848,Oban Little Bay Single Malt,750mL,0,59.99,2024-12-31
41_LARNWICK_4818,41,LARNWICK,4818,Skyy Infusions Pacific Blueb,750mL,22,12.99,2024-12-31
54_GUTHRAM_8172,54,GUTHRAM,8172,DK Burst Blustery Peppermint,50mL,18,0.99,2024-12-31
64_CESTERFIELD_6651,64,CESTERFIELD,6651,Rocca Delle Macie Chianti C,750mL,14,11.99,2024-12-31
68_SOLARIS_8442,68,SOLARIS,8442,1800 Silver Tequila,375mL,17,14.49,2024-12-31
50_MOUNTMEND_2015,50,MOUNTMEND,2015,Jack Daniels Tennessee Honey,750mL,183,26.99,2024-12-31
50_MOUNTMEND_45460,50,MOUNTMEND,45460,New Harbor Svgn Bl Marlboro,750mL,39,12.99,2024-12-31
61_AETHELNEY_24866,61,AETHELNEY,24866,Villa Maria Pnt Nr Private B,750mL,10,15.99,2024-12-31
49_GARIGILL_3233,49,GARIGILL,3233,Belvedere Wild Berry,750mL,8,22.99,2024-12-31
73_DONCASTER_3351,73,DONCASTER,3351,Pinnacle Whipped Vodka,1.75L,44,15.99,2024-12-31
41_LARNWICK_3279,41,LARNWICK,3279,Double Cross Vodka,750mL,12,29.99,2024-12-31
55_DRY GULCH_12116,55,DRY GULCH,12116,Lindemans Bin 85 Pnt Grigio,1.5L,28,11.99,2024-12-31
46__2127,46,,2127,Canadian Ltd,1.75L,0,10.49,2024-12-31
56_BEGGAR'S HOLE_4199,56,BEGGAR'S HOLE,4199,Sauza Blanco Tequila,1.75L,30,21.99,2024-12-31
52_GRAYCOTT_3405,52,GRAYCOTT,3405,Tito's Handmade Vodka,1.75L,47,28.99,2024-12-31
68_SOLARIS_4702,68,SOLARIS,4702,Metaxa Amphora,750mL,0,22.99,2024-12-31
41_LARNWICK_21735,41,LARNWICK,21735,Millet Roger Sancerrre,750mL,72,25.99,2024-12-31
41_LARNWICK_18744,41,LARNWICK,18744,Ca'Momi Chard Napa Vly,750mL,29,17.99,2024-12-31
54_GUTHRAM_3218,54,GUTHRAM,3218,Firefly Sweet Tea Vodka,750mL,16,12.99,2024-12-31
50_MOUNTMEND_5633,50,MOUNTMEND,5633,Flag Hill Cranberry Liqueur,375mL,13,14.99,2024-12-31
49_GARIGILL_45496,49,GARIGILL,45496,Conquista Malbec Mendoza,750mL,15,7.99,2024-12-31
69_MOUNTMEND_1091,69,MOUNTMEND,1091,Casa Noble 3 Btl Club Pack,375mL 3 Pk,24,54.99,2024-12-31
60_IRRAGIN_36200,60,IRRAGIN,36200,Four Vines Old Vine Zin,750mL,13,11.99,2024-12-31
41_LARNWICK_4391,41,LARNWICK,4391,Matusalem Gran Reserva Rum,750mL,7,22.99,2024-12-31
73_DONCASTER_2410,73,DONCASTER,2410,Tullamore Dew Phoenix,750mL,9,54.99,2024-12-31
52_GRAYCOTT_1228,52,GRAYCOTT,1228,Glenfiddich Ancient RSV 18,750mL,4,94.99,2024-12-31
69_MOUNTMEND_26277,69,MOUNTMEND,26277,Popcorn Chard,750mL,56,8.49,2024-12-31
68_SOLARIS_8517,68,SOLARIS,8517,Baileys Salted Caramel,750mL,17,19.99,2024-12-31
64_CESTERFIELD_2508,64,CESTERFIELD,2508,Crown Royal No Harvest Rye,50mL,0,1.99,2024-12-31
54_GUTHRAM_3929,54,GUTHRAM,3929,Los Amantes Mezcal,750mL,7,42.99,2024-12-31
41_LARNWICK_4528,41,LARNWICK,4528,Remy Martin XO Cognac,750mL,7,144.99,2024-12-31
41_LARNWICK_46447,41,LARNWICK,46447,Gascon Malbec Mendoza,750mL,21,10.99,2024-12-31
73_DONCASTER_6933,73,DONCASTER,6933,Ch Ste Michelle Svgn Bl,750mL,47,8.99,2024-12-31
69_MOUNTMEND_45526,69,MOUNTMEND,45526,Natura Chard Casablanca,750mL,43,11.99,2024-12-31
70_KELD_892,70,KELD,892,Uncle Val's Botanical Gin,750mL,8,34.99,2024-12-31
69_MOUNTMEND_13113,69,MOUNTMEND,13113,Ch Beaucastel Coud Rouge,750mL,24,32.99,2024-12-31
61_AETHELNEY_6976,61,AETHELNEY,6976,Ruffino Chianti Clsc RSV Tan,750mL,15,18.99,2024-12-31
48_NORFOLK_6855,48,NORFOLK,6855,Midnight Moon Apple Pie,750mL,4,19.99,2024-12-31
41_LARNWICK_23235,41,LARNWICK,23235,Mud House Svgn Bl,750mL,10,11.99,2024-12-31
66_EANVERNESS_27473,66,EANVERNESS,27473,BiancaVigna Spumante Rosa,750mL,23,14.99,2024-12-31
54_GUTHRAM_6523,54,GUTHRAM,6523,Franzia Burgundy Tap Red,5L,5,17.99,2024-12-31
44_PORTHCRAWL_20160,44,PORTHCRAWL,20160,F Coppola Sofia Chard,750mL,15,14.99,2024-12-31
71_CLARCTON_27461,71,CLARCTON,27461,Ecco Domani Pnt Grigio Venez,750mL,32,8.99,2024-12-31
52_GRAYCOTT_4135,52,GRAYCOTT,4135,Smirnoff Blueberry Vodka,50mL,71,0.99,2024-12-31
72_HARDERSFIELD_3651,72,HARDERSFIELD,3651,Belvedere Vodka,50mL,52,3.99,2024-12-31
62_KILMARNOCK_1637,62,KILMARNOCK,1637,Fleischmanns Preferred,1.75L,23,10.99,2024-12-31
62_KILMARNOCK_41033,62,KILMARNOCK,41033,Menage a Trois White,750mL,10,8.99,2024-12-31
58_HARTLEPOOL_8339,58,HARTLEPOOL,8339,The Glenlivet 12 Yr Single,750mL,25,42.99,2024-12-31
44_PORTHCRAWL_14240,44,PORTHCRAWL,14240,Ninety+Cellars Lot 2 Svgn Bl,750mL,34,8.99,2024-12-31
41_LARNWICK_5445,41,LARNWICK,5445,Jagermeister Liqueur,750mL,95,14.99,2024-12-31
68_SOLARIS_21271,68,SOLARIS,21271,Kentia Albarino Rias Baixas,750mL,14,13.99,2024-12-31
41_LARNWICK_41143,41,LARNWICK,41143,Red Diamond Cab Svgn Wash,750mL,13,8.99,2024-12-31
50_MOUNTMEND_15234,50,MOUNTMEND,15234,J Lohr Cuvee Red St E,750mL,9,39.99,2024-12-31
69_MOUNTMEND_31487,69,MOUNTMEND,31487,Barefoot Bubbly Brut Cve,750mL,58,6.95,2024-12-31
69_MOUNTMEND_3980,69,MOUNTMEND,3980,Hornitos Reposado Tequila,1.75L,1,34.99,2024-12-31
68_SOLARIS_11553,68,SOLARIS,11553,M by Michael Mondavi Cab Svg,750mL,2,186.99,2024-12-31
57_LANTEGLOS_8623,57,LANTEGLOS,8623,Casamigos Anejo Tequila,50mL,42,2.99,2024-12-31
47_PELLA'S WISH_7716,47,PELLA'S WISH,7716,Andre Brut,750mL,7,5.49,2024-12-31
48_NORFOLK_1883,48,NORFOLK,1883,Seagrams 7 Crown,1.75L,64,17.99,2024-12-31
69_MOUNTMEND_23748,69,MOUNTMEND,23748,Ch Cantenac 12 Brown Margaux,750mL,11,58.99,2024-12-31
63_SWORDBREAK_408,63,SWORDBREAK,408,Wild Turkey American Honey,750mL,21,19.99,2024-12-31
58_HARTLEPOOL_4149,58,HARTLEPOOL,4149,Sailor Jerry Spiced Navy Rum,50mL,51,1.49,2024-12-31
66_EANVERNESS_8092,66,EANVERNESS,8092,Johnnie Walker Red Label,50mL,103,2.29,2024-12-31
73_DONCASTER_5170,73,DONCASTER,5170,Dr McGillicuddy's Apple Pie,750mL,68,13.99,2024-12-31
59_CLAETHORPES_31542,59,CLAETHORPES,31542,Morgan Winery Twelve Clones,750mL,44,24.99,2024-12-31
73_DONCASTER_15970,73,DONCASTER,15970,Alexana Revana Vyd Pnt Nr,750mL,25,42.99,2024-12-31
44_PORTHCRAWL_743,44,PORTHCRAWL,743,Angels Envy Whiskey,750mL,7,49.99,2024-12-31
42_BLACK HOLLOW_12154,42,BLACK HOLLOW,12154,Cousino Macul RSV Cab Svgn,750mL,14,17.99,2024-12-31
69_MOUNTMEND_62,69,MOUNTMEND,62,Herradura Silver Tequila,750mL,5,36.99,2024-12-31
55_DRY GULCH_3614,55,DRY GULCH,3614,Finlandia Vodka,1.75L,10,19.99,2024-12-31
66_EANVERNESS_3875,66,EANVERNESS,3875,Svedka Cucumber Lime Vodka,750mL,16,10.99,2024-12-31
61_AETHELNEY_5392,61,AETHELNEY,5392,Goldschlager Cinnamon Schnps,750mL,16,17.99,2024-12-31
60_IRRAGIN_1373,60,IRRAGIN,1373,Jim Beam Honey,750mL,28,14.99,2024-12-31
70_KELD_26821,70,KELD,26821,Estancia Merlot Central Cst,750mL,12,9.99,2024-12-31
50_MOUNTMEND_17880,50,MOUNTMEND,17880,Manabito Ginjo Sake,720mL,7,27.99,2024-12-31
63_SWORDBREAK_6256,63,SWORDBREAK,6256,Sutter Home Chard,1.5L,23,9.99,2024-12-31
57_LANTEGLOS_5394,57,LANTEGLOS,5394,Goldschlager Cinnamon Schnap,375mL,32,10.99,2024-12-31
55_DRY GULCH_6682,55,DRY GULCH,6682,R M Woodbridge Chard Cal,1.5L,49,8.99,2024-12-31
46__661,46,,661,Red Stag by Jim Beam,750mL,0,14.99,2024-12-31
73_DONCASTER_1176,73,DONCASTER,1176,Brora 37 Yr Old Single Malt,750mL,1,1999.99,2024-12-31
48_NORFOLK_8085,48,NORFOLK,8085,Wild Turkey,1.75L,62,29.99,2024-12-31
41_LARNWICK_3696,41,LARNWICK,3696,Gilbeys Vodka,1.75L,74,10.49,2024-12-31
41_LARNWICK_37785,41,LARNWICK,37785,Lindemans Bin 40 Merlot,1.5L,20,11.99,2024-12-31
52_GRAYCOTT_37786,52,GRAYCOTT,37786,Lindemans Bin 45 Cab Svgn,1.5L,11,11.99,2024-12-31
73_DONCASTER_6510,73,DONCASTER,6510,Simply Ginger Liqueur,750mL,14,32.99,2024-12-31
41_LARNWICK_8289,41,LARNWICK,8289,E.H.Taylor Jr Single Barrel,750mL,0,59.99,2024-12-31
41_LARNWICK_5033,41,LARNWICK,5033,Fireball Cinnamon Whisky,Liter,27,17.99,2024-12-31
53_HILLFAR_4652,53,HILLFAR,4652,Hennessy XO Cognac,750mL,1,159.99,2024-12-31
52_GRAYCOTT_24098,52,GRAYCOTT,24098,Gallo Copperidge Wh Znfdl,1.5L,12,6.99,2024-12-31
60_IRRAGIN_19120,60,IRRAGIN,19120,Bodegas Borsao Berola,750mL,10,12.99,2024-12-31
49_GARIGILL_27567,49,GARIGILL,27567,Zenato Pinot Grigio Veneto,750mL,11,10.99,2024-12-31
67_EANVERNESS_2480,67,EANVERNESS,2480,Kavalan Concertmaster,750mL,6,89.99,2024-12-31
50_MOUNTMEND_6579,50,MOUNTMEND,6579,J Lohr Riverstone Chard,750mL,117,9.99,2024-12-31
64_CESTERFIELD_3444,64,CESTERFIELD,3444,Hornitos Plata Tequila,1.75L,5,34.99,2024-12-31
46__13258,46,,13258,ChocoVine,750mL,0,9.99,2024-12-31
62_KILMARNOCK_3997,62,KILMARNOCK,3997,Hornitos Plata Tequila,750mL,53,20.99,2024-12-31
58_HARTLEPOOL_34134,58,HARTLEPOOL,34134,Turning Leaf RSV Chard Cal,1.5L,15,10.99,2024-12-31
51_ABERDEEN_6682,51,ABERDEEN,6682,R M Woodbridge Chard Cal,1.5L,34,8.99,2024-12-31
41_LARNWICK_2426,41,LARNWICK,2426,The Glenlivet 15Yr FrenchOak,750mL,15,54.99,2024-12-31
54_GUTHRAM_3398,54,GUTHRAM,3398,Archvist Gerston Scotch,750mL,12,43.99,2024-12-31
49_GARIGILL_7996,49,GARIGILL,7996,Stock Italian Sweet Vermouth,750mL,21,5.49,2024-12-31
55_DRY GULCH_1269,55,DRY GULCH,1269,Jeffersons Bourbon,750mL,47,25.99,2024-12-31
44_PORTHCRAWL_46093,44,PORTHCRAWL,46093,Mouton Cadet Rose,750mL,39,12.99,2024-12-31
55_DRY GULCH_5750,55,DRY GULCH,5750,Malibu Rum Traveler,750mL,17,12.99,2024-12-31
66_EANVERNESS_812,66,EANVERNESS,812,Jagermeister Liqueur,Liter,51,20.99,2024-12-31
55_DRY GULCH_25900,55,DRY GULCH,25900,La Maldita Garnache Rioja,750mL,7,9.99,2024-12-31
42_BLACK HOLLOW_3040,42,BLACK HOLLOW,3040,Tito's Handmade Vodka,Liter,14,23.99,2024-12-31
69_MOUNTMEND_3998,69,MOUNTMEND,3998,Monte Alban Mezcal,750mL,22,19.99,2024-12-31
55_DRY GULCH_3608,55,DRY GULCH,3608,Smirnoff Orange Vodka,50mL,201,0.99,2024-12-31
64_CESTERFIELD_4229,64,CESTERFIELD,4229,Bacardi Black,1.75L,13,19.99,2024-12-31
70_KELD_6455,70,KELD,6455,Folonari Pinot Grigio Venez,1.5L,11,14.99,2024-12-31
41_LARNWICK_3107,41,LARNWICK,3107,Don Julio 70th Anniversary,750mL,10,66.99,2024-12-31
55_DRY GULCH_8505,55,DRY GULCH,8505,Hussong's Repasado Tequila,750mL,8,29.99,2024-12-31
68_SOLARIS_4540,68,SOLARIS,4540,Chase Elderflower Liqueur,750mL,4,24.99,2024-12-31
53_HILLFAR_4251,53,HILLFAR,4251,Havana Club Anejo Clsco Gold,50mL,22,0.99,2024-12-31
64_CESTERFIELD_44452,64,CESTERFIELD,44452,Ravenswood Zen of Zin Znfdl,750mL,7,10.99,2024-12-31
64_CESTERFIELD_20863,64,CESTERFIELD,20863,W Hill Est Chard N Coast,750mL,44,10.95,2024-12-31
48_NORFOLK_5826,48,NORFOLK,5826,DeKuyper Razzmatazz,750mL,3,8.99,2024-12-31
52_GRAYCOTT_5890,52,GRAYCOTT,5890,Godiva Wh Chocolate Liqueur,750mL,11,21.99,2024-12-31
45_VERITAS_11213,45,VERITAS,11213,Meiomi Pnt Nr,750mL,8,21.99,2024-12-31
73_DONCASTER_2295,73,DONCASTER,2295,Balvenie 15 Yr Single Malt,750mL,0,89.99,2024-12-31
48_NORFOLK_2630,48,NORFOLK,2630,Old Pulteney Single Malt Sc,750mL,6,37.99,2024-12-31
49_GARIGILL_37849,49,GARIGILL,37849,Darioush Cab Svgn,750mL,9,95.99,2024-12-31
62_KILMARNOCK_15229,62,KILMARNOCK,15229,The Prisoner Red Napa Valley,750mL,16,41.99,2024-12-31
66_EANVERNESS_5734,66,EANVERNESS,5734,Malibu Rum,1.75L,276,21.99,2024-12-31
73_DONCASTER_10062,73,DONCASTER,10062,B de Beauchene CDR Rouge,750mL,20,8.99,2024-12-31
53_HILLFAR_14706,53,HILLFAR,14706,Cupcake Prosecco,750mL,58,7.49,2024-12-31
52_GRAYCOTT_7261,52,GRAYCOTT,7261,Gallo X Dry Vermouth,750mL,10,5.49,2024-12-31
46__3781,46,,3781,Three Olives Vanilla Vodka,750mL,0,11.99,2024-12-31
49_GARIGILL_19989,49,GARIGILL,19989,Querceto Sangiovese,750mL,0,6.99,2024-12-31
46__32915,46,,32915,Kim Crawford Svgn Bl Marlbro,750mL,0,14.99,2024-12-31
44_PORTHCRAWL_31083,44,PORTHCRAWL,31083,Stags Leap WC Karia Chard,750mL,57,28.99,2024-12-31
50_MOUNTMEND_25517,50,MOUNTMEND,25517,Match Book Lake Cnty Cab Svg,750mL,7,9.49,2024-12-31
50_MOUNTMEND_10642,50,MOUNTMEND,10642,Marques de Murrieta RSV Rioj,750mL,23,24.99,2024-12-31
41_LARNWICK_1157,41,LARNWICK,1157,Bailey's Almande-Irish Cream,750mL,0,21.99,2024-12-31
67_EANVERNESS_20030,67,EANVERNESS,20030,Trivento Rsv Cab Malbec,750mL,17,10.49,2024-12-31
42_BLACK HOLLOW_8671,42,BLACK HOLLOW,8671,Appleton Est Signature Rum,750mL,6,19.99,2024-12-31
62_KILMARNOCK_24846,62,KILMARNOCK,24846,Franciscan Merlot Napa,750mL,5,18.99,2024-12-31
67_EANVERNESS_41030,67,EANVERNESS,41030,Folie A Deux Cab Svgn,750mL,23,16.99,2024-12-31
46__3161,46,,3161,New Amsterdam Red Berry,750mL,0,10.99,2024-12-31
57_LANTEGLOS_2436,57,LANTEGLOS,2436,Crown Royal,375mL,14,14.99,2024-12-31
50_MOUNTMEND_32969,50,MOUNTMEND,32969,Alice White Shiraz Ausl,1.5L,19,13.99,2024-12-31
44_PORTHCRAWL_4438,44,PORTHCRAWL,4438,Cruzan Black Cherry Rum,750mL,15,9.99,2024-12-31
60_IRRAGIN_2624,60,IRRAGIN,2624,Dewars 18 Yr Old Founders Rv,750mL,3,64.99,2024-12-31
67_EANVERNESS_8790,67,EANVERNESS,8790,Bolla Valpolicella,1.5L,23,15.99,2024-12-31
49_GARIGILL_3947,49,GARIGILL,3947,Herradura Anejo Tequila,750mL,5,45.99,2024-12-31
52_GRAYCOTT_45240,52,GRAYCOTT,45240,Nino Franco Prosecco Rustic,750mL,6,18.99,2024-12-31
61_AETHELNEY_36262,61,AETHELNEY,36262,Newton Chard Napa/Sonoma,750mL,7,16.99,2024-12-31
54_GUTHRAM_26427,54,GUTHRAM,26427,Latour Pouilly Fuisse,750mL,19,21.99,2024-12-31
51_ABERDEEN_3800,51,ABERDEEN,3800,Don Julio Anejo Tequila,750mL,8,54.99,2024-12-31
56_BEGGAR'S HOLE_29619,56,BEGGAR'S HOLE,29619,Schmitt Sohne Auslese,750mL,6,15.99,2024-12-31
51_ABERDEEN_5378,51,ABERDEEN,5378,Galliano L'Autentico Liqueur,750mL,7,25.99,2024-12-31
41_LARNWICK_5616,41,LARNWICK,5616,Emmets Irish Cream,1.75L,20,19.99,2024-12-31
67_EANVERNESS_43245,67,EANVERNESS,43245,Sterling Vntrs Pnt Grigio,750mL,14,9.99,2024-12-31
60_IRRAGIN_1890,60,IRRAGIN,1890,Jameson 12 Year Old,750mL,9,59.99,2024-12-31
50_MOUNTMEND_22516,50,MOUNTMEND,22516,J Lohr Cypress Brl Frm Chard,750mL,20,8.99,2024-12-31
73_DONCASTER_8395,73,DONCASTER,8395,Casamigos Anejo,750mL,11,61.99,2024-12-31
73_DONCASTER_17294,73,DONCASTER,17294,Defesa Tinto Red Alentejo,750mL,11,12.99,2024-12-31
47_PELLA'S WISH_4054,47,PELLA'S WISH,4054,Patron XO Cafe Liqueur,375mL,5,12.99,2024-12-31
60_IRRAGIN_604,60,IRRAGIN,604,McCormick Silver Rum,Liter,4,6.99,2024-12-31
58_HARTLEPOOL_38681,58,HARTLEPOOL,38681,Morgan Winery Metalico Chard,750mL,14,16.99,2024-12-31
50_MOUNTMEND_21196,50,MOUNTMEND,21196,Paul Hobbs Crossbarn Chard,750mL,26,27.99,2024-12-31
44_PORTHCRAWL_27367,44,PORTHCRAWL,27367,Ch Haut Bommes Sauternes 10,375mL,10,19.99,2024-12-31
55_DRY GULCH_7878,55,DRY GULCH,7878,Allens Coffee Brandy,1.75L,29,15.99,2024-12-31
55_DRY GULCH_6498,55,DRY GULCH,6498,Franzia Chablis Old World C,5L,20,17.99,2024-12-31
67_EANVERNESS_46476,67,EANVERNESS,46476,Tilia Malbec Mendoza,750mL,14,9.99,2024-12-31
66_EANVERNESS_16264,66,EANVERNESS,16264,Il Poggione Brunlo d Montlcn,750mL,9,79.99,2024-12-31
69_MOUNTMEND_24703,69,MOUNTMEND,24703,Kenwood J London Cab Svgn,750mL,9,30.99,2024-12-31
66_EANVERNESS_8246,66,EANVERNESS,8246,BV Coastal Estate Pnt Nr,750mL,45,7.99,2024-12-31
47_PELLA'S WISH_43788,47,PELLA'S WISH,43788,Veuve Clicquot Ponsardin Rs,750mL,1,49.99,2024-12-31
71_CLARCTON_8205,71,CLARCTON,8205,Frangelico Hazelnut Liqueur,50mL,12,2.99,2024-12-31
67_EANVERNESS_4313,67,EANVERNESS,4313,Sauza Blue Silver Tequila,1.75L,43,26.99,2024-12-31
45_VERITAS_31915,45,VERITAS,31915,F Coppola Diamond Chard,750mL,35,12.99,2024-12-31
67_EANVERNESS_12697,67,EANVERNESS,12697,Tapiz Malbec Mendoza,750mL,0,11.99,2024-12-31
49_GARIGILL_1278,49,GARIGILL,1278,Jim Beam Black,1.75L,46,35.99,2024-12-31
43_WOLFORD_5285,43,WOLFORD,5285,Jacquin Triple Sec,750mL,8,7.99,2024-12-31
71_CLARCTON_40755,71,CLARCTON,40755,D Bosler Pnt Nr Casablanca,750mL,2,13.99,2024-12-31
69_MOUNTMEND_2033,69,MOUNTMEND,2033,Canadian Mist,750mL,11,7.99,2024-12-31
65_LUTON_5680,65,LUTON,5680,Barenjager Honey Liqueur,50mL,0,1.99,2024-12-31
56_BEGGAR'S HOLE_37827,56,BEGGAR'S HOLE,37827,Yellow Tail Shiraz/Cab Ausl,750mL,11,7.99,2024-12-31
67_EANVERNESS_3890,67,EANVERNESS,3890,Absolut Peppar,750mL,13,17.99,2024-12-31
60_IRRAGIN_7341,60,IRRAGIN,7341,Smirnoff Watermelon,50mL,121,0.99,2024-12-31
62_KILMARNOCK_33682,62,KILMARNOCK,33682,R Mondavi Priv Slctn Cab Svg,1.5L,11,20.99,2024-12-31
51_ABERDEEN_3511,51,ABERDEEN,3511,New Amsterdam Vodka,750mL,21,10.99,2024-12-31
41_LARNWICK_8634,41,LARNWICK,8634,Manischewitz Cream White Cnd,1.5L,8,7.99,2024-12-31
73_DONCASTER_2136,73,DONCASTER,2136,Elijah Craig Small Batch,750mL,16,28.99,2024-12-31
44_PORTHCRAWL_27474,44,PORTHCRAWL,27474,BiancaVigna Prosecco Brut,750mL,12,14.99,2024-12-31
60_IRRAGIN_13443,60,IRRAGIN,13443,Villa des Anges Cab VDP D'Oc,750mL,1,11.99,2024-12-31
46__5138,46,,5138,Fireball Cinnamon Whisky,750mL,0,13.99,2024-12-31
59_CLAETHORPES_21386,59,CLAETHORPES,21386,Segal's Cab Svgn Spcl Rsv Ga,750mL,4,20.99,2024-12-31
44_PORTHCRAWL_1239,44,PORTHCRAWL,1239,Booker's Bourbon,750mL,16,50.99,2024-12-31
55_DRY GULCH_24471,55,DRY GULCH,24471,Cres Richards Stecia Larzac,750mL,4,19.99,2024-12-31
42_BLACK HOLLOW_43489,42,BLACK HOLLOW,43489,Ken Forrester Petit Chenin B,750mL,12,11.99,2024-12-31
41_LARNWICK_8823,41,LARNWICK,8823,Leroux Apricot Brandy,750mL,18,7.99,2024-12-31
65_LUTON_4478,65,LUTON,4478,Myers Original Dark Rum,750mL,13,17.99,2024-12-31
44_PORTHCRAWL_3086,44,PORTHCRAWL,3086,Ciroc Coconut Vodka,1.75L,5,48.99,2024-12-31
53_HILLFAR_14078,53,HILLFAR,14078,Bota Box Malbec,3L,6,17.99,2024-12-31
50_MOUNTMEND_46060,50,MOUNTMEND,46060,Martin Codax Albarino,750mL,39,13.99,2024-12-31
44_PORTHCRAWL_7956,44,PORTHCRAWL,7956,Bayou Satsuma Rum Liqueur,50mL,64,0.99,2024-12-31
69_MOUNTMEND_24049,69,MOUNTMEND,24049,Ozeki Hana Awaka Sprkl Sake,250mL,11,8.99,2024-12-31
42_BLACK HOLLOW_8823,42,BLACK HOLLOW,8823,Leroux Apricot Brandy,750mL,14,7.99,2024-12-31
51_ABERDEEN_4152,51,ABERDEEN,4152,Jenkins Rum,750mL,6,4.99,2024-12-31
67_EANVERNESS_28946,67,EANVERNESS,28946,Silverado Merlot Napa,750mL,116,29.99,2024-12-31
41_LARNWICK_4153,41,LARNWICK,4153,Jenkins Rum,1.75L,26,11.99,2024-12-31
67_EANVERNESS_4416,67,EANVERNESS,4416,Cruzan Coconut Flavored Rum,750mL,19,9.99,2024-12-31
54_GUTHRAM_3765,54,GUTHRAM,3765,Three Olives Citrus Vodka,750mL,12,11.99,2024-12-31
47_PELLA'S WISH_7302,47,PELLA'S WISH,7302,Marques de Caceres Rioja Re,750mL,17,10.99,2024-12-31
50_MOUNTMEND_7996,50,MOUNTMEND,7996,Stock Italian Sweet Vermouth,750mL,39,5.49,2024-12-31
52_GRAYCOTT_8236,52,GRAYCOTT,8236,Jim Beam,50mL,80,1.49,2024-12-31
41_LARNWICK_2623,41,LARNWICK,2623,Ballantines,1.75L,21,27.99,2024-12-31
55_DRY GULCH_32054,55,DRY GULCH,32054,Greg Norman Lmstn Cab/Merlot,750mL,22,9.99,2024-12-31
64_CESTERFIELD_8144,64,CESTERFIELD,8144,Corralejo Reposado Tequila,750mL,4,29.99,2024-12-31
54_GUTHRAM_7423,54,GUTHRAM,7423,Manischewitz Concord Kosher,1.5L,8,7.99,2024-12-31
58_HARTLEPOOL_42420,58,HARTLEPOOL,42420,Yellow Tail Pnt Grigio Ausl,750mL,13,7.99,2024-12-31
64_CESTERFIELD_8036,64,CESTERFIELD,8036,Livingston Chablis Cal,3L,7,11.99,2024-12-31
52_GRAYCOTT_44228,52,GRAYCOTT,44228,Clean Slate Rsl Mosel,750mL,32,11.99,2024-12-31
41_LARNWICK_32294,41,LARNWICK,32294,Dom Chandon Brut,187mL,17,4.49,2024-12-31
69_MOUNTMEND_38481,69,MOUNTMEND,38481,Canella Prosecco Di Conegli,750mL,5,16.99,2024-12-31
68_SOLARIS_45769,68,SOLARIS,45769,Bonterra Svgn Bl Organic,750mL,8,11.99,2024-12-31
66_EANVERNESS_17915,66,EANVERNESS,17915,Thorny Rose Svgn Bl NZ,750mL,18,10.99,2024-12-31
41_LARNWICK_38322,41,LARNWICK,38322,Fuki Sake,750mL,11,11.99,2024-12-31
60_IRRAGIN_37792,60,IRRAGIN,37792,Blackstone Pnt Nr Monterey,750mL,11,7.99,2024-12-31
56_BEGGAR'S HOLE_13940,56,BEGGAR'S HOLE,13940,Black Box Malbec,3L,10,18.99,2024-12-31
56_BEGGAR'S HOLE_26275,56,BEGGAR'S HOLE,26275,Fathom Merlot 13,750mL,24,12.99,2024-12-31
71_CLARCTON_5298,71,CLARCTON,5298,Southern Comfort 100 Proof,750mL,8,16.99,2024-12-31
42_BLACK HOLLOW_2418,42,BLACK HOLLOW,2418,Crown Royal Regal Apple,750mL,26,22.99,2024-12-31
53_HILLFAR_30117,53,HILLFAR,30117,Clos Haut Peyraguey 2014,750mL,0,44.49,2024-12-31
44_PORTHCRAWL_6933,44,PORTHCRAWL,6933,Ch Ste Michelle Svgn Bl,750mL,60,8.99,2024-12-31
60_IRRAGIN_26538,60,IRRAGIN,26538,Gruet Sauvage Bl de Bl,750mL,4,17.99,2024-12-31
44_PORTHCRAWL_13618,44,PORTHCRAWL,13618,Terra d'Oro Znfdl Port,750mL,8,17.99,2024-12-31
68_SOLARIS_10723,68,SOLARIS,10723,R M Woodbridge Chard,1.5L,88,8.99,2024-12-31
55_DRY GULCH_3220,55,DRY GULCH,3220,Svedka Clementine Vodka,1.75L,38,18.99,2024-12-31
66_EANVERNESS_4670,66,EANVERNESS,4670,Bacardi Dragon Berry Rum,375mL,13,3.99,2024-12-31
43_WOLFORD_29081,43,WOLFORD,29081,Beringer Wh Znfdl/Chard LVS,750mL,8,9.99,2024-12-31
62_KILMARNOCK_6724,62,KILMARNOCK,6724,Black Opal Cashmore Cab Svgn,750mL,9,7.99,2024-12-31
60_IRRAGIN_19814,60,IRRAGIN,19814,Rodney Strong Charlottes Svg,750mL,11,16.99,2024-12-31
73_DONCASTER_2547,73,DONCASTER,2547,WhistlePig 10Yr Straight Rye,50mL,22,6.99,2024-12-31
48_NORFOLK_23889,48,NORFOLK,23889,Corbett Canyon Wh Znfdl,1.5L,22,8.99,2024-12-31
72_HARDERSFIELD_27644,72,HARDERSFIELD,27644,Cline Znfdl Cal,750mL,22,9.99,2024-12-31
55_DRY GULCH_7070,55,DRY GULCH,7070,Skinnygirl Margarita Wtrmn/L,750mL,11,10.99,2024-12-31
41_LARNWICK_26889,41,LARNWICK,26889,Jaboulet Crozes Hermitage L,750mL,10,23.99,2024-12-31
71_CLARCTON_2595,71,CLARCTON,2595,Clontarf Irish Whiskey,750mL,3,16.99,2024-12-31
61_AETHELNEY_6864,61,AETHELNEY,6864,St Francis Chard,750mL,12,9.99,2024-12-31
49_GARIGILL_24662,49,GARIGILL,24662,Silver Totem Cab Svgn,750mL,22,19.99,2024-12-31
48_NORFOLK_3489,48,NORFOLK,3489,Tanqueray,1.75L,161,27.99,2024-12-31
73_DONCASTER_7320,73,DONCASTER,7320,Malibu Rum Punch RTD,1.75L,9,17.99,2024-12-31
43_WOLFORD_11456,43,WOLFORD,11456,Burgess Cab Svgn Napa,750mL,2,34.99,2024-12-31
70_KELD_3970,70,KELD,3970,El Toro Gold,750mL,21,9.29,2024-12-31
56_BEGGAR'S HOLE_8970,56,BEGGAR'S HOLE,8970,Ice Box Manhattan,1.75L,14,9.99,2024-12-31
67_EANVERNESS_2870,67,EANVERNESS,2870,Ardbeg Dark Cove Giftbox,750mL,8,109.99,2024-12-31
47_PELLA'S WISH_2580,47,PELLA'S WISH,2580,Barr Hill Gin,750mL,4,34.99,2024-12-31
43_WOLFORD_6938,43,WOLFORD,6938,Vendange Chard,1.5L,9,7.99,2024-12-31
64_CESTERFIELD_3667,64,CESTERFIELD,3667,Boru Original Irish Vodka,1.75L,15,17.99,2024-12-31
44_PORTHCRAWL_3325,44,PORTHCRAWL,3325,Pinnacle Caramel Apple Vodka,750mL,12,10.99,2024-12-31
41_LARNWICK_3210,41,LARNWICK,3210,Smirnoff Sourced Pineapple,50mL,61,0.99,2024-12-31
61_AETHELNEY_3676,61,AETHELNEY,3676,Permafrost Alaskan Vodka,750mL,8,34.99,2024-12-31
55_DRY GULCH_3128,55,DRY GULCH,3128,Ocean Organic Vodka,50mL,4,5.99,2024-12-31
49_GARIGILL_6542,49,GARIGILL,6542,Melini Borghi D'Elsa Chiant,750mL,16,6.99,2024-12-31
69_MOUNTMEND_23134,69,MOUNTMEND,23134,Carpano Bianco Vermouth,Liter,8,22.99,2024-12-31
49_GARIGILL_19526,49,GARIGILL,19526,Rhone Roger Sabon 13 CDR Rou,750mL,2,13.99,2024-12-31
64_CESTERFIELD_26442,64,CESTERFIELD,26442,Fortant Heritage Lang Rouge,750mL,22,15.99,2024-12-31
44_PORTHCRAWL_20731,44,PORTHCRAWL,20731,Villa Jolanda Strwby Moscato,750mL,17,9.99,2024-12-31
64_CESTERFIELD_25896,64,CESTERFIELD,25896,JeanJean Mas de Lunes 12,750mL,8,15.99,2024-12-31
54_GUTHRAM_4385,54,GUTHRAM,4385,Parrot Bay 90 Coconut Capt,1.75L,11,24.99,2024-12-31
66_EANVERNESS_29192,66,EANVERNESS,29192,Perrin Chtnf du Pape,750mL,19,27.99,2024-12-31
69_MOUNTMEND_4370,69,MOUNTMEND,4370,Ron Virgin White,1.75L,28,10.99,2024-12-31
49_GARIGILL_3050,49,GARIGILL,3050,Bowman Vodka,1.75L,21,8.99,2024-12-31
44_PORTHCRAWL_42122,44,PORTHCRAWL,42122,Smoking Loon Svgn Bl Cal,750mL,29,6.79,2024-12-31
50_MOUNTMEND_38110,50,MOUNTMEND,38110,Canyon Oaks Wh Znfdl Cal,750mL,16,5.99,2024-12-31
68_SOLARIS_2845,68,SOLARIS,2845,Old Camp Spicy Pecan Peach W,750mL,10,19.99,2024-12-31
66_EANVERNESS_4174,66,EANVERNESS,4174,Kraken Black Spiced Rum 94P,1.75L,80,28.99,2024-12-31
44_PORTHCRAWL_11238,44,PORTHCRAWL,11238,Willamette Whole Clst Pnt Nr,750mL,11,20.99,2024-12-31
49_GARIGILL_26821,49,GARIGILL,26821,Estancia Merlot Central Cst,750mL,10,9.99,2024-12-31
41_LARNWICK_4898,41,LARNWICK,4898,Mount Gay Extra Old Rum,750mL,34,39.99,2024-12-31
51_ABERDEEN_3272,51,ABERDEEN,3272,Sobieski Vodka,1.75L,17,17.99,2024-12-31
61_AETHELNEY_1556,61,AETHELNEY,1556,Kahlua w/50mL Absolut+Glass,750mL,25,18.99,2024-12-31
54_GUTHRAM_33039,54,GUTHRAM,33039,Beringer Fndrs Est Merlot,1.5L,8,18.99,2024-12-31
51_ABERDEEN_27042,51,ABERDEEN,27042,Luna di Luna Chard/Pnt Grigo,750mL,34,9.99,2024-12-31
66_EANVERNESS_2713,66,EANVERNESS,2713,Inver House Green Plaid 3-Y,1.75L,22,13.99,2024-12-31
56_BEGGAR'S HOLE_8470,56,BEGGAR'S HOLE,8470,1800 Reposado Gold Tequila,50mL,21,2.79,2024-12-31
66_EANVERNESS_26462,66,EANVERNESS,26462,Ravenswood Znfdl Sonoma,750mL,57,16.99,2024-12-31
68_SOLARIS_19668,68,SOLARIS,19668,Gnarly Head Malbec,750mL,6,9.99,2024-12-31
49_GARIGILL_3500,49,GARIGILL,3500,Tito's Handmade Vodka,50mL,153,1.49,2024-12-31
44_PORTHCRAWL_27831,44,PORTHCRAWL,27831,Wild Horse CC Chard,750mL,20,15.99,2024-12-31
41_LARNWICK_43489,41,LARNWICK,43489,Ken Forrester Petit Chenin B,750mL,15,11.99,2024-12-31
50_MOUNTMEND_32809,50,MOUNTMEND,32809,Flag Hill Marechal Foch NH,750mL,49,12.99,2024-12-31
44_PORTHCRAWL_46621,44,PORTHCRAWL,46621,Erath Pnt Nr Estate OR,750mL,20,23.99,2024-12-31
54_GUTHRAM_33582,54,GUTHRAM,33582,Villa Cornaro Prosecco Del,750mL,23,9.99,2024-12-31
66_EANVERNESS_4802,66,EANVERNESS,4802,Monteru Sauternes French Bra,750mL,12,54.99,2024-12-31
41_LARNWICK_2366,41,LARNWICK,2366,Templeton Rye Whiskey,750mL,10,34.99,2024-12-31
69_MOUNTMEND_17967,69,MOUNTMEND,17967,Banfi Principessa Gavia Gav,750mL,23,15.99,2024-12-31
59_CLAETHORPES_8691,59,CLAETHORPES,8691,Jose Cuervo Especial,750mL,37,15.99,2024-12-31
67_EANVERNESS_4152,67,EANVERNESS,4152,Jenkins Rum,750mL,22,4.99,2024-12-31
69_MOUNTMEND_35393,69,MOUNTMEND,35393,Tohu Svgn Bl Marlboro,750mL,12,13.99,2024-12-31
53_HILLFAR_46021,53,HILLFAR,46021,Spellbound Cab Svgn Cal,750mL,11,12.99,2024-12-31
59_CLAETHORPES_659,59,CLAETHORPES,659,Rhum Barbancourt Estate RSV,750mL,1,33.99,2024-12-31
43_WOLFORD_3409,43,WOLFORD,3409,Crystal Head Vodka,750mL,5,49.99,2024-12-31
56_BEGGAR'S HOLE_4898,56,BEGGAR'S HOLE,4898,Mount Gay Extra Old Rum,750mL,15,39.99,2024-12-31
73_DONCASTER_41348,73,DONCASTER,41348,Felino Vino Cobos Malbec,750mL,19,17.99,2024-12-31
67_EANVERNESS_1663,67,EANVERNESS,1663,Jim Beam Maple,50mL,0,0.99,2024-12-31
62_KILMARNOCK_8408,62,KILMARNOCK,8408,Wild Turkey American Honey,1.75L,6,35.99,2024-12-31
67_EANVERNESS_19989,67,EANVERNESS,19989,Querceto Sangiovese,750mL,0,6.99,2024-12-31
68_SOLARIS_8016,68,SOLARIS,8016,La Vieille Ferme Wh Rhone,750mL,12,6.99,2024-12-31
69_MOUNTMEND_26557,69,MOUNTMEND,26557,King Est Pnt Gris Ore,750mL,21,18.99,2024-12-31
73_DONCASTER_24290,73,DONCASTER,24290,Ch La Gr Metairie Entre Mers,750mL,23,12.99,2024-12-31
67_EANVERNESS_25445,67,EANVERNESS,25445,Maynard's 10 Yr Tawny Port,750mL,15,19.99,2024-12-31
48_NORFOLK_3598,48,NORFOLK,3598,Ice Pik Vodka,750mL,8,13.99,2024-12-31
64_CESTERFIELD_8191,64,CESTERFIELD,8191,Savory & James Deluxe Cream,1.5L,11,18.49,2024-12-31
50_MOUNTMEND_24455,50,MOUNTMEND,24455,Franciscan Cab Svgn Napa,750mL,58,16.98,2024-12-31
47_PELLA'S WISH_18641,47,PELLA'S WISH,18641,Yellow Tail Big Bold Red,1.5L,24,8.95,2024-12-31
65_LUTON_8387,65,LUTON,8387,Wild Turkey 101,750mL,9,23.99,2024-12-31
68_SOLARIS_39524,68,SOLARIS,39524,Marilyn Merlot Napa,750mL,10,25.99,2024-12-31
41_LARNWICK_16695,41,LARNWICK,16695,Ch Hyot Brdx Castillon,750mL,79,15.99,2024-12-31
71_CLARCTON_18027,71,CLARCTON,18027,Banfi Rosa Regale,750mL,14,13.95,2024-12-31
59_CLAETHORPES_5365,59,CLAETHORPES,5365,Kahlua,750mL,109,18.99,2024-12-31
44_PORTHCRAWL_8898,44,PORTHCRAWL,8898,Yukon Jack,1.75L,8,25.99,2024-12-31
45_VERITAS_8102,45,VERITAS,8102,Absolut Mandrin,1.75L,7,24.99,2024-12-31
41_LARNWICK_43877,41,LARNWICK,43877,Duckhorn Svgn Bl Napa,750mL,71,26.99,2024-12-31
50_MOUNTMEND_4737,50,MOUNTMEND,4737,St Remy VSOP Authentic Brndy,750mL,36,10.99,2024-12-31
59_CLAETHORPES_6725,59,CLAETHORPES,6725,Franzia Crisp White Tap,5L,16,12.99,2024-12-31
62_KILMARNOCK_5137,62,KILMARNOCK,5137,Irish Manor Irish Cream,750mL,14,9.99,2024-12-31
44_PORTHCRAWL_3913,44,PORTHCRAWL,3913,Svedka Vodka,1.75L,116,16.99,2024-12-31
67_EANVERNESS_25757,67,EANVERNESS,25757,Stonehedge Meritage 13 Napa,750mL,75,17.99,2024-12-31
68_SOLARIS_19055,68,SOLARIS,19055,Wolf Blass Yllw Lbl Cab Svgn,750mL,13,9.99,2024-12-31
66_EANVERNESS_39348,66,EANVERNESS,39348,Sterling Vintners Cltn Pnt N,750mL,19,9.99,2024-12-31
73_DONCASTER_11854,73,DONCASTER,11854,Trivento Amado Sur Malbec,750mL,35,14.99,2024-12-31
60_IRRAGIN_3227,60,IRRAGIN,3227,Taaka Gin,1.75L,19,8.99,2024-12-31
47_PELLA'S WISH_3342,47,PELLA'S WISH,3342,Bully Boy Old Fashioned RTD,750mL,7,22.99,2024-12-31
73_DONCASTER_23774,73,DONCASTER,23774,Ch Rol Velentin 12 St-Emilio,750mL,11,45.99,2024-12-31
54_GUTHRAM_29996,54,GUTHRAM,29996,Wild Horse CC Cab Svgn,750mL,12,16.99,2024-12-31
50_MOUNTMEND_3837,50,MOUNTMEND,3837,Skyy Vodka,50mL,358,0.99,2024-12-31
67_EANVERNESS_46418,67,EANVERNESS,46418,Ermita Sn Felices Rose Rioja,750mL,10,15.99,2024-12-31
56_BEGGAR'S HOLE_2784,56,BEGGAR'S HOLE,2784,Lauders,Liter,6,9.79,2024-12-31
41_LARNWICK_3390,41,LARNWICK,3390,Cold River Blueberry Vodka,750mL,20,29.99,2024-12-31
51_ABERDEEN_377,51,ABERDEEN,377,Hendrick's Gin,Liter,3,37.99,2024-12-31
41_LARNWICK_8790,41,LARNWICK,8790,Bolla Valpolicella,1.5L,17,15.99,2024-12-31
63_SWORDBREAK_42099,63,SWORDBREAK,42099,Bota Box Pnt Grigio Cal,3L,5,17.99,2024-12-31
47_PELLA'S WISH_2591,47,PELLA'S WISH,2591,Cardhu Scotch,750mL,8,39.99,2024-12-31
49_GARIGILL_7345,49,GARIGILL,7345,M & R Asti,750mL,0,10.99,2024-12-31
66_EANVERNESS_2602,66,EANVERNESS,2602,Caol Ila 12 Yr Islay Single,750mL,5,56.99,2024-12-31
64_CESTERFIELD_3726,64,CESTERFIELD,3726,Gilbeys Vodka Traveler,750mL,37,4.99,2024-12-31
55_DRY GULCH_24261,55,DRY GULCH,24261,Red Car Chard Sonoma Cst,750mL,4,33.99,2024-12-31
57_LANTEGLOS_42099,57,LANTEGLOS,42099,Bota Box Pnt Grigio Cal,3L,8,17.99,2024-12-31
43_WOLFORD_6670,43,WOLFORD,6670,Pinnacle Pineapple Vodka,750mL,9,10.99,2024-12-31
60_IRRAGIN_43918,60,IRRAGIN,43918,Farnum Hill X-Dry Cider,750mL,0,11.99,2024-12-31
53_HILLFAR_38950,53,HILLFAR,38950,Corvo Sicily Nero D'Avola,750mL,12,9.99,2024-12-31
67_EANVERNESS_3046,67,EANVERNESS,3046,Ciroc Peach Vodka,1.75L,15,48.99,2024-12-31
60_IRRAGIN_29431,60,IRRAGIN,29431,Clos du Val Cab Svgn Napa,750mL,0,54.99,2024-12-31
50_MOUNTMEND_8505,50,MOUNTMEND,8505,Hussong's Repasado Tequila,750mL,12,29.99,2024-12-31
62_KILMARNOCK_2723,62,KILMARNOCK,2723,J & B Rare,1.75L,20,27.99,2024-12-31
63_SWORDBREAK_20862,63,SWORDBREAK,20862,William Hill Est Cab Svgn NC,750mL,5,12.95,2024-12-31
60_IRRAGIN_43020,60,IRRAGIN,43020,Krug Grande Cuvee Brut,750mL,7,142.99,2024-12-31
66_EANVERNESS_1281,66,EANVERNESS,1281,Benchmark Old #8 Bourbon,1.75L,30,17.99,2024-12-31
50_MOUNTMEND_3176,50,MOUNTMEND,3176,Smugglers Notch Vodka,750mL,20,27.99,2024-12-31
62_KILMARNOCK_4678,62,KILMARNOCK,4678,Courvoisier VS Cognac,750mL,15,22.99,2024-12-31
60_IRRAGIN_1725,60,IRRAGIN,1725,Ole Smoky White Lightnin',750mL,6,18.99,2024-12-31
71_CLARCTON_26399,71,CLARCTON,26399,Trapiche Malbec Mendoza Oak,750mL,10,7.99,2024-12-31
63_SWORDBREAK_6654,63,SWORDBREAK,6654,Veuve Clicquot Brut Yellow,750mL,11,39.99,2024-12-31
50_MOUNTMEND_2564,50,MOUNTMEND,2564,Glen Garioch 12 Yr Old,750mL,10,59.99,2024-12-31
44_PORTHCRAWL_32827,44,PORTHCRAWL,32827,Rombauer Merlot Napa,750mL,7,29.99,2024-12-31
58_HARTLEPOOL_11214,58,HARTLEPOOL,11214,Caymus Cab Svgn Napa Vly,750mL,10,69.99,2024-12-31
67_EANVERNESS_24789,67,EANVERNESS,24789,Gentleman's Collection Red,750mL,96,18.99,2024-12-31
47_PELLA'S WISH_2132,47,PELLA'S WISH,2132,Lord Calvert Canadian,1.75L,11,12.99,2024-12-31
67_EANVERNESS_2803,67,EANVERNESS,2803,Bluecoat Gin,750mL,8,25.99,2024-12-31
58_HARTLEPOOL_41254,58,HARTLEPOOL,41254,Ch St Jean Merlot Cal,750mL,6,11.99,2024-12-31
72_HARDERSFIELD_27801,72,HARDERSFIELD,27801,Moet & Chandon Nectar Imper,750mL,7,45.99,2024-12-31
40_BULLMAR_44717,40,BULLMAR,44717,Dom Chandon Rose Spklg,750mL,8,13.99,2024-12-31
62_KILMARNOCK_8439,62,KILMARNOCK,8439,Finlandia Tangerine Fusion,750mL,0,16.99,2024-12-31
62_KILMARNOCK_1373,62,KILMARNOCK,1373,Jim Beam Honey,750mL,24,14.99,2024-12-31
63_SWORDBREAK_3760,63,SWORDBREAK,3760,Absolut Pears,750mL,5,17.99,2024-12-31
67_EANVERNESS_23781,67,EANVERNESS,23781,Le Clarence de Haut Brion 12,750mL,12,133.99,2024-12-31
54_GUTHRAM_5242,54,GUTHRAM,5242,Cointreau Liqueur,750mL,20,29.99,2024-12-31
42_BLACK HOLLOW_23153,42,BLACK HOLLOW,23153,Butternut Pnt Nr Cal,750mL,11,14.99,2024-12-31
42_BLACK HOLLOW_6727,42,BLACK HOLLOW,6727,Antinori Toscana Rd,750mL,26,17.99,2024-12-31
64_CESTERFIELD_25818,64,CESTERFIELD,25818,Fitou Rsv 14,750mL,7,9.99,2024-12-31
46__6322,46,,6322,Rene Junot Red,1.5L,0,12.99,2024-12-31
64_CESTERFIELD_19865,64,CESTERFIELD,19865,Clarendelle Brdx Rouge,750mL,5,18.99,2024-12-31
42_BLACK HOLLOW_44081,42,BLACK HOLLOW,44081,Wente Riva Ranch Chard,750mL,6,18.99,2024-12-31
70_KELD_5765,70,KELD,5765,Jose Cuervo Lime Margarita,1.75L,18,16.99,2024-12-31
54_GUTHRAM_17162,54,GUTHRAM,17162,Menage a Trois Pnt Grigio,750mL,9,8.99,2024-12-31
61_AETHELNEY_7725,61,AETHELNEY,7725,Great Western Brut,750mL,24,9.99,2024-12-31
70_KELD_39983,70,KELD,39983,Little Penguin Shiraz Ausl,1.5L,4,11.99,2024-12-31
41_LARNWICK_34504,41,LARNWICK,34504,Ca'Montini Pinot Grigio Tre,750mL,7,14.99,2024-12-31
54_GUTHRAM_24286,54,GUTHRAM,24286,Kendall Jackson Gr RSV Cab S,750mL,11,22.99,2024-12-31
66_EANVERNESS_4380,66,EANVERNESS,4380,Ron Virgin Heavy Bodied Rum,1.75L,24,13.99,2024-12-31
52_GRAYCOTT_21032,52,GRAYCOTT,21032,Taylor Fladgate 10-Yr Tawny,750mL,6,22.99,2024-12-31
54_GUTHRAM_25285,54,GUTHRAM,25285,A Bichot St-Amour Champlette,750mL,21,18.99,2024-12-31
73_DONCASTER_6873,73,DONCASTER,6873,Guigal Cotes du Rhone Red,750mL,23,14.99,2024-12-31
44_PORTHCRAWL_8113,44,PORTHCRAWL,8113,R Mondavi Chard Napa,750mL,16,17.99,2024-12-31
54_GUTHRAM_19947,54,GUTHRAM,19947,Josh Cellars Svgn Bl,750mL,9,13.99,2024-12-31
55_DRY GULCH_23334,55,DRY GULCH,23334,Ch Lalande Borie 11 Julien,750mL,3,31.99,2024-12-31
52_GRAYCOTT_3085,52,GRAYCOTT,3085,Absolut Mini Bar 5/50mls,250mL,24,7.99,2024-12-31
61_AETHELNEY_1239,61,AETHELNEY,1239,Booker's Bourbon,750mL,6,50.99,2024-12-31
55_DRY GULCH_3998,55,DRY GULCH,3998,Monte Alban Mezcal,750mL,15,19.99,2024-12-31
51_ABERDEEN_37792,51,ABERDEEN,37792,Blackstone Pnt Nr Monterey,750mL,13,7.99,2024-12-31
48_NORFOLK_2957,48,NORFOLK,2957,Glenfarclas 12-Yr Scotch,750mL,3,35.99,2024-12-31
62_KILMARNOCK_14805,62,KILMARNOCK,14805,Ninety+Cellars Lot 23 Malbec,750mL,13,8.99,2024-12-31
48_NORFOLK_3626,48,NORFOLK,3626,Sauza Extra Gold Tequila,750mL,18,12.99,2024-12-31
64_CESTERFIELD_4298,64,CESTERFIELD,4298,Bacardi Raspberry Rum,50mL,2,0.99,2024-12-31
66_EANVERNESS_4762,66,EANVERNESS,4762,Hartley Brandy VS,750mL,11,6.99,2024-12-31
69_MOUNTMEND_23168,69,MOUNTMEND,23168,Blanc de Bleu Mousseux Brut,750mL,0,15.99,2024-12-31
46__29431,46,,29431,Clos du Val Cab Svgn Napa,750mL,0,54.99,2024-12-31
53_HILLFAR_2694,53,HILLFAR,2694,Glenmorangie LaSanta,750mL,4,49.99,2024-12-31
44_PORTHCRAWL_2746,44,PORTHCRAWL,2746,Laphroaig Cairdeas Madiera,750mL,4,71.99,2024-12-31
51_ABERDEEN_19175,51,ABERDEEN,19175,Melini Chianti DOCG Riserva,750mL,56,11.99,2024-12-31
42_BLACK HOLLOW_2838,42,BLACK HOLLOW,2838,Calumet Bourbon,750mL,11,43.99,2024-12-31
66_EANVERNESS_13143,66,EANVERNESS,13143,F Coppola Directors Chard,750mL,11,15.99,2024-12-31
44_PORTHCRAWL_18568,44,PORTHCRAWL,18568,A by Acacia Unoaked Chard Ca,750mL,12,9.99,2024-12-31
55_DRY GULCH_26363,55,DRY GULCH,26363,E&J Gallo Vyds Sweet Peach,750mL,96,4.99,2024-12-31
68_SOLARIS_8474,68,SOLARIS,8474,1800 Reposado Gold Tequila,1.75L,8,41.99,2024-12-31
62_KILMARNOCK_3385,62,KILMARNOCK,3385,Pinnacle Strawbry Kiwi Vodka,1.75L,17,15.99,2024-12-31
65_LUTON_8450,65,LUTON,8450,E & J Brandy VS,1.75L,7,19.99,2024-12-31
55_DRY GULCH_44529,55,DRY GULCH,44529,Salmon Run Chard/Rsl,750mL,21,9.99,2024-12-31
55_DRY GULCH_46297,55,DRY GULCH,46297,Intorcia Marsala Dry,Liter,14,11.99,2024-12-31
63_SWORDBREAK_4806,63,SWORDBREAK,4806,Leroux Blackberry Brandy,1.75L,21,14.99,2024-12-31
50_MOUNTMEND_22406,50,MOUNTMEND,22406,Three Wishes Cab Svgn,750mL,14,3.29,2024-12-31
49_GARIGILL_11396,49,GARIGILL,11396,Buried Cane Cab Svgn,750mL,19,13.99,2024-12-31
51_ABERDEEN_5202,51,ABERDEEN,5202,Dr McGillicuddy's Vanilla,750mL,8,13.99,2024-12-31
69_MOUNTMEND_3660,69,MOUNTMEND,3660,Deep Eddy Ruby Red Vodka,1.75L,15,27.99,2024-12-31
45_VERITAS_6861,45,VERITAS,6861,Sutter Home Clsc Wh Znfdl,187mL 4 Pk,12,5.99,2024-12-31
59_CLAETHORPES_2749,59,CLAETHORPES,2749,John Begg Blue Cap,1.75L,7,16.99,2024-12-31
53_HILLFAR_3608,53,HILLFAR,3608,Smirnoff Orange Vodka,50mL,186,0.99,2024-12-31
47_PELLA'S WISH_3996,47,PELLA'S WISH,3996,Deep Eddy Peach Vodka,750mL,11,17.99,2024-12-31
69_MOUNTMEND_21441,69,MOUNTMEND,21441,Goulee Cos d'Estournel Medoc,750mL,2,26.99,2024-12-31
61_AETHELNEY_812,61,AETHELNEY,812,Jagermeister Liqueur,Liter,19,20.99,2024-12-31
62_KILMARNOCK_2468,62,KILMARNOCK,2468,Crown Royal Nrth Harvest Rye,750mL,12,27.99,2024-12-31
52_GRAYCOTT_16262,52,GRAYCOTT,16262,The Dreaming Tree Crush Red,750mL,10,11.99,2024-12-31
49_GARIGILL_1692,49,GARIGILL,1692,Everclear 151,750mL,21,17.99,2024-12-31
49_GARIGILL_8626,49,GARIGILL,8626,Ezra Brooks,1.75L,15,15.99,2024-12-31
71_CLARCTON_6983,71,CLARCTON,6983,J Lohr Seven Oaks Cab Svgn,750mL,24,14.99,2024-12-31
50_MOUNTMEND_23388,50,MOUNTMEND,23388,Light Horse Cab Svgn,750mL,0,11.99,2024-12-31
50_MOUNTMEND_43019,50,MOUNTMEND,43019,Krug Grande Cve Brut,375mL,14,84.99,2024-12-31
64_CESTERFIELD_13695,64,CESTERFIELD,13695,Red Rock Winery Malbec,750mL,12,9.99,2024-12-31
49_GARIGILL_21101,49,GARIGILL,21101,Niner Twisted Spur 10 Red,750mL,1,17.99,2024-12-31
54_GUTHRAM_3959,54,GUTHRAM,3959,Hornitos Black Barrel,750mL,5,26.99,2024-12-31
55_DRY GULCH_46489,55,DRY GULCH,46489,Eppa Red Sangria Organic,750mL,15,10.99,2024-12-31
60_IRRAGIN_22524,60,IRRAGIN,22524,Dry Creek Vyds Est Block 10,750mL,3,29.99,2024-12-31
53_HILLFAR_686,53,HILLFAR,686,Midnight Moon Cherry,750mL,10,19.99,2024-12-31
43_WOLFORD_40755,43,WOLFORD,40755,D Bosler Pnt Nr Casablanca,750mL,24,13.99,2024-12-31
59_CLAETHORPES_35464,59,CLAETHORPES,35464,Stags Leap WC Artemis Cab,750mL,39,48.99,2024-12-31
69_MOUNTMEND_16585,69,MOUNTMEND,16585,Pali Summit Station R Pnt Nr,750mL,2,29.99,2024-12-31
50_MOUNTMEND_26390,50,MOUNTMEND,26390,Pepperwood Grove Cab Svgn,750mL,13,7.99,2024-12-31
58_HARTLEPOOL_1269,58,HARTLEPOOL,1269,Jeffersons Bourbon,750mL,14,25.99,2024-12-31
67_EANVERNESS_3244,67,EANVERNESS,3244,Burnetts Vodka,750mL,31,6.99,2024-12-31
56_BEGGAR'S HOLE_8036,56,BEGGAR'S HOLE,8036,Livingston Chablis Cal,3L,0,11.99,2024-12-31
69_MOUNTMEND_37904,69,MOUNTMEND,37904,Trapiche Broquel Mndz Malbec,750mL,11,10.99,2024-12-31
44_PORTHCRAWL_15506,44,PORTHCRAWL,15506,Mollydooker Velvet Glove Shi,750mL,3,169.99,2024-12-31
69_MOUNTMEND_33684,69,MOUNTMEND,33684,R Mondavi Private Slct Merlt,1.5L,8,20.99,2024-12-31
66_EANVERNESS_31581,66,EANVERNESS,31581,Ch Graville Lacoste Graves,750mL,4,16.99,2024-12-31
50_MOUNTMEND_22080,50,MOUNTMEND,22080,Hacienda Zargon Merlot,750mL,48,9.99,2024-12-31
48_NORFOLK_3938,48,NORFOLK,3938,Stolichnaya,750mL,19,16.99,2024-12-31
69_MOUNTMEND_23323,69,MOUNTMEND,23323,Alter Ego de Palmer Mrgx 11,750mL,3,82.99,2024-12-31
71_CLARCTON_5218,71,CLARCTON,5218,Chila Orchata Cinnamon Cream,750mL,7,13.99,2024-12-31
48_NORFOLK_31489,48,NORFOLK,31489,Barefoot Chard Cal,1.5L,40,10.99,2024-12-31
52_GRAYCOTT_3234,52,GRAYCOTT,3234,Hendrick's Gin,1.75L,3,59.99,2024-12-31
70_KELD_31320,70,KELD,31320,La Vieille Ferme Rose Vntoux,750mL,20,6.99,2024-12-31
51_ABERDEEN_4939,51,ABERDEEN,4939,Kapali Coffee,1.75L,7,15.99,2024-12-31
66_EANVERNESS_2899,66,EANVERNESS,2899,Laphroiag Select Single Malt,750mL,8,44.99,2024-12-31
52_GRAYCOTT_1355,52,GRAYCOTT,1355,Knob Creek Bourbon,50mL,33,3.99,2024-12-31
55_DRY GULCH_7413,55,DRY GULCH,7413,Manischewitz Blackberry Kshr,1.5L,5,7.99,2024-12-31
47_PELLA'S WISH_21033,47,PELLA'S WISH,21033,Taylor Fladgate 20-Yr Tawny,750mL,13,38.99,2024-12-31
55_DRY GULCH_8059,55,DRY GULCH,8059,Corazon de Agave Anejo,750mL,11,27.99,2024-12-31
68_SOLARIS_658,68,SOLARIS,658,Allens Triple Sec,Liter,12,2.99,2024-12-31
66_EANVERNESS_27195,66,EANVERNESS,27195,JCB No 69 Sparkling Rose,750mL,8,19.99,2024-12-31
41_LARNWICK_34175,41,LARNWICK,34175,Lindemans Bin 50 Shiraz,1.5L,31,11.99,2024-12-31
41_LARNWICK_12211,41,LARNWICK,12211,Black Box Rsl,3L,18,18.99,2024-12-31
59_CLAETHORPES_4092,59,CLAETHORPES,4092,Bacardi Grapefruit Rum,750mL,13,9.99,2024-12-31
48_NORFOLK_3826,48,NORFOLK,3826,Skyy Vodka,1.75L,145,19.99,2024-12-31
66_EANVERNESS_27180,66,EANVERNESS,27180,Sensi 18K Moscato Rose,750mL,33,17.99,2024-12-31
58_HARTLEPOOL_3660,58,HARTLEPOOL,3660,Deep Eddy Ruby Red Vodka,1.75L,8,27.99,2024-12-31
68_SOLARIS_14552,68,SOLARIS,14552,Dom de Dionysos Cairanne Cig,750mL,10,17.99,2024-12-31
50_MOUNTMEND_2817,50,MOUNTMEND,2817,Couvreur Overaged 12 Yr Malt,750mL,23,69.99,2024-12-31
73_DONCASTER_24455,73,DONCASTER,24455,Franciscan Cab Svgn Napa,750mL,140,16.98,2024-12-31
51_ABERDEEN_8242,51,ABERDEEN,8242,Folonari Soave Dry White,1.5L,8,14.99,2024-12-31
50_MOUNTMEND_5202,50,MOUNTMEND,5202,Dr McGillicuddy's Vanilla,750mL,145,13.99,2024-12-31
67_EANVERNESS_3289,67,EANVERNESS,3289,Crystal Head Aurora Vodka,750mL,6,59.99,2024-12-31
55_DRY GULCH_33731,55,DRY GULCH,33731,Hopler Gruner Veltliner,750mL,38,12.99,2024-12-31
53_HILLFAR_26948,53,HILLFAR,26948,Ferrari-Carano Chard,750mL,50,18.99,2024-12-31
44_PORTHCRAWL_19190,44,PORTHCRAWL,19190,Noble Vines 242 Svgn Bl,750mL,10,9.99,2024-12-31
41_LARNWICK_17163,41,LARNWICK,17163,Menage a Trois Cab Svgn,750mL,16,10.99,2024-12-31
50_MOUNTMEND_2767,50,MOUNTMEND,2767,Johnnie Walker Blue Label,750mL,54,191.99,2024-12-31
66_EANVERNESS_3214,66,EANVERNESS,3214,Ciroc Mango Vodka,750mL,43,24.99,2024-12-31
60_IRRAGIN_1336,60,IRRAGIN,1336,Gr Marnier w/Cordial Glasses,750mL,4,27.99,2024-12-31
44_PORTHCRAWL_6438,44,PORTHCRAWL,6438,Beringer Classic Chenin Blan,750mL,12,6.99,2024-12-31
70_KELD_40097,70,KELD,40097,Black Box Chard,3L,21,18.99,2024-12-31
71_CLARCTON_3683,71,CLARCTON,3683,Stolichnaya Ohranj,750mL,5,16.99,2024-12-31
42_BLACK HOLLOW_43590,42,BLACK HOLLOW,43590,Ch Ste Michelle Indn Wls Cab,750mL,3,14.99,2024-12-31
41_LARNWICK_41787,41,LARNWICK,41787,Ferrari-Carano Cab Svgn Alex,750mL,17,27.99,2024-12-31
60_IRRAGIN_10581,60,IRRAGIN,10581,Fat Bastard Pnt Nr,750mL,8,9.99,2024-12-31
44_PORTHCRAWL_21308,44,PORTHCRAWL,21308,Chloe Pnt Grigio,750mL,55,10.99,2024-12-31
51_ABERDEEN_2752,51,ABERDEEN,2752,Johnnie Walker Black Label,750mL,36,35.99,2024-12-31
61_AETHELNEY_37792,61,AETHELNEY,37792,Blackstone Pnt Nr Monterey,750mL,15,7.99,2024-12-31
50_MOUNTMEND_8190,50,MOUNTMEND,8190,Gran Centenario Rosangel,750mL,84,15.99,2024-12-31
49_GARIGILL_2183,49,GARIGILL,2183,McClelland Highland Single,750mL,10,19.99,2024-12-31
64_CESTERFIELD_6950,64,CESTERFIELD,6950,Solerno Blood Orange Liqueur,750mL,4,34.99,2024-12-31
67_EANVERNESS_46783,67,EANVERNESS,46783,Oops Voluptuous Beauty Valle,750mL,26,9.99,2024-12-31
73_DONCASTER_19588,73,DONCASTER,19588,Ch Lafaurie-Peyragey Saut 10,750mL,11,80.99,2024-12-31
57_LANTEGLOS_5212,57,LANTEGLOS,5212,Margaritaville Silver,1.75L,5,19.99,2024-12-31
67_EANVERNESS_33966,67,EANVERNESS,33966,Prunotto Barolo DOCG,750mL,12,50.99,2024-12-31
50_MOUNTMEND_2611,50,MOUNTMEND,2611,Dewar's 15 Yr Old Rsv,750mL,22,39.99,2024-12-31
73_DONCASTER_5268,73,DONCASTER,5268,Mr Boston Rock & Rye,750mL,22,8.99,2024-12-31
69_MOUNTMEND_18568,69,MOUNTMEND,18568,A by Acacia Unoaked Chard Ca,750mL,15,9.99,2024-12-31
52_GRAYCOTT_5759,52,GRAYCOTT,5759,Malibu Tropical Banana Rum,750mL,9,12.99,2024-12-31
48_NORFOLK_8050,48,NORFOLK,8050,Absolut Mandrin,750mL,9,17.99,2024-12-31
66_EANVERNESS_27262,66,EANVERNESS,27262,Aviary Cab Svgn,750mL,120,17.99,2024-12-31
64_CESTERFIELD_2246,64,CESTERFIELD,2246,Speyburn Bradan Orach,750mL,16,18.99,2024-12-31
58_HARTLEPOOL_443,58,HARTLEPOOL,443,St Germain Liqueur,750mL,8,34.99,2024-12-31
73_DONCASTER_5452,73,DONCASTER,5452,Bauchant XO Apple,750mL,0,11.99,2024-12-31
67_EANVERNESS_4670,67,EANVERNESS,4670,Bacardi Dragon Berry Rum,375mL,51,3.99,2024-12-31
60_IRRAGIN_45460,60,IRRAGIN,45460,New Harbor Svgn Bl Marlboro,750mL,22,12.99,2024-12-31
73_DONCASTER_5308,73,DONCASTER,5308,Paul Masson Red Berry Brandy,50mL,75,0.99,2024-12-31
69_MOUNTMEND_2062,69,MOUNTMEND,2062,Woodford Reserve Bourbon,1.75L,0,60.99,2024-12-31
69_MOUNTMEND_1228,69,MOUNTMEND,1228,Glenfiddich Ancient RSV 18,750mL,7,94.99,2024-12-31
50_MOUNTMEND_45459,50,MOUNTMEND,45459,Sterling Cab Svgn Rutherford,750mL,7,31.99,2024-12-31
42_BLACK HOLLOW_25554,42,BLACK HOLLOW,25554,Brotte Espirit CdR,750mL,0,7.99,2024-12-31
44_PORTHCRAWL_3830,44,PORTHCRAWL,3830,Grey Goose L'Orange Vodka,750mL,32,23.99,2024-12-31
56_BEGGAR'S HOLE_24002,56,BEGGAR'S HOLE,24002,Corbett Canyon Chard,1.5L,14,8.99,2024-12-31
57_LANTEGLOS_37601,57,LANTEGLOS,37601,Hardys Cab Svgn Ausl,3L,6,19.99,2024-12-31
63_SWORDBREAK_8446,63,SWORDBREAK,8446,Richards Wild Irish Rose Red,1.5L,12,5.99,2024-12-31
55_DRY GULCH_2606,55,DRY GULCH,2606,Glenmorangie Original 18Yr,750mL,5,99.99,2024-12-31
71_CLARCTON_16461,71,CLARCTON,16461,Gerard Bertrand Cab Svgn Rsv,750mL,11,13.99,2024-12-31
73_DONCASTER_25738,73,DONCASTER,25738,Mas De Daumas Gassac Red 13,750mL,20,37.99,2024-12-31
49_GARIGILL_33682,49,GARIGILL,33682,R Mondavi Priv Slctn Cab Svg,1.5L,11,20.99,2024-12-31
69_MOUNTMEND_2982,69,MOUNTMEND,2982,Highland Park Dark Origins,750mL,3,69.99,2024-12-31
69_MOUNTMEND_8652,69,MOUNTMEND,8652,Grande Absente Absinthe,750mL,6,56.99,2024-12-31
50_MOUNTMEND_24588,50,MOUNTMEND,24588,Boundary Breaks OLN Rsl,750mL,37,14.99,2024-12-31
67_EANVERNESS_25290,67,EANVERNESS,25290,Notre Dame Cousignac CdR 13,750mL,12,9.99,2024-12-31
62_KILMARNOCK_44734,62,KILMARNOCK,44734,Casa Liliana Good Pnt Grg,750mL,12,9.99,2024-12-31
61_AETHELNEY_24088,61,AETHELNEY,24088,Hess Select Cab Svgn,750mL,12,17.99,2024-12-31
49_GARIGILL_3025,49,GARIGILL,3025,Ciroc Snap Frost Vodka,375mL,15,15.49,2024-12-31
67_EANVERNESS_3364,67,EANVERNESS,3364,Absolut Ruby Red,1.75L,49,24.99,2024-12-31
47_PELLA'S WISH_5780,47,PELLA'S WISH,5780,Malibu Black,750mL,8,13.99,2024-12-31
55_DRY GULCH_26087,55,DRY GULCH,26087,Ravage Knight Fall Dark Red,750mL,21,11.99,2024-12-31
60_IRRAGIN_35666,60,IRRAGIN,35666,Redwood Creek Chard Cal,1.5L,10,9.99,2024-12-31
42_BLACK HOLLOW_13397,42,BLACK HOLLOW,13397,Dom Seguinot-Bordet Chablis,750mL,7,21.99,2024-12-31
50_MOUNTMEND_29902,50,MOUNTMEND,29902,Au Bon Climate Pnt Nr,750mL,14,21.99,2024-12-31
48_NORFOLK_40456,48,NORFOLK,40456,Moschofilero Boutari Mantnia,750mL,9,13.99,2024-12-31
44_PORTHCRAWL_27460,44,PORTHCRAWL,27460,Ecco Domani Merlot Venezie,750mL,15,9.99,2024-12-31
57_LANTEGLOS_3800,57,LANTEGLOS,3800,Don Julio Anejo Tequila,750mL,5,54.99,2024-12-31
50_MOUNTMEND_31618,50,MOUNTMEND,31618,Chartron La Fleur Brdx Whit,750mL,12,11.99,2024-12-31
65_LUTON_23959,65,LUTON,23959,Thorn Napa Valley Merlot,750mL,12,38.99,2024-12-31
54_GUTHRAM_3457,54,GUTHRAM,3457,Olmeca Altos Plata Tequila,1.75L,10,34.99,2024-12-31
67_EANVERNESS_2846,67,EANVERNESS,2846,Balvenie Tun 1509 Batch 3 SB,750mL,2,399.99,2024-12-31
42_BLACK HOLLOW_38546,42,BLACK HOLLOW,38546,Mark West Pnt Nr Sonoma,750mL,57,9.99,2024-12-31
49_GARIGILL_2751,49,GARIGILL,2751,Johnnie Walker Black Label,375mL,20,19.99,2024-12-31
69_MOUNTMEND_1276,69,MOUNTMEND,1276,Jack Daniels Single Barrel,50mL,32,4.99,2024-12-31
68_SOLARIS_36749,68,SOLARIS,36749,Framboise Pacific Rim Infusn,375mL,10,15.99,2024-12-31
55_DRY GULCH_24419,55,DRY GULCH,24419,Bonterra Mendocino Org Chard,750mL,100,10.99,2024-12-31
55_DRY GULCH_11055,55,DRY GULCH,11055,Ramey Cab Svgn Napa,750mL,21,56.99,2024-12-31
61_AETHELNEY_31172,61,AETHELNEY,31172,Luna di Luna Chard/Pnt Grig,1.5L,11,16.99,2024-12-31
66_EANVERNESS_8658,66,EANVERNESS,8658,Absente 'Absinthe Refined',750mL,13,33.99,2024-12-31
55_DRY GULCH_13899,55,DRY GULCH,13899,Hogue Genesis Meritage,750mL,16,15.99,2024-12-31
70_KELD_8413,70,KELD,8413,St Elder Elderflower Liqueur,750mL,11,17.99,2024-12-31
67_EANVERNESS_3437,67,EANVERNESS,3437,Bombay Dry Gin,750mL,6,17.99,2024-12-31
51_ABERDEEN_3684,51,ABERDEEN,3684,Fleischmanns Royal Vodka,1.75L,39,9.99,2024-12-31
61_AETHELNEY_18142,61,AETHELNEY,18142,Banfi Brunello di Montalcino,750mL,10,59.99,2024-12-31
58_HARTLEPOOL_3689,58,HARTLEPOOL,3689,Stolichnaya Vanil,750mL,9,16.99,2024-12-31
73_DONCASTER_4309,73,DONCASTER,4309,Paul Masson Gr Amber VS,750mL,19,7.99,2024-12-31
68_SOLARIS_2954,68,SOLARIS,2954,Highland Park 12 Yr Single,750mL,17,49.99,2024-12-31
71_CLARCTON_3283,71,CLARCTON,3283,New Amsterdam Apple Vodka,750mL,2,8.99,2024-12-31
61_AETHELNEY_5070,61,AETHELNEY,5070,Russo Limoncello,750mL,7,25.99,2024-12-31
60_IRRAGIN_14920,60,IRRAGIN,14920,Broadbent Gruner Veltliner,Liter,7,14.99,2024-12-31
71_CLARCTON_14701,71,CLARCTON,14701,Cupcake Red Velvet,750mL,122,7.49,2024-12-31
42_BLACK HOLLOW_44082,42,BLACK HOLLOW,44082,Wente Sandstone Mntry Merlot,750mL,10,13.99,2024-12-31
50_MOUNTMEND_11354,50,MOUNTMEND,11354,Paso a Paso Tempranillo,750mL,14,9.99,2024-12-31
50_MOUNTMEND_31195,50,MOUNTMEND,31195,Northstar Merlot Columbia,750mL,17,29.99,2024-12-31
71_CLARCTON_18568,71,CLARCTON,18568,A by Acacia Unoaked Chard Ca,750mL,4,9.99,2024-12-31
60_IRRAGIN_443,60,IRRAGIN,443,St Germain Liqueur,750mL,7,34.99,2024-12-31
63_SWORDBREAK_12479,63,SWORDBREAK,12479,Geyser Peak Cab Svgn,750mL,14,12.99,2024-12-31
65_LUTON_16794,65,LUTON,16794,Freakshow Cab Svgn,750mL,8,17.99,2024-12-31
53_HILLFAR_3836,53,HILLFAR,3836,Smirnoff Citrus Vodka,750mL,30,12.99,2024-12-31
41_LARNWICK_5444,41,LARNWICK,5444,E & J Superior RSV VSOP,1.75L,24,19.99,2024-12-31
50_MOUNTMEND_24515,50,MOUNTMEND,24515,Cartlidge & Browne Chard,750mL,125,6.79,2024-12-31
58_HARTLEPOOL_28889,58,HARTLEPOOL,28889,Peter Vella Chard Cal B/B,5L,4,15.49,2024-12-31
49_GARIGILL_426,49,GARIGILL,426,Crystal Head Vodka,50mL,2,7.99,2024-12-31
64_CESTERFIELD_25039,64,CESTERFIELD,25039,Sutter Home Svgn Bl,1.5L,8,9.99,2024-12-31
64_CESTERFIELD_41212,64,CESTERFIELD,41212,A to Z Pnt Gris Ore,750mL,19,14.99,2024-12-31
66_EANVERNESS_45063,66,EANVERNESS,45063,Cecchi Bonizio Red Blend,750mL,26,9.99,2024-12-31
66_EANVERNESS_3153,66,EANVERNESS,3153,Rye Harbor Vodka,750mL,16,17.99,2024-12-31
56_BEGGAR'S HOLE_17175,56,BEGGAR'S HOLE,17175,Beringer Classic Cab Svgn,1.5L,6,7.99,2024-12-31
41_LARNWICK_2946,41,LARNWICK,2946,Highland Park 15 Yr Old,750mL,11,99.99,2024-12-31
63_SWORDBREAK_942,63,SWORDBREAK,942,Glenmorangie Nectar D'Or,750mL,3,61.99,2024-12-31
63_SWORDBREAK_11214,63,SWORDBREAK,11214,Caymus Cab Svgn Napa Vly,750mL,11,69.99,2024-12-31
54_GUTHRAM_19174,54,GUTHRAM,19174,Cavicchioli Sw Italian Spkln,750mL,11,10.99,2024-12-31
69_MOUNTMEND_6264,69,MOUNTMEND,6264,Cooks Extra Dry,750mL,230,6.99,2024-12-31
69_MOUNTMEND_25649,69,MOUNTMEND,25649,De Loach Chard Cal,750mL,16,9.99,2024-12-31
64_CESTERFIELD_14289,64,CESTERFIELD,14289,Uppercut Cab Svgn,750mL,11,17.99,2024-12-31
44_PORTHCRAWL_3799,44,PORTHCRAWL,3799,La Pinta Pomegranate Liqueur,750mL,6,34.99,2024-12-31
70_KELD_3630,70,KELD,3630,Stolichnaya Razberi,1.75L,16,24.99,2024-12-31
47_PELLA'S WISH_5626,47,PELLA'S WISH,5626,Baja Luna Black Raspberry,750mL,8,9.99,2024-12-31
73_DONCASTER_13948,73,DONCASTER,13948,Cade Cab Svgn Howell Mtn,750mL,11,85.99,2024-12-31
61_AETHELNEY_3880,61,AETHELNEY,3880,360 Double Chocolate Vodka,750mL,7,12.99,2024-12-31
69_MOUNTMEND_936,69,MOUNTMEND,936,Tanteo Cocoa Tequila,750mL,15,39.99,2024-12-31
54_GUTHRAM_3617,54,GUTHRAM,3617,Olmeca Altos Reposado,750mL,11,21.99,2024-12-31
69_MOUNTMEND_3458,69,MOUNTMEND,3458,Ciroc Amaretto Vodka,750mL,29,19.99,2024-12-31
70_KELD_38133,70,KELD,38133,Il Bastardo Sangiovese Tosc,750mL,43,8.99,2024-12-31
66_EANVERNESS_3636,66,EANVERNESS,3636,Dr McGillicuddy's Mentholmnt,375mL,10,7.49,2024-12-31
55_DRY GULCH_12024,55,DRY GULCH,12024,Terre Rouge Syrah Les Cotes,750mL,17,18.99,2024-12-31
60_IRRAGIN_39412,60,IRRAGIN,39412,Mirassou Merlot Cal,750mL,17,9.99,2024-12-31
66_EANVERNESS_27162,66,EANVERNESS,27162,Vatan 13 Tinta de Toro,750mL,9,39.99,2024-12-31
51_ABERDEEN_5348,51,ABERDEEN,5348,St Brendans Irish Cream,750mL,19,10.99,2024-12-31
61_AETHELNEY_5921,61,AETHELNEY,5921,RumChata Liqueur,750mL,27,19.99,2024-12-31
67_EANVERNESS_1375,67,EANVERNESS,1375,Jim Beam,750mL,38,16.99,2024-12-31
56_BEGGAR'S HOLE_27042,56,BEGGAR'S HOLE,27042,Luna di Luna Chard/Pnt Grigo,750mL,12,9.99,2024-12-31
60_IRRAGIN_3837,60,IRRAGIN,3837,Skyy Vodka,50mL,121,0.99,2024-12-31
66_EANVERNESS_2863,66,EANVERNESS,2863,The Deveron 12 Yr Scotch,750mL,5,44.99,2024-12-31
41_LARNWICK_9129,41,LARNWICK,9129,Peychaud's Bitters,5.0 Oz,10,4.99,2024-12-31
59_CLAETHORPES_37071,59,CLAETHORPES,37071,Caymus Conundrum White,750mL,5,22.99,2024-12-31
73_DONCASTER_3454,73,DONCASTER,3454,Pinnacle Pineapple,50mL,255,0.99,2024-12-31
41_LARNWICK_47075,41,LARNWICK,47075,Turn Me Red,750mL,7,4.99,2024-12-31
72_HARDERSFIELD_2772,72,HARDERSFIELD,2772,Talisker Storm Scotch,750mL,4,49.99,2024-12-31
45_VERITAS_35411,45,VERITAS,35411,Yellow Tail Chard Ausl,750mL,14,7.99,2024-12-31
73_DONCASTER_23013,73,DONCASTER,23013,Marietta Clrs Christo Red,750mL,16,15.99,2024-12-31
54_GUTHRAM_4226,54,GUTHRAM,4226,Bacardi Superior Rum Trav,750mL,26,9.99,2024-12-31
73_DONCASTER_8078,73,DONCASTER,8078,Glenfiddich Special Rsv 12Yr,375mL,29,19.99,2024-12-31
61_AETHELNEY_5505,61,AETHELNEY,5505,Pallini Limoncello Liqueur,750mL,17,18.99,2024-12-31
48_NORFOLK_40337,48,NORFOLK,40337,Da Vinci Chianti Tuscany,750mL,33,9.99,2024-12-31
60_IRRAGIN_2464,60,IRRAGIN,2464,Pinnacle Gin,1.75L,10,13.49,2024-12-31
63_SWORDBREAK_4258,63,SWORDBREAK,4258,Bacardi Mango Fusion,750mL,4,9.99,2024-12-31
54_GUTHRAM_3562,54,GUTHRAM,3562,Pearl Vodka,50mL,7,0.99,2024-12-31
49_GARIGILL_19191,49,GARIGILL,19191,Noble Vines The One Black,750mL,16,11.99,2024-12-31
67_EANVERNESS_14991,67,EANVERNESS,14991,Banshee Pnt Nr Sonoma Cnty,750mL,12,17.99,2024-12-31
45_VERITAS_3827,45,VERITAS,3827,Popov Vodka,1.75L,21,12.99,2024-12-31
48_NORFOLK_4234,48,NORFOLK,4234,Bacardi Pineapple Fusion,750mL,14,9.99,2024-12-31
53_HILLFAR_8097,53,HILLFAR,8097,Patron Citronge Orange,375mL,4,11.99,2024-12-31
73_DONCASTER_3804,73,DONCASTER,3804,Svedka Vodka,750mL,26,9.99,2024-12-31
55_DRY GULCH_28887,55,DRY GULCH,28887,Livingston Nat Flvrs Chard,3L,10,12.99,2024-12-31
63_SWORDBREAK_33874,63,SWORDBREAK,33874,Bella Sera Pinot Grigio Del,1.5L,12,10.99,2024-12-31
50_MOUNTMEND_44266,50,MOUNTMEND,44266,Mommys Time Out Garganega/P,750mL,15,8.99,2024-12-31
66_EANVERNESS_24294,66,EANVERNESS,24294,La Gr Comtadine Vacqueyras C,750mL,38,19.99,2024-12-31
64_CESTERFIELD_25575,64,CESTERFIELD,25575,Louis Latour 14 St Veran Bla,750mL,35,15.99,2024-12-31
41_LARNWICK_21055,41,LARNWICK,21055,Sandeman Imperial 20-Yr Taw,750mL,13,39.99,2024-12-31
66_EANVERNESS_175,66,EANVERNESS,175,1800 Anejo Tequila,750mL,9,41.99,2024-12-31
55_DRY GULCH_27303,55,DRY GULCH,27303,Wyndham Bin 555 Shiraz,750mL,13,8.99,2024-12-31
66_EANVERNESS_2949,66,EANVERNESS,2949,Lock Stock & Barrel Rye,750mL,6,94.99,2024-12-31
59_CLAETHORPES_26399,59,CLAETHORPES,26399,Trapiche Malbec Mendoza Oak,750mL,21,7.99,2024-12-31
50_MOUNTMEND_5447,50,MOUNTMEND,5447,Jagermeister Liqueur,375mL,31,9.99,2024-12-31
73_DONCASTER_16538,73,DONCASTER,16538,Catalpa Malbec,750mL,11,14.99,2024-12-31
56_BEGGAR'S HOLE_20731,56,BEGGAR'S HOLE,20731,Villa Jolanda Strwby Moscato,750mL,10,9.99,2024-12-31
54_GUTHRAM_43872,54,GUTHRAM,43872,Joseph Carr Cab Svgn Napa,750mL,25,24.99,2024-12-31
67_EANVERNESS_36200,67,EANVERNESS,36200,Four Vines Old Vine Zin,750mL,14,11.99,2024-12-31
67_EANVERNESS_8787,67,EANVERNESS,8787,Torresella Pinot Grigio Ven,750mL,18,13.99,2024-12-31
44_PORTHCRAWL_3804,44,PORTHCRAWL,3804,Svedka Vodka,750mL,22,9.99,2024-12-31
55_DRY GULCH_1789,55,DRY GULCH,1789,Jack Daniels Tennessee Fire,750mL,87,25.99,2024-12-31
50_MOUNTMEND_5205,50,MOUNTMEND,5205,Don Felix Plata Tequila,750mL,28,33.99,2024-12-31
50_MOUNTMEND_25593,50,MOUNTMEND,25593,Virginia Dare Pnt Nr RRV,750mL,21,21.99,2024-12-31
48_NORFOLK_17294,48,NORFOLK,17294,Defesa Tinto Red Alentejo,750mL,7,12.99,2024-12-31
57_LANTEGLOS_3918,57,LANTEGLOS,3918,Cabo Wabo Anejo Tequila,750mL,2,42.99,2024-12-31
44_PORTHCRAWL_12945,44,PORTHCRAWL,12945,Middle Sister Mischief Maker,750mL,15,12.99,2024-12-31
45_VERITAS_2753,45,VERITAS,2753,Johnnie Walker Black Label,1.75L,14,59.99,2024-12-31
70_KELD_14129,70,KELD,14129,14 Hands Hot to Trot Red,750mL,13,7.99,2024-12-31
66_EANVERNESS_40136,66,EANVERNESS,40136,Cakebread Merlot Napa,750mL,21,47.99,2024-12-31
58_HARTLEPOOL_43225,58,HARTLEPOOL,43225,Ch Beauchene Chtnf Pape RSV,750mL,4,26.99,2024-12-31
68_SOLARIS_25141,68,SOLARIS,25141,The Federalist 1776 Zinfande,750mL,5,15.99,2024-12-31
47_PELLA'S WISH_3984,47,PELLA'S WISH,3984,Sauza Tres Generacions Anejo,750mL,4,41.99,2024-12-31
49_GARIGILL_2661,49,GARIGILL,2661,Laphroaig Cask Strength 10Yr,750mL,7,70.99,2024-12-31
61_AETHELNEY_8678,61,AETHELNEY,8678,Banfi Chianti Clsc RSV,750mL,55,16.99,2024-12-31
60_IRRAGIN_10732,60,IRRAGIN,10732,A Bichot Pnt Nr Bourgogne,750mL,8,15.99,2024-12-31
61_AETHELNEY_16180,61,AETHELNEY,16180,Skinnygirl Sangria,750mL,8,10.99,2024-12-31
68_SOLARIS_35442,68,SOLARIS,35442,Borsao Tres Picos Garnacha,750mL,23,14.99,2024-12-31
66_EANVERNESS_3137,66,EANVERNESS,3137,Three Olives Blueberry Vodka,50mL,0,0.99,2024-12-31
56_BEGGAR'S HOLE_8726,56,BEGGAR'S HOLE,8726,Baileys Irish Cream,50mL,42,1.99,2024-12-31
56_BEGGAR'S HOLE_5101,56,BEGGAR'S HOLE,5101,Dr McGillicuddy's Mentholmnt,750mL,29,13.99,2024-12-31
73_DONCASTER_25269,73,DONCASTER,25269,R Mondavi Cab Svgn Pvt Sel,750mL,55,8.99,2024-12-31
53_HILLFAR_3696,53,HILLFAR,3696,Gilbeys Vodka,1.75L,36,10.49,2024-12-31
70_KELD_3658,70,KELD,3658,Patron Anejo Tequila,750mL,7,58.99,2024-12-31
54_GUTHRAM_5714,54,GUTHRAM,5714,Jose Cuervo Lime Margarita,200mL 4 Pk,9,9.99,2024-12-31
54_GUTHRAM_17756,54,GUTHRAM,17756,Cline Cool Climate Pnt Nr,750mL,7,15.99,2024-12-31
48_NORFOLK_28156,48,NORFOLK,28156,Sauvion Vouvray,750mL,16,13.99,2024-12-31
42_BLACK HOLLOW_680,42,BLACK HOLLOW,680,Midnight Moon Strawberry,750mL,7,19.99,2024-12-31
64_CESTERFIELD_25656,64,CESTERFIELD,25656,14 Hands Red Blend Stampede,750mL,2,9.99,2024-12-31
72_HARDERSFIELD_6560,72,HARDERSFIELD,6560,Rocky Peak Hard Cinnamon,750mL,17,18.99,2024-12-31
70_KELD_37312,70,KELD,37312,Salmon Run NY Pnt Nr,750mL,81,15.99,2024-12-31
67_EANVERNESS_21438,67,EANVERNESS,21438,Ch Boyd Cantenac Margaux,750mL,9,109.99,2024-12-31
73_DONCASTER_4218,73,DONCASTER,4218,Sailor Jerry Spiced Navy Rum,750mL,113,16.99,2024-12-31
54_GUTHRAM_13940,54,GUTHRAM,13940,Black Box Malbec,3L,9,18.99,2024-12-31
60_IRRAGIN_2097,60,IRRAGIN,2097,Ole Smoky Hunch Punch Lightn,750mL,3,17.99,2024-12-31
71_CLARCTON_525,71,CLARCTON,525,El Tesoro Anejo Gold Tequil,750mL,10,39.99,2024-12-31
56_BEGGAR'S HOLE_5877,56,BEGGAR'S HOLE,5877,Ryans Irish Cream,50mL,21,0.99,2024-12-31
41_LARNWICK_13338,41,LARNWICK,13338,C'est La Vie Pnt Nr/Syrh VDP,750mL,0,7.99,2024-12-31
66_EANVERNESS_25963,66,EANVERNESS,25963,Macrostie Carneros Chard,750mL,17,18.99,2024-12-31
66_EANVERNESS_43450,66,EANVERNESS,43450,Fish Eye Pnt Grigio,3L,9,16.99,2024-12-31
71_CLARCTON_18013,71,CLARCTON,18013,Cecchi Sangiovese,750mL,69,8.99,2024-12-31
64_CESTERFIELD_13491,64,CESTERFIELD,13491,Barefoot Cellars Rsl,1.5L,6,10.99,2024-12-31
58_HARTLEPOOL_4380,58,HARTLEPOOL,4380,Ron Virgin Heavy Bodied Rum,1.75L,16,13.99,2024-12-31
41_LARNWICK_5627,41,LARNWICK,5627,Flag Hill Sugar Maple Liquer,375mL,9,18.99,2024-12-31
63_SWORDBREAK_4670,63,SWORDBREAK,4670,Bacardi Dragon Berry Rum,375mL,13,3.99,2024-12-31
55_DRY GULCH_8068,55,DRY GULCH,8068,Absolut 80 Proof,1.75L,252,23.49,2024-12-31
72_HARDERSFIELD_1982,72,HARDERSFIELD,1982,Herradura Silver Tequila,375mL,8,16.99,2024-12-31
43_WOLFORD_14975,43,WOLFORD,14975,Cavit Moscato,750mL,17,6.99,2024-12-31
47_PELLA'S WISH_41212,47,PELLA'S WISH,41212,A to Z Pnt Gris Ore,750mL,3,14.99,2024-12-31
73_DONCASTER_14724,73,DONCASTER,14724,Tozai Blossom of Peace,720mL,12,16.99,2024-12-31
53_HILLFAR_3498,53,HILLFAR,3498,Baileys Vanilla Cinnamon,750mL,11,19.99,2024-12-31
55_DRY GULCH_10863,55,DRY GULCH,10863,Sea Smoke Southing Pnt Nr,750mL,1,64.99,2024-12-31
65_LUTON_10058,65,LUTON,10058,F Coppola Dmd Ivry Cab Svgn,750mL,22,14.99,2024-12-31
61_AETHELNEY_12116,61,AETHELNEY,12116,Lindemans Bin 85 Pnt Grigio,1.5L,14,11.99,2024-12-31
56_BEGGAR'S HOLE_27461,56,BEGGAR'S HOLE,27461,Ecco Domani Pnt Grigio Venez,750mL,10,8.99,2024-12-31
66_EANVERNESS_4783,66,EANVERNESS,4783,Mr Boston Apricot Brandy,1.75L,32,13.99,2024-12-31
51_ABERDEEN_8484,51,ABERDEEN,8484,1800 Coconut Tequila,50mL,27,2.79,2024-12-31
50_MOUNTMEND_5525,50,MOUNTMEND,5525,Fernet-Branca Italian Liquer,750mL,25,24.99,2024-12-31
62_KILMARNOCK_5378,62,KILMARNOCK,5378,Galliano L'Autentico Liqueur,750mL,9,25.99,2024-12-31
55_DRY GULCH_13958,55,DRY GULCH,13958,Charles & Charles Red,750mL,10,10.99,2024-12-31
69_MOUNTMEND_44818,69,MOUNTMEND,44818,Red Guitar Temp/Garnacha Nvr,750mL,8,9.99,2024-12-31
61_AETHELNEY_21326,61,AETHELNEY,21326,Kim Crawford Svgn Bl Sptfire,750mL,20,26.99,2024-12-31
67_EANVERNESS_8653,67,EANVERNESS,8653,M & R Extra Dry Vermouth,375mL,22,5.29,2024-12-31
60_IRRAGIN_46119,60,IRRAGIN,46119,Phillips Lust Znfdl Lodi,750mL,8,56.99,2024-12-31
67_EANVERNESS_2828,67,EANVERNESS,2828,Barr Hill Tom Cat Aged Gin,750mL,11,44.99,2024-12-31
42_BLACK HOLLOW_4262,42,BLACK HOLLOW,4262,Capt Morgan Spiced Rum,750mL,20,14.99,2024-12-31
50_MOUNTMEND_46093,50,MOUNTMEND,46093,Mouton Cadet Rose,750mL,25,12.99,2024-12-31
67_EANVERNESS_3924,67,EANVERNESS,3924,Espolon Blanco Tequila,750mL,12,23.99,2024-12-31
69_MOUNTMEND_2762,69,MOUNTMEND,2762,The Steward's Solera Bourbon,750mL,74,38.99,2024-12-31
71_CLARCTON_984,71,CLARCTON,984,Patron XO Cafe Liqueur,750mL,27,25.99,2024-12-31
73_DONCASTER_33819,73,DONCASTER,33819,Sokol Blosser Evolution Whit,750mL,12,15.99,2024-12-31
67_EANVERNESS_6322,67,EANVERNESS,6322,Rene Junot Red,1.5L,14,12.99,2024-12-31
66_EANVERNESS_23769,66,EANVERNESS,23769,Ch Pape Clement 12 Pess-Leog,750mL,6,111.99,2024-12-31
53_HILLFAR_14363,53,HILLFAR,14363,Educated Guess Cab Svgn Napa,750mL,14,23.99,2024-12-31
51_ABERDEEN_39691,51,ABERDEEN,39691,Smith & Hook Lucia Cab Svgn,750mL,18,21.99,2024-12-31
69_MOUNTMEND_24439,69,MOUNTMEND,24439,Des Amis Rose,750mL,19,15.99,2024-12-31
63_SWORDBREAK_26092,63,SWORDBREAK,26092,Blackstone Merlot Cal,750mL,12,7.99,2024-12-31
45_VERITAS_8680,45,VERITAS,8680,Crown Royal,1.75L,39,36.99,2024-12-31
67_EANVERNESS_13744,67,EANVERNESS,13744,William Hill Est Chard CC,750mL,12,8.99,2024-12-31
72_HARDERSFIELD_3574,72,HARDERSFIELD,3574,Stolichnaya Gluten Free Vodk,50mL,110,0.99,2024-12-31
48_NORFOLK_3851,48,NORFOLK,3851,Grey Goose Vodka,375mL,31,15.99,2024-12-31
65_LUTON_8515,65,LUTON,8515,Baileys Chocolate Cherry,750mL,6,19.99,2024-12-31
47_PELLA'S WISH_4194,47,PELLA'S WISH,4194,Calico Jack Coconut Rum,1.75L,11,12.99,2024-12-31
42_BLACK HOLLOW_24779,42,BLACK HOLLOW,24779,Straccali Chianti,1.5L,24,9.99,2024-12-31
71_CLARCTON_3409,71,CLARCTON,3409,Crystal Head Vodka,750mL,4,49.99,2024-12-31
59_CLAETHORPES_4565,59,CLAETHORPES,4565,Christian Bros VS Brandy,750mL,8,9.49,2024-12-31
64_CESTERFIELD_13498,64,CESTERFIELD,13498,Riva Rey Tempranillo,750mL,10,7.99,2024-12-31
66_EANVERNESS_8000,66,EANVERNESS,8000,The Glenlivet 12 Yr Single,1.75L,74,69.99,2024-12-31
44_PORTHCRAWL_2048,44,PORTHCRAWL,2048,The London No 1 Gin,750mL,6,29.99,2024-12-31
69_MOUNTMEND_31494,69,MOUNTMEND,31494,Barefoot Merlot Cal,1.5L,62,10.99,2024-12-31
49_GARIGILL_31231,49,GARIGILL,31231,Nobilo Svgn Bl MarlborougH,750mL,13,9.99,2024-12-31
50_MOUNTMEND_42385,50,MOUNTMEND,42385,Sycamore Lane Pnt Grigio Cal,750mL,6,5.29,2024-12-31
69_MOUNTMEND_37433,69,MOUNTMEND,37433,C Y Toro Casillero Carmenere,750mL,168,9.99,2024-12-31
56_BEGGAR'S HOLE_2461,56,BEGGAR'S HOLE,2461,The Dubliner Irish Whiskey,750mL,8,22.99,2024-12-31
49_GARIGILL_1468,49,GARIGILL,1468,Knob Creek Single Barrel Rsv,750mL,69,41.99,2024-12-31
50_MOUNTMEND_8387,50,MOUNTMEND,8387,Wild Turkey 101,750mL,44,23.99,2024-12-31
64_CESTERFIELD_19244,64,CESTERFIELD,19244,Trimbach Riesling,750mL,14,16.99,2024-12-31
62_KILMARNOCK_6599,62,KILMARNOCK,6599,Estancia Cab Svgn Paso Roble,750mL,13,12.99,2024-12-31
55_DRY GULCH_4298,55,DRY GULCH,4298,Bacardi Raspberry Rum,50mL,13,0.99,2024-12-31
58_HARTLEPOOL_2418,58,HARTLEPOOL,2418,Crown Royal Regal Apple,750mL,2,22.99,2024-12-31
60_IRRAGIN_5187,60,IRRAGIN,5187,Arrow White Creme de Cacao,750mL,23,7.99,2024-12-31
70_KELD_2026,70,KELD,2026,Camarena Silver Tequila,750mL,8,18.99,2024-12-31
66_EANVERNESS_20762,66,EANVERNESS,20762,Lamole Chianti Classico Blue,750mL,9,18.99,2024-12-31
67_EANVERNESS_44266,67,EANVERNESS,44266,Mommys Time Out Garganega/P,750mL,56,8.99,2024-12-31
66_EANVERNESS_2418,66,EANVERNESS,2418,Crown Royal Regal Apple,750mL,46,22.99,2024-12-31
73_DONCASTER_1738,73,DONCASTER,1738,Ole Smoky Moonshine Cherries,750mL,12,18.99,2024-12-31
49_GARIGILL_13979,49,GARIGILL,13979,Jos Phelps Pnt Nr,750mL,9,34.99,2024-12-31
64_CESTERFIELD_15548,64,CESTERFIELD,15548,Seaglass Chard,750mL,17,8.99,2024-12-31
44_PORTHCRAWL_45839,44,PORTHCRAWL,45839,White Oak Chard RRV,750mL,12,22.99,2024-12-31
49_GARIGILL_8066,49,GARIGILL,8066,DeKuyper Triple Sec,1.75L,32,9.99,2024-12-31
64_CESTERFIELD_23739,64,CESTERFIELD,23739,Liberty School Cab Svgn,750mL,25,14.99,2024-12-31
49_GARIGILL_20253,49,GARIGILL,20253,Round Pond Est Cab Svgn K&K,750mL,21,24.99,2024-12-31
41_LARNWICK_6478,41,LARNWICK,6478,C Y Toro Frontera Merlot,1.5L,11,10.99,2024-12-31
67_EANVERNESS_27695,67,EANVERNESS,27695,Volpaia Coltassala Chianti,750mL,6,64.99,2024-12-31
71_CLARCTON_2114,71,CLARCTON,2114,Black Velvet Canadian Whisky,1.75L,91,12.99,2024-12-31
52_GRAYCOTT_24612,52,GRAYCOTT,24612,Estancia Pnt Nr Monterey,750mL,23,13.99,2024-12-31
73_DONCASTER_41711,73,DONCASTER,41711,Fish Eye Cab Svgn,750mL,29,5.99,2024-12-31
55_DRY GULCH_40667,55,DRY GULCH,40667,Bolla Chianti,1.5L,26,15.99,2024-12-31
49_GARIGILL_25021,49,GARIGILL,25021,Mark West Black Pnt Nr,750mL,12,10.99,2024-12-31
41_LARNWICK_8072,41,LARNWICK,8072,Taittinger Brut La Francais,750mL,40,36.99,2024-12-31
42_BLACK HOLLOW_8033,42,BLACK HOLLOW,8033,Jack Daniels No 7 Black,50mL,14,2.99,2024-12-31
73_DONCASTER_27924,73,DONCASTER,27924,Barone Ricasoli Casalferro,750mL,6,55.99,2024-12-31
55_DRY GULCH_24673,55,DRY GULCH,24673,Bolla Pinot Grigio,1.5L,14,15.99,2024-12-31
49_GARIGILL_16931,49,GARIGILL,16931,Caymus Spec Select Cab Svgn,750mL,0,165.99,2024-12-31
60_IRRAGIN_8369,60,IRRAGIN,8369,Pernod Anise Liqueur,750mL,6,33.99,2024-12-31
69_MOUNTMEND_39470,69,MOUNTMEND,39470,Barefoot Syrah Cal,750mL,16,4.99,2024-12-31
68_SOLARIS_2652,68,SOLARIS,2652,Michter's American Whiskey,750mL,8,39.99,2024-12-31
64_CESTERFIELD_24560,64,CESTERFIELD,24560,Dom Lafage Tessellae Cd Rous,750mL,6,10.99,2024-12-31
44_PORTHCRAWL_3580,44,PORTHCRAWL,3580,Smirnoff Orange Vodka,750mL,22,12.99,2024-12-31
54_GUTHRAM_25736,54,GUTHRAM,25736,Moulin de Gassac Guilhem Red,750mL,18,7.99,2024-12-31
67_EANVERNESS_34906,67,EANVERNESS,34906,Smoking Loon Syrah,750mL,26,6.79,2024-12-31
66_EANVERNESS_2461,66,EANVERNESS,2461,The Dubliner Irish Whiskey,750mL,16,22.99,2024-12-31
59_CLAETHORPES_4277,59,CLAETHORPES,4277,Bacardi Limon Rum,375mL,10,3.99,2024-12-31
48_NORFOLK_3243,48,NORFOLK,3243,Burnetts Vodka,1.75L,113,10.99,2024-12-31
48_NORFOLK_12220,48,NORFOLK,12220,Angeline Pnt Nr,750mL,11,9.99,2024-12-31
50_MOUNTMEND_3733,50,MOUNTMEND,3733,Patron Silver Tequila,1.75L,14,109.99,2024-12-31
51_ABERDEEN_5661,51,ABERDEEN,5661,Dr McGillicuddy's Root Beer,750mL,9,13.99,2024-12-31
47_PELLA'S WISH_1962,47,PELLA'S WISH,1962,Jim Beam Apple,750mL,52,14.99,2024-12-31
73_DONCASTER_2550,73,DONCASTER,2550,Stillhouse Originl Moonshine,750mL,19,22.99,2024-12-31
64_CESTERFIELD_33874,64,CESTERFIELD,33874,Bella Sera Pinot Grigio Del,1.5L,42,10.99,2024-12-31
66_EANVERNESS_6356,66,EANVERNESS,6356,Taylor Cream Sherry,1.5L,17,7.79,2024-12-31
70_KELD_3826,70,KELD,3826,Skyy Vodka,1.75L,62,19.99,2024-12-31
42_BLACK HOLLOW_16947,42,BLACK HOLLOW,16947,Altadonna Nero D'Avola,750mL,18,13.99,2024-12-31
70_KELD_1378,70,KELD,1378,Jim Beam,375mL,20,9.49,2024-12-31
57_LANTEGLOS_4066,57,LANTEGLOS,4066,Bacardi Oakheart Spiced Rum,1.75L,4,19.99,2024-12-31
61_AETHELNEY_2682,61,AETHELNEY,2682,The Glendronach 12 Yr Scotch,750mL,7,57.99,2024-12-31
41_LARNWICK_23386,41,LARNWICK,23386,Dom Roux Bourgogne Pnt Nr,750mL,10,19.99,2024-12-31
50_MOUNTMEND_26357,50,MOUNTMEND,26357,Storypoint Cab Svgn,750mL,53,9.99,2024-12-31
59_CLAETHORPES_77,59,CLAETHORPES,77,Three Olives Espresso Vodka,750mL,20,14.99,2024-12-31
55_DRY GULCH_42766,55,DRY GULCH,42766,14 Hands Merlot Wash,750mL,117,8.99,2024-12-31
50_MOUNTMEND_33149,50,MOUNTMEND,33149,Alamos Ridge Malbec Mendoza,750mL,230,8.99,2024-12-31
60_IRRAGIN_2494,60,IRRAGIN,2494,Crown Royal Regal Apple,1.75L,9,46.99,2024-12-31
67_EANVERNESS_14342,67,EANVERNESS,14342,Cupcake Pnt Nr,750mL,165,7.49,2024-12-31
59_CLAETHORPES_26463,59,CLAETHORPES,26463,Ravenswood Vints Blend Znfdl,750mL,39,7.99,2024-12-31
46__8082,46,,8082,Baileys Irish Cream,1.75L,0,28.99,2024-12-31
73_DONCASTER_24580,73,DONCASTER,24580,Mt Beautiful Pnt Nr,750mL,10,19.99,2024-12-31
57_LANTEGLOS_377,57,LANTEGLOS,377,Hendrick's Gin,Liter,4,37.99,2024-12-31
66_EANVERNESS_15047,66,EANVERNESS,15047,Zaccagnini Pnt Grigio,750mL,46,15.99,2024-12-31
66_EANVERNESS_971,66,EANVERNESS,971,Sauza Extra Gold Tequila,Liter,7,15.99,2024-12-31
67_EANVERNESS_7990,67,EANVERNESS,7990,Noilly Prat Sweet Vermouth,Liter,17,9.99,2024-12-31
50_MOUNTMEND_3667,50,MOUNTMEND,3667,Boru Original Irish Vodka,1.75L,18,17.99,2024-12-31
56_BEGGAR'S HOLE_3394,56,BEGGAR'S HOLE,3394,Blue Nectar Silver Tequila,750mL,12,29.99,2024-12-31
65_LUTON_3882,65,LUTON,3882,Smirnoff Strawberry Vodka,750mL,2,10.99,2024-12-31
59_CLAETHORPES_8922,59,CLAETHORPES,8922,Taylor Lake Country Red,3L,2,7.99,2024-12-31
73_DONCASTER_16996,73,DONCASTER,16996,LaBelle Winery Americus,750mL,16,19.99,2024-12-31
47_PELLA'S WISH_6932,47,PELLA'S WISH,6932,Santa Rita 120 Chard,750mL,10,5.99,2024-12-31
54_GUTHRAM_16431,54,GUTHRAM,16431,HandCraft Artisan Coll Cab S,750mL,4,9.99,2024-12-31
71_CLARCTON_3378,71,CLARCTON,3378,High West Rendezvous Rye,750mL,3,55.99,2024-12-31
64_CESTERFIELD_26744,64,CESTERFIELD,26744,Santa Lucia Sangvs Monte Ant,750mL,24,11.99,2024-12-31
48_NORFOLK_3072,48,NORFOLK,3072,Ciroc Peach Vodka,750mL,27,24.99,2024-12-31
44_PORTHCRAWL_34850,44,PORTHCRAWL,34850,Bargetto Chaucer's Hney Mead,750mL,9,12.99,2024-12-31
50_MOUNTMEND_16441,50,MOUNTMEND,16441,Bota Box RedVolution,3L,12,17.99,2024-12-31
73_DONCASTER_19502,73,DONCASTER,19502,Nostor Templari Priorat Red,750mL,4,41.99,2024-12-31
55_DRY GULCH_15315,55,DRY GULCH,15315,Middle Sister Sweet & Sassy,750mL,22,12.99,2024-12-31
41_LARNWICK_14348,41,LARNWICK,14348,De Martino Carmenere Estate,750mL,22,11.99,2024-12-31
55_DRY GULCH_6734,55,DRY GULCH,6734,Gallo Twin Valley Cab Svgn C,1.5L,12,9.99,2024-12-31
41_LARNWICK_5597,41,LARNWICK,5597,DeKuyper Watermelon Pucker,750mL,12,9.99,2024-12-31
60_IRRAGIN_17748,60,IRRAGIN,17748,Black Box Pnt Grigio,500mL,19,3.99,2024-12-31
50_MOUNTMEND_32055,50,MOUNTMEND,32055,Greg Norman Eden Vly Chard,750mL,53,10.99,2024-12-31
43_WOLFORD_28163,43,WOLFORD,28163,Villa Maria Svgn Bl Pvt Bin,750mL,15,11.99,2024-12-31
50_MOUNTMEND_597,50,MOUNTMEND,597,Baileys Irish Cream,Liter,110,27.99,2024-12-31
69_MOUNTMEND_2722,69,MOUNTMEND,2722,J & B Rare,750mL,4,21.99,2024-12-31
51_ABERDEEN_3630,51,ABERDEEN,3630,Stolichnaya Razberi,1.75L,43,24.99,2024-12-31
66_EANVERNESS_6563,66,EANVERNESS,6563,Black Opal Cashmore Chard,750mL,26,7.99,2024-12-31
59_CLAETHORPES_6864,59,CLAETHORPES,6864,St Francis Chard,750mL,15,9.99,2024-12-31
42_BLACK HOLLOW_5669,42,BLACK HOLLOW,5669,Fabrizia Blood Orange,750mL,3,16.99,2024-12-31
71_CLARCTON_5747,71,CLARCTON,5747,Malibu Pineapple Rum,750mL,4,12.99,2024-12-31
44_PORTHCRAWL_4294,44,PORTHCRAWL,4294,Goslings Black Seal 151,750mL,28,15.99,2024-12-31
49_GARIGILL_2446,49,GARIGILL,2446,Nomad Outland Whiskey,750mL,3,34.99,2024-12-31
72_HARDERSFIELD_45535,72,HARDERSFIELD,45535,Citra Pnt Grigio,1.5L,8,10.99,2024-12-31
67_EANVERNESS_5101,67,EANVERNESS,5101,Dr McGillicuddy's Mentholmnt,750mL,191,13.99,2024-12-31
41_LARNWICK_4897,41,LARNWICK,4897,Remy Martin VSOP Cognac,50mL,52,4.49,2024-12-31
70_KELD_7130,70,KELD,7130,Smirnoff Green Apple Vodka,1.75L,8,15.99,2024-12-31
66_EANVERNESS_14195,66,EANVERNESS,14195,Twomey Svgn Bl Napa,750mL,24,26.99,2024-12-31
62_KILMARNOCK_5296,62,KILMARNOCK,5296,Southern Comfort 100 Proof,1.75L,21,28.99,2024-12-31
51_ABERDEEN_2254,51,ABERDEEN,2254,Canadian Club Triple Aged,750mL,16,12.99,2024-12-31
61_AETHELNEY_23307,61,AETHELNEY,23307,Ch St Sulpice,750mL,7,12.99,2024-12-31
70_KELD_77,70,KELD,77,Three Olives Espresso Vodka,750mL,13,14.99,2024-12-31
60_IRRAGIN_27799,60,IRRAGIN,27799,Ch de Sancerre Sancerre,750mL,11,29.99,2024-12-31
66_EANVERNESS_41251,66,EANVERNESS,41251,Beringer Classic Pnt Grigio,750mL,57,6.99,2024-12-31
58_HARTLEPOOL_680,58,HARTLEPOOL,680,Midnight Moon Strawberry,750mL,9,19.99,2024-12-31
46__4431,46,,4431,Screech Rum,750mL,0,14.99,2024-12-31
73_DONCASTER_6285,73,DONCASTER,6285,Gallo Twin Valley Wh Znfdl C,1.5L,15,9.99,2024-12-31
50_MOUNTMEND_25161,50,MOUNTMEND,25161,Baron La Rose Bordeaux Blanc,750mL,36,11.99,2024-12-31
66_EANVERNESS_27031,66,EANVERNESS,27031,Opus One 2013,750mL,15,264.99,2024-12-31
47_PELLA'S WISH_8159,47,PELLA'S WISH,8159,Jose Cuervo Especial,1.75L,53,26.99,2024-12-31
54_GUTHRAM_19848,54,GUTHRAM,19848,Carnivor Cab Svgn,750mL,30,9.99,2024-12-31
42_BLACK HOLLOW_4247,42,BLACK HOLLOW,4247,Bacardi Limon Rum,750mL,12,9.99,2024-12-31
67_EANVERNESS_4897,67,EANVERNESS,4897,Remy Martin VSOP Cognac,50mL,96,4.49,2024-12-31
50_MOUNTMEND_190,50,MOUNTMEND,190,Christian Bros Ruby Port,750mL,20,4.29,2024-12-31
48_NORFOLK_3939,48,NORFOLK,3939,Boggy Meadow Switchel Vodka,750mL,7,29.99,2024-12-31
56_BEGGAR'S HOLE_8746,56,BEGGAR'S HOLE,8746,Cavit Pinot Grigio,750mL,34,8.99,2024-12-31
64_CESTERFIELD_22039,64,CESTERFIELD,22039,Ghost Pines Pnt Nr L Martini,750mL,2,17.99,2024-12-31
52_GRAYCOTT_3638,52,GRAYCOTT,3638,Pinnacle Whipped,50mL,110,0.99,2024-12-31
57_LANTEGLOS_5228,57,LANTEGLOS,5228,DeKuyper Wh Cr de Menthe,750mL,9,8.99,2024-12-31
42_BLACK HOLLOW_5697,42,BLACK HOLLOW,5697,Metcalfe's Maple Liqueur,750mL,6,19.99,2024-12-31
46__5242,46,,5242,Cointreau Liqueur,750mL,0,29.99,2024-12-31
64_CESTERFIELD_14382,64,CESTERFIELD,14382,LaBelle Winery Raspberry,375mL,6,15.99,2024-12-31
43_WOLFORD_1715,43,WOLFORD,1715,Ole Smoky Apple Pie Moonshne,750mL,3,18.99,2024-12-31
44_PORTHCRAWL_26091,44,PORTHCRAWL,26091,Pacific Rim Rsl,750mL,11,8.99,2024-12-31
61_AETHELNEY_35918,61,AETHELNEY,35918,Stone Cellars Pnt Grigio,1.5L,12,14.99,2024-12-31
41_LARNWICK_15875,41,LARNWICK,15875,Ranga Ranga Svgn Bl,750mL,22,11.99,2024-12-31
66_EANVERNESS_12944,66,EANVERNESS,12944,Middle Sister Rebel Red,750mL,20,12.99,2024-12-31
72_HARDERSFIELD_3878,72,HARDERSFIELD,3878,Smirnoff 80 Proof,750mL,18,10.99,2024-12-31
69_MOUNTMEND_4145,69,MOUNTMEND,4145,Don Q Cristal Rum,1.75L,11,16.99,2024-12-31
49_GARIGILL_6567,49,GARIGILL,6567,Clos du Bois Merlot N Cst,750mL,16,8.99,2024-12-31
69_MOUNTMEND_8107,69,MOUNTMEND,8107,Wild Turkey 101,1.75L,39,34.99,2024-12-31
50_MOUNTMEND_44292,50,MOUNTMEND,44292,Woop Woop Shiraz,750mL,6,12.99,2024-12-31
71_CLARCTON_6725,71,CLARCTON,6725,Franzia Crisp White Tap,5L,16,12.99,2024-12-31
55_DRY GULCH_3224,55,DRY GULCH,3224,New Amsterdam Apple Vodka,50mL,40,0.99,2024-12-31
48_NORFOLK_6358,48,NORFOLK,6358,Dom Ste Michelle Brut Cuvee,750mL,9,12.99,2024-12-31
51_ABERDEEN_482,51,ABERDEEN,482,Absolut 80 Proof,Liter,37,21.99,2024-12-31
60_IRRAGIN_43788,60,IRRAGIN,43788,Veuve Clicquot Ponsardin Rs,750mL,1,49.99,2024-12-31
50_MOUNTMEND_6115,50,MOUNTMEND,6115,Midnight Moon Raspberry,750mL,28,19.99,2024-12-31
55_DRY GULCH_37235,55,DRY GULCH,37235,Mionetto Il Prosecco Spklg,750mL,19,11.99,2024-12-31
51_ABERDEEN_5317,51,ABERDEEN,5317,B & B Liqueur Dom,50mL,35,3.29,2024-12-31
55_DRY GULCH_12339,55,DRY GULCH,12339,Volver Tempranillo,750mL,17,15.99,2024-12-31
41_LARNWICK_14552,41,LARNWICK,14552,Dom de Dionysos Cairanne Cig,750mL,17,17.99,2024-12-31
69_MOUNTMEND_1893,69,MOUNTMEND,1893,Port Charlotte Scotch Barley,750mL,8,59.99,2024-12-31
53_HILLFAR_3228,53,HILLFAR,3228,Ciroc Mango Vodka,50mL,13,1.99,2024-12-31
49_GARIGILL_18860,49,GARIGILL,18860,Barefoot Refresh Summer Red,750mL,12,5.99,2024-12-31
41_LARNWICK_3951,41,LARNWICK,3951,Hornitos Reposado Tequila,50mL,83,2.49,2024-12-31
73_DONCASTER_1076,73,DONCASTER,1076,Capt Morgan Jack O Blast,50mL,1,0.99,2024-12-31
69_MOUNTMEND_18641,69,MOUNTMEND,18641,Yellow Tail Big Bold Red,1.5L,37,8.95,2024-12-31
71_CLARCTON_8823,71,CLARCTON,8823,Leroux Apricot Brandy,750mL,11,7.99,2024-12-31
55_DRY GULCH_1655,55,DRY GULCH,1655,WhistlePig 15 Yr Old Rye,750mL,4,198.99,2024-12-31
67_EANVERNESS_15505,67,EANVERNESS,15505,Mollydooker Carnival of Love,750mL,10,84.99,2024-12-31
49_GARIGILL_32090,49,GARIGILL,32090,Rutherford Ranch Cab Svgn,750mL,11,26.99,2024-12-31
64_CESTERFIELD_4141,64,CESTERFIELD,4141,Wild Turkey American Honey,50mL,21,0.99,2024-12-31
64_CESTERFIELD_7948,64,CESTERFIELD,7948,Bayou Silver Rum,50mL,102,0.99,2024-12-31
55_DRY GULCH_18865,55,DRY GULCH,18865,Mirafiore Barolo,750mL,11,37.99,2024-12-31
48_NORFOLK_6360,48,NORFOLK,6360,Taylor Nys Cream Sherry,3L,8,13.99,2024-12-31
51_ABERDEEN_5708,51,ABERDEEN,5708,Dr McGillicuddy's Root Beer,50mL,65,0.99,2024-12-31
72_HARDERSFIELD_5105,72,HARDERSFIELD,5105,Dr McGillicuddy's Mentholmnt,1.75L,17,19.99,2024-12-31
50_MOUNTMEND_22914,50,MOUNTMEND,22914,Mount Veeder Cab Svgn,750mL,14,28.99,2024-12-31
52_GRAYCOTT_44714,52,GRAYCOTT,44714,Buehler Znfdl Napa,750mL,9,11.99,2024-12-31
66_EANVERNESS_13430,66,EANVERNESS,13430,Agua de Piedra Malbec Selccn,750mL,33,11.99,2024-12-31
49_GARIGILL_13487,49,GARIGILL,13487,Brancaia Tre Rosso Toscana,750mL,8,17.99,2024-12-31
63_SWORDBREAK_1545,63,SWORDBREAK,1545,Gentleman Jack,750mL,15,28.99,2024-12-31
72_HARDERSFIELD_5317,72,HARDERSFIELD,5317,B & B Liqueur Dom,50mL,31,3.29,2024-12-31
68_SOLARIS_16758,68,SOLARIS,16758,Dolin Sweet Red Vermouth,750mL,11,13.99,2024-12-31
59_CLAETHORPES_22355,59,CLAETHORPES,22355,Wairau River Svgn Bl,750mL,10,15.99,2024-12-31
56_BEGGAR'S HOLE_2770,56,BEGGAR'S HOLE,2770,Hudson Single Malt Whiskey,375mL,10,39.99,2024-12-31
66_EANVERNESS_33987,66,EANVERNESS,33987,Cavit Cab Svgn,1.5L,12,9.99,2024-12-31
43_WOLFORD_3364,43,WOLFORD,3364,Absolut Ruby Red,1.75L,8,24.99,2024-12-31
61_AETHELNEY_16655,61,AETHELNEY,16655,Dom Bousquet Cab Svgn Mendza,750mL,16,10.99,2024-12-31
60_IRRAGIN_3352,60,IRRAGIN,3352,Ciroc Coconut Vodka,750mL,21,24.99,2024-12-31
49_GARIGILL_3800,49,GARIGILL,3800,Don Julio Anejo Tequila,750mL,17,54.99,2024-12-31
60_IRRAGIN_27874,60,IRRAGIN,27874,Forefront by Pine Ridge Pnt,750mL,47,12.99,2024-12-31
48_NORFOLK_2143,48,NORFOLK,2143,Canadian Mist,1.75L,28,13.99,2024-12-31
69_MOUNTMEND_7788,69,MOUNTMEND,7788,Piehole Apple Pie,750mL,15,14.99,2024-12-31
55_DRY GULCH_20557,55,DRY GULCH,20557,The Other Red,750mL,34,10.99,2024-12-31
72_HARDERSFIELD_24841,72,HARDERSFIELD,24841,Porta 6 Red,750mL,8,7.99,2024-12-31
50_MOUNTMEND_2734,50,MOUNTMEND,2734,Nikka Pure Malt Whiskey,750mL,8,68.99,2024-12-31
64_CESTERFIELD_1379,64,CESTERFIELD,1379,Jim Beam Traveler,750mL,8,16.99,2024-12-31
60_IRRAGIN_46424,60,IRRAGIN,46424,Hob Nob Pnt Nr VDP D'Oc,750mL,12,9.99,2024-12-31
66_EANVERNESS_497,66,EANVERNESS,497,Capt Morgan Spiced Rum,Liter,49,19.99,2024-12-31
44_PORTHCRAWL_19041,44,PORTHCRAWL,19041,The Path Cab Svgn,750mL,13,10.99,2024-12-31
43_WOLFORD_24188,43,WOLFORD,24188,St Francis Cab Svgn Sonoma,750mL,20,15.99,2024-12-31
44_PORTHCRAWL_19174,44,PORTHCRAWL,19174,Cavicchioli Sw Italian Spkln,750mL,8,10.99,2024-12-31
73_DONCASTER_1963,73,DONCASTER,1963,Nikka Taketsuru Pure Malt 21,750mL,3,199.99,2024-12-31
50_MOUNTMEND_8275,50,MOUNTMEND,8275,El Mayor Anejo Tequila,750mL,13,32.99,2024-12-31
41_LARNWICK_6351,41,LARNWICK,6351,Kendall Jackson Vntr RSV Cab,750mL,88,16.99,2024-12-31
55_DRY GULCH_13949,55,DRY GULCH,13949,Cade Cab Svgn Napa Cuvee,750mL,7,82.99,2024-12-31
71_CLARCTON_41537,71,CLARCTON,41537,Mer Soleil Chard Central Cst,750mL,13,27.99,2024-12-31
71_CLARCTON_3836,71,CLARCTON,3836,Smirnoff Citrus Vodka,750mL,26,12.99,2024-12-31
67_EANVERNESS_8023,67,EANVERNESS,8023,DeKuyper Triple Sec,750mL,43,4.49,2024-12-31
41_LARNWICK_8016,41,LARNWICK,8016,La Vieille Ferme Wh Rhone,750mL,15,6.99,2024-12-31
72_HARDERSFIELD_3746,72,HARDERSFIELD,3746,Gordons Vodka 80 Proof,1.75L,29,12.99,2024-12-31
43_WOLFORD_3798,43,WOLFORD,3798,Ciroc Apple Vodka,750mL,1,24.99,2024-12-31
68_SOLARIS_2177,68,SOLARIS,2177,Canadian Hunter Rye,50mL,25,0.99,2024-12-31
43_WOLFORD_9360,43,WOLFORD,9360,KAH Blanco Tequila,750mL,2,49.99,2024-12-31
53_HILLFAR_3591,53,HILLFAR,3591,Absolut Vanilia,750mL,11,17.99,2024-12-31
68_SOLARIS_18533,68,SOLARIS,18533,Candia Vyds Diamond,750mL,11,14.99,2024-12-31
73_DONCASTER_22067,73,DONCASTER,22067,Dom Zind Humbrecht Pnt Bl 12,750mL,1,21.99,2024-12-31
49_GARIGILL_25893,49,GARIGILL,25893,MJ Candice Red 13 Roussillon,750mL,11,10.99,2024-12-31
72_HARDERSFIELD_13661,72,HARDERSFIELD,13661,Duckhorn Decoy Pnt Nr Sonoma,750mL,42,16.95,2024-12-31
41_LARNWICK_19220,41,LARNWICK,19220,Veuve Clicquot Gold Label,750mL,13,64.99,2024-12-31
42_BLACK HOLLOW_2879,42,BLACK HOLLOW,2879,Corner Creek Rsv Bourbon,750mL,3,29.99,2024-12-31
44_PORTHCRAWL_28474,44,PORTHCRAWL,28474,Burgans Albarino Baixas Rio,750mL,55,12.99,2024-12-31
70_KELD_2034,70,KELD,2034,Glendalough Double Barrel,750mL,8,27.99,2024-12-31
44_PORTHCRAWL_6980,44,PORTHCRAWL,6980,Midnight Moon Blueberry,750mL,6,19.99,2024-12-31
67_EANVERNESS_20551,67,EANVERNESS,20551,Humble Pie Cab Svgn CC,750mL,12,16.99,2024-12-31
43_WOLFORD_4798,43,WOLFORD,4798,Sambuca Romana Liqueur,50mL,118,1.99,2024-12-31
55_DRY GULCH_22170,55,DRY GULCH,22170,Bone Shaker Znfdl,750mL,12,21.99,2024-12-31
44_PORTHCRAWL_8962,44,PORTHCRAWL,8962,Pimms Cup No 1,750mL,22,17.99,2024-12-31
51_ABERDEEN_2214,51,ABERDEEN,2214,James E Pepper Bourbon,750mL,1,33.99,2024-12-31
62_KILMARNOCK_2954,62,KILMARNOCK,2954,Highland Park 12 Yr Single,750mL,4,49.99,2024-12-31
55_DRY GULCH_18813,55,DRY GULCH,18813,Sweet Baby Vyds Raspberry,375mL,22,11.99,2024-12-31
66_EANVERNESS_5153,66,EANVERNESS,5153,Fireball Cinn Whisky Trav,750mL,15,13.99,2024-12-31
72_HARDERSFIELD_3306,72,HARDERSFIELD,3306,Hammer & Sickle Vodka,1.75L,3,39.99,2024-12-31
61_AETHELNEY_5656,61,AETHELNEY,5656,Cabin Fever Maple Liqueur,50mL,1,1.49,2024-12-31
54_GUTHRAM_42766,54,GUTHRAM,42766,14 Hands Merlot Wash,750mL,4,8.99,2024-12-31
41_LARNWICK_8480,41,LARNWICK,8480,Clan MacGregor,1.75L,87,14.99,2024-12-31
73_DONCASTER_2801,73,DONCASTER,2801,Tullamore Dew 10 Yr Old,750mL,0,39.99,2024-12-31
61_AETHELNEY_8345,61,AETHELNEY,8345,R M Woodbridge Cab Svgn Cal,750mL,19,7.99,2024-12-31
50_MOUNTMEND_13113,50,MOUNTMEND,13113,Ch Beaucastel Coud Rouge,750mL,21,32.99,2024-12-31
60_IRRAGIN_1886,60,IRRAGIN,1886,Seagrams 7 Crown,750mL,13,10.99,2024-12-31
50_MOUNTMEND_2916,50,MOUNTMEND,2916,Royal Brackla 12 Yr Scotch,750mL,0,63.99,2024-12-31
60_IRRAGIN_11141,60,IRRAGIN,11141,C K Mondavi Chard,1.5L,18,12.99,2024-12-31
67_EANVERNESS_6566,67,EANVERNESS,6566,Geyser Peak Chard,750mL,38,9.99,2024-12-31
55_DRY GULCH_27868,55,DRY GULCH,27868,Chimney Rock Elevage SLD,750mL,6,89.99,2024-12-31
70_KELD_8819,70,KELD,8819,Leroux Blackberry Brandy,750mL,13,6.99,2024-12-31
56_BEGGAR'S HOLE_5702,56,BEGGAR'S HOLE,5702,Art In The Age Root Liqueur,750mL,2,29.99,2024-12-31
51_ABERDEEN_3746,51,ABERDEEN,3746,Gordons Vodka 80 Proof,1.75L,19,12.99,2024-12-31
41_LARNWICK_2171,41,LARNWICK,2171,Pike Creek Canadian Whisky,750mL,10,21.99,2024-12-31
59_CLAETHORPES_6420,59,CLAETHORPES,6420,R M Woodbridge Chard Cal,750mL,145,7.99,2024-12-31
58_HARTLEPOOL_35914,58,HARTLEPOOL,35914,Stone Cellars Chard,1.5L,15,8.99,2024-12-31
53_HILLFAR_6524,53,HILLFAR,6524,Rosemount Diamond Shiraz,750mL,16,6.99,2024-12-31
50_MOUNTMEND_26046,50,MOUNTMEND,26046,Dievole Chianti Classico,750mL,24,16.99,2024-12-31
59_CLAETHORPES_3456,59,CLAETHORPES,3456,Tanqueray Sterling Vodka,1.75L,28,19.99,2024-12-31
48_NORFOLK_1896,48,NORFOLK,1896,The Glenlivet 18 Yr Single,750mL,3,109.99,2024-12-31
63_SWORDBREAK_5134,63,SWORDBREAK,5134,Dr McGillicuddy's Cherry,750mL,22,13.99,2024-12-31
73_DONCASTER_32988,73,DONCASTER,32988,Barefoot Cab Svgn Cal,750mL,14,4.99,2024-12-31
49_GARIGILL_8730,49,GARIGILL,8730,Ruffino Orvieto Clsc,750mL,16,7.99,2024-12-31
58_HARTLEPOOL_4480,58,HARTLEPOOL,4480,Appleton Special Gold Rum,750mL,10,12.99,2024-12-31
40_BULLMAR_46202,40,BULLMAR,46202,Yellow Tail Pnt Grigio Ausl,1.5L,21,8.95,2024-12-31
71_CLARCTON_16843,71,CLARCTON,16843,Barefoot Cellars Red Moscato,750mL,12,4.99,2024-12-31
49_GARIGILL_25703,49,GARIGILL,25703,Murphy-Goode Svgn Bl,750mL,20,11.99,2024-12-31
67_EANVERNESS_3879,67,EANVERNESS,3879,Smirnoff 80 Proof Traveler,750mL,70,12.99,2024-12-31
45_VERITAS_5027,45,VERITAS,5027,99 Apples Schnapps Liqueur,750mL,5,11.99,2024-12-31
69_MOUNTMEND_8246,69,MOUNTMEND,8246,BV Coastal Estate Pnt Nr,750mL,1,7.99,2024-12-31
67_EANVERNESS_37731,67,EANVERNESS,37731,Corbett Canyon Chard,3L,12,10.99,2024-12-31
41_LARNWICK_34134,41,LARNWICK,34134,Turning Leaf RSV Chard Cal,1.5L,26,10.99,2024-12-31
53_HILLFAR_25036,53,HILLFAR,25036,Albola Pinot Grigio,750mL,8,10.99,2024-12-31
60_IRRAGIN_25716,60,IRRAGIN,25716,Grgich Hills Chard Napa,750mL,12,39.99,2024-12-31
73_DONCASTER_1068,73,DONCASTER,1068,Capt Morgan Jack O Blast,750mL,1,14.99,2024-12-31
69_MOUNTMEND_36539,69,MOUNTMEND,36539,Liberty Creek Prem RSV Chard,1.5L,7,7.99,2024-12-31
70_KELD_36378,70,KELD,36378,MezzaCorona Pnt Grigio,1.5L,50,10.99,2024-12-31
45_VERITAS_5375,45,VERITAS,5375,Petrone Limoncello,750mL,5,19.99,2024-12-31
51_ABERDEEN_3945,51,ABERDEEN,3945,Sauza Conmemorativo,750mL,11,17.99,2024-12-31
49_GARIGILL_20182,49,GARIGILL,20182,Washington Hills LH Rsl,750mL,13,10.99,2024-12-31
55_DRY GULCH_1832,55,DRY GULCH,1832,Laphroaig Lore,750mL,5,128.99,2024-12-31
49_GARIGILL_22222,49,GARIGILL,22222,LaLuca Prosecco,750mL,33,13.99,2024-12-31
54_GUTHRAM_3997,54,GUTHRAM,3997,Hornitos Plata Tequila,750mL,93,20.99,2024-12-31
73_DONCASTER_6459,73,DONCASTER,6459,Freixenet Cordon Negro Extr,750mL,6,10.99,2024-12-31
53_HILLFAR_8033,53,HILLFAR,8033,Jack Daniels No 7 Black,50mL,108,2.99,2024-12-31
55_DRY GULCH_13895,55,DRY GULCH,13895,Mohua Pinot Noir,750mL,20,14.99,2024-12-31
68_SOLARIS_19000,68,SOLARIS,19000,L'Ardi Dolcetto D'Acqui,750mL,15,12.99,2024-12-31
67_EANVERNESS_25109,67,EANVERNESS,25109,Tomaiolo Toscana,750mL,18,10.99,2024-12-31
73_DONCASTER_4404,73,DONCASTER,4404,Bacardi Gold Rum,375mL,23,5.49,2024-12-31
49_GARIGILL_3161,49,GARIGILL,3161,New Amsterdam Red Berry,750mL,15,10.99,2024-12-31
56_BEGGAR'S HOLE_3419,56,BEGGAR'S HOLE,3419,Combier Liqueur D'Orange,750mL,6,26.99,2024-12-31
42_BLACK HOLLOW_15980,42,BLACK HOLLOW,15980,Moonlight Meadery Apple Pie,375mL,19,12.99,2024-12-31
71_CLARCTON_32108,71,CLARCTON,32108,Erath Pnt Nr Oregon,750mL,12,15.99,2024-12-31
55_DRY GULCH_4283,55,DRY GULCH,4283,Hochstadter's Slow and Low,750mL,10,21.99,2024-12-31
73_DONCASTER_2530,73,DONCASTER,2530,The Macallan 17Yr Old Scotch,750mL,0,249.99,2024-12-31
63_SWORDBREAK_41159,63,SWORDBREAK,41159,Phillips Earthquake Ld Znfdl,750mL,12,24.99,2024-12-31
65_LUTON_39335,65,LUTON,39335,Phillips Seven Deadly Znfdl,750mL,37,14.99,2024-12-31
65_LUTON_516,65,LUTON,516,Kamora Coffee Liqueur,Liter,4,10.99,2024-12-31
47_PELLA'S WISH_4243,47,PELLA'S WISH,4243,Bacardi Superior Rum,1.75L,73,19.99,2024-12-31
60_IRRAGIN_19174,60,IRRAGIN,19174,Cavicchioli Sw Italian Spkln,750mL,8,10.99,2024-12-31
47_PELLA'S WISH_45496,47,PELLA'S WISH,45496,Conquista Malbec Mendoza,750mL,10,7.99,2024-12-31
68_SOLARIS_8421,68,SOLARIS,8421,Beringer Classic Wh Znfdl,750mL,18,6.99,2024-12-31
55_DRY GULCH_1657,55,DRY GULCH,1657,Dalwhinnie Distillers Edtion,750mL,12,69.99,2024-12-31
50_MOUNTMEND_23889,50,MOUNTMEND,23889,Corbett Canyon Wh Znfdl,1.5L,21,8.99,2024-12-31
67_EANVERNESS_34430,67,EANVERNESS,34430,Frei Bros RSV Pnt Nr RRV,750mL,16,20.99,2024-12-31
48_NORFOLK_16610,48,NORFOLK,16610,Leese-Fitch Cab Svgn,750mL,21,10.99,2024-12-31
60_IRRAGIN_3637,60,IRRAGIN,3637,Zhenka Vodka Plastic,750mL,18,5.29,2024-12-31
56_BEGGAR'S HOLE_21752,56,BEGGAR'S HOLE,21752,Flag Hill Cayuga White,750mL,14,12.99,2024-12-31
48_NORFOLK_20398,48,NORFOLK,20398,I Lauri Bajo Montepul d'Abru,750mL,6,8.99,2024-12-31
44_PORTHCRAWL_5348,44,PORTHCRAWL,5348,St Brendans Irish Cream,750mL,14,10.99,2024-12-31
69_MOUNTMEND_32796,69,MOUNTMEND,32796,Warre's Otima 10-Yr Tawny,500mL,13,19.99,2024-12-31
59_CLAETHORPES_4280,59,CLAETHORPES,4280,Capt Morgan Parrot Bay Coco,1.75L,4,23.99,2024-12-31
55_DRY GULCH_24180,55,DRY GULCH,24180,Boscarelli Vino Nobile Monte,750mL,21,35.99,2024-12-31
73_DONCASTER_5891,73,DONCASTER,5891,Ryans Irish Cream,1.75L,0,15.99,2024-12-31
48_NORFOLK_6960,48,NORFOLK,6960,Cooks Brut,750mL,30,6.99,2024-12-31
67_EANVERNESS_3153,67,EANVERNESS,3153,Rye Harbor Vodka,750mL,45,17.99,2024-12-31
73_DONCASTER_6681,73,DONCASTER,6681,Cakebread Svgn Bl,750mL,28,23.99,2024-12-31
46__10421,46,,10421,Barefoot Moscato Cal,1.5L,0,10.99,2024-12-31
49_GARIGILL_32908,49,GARIGILL,32908,Sterling Vintners Cltn Merlo,750mL,48,9.99,2024-12-31
49_GARIGILL_13491,49,GARIGILL,13491,Barefoot Cellars Rsl,1.5L,18,10.99,2024-12-31
55_DRY GULCH_2271,55,DRY GULCH,2271,Jailers Tennessee Whiskey,750mL,6,24.99,2024-12-31
72_HARDERSFIELD_857,72,HARDERSFIELD,857,Kahlua,Liter,11,22.99,2024-12-31
53_HILLFAR_984,53,HILLFAR,984,Patron XO Cafe Liqueur,750mL,19,25.99,2024-12-31
64_CESTERFIELD_5891,64,CESTERFIELD,5891,Ryans Irish Cream,1.75L,0,15.99,2024-12-31
50_MOUNTMEND_2124,50,MOUNTMEND,2124,Collingwood Canadian Whisky,750mL,6,29.99,2024-12-31
73_DONCASTER_8000,73,DONCASTER,8000,The Glenlivet 12 Yr Single,1.75L,69,69.99,2024-12-31
67_EANVERNESS_776,67,EANVERNESS,776,Jim Beam Black,Liter,31,22.99,2024-12-31
51_ABERDEEN_33582,51,ABERDEEN,33582,Villa Cornaro Prosecco Del,750mL,17,9.99,2024-12-31
54_GUTHRAM_8413,54,GUTHRAM,8413,St Elder Elderflower Liqueur,750mL,15,17.99,2024-12-31
53_HILLFAR_42765,53,HILLFAR,42765,14 Hands Chard Wash,750mL,14,8.99,2024-12-31
41_LARNWICK_10603,41,LARNWICK,10603,Parducci Petite Sirah,750mL,19,10.99,2024-12-31
66_EANVERNESS_1071,66,EANVERNESS,1071,Straw Boys Vodka,750mL,60,19.99,2024-12-31
66_EANVERNESS_19160,66,EANVERNESS,19160,Tommasi Tenuta Filo Prosecco,750mL,5,14.99,2024-12-31
48_NORFOLK_11827,48,NORFOLK,11827,Cupcake Merlot,750mL,16,7.49,2024-12-31
67_EANVERNESS_27521,67,EANVERNESS,27521,Seghesio Defiant Red,750mL,11,35.99,2024-12-31
48_NORFOLK_3234,48,NORFOLK,3234,Hendrick's Gin,1.75L,11,59.99,2024-12-31
69_MOUNTMEND_2320,69,MOUNTMEND,2320,The Tweeddale 12 Yr Old,750mL,8,52.99,2024-12-31
41_LARNWICK_3693,41,LARNWICK,3693,Smirnoff Ruby Red Grapefruit,750mL,18,10.99,2024-12-31
47_PELLA'S WISH_4370,47,PELLA'S WISH,4370,Ron Virgin White,1.75L,24,10.99,2024-12-31
71_CLARCTON_45822,71,CLARCTON,45822,Masciarelli Montepulciano,750mL,56,9.95,2024-12-31
69_MOUNTMEND_37100,69,MOUNTMEND,37100,Antinori Brnllo Mntlcno Pain,750mL,15,53.99,2024-12-31
41_LARNWICK_2167,41,LARNWICK,2167,Old Beezer 10 Yr SB Bourbon,750mL,16,34.99,2024-12-31
70_KELD_44734,70,KELD,44734,Casa Liliana Good Pnt Grg,750mL,13,9.99,2024-12-31
66_EANVERNESS_3982,66,EANVERNESS,3982,Hornitos Reposado Tequila,750mL,86,20.99,2024-12-31
50_MOUNTMEND_21411,50,MOUNTMEND,21411,Segal's Fusion Chard/Colombd,750mL,23,15.99,2024-12-31
53_HILLFAR_2780,53,HILLFAR,2780,Bulleit 10 Yr Old Bourbon,750mL,12,39.99,2024-12-31
52_GRAYCOTT_3409,52,GRAYCOTT,3409,Crystal Head Vodka,750mL,8,49.99,2024-12-31
52_GRAYCOTT_2830,52,GRAYCOTT,2830,Serpent's Bite Cider Whiskey,750mL,3,13.99,2024-12-31
54_GUTHRAM_8339,54,GUTHRAM,8339,The Glenlivet 12 Yr Single,750mL,74,42.99,2024-12-31
71_CLARCTON_2944,71,CLARCTON,2944,The Glenlivet Founders Res,750mL,9,47.99,2024-12-31
60_IRRAGIN_1359,60,IRRAGIN,1359,Knob Creek Rye,750mL,31,29.99,2024-12-31
50_MOUNTMEND_2189,50,MOUNTMEND,2189,Cleveland Black Rsv Whiskey,750mL,10,24.99,2024-12-31
73_DONCASTER_2753,73,DONCASTER,2753,Johnnie Walker Black Label,1.75L,431,59.99,2024-12-31
55_DRY GULCH_4198,55,DRY GULCH,4198,Sailor Jerry Spiced Navy Rum,1.75L,178,24.99,2024-12-31
62_KILMARNOCK_876,62,KILMARNOCK,876,DeKuyper Creme de Cacao Whit,Liter,14,8.99,2024-12-31
66_EANVERNESS_1868,66,EANVERNESS,1868,Lagavulin Single Malt 16-Yr,750mL,41,69.99,2024-12-31
70_KELD_4181,70,KELD,4181,Calypso Spiced Rum,1.75L,9,10.99,2024-12-31
61_AETHELNEY_3419,61,AETHELNEY,3419,Combier Liqueur D'Orange,750mL,7,26.99,2024-12-31
73_DONCASTER_12220,73,DONCASTER,12220,Angeline Pnt Nr,750mL,46,9.99,2024-12-31
44_PORTHCRAWL_2878,44,PORTHCRAWL,2878,Hudson Four Grain Bourbon,375mL,7,39.99,2024-12-31
45_VERITAS_8387,45,VERITAS,8387,Wild Turkey 101,750mL,16,23.99,2024-12-31
48_NORFOLK_35412,48,NORFOLK,35412,Yellow Tail Chard Ausl,1.5L,11,8.95,2024-12-31
54_GUTHRAM_29353,54,GUTHRAM,29353,Elk Cove Pnt Nr Ore,750mL,4,27.99,2024-12-31
73_DONCASTER_40219,73,DONCASTER,40219,Fat Bastard Merlot,750mL,17,9.99,2024-12-31
50_MOUNTMEND_4270,50,MOUNTMEND,4270,Brugal Anejo Rum,750mL,9,16.99,2024-12-31
62_KILMARNOCK_5102,62,KILMARNOCK,5102,Brinley Shipwreck Coconut Cr,750mL,6,19.99,2024-12-31
41_LARNWICK_4724,41,LARNWICK,4724,Patron Citronge Lime Liqueur,750mL,21,20.99,2024-12-31
41_LARNWICK_44780,41,LARNWICK,44780,Nicolis Valpo Seccal Ripasso,750mL,5,22.99,2024-12-31
56_BEGGAR'S HOLE_6682,56,BEGGAR'S HOLE,6682,R M Woodbridge Chard Cal,1.5L,64,8.99,2024-12-31
64_CESTERFIELD_13708,64,CESTERFIELD,13708,Bota Box Cab Svgn,3L,9,17.99,2024-12-31
62_KILMARNOCK_3343,62,KILMARNOCK,3343,Bombay Sapphire Gin,375mL,13,12.99,2024-12-31
51_ABERDEEN_5740,51,ABERDEEN,5740,Sweet Revenge,750mL,4,17.99,2024-12-31
66_EANVERNESS_3139,66,EANVERNESS,3139,Grey Goose Le Melon,750mL,73,23.99,2024-12-31
59_CLAETHORPES_8761,59,CLAETHORPES,8761,Jose Cuervo Especial,375mL,17,10.99,2024-12-31
61_AETHELNEY_26092,61,AETHELNEY,26092,Blackstone Merlot Cal,750mL,14,7.99,2024-12-31
68_SOLARIS_2299,68,SOLARIS,2299,J Seeds Apple Cider Whiskey,50mL,120,0.99,2024-12-31
51_ABERDEEN_8200,51,ABERDEEN,8200,Chambord Liqueur de France,50mL,57,2.99,2024-12-31
42_BLACK HOLLOW_7978,42,BLACK HOLLOW,7978,M & R X Dry Vermouth,750mL,21,7.49,2024-12-31
42_BLACK HOLLOW_44037,42,BLACK HOLLOW,44037,Barefoot Pnt Grigio Cal,750mL,12,4.99,2024-12-31
68_SOLARIS_2520,68,SOLARIS,2520,The Macallan 12 Yr Old,750mL,7,54.99,2024-12-31
41_LARNWICK_32906,41,LARNWICK,32906,Sterling Vintners Cab Svgn C,750mL,94,9.99,2024-12-31
58_HARTLEPOOL_1297,58,HARTLEPOOL,1297,Jim Beam Black,50mL,0,0.99,2024-12-31
66_EANVERNESS_2926,66,EANVERNESS,2926,Teachers Highland Cream,1.75L,12,27.99,2024-12-31
45_VERITAS_10723,45,VERITAS,10723,R M Woodbridge Chard,1.5L,18,8.99,2024-12-31
42_BLACK HOLLOW_35318,42,BLACK HOLLOW,35318,Jewell Towne Marechal Foch,750mL,8,11.49,2024-12-31
66_EANVERNESS_27097,66,EANVERNESS,27097,Vieux Telegraphe Chtnf Pape,750mL,14,74.99,2024-12-31
44_PORTHCRAWL_15314,44,PORTHCRAWL,15314,Korbel Sweet Cuvee,750mL,6,12.99,2024-12-31
61_AETHELNEY_6216,61,AETHELNEY,6216,Taylor Tawny Port,1.5L,12,7.99,2024-12-31
63_SWORDBREAK_5101,63,SWORDBREAK,5101,Dr McGillicuddy's Mentholmnt,750mL,18,13.99,2024-12-31
50_MOUNTMEND_16242,50,MOUNTMEND,16242,Domino Pnt Grigio,750mL,14,5.99,2024-12-31
49_GARIGILL_3532,49,GARIGILL,3532,Milagro Reposado Tequila,750mL,6,25.99,2024-12-31
64_CESTERFIELD_25699,64,CESTERFIELD,25699,Havens Merlot Napa 13,750mL,48,19.99,2024-12-31
73_DONCASTER_6896,73,DONCASTER,6896,Sterling Merlot,750mL,24,17.99,2024-12-31
55_DRY GULCH_35607,55,DRY GULCH,35607,Castle Rock Merlot Cal,750mL,19,9.99,2024-12-31
49_GARIGILL_2989,49,GARIGILL,2989,The Macallan 18 Yr Old,750mL,14,259.99,2024-12-31
64_CESTERFIELD_3367,64,CESTERFIELD,3367,Pinnacle Pomegranate Vodka,750mL,5,10.99,2024-12-31
41_LARNWICK_8761,41,LARNWICK,8761,Jose Cuervo Especial,375mL,30,10.99,2024-12-31
62_KILMARNOCK_2107,62,KILMARNOCK,2107,Rebel Yell Ginger Bourbon,50mL,4,0.99,2024-12-31
50_MOUNTMEND_22867,50,MOUNTMEND,22867,Vino Dious Cab Svgn 11,750mL,11,13.99,2024-12-31
70_KELD_17345,70,KELD,17345,Bogle Essential Red,750mL,12,10.99,2024-12-31
73_DONCASTER_2609,73,DONCASTER,2609,Pigs Nose Scotch,750mL,12,24.99,2024-12-31
71_CLARCTON_8504,71,CLARCTON,8504,R M Woodbridge Cab Svgn Cal,1.5L,47,8.99,2024-12-31
50_MOUNTMEND_27774,50,MOUNTMEND,27774,Jadot Marsannay Clos Roy 14,750mL,11,32.99,2024-12-31
67_EANVERNESS_24842,67,EANVERNESS,24842,Jacobs Crk Shrz/Cab Svgn,750mL,15,5.99,2024-12-31
50_MOUNTMEND_28946,50,MOUNTMEND,28946,Silverado Merlot Napa,750mL,20,29.99,2024-12-31
71_CLARCTON_3351,71,CLARCTON,3351,Pinnacle Whipped Vodka,1.75L,12,15.99,2024-12-31
41_LARNWICK_2986,41,LARNWICK,2986,Hibiki Harmony Japan Whiskey,750mL,6,69.99,2024-12-31
55_DRY GULCH_2767,55,DRY GULCH,2767,Johnnie Walker Blue Label,750mL,39,191.99,2024-12-31
55_DRY GULCH_23795,55,DRY GULCH,23795,Casa Silva Carmenere,750mL,71,15.99,2024-12-31
68_SOLARIS_2834,68,SOLARIS,2834,Old Smuggler P E T,1.75L,8,16.99,2024-12-31
50_MOUNTMEND_46551,50,MOUNTMEND,46551,J Vineyards Brut 20,750mL,17,25.99,2024-12-31
68_SOLARIS_16695,68,SOLARIS,16695,Ch Hyot Brdx Castillon,750mL,6,15.99,2024-12-31
54_GUTHRAM_4091,54,GUTHRAM,4091,Mount Gay Black Barrel Rum,750mL,29,27.99,2024-12-31
49_GARIGILL_9037,49,GARIGILL,9037,Prairie Organic Cucumber Vod,750mL,14,19.99,2024-12-31
44_PORTHCRAWL_1424,44,PORTHCRAWL,1424,Bulleit Bourbon,375mL,18,15.99,2024-12-31
67_EANVERNESS_22662,67,EANVERNESS,22662,Trefethen Chard Napa,750mL,20,32.99,2024-12-31
60_IRRAGIN_4345,60,IRRAGIN,4345,Capt Morgan Tattoo Rum,750mL,5,19.99,2024-12-31
65_LUTON_881,65,LUTON,881,DeKuyper Hazelnut,Liter,3,8.99,2024-12-31
68_SOLARIS_26787,68,SOLARIS,26787,Moet & Chandon Imperial,187mL,6,10.49,2024-12-31
58_HARTLEPOOL_6581,58,HARTLEPOOL,6581,Ch Ste Michelle Merlot Colum,750mL,16,12.99,2024-12-31
41_LARNWICK_17957,41,LARNWICK,17957,Bluebird Pinot Noir,750mL,18,14.99,2024-12-31
59_CLAETHORPES_24188,59,CLAETHORPES,24188,St Francis Cab Svgn Sonoma,750mL,7,15.99,2024-12-31
67_EANVERNESS_8717,67,EANVERNESS,8717,Sandeman Rainwater Madeira,750mL,12,15.99,2024-12-31
64_CESTERFIELD_44217,64,CESTERFIELD,44217,Ruffino Il Ducale Toscana Rd,750mL,2,15.99,2024-12-31
54_GUTHRAM_10453,54,GUTHRAM,10453,Line 39 Svgn Bl Lake County,750mL,27,9.99,2024-12-31
40_BULLMAR_46830,40,BULLMAR,46830,Pacific Rim Sweet Rsl,750mL,10,8.99,2024-12-31
50_MOUNTMEND_22596,50,MOUNTMEND,22596,Erath Leland Pnt Nr,750mL,5,36.99,2024-12-31
68_SOLARIS_3983,68,SOLARIS,3983,Wiggly Bridge Vodka,750mL,5,24.99,2024-12-31
48_NORFOLK_28887,48,NORFOLK,28887,Livingston Nat Flvrs Chard,3L,4,12.99,2024-12-31
59_CLAETHORPES_6358,59,CLAETHORPES,6358,Dom Ste Michelle Brut Cuvee,750mL,2,12.99,2024-12-31
69_MOUNTMEND_10606,69,MOUNTMEND,10606,Parducci Cab Svgn,750mL,9,10.99,2024-12-31
43_WOLFORD_8978,43,WOLFORD,8978,Riunite Lambrusco,3L,6,16.99,2024-12-31
42_BLACK HOLLOW_4673,42,BLACK HOLLOW,4673,Hennessy VS Cognac,1.75L,2,69.99,2024-12-31
60_IRRAGIN_8652,60,IRRAGIN,8652,Grande Absente Absinthe,750mL,4,56.99,2024-12-31
53_HILLFAR_12213,53,HILLFAR,12213,Evodia Garnacha Old Vine,750mL,9,8.99,2024-12-31
49_GARIGILL_39524,49,GARIGILL,39524,Marilyn Merlot Napa,750mL,2,25.99,2024-12-31
69_MOUNTMEND_28538,69,MOUNTMEND,28538,Shooting Star Chard Lake Cny,750mL,3,14.99,2024-12-31
69_MOUNTMEND_45885,69,MOUNTMEND,45885,Mer Soleil Silver Chard,750mL,12,19.99,2024-12-31
57_LANTEGLOS_25753,57,LANTEGLOS,25753,Barefoot Refresh Summer Red,250mL 4 Pk,17,7.99,2024-12-31
44_PORTHCRAWL_25711,44,PORTHCRAWL,25711,Alexander Vly Vyd Cab Svgn,750mL,15,15.99,2024-12-31
66_EANVERNESS_23406,66,EANVERNESS,23406,The Naked Grape Box Merlot,3L,5,15.99,2024-12-31
73_DONCASTER_2033,73,DONCASTER,2033,Canadian Mist,750mL,9,7.99,2024-12-31
67_EANVERNESS_26460,67,EANVERNESS,26460,Golan Heights Yarden Cab Svg,750mL,9,34.99,2024-12-31
50_MOUNTMEND_15917,50,MOUNTMEND,15917,Simply Naked Chard,750mL,27,8.99,2024-12-31
57_LANTEGLOS_35472,57,LANTEGLOS,35472,R M Woodbridge Pnt Grigio,1.5L,35,8.99,2024-12-31
55_DRY GULCH_23888,55,DRY GULCH,23888,Cycles Gladiator Petite Sira,750mL,5,11.99,2024-12-31
46__12203,46,,12203,Cavit Prosecco Lunetta,187mL 3 Pk,0,9.99,2024-12-31
73_DONCASTER_36081,73,DONCASTER,36081,La Clarence Haut Brion 10,750mL,16,196.49,2024-12-31
49_GARIGILL_14280,49,GARIGILL,14280,Cupcake Shiraz,750mL,13,7.49,2024-12-31
41_LARNWICK_1465,41,LARNWICK,1465,Woodford Rsv Bourbon,375mL,16,15.99,2024-12-31
60_IRRAGIN_2925,60,IRRAGIN,2925,Penasco Plata Tequila,750mL,16,27.99,2024-12-31
44_PORTHCRAWL_25036,44,PORTHCRAWL,25036,Albola Pinot Grigio,750mL,30,10.99,2024-12-31
73_DONCASTER_2532,73,DONCASTER,2532,The Macallan 12 Yr Old,1.75L,13,146.99,2024-12-31
67_EANVERNESS_2183,67,EANVERNESS,2183,McClelland Highland Single,750mL,17,19.99,2024-12-31
68_SOLARIS_5401,68,SOLARIS,5401,Jagermeister Liqueur,200mL,22,4.99,2024-12-31
64_CESTERFIELD_21341,64,CESTERFIELD,21341,Essenciel Paradis Prvnc Rose,750mL,27,14.99,2024-12-31
62_KILMARNOCK_22143,62,KILMARNOCK,22143,Simi Cab Svgn,750mL,4,13.79,2024-12-31
47_PELLA'S WISH_3802,47,PELLA'S WISH,3802,Three Olives Vodka,1.75L,44,18.99,2024-12-31
59_CLAETHORPES_7423,59,CLAETHORPES,7423,Manischewitz Concord Kosher,1.5L,8,7.99,2024-12-31
55_DRY GULCH_13154,55,DRY GULCH,13154,Clayhouse Malbec Paso Robles,750mL,13,13.99,2024-12-31
69_MOUNTMEND_36771,69,MOUNTMEND,36771,Yellow Tail Merlot Ausl,1.5L,166,8.95,2024-12-31
68_SOLARIS_33149,68,SOLARIS,33149,Alamos Ridge Malbec Mendoza,750mL,65,8.99,2024-12-31
44_PORTHCRAWL_10254,44,PORTHCRAWL,10254,Beringer Classic Chard,750mL,17,6.99,2024-12-31
41_LARNWICK_19244,41,LARNWICK,19244,Trimbach Riesling,750mL,18,16.99,2024-12-31
69_MOUNTMEND_13338,69,MOUNTMEND,13338,C'est La Vie Pnt Nr/Syrh VDP,750mL,9,7.99,2024-12-31
69_MOUNTMEND_39575,69,MOUNTMEND,39575,Morgan Winery Double L Pnt N,750mL,20,45.99,2024-12-31
56_BEGGAR'S HOLE_3762,56,BEGGAR'S HOLE,3762,Patron Silver Tequila,50mL,59,5.99,2024-12-31
49_GARIGILL_31487,49,GARIGILL,31487,Barefoot Bubbly Brut Cve,750mL,96,6.95,2024-12-31
61_AETHELNEY_2652,61,AETHELNEY,2652,Michter's American Whiskey,750mL,6,39.99,2024-12-31
43_WOLFORD_39479,43,WOLFORD,39479,Barefoot Premium X-Dry,750mL,8,6.95,2024-12-31
50_MOUNTMEND_38952,50,MOUNTMEND,38952,Nora Albarino Rias Baixas,750mL,5,14.99,2024-12-31
43_WOLFORD_5849,43,WOLFORD,5849,GranGala Triple Orange,750mL,6,16.99,2024-12-31
41_LARNWICK_2658,41,LARNWICK,2658,Cutty Sark,750mL,9,15.99,2024-12-31
58_HARTLEPOOL_2640,58,HARTLEPOOL,2640,Michter's Small Batch Bourbn,750mL,8,41.99,2024-12-31
56_BEGGAR'S HOLE_28069,56,BEGGAR'S HOLE,28069,Sutter Home Merlot Cal,1.5L,5,9.99,2024-12-31
41_LARNWICK_13792,41,LARNWICK,13792,The Wolftrap Syrah Vio Mourv,750mL,6,8.99,2024-12-31
65_LUTON_2973,65,LUTON,2973,Eagle Rare Single Barrel Bo,750mL,1,27.99,2024-12-31
48_NORFOLK_5780,48,NORFOLK,5780,Malibu Black,750mL,6,13.99,2024-12-31
66_EANVERNESS_19827,66,EANVERNESS,19827,Pomino Chard,750mL,14,16.99,2024-12-31
67_EANVERNESS_3579,67,EANVERNESS,3579,Ciroc Pineapple Vodka,375mL,51,15.49,2024-12-31
72_HARDERSFIELD_22019,72,HARDERSFIELD,22019,Mumm Napa Brut Rose,750mL,17,15.99,2024-12-31
60_IRRAGIN_45535,60,IRRAGIN,45535,Citra Pnt Grigio,1.5L,7,10.99,2024-12-31
68_SOLARIS_37821,68,SOLARIS,37821,Frescobaldi Sangiovese Remo,750mL,6,11.99,2024-12-31
68_SOLARIS_29248,68,SOLARIS,29248,Toasted Head Chard,750mL,75,9.99,2024-12-31
62_KILMARNOCK_3042,62,KILMARNOCK,3042,Ciroc Red Berry Vodka,375mL,8,15.49,2024-12-31
71_CLARCTON_5392,71,CLARCTON,5392,Goldschlager Cinnamon Schnps,750mL,11,17.99,2024-12-31
58_HARTLEPOOL_1639,58,HARTLEPOOL,1639,The Famous Grouse,750mL,14,19.99,2024-12-31
69_MOUNTMEND_3571,69,MOUNTMEND,3571,Absolut Vanilia,50mL,134,1.99,2024-12-31
66_EANVERNESS_3189,66,EANVERNESS,3189,Skyy Infusions Dragon Fruit,750mL,8,15.99,2024-12-31
57_LANTEGLOS_8112,57,LANTEGLOS,8112,Stolichnaya,1.75L,82,23.99,2024-12-31
68_SOLARIS_7867,68,SOLARIS,7867,Tooters Red-diculous 15 Pk,375mL,5,8.99,2024-12-31
67_EANVERNESS_1862,67,EANVERNESS,1862,John Power Irish Whiskey,750mL,19,26.99,2024-12-31
59_CLAETHORPES_5090,59,CLAETHORPES,5090,El Charro Silver Tequila,750mL,4,12.99,2024-12-31
61_AETHELNEY_1639,61,AETHELNEY,1639,The Famous Grouse,750mL,18,19.99,2024-12-31
59_CLAETHORPES_8496,59,CLAETHORPES,8496,Jadot Chardonnay,750mL,13,14.99,2024-12-31
48_NORFOLK_8063,48,NORFOLK,8063,Absolut Pears,50mL,0,1.99,2024-12-31
57_LANTEGLOS_24086,57,LANTEGLOS,24086,Hess Select Chard,750mL,6,12.99,2024-12-31
55_DRY GULCH_24308,55,DRY GULCH,24308,Twomey Pnt Nr RRV,750mL,3,47.99,2024-12-31
61_AETHELNEY_17041,61,AETHELNEY,17041,Sutter Home Pink Moscato,1.5L,9,9.99,2024-12-31
50_MOUNTMEND_31200,50,MOUNTMEND,31200,Banfi Rosso di Montalcino,750mL,10,20.99,2024-12-31
67_EANVERNESS_23203,67,EANVERNESS,23203,Truvee Red,750mL,19,9.99,2024-12-31
69_MOUNTMEND_6162,69,MOUNTMEND,6162,Jadot Pouilly Fuisse,750mL,11,21.99,2024-12-31
49_GARIGILL_29431,49,GARIGILL,29431,Clos du Val Cab Svgn Napa,750mL,0,54.99,2024-12-31
73_DONCASTER_17433,73,DONCASTER,17433,Vino Pnt Grigio,750mL,49,11.99,2024-12-31
62_KILMARNOCK_23095,62,KILMARNOCK,23095,Glen Ellen Cab Svgn RSV,1.5L,8,6.99,2024-12-31
44_PORTHCRAWL_45885,44,PORTHCRAWL,45885,Mer Soleil Silver Chard,750mL,37,19.99,2024-12-31
50_MOUNTMEND_25203,50,MOUNTMEND,25203,Aveleda Follies,750mL,7,12.99,2024-12-31
55_DRY GULCH_2856,55,DRY GULCH,2856,Cragganmore 12-Yr Sngle Malt,750mL,19,57.99,2024-12-31
60_IRRAGIN_3495,60,IRRAGIN,3495,Ketel One Citroen Vodka,1.75L,62,38.99,2024-12-31
69_MOUNTMEND_10205,69,MOUNTMEND,10205,R Mondavi Pnt Nr Napa Vly,750mL,36,26.99,2024-12-31
61_AETHELNEY_3503,61,AETHELNEY,3503,Smirnoff Sorbet Rasp/Pomegra,750mL,32,12.99,2024-12-31
54_GUTHRAM_14383,54,GUTHRAM,14383,LaBelle Winery Granite Red,750mL,17,15.99,2024-12-31
41_LARNWICK_44494,41,LARNWICK,44494,Smoking Loon Pnt Grigio Cal,750mL,53,6.79,2024-12-31
55_DRY GULCH_36620,55,DRY GULCH,36620,Talbott Kali Hart Mtry Chard,750mL,0,16.99,2024-12-31
72_HARDERSFIELD_27596,72,HARDERSFIELD,27596,MezzaCorona Pnt Grigio,750mL,21,7.99,2024-12-31
71_CLARCTON_3593,71,CLARCTON,3593,Smirnoff Blue 100 Proof Trav,1.75L,10,26.99,2024-12-31
44_PORTHCRAWL_15255,44,PORTHCRAWL,15255,Bota Mini Pnt Grigio,500mL,10,3.99,2024-12-31
41_LARNWICK_4064,41,LARNWICK,4064,Calico Jack Pin/Coc Rum,1.75L,24,12.99,2024-12-31
45_VERITAS_26948,45,VERITAS,26948,Ferrari-Carano Chard,750mL,10,18.99,2024-12-31
59_CLAETHORPES_2694,59,CLAETHORPES,2694,Glenmorangie LaSanta,750mL,8,49.99,2024-12-31
72_HARDERSFIELD_8398,72,HARDERSFIELD,8398,Casamigos Blanco,750mL,7,53.99,2024-12-31
42_BLACK HOLLOW_3529,42,BLACK HOLLOW,3529,U V Vodka,1.75L,16,13.99,2024-12-31
73_DONCASTER_1424,73,DONCASTER,1424,Bulleit Bourbon,375mL,9,15.99,2024-12-31
60_IRRAGIN_27212,60,IRRAGIN,27212,R Mondavi Cab Svgn Oakville,750mL,16,54.99,2024-12-31
47_PELLA'S WISH_3728,47,PELLA'S WISH,3728,Absolut Citron,1.75L,19,24.99,2024-12-31
57_LANTEGLOS_4330,57,LANTEGLOS,4330,Capt Morgan Spiced Rum 100,1.75L,7,26.99,2024-12-31
65_LUTON_5403,65,LUTON,5403,Amaretto di Amore,750mL,10,9.99,2024-12-31
57_LANTEGLOS_17349,57,LANTEGLOS,17349,Moonlight Meadery Desire,375mL,7,13.99,2024-12-31
52_GRAYCOTT_8627,52,GRAYCOTT,8627,Jadot Beaujolais Villages,750mL,16,7.98,2024-12-31
62_KILMARNOCK_8440,62,KILMARNOCK,8440,Baileys Espresso Creme,750mL,17,19.99,2024-12-31
69_MOUNTMEND_35941,69,MOUNTMEND,35941,Rancho Zabaco Dncg Bul Znfdl,750mL,9,8.99,2024-12-31
54_GUTHRAM_2772,54,GUTHRAM,2772,Talisker Storm Scotch,750mL,5,49.99,2024-12-31
41_LARNWICK_7111,41,LARNWICK,7111,Jameson's Cooper Croze Irish,750mL,6,59.99,2024-12-31
60_IRRAGIN_26827,60,IRRAGIN,26827,Cavit Merlot Trentino,1.5L,13,9.99,2024-12-31
57_LANTEGLOS_42764,57,LANTEGLOS,42764,14 Hands Cab Svgn Wash,750mL,84,8.99,2024-12-31
71_CLARCTON_43092,71,CLARCTON,43092,Oberon Cab Svgn Napa,750mL,10,21.99,2024-12-31
54_GUTHRAM_8101,54,GUTHRAM,8101,Tanqueray,50mL,23,1.99,2024-12-31
46__4916,46,,4916,Mr Boston Coffee Brandy,1.75L,0,9.99,2024-12-31
53_HILLFAR_4199,53,HILLFAR,4199,Sauza Blanco Tequila,1.75L,55,21.99,2024-12-31
50_MOUNTMEND_44712,50,MOUNTMEND,44712,Sonoma-Cutrer Chard Sonoma,750mL,14,20.99,2024-12-31
59_CLAETHORPES_3784,59,CLAETHORPES,3784,Margaritaville Gold Tequila,750mL,11,9.99,2024-12-31
47_PELLA'S WISH_2784,47,PELLA'S WISH,2784,Lauders,Liter,8,9.79,2024-12-31
69_MOUNTMEND_22562,69,MOUNTMEND,22562,High Note 1100 Meter Red,750mL,1,9.99,2024-12-31
54_GUTHRAM_16246,54,GUTHRAM,16246,Domino Chard,1.5L,12,7.99,2024-12-31
41_LARNWICK_8837,41,LARNWICK,8837,Santa Rita 120 Cab Svgn,750mL,18,5.99,2024-12-31
50_MOUNTMEND_24286,50,MOUNTMEND,24286,Kendall Jackson Gr RSV Cab S,750mL,28,22.99,2024-12-31
57_LANTEGLOS_6861,57,LANTEGLOS,6861,Sutter Home Clsc Wh Znfdl,187mL 4 Pk,10,5.99,2024-12-31
69_MOUNTMEND_7436,69,MOUNTMEND,7436,Belle de Brillet Pear Liquer,750mL,5,49.99,2024-12-31
43_WOLFORD_8761,43,WOLFORD,8761,Jose Cuervo Especial,375mL,15,10.99,2024-12-31
49_GARIGILL_1188,49,GARIGILL,1188,Stolichnaya 80/2 Glass Pack,750mL,1,16.99,2024-12-31
69_MOUNTMEND_25269,69,MOUNTMEND,25269,R Mondavi Cab Svgn Pvt Sel,750mL,118,8.99,2024-12-31
41_LARNWICK_5630,41,LARNWICK,5630,Cabin Fever Maple Liqueur,750mL,17,19.99,2024-12-31
56_BEGGAR'S HOLE_26632,56,BEGGAR'S HOLE,26632,R Mondavi Pvt Sel Znfdl,750mL,1,8.99,2024-12-31
50_MOUNTMEND_45875,50,MOUNTMEND,45875,Gallo Twin Vly Pnt Grigio,1.5L,9,9.99,2024-12-31
54_GUTHRAM_2254,54,GUTHRAM,2254,Canadian Club Triple Aged,750mL,1,12.99,2024-12-31
55_DRY GULCH_3488,55,DRY GULCH,3488,Tanqueray,750mL,24,19.99,2024-12-31
43_WOLFORD_5725,43,WOLFORD,5725,DeKuyper Sour Apple Pucker,750mL,9,9.99,2024-12-31
69_MOUNTMEND_20707,69,MOUNTMEND,20707,Raffy Malbec Terrior,750mL,7,15.99,2024-12-31
47_PELLA'S WISH_1339,47,PELLA'S WISH,1339,The Glenlivet 12 Yr Single,Liter,3,47.99,2024-12-31
50_MOUNTMEND_2156,50,MOUNTMEND,2156,(RI) 1,750mL,11,34.99,2024-12-31
64_CESTERFIELD_5367,64,CESTERFIELD,5367,Sambuca di Amore,750mL,6,9.99,2024-12-31
70_KELD_1545,70,KELD,1545,Gentleman Jack,750mL,11,28.99,2024-12-31
71_CLARCTON_35319,71,CLARCTON,35319,Jewell Towne Rsl NH,750mL,12,17.49,2024-12-31
66_EANVERNESS_426,66,EANVERNESS,426,Crystal Head Vodka,50mL,34,7.99,2024-12-31
69_MOUNTMEND_3301,69,MOUNTMEND,3301,Triple Crown Blended Whiskey,750mL,69,15.99,2024-12-31
51_ABERDEEN_5597,51,ABERDEEN,5597,DeKuyper Watermelon Pucker,750mL,16,9.99,2024-12-31
41_LARNWICK_46298,41,LARNWICK,46298,Intorcia Marsala Sweet,Liter,11,11.99,2024-12-31
67_EANVERNESS_25988,67,EANVERNESS,25988,Infamous Goose Svgn Bl,750mL,12,12.99,2024-12-31
71_CLARCTON_8653,71,CLARCTON,8653,M & R Extra Dry Vermouth,375mL,21,5.29,2024-12-31
59_CLAETHORPES_6572,59,CLAETHORPES,6572,Ch Greysac,750mL,10,16.99,2024-12-31
71_CLARCTON_24088,71,CLARCTON,24088,Hess Select Cab Svgn,750mL,8,17.99,2024-12-31
42_BLACK HOLLOW_20729,42,BLACK HOLLOW,20729,Villa Jolanda Peach Moscato,750mL,13,9.99,2024-12-31
66_EANVERNESS_39357,66,EANVERNESS,39357,Bota Box Merlot Cal,3L,11,17.99,2024-12-31
44_PORTHCRAWL_3607,44,PORTHCRAWL,3607,Smirnoff Citrus Vodka,50mL,55,0.99,2024-12-31
69_MOUNTMEND_26497,69,MOUNTMEND,26497,Ch Ste Michelle Canoe Rdg Me,750mL,9,17.99,2024-12-31
49_GARIGILL_9147,49,GARIGILL,9147,Green Spot Irish Whiskey,750mL,12,56.99,2024-12-31
55_DRY GULCH_19662,55,DRY GULCH,19662,Santa Rita 120 Svgn Bl,750mL,29,5.99,2024-12-31
47_PELLA'S WISH_2125,47,PELLA'S WISH,2125,Glenfiddich 14 Yr Barrel Rsv,750mL,6,49.99,2024-12-31
64_CESTERFIELD_46628,64,CESTERFIELD,46628,Paso Creek Cab Svgn,750mL,15,13.99,2024-12-31
67_EANVERNESS_3882,67,EANVERNESS,3882,Smirnoff Strawberry Vodka,750mL,31,10.99,2024-12-31
41_LARNWICK_3779,41,LARNWICK,3779,Three Olives Cherry Vodka,750mL,40,14.99,2024-12-31
49_GARIGILL_3909,49,GARIGILL,3909,White Mountain Vodka,750mL,22,24.99,2024-12-31
48_NORFOLK_1484,48,NORFOLK,1484,Knob Creek Rye,1.75L,6,55.99,2024-12-31
73_DONCASTER_23275,73,DONCASTER,23275,Black Ink Red Wine,750mL,22,9.99,2024-12-31
42_BLACK HOLLOW_1550,42,BLACK HOLLOW,1550,Jack Daniels Tennessee Fire,100mL,23,3.99,2024-12-31
44_PORTHCRAWL_4040,44,PORTHCRAWL,4040,Clement Select Barrel Rhum,750mL,4,24.99,2024-12-31
55_DRY GULCH_8275,55,DRY GULCH,8275,El Mayor Anejo Tequila,750mL,8,32.99,2024-12-31
64_CESTERFIELD_3243,64,CESTERFIELD,3243,Burnetts Vodka,1.75L,30,10.99,2024-12-31
46__27835,46,,27835,Wild Horse CC Pnt Nr,750mL,0,15.99,2024-12-31
48_NORFOLK_6574,48,NORFOLK,6574,Franzia Tap Wh Znfdl Cal,5L,12,17.99,2024-12-31
67_EANVERNESS_33682,67,EANVERNESS,33682,R Mondavi Priv Slctn Cab Svg,1.5L,16,20.99,2024-12-31
62_KILMARNOCK_2623,62,KILMARNOCK,2623,Ballantines,1.75L,8,27.99,2024-12-31
54_GUTHRAM_3736,54,GUTHRAM,3736,Smirnoff Cherry Vodka,750mL,16,10.99,2024-12-31
63_SWORDBREAK_8522,63,SWORDBREAK,8522,Dekuyper Peachtree Scnapps,50mL,55,0.99,2024-12-31
65_LUTON_4179,65,LUTON,4179,Bacardi Dragon Berry Rum,1.75L,6,19.99,2024-12-31
55_DRY GULCH_2991,55,DRY GULCH,2991,Tullibardine Single Malt,750mL,11,49.99,2024-12-31
60_IRRAGIN_6460,60,IRRAGIN,6460,Columbia Crest Two Vns Chard,750mL,12,6.99,2024-12-31
68_SOLARIS_2723,68,SOLARIS,2723,J & B Rare,1.75L,7,27.99,2024-12-31
57_LANTEGLOS_43432,57,LANTEGLOS,43432,Montgras RSV Svgn Bl Casabln,750mL,27,5.99,2024-12-31
60_IRRAGIN_6267,60,IRRAGIN,6267,Kinky Gold Liqueur,750mL,42,16.99,2024-12-31
61_AETHELNEY_21041,61,AETHELNEY,21041,Alexander Vly Vyds Merlot,750mL,6,15.99,2024-12-31
59_CLAETHORPES_3476,59,CLAETHORPES,3476,Reyka Vodka,750mL,14,19.99,2024-12-31
46__3960,46,,3960,Tortilla Gold Tequila Liquer,1.75L,0,11.99,2024-12-31
60_IRRAGIN_3367,60,IRRAGIN,3367,Pinnacle Pomegranate Vodka,750mL,5,10.99,2024-12-31
54_GUTHRAM_6824,54,GUTHRAM,6824,Kendall Jackson Pnt Nr Vtnr,750mL,26,14.99,2024-12-31
54_GUTHRAM_25650,54,GUTHRAM,25650,Long Barn Chardonnay,750mL,10,10.99,2024-12-31
62_KILMARNOCK_3851,62,KILMARNOCK,3851,Grey Goose Vodka,375mL,14,15.99,2024-12-31
41_LARNWICK_14381,41,LARNWICK,14381,LaBelle Winery Riesling,750mL,24,15.99,2024-12-31
49_GARIGILL_6958,49,GARIGILL,6958,Vendange Svgn Bl,1.5L,12,7.99,2024-12-31
70_KELD_6096,70,KELD,6096,Kinky Blue Liqueur,750mL,9,16.99,2024-12-31
57_LANTEGLOS_5298,57,LANTEGLOS,5298,Southern Comfort 100 Proof,750mL,14,16.99,2024-12-31
59_CLAETHORPES_8788,59,CLAETHORPES,8788,Stolichnaya,50mL,63,1.99,2024-12-31
60_IRRAGIN_6266,60,IRRAGIN,6266,Gallo Fairbanks Sherry,1.5L,7,7.79,2024-12-31
60_IRRAGIN_4932,60,IRRAGIN,4932,Arrow Ginger Brandy,750mL,24,7.99,2024-12-31
50_MOUNTMEND_6226,50,MOUNTMEND,6226,Marcus James Chard,1.5L,10,7.99,2024-12-31
52_GRAYCOTT_2057,52,GRAYCOTT,2057,Rebel Yell Root Beer Bourbon,50mL,6,0.99,2024-12-31
63_SWORDBREAK_1771,63,SWORDBREAK,1771,Jack Daniels Tennessee Fire,50mL,16,2.99,2024-12-31
60_IRRAGIN_8238,60,IRRAGIN,8238,Suerte Blanco Tequila,750mL,24,30.99,2024-12-31
41_LARNWICK_35392,41,LARNWICK,35392,Tohu Chard Marlborough NZ,750mL,20,13.99,2024-12-31
59_CLAETHORPES_36378,59,CLAETHORPES,36378,MezzaCorona Pnt Grigio,1.5L,132,10.99,2024-12-31
47_PELLA'S WISH_4064,47,PELLA'S WISH,4064,Calico Jack Pin/Coc Rum,1.75L,9,12.99,2024-12-31
44_PORTHCRAWL_32989,44,PORTHCRAWL,32989,Barefoot Cab Svgn Cal,1.5L,29,10.99,2024-12-31
54_GUTHRAM_3419,54,GUTHRAM,3419,Combier Liqueur D'Orange,750mL,10,26.99,2024-12-31
45_VERITAS_5042,45,VERITAS,5042,Tequila Rose Liqueur,750mL,18,14.99,2024-12-31
43_WOLFORD_39348,43,WOLFORD,39348,Sterling Vintners Cltn Pnt N,750mL,13,9.99,2024-12-31
66_EANVERNESS_1919,66,EANVERNESS,1919,Tullamore Dew Crock,750mL,1,29.99,2024-12-31
66_EANVERNESS_7340,66,EANVERNESS,7340,Viniq Shimmery Liqueur,750mL,29,18.99,2024-12-31
44_PORTHCRAWL_40096,44,PORTHCRAWL,40096,Black Box Cab Svgn,3L,39,18.99,2024-12-31
44_PORTHCRAWL_6542,44,PORTHCRAWL,6542,Melini Borghi D'Elsa Chiant,750mL,62,6.99,2024-12-31
49_GARIGILL_27515,49,GARIGILL,27515,Clos du Bois RSV Chard RRV,750mL,17,13.99,2024-12-31
54_GUTHRAM_33963,54,GUTHRAM,33963,Falesco Vitiano Umbria,750mL,3,11.99,2024-12-31
55_DRY GULCH_35885,55,DRY GULCH,35885,Due Torri Pinot Grigio Dell,750mL,10,9.99,2024-12-31
48_NORFOLK_903,48,NORFOLK,903,Bombay Sapphire Gin,Liter,11,27.99,2024-12-31
49_GARIGILL_1378,49,GARIGILL,1378,Jim Beam,375mL,25,9.49,2024-12-31
62_KILMARNOCK_20552,62,KILMARNOCK,20552,Cafaggio Single Est Chianti,750mL,1,14.99,2024-12-31
48_NORFOLK_3564,48,NORFOLK,3564,Ciroc Amaretto Vodka,1.75L,14,48.99,2024-12-31
45_VERITAS_22143,45,VERITAS,22143,Simi Cab Svgn,750mL,7,13.79,2024-12-31
44_PORTHCRAWL_8036,44,PORTHCRAWL,8036,Livingston Chablis Cal,3L,6,11.99,2024-12-31
50_MOUNTMEND_27870,50,MOUNTMEND,27870,Flor Prosecco,750mL,24,15.99,2024-12-31
64_CESTERFIELD_16948,64,CESTERFIELD,16948,Rex Goliath Malbec,750mL,10,5.99,2024-12-31
50_MOUNTMEND_10895,50,MOUNTMEND,10895,Schmitt Sohne Relax Mosel,1.5L,2,22.99,2024-12-31
47_PELLA'S WISH_2159,47,PELLA'S WISH,2159,Connemara Irish Whiskey,750mL,6,39.99,2024-12-31
73_DONCASTER_6254,73,DONCASTER,6254,Tsilili Tsipouro,750mL,9,19.99,2024-12-31
73_DONCASTER_8498,73,DONCASTER,8498,R M Woodbridge Svgn Bl Cal,1.5L,156,8.99,2024-12-31
50_MOUNTMEND_27027,50,MOUNTMEND,27027,Leyda Lot 21 Pnt Nr,750mL,5,39.99,2024-12-31
49_GARIGILL_3104,49,GARIGILL,3104,Smirnoff Whipped Cream,750mL,11,10.99,2024-12-31
41_LARNWICK_7293,41,LARNWICK,7293,Chi Chi's Skinny Margarita,1.75L,33,8.99,2024-12-31
50_MOUNTMEND_27566,50,MOUNTMEND,27566,Kiona Est Red Mountain Rsv R,750mL,12,41.99,2024-12-31
61_AETHELNEY_4450,61,AETHELNEY,4450,Leblon Natural Cane Cachaca,750mL,9,28.99,2024-12-31
62_KILMARNOCK_43450,62,KILMARNOCK,43450,Fish Eye Pnt Grigio,3L,7,16.99,2024-12-31
69_MOUNTMEND_8474,69,MOUNTMEND,8474,1800 Reposado Gold Tequila,1.75L,8,41.99,2024-12-31
61_AETHELNEY_8428,61,AETHELNEY,8428,Trader Vics Macadamia Nut,750mL,4,16.99,2024-12-31
71_CLARCTON_1174,71,CLARCTON,1174,Rebel Yell,1.75L,6,19.99,2024-12-31
51_ABERDEEN_18152,51,ABERDEEN,18152,Banfi Centine Mntcln Tscna,750mL,15,9.99,2024-12-31
59_CLAETHORPES_42099,59,CLAETHORPES,42099,Bota Box Pnt Grigio Cal,3L,7,17.99,2024-12-31
66_EANVERNESS_42124,66,EANVERNESS,42124,Pieropan Soave Clsc,750mL,15,19.99,2024-12-31
73_DONCASTER_6375,73,DONCASTER,6375,Christian Bros Dry Sherry,750mL,16,5.49,2024-12-31
71_CLARCTON_5780,71,CLARCTON,5780,Malibu Black,750mL,50,13.99,2024-12-31
60_IRRAGIN_5872,60,IRRAGIN,5872,Godiva Chocolate Liqueur,50mL,53,2.99,2024-12-31
50_MOUNTMEND_16374,50,MOUNTMEND,16374,Jovly Chinon Cab Franc,750mL,20,13.99,2024-12-31
57_LANTEGLOS_42413,57,LANTEGLOS,42413,R M Woodbridge Rsl,1.5L,7,8.99,2024-12-31
67_EANVERNESS_5741,67,EANVERNESS,5741,Merry Wh Chocolate Liqueur,750mL,13,14.99,2024-12-31
54_GUTHRAM_5410,54,GUTHRAM,5410,Raspberry di Amore,750mL,17,7.99,2024-12-31
71_CLARCTON_34870,71,CLARCTON,34870,Arca Nova Vinho Verde,750mL,11,10.99,2024-12-31
57_LANTEGLOS_4228,57,LANTEGLOS,4228,Bacardi 8,750mL,5,19.99,2024-12-31
69_MOUNTMEND_5952,69,MOUNTMEND,5952,Jagermeister Liqueur,50mL,70,1.99,2024-12-31
59_CLAETHORPES_2259,59,CLAETHORPES,2259,Redemption Rye Whiskey,750mL,13,26.99,2024-12-31
43_WOLFORD_1896,43,WOLFORD,1896,The Glenlivet 18 Yr Single,750mL,2,109.99,2024-12-31
61_AETHELNEY_2436,61,AETHELNEY,2436,Crown Royal,375mL,21,14.99,2024-12-31
66_EANVERNESS_1869,66,EANVERNESS,1869,Oban 14-Yr Single Malt,750mL,33,57.99,2024-12-31
57_LANTEGLOS_3346,57,LANTEGLOS,3346,Nautical Gin,750mL,6,27.99,2024-12-31
51_ABERDEEN_15875,51,ABERDEEN,15875,Ranga Ranga Svgn Bl,750mL,12,11.99,2024-12-31
58_HARTLEPOOL_1993,58,HARTLEPOOL,1993,Maker's Mark 46,375mL,12,18.99,2024-12-31
50_MOUNTMEND_26024,50,MOUNTMEND,26024,Ch le Pape Pessac Leo Rouge,750mL,19,35.99,2024-12-31
67_EANVERNESS_4450,67,EANVERNESS,4450,Leblon Natural Cane Cachaca,750mL,7,28.99,2024-12-31
73_DONCASTER_21380,73,DONCASTER,21380,Bartenura Asti Spumante,750mL,5,19.49,2024-12-31
61_AETHELNEY_45503,61,AETHELNEY,45503,Rebel The Show Cab Svgn,750mL,19,9.99,2024-12-31
53_HILLFAR_3224,53,HILLFAR,3224,New Amsterdam Apple Vodka,50mL,126,0.99,2024-12-31
67_EANVERNESS_22569,67,EANVERNESS,22569,Bota Box Svgn Bl,3L,11,17.99,2024-12-31
72_HARDERSFIELD_31915,72,HARDERSFIELD,31915,F Coppola Diamond Chard,750mL,21,12.99,2024-12-31
73_DONCASTER_26755,73,DONCASTER,26755,Franzia Chianti Tap,5L,12,17.99,2024-12-31
56_BEGGAR'S HOLE_35606,56,BEGGAR'S HOLE,35606,Castle Rock Chard Cntrl Cst,750mL,14,9.99,2024-12-31
69_MOUNTMEND_18806,69,MOUNTMEND,18806,Moet & Chandon Grand Vintage,750mL,7,50.99,2024-12-31
67_EANVERNESS_6226,67,EANVERNESS,6226,Marcus James Chard,1.5L,8,7.99,2024-12-31
71_CLARCTON_5330,71,CLARCTON,5330,Kahlua White Russian RTD,1.75L,9,15.99,2024-12-31
59_CLAETHORPES_29353,59,CLAETHORPES,29353,Elk Cove Pnt Nr Ore,750mL,10,27.99,2024-12-31
72_HARDERSFIELD_3571,72,HARDERSFIELD,3571,Absolut Vanilia,50mL,59,1.99,2024-12-31
57_LANTEGLOS_2125,57,LANTEGLOS,2125,Glenfiddich 14 Yr Barrel Rsv,750mL,6,49.99,2024-12-31
54_GUTHRAM_26966,54,GUTHRAM,26966,De Loach Cab Svgn Cal,750mL,14,9.99,2024-12-31
42_BLACK HOLLOW_3085,42,BLACK HOLLOW,3085,Absolut Mini Bar 5/50mls,250mL,27,7.99,2024-12-31
72_HARDERSFIELD_12479,72,HARDERSFIELD,12479,Geyser Peak Cab Svgn,750mL,12,12.99,2024-12-31
42_BLACK HOLLOW_5348,42,BLACK HOLLOW,5348,St Brendans Irish Cream,750mL,13,10.99,2024-12-31
59_CLAETHORPES_2893,59,CLAETHORPES,2893,Glenmorangie Quinta Ruban,750mL,3,50.99,2024-12-31
67_EANVERNESS_23891,67,EANVERNESS,23891,Cycles Gladiator Cab Svgn,750mL,23,13.99,2024-12-31
44_PORTHCRAWL_22801,44,PORTHCRAWL,22801,Fetzer Valley Oaks Cab Svgn,1.5L,14,12.99,2024-12-31
73_DONCASTER_13665,73,DONCASTER,13665,Josh Cellars Chard,750mL,157,12.99,2024-12-31
73_DONCASTER_1373,73,DONCASTER,1373,Jim Beam Honey,750mL,88,14.99,2024-12-31
41_LARNWICK_3529,41,LARNWICK,3529,U V Vodka,1.75L,71,13.99,2024-12-31
61_AETHELNEY_26948,61,AETHELNEY,26948,Ferrari-Carano Chard,750mL,60,18.99,2024-12-31
53_HILLFAR_26285,53,HILLFAR,26285,Moet & Chandon Imperial,1.5L,3,69.99,2024-12-31
42_BLACK HOLLOW_4783,42,BLACK HOLLOW,4783,Mr Boston Apricot Brandy,1.75L,13,13.99,2024-12-31
48_NORFOLK_8749,48,NORFOLK,8749,Lugny Les Charmes Macon,750mL,9,15.99,2024-12-31
44_PORTHCRAWL_39523,44,PORTHCRAWL,39523,Cloudy Bay Svgn Bl Marlboro,750mL,43,24.99,2024-12-31
61_AETHELNEY_11238,61,AETHELNEY,11238,Willamette Whole Clst Pnt Nr,750mL,11,20.99,2024-12-31
50_MOUNTMEND_1163,50,MOUNTMEND,1163,Absolut Lime Vodka,750mL,0,19.99,2024-12-31
44_PORTHCRAWL_11915,44,PORTHCRAWL,11915,Sequoia Grove Cab Svgn,750mL,32,31.99,2024-12-31
65_LUTON_35666,65,LUTON,35666,Redwood Creek Chard Cal,1.5L,7,9.99,2024-12-31
49_GARIGILL_39356,49,GARIGILL,39356,Bota Box Chard Cal,3L,15,17.99,2024-12-31
64_CESTERFIELD_6460,64,CESTERFIELD,6460,Columbia Crest Two Vns Chard,750mL,6,6.99,2024-12-31
60_IRRAGIN_8298,60,IRRAGIN,8298,Skinnygirl Grapefruit Marg,750mL,8,10.99,2024-12-31
73_DONCASTER_2017,73,DONCASTER,2017,Redbreast Irish Whiskey,750mL,20,64.99,2024-12-31
67_EANVERNESS_8057,67,EANVERNESS,8057,Corazon de Agave Blanco,750mL,9,19.99,2024-12-31
55_DRY GULCH_25162,55,DRY GULCH,25162,D.des Senechaux CdP,750mL,7,49.99,2024-12-31
66_EANVERNESS_3513,66,EANVERNESS,3513,Ciroc Snap Frost Vodka,750mL,46,24.99,2024-12-31
52_GRAYCOTT_26744,52,GRAYCOTT,26744,Santa Lucia Sangvs Monte Ant,750mL,19,11.99,2024-12-31
72_HARDERSFIELD_3102,72,HARDERSFIELD,3102,Smirnoff Traveler,1.75L,44,16.99,2024-12-31
44_PORTHCRAWL_12479,44,PORTHCRAWL,12479,Geyser Peak Cab Svgn,750mL,12,12.99,2024-12-31
58_HARTLEPOOL_3638,58,HARTLEPOOL,3638,Pinnacle Whipped,50mL,1,0.99,2024-12-31
66_EANVERNESS_12771,66,EANVERNESS,12771,Joel Gott Cab Svgn 815,750mL,34,12.99,2024-12-31
44_PORTHCRAWL_5748,44,PORTHCRAWL,5748,Trader Vics Chocolate Liquer,750mL,3,12.99,2024-12-31
61_AETHELNEY_3476,61,AETHELNEY,3476,Reyka Vodka,750mL,9,19.99,2024-12-31
67_EANVERNESS_21157,67,EANVERNESS,21157,Huber Hugo Gruner Veltliner,750mL,23,12.99,2024-12-31
68_SOLARIS_2079,68,SOLARIS,2079,Jack Daniels Sngl Barrel Rye,750mL,4,46.99,2024-12-31
58_HARTLEPOOL_17147,58,HARTLEPOOL,17147,Honeymaker Lavender Mead,750mL,9,15.99,2024-12-31
50_MOUNTMEND_1870,50,MOUNTMEND,1870,Oban Distiller's Edition,750mL,14,79.99,2024-12-31
48_NORFOLK_2734,48,NORFOLK,2734,Nikka Pure Malt Whiskey,750mL,3,68.99,2024-12-31
49_GARIGILL_4438,49,GARIGILL,4438,Cruzan Black Cherry Rum,750mL,16,9.99,2024-12-31
50_MOUNTMEND_2256,50,MOUNTMEND,2256,Tamdhu Batch Speyside Whisky,750mL,18,99.99,2024-12-31
61_AETHELNEY_3882,61,AETHELNEY,3882,Smirnoff Strawberry Vodka,750mL,42,10.99,2024-12-31
69_MOUNTMEND_23649,69,MOUNTMEND,23649,Tom Gore Cabernet Svgn CA,750mL,15,12.99,2024-12-31
52_GRAYCOTT_44494,52,GRAYCOTT,44494,Smoking Loon Pnt Grigio Cal,750mL,17,6.79,2024-12-31
41_LARNWICK_11888,41,LARNWICK,11888,Penfolds Koonunga Hills Shir,750mL,11,14.99,2024-12-31
60_IRRAGIN_8036,60,IRRAGIN,8036,Livingston Chablis Cal,3L,12,11.99,2024-12-31
69_MOUNTMEND_31384,69,MOUNTMEND,31384,Benton Lane Pnt Nr Ore,750mL,19,29.99,2024-12-31
66_EANVERNESS_21313,66,EANVERNESS,21313,Kedem Concord Grape Kosher,750mL,21,5.99,2024-12-31
70_KELD_10723,70,KELD,10723,R M Woodbridge Chard,1.5L,14,8.99,2024-12-31
57_LANTEGLOS_892,57,LANTEGLOS,892,Uncle Val's Botanical Gin,750mL,3,34.99,2024-12-31
61_AETHELNEY_10298,61,AETHELNEY,10298,Alamos Torrontes,750mL,12,9.99,2024-12-31
61_AETHELNEY_31524,61,AETHELNEY,31524,Rosemount Pnt Nr Ausl,750mL,17,8.99,2024-12-31
45_VERITAS_42579,45,VERITAS,42579,Voga del Venezie Pnt Grigio,750mL,11,9.99,2024-12-31
67_EANVERNESS_5667,67,EANVERNESS,5667,Skinnygirl Spicy Lime RTD,750mL,16,10.99,2024-12-31
59_CLAETHORPES_26442,59,CLAETHORPES,26442,Fortant Heritage Lang Rouge,750mL,0,15.99,2024-12-31
60_IRRAGIN_26502,60,IRRAGIN,26502,Laroche Chablis St Martin,750mL,12,21.99,2024-12-31
59_CLAETHORPES_16458,59,CLAETHORPES,16458,Gerard Bertrand Corbieres Ro,750mL,13,12.99,2024-12-31
41_LARNWICK_3522,41,LARNWICK,3522,Platinum 7X Distilled Vodka,1.75L,133,12.99,2024-12-31
53_HILLFAR_6879,53,HILLFAR,6879,Maurice's Mentholated Mint,50mL,137,0.99,2024-12-31
61_AETHELNEY_8627,61,AETHELNEY,8627,Jadot Beaujolais Villages,750mL,12,7.98,2024-12-31
56_BEGGAR'S HOLE_1535,56,BEGGAR'S HOLE,1535,Gentleman Jack,50mL,116,3.99,2024-12-31
43_WOLFORD_26456,43,WOLFORD,26456,Ravenswood Vntnrs Blnd Chard,750mL,25,7.99,2024-12-31
73_DONCASTER_8214,73,DONCASTER,8214,E & J Brandy VS,750mL,19,9.99,2024-12-31
56_BEGGAR'S HOLE_4524,56,BEGGAR'S HOLE,4524,Smoky Quartz Granite Cst Rum,750mL,1,27.49,2024-12-31
50_MOUNTMEND_3128,50,MOUNTMEND,3128,Ocean Organic Vodka,50mL,1,5.99,2024-12-31
55_DRY GULCH_41751,55,DRY GULCH,41751,Clos du Bois Pnt Grigio Cal,750mL,92,8.99,2024-12-31
53_HILLFAR_29616,53,HILLFAR,29616,Kermit Lynch Cotes du Rhone,750mL,9,13.99,2024-12-31
67_EANVERNESS_2878,67,EANVERNESS,2878,Hudson Four Grain Bourbon,375mL,5,39.99,2024-12-31
45_VERITAS_12181,45,VERITAS,12181,Cakebread Chard,750mL,12,37.99,2024-12-31
66_EANVERNESS_27650,66,EANVERNESS,27650,Eden Ice Cider Heirloom Barr,187mL,8,17.49,2024-12-31
66_EANVERNESS_8280,66,EANVERNESS,8280,Piper Sonoma Brut,750mL,51,13.99,2024-12-31
41_LARNWICK_17041,41,LARNWICK,17041,Sutter Home Pink Moscato,1.5L,5,9.99,2024-12-31
55_DRY GULCH_8515,55,DRY GULCH,8515,Baileys Chocolate Cherry,750mL,33,19.99,2024-12-31
52_GRAYCOTT_3534,52,GRAYCOTT,3534,Milagro Silver Tequila,750mL,7,25.99,2024-12-31
73_DONCASTER_10680,73,DONCASTER,10680,Segura Viudas Brut RSV,750mL,38,10.99,2024-12-31
42_BLACK HOLLOW_21055,42,BLACK HOLLOW,21055,Sandeman Imperial 20-Yr Taw,750mL,3,39.99,2024-12-31
49_GARIGILL_39335,49,GARIGILL,39335,Phillips Seven Deadly Znfdl,750mL,81,14.99,2024-12-31
62_KILMARNOCK_3905,62,KILMARNOCK,3905,Deep Eddy Vodka,1.75L,0,22.99,2024-12-31
67_EANVERNESS_23281,67,EANVERNESS,23281,Ch Lafitite Rothschild Pa 11,750mL,3,949.99,2024-12-31
43_WOLFORD_27596,43,WOLFORD,27596,MezzaCorona Pnt Grigio,750mL,4,7.99,2024-12-31
58_HARTLEPOOL_6193,58,HARTLEPOOL,6193,Midnight Moon Moonshine,750mL,2,19.99,2024-12-31
51_ABERDEEN_28081,51,ABERDEEN,28081,Gandia Hoya de Cadenas RSV,750mL,3,8.99,2024-12-31
60_IRRAGIN_438,60,IRRAGIN,438,Licor 43 Vanilla Liqueur,750mL,15,17.99,2024-12-31
73_DONCASTER_4258,73,DONCASTER,4258,Bacardi Mango Fusion,750mL,13,9.99,2024-12-31
42_BLACK HOLLOW_12192,42,BLACK HOLLOW,12192,Meander Cab Svgn Napa Vly,750mL,4,69.99,2024-12-31
66_EANVERNESS_2241,66,EANVERNESS,2241,Death's Door Gin,750mL,8,25.99,2024-12-31
50_MOUNTMEND_20509,50,MOUNTMEND,20509,Ch Mylord Cuvee Milady,750mL,34,12.99,2024-12-31
54_GUTHRAM_1744,54,GUTHRAM,1744,Old Forester 100 Bourbon,750mL,5,21.99,2024-12-31
55_DRY GULCH_3635,55,DRY GULCH,3635,New Amsterdam 100* Vodka,750mL,3,12.99,2024-12-31
71_CLARCTON_27626,71,CLARCTON,27626,LaBelle Winery Holiday 3 Pak,750mL 3 Pk,15,40.99,2024-12-31
60_IRRAGIN_7680,60,IRRAGIN,7680,Viniq Shimmery Glow,750mL,1,17.99,2024-12-31
69_MOUNTMEND_19486,69,MOUNTMEND,19486,Franciscan Equilibrium White,750mL,6,17.99,2024-12-31
50_MOUNTMEND_23373,50,MOUNTMEND,23373,M D 20/20 Banana Red,750mL,22,3.99,2024-12-31
54_GUTHRAM_23973,54,GUTHRAM,23973,Catena RSV Cab Svgn,750mL,7,16.99,2024-12-31
54_GUTHRAM_2116,54,GUTHRAM,2116,Sapling Maple Bourbon,750mL,3,44.99,2024-12-31
73_DONCASTER_24396,73,DONCASTER,24396,Dom Prieur Corton-Bressandes,750mL,6,188.99,2024-12-31
66_EANVERNESS_1883,66,EANVERNESS,1883,Seagrams 7 Crown,1.75L,114,17.99,2024-12-31
66_EANVERNESS_15619,66,EANVERNESS,15619,Beringer Classic Red Moscato,750mL,43,6.99,2024-12-31
68_SOLARIS_1382,68,SOLARIS,1382,Makers 46,750mL,0,37.99,2024-12-31
60_IRRAGIN_1801,60,IRRAGIN,1801,Jack Daniels Tennesse Fire,375mL,24,12.99,2024-12-31
54_GUTHRAM_21422,54,GUTHRAM,21422,Beso Del Sol Sangria,3L,2,17.99,2024-12-31
62_KILMARNOCK_38502,62,KILMARNOCK,38502,Ruffino Lumina Pnt Grigio,750mL,11,6.99,2024-12-31
64_CESTERFIELD_13638,64,CESTERFIELD,13638,The Velvet Devil Merlot,750mL,15,11.99,2024-12-31
59_CLAETHORPES_1388,59,CLAETHORPES,1388,Red Stag by Jim Beam,1.75L,14,24.99,2024-12-31
44_PORTHCRAWL_25622,44,PORTHCRAWL,25622,Forest Glen Chard,750mL,17,8.99,2024-12-31
41_LARNWICK_31561,41,LARNWICK,31561,Fess Parker Snt Barbr Pnt Nr,750mL,6,22.99,2024-12-31
41_LARNWICK_24774,41,LARNWICK,24774,J Bouchon Canto Norte,750mL,11,12.99,2024-12-31
50_MOUNTMEND_2054,50,MOUNTMEND,2054,Johnnie Walker Select Casks,750mL,1,43.99,2024-12-31
50_MOUNTMEND_41222,50,MOUNTMEND,41222,C Krug Svgn Bl Napa,750mL,13,16.99,2024-12-31
68_SOLARIS_22801,68,SOLARIS,22801,Fetzer Valley Oaks Cab Svgn,1.5L,14,12.99,2024-12-31
52_GRAYCOTT_41034,52,GRAYCOTT,41034,Menage a Trois Red,750mL,56,8.95,2024-12-31
51_ABERDEEN_1727,51,ABERDEEN,1727,West Cork Irish Whiskey,750mL,6,21.99,2024-12-31
50_MOUNTMEND_11880,50,MOUNTMEND,11880,R Stemmler Carneros Chard,750mL,24,36.99,2024-12-31
41_LARNWICK_22515,41,LARNWICK,22515,Justin Vyds Svgn Bl Ctrl Cst,750mL,13,12.99,2024-12-31
61_AETHELNEY_10626,61,AETHELNEY,10626,MezzaCorona Pnt Nr,1.5L,23,10.99,2024-12-31
60_IRRAGIN_2734,60,IRRAGIN,2734,Nikka Pure Malt Whiskey,750mL,7,68.99,2024-12-31
41_LARNWICK_2520,41,LARNWICK,2520,The Macallan 12 Yr Old,750mL,52,54.99,2024-12-31
61_AETHELNEY_13530,61,AETHELNEY,13530,Home Ranch Sbragia Chard,750mL,47,17.99,2024-12-31
44_PORTHCRAWL_6232,44,PORTHCRAWL,6232,Avion Reserva 44 Extra Anejo,750mL,6,124.99,2024-12-31
68_SOLARIS_6547,68,SOLARIS,6547,Walnut Crest Cab Svgn Rapel,1.5L,13,10.99,2024-12-31
50_MOUNTMEND_45234,50,MOUNTMEND,45234,Calera Selleck Vyd Pnt Nr,750mL,12,95.99,2024-12-31
65_LUTON_3835,65,LUTON,3835,Smirnoff Raspberry Vodka,750mL,19,12.99,2024-12-31
50_MOUNTMEND_39107,50,MOUNTMEND,39107,Antinori Bolgheri Guado,750mL,6,94.99,2024-12-31
70_KELD_8922,70,KELD,8922,Taylor Lake Country Red,3L,6,7.99,2024-12-31
60_IRRAGIN_21386,60,IRRAGIN,21386,Segal's Cab Svgn Spcl Rsv Ga,750mL,5,20.99,2024-12-31
68_SOLARIS_7948,68,SOLARIS,7948,Bayou Silver Rum,50mL,60,0.99,2024-12-31
64_CESTERFIELD_6974,64,CESTERFIELD,6974,Benziger Cab Svgn Sonoma,750mL,81,15.99,2024-12-31
50_MOUNTMEND_16046,50,MOUNTMEND,16046,Entwine Chard,750mL,22,13.99,2024-12-31
63_SWORDBREAK_6855,63,SWORDBREAK,6855,Midnight Moon Apple Pie,750mL,11,19.99,2024-12-31
41_LARNWICK_35375,41,LARNWICK,35375,Hess Allomi Cab Svgn,750mL,12,29.99,2024-12-31
44_PORTHCRAWL_33441,44,PORTHCRAWL,33441,Etude Carneros Pnt Nr,750mL,6,36.99,2024-12-31
51_ABERDEEN_5404,51,ABERDEEN,5404,E & J Superior Rsv VSOP,375mL,31,5.49,2024-12-31
49_GARIGILL_6976,49,GARIGILL,6976,Ruffino Chianti Clsc RSV Tan,750mL,24,18.99,2024-12-31
43_WOLFORD_18893,43,WOLFORD,18893,19 Crimes Red,750mL,8,7.95,2024-12-31
69_MOUNTMEND_26742,69,MOUNTMEND,26742,Bridlewood Viognier,750mL,49,13.99,2024-12-31
50_MOUNTMEND_39334,50,MOUNTMEND,39334,Michael David Chard,750mL,20,15.99,2024-12-31
49_GARIGILL_5741,49,GARIGILL,5741,Merry Wh Chocolate Liqueur,750mL,4,14.99,2024-12-31
66_EANVERNESS_13454,66,EANVERNESS,13454,Eden Heirloom Blnd Ice Cider,375mL,7,25.49,2024-12-31
71_CLARCTON_6581,71,CLARCTON,6581,Ch Ste Michelle Merlot Colum,750mL,20,12.99,2024-12-31
60_IRRAGIN_8085,60,IRRAGIN,8085,Wild Turkey,1.75L,14,29.99,2024-12-31
62_KILMARNOCK_3951,62,KILMARNOCK,3951,Hornitos Reposado Tequila,50mL,93,2.49,2024-12-31
73_DONCASTER_752,73,DONCASTER,752,Meletti Cioccolato,750mL,3,24.99,2024-12-31
55_DRY GULCH_2226,55,DRY GULCH,2226,Jim Beam Devils Cut,1.75L,25,36.99,2024-12-31
50_MOUNTMEND_13899,50,MOUNTMEND,13899,Hogue Genesis Meritage,750mL,32,15.99,2024-12-31
54_GUTHRAM_26437,54,GUTHRAM,26437,Ch le Borderon Haut-Medoc,750mL,24,18.99,2024-12-31
71_CLARCTON_34427,71,CLARCTON,34427,Frei Bros RSV Cab Svgn Alex,750mL,63,20.99,2024-12-31
55_DRY GULCH_23987,55,DRY GULCH,23987,Gerard Bertrand Gris Bl,750mL,27,10.99,2024-12-31
66_EANVERNESS_27697,66,EANVERNESS,27697,Volpaia Prelius Cab Svgn,750mL,24,14.99,2024-12-31
73_DONCASTER_14174,73,DONCASTER,14174,Chalk Hill Estate Red,750mL,9,54.99,2024-12-31
71_CLARCTON_8252,71,CLARCTON,8252,Gazdina Rakija Plum Brandy,750mL,5,18.99,2024-12-31
73_DONCASTER_32479,73,DONCASTER,32479,Danzante Del Vnzi Pnt Grigio,750mL,160,10.99,2024-12-31
73_DONCASTER_10205,73,DONCASTER,10205,R Mondavi Pnt Nr Napa Vly,750mL,23,26.99,2024-12-31
72_HARDERSFIELD_12140,72,HARDERSFIELD,12140,Natura Valle Svgn Bl Casabla,750mL,10,9.99,2024-12-31
41_LARNWICK_3324,41,LARNWICK,3324,Milagro Silver Select Barrel,750mL,11,49.99,2024-12-31
65_LUTON_4201,65,LUTON,4201,Calico Jack Silver Rum,1.75L,4,12.99,2024-12-31
60_IRRAGIN_4135,60,IRRAGIN,4135,Smirnoff Blueberry Vodka,50mL,129,0.99,2024-12-31
73_DONCASTER_17073,73,DONCASTER,17073,Tomaiolo Pinot Grigio,750mL,16,10.99,2024-12-31
49_GARIGILL_8136,49,GARIGILL,8136,Lazzaroni Amaretto,750mL,8,19.99,2024-12-31
47_PELLA'S WISH_10266,47,PELLA'S WISH,10266,Klinker Brick Old Vine Znfdl,750mL,9,15.99,2024-12-31
68_SOLARIS_25337,68,SOLARIS,25337,Ch Francs Brdx CdFrancs,750mL,4,16.99,2024-12-31
55_DRY GULCH_10296,55,DRY GULCH,10296,Alamos Slcn Malbec Mendoza,750mL,20,15.99,2024-12-31
71_CLARCTON_43788,71,CLARCTON,43788,Veuve Clicquot Ponsardin Rs,750mL,29,49.99,2024-12-31
55_DRY GULCH_2563,55,DRY GULCH,2563,Greenore Irish Whiskey,750mL,29,49.99,2024-12-31
53_HILLFAR_6727,53,HILLFAR,6727,Antinori Toscana Rd,750mL,3,17.99,2024-12-31
50_MOUNTMEND_19594,50,MOUNTMEND,19594,Ch Doisy Daene Gr Vin Sec 10,750mL,12,28.99,2024-12-31
42_BLACK HOLLOW_34998,42,BLACK HOLLOW,34998,Luiano Chianti Clsc,750mL,9,16.99,2024-12-31
42_BLACK HOLLOW_25291,42,BLACK HOLLOW,25291,Notre Dame Cousignac 13 Gigo,750mL,41,17.99,2024-12-31
41_LARNWICK_26358,41,LARNWICK,26358,Prophecy Pnt Grigio,750mL,7,7.99,2024-12-31
50_MOUNTMEND_27613,50,MOUNTMEND,27613,Dominus 12 Christian Moueix,750mL,6,199.99,2024-12-31
63_SWORDBREAK_25522,63,SWORDBREAK,25522,Sutter Home Clsc Cab Svgn,187mL 4 Pk,9,5.99,2024-12-31
64_CESTERFIELD_11441,64,CESTERFIELD,11441,Frei Bros Rsv Znfdl,750mL,11,16.99,2024-12-31
67_EANVERNESS_8395,67,EANVERNESS,8395,Casamigos Anejo,750mL,9,61.99,2024-12-31
69_MOUNTMEND_27697,69,MOUNTMEND,27697,Volpaia Prelius Cab Svgn,750mL,12,14.99,2024-12-31
60_IRRAGIN_11888,60,IRRAGIN,11888,Penfolds Koonunga Hills Shir,750mL,0,14.99,2024-12-31
58_HARTLEPOOL_10058,58,HARTLEPOOL,10058,F Coppola Dmd Ivry Cab Svgn,750mL,15,14.99,2024-12-31
50_MOUNTMEND_8909,50,MOUNTMEND,8909,Carlo Rossi Chablis Calif,1.5L,10,6.99,2024-12-31
57_LANTEGLOS_4734,57,LANTEGLOS,4734,Capt Morgan Cannon Blast,750mL,36,14.99,2024-12-31
67_EANVERNESS_8123,67,EANVERNESS,8123,Mouton Cadet Red Brdx,750mL,35,12.99,2024-12-31
55_DRY GULCH_19989,55,DRY GULCH,19989,Querceto Sangiovese,750mL,0,6.99,2024-12-31
72_HARDERSFIELD_2780,72,HARDERSFIELD,2780,Bulleit 10 Yr Old Bourbon,750mL,3,39.99,2024-12-31
69_MOUNTMEND_58,69,MOUNTMEND,58,Gekkeikan Black & Gold Sake,750mL,6,12.99,2024-12-31
58_HARTLEPOOL_10451,58,HARTLEPOOL,10451,Line 39 Cab Svgn Lake Cnty,750mL,17,9.99,2024-12-31
63_SWORDBREAK_38181,63,SWORDBREAK,38181,Rex Goliath Pnt Nr,750mL,6,5.99,2024-12-31
62_KILMARNOCK_40096,62,KILMARNOCK,40096,Black Box Cab Svgn,3L,8,18.99,2024-12-31
59_CLAETHORPES_24453,59,CLAETHORPES,24453,Estancia Meritage,750mL,12,22.99,2024-12-31
69_MOUNTMEND_28946,69,MOUNTMEND,28946,Silverado Merlot Napa,750mL,15,29.99,2024-12-31
49_GARIGILL_2894,49,GARIGILL,2894,Scoresby Rare,1.75L,14,17.99,2024-12-31
55_DRY GULCH_3020,55,DRY GULCH,3020,Pinnacle Blueberry Vodka,750mL,19,9.99,2024-12-31
47_PELLA'S WISH_6682,47,PELLA'S WISH,6682,R M Woodbridge Chard Cal,1.5L,42,8.99,2024-12-31
51_ABERDEEN_21019,51,ABERDEEN,21019,Black Box Pnt Nr,3L,8,18.99,2024-12-31
67_EANVERNESS_3782,67,EANVERNESS,3782,Grey Goose Le Citron Vodka,750mL,37,23.99,2024-12-31
52_GRAYCOTT_29212,52,GRAYCOTT,29212,R Mondavi Merlot Pvt Sel,750mL,19,8.99,2024-12-31
70_KELD_38772,70,KELD,38772,Rob Stuart Big Fire Pnt Nr,750mL,12,16.99,2024-12-31
71_CLARCTON_8077,71,CLARCTON,8077,Sheffield Very Dry Sherry,1.5L,2,9.99,2024-12-31
46__2373,46,,2373,Jim Beam Maple,750mL,0,14.99,2024-12-31
69_MOUNTMEND_8413,69,MOUNTMEND,8413,St Elder Elderflower Liqueur,750mL,41,17.99,2024-12-31
61_AETHELNEY_3324,61,AETHELNEY,3324,Milagro Silver Select Barrel,750mL,5,49.99,2024-12-31
49_GARIGILL_34947,49,GARIGILL,34947,M Chiarlo Moscato D'Asti Ni,375mL,9,11.49,2024-12-31
70_KELD_8053,70,KELD,8053,Seagrams 7 Crown,50mL,106,0.99,2024-12-31
53_HILLFAR_5780,53,HILLFAR,5780,Malibu Black,750mL,14,13.99,2024-12-31
73_DONCASTER_25161,73,DONCASTER,25161,Baron La Rose Bordeaux Blanc,750mL,20,11.99,2024-12-31
54_GUTHRAM_32054,54,GUTHRAM,32054,Greg Norman Lmstn Cab/Merlot,750mL,36,9.99,2024-12-31
55_DRY GULCH_23326,55,DRY GULCH,23326,Ch Bernadotte Haut-Medoc 11,750mL,17,24.99,2024-12-31
64_CESTERFIELD_3706,64,CESTERFIELD,3706,Pinnacle Citrus Vodka,1.75L,21,15.99,2024-12-31
64_CESTERFIELD_25282,64,CESTERFIELD,25282,Ransom Sweet Vermouth,500mL,12,18.99,2024-12-31
67_EANVERNESS_1273,67,EANVERNESS,1273,Jim Beam Choice,1.75L,25,31.99,2024-12-31
71_CLARCTON_31277,71,CLARCTON,31277,Landmark Overlook Chard,750mL,0,15.99,2024-12-31
59_CLAETHORPES_20788,59,CLAETHORPES,20788,Mt Tabor Galilee Chard,750mL,8,16.99,2024-12-31
73_DONCASTER_33574,73,DONCASTER,33574,Morgan Winery Syrah G-17 Mon,750mL,16,17.99,2024-12-31
55_DRY GULCH_9256,55,DRY GULCH,9256,Don Ramon Silver Tequila,750mL,7,29.99,2024-12-31
60_IRRAGIN_17432,60,IRRAGIN,17432,Predator Old Vine Znfdl Lodi,750mL,12,14.99,2024-12-31
52_GRAYCOTT_23273,52,GRAYCOTT,23273,Apothic Crush,750mL,18,7.99,2024-12-31
49_GARIGILL_15619,49,GARIGILL,15619,Beringer Classic Red Moscato,750mL,25,6.99,2024-12-31
72_HARDERSFIELD_2854,72,HARDERSFIELD,2854,Talisker 10-Yr Single Malt,750mL,12,54.99,2024-12-31
63_SWORDBREAK_6081,63,SWORDBREAK,6081,Kinky Blue Liqueur,50mL,43,1.99,2024-12-31
57_LANTEGLOS_3454,57,LANTEGLOS,3454,Pinnacle Pineapple,50mL,47,0.99,2024-12-31
41_LARNWICK_16180,41,LARNWICK,16180,Skinnygirl Sangria,750mL,14,10.99,2024-12-31
69_MOUNTMEND_10380,69,MOUNTMEND,10380,Santa Cristina Pnt Grigio,750mL,13,10.99,2024-12-31
42_BLACK HOLLOW_27145,42,BLACK HOLLOW,27145,Schmitt Sohne QbA,750mL,13,9.99,2024-12-31
67_EANVERNESS_2753,67,EANVERNESS,2753,Johnnie Walker Black Label,1.75L,284,59.99,2024-12-31
44_PORTHCRAWL_20475,44,PORTHCRAWL,20475,Hayes Valley Cab Svgn CC,750mL,15,9.99,2024-12-31
68_SOLARIS_17177,68,SOLARIS,17177,Beringer Classic Merlot,1.5L,7,7.99,2024-12-31
63_SWORDBREAK_5137,63,SWORDBREAK,5137,Irish Manor Irish Cream,750mL,4,9.99,2024-12-31
64_CESTERFIELD_8040,64,CESTERFIELD,8040,Bols Blue Curacao,750mL,8,7.99,2024-12-31
69_MOUNTMEND_4346,69,MOUNTMEND,4346,Mr Boston Dark Rum,1.75L,13,9.99,2024-12-31
67_EANVERNESS_1150,67,EANVERNESS,1150,Crown Royal Vanilla,1.75L,0,46.99,2024-12-31
64_CESTERFIELD_16189,64,CESTERFIELD,16189,Frescobaldi Tenuta Castglni,750mL,26,15.99,2024-12-31
42_BLACK HOLLOW_2587,42,BLACK HOLLOW,2587,Jameson Irish Whiskey,375mL,15,18.99,2024-12-31
59_CLAETHORPES_24503,59,CLAETHORPES,24503,Far Niente Chard Napa,750mL,8,69.99,2024-12-31
55_DRY GULCH_21313,55,DRY GULCH,21313,Kedem Concord Grape Kosher,750mL,6,5.99,2024-12-31
41_LARNWICK_508,41,LARNWICK,508,Bacardi Superior Rum,Liter,115,15.49,2024-12-31
67_EANVERNESS_2443,67,EANVERNESS,2443,Seagrams VO,1.75L,86,20.99,2024-12-31
50_MOUNTMEND_19654,50,MOUNTMEND,19654,Manifesto! Znfdl,750mL,23,12.99,2024-12-31
61_AETHELNEY_5134,61,AETHELNEY,5134,Dr McGillicuddy's Cherry,750mL,36,13.99,2024-12-31
69_MOUNTMEND_5399,69,MOUNTMEND,5399,Goldschlager Cinnamon Schna,50mL,258,1.99,2024-12-31
46__4066,46,,4066,Bacardi Oakheart Spiced Rum,1.75L,0,19.99,2024-12-31
53_HILLFAR_4679,53,HILLFAR,4679,Courvoisier VS Cognac,375mL,23,11.99,2024-12-31
73_DONCASTER_25557,73,DONCASTER,25557,Kenwood Cab Svgn Sonoma,750mL,18,14.99,2024-12-31
41_LARNWICK_5149,41,LARNWICK,5149,Hpnotiq Liqueur,1.75L,8,34.99,2024-12-31
68_SOLARIS_8036,68,SOLARIS,8036,Livingston Chablis Cal,3L,3,11.99,2024-12-31
59_CLAETHORPES_46476,59,CLAETHORPES,46476,Tilia Malbec Mendoza,750mL,18,9.99,2024-12-31
58_HARTLEPOOL_6499,58,HARTLEPOOL,6499,Kinky Liqueur,750mL,13,16.99,2024-12-31
68_SOLARIS_5697,68,SOLARIS,5697,Metcalfe's Maple Liqueur,750mL,7,19.99,2024-12-31
66_EANVERNESS_28919,66,EANVERNESS,28919,Gallo Twin Valley Merlot Cal,1.5L,17,9.99,2024-12-31
62_KILMARNOCK_15094,62,KILMARNOCK,15094,Butter Chard,750mL,31,14.99,2024-12-31
58_HARTLEPOOL_6670,58,HARTLEPOOL,6670,Pinnacle Pineapple Vodka,750mL,14,10.99,2024-12-31
70_KELD_42948,70,KELD,42948,Root 1 Cab Svgn,750mL,13,9.99,2024-12-31
70_KELD_33953,70,KELD,33953,L Bernard Cotes du Rhone,750mL,11,11.99,2024-12-31
50_MOUNTMEND_26302,50,MOUNTMEND,26302,Brooks Janus Pnt Nr,750mL,20,32.99,2024-12-31
41_LARNWICK_39708,41,LARNWICK,39708,R Mondavi Pvt Sln Pnt Grigio,750mL,63,8.99,2024-12-31
62_KILMARNOCK_28579,62,KILMARNOCK,28579,R M Woodbridge Merlot Cal,750mL,28,7.99,2024-12-31
41_LARNWICK_2347,41,LARNWICK,2347,GlenDronach Peated Scotch,750mL,4,67.99,2024-12-31
42_BLACK HOLLOW_1135,42,BLACK HOLLOW,1135,Rebel Reserve Bourbon,750mL,7,19.99,2024-12-31
65_LUTON_12213,65,LUTON,12213,Evodia Garnacha Old Vine,750mL,18,8.99,2024-12-31
69_MOUNTMEND_21552,69,MOUNTMEND,21552,Vindicated Cab Svgn,750mL,16,19.99,2024-12-31
54_GUTHRAM_5536,54,GUTHRAM,5536,St Brendans Irish Cream,50mL,12,1.49,2024-12-31
69_MOUNTMEND_8626,69,MOUNTMEND,8626,Ezra Brooks,1.75L,12,15.99,2024-12-31
53_HILLFAR_438,53,HILLFAR,438,Licor 43 Vanilla Liqueur,750mL,6,17.99,2024-12-31
55_DRY GULCH_27197,55,DRY GULCH,27197,DeLoach Est Vyd Pnt Nr,750mL,3,56.99,2024-12-31
55_DRY GULCH_5597,55,DRY GULCH,5597,DeKuyper Watermelon Pucker,750mL,22,9.99,2024-12-31
69_MOUNTMEND_46458,69,MOUNTMEND,46458,Layer Cake Barosa Shiraz,750mL,55,15.99,2024-12-31
61_AETHELNEY_36199,61,AETHELNEY,36199,Four Vines Naked Chard,750mL,13,11.99,2024-12-31
54_GUTHRAM_6015,54,GUTHRAM,6015,Jackson Morgan Salted Carmel,750mL,7,24.99,2024-12-31
54_GUTHRAM_3728,54,GUTHRAM,3728,Absolut Citron,1.75L,52,24.99,2024-12-31
61_AETHELNEY_3089,61,AETHELNEY,3089,Evan Williams Honey Reserve,750mL,10,13.99,2024-12-31
70_KELD_13303,70,KELD,13303,Plungerhead Znfdl Lodi,750mL,5,13.99,2024-12-31
72_HARDERSFIELD_5801,72,HARDERSFIELD,5801,Dr McGillicuddy's Peppermint,50mL,104,0.99,2024-12-31
44_PORTHCRAWL_15548,44,PORTHCRAWL,15548,Seaglass Chard,750mL,12,8.99,2024-12-31
60_IRRAGIN_12650,60,IRRAGIN,12650,Harbor Town Svgn Bl,750mL,10,9.99,2024-12-31
66_EANVERNESS_500,66,EANVERNESS,500,Remy Martin Louis XIII,750mL,1,3049.99,2024-12-31
69_MOUNTMEND_21251,69,MOUNTMEND,21251,Renwood Old Vine Zinfandel,750mL,11,16.99,2024-12-31
73_DONCASTER_3638,73,DONCASTER,3638,Pinnacle Whipped,50mL,217,0.99,2024-12-31
42_BLACK HOLLOW_8506,42,BLACK HOLLOW,8506,Myers Original Dark Rum,1.75L,26,27.99,2024-12-31
64_CESTERFIELD_23126,64,CESTERFIELD,23126,Giorgio Carnevale Barbr Asti,750mL,13,11.99,2024-12-31
68_SOLARIS_4938,68,SOLARIS,4938,Kapali Coffee,750mL,16,8.99,2024-12-31
62_KILMARNOCK_3967,62,KILMARNOCK,3967,Deep Eddy Ruby Red,750mL,5,15.99,2024-12-31
52_GRAYCOTT_15156,52,GRAYCOTT,15156,Yago Sant'Gria Red,3L,3,13.99,2024-12-31
46__5630,46,,5630,Cabin Fever Maple Liqueur,750mL,0,19.99,2024-12-31
47_PELLA'S WISH_40801,47,PELLA'S WISH,40801,Sileni Sauvignon Blanc,750mL,6,9.99,2024-12-31
59_CLAETHORPES_8451,59,CLAETHORPES,8451,Cruzan Aged Dark Rum,1.75L,13,16.99,2024-12-31
50_MOUNTMEND_27781,50,MOUNTMEND,27781,Jadot Cote de Beaune Vlgs 14,750mL,4,29.99,2024-12-31
64_CESTERFIELD_5921,64,CESTERFIELD,5921,RumChata Liqueur,750mL,17,19.99,2024-12-31
72_HARDERSFIELD_35464,72,HARDERSFIELD,35464,Stags Leap WC Artemis Cab,750mL,21,48.99,2024-12-31
60_IRRAGIN_3237,60,IRRAGIN,3237,Firefly Sweet Tea Vodka,1.75L,6,23.99,2024-12-31
41_LARNWICK_35294,41,LARNWICK,35294,Mionetto Prosecco Brut,187mL,41,4.99,2024-12-31
43_WOLFORD_2017,43,WOLFORD,2017,Redbreast Irish Whiskey,750mL,7,64.99,2024-12-31
61_AETHELNEY_3913,61,AETHELNEY,3913,Svedka Vodka,1.75L,116,16.99,2024-12-31
54_GUTHRAM_482,54,GUTHRAM,482,Absolut 80 Proof,Liter,22,21.99,2024-12-31
64_CESTERFIELD_4550,64,CESTERFIELD,4550,E & J XO Brandy,750mL,14,12.99,2024-12-31
60_IRRAGIN_5255,60,IRRAGIN,5255,TGI Fridays Ultimte Mudslide,1.75L,11,12.99,2024-12-31
55_DRY GULCH_27105,55,DRY GULCH,27105,Lan Rioja 2011 Ltd Edition,750mL,4,44.99,2024-12-31
55_DRY GULCH_13081,55,DRY GULCH,13081,Dom Ferret Pouilly Fuisse,750mL,7,30.99,2024-12-31
49_GARIGILL_1001,49,GARIGILL,1001,Baileys 50mL 4 Pack,50mL 4 Pk,270,5.99,2024-12-31
55_DRY GULCH_43668,55,DRY GULCH,43668,L'Ecole No 41 Perigee Seven,750mL,22,49.99,2024-12-31
42_BLACK HOLLOW_35670,42,BLACK HOLLOW,35670,Redwood Creek Svgn Bl Cal,1.5L,8,9.99,2024-12-31
68_SOLARIS_33037,68,SOLARIS,33037,Beringer Fndrs Est Cab Svgn,1.5L,3,18.99,2024-12-31
49_GARIGILL_15089,49,GARIGILL,15089,Mont Redon Cotes du Rhone,750mL,26,9.99,2024-12-31
50_MOUNTMEND_39592,50,MOUNTMEND,39592,Redwood Creek Pnt Nr Calif,750mL,24,6.29,2024-12-31
60_IRRAGIN_6974,60,IRRAGIN,6974,Benziger Cab Svgn Sonoma,750mL,51,15.99,2024-12-31
57_LANTEGLOS_35464,57,LANTEGLOS,35464,Stags Leap WC Artemis Cab,750mL,2,48.99,2024-12-31
52_GRAYCOTT_34903,52,GRAYCOTT,34903,Smoking Loon Cab Svgn,750mL,17,6.79,2024-12-31
66_EANVERNESS_4882,66,EANVERNESS,4882,Arrow Coffee Brandy,750mL,38,6.49,2024-12-31
54_GUTHRAM_4282,54,GUTHRAM,4282,Capt Morgan White Pineapple,750mL,16,14.99,2024-12-31
45_VERITAS_3818,45,VERITAS,3818,Cabo Wabo Blanco Tequila,750mL,7,29.99,2024-12-31
70_KELD_41213,70,KELD,41213,A to Z Pnt Nr Ore,750mL,15,16.99,2024-12-31
67_EANVERNESS_43662,67,EANVERNESS,43662,L'Ecole No 41 Cab Svgn Clmba,750mL,17,29.99,2024-12-31
69_MOUNTMEND_17378,69,MOUNTMEND,17378,Terrazas Torrontes Rsv 10,750mL,9,11.99,2024-12-31
60_IRRAGIN_3818,60,IRRAGIN,3818,Cabo Wabo Blanco Tequila,750mL,8,29.99,2024-12-31
41_LARNWICK_2530,41,LARNWICK,2530,The Macallan 17Yr Old Scotch,750mL,0,249.99,2024-12-31
67_EANVERNESS_10359,67,EANVERNESS,10359,Adelsheim Elizbth RSV Pnt Nr,750mL,5,47.99,2024-12-31
72_HARDERSFIELD_3947,72,HARDERSFIELD,3947,Herradura Anejo Tequila,750mL,8,45.99,2024-12-31
49_GARIGILL_33032,49,GARIGILL,33032,Rombauer Znfdl,750mL,10,27.99,2024-12-31
41_LARNWICK_3880,41,LARNWICK,3880,360 Double Chocolate Vodka,750mL,14,12.99,2024-12-31
50_MOUNTMEND_12134,50,MOUNTMEND,12134,Pro.mis.Q.ous Red CA,750mL,12,10.99,2024-12-31
46__3306,46,,3306,Hammer & Sickle Vodka,1.75L,0,39.99,2024-12-31
44_PORTHCRAWL_29352,44,PORTHCRAWL,29352,Elk Cove Pnt Gris Ore,750mL,8,18.99,2024-12-31
55_DRY GULCH_23796,55,DRY GULCH,23796,Mayu Pedro Ximenez,750mL,21,12.99,2024-12-31
49_GARIGILL_25699,49,GARIGILL,25699,Havens Merlot Napa 13,750mL,46,19.99,2024-12-31
41_LARNWICK_3704,41,LARNWICK,3704,Ciroc Pineapple Vodka,750mL,65,24.99,2024-12-31
50_MOUNTMEND_18269,50,MOUNTMEND,18269,Masi Serego Alighieri Amaron,750mL,6,73.99,2024-12-31
73_DONCASTER_24050,73,DONCASTER,24050,Choyomusubi Ryo Junmai Sake,180mL,20,12.99,2024-12-31
67_EANVERNESS_2862,67,EANVERNESS,2862,Pinch 15-Yr by Haig & Haig,750mL,9,36.99,2024-12-31
63_SWORDBREAK_2602,63,SWORDBREAK,2602,Caol Ila 12 Yr Islay Single,750mL,8,56.99,2024-12-31
53_HILLFAR_13458,53,HILLFAR,13458,Ch Ste Michelle Harvest Rsl,750mL,12,8.99,2024-12-31
60_IRRAGIN_13558,60,IRRAGIN,13558,Merry Edwards Pinot Noir RRV,750mL,8,56.99,2024-12-31
49_GARIGILL_2498,49,GARIGILL,2498,Catskill Fearless Whiskey,375mL,30,43.99,2024-12-31
54_GUTHRAM_46476,54,GUTHRAM,46476,Tilia Malbec Mendoza,750mL,18,9.99,2024-12-31
44_PORTHCRAWL_2828,44,PORTHCRAWL,2828,Barr Hill Tom Cat Aged Gin,750mL,5,44.99,2024-12-31
59_CLAETHORPES_2127,59,CLAETHORPES,2127,Canadian Ltd,1.75L,43,10.49,2024-12-31
50_MOUNTMEND_23755,50,MOUNTMEND,23755,Ch Haut Brion 12 Pessac-Leog,750mL,3,528.99,2024-12-31
58_HARTLEPOOL_3705,58,HARTLEPOOL,3705,Smirnoff Sours Watermelon,50mL,70,0.99,2024-12-31
47_PELLA'S WISH_3272,47,PELLA'S WISH,3272,Sobieski Vodka,1.75L,7,17.99,2024-12-31
46__4145,46,,4145,Don Q Cristal Rum,1.75L,0,16.99,2024-12-31
59_CLAETHORPES_8284,59,CLAETHORPES,8284,Suerte Reposado Tequila,750mL,6,39.99,2024-12-31
50_MOUNTMEND_5195,50,MOUNTMEND,5195,Jenkins Melon Liqueur,750mL,21,5.99,2024-12-31
60_IRRAGIN_30039,60,IRRAGIN,30039,Chateau D'Armailhac 2014,750mL,0,44.49,2024-12-31
69_MOUNTMEND_2645,69,MOUNTMEND,2645,Chivas Regal,750mL,83,29.99,2024-12-31
55_DRY GULCH_13619,55,DRY GULCH,13619,Quinta do Noval Black Port,750mL,3,19.99,2024-12-31
60_IRRAGIN_42413,60,IRRAGIN,42413,R M Woodbridge Rsl,1.5L,18,8.99,2024-12-31
59_CLAETHORPES_33037,59,CLAETHORPES,33037,Beringer Fndrs Est Cab Svgn,1.5L,3,18.99,2024-12-31
70_KELD_5297,70,KELD,5297,Southern Comfort,750mL,11,13.99,2024-12-31
68_SOLARIS_652,68,SOLARIS,652,Frangelico Gift Pack 2 Glass,750mL,2,21.99,2024-12-31
64_CESTERFIELD_6596,64,CESTERFIELD,6596,Kenwood Svgn Bl Sonoma,750mL,21,10.99,2024-12-31
67_EANVERNESS_3503,67,EANVERNESS,3503,Smirnoff Sorbet Rasp/Pomegra,750mL,8,12.99,2024-12-31
73_DONCASTER_27566,73,DONCASTER,27566,Kiona Est Red Mountain Rsv R,750mL,9,41.99,2024-12-31
44_PORTHCRAWL_23175,44,PORTHCRAWL,23175,Taittinger Rose Cuve Presti,750mL,6,55.99,2024-12-31
69_MOUNTMEND_10400,69,MOUNTMEND,10400,Rodney Strong Symmetry,750mL,5,57.99,2024-12-31
47_PELLA'S WISH_1060,47,PELLA'S WISH,1060,Jack Daniels Bruins Glass Pk,Liter,8,27.99,2024-12-31
73_DONCASTER_3505,73,DONCASTER,3505,Tito's Handmade Vodka,750mL,33,18.99,2024-12-31
54_GUTHRAM_8700,54,GUTHRAM,8700,Beringer Knights Vly Cab Svg,750mL,31,24.95,2024-12-31
67_EANVERNESS_5438,67,EANVERNESS,5438,Emmets Irish Cream,750mL,11,9.99,2024-12-31
45_VERITAS_7320,45,VERITAS,7320,Malibu Rum Punch RTD,1.75L,8,17.99,2024-12-31
61_AETHELNEY_6206,61,AETHELNEY,6206,Midnight Moon Apple Pie,375mL,10,12.99,2024-12-31
69_MOUNTMEND_26392,69,MOUNTMEND,26392,Pepperwood Grove Pnt Nr,750mL,37,7.99,2024-12-31
70_KELD_35103,70,KELD,35103,Ruffino Chianti Superiore,750mL,6,9.99,2024-12-31
57_LANTEGLOS_3342,57,LANTEGLOS,3342,Bully Boy Old Fashioned RTD,750mL,6,22.99,2024-12-31
73_DONCASTER_26592,73,DONCASTER,26592,Broadside Margarita 13 Cab S,750mL,19,19.99,2024-12-31
69_MOUNTMEND_10935,69,MOUNTMEND,10935,Grgich Hills Merlot Napa,750mL,12,42.99,2024-12-31
67_EANVERNESS_19258,67,EANVERNESS,19258,The Beach House Chard,750mL,32,11.99,2024-12-31
46__3726,46,,3726,Gilbeys Vodka Traveler,750mL,0,4.99,2024-12-31
63_SWORDBREAK_8929,63,SWORDBREAK,8929,Sebastiani Chard Sonoma,750mL,13,12.99,2024-12-31
49_GARIGILL_21684,49,GARIGILL,21684,Underwood Pnt Nr,750mL,20,11.99,2024-12-31
73_DONCASTER_39471,73,DONCASTER,39471,Acorn Dolcetto Alegria RRV,750mL,9,28.99,2024-12-31
69_MOUNTMEND_1386,69,MOUNTMEND,1386,George Dickel No 8 Bourbon,750mL,15,20.99,2024-12-31
64_CESTERFIELD_22192,64,CESTERFIELD,22192,Placido Chianti,1.5L,7,12.99,2024-12-31
72_HARDERSFIELD_8790,72,HARDERSFIELD,8790,Bolla Valpolicella,1.5L,9,15.99,2024-12-31
73_DONCASTER_19058,73,DONCASTER,19058,Chateau Camensac 10,750mL,4,47.99,2024-12-31
71_CLARCTON_2525,71,CLARCTON,2525,Bird Dog Kentucky Whiskey,750mL,1,12.99,2024-12-31
50_MOUNTMEND_16568,50,MOUNTMEND,16568,Moonlight Meadery Sumptuous,375mL,29,12.99,2024-12-31
51_ABERDEEN_38946,51,ABERDEEN,38946,Bully Hill Sweet Walter Rd,750mL,20,8.99,2024-12-31
55_DRY GULCH_32805,55,DRY GULCH,32805,Truchard Carneros Pnt Nr,750mL,15,26.99,2024-12-31
55_DRY GULCH_33055,55,DRY GULCH,33055,Cape Indaba Svgn Bl S Africa,750mL,10,8.99,2024-12-31
68_SOLARIS_34525,68,SOLARIS,34525,Neyers Merlot Napa,750mL,11,25.99,2024-12-31
67_EANVERNESS_16694,67,EANVERNESS,16694,Adissat Cotes du Rhone,750mL,2,14.99,2024-12-31
69_MOUNTMEND_26456,69,MOUNTMEND,26456,Ravenswood Vntnrs Blnd Chard,750mL,17,7.99,2024-12-31
71_CLARCTON_4412,71,CLARCTON,4412,Pusser's British Navy Rum,750mL,5,17.99,2024-12-31
54_GUTHRAM_3918,54,GUTHRAM,3918,Cabo Wabo Anejo Tequila,750mL,5,42.99,2024-12-31
47_PELLA'S WISH_8749,47,PELLA'S WISH,8749,Lugny Les Charmes Macon,750mL,17,15.99,2024-12-31
47_PELLA'S WISH_8171,47,PELLA'S WISH,8171,Leroux Blackberry Brandy,50mL,111,0.99,2024-12-31
54_GUTHRAM_45831,54,GUTHRAM,45831,Lake Sonoma Chard RRV,750mL,6,17.99,2024-12-31
67_EANVERNESS_24572,67,EANVERNESS,24572,Galerie Latro Cab S Knights,750mL,4,49.99,2024-12-31
49_GARIGILL_24842,49,GARIGILL,24842,Jacobs Crk Shrz/Cab Svgn,750mL,16,5.99,2024-12-31
46__8386,46,,8386,Dry Sack Sherry,750mL,0,13.49,2024-12-31
69_MOUNTMEND_20152,69,MOUNTMEND,20152,La Cote Blanche Mcon V Chard,750mL,4,13.99,2024-12-31
41_LARNWICK_3248,41,LARNWICK,3248,Stark Vodka,750mL,18,29.99,2024-12-31
70_KELD_31200,70,KELD,31200,Banfi Rosso di Montalcino,750mL,4,20.99,2024-12-31
68_SOLARIS_3711,68,SOLARIS,3711,Three Olives Mango Vodka,750mL,1,14.99,2024-12-31
46__2143,46,,2143,Canadian Mist,1.75L,0,13.99,2024-12-31
56_BEGGAR'S HOLE_2994,56,BEGGAR'S HOLE,2994,Hudson Manhattan Rye,750mL,3,49.99,2024-12-31
70_KELD_4246,70,KELD,4246,Bacardi Superior Rum,375mL,20,5.49,2024-12-31
44_PORTHCRAWL_14706,44,PORTHCRAWL,14706,Cupcake Prosecco,750mL,95,7.49,2024-12-31
42_BLACK HOLLOW_18381,42,BLACK HOLLOW,18381,Block Nine Caiden Vyd Pnt Nr,750mL,9,12.99,2024-12-31
41_LARNWICK_2121,41,LARNWICK,2121,Canadian Club Traveler,750mL,26,10.99,2024-12-31
69_MOUNTMEND_24286,69,MOUNTMEND,24286,Kendall Jackson Gr RSV Cab S,750mL,16,22.99,2024-12-31
56_BEGGAR'S HOLE_43432,56,BEGGAR'S HOLE,43432,Montgras RSV Svgn Bl Casabln,750mL,7,5.99,2024-12-31
41_LARNWICK_14624,41,LARNWICK,14624,The Naked Grape Pnt Nr,750mL,5,5.99,2024-12-31
61_AETHELNEY_6854,61,AETHELNEY,6854,Carlo Rossi Burgundy Calif,4L,7,14.99,2024-12-31
71_CLARCTON_6266,71,CLARCTON,6266,Gallo Fairbanks Sherry,1.5L,6,7.79,2024-12-31
44_PORTHCRAWL_4241,44,PORTHCRAWL,4241,Capt Morgan Spiced Rum,50mL,85,1.99,2024-12-31
50_MOUNTMEND_22854,50,MOUNTMEND,22854,Vega Sindoa Cab Svgn Navarra,750mL,63,12.99,2024-12-31
48_NORFOLK_4363,48,NORFOLK,4363,Capt Morgan Black Spiced Rum,1.75L,3,32.99,2024-12-31
73_DONCASTER_13582,73,DONCASTER,13582,Merry Edwards Coopers Pnt Nr,750mL,12,82.99,2024-12-31
48_NORFOLK_35670,48,NORFOLK,35670,Redwood Creek Svgn Bl Cal,1.5L,3,9.99,2024-12-31
49_GARIGILL_1415,49,GARIGILL,1415,Old Grand Dad,750mL,15,13.99,2024-12-31
56_BEGGAR'S HOLE_3455,56,BEGGAR'S HOLE,3455,Stolichnaya Gluten Free 80*,750mL,21,16.99,2024-12-31
61_AETHELNEY_2740,61,AETHELNEY,2740,GlenDronach 15 Yr Scotch,750mL,8,96.99,2024-12-31
50_MOUNTMEND_13132,50,MOUNTMEND,13132,F Coppola Rosso & Bianc Shir,750mL,10,10.99,2024-12-31
69_MOUNTMEND_7127,69,MOUNTMEND,7127,Mezcal De Amor Amaras,750mL,15,45.99,2024-12-31
46__3913,46,,3913,Svedka Vodka,1.75L,0,16.99,2024-12-31
42_BLACK HOLLOW_8680,42,BLACK HOLLOW,8680,Crown Royal,1.75L,33,36.99,2024-12-31
62_KILMARNOCK_6572,62,KILMARNOCK,6572,Ch Greysac,750mL,6,16.99,2024-12-31
44_PORTHCRAWL_18449,44,PORTHCRAWL,18449,R Mondavi Heritage Red Pvt S,750mL,5,8.99,2024-12-31
67_EANVERNESS_11396,67,EANVERNESS,11396,Buried Cane Cab Svgn,750mL,16,13.99,2024-12-31
51_ABERDEEN_4233,51,ABERDEEN,4233,Castillo Silver Label Rum,1.75L,16,10.99,2024-12-31
44_PORTHCRAWL_3787,44,PORTHCRAWL,3787,Jose Cuervo Especial Silver,750mL,21,15.99,2024-12-31
54_GUTHRAM_22019,54,GUTHRAM,22019,Mumm Napa Brut Rose,750mL,28,15.99,2024-12-31
72_HARDERSFIELD_8504,72,HARDERSFIELD,8504,R M Woodbridge Cab Svgn Cal,1.5L,29,8.99,2024-12-31
61_AETHELNEY_3286,61,AETHELNEY,3286,Ciroc Snap Frost Vodka,1.75L,23,48.99,2024-12-31
63_SWORDBREAK_32749,63,SWORDBREAK,32749,Brancott Svgn Bl Marlboro,750mL,9,9.99,2024-12-31
67_EANVERNESS_43225,67,EANVERNESS,43225,Ch Beauchene Chtnf Pape RSV,750mL,57,26.99,2024-12-31
55_DRY GULCH_8627,55,DRY GULCH,8627,Jadot Beaujolais Villages,750mL,14,7.98,2024-12-31
71_CLARCTON_46985,71,CLARCTON,46985,Rodney Strong Cab Svgn Alexa,750mL,6,23.99,2024-12-31
55_DRY GULCH_20255,55,DRY GULCH,20255,Breca OV Garnacha Calatayud,750mL,46,13.99,2024-12-31
60_IRRAGIN_27549,60,IRRAGIN,27549,Whitman Express Pnt Blanc,750mL,50,11.99,2024-12-31
51_ABERDEEN_8725,51,ABERDEEN,8725,Chambord Royale de France,375mL,12,15.99,2024-12-31
41_LARNWICK_5560,41,LARNWICK,5560,Bacardi Mojito Cocktail,1.75L,9,18.99,2024-12-31
73_DONCASTER_26473,73,DONCASTER,26473,Ch Moulin Canon Fronsac,750mL,21,21.99,2024-12-31
61_AETHELNEY_2821,61,AETHELNEY,2821,Auchentoshan American Oak,750mL,11,37.99,2024-12-31
67_EANVERNESS_46763,67,EANVERNESS,46763,Clayhouse Svgn Bl Paso Roble,750mL,14,11.99,2024-12-31
52_GRAYCOTT_44916,52,GRAYCOTT,44916,Ferreira Dona Antonio RSV,750mL,1,17.99,2024-12-31
44_PORTHCRAWL_15146,44,PORTHCRAWL,15146,Achaval Ferrer Malbec,750mL,15,18.99,2024-12-31
73_DONCASTER_2057,73,DONCASTER,2057,Rebel Yell Root Beer Bourbon,50mL,163,0.99,2024-12-31
42_BLACK HOLLOW_8962,42,BLACK HOLLOW,8962,Pimms Cup No 1,750mL,9,17.99,2024-12-31
44_PORTHCRAWL_7265,44,PORTHCRAWL,7265,Taylor Fladgate LBV Port,750mL,8,15.99,2024-12-31
44_PORTHCRAWL_13422,44,PORTHCRAWL,13422,Gnarly Head Pnt Nr,750mL,0,9.99,2024-12-31
55_DRY GULCH_8408,55,DRY GULCH,8408,Wild Turkey American Honey,1.75L,38,35.99,2024-12-31
66_EANVERNESS_15827,66,EANVERNESS,15827,Frisk Prickly Rsl,750mL,14,9.99,2024-12-31
42_BLACK HOLLOW_5492,42,BLACK HOLLOW,5492,Grand Marnier Cuvee du Cent,750mL,1,149.99,2024-12-31
67_EANVERNESS_3458,67,EANVERNESS,3458,Ciroc Amaretto Vodka,750mL,31,19.99,2024-12-31
67_EANVERNESS_4399,67,EANVERNESS,4399,Screech Honey Rum,750mL,46,12.99,2024-12-31
73_DONCASTER_38483,73,DONCASTER,38483,Sharpe Hill Ballet of Angel,750mL,24,10.99,2024-12-31
71_CLARCTON_4380,71,CLARCTON,4380,Ron Virgin Heavy Bodied Rum,1.75L,16,13.99,2024-12-31
62_KILMARNOCK_5215,62,KILMARNOCK,5215,TGI Fridays Long Island Iced,1.75L,14,12.99,2024-12-31
70_KELD_41253,70,KELD,41253,Ch St Jean Cab Svgn Cal,750mL,15,11.99,2024-12-31
67_EANVERNESS_5776,67,EANVERNESS,5776,Malibu Black,1.75L,13,21.99,2024-12-31
68_SOLARIS_6319,68,SOLARIS,6319,Santa Cristina Toscana,750mL,39,10.99,2024-12-31
45_VERITAS_3625,45,VERITAS,3625,Absolut 80 Proof,750mL,31,17.99,2024-12-31
63_SWORDBREAK_13665,63,SWORDBREAK,13665,Josh Cellars Chard,750mL,11,12.99,2024-12-31
71_CLARCTON_11196,71,CLARCTON,11196,Angelini Pnt Grigio Veneto,750mL,12,9.99,2024-12-31
59_CLAETHORPES_8265,59,CLAETHORPES,8265,Cockburns Fine Ruby Port,750mL,11,9.99,2024-12-31
50_MOUNTMEND_13497,50,MOUNTMEND,13497,Mohua Svgn Bl Marlboro,750mL,11,9.99,2024-12-31
50_MOUNTMEND_3379,50,MOUNTMEND,3379,High West Vodka 7000',750mL,32,32.99,2024-12-31
48_NORFOLK_4176,48,NORFOLK,4176,Blackheart Spiced Rum,750mL,8,10.99,2024-12-31
48_NORFOLK_5403,48,NORFOLK,5403,Amaretto di Amore,750mL,36,9.99,2024-12-31
48_NORFOLK_443,48,NORFOLK,443,St Germain Liqueur,750mL,7,34.99,2024-12-31
51_ABERDEEN_8063,51,ABERDEEN,8063,Absolut Pears,50mL,0,1.99,2024-12-31
46__3693,46,,3693,Smirnoff Ruby Red Grapefruit,750mL,0,10.99,2024-12-31
57_LANTEGLOS_6590,57,LANTEGLOS,6590,Almaden B/B Wh Znfdl Cal,5L,4,14.99,2024-12-31
49_GARIGILL_1094,49,GARIGILL,1094,Four Roses Single Barrel Brb,750mL,7,41.99,2024-12-31
66_EANVERNESS_40658,66,EANVERNESS,40658,Lemelson Theas Slctn Pnt Nr,750mL,3,27.99,2024-12-31
71_CLARCTON_3859,71,CLARCTON,3859,Smirnoff 80 Proof,375mL,54,8.99,2024-12-31
43_WOLFORD_12586,43,WOLFORD,12586,C Y Toro Frontera Malbec,1.5L,6,10.99,2024-12-31
67_EANVERNESS_8170,67,EANVERNESS,8170,Courvoisier VS Cognac,50mL,64,2.99,2024-12-31
62_KILMARNOCK_45769,62,KILMARNOCK,45769,Bonterra Svgn Bl Organic,750mL,19,11.99,2024-12-31
62_KILMARNOCK_19545,62,KILMARNOCK,19545,Darkhorse Red,750mL,6,7.99,2024-12-31
48_NORFOLK_33873,48,NORFOLK,33873,Bella Sera Pnt Grigio Del,750mL,11,6.49,2024-12-31
52_GRAYCOTT_2445,52,GRAYCOTT,2445,Seagrams VO,750mL,31,11.99,2024-12-31
59_CLAETHORPES_38179,59,CLAETHORPES,38179,Rex Goliath Chard,750mL,13,5.99,2024-12-31
50_MOUNTMEND_14623,50,MOUNTMEND,14623,The Naked Grape Pnt Grigio,750mL,3,5.99,2024-12-31
41_LARNWICK_26285,41,LARNWICK,26285,Moet & Chandon Imperial,1.5L,4,69.99,2024-12-31
49_GARIGILL_31203,49,GARIGILL,31203,Beringer Fndrs Est Merlot,750mL,18,8.99,2024-12-31
72_HARDERSFIELD_4494,72,HARDERSFIELD,4494,Jenkins French Brandy,1.75L,12,14.99,2024-12-31
61_AETHELNEY_3454,61,AETHELNEY,3454,Pinnacle Pineapple,50mL,81,0.99,2024-12-31
49_GARIGILL_43877,49,GARIGILL,43877,Duckhorn Svgn Bl Napa,750mL,17,26.99,2024-12-31
60_IRRAGIN_12773,60,IRRAGIN,12773,Joel Gott Znfdl,750mL,15,13.99,2024-12-31
53_HILLFAR_7489,53,HILLFAR,7489,99 Blackberries,50mL,11,0.99,2024-12-31
49_GARIGILL_5368,49,GARIGILL,5368,Midori Melon Liqueur,750mL,18,21.99,2024-12-31
69_MOUNTMEND_32108,69,MOUNTMEND,32108,Erath Pnt Nr Oregon,750mL,127,15.99,2024-12-31
66_EANVERNESS_3209,66,EANVERNESS,3209,Hammer & Sickle Vodka,750mL,30,19.99,2024-12-31
56_BEGGAR'S HOLE_26391,56,BEGGAR'S HOLE,26391,Pepperwood Grove Chard,750mL,3,7.99,2024-12-31
69_MOUNTMEND_25190,69,MOUNTMEND,25190,Sixto Chardonnay,750mL,6,35.99,2024-12-31
65_LUTON_28114,65,LUTON,28114,Steele Chard Cal,750mL,9,16.99,2024-12-31
58_HARTLEPOOL_6351,58,HARTLEPOOL,6351,Kendall Jackson Vntr RSV Cab,750mL,14,16.99,2024-12-31
66_EANVERNESS_10254,66,EANVERNESS,10254,Beringer Classic Chard,750mL,44,6.99,2024-12-31
60_IRRAGIN_3938,60,IRRAGIN,3938,Stolichnaya,750mL,5,16.99,2024-12-31
47_PELLA'S WISH_12109,47,PELLA'S WISH,12109,La Crema Pnt Nr Monterey,750mL,11,18.99,2024-12-31
63_SWORDBREAK_1239,63,SWORDBREAK,1239,Booker's Bourbon,750mL,5,50.99,2024-12-31
52_GRAYCOTT_3351,52,GRAYCOTT,3351,Pinnacle Whipped Vodka,1.75L,18,15.99,2024-12-31
55_DRY GULCH_2855,55,DRY GULCH,2855,Master's London Dry Gin,750mL,29,29.99,2024-12-31
63_SWORDBREAK_42874,63,SWORDBREAK,42874,Decoy by Duckhorn Red,750mL,15,16.95,2024-12-31
49_GARIGILL_2818,49,GARIGILL,2818,Rough Rider Straight Bourbon,750mL,4,32.99,2024-12-31
42_BLACK HOLLOW_3959,42,BLACK HOLLOW,3959,Hornitos Black Barrel,750mL,12,26.99,2024-12-31
62_KILMARNOCK_3687,62,KILMARNOCK,3687,Fleischmanns Royal Traveler,750mL,15,4.99,2024-12-31
67_EANVERNESS_8128,67,EANVERNESS,8128,Espolon Anejo Tequila,750mL,8,34.99,2024-12-31
53_HILLFAR_18988,53,HILLFAR,18988,Franzia Chillable Red Tap,5L,5,12.99,2024-12-31
63_SWORDBREAK_31465,63,SWORDBREAK,31465,Franzia Tap Chard,5L,15,17.99,2024-12-31
50_MOUNTMEND_32924,50,MOUNTMEND,32924,Silverado Cab Svgn Napa,750mL,127,46.99,2024-12-31
62_KILMARNOCK_46201,62,KILMARNOCK,46201,Petite Petit Phillips Lodi,750mL,20,16.99,2024-12-31
71_CLARCTON_28681,71,CLARCTON,28681,F Coppola Rosso Bianco Rosso,750mL,11,10.99,2024-12-31
55_DRY GULCH_14433,55,DRY GULCH,14433,F Coppola Rosso Bianco Chard,750mL,15,10.99,2024-12-31
50_MOUNTMEND_16045,50,MOUNTMEND,16045,Entwine Merlot,750mL,138,9.79,2024-12-31
72_HARDERSFIELD_779,72,HARDERSFIELD,779,Svedka Raspberry Vodka,Liter,3,12.99,2024-12-31
69_MOUNTMEND_15837,69,MOUNTMEND,15837,Ninety+Cellars Lot 37 Shiraz,750mL,9,10.99,2024-12-31
54_GUTHRAM_2270,54,GUTHRAM,2270,Laphroaig Triple Wood,750mL,5,74.99,2024-12-31
69_MOUNTMEND_11926,69,MOUNTMEND,11926,The Crusher Cab Svgn,750mL,16,13.99,2024-12-31
54_GUTHRAM_8848,54,GUTHRAM,8848,Deep Eddy Lemon Vodka,50mL,72,0.99,2024-12-31
69_MOUNTMEND_25125,69,MOUNTMEND,25125,Zorvino Vyds Mango Magnifico,750mL,18,12.49,2024-12-31
47_PELLA'S WISH_16669,47,PELLA'S WISH,16669,Sweet Baby Vyds Blueberry,750mL,10,12.99,2024-12-31
66_EANVERNESS_27163,66,EANVERNESS,27163,Rio Madre 14 Rioja Tempranlo,750mL,24,10.99,2024-12-31
45_VERITAS_79,45,VERITAS,79,Three Olives Loopy Vodka,750mL,13,14.99,2024-12-31
73_DONCASTER_15322,73,DONCASTER,15322,Vinum Cellars Scrapper Cab F,750mL,12,27.99,2024-12-31
50_MOUNTMEND_3329,50,MOUNTMEND,3329,Seagrams Extra Smooth Vodka,1.75L,48,15.99,2024-12-31
61_AETHELNEY_12946,61,AETHELNEY,12946,Middle Sister Smarty Pants C,750mL,8,9.99,2024-12-31
50_MOUNTMEND_36750,50,MOUNTMEND,36750,Big House Cardinal Bst Znfdl,750mL,18,7.99,2024-12-31
42_BLACK HOLLOW_4277,42,BLACK HOLLOW,4277,Bacardi Limon Rum,375mL,16,3.99,2024-12-31
68_SOLARIS_22143,68,SOLARIS,22143,Simi Cab Svgn,750mL,35,13.79,2024-12-31
55_DRY GULCH_1376,55,DRY GULCH,1376,Jim Beam,1.75L,243,20.99,2024-12-31
44_PORTHCRAWL_4199,44,PORTHCRAWL,4199,Sauza Blanco Tequila,1.75L,57,21.99,2024-12-31
57_LANTEGLOS_2631,57,LANTEGLOS,2631,Scapa Skiren Single Malt,750mL,4,69.99,2024-12-31
58_HARTLEPOOL_11153,58,HARTLEPOOL,11153,Canyon Road Chard,1.5L,6,8.99,2024-12-31
50_MOUNTMEND_21619,50,MOUNTMEND,21619,Yosemite Road Pnt Grigio,750mL,16,3.49,2024-12-31
52_GRAYCOTT_1921,52,GRAYCOTT,1921,Glenfiddich Special Rsv 12,1.75L,3,65.99,2024-12-31
70_KELD_2751,70,KELD,2751,Johnnie Walker Black Label,375mL,5,19.99,2024-12-31
48_NORFOLK_32368,48,NORFOLK,32368,Cavit Pinot Noir Delle Vene,1.5L,49,9.99,2024-12-31
68_SOLARIS_3758,68,SOLARIS,3758,Margaritaville Gold Tequila,1.75L,7,22.99,2024-12-31
62_KILMARNOCK_4234,62,KILMARNOCK,4234,Bacardi Pineapple Fusion,750mL,19,9.99,2024-12-31
60_IRRAGIN_2467,60,IRRAGIN,2467,Catskill Most Righteous Brbn,375mL,14,30.99,2024-12-31
49_GARIGILL_41714,49,GARIGILL,41714,Fish Eye Pnt Grigio,750mL,17,5.99,2024-12-31
42_BLACK HOLLOW_984,42,BLACK HOLLOW,984,Patron XO Cafe Liqueur,750mL,20,25.99,2024-12-31
61_AETHELNEY_3579,61,AETHELNEY,3579,Ciroc Pineapple Vodka,375mL,40,15.49,2024-12-31
69_MOUNTMEND_25870,69,MOUNTMEND,25870,Man Svgn Bl,750mL,12,6.99,2024-12-31
48_NORFOLK_27596,48,NORFOLK,27596,MezzaCorona Pnt Grigio,750mL,17,7.99,2024-12-31
61_AETHELNEY_9116,61,AETHELNEY,9116,KAH Tequila 3/50mLs Pak,50mL 3 Pk,4,24.99,2024-12-31
60_IRRAGIN_5245,60,IRRAGIN,5245,Le Reviseur XO Cognac,750mL,6,99.99,2024-12-31
66_EANVERNESS_42421,66,EANVERNESS,42421,Firesteed Pnt Gris Ore,750mL,13,13.99,2024-12-31
66_EANVERNESS_4370,66,EANVERNESS,4370,Ron Virgin White,1.75L,43,10.99,2024-12-31
63_SWORDBREAK_5330,63,SWORDBREAK,5330,Kahlua White Russian RTD,1.75L,7,15.99,2024-12-31
43_WOLFORD_41251,43,WOLFORD,41251,Beringer Classic Pnt Grigio,750mL,17,6.99,2024-12-31
62_KILMARNOCK_15892,62,KILMARNOCK,15892,Red Guitar Sangria,750mL,19,4.99,2024-12-31
53_HILLFAR_8000,53,HILLFAR,8000,The Glenlivet 12 Yr Single,1.75L,28,69.99,2024-12-31
49_GARIGILL_1744,49,GARIGILL,1744,Old Forester 100 Bourbon,750mL,7,21.99,2024-12-31
64_CESTERFIELD_33587,64,CESTERFIELD,33587,Produttori del Barbaresco P,750mL,13,32.99,2024-12-31
47_PELLA'S WISH_327,47,PELLA'S WISH,327,Capt Morgan Spiced Rum 100,Liter,1,23.99,2024-12-31
54_GUTHRAM_2564,54,GUTHRAM,2564,Glen Garioch 12 Yr Old,750mL,3,59.99,2024-12-31
51_ABERDEEN_13163,51,ABERDEEN,13163,Barefoot Bubbly Moscato,750mL,0,6.95,2024-12-31
65_LUTON_18758,65,LUTON,18758,Mouton Cadet Sauvignon Blanc,750mL,10,12.99,2024-12-31
50_MOUNTMEND_15509,50,MOUNTMEND,15509,Mollydooker Maitre D Cab Svg,750mL,26,25.99,2024-12-31
73_DONCASTER_11029,73,DONCASTER,11029,M Molitor Spatlese Mosel,750mL,8,27.99,2024-12-31
66_EANVERNESS_43820,66,EANVERNESS,43820,Little Black Dress Merlot,750mL,19,10.99,2024-12-31
72_HARDERSFIELD_20357,72,HARDERSFIELD,20357,Apothic Dark,750mL,37,7.99,2024-12-31
53_HILLFAR_2830,53,HILLFAR,2830,Serpent's Bite Cider Whiskey,750mL,5,13.99,2024-12-31
44_PORTHCRAWL_8482,44,PORTHCRAWL,8482,Cabot Trail Cana Cream Maple,750mL,16,17.99,2024-12-31
56_BEGGAR'S HOLE_857,56,BEGGAR'S HOLE,857,Kahlua,Liter,46,22.99,2024-12-31
49_GARIGILL_8202,49,GARIGILL,8202,Sambuca Romana,750mL,98,17.99,2024-12-31
59_CLAETHORPES_6126,59,CLAETHORPES,6126,Sogno di Sorrento Crema Lem,750mL,9,25.99,2024-12-31
64_CESTERFIELD_44106,64,CESTERFIELD,44106,Carmel Road Unoaked Chard Mo,750mL,11,14.99,2024-12-31
72_HARDERSFIELD_2723,72,HARDERSFIELD,2723,J & B Rare,1.75L,30,27.99,2024-12-31
69_MOUNTMEND_5296,69,MOUNTMEND,5296,Southern Comfort 100 Proof,1.75L,123,28.99,2024-12-31
49_GARIGILL_2392,49,GARIGILL,2392,Crown Royal 75th Anniversary,750mL,0,69.99,2024-12-31
66_EANVERNESS_368,66,EANVERNESS,368,The Macallan 25 Yr Old,750mL,1,1559.99,2024-12-31
50_MOUNTMEND_28005,50,MOUNTMEND,28005,Somerston Stornoway Red,750mL,6,84.99,2024-12-31
41_LARNWICK_11460,41,LARNWICK,11460,Freemark Abbey Cab Svgn Napa,750mL,8,39.99,2024-12-31
50_MOUNTMEND_21444,50,MOUNTMEND,21444,Ch Palmer Margaux,750mL,3,339.99,2024-12-31
51_ABERDEEN_3329,51,ABERDEEN,3329,Seagrams Extra Smooth Vodka,1.75L,15,15.99,2024-12-31
67_EANVERNESS_2607,67,EANVERNESS,2607,Grand MacNish 12 Yr Old,750mL,18,21.99,2024-12-31
55_DRY GULCH_17101,55,DRY GULCH,17101,Trimbach Gewurztraminer,750mL,15,17.99,2024-12-31
69_MOUNTMEND_2570,69,MOUNTMEND,2570,Johnnie Walker Gold Rsv,750mL,37,79.99,2024-12-31
48_NORFOLK_8674,48,NORFOLK,8674,Riunite Moscato,1.5L,8,8.99,2024-12-31
49_GARIGILL_31494,49,GARIGILL,31494,Barefoot Merlot Cal,1.5L,7,10.99,2024-12-31
60_IRRAGIN_4846,60,IRRAGIN,4846,Cruzan Estate Diamond Dark,750mL,6,16.99,2024-12-31
66_EANVERNESS_22079,66,EANVERNESS,22079,C Y Toro Casa Diblo Cab Svgn,750mL,195,9.99,2024-12-31
69_MOUNTMEND_20447,69,MOUNTMEND,20447,Barefoot Bubbly Pink Moscato,187mL 4 Pk,5,9.99,2024-12-31
67_EANVERNESS_32675,67,EANVERNESS,32675,Blackstone Cab Svgn Cal,750mL,47,7.99,2024-12-31
50_MOUNTMEND_8102,50,MOUNTMEND,8102,Absolut Mandrin,1.75L,76,24.99,2024-12-31
46__1271,46,,1271,Jeffersons Reserve Bourbon,750mL,0,49.99,2024-12-31
55_DRY GULCH_22863,55,DRY GULCH,22863,Vino Dious Gruner Veltlnr 13,750mL,9,11.99,2024-12-31
61_AETHELNEY_2954,61,AETHELNEY,2954,Highland Park 12 Yr Single,750mL,14,49.99,2024-12-31
61_AETHELNEY_4682,61,AETHELNEY,4682,Courvoisier VSOP Cognac,750mL,6,34.99,2024-12-31
69_MOUNTMEND_8440,69,MOUNTMEND,8440,Baileys Espresso Creme,750mL,49,19.99,2024-12-31
61_AETHELNEY_3231,61,AETHELNEY,3231,Pinnacle Tropical Punch Vdka,750mL,11,10.99,2024-12-31
64_CESTERFIELD_17535,64,CESTERFIELD,17535,Ninety+Cellars Lot 66 Rsl Mo,750mL,10,10.99,2024-12-31
50_MOUNTMEND_23267,50,MOUNTMEND,23267,Siduri Pnt Nr 13 Clos Pepe,750mL,12,49.99,2024-12-31
44_PORTHCRAWL_37312,44,PORTHCRAWL,37312,Salmon Run NY Pnt Nr,750mL,48,15.99,2024-12-31
66_EANVERNESS_45831,66,EANVERNESS,45831,Lake Sonoma Chard RRV,750mL,20,17.99,2024-12-31
56_BEGGAR'S HOLE_46062,56,BEGGAR'S HOLE,46062,Martin Codax Tempranilo Ergo,750mL,3,10.99,2024-12-31
65_LUTON_8203,65,LUTON,8203,Grand Marnier,50mL,62,2.99,2024-12-31
67_EANVERNESS_1886,67,EANVERNESS,1886,Seagrams 7 Crown,750mL,34,10.99,2024-12-31
59_CLAETHORPES_45322,59,CLAETHORPES,45322,Garnacha de Fuego,750mL,10,8.99,2024-12-31
41_LARNWICK_9116,41,LARNWICK,9116,KAH Tequila 3/50mLs Pak,50mL 3 Pk,63,24.99,2024-12-31
65_LUTON_7302,65,LUTON,7302,Marques de Caceres Rioja Re,750mL,6,10.99,2024-12-31
64_CESTERFIELD_3140,64,CESTERFIELD,3140,TGI Fridays Orange Dream,1.75L,5,12.99,2024-12-31
50_MOUNTMEND_18967,50,MOUNTMEND,18967,Sprinkle Red Blend,750mL,17,5.99,2024-12-31
70_KELD_37435,70,KELD,37435,Duval-Leroy Champagne Brut,750mL,5,31.99,2024-12-31
60_IRRAGIN_6288,60,IRRAGIN,6288,Almaden Chablis B/B,5L,8,14.99,2024-12-31
44_PORTHCRAWL_34647,44,PORTHCRAWL,34647,Terrazas Alto Malbec Argn,750mL,13,8.49,2024-12-31
48_NORFOLK_5195,48,NORFOLK,5195,Jenkins Melon Liqueur,750mL,14,5.99,2024-12-31
59_CLAETHORPES_2035,59,CLAETHORPES,2035,Glen Moray Classic Scotch,750mL,16,17.99,2024-12-31
73_DONCASTER_27553,73,DONCASTER,27553,Hedges Family Estate Red Mtn,750mL,12,26.99,2024-12-31
50_MOUNTMEND_20205,50,MOUNTMEND,20205,Dibon Cava Rosado,750mL,20,13.99,2024-12-31
72_HARDERSFIELD_37217,72,HARDERSFIELD,37217,Castano Solanera Yecla Mona,750mL,1,13.99,2024-12-31
48_NORFOLK_8205,48,NORFOLK,8205,Frangelico Hazelnut Liqueur,50mL,42,2.99,2024-12-31
61_AETHELNEY_10680,61,AETHELNEY,10680,Segura Viudas Brut RSV,750mL,9,10.99,2024-12-31
55_DRY GULCH_36573,55,DRY GULCH,36573,Matanzas Creek Svgn Bl Sonom,750mL,16,17.99,2024-12-31
57_LANTEGLOS_4249,57,LANTEGLOS,4249,Capt Morgan White Coconut,750mL,12,14.99,2024-12-31
63_SWORDBREAK_14129,63,SWORDBREAK,14129,14 Hands Hot to Trot Red,750mL,21,7.99,2024-12-31
61_AETHELNEY_4334,61,AETHELNEY,4334,Casa Noble Blanco Crystal,750mL,19,34.99,2024-12-31
70_KELD_3766,70,KELD,3766,Three Olives Grape Vodka,750mL,22,14.99,2024-12-31
63_SWORDBREAK_7413,63,SWORDBREAK,7413,Manischewitz Blackberry Kshr,1.5L,7,7.99,2024-12-31
41_LARNWICK_7070,41,LARNWICK,7070,Skinnygirl Margarita Wtrmn/L,750mL,13,10.99,2024-12-31
47_PELLA'S WISH_3733,47,PELLA'S WISH,3733,Patron Silver Tequila,1.75L,5,109.99,2024-12-31
70_KELD_8892,70,KELD,8892,R Mondavi Cab Svgn Napa,750mL,10,26.99,2024-12-31
68_SOLARIS_2232,68,SOLARIS,2232,Sipsmith Gin,750mL,8,37.99,2024-12-31
66_EANVERNESS_8726,66,EANVERNESS,8726,Baileys Irish Cream,50mL,165,1.99,2024-12-31
69_MOUNTMEND_8361,69,MOUNTMEND,8361,Carlo Rossi Chablis Calif,4L,14,14.99,2024-12-31
56_BEGGAR'S HOLE_24535,56,BEGGAR'S HOLE,24535,Giesen Svgn Bl,750mL,10,10.99,2024-12-31
54_GUTHRAM_2182,54,GUTHRAM,2182,McClelland Islay Single Mal,750mL,14,19.99,2024-12-31
50_MOUNTMEND_24146,50,MOUNTMEND,24146,Louis Latour 12 Marsannay Bl,750mL,112,19.99,2024-12-31
70_KELD_4683,70,KELD,4683,Hennessy VS Cognac,50mL,36,3.99,2024-12-31
47_PELLA'S WISH_3089,47,PELLA'S WISH,3089,Evan Williams Honey Reserve,750mL,10,13.99,2024-12-31
73_DONCASTER_24593,73,DONCASTER,24593,Bodegas La Cartuja Priorat,750mL,19,19.99,2024-12-31
41_LARNWICK_11214,41,LARNWICK,11214,Caymus Cab Svgn Napa Vly,750mL,26,69.99,2024-12-31
53_HILLFAR_15393,53,HILLFAR,15393,Cupcake Pnt Grigio,750mL,10,7.49,2024-12-31
47_PELLA'S WISH_23212,47,PELLA'S WISH,23212,The Dreaming Tree Pnt Nr CA,750mL,4,12.99,2024-12-31
50_MOUNTMEND_16556,50,MOUNTMEND,16556,The Transcendentalist,750mL,8,27.99,2024-12-31
42_BLACK HOLLOW_15252,42,BLACK HOLLOW,15252,Bota Mini Chard,500mL,7,3.99,2024-12-31
67_EANVERNESS_27874,67,EANVERNESS,27874,Forefront by Pine Ridge Pnt,750mL,71,12.99,2024-12-31
72_HARDERSFIELD_27350,72,HARDERSFIELD,27350,Almaden Cab Svgn Cal B/B,5L,9,15.99,2024-12-31
68_SOLARIS_43922,68,SOLARIS,43922,Farnum Hill Farmhouse Cider,750mL,0,8.99,2024-12-31
71_CLARCTON_538,71,CLARCTON,538,Amaretto DiSaronno,375mL,15,13.99,2024-12-31
55_DRY GULCH_2201,55,DRY GULCH,2201,Nikka Yoichi Single Malt,750mL,7,76.99,2024-12-31
50_MOUNTMEND_10931,50,MOUNTMEND,10931,Bridlewood Chard Monterey,750mL,26,10.99,2024-12-31
67_EANVERNESS_18562,67,EANVERNESS,18562,Jewell Towne Vyds So Hampton,750mL,25,14.49,2024-12-31
59_CLAETHORPES_24020,59,CLAETHORPES,24020,Rosenblum Vntr Cve XXX Znfdl,750mL,12,9.99,2024-12-31
73_DONCASTER_25815,73,DONCASTER,25815,Dom Souyris Le Chemin 14,750mL,23,12.99,2024-12-31
72_HARDERSFIELD_2721,72,HARDERSFIELD,2721,Johnnie Walker Green Label,750mL,11,59.99,2024-12-31
52_GRAYCOTT_8066,52,GRAYCOTT,8066,DeKuyper Triple Sec,1.75L,13,9.99,2024-12-31
66_EANVERNESS_39437,66,EANVERNESS,39437,Columbia Crest Two Cab Svgn,750mL,15,6.99,2024-12-31
73_DONCASTER_3495,73,DONCASTER,3495,Ketel One Citroen Vodka,1.75L,64,38.99,2024-12-31
53_HILLFAR_16262,53,HILLFAR,16262,The Dreaming Tree Crush Red,750mL,0,11.99,2024-12-31
54_GUTHRAM_8712,54,GUTHRAM,8712,Cuervo RTD Golden Grapefruit,1.75L,12,13.99,2024-12-31
55_DRY GULCH_3736,55,DRY GULCH,3736,Smirnoff Cherry Vodka,750mL,19,10.99,2024-12-31
68_SOLARIS_19258,68,SOLARIS,19258,The Beach House Chard,750mL,4,11.99,2024-12-31
41_LARNWICK_11640,41,LARNWICK,11640,F Coppola Emerald Pnt Grigio,750mL,1,13.99,2024-12-31
49_GARIGILL_21103,49,GARIGILL,21103,Farnum Hill Dooryard Still,750mL,0,11.99,2024-12-31
72_HARDERSFIELD_4291,72,HARDERSFIELD,4291,Ronrico Gold,1.75L,14,12.99,2024-12-31
55_DRY GULCH_4625,55,DRY GULCH,4625,Courvoisier XO Cognac,750mL,7,139.99,2024-12-31
66_EANVERNESS_6226,66,EANVERNESS,6226,Marcus James Chard,1.5L,9,7.99,2024-12-31
44_PORTHCRAWL_2313,44,PORTHCRAWL,2313,Black Button Bespoke Bourbon,750mL,5,21.99,2024-12-31
55_DRY GULCH_4412,55,DRY GULCH,4412,Pusser's British Navy Rum,750mL,16,17.99,2024-12-31
67_EANVERNESS_10422,67,EANVERNESS,10422,Mirassou Pnt Grigio Cal,750mL,9,9.99,2024-12-31
68_SOLARIS_3220,68,SOLARIS,3220,Svedka Clementine Vodka,1.75L,2,18.99,2024-12-31
58_HARTLEPOOL_6694,58,HARTLEPOOL,6694,Lindemans Bin 65 Chard,750mL,13,7.99,2024-12-31
47_PELLA'S WISH_1801,47,PELLA'S WISH,1801,Jack Daniels Tennesse Fire,375mL,23,12.99,2024-12-31
69_MOUNTMEND_2952,69,MOUNTMEND,2952,Old Bushmills,750mL,12,24.99,2024-12-31
52_GRAYCOTT_16261,52,GRAYCOTT,16261,The Dreaming Tree CC Chard,750mL,17,12.99,2024-12-31
58_HARTLEPOOL_4363,58,HARTLEPOOL,4363,Capt Morgan Black Spiced Rum,1.75L,11,32.99,2024-12-31
53_HILLFAR_8978,53,HILLFAR,8978,Riunite Lambrusco,3L,5,16.99,2024-12-31
71_CLARCTON_24193,71,CLARCTON,24193,Ch Montaud Cotes de Provence,1.5L,8,23.99,2024-12-31
69_MOUNTMEND_14810,69,MOUNTMEND,14810,Primaterra Prosecco,750mL,8,12.99,2024-12-31
57_LANTEGLOS_3545,57,LANTEGLOS,3545,Ketel One Vodka,1.75L,49,29.99,2024-12-31
55_DRY GULCH_21168,55,DRY GULCH,21168,Honoro Vera Merlot Jumilla,750mL,4,8.49,2024-12-31
51_ABERDEEN_26395,51,ABERDEEN,26395,Trapiche Cab Svgn Oak Cask,750mL,7,8.99,2024-12-31
50_MOUNTMEND_15330,50,MOUNTMEND,15330,Rex Goliath Moscato,1.5L,7,13.99,2024-12-31
71_CLARCTON_3763,71,CLARCTON,3763,Patron Anejo Tequila,375mL,19,27.99,2024-12-31
41_LARNWICK_27911,41,LARNWICK,27911,Ruffino Chianti Clsc Santeda,750mL,18,15.99,2024-12-31
55_DRY GULCH_858,55,DRY GULCH,858,Canadian Club,Liter,24,11.99,2024-12-31
49_GARIGILL_5734,49,GARIGILL,5734,Malibu Rum,1.75L,42,21.99,2024-12-31
55_DRY GULCH_20950,55,DRY GULCH,20950,Bouza Merlot Tannat 12,750mL,26,18.49,2024-12-31
42_BLACK HOLLOW_5170,42,BLACK HOLLOW,5170,Dr McGillicuddy's Apple Pie,750mL,12,13.99,2024-12-31
72_HARDERSFIELD_1132,72,HARDERSFIELD,1132,Jack Daniels Honey & Fire Pk,375mL 2 Pk,5,25.99,2024-12-31
62_KILMARNOCK_4682,62,KILMARNOCK,4682,Courvoisier VSOP Cognac,750mL,8,34.99,2024-12-31
71_CLARCTON_3385,71,CLARCTON,3385,Pinnacle Strawbry Kiwi Vodka,1.75L,11,15.99,2024-12-31
72_HARDERSFIELD_1595,72,HARDERSFIELD,1595,Gentleman Jack,375mL,5,13.99,2024-12-31
67_EANVERNESS_24546,67,EANVERNESS,24546,Sileni Nano Svgn Bl,187mL,26,3.99,2024-12-31
63_SWORDBREAK_8379,63,SWORDBREAK,8379,Wild Turkey 101,375mL,12,11.99,2024-12-31
42_BLACK HOLLOW_11196,42,BLACK HOLLOW,11196,Angelini Pnt Grigio Veneto,750mL,6,9.99,2024-12-31
73_DONCASTER_35581,73,DONCASTER,35581,Frogs Leap Merlot Napa,750mL,9,36.99,2024-12-31
46__36770,46,,36770,Yellow Tail Cab Svgn Ausl,1.5L,0,8.95,2024-12-31
63_SWORDBREAK_4349,63,SWORDBREAK,4349,Sauza Blue Silver,750mL,4,15.99,2024-12-31
60_IRRAGIN_35918,60,IRRAGIN,35918,Stone Cellars Pnt Grigio,1.5L,6,14.99,2024-12-31
64_CESTERFIELD_37731,64,CESTERFIELD,37731,Corbett Canyon Chard,3L,12,10.99,2024-12-31
64_CESTERFIELD_5365,64,CESTERFIELD,5365,Kahlua,750mL,32,18.99,2024-12-31
50_MOUNTMEND_757,50,MOUNTMEND,757,Jim Beam Rye,750mL,12,18.99,2024-12-31
71_CLARCTON_3682,71,CLARCTON,3682,Belvedere Vodka,750mL,29,22.99,2024-12-31
69_MOUNTMEND_35759,69,MOUNTMEND,35759,Ken Wright Shea Ore Pnt Nr,750mL,3,54.99,2024-12-31
70_KELD_3791,70,KELD,3791,Jose Cuervo Especial Silver,375mL,10,10.99,2024-12-31
67_EANVERNESS_37923,67,EANVERNESS,37923,Five Rivers Cab Svgn,750mL,81,13.99,2024-12-31
49_GARIGILL_3676,49,GARIGILL,3676,Permafrost Alaskan Vodka,750mL,7,34.99,2024-12-31
63_SWORDBREAK_24419,63,SWORDBREAK,24419,Bonterra Mendocino Org Chard,750mL,7,10.99,2024-12-31
50_MOUNTMEND_6049,50,MOUNTMEND,6049,Fabrizia Crema di Limoncello,750mL,75,16.99,2024-12-31
47_PELLA'S WISH_6649,47,PELLA'S WISH,6649,Wente Morning Fog Chard,750mL,33,11.99,2024-12-31
65_LUTON_6958,65,LUTON,6958,Vendange Svgn Bl,1.5L,7,7.99,2024-12-31
55_DRY GULCH_3755,55,DRY GULCH,3755,Russian Standard Original,750mL,12,16.99,2024-12-31
58_HARTLEPOOL_5316,58,HARTLEPOOL,5316,Amaretto DiSaronno,50mL,91,2.29,2024-12-31
56_BEGGAR'S HOLE_3899,56,BEGGAR'S HOLE,3899,Platinum 7X Distilled Vodka,375mL,30,3.99,2024-12-31
44_PORTHCRAWL_10596,44,PORTHCRAWL,10596,Almaden Mt Rhine Calif B/B,5L,10,14.99,2024-12-31
61_AETHELNEY_5197,61,AETHELNEY,5197,Southern Comfort,375mL,33,7.99,2024-12-31
44_PORTHCRAWL_27361,44,PORTHCRAWL,27361,Borsao Campo de Borja Red,750mL,13,10.99,2024-12-31
50_MOUNTMEND_19637,50,MOUNTMEND,19637,Vincent Girardin Bour Bl 11,750mL,35,19.99,2024-12-31
61_AETHELNEY_2008,61,AETHELNEY,2008,Rebel Yell Small Batch Rye,750mL,5,19.99,2024-12-31
41_LARNWICK_17073,41,LARNWICK,17073,Tomaiolo Pinot Grigio,750mL,16,10.99,2024-12-31
66_EANVERNESS_2996,66,EANVERNESS,2996,Highland Park 1968,750mL,1,3999.99,2024-12-31
42_BLACK HOLLOW_3050,42,BLACK HOLLOW,3050,Bowman Vodka,1.75L,12,8.99,2024-12-31
58_HARTLEPOOL_5382,58,HARTLEPOOL,5382,Ice 101 Peppermint Schnapps,750mL,7,11.99,2024-12-31
55_DRY GULCH_18592,55,DRY GULCH,18592,Dead Bolt Red,750mL,16,8.99,2024-12-31
47_PELLA'S WISH_8455,47,PELLA'S WISH,8455,R Mondavi Fume Bl Napa Vly,750mL,11,14.99,2024-12-31
46__42099,46,,42099,Bota Box Pnt Grigio Cal,3L,0,17.99,2024-12-31
68_SOLARIS_23161,68,SOLARIS,23161,Loft Cab Svgn,3L,3,18.99,2024-12-31
51_ABERDEEN_8323,51,ABERDEEN,8323,Jose Cuervo Gold w/Marg Mix,750mL,18,15.99,2024-12-31
68_SOLARIS_4779,68,SOLARIS,4779,Molletto Grappa di Barbera,750mL,6,26.99,2024-12-31
59_CLAETHORPES_38549,59,CLAETHORPES,38549,Stemmari Nero D'Avola,750mL,11,8.99,2024-12-31
52_GRAYCOTT_8653,52,GRAYCOTT,8653,M & R Extra Dry Vermouth,375mL,19,5.29,2024-12-31
45_VERITAS_4494,45,VERITAS,4494,Jenkins French Brandy,1.75L,9,14.99,2024-12-31
64_CESTERFIELD_2945,64,CESTERFIELD,2945,The Macallan Rare Cask,750mL,1,299.99,2024-12-31
68_SOLARIS_8440,68,SOLARIS,8440,Baileys Espresso Creme,750mL,35,19.99,2024-12-31
70_KELD_44037,70,KELD,44037,Barefoot Pnt Grigio Cal,750mL,16,4.99,2024-12-31
61_AETHELNEY_8905,61,AETHELNEY,8905,Livingston Cellars Red Rose,3L,9,11.99,2024-12-31
56_BEGGAR'S HOLE_2346,56,BEGGAR'S HOLE,2346,Black Velvet Toasted Caramel,1.75L,9,18.99,2024-12-31
61_AETHELNEY_15156,61,AETHELNEY,15156,Yago Sant'Gria Red,3L,7,13.99,2024-12-31
58_HARTLEPOOL_5138,58,HARTLEPOOL,5138,Fireball Cinnamon Whisky,750mL,10,13.99,2024-12-31
55_DRY GULCH_11333,55,DRY GULCH,11333,Herzog Kosher Cab Svgn,750mL,17,13.99,2024-12-31
50_MOUNTMEND_37826,50,MOUNTMEND,37826,Yellow Tail Cab Svgn Ausl,750mL,5,7.99,2024-12-31
55_DRY GULCH_41978,55,DRY GULCH,41978,Ridge Santa Cruz Mt Chard,750mL,1,47.99,2024-12-31
58_HARTLEPOOL_8050,58,HARTLEPOOL,8050,Absolut Mandrin,750mL,1,17.99,2024-12-31
67_EANVERNESS_20343,67,EANVERNESS,20343,Milbrandt Traditions Cab Svg,750mL,9,15.99,2024-12-31
60_IRRAGIN_43225,60,IRRAGIN,43225,Ch Beauchene Chtnf Pape RSV,750mL,20,26.99,2024-12-31
69_MOUNTMEND_18102,69,MOUNTMEND,18102,Ruffino Greppone Mazzi Bru,750mL,4,49.99,2024-12-31
47_PELLA'S WISH_25046,47,PELLA'S WISH,25046,Bully Hill Love My Goat Rd,750mL,9,8.99,2024-12-31
68_SOLARIS_1875,68,SOLARIS,1875,Bushmills Black Bush,750mL,11,26.99,2024-12-31
41_LARNWICK_28258,41,LARNWICK,28258,Nathanson Creek Cab Svgn,1.5L,5,7.99,2024-12-31
49_GARIGILL_1386,49,GARIGILL,1386,George Dickel No 8 Bourbon,750mL,15,20.99,2024-12-31
47_PELLA'S WISH_8562,47,PELLA'S WISH,8562,DeKuyper Peachtree Trav,1.75L,5,14.99,2024-12-31
66_EANVERNESS_3421,66,EANVERNESS,3421,Stolichnaya Blueberi,50mL,38,1.99,2024-12-31
50_MOUNTMEND_25449,50,MOUNTMEND,25449,San Guido Sassacaia,1.5L,3,349.99,2024-12-31
49_GARIGILL_31500,49,GARIGILL,31500,Barefoot Wh Znfdl Cal,750mL,21,4.99,2024-12-31
73_DONCASTER_25709,73,DONCASTER,25709,Hallowed Ground Proprtry Red,750mL,88,15.99,2024-12-31
64_CESTERFIELD_46311,64,CESTERFIELD,46311,Twisted Old Vine Znfdl,750mL,7,6.99,2024-12-31
66_EANVERNESS_23153,66,EANVERNESS,23153,Butternut Pnt Nr Cal,750mL,28,14.99,2024-12-31
56_BEGGAR'S HOLE_8652,56,BEGGAR'S HOLE,8652,Grande Absente Absinthe,750mL,4,56.99,2024-12-31
50_MOUNTMEND_3761,50,MOUNTMEND,3761,Ciroc Apple Vodka,1.75L,30,48.99,2024-12-31
66_EANVERNESS_25531,66,EANVERNESS,25531,BR Cohn Silver Cab Svgn Snm,750mL,2,20.99,2024-12-31
64_CESTERFIELD_26606,64,CESTERFIELD,26606,Loredona Moscato Monterey,750mL,40,5.99,2024-12-31
61_AETHELNEY_27801,61,AETHELNEY,27801,Moet & Chandon Nectar Imper,750mL,6,45.99,2024-12-31
53_HILLFAR_18344,53,HILLFAR,18344,Gnarly Head Authentic White,750mL,4,8.99,2024-12-31
59_CLAETHORPES_17596,59,CLAETHORPES,17596,Pink Flamingo Rose,750mL,8,13.99,2024-12-31
66_EANVERNESS_3998,66,EANVERNESS,3998,Monte Alban Mezcal,750mL,14,19.99,2024-12-31
50_MOUNTMEND_32827,50,MOUNTMEND,32827,Rombauer Merlot Napa,750mL,6,29.99,2024-12-31
44_PORTHCRAWL_3696,44,PORTHCRAWL,3696,Gilbeys Vodka,1.75L,52,10.49,2024-12-31
56_BEGGAR'S HOLE_7374,56,BEGGAR'S HOLE,7374,New Amsterdam Mango Vodka,750mL,27,10.99,2024-12-31
48_NORFOLK_41759,48,NORFOLK,41759,Blue Fish Pfalz Rsl,750mL,20,7.99,2024-12-31
73_DONCASTER_2807,73,DONCASTER,2807,Couvreur Pale Single Malt,750mL,18,89.99,2024-12-31
65_LUTON_6572,65,LUTON,6572,Ch Greysac,750mL,3,16.99,2024-12-31
55_DRY GULCH_27412,55,DRY GULCH,27412,Peter Paul Bennett Vy Svgn B,750mL,17,11.99,2024-12-31
45_VERITAS_3231,45,VERITAS,3231,Pinnacle Tropical Punch Vdka,750mL,16,10.99,2024-12-31
50_MOUNTMEND_6842,50,MOUNTMEND,6842,Delicious White P Vella B/B,5L,14,14.99,2024-12-31
64_CESTERFIELD_19962,64,CESTERFIELD,19962,St Francis Merlot,750mL,8,14.99,2024-12-31
73_DONCASTER_15916,73,DONCASTER,15916,Simply Naked Pnt Grigio,750mL,29,8.99,2024-12-31
59_CLAETHORPES_6575,59,CLAETHORPES,6575,Kendall Jackson RSV Svgn Bl,750mL,317,9.99,2024-12-31
46__7143,46,,7143,Smirnoff Watermelon Vodka,1.75L,0,18.99,2024-12-31
41_LARNWICK_8339,41,LARNWICK,8339,The Glenlivet 12 Yr Single,750mL,68,42.99,2024-12-31
55_DRY GULCH_6649,55,DRY GULCH,6649,Wente Morning Fog Chard,750mL,13,11.99,2024-12-31
42_BLACK HOLLOW_2245,42,BLACK HOLLOW,2245,Duke Kentucky Bourbon,750mL,2,39.99,2024-12-31
64_CESTERFIELD_18027,64,CESTERFIELD,18027,Banfi Rosa Regale,750mL,41,13.95,2024-12-31
50_MOUNTMEND_3660,50,MOUNTMEND,3660,Deep Eddy Ruby Red Vodka,1.75L,19,27.99,2024-12-31
66_EANVERNESS_2655,66,EANVERNESS,2655,James Oliver Rye Whisky,750mL,6,29.99,2024-12-31
69_MOUNTMEND_19215,69,MOUNTMEND,19215,Dom Vacheron Sancerre Blanc,750mL,12,27.99,2024-12-31
44_PORTHCRAWL_1920,44,PORTHCRAWL,1920,Bowman Brothers Small Batch,750mL,0,29.99,2024-12-31
66_EANVERNESS_2917,66,EANVERNESS,2917,Paddy's Irish Whiskey,750mL,21,17.99,2024-12-31
47_PELLA'S WISH_39491,47,PELLA'S WISH,39491,Flag Hill Red Raspberry Fru,750mL,4,13.99,2024-12-31
72_HARDERSFIELD_32906,72,HARDERSFIELD,32906,Sterling Vintners Cab Svgn C,750mL,51,9.99,2024-12-31
68_SOLARIS_6783,68,SOLARIS,6783,Hawk Crest Cab Svgn,750mL,12,12.99,2024-12-31
56_BEGGAR'S HOLE_41159,56,BEGGAR'S HOLE,41159,Phillips Earthquake Ld Znfdl,750mL,37,24.99,2024-12-31
68_SOLARIS_8288,68,SOLARIS,8288,Korbel Brut,750mL,0,11.99,2024-12-31
44_PORTHCRAWL_7340,44,PORTHCRAWL,7340,Viniq Shimmery Liqueur,750mL,14,18.99,2024-12-31
73_DONCASTER_13994,73,DONCASTER,13994,Banfi Chianti Superiore,750mL,32,11.99,2024-12-31
50_MOUNTMEND_33767,50,MOUNTMEND,33767,Sensi Chianti DOCG,750mL,17,11.99,2024-12-31
60_IRRAGIN_1024,60,IRRAGIN,1024,Hennessy VS + VSOP 50mL,750mL,6,32.99,2024-12-31
62_KILMARNOCK_27145,62,KILMARNOCK,27145,Schmitt Sohne QbA,750mL,8,9.99,2024-12-31
44_PORTHCRAWL_3378,44,PORTHCRAWL,3378,High West Rendezvous Rye,750mL,5,55.99,2024-12-31
66_EANVERNESS_2991,66,EANVERNESS,2991,Tullibardine Single Malt,750mL,9,49.99,2024-12-31
41_LARNWICK_24265,41,LARNWICK,24265,Antinori Chianti Clsc Pepoli,750mL,16,22.99,2024-12-31
56_BEGGAR'S HOLE_515,56,BEGGAR'S HOLE,515,Hirsch Selection Bourbon,750mL,5,34.99,2024-12-31
73_DONCASTER_1070,73,DONCASTER,1070,Three Olives Vodka w/3 50mls,750mL + 3/,18,14.99,2024-12-31
50_MOUNTMEND_12021,50,MOUNTMEND,12021,Jargon Pinot Nr CA,750mL,10,9.99,2024-12-31
55_DRY GULCH_22942,55,DRY GULCH,22942,Clos de Marquis 09 St Julien,1.5L,3,233.99,2024-12-31
65_LUTON_3201,65,LUTON,3201,Plymouth Gin,750mL,5,29.99,2024-12-31
66_EANVERNESS_5626,66,EANVERNESS,5626,Baja Luna Black Raspberry,750mL,27,9.99,2024-12-31
43_WOLFORD_6368,43,WOLFORD,6368,Santa Rita 120 Merlot,750mL,8,5.99,2024-12-31
67_EANVERNESS_11219,67,EANVERNESS,11219,Josh Cellars Cab Svgn,750mL,147,12.99,2024-12-31
54_GUTHRAM_6542,54,GUTHRAM,6542,Melini Borghi D'Elsa Chiant,750mL,20,6.99,2024-12-31
69_MOUNTMEND_18593,69,MOUNTMEND,18593,Barefoot Bubbly Red Moscato,750mL,4,9.99,2024-12-31
61_AETHELNEY_34903,61,AETHELNEY,34903,Smoking Loon Cab Svgn,750mL,30,6.79,2024-12-31
54_GUTHRAM_3857,54,GUTHRAM,3857,Grey Goose Vodka,1.75L,27,49.99,2024-12-31
42_BLACK HOLLOW_26456,42,BLACK HOLLOW,26456,Ravenswood Vntnrs Blnd Chard,750mL,13,7.99,2024-12-31
52_GRAYCOTT_32906,52,GRAYCOTT,32906,Sterling Vintners Cab Svgn C,750mL,17,9.99,2024-12-31
69_MOUNTMEND_4062,69,MOUNTMEND,4062,Goslings Dark'N Stormy RTD,250mL 4 Pk,15,8.99,2024-12-31
61_AETHELNEY_16129,61,AETHELNEY,16129,Pol Roger Brut,750mL,39,35.99,2024-12-31
52_GRAYCOTT_7198,52,GRAYCOTT,7198,New Amsterdam Pineapple Vdka,750mL,17,10.99,2024-12-31
54_GUTHRAM_4092,54,GUTHRAM,4092,Bacardi Grapefruit Rum,750mL,9,9.99,2024-12-31
47_PELLA'S WISH_19934,47,PELLA'S WISH,19934,Perrin Cotes du Rhone RSV Rg,750mL,15,8.99,2024-12-31
41_LARNWICK_13487,41,LARNWICK,13487,Brancaia Tre Rosso Toscana,750mL,9,17.99,2024-12-31
42_BLACK HOLLOW_43798,42,BLACK HOLLOW,43798,Trivento Select Mendz Malbec,750mL,5,10.49,2024-12-31
67_EANVERNESS_27596,67,EANVERNESS,27596,MezzaCorona Pnt Grigio,750mL,31,7.99,2024-12-31
72_HARDERSFIELD_3879,72,HARDERSFIELD,3879,Smirnoff 80 Proof Traveler,750mL,35,12.99,2024-12-31
44_PORTHCRAWL_23649,44,PORTHCRAWL,23649,Tom Gore Cabernet Svgn CA,750mL,11,12.99,2024-12-31
56_BEGGAR'S HOLE_3352,56,BEGGAR'S HOLE,3352,Ciroc Coconut Vodka,750mL,22,24.99,2024-12-31
44_PORTHCRAWL_17073,44,PORTHCRAWL,17073,Tomaiolo Pinot Grigio,750mL,10,10.99,2024-12-31
69_MOUNTMEND_18613,69,MOUNTMEND,18613,Juve Y Camp Rose Brut Pnt Nr,750mL,13,13.99,2024-12-31
58_HARTLEPOOL_3706,58,HARTLEPOOL,3706,Pinnacle Citrus Vodka,1.75L,6,15.99,2024-12-31
63_SWORDBREAK_7991,63,SWORDBREAK,7991,Stock Italian X Dry Vermouth,1.5L,17,8.99,2024-12-31
61_AETHELNEY_1093,61,AETHELNEY,1093,Old St Andrew 3 Mini Barrels,50mL 3 Pk,7,24.99,2024-12-31
70_KELD_5330,70,KELD,5330,Kahlua White Russian RTD,1.75L,7,15.99,2024-12-31
43_WOLFORD_14930,43,WOLFORD,14930,Yellow Tail Moscato,1.5L,12,8.95,2024-12-31
40_BULLMAR_43872,40,BULLMAR,43872,Joseph Carr Cab Svgn Napa,750mL,16,24.99,2024-12-31
52_GRAYCOTT_5337,52,GRAYCOTT,5337,Drambuie,750mL,22,26.99,2024-12-31
67_EANVERNESS_40106,67,EANVERNESS,40106,Peter Lehmann Clancy's Baros,750mL,14,12.99,2024-12-31
55_DRY GULCH_1893,55,DRY GULCH,1893,Port Charlotte Scotch Barley,750mL,7,59.99,2024-12-31
50_MOUNTMEND_8627,50,MOUNTMEND,8627,Jadot Beaujolais Villages,750mL,7,7.98,2024-12-31
47_PELLA'S WISH_8413,47,PELLA'S WISH,8413,St Elder Elderflower Liqueur,750mL,12,17.99,2024-12-31
66_EANVERNESS_1091,66,EANVERNESS,1091,Casa Noble 3 Btl Club Pack,375mL 3 Pk,12,54.99,2024-12-31
73_DONCASTER_27051,73,DONCASTER,27051,Killibinbin Sneaky Shiraz,750mL,108,14.99,2024-12-31
70_KELD_652,70,KELD,652,Frangelico Gift Pack 2 Glass,750mL,5,21.99,2024-12-31
52_GRAYCOTT_6987,52,GRAYCOTT,6987,Rosemount Shiraz/Cab Svgn,750mL,6,9.99,2024-12-31
55_DRY GULCH_5126,55,DRY GULCH,5126,Marzadro Le Diciotto Lune,750mL,9,54.99,2024-12-31
42_BLACK HOLLOW_3879,42,BLACK HOLLOW,3879,Smirnoff 80 Proof Traveler,750mL,28,12.99,2024-12-31
65_LUTON_2890,65,LUTON,2890,Four Roses Bourbon,750mL,4,27.99,2024-12-31
73_DONCASTER_2521,73,DONCASTER,2521,Jameson Gold Rsv,750mL,22,94.99,2024-12-31
55_DRY GULCH_15859,55,DRY GULCH,15859,Roland Lavantureux Chablis,750mL,19,27.99,2024-12-31
51_ABERDEEN_11856,51,ABERDEEN,11856,Albola Chianti,750mL,13,11.99,2024-12-31
54_GUTHRAM_41159,54,GUTHRAM,41159,Phillips Earthquake Ld Znfdl,750mL,5,24.99,2024-12-31
71_CLARCTON_5104,71,CLARCTON,5104,Nuvo Lemon Sorbet Liqueur,750mL,2,24.99,2024-12-31
62_KILMARNOCK_2366,62,KILMARNOCK,2366,Templeton Rye Whiskey,750mL,3,34.99,2024-12-31
57_LANTEGLOS_863,57,LANTEGLOS,863,Ten High Bourbon,Liter,2,8.99,2024-12-31
44_PORTHCRAWL_8658,44,PORTHCRAWL,8658,Absente 'Absinthe Refined',750mL,14,33.99,2024-12-31
60_IRRAGIN_3847,60,IRRAGIN,3847,Grey Goose Vodka,50mL,63,3.99,2024-12-31
50_MOUNTMEND_16155,50,MOUNTMEND,16155,Joseph Phelps Insignia 08,750mL,8,159.99,2024-12-31
52_GRAYCOTT_3836,52,GRAYCOTT,3836,Smirnoff Citrus Vodka,750mL,13,12.99,2024-12-31
55_DRY GULCH_6660,55,DRY GULCH,6660,Carlo Rossi Paisano Calif,4L,10,14.99,2024-12-31
44_PORTHCRAWL_10058,44,PORTHCRAWL,10058,F Coppola Dmd Ivry Cab Svgn,750mL,48,14.99,2024-12-31
50_MOUNTMEND_6256,50,MOUNTMEND,6256,Sutter Home Chard,1.5L,90,9.99,2024-12-31
67_EANVERNESS_25018,67,EANVERNESS,25018,L'Enclos de Viaud Lalande Po,750mL,12,29.99,2024-12-31
66_EANVERNESS_1648,66,EANVERNESS,1648,Port Dundas 12 Yr Scotch,750mL,16,49.99,2024-12-31
68_SOLARIS_28474,68,SOLARIS,28474,Burgans Albarino Baixas Rio,750mL,17,12.99,2024-12-31
69_MOUNTMEND_11152,69,MOUNTMEND,11152,Stemmari Pnt Noir,750mL,33,8.99,2024-12-31
64_CESTERFIELD_27264,64,CESTERFIELD,27264,Red IQ,750mL,0,10.99,2024-12-31
43_WOLFORD_3351,43,WOLFORD,3351,Pinnacle Whipped Vodka,1.75L,11,15.99,2024-12-31
55_DRY GULCH_1798,55,DRY GULCH,1798,Talisker Distillers Edition,750mL,12,69.99,2024-12-31
53_HILLFAR_6575,53,HILLFAR,6575,Kendall Jackson RSV Svgn Bl,750mL,32,9.99,2024-12-31
50_MOUNTMEND_27351,50,MOUNTMEND,27351,Almaden Chard Cal B/B,5L,12,15.99,2024-12-31
62_KILMARNOCK_8203,62,KILMARNOCK,8203,Grand Marnier,50mL,101,2.99,2024-12-31
67_EANVERNESS_16655,67,EANVERNESS,16655,Dom Bousquet Cab Svgn Mendza,750mL,19,10.99,2024-12-31
69_MOUNTMEND_2075,69,MOUNTMEND,2075,Jim Beam Distlrs Masterpiece,750mL,1,199.99,2024-12-31
60_IRRAGIN_34647,60,IRRAGIN,34647,Terrazas Alto Malbec Argn,750mL,10,8.49,2024-12-31
46__2838,46,,2838,Calumet Bourbon,750mL,0,43.99,2024-12-31
67_EANVERNESS_7489,67,EANVERNESS,7489,99 Blackberries,50mL,70,0.99,2024-12-31
49_GARIGILL_13968,49,GARIGILL,13968,Spellbound Chard,750mL,23,13.99,2024-12-31
55_DRY GULCH_24327,55,DRY GULCH,24327,La Crema Pnt Nr Sonoma Cst,750mL,86,18.99,2024-12-31
47_PELLA'S WISH_3684,47,PELLA'S WISH,3684,Fleischmanns Royal Vodka,1.75L,11,9.99,2024-12-31
44_PORTHCRAWL_16159,44,PORTHCRAWL,16159,Gnarly Head Authentic Red,750mL,30,9.99,2024-12-31
63_SWORDBREAK_8170,63,SWORDBREAK,8170,Courvoisier VS Cognac,50mL,136,2.99,2024-12-31
47_PELLA'S WISH_3626,47,PELLA'S WISH,3626,Sauza Extra Gold Tequila,750mL,12,12.99,2024-12-31
44_PORTHCRAWL_4264,44,PORTHCRAWL,4264,Capt Morgan Spiced Rum Trav,750mL,62,16.99,2024-12-31
73_DONCASTER_10676,73,DONCASTER,10676,William Hill Est Cab Svgn RV,750mL,17,42.99,2024-12-31
68_SOLARIS_6596,68,SOLARIS,6596,Kenwood Svgn Bl Sonoma,750mL,11,10.99,2024-12-31
50_MOUNTMEND_4020,50,MOUNTMEND,4020,Clement Creole Shrubb Orange,750mL,4,28.99,2024-12-31
43_WOLFORD_3329,43,WOLFORD,3329,Seagrams Extra Smooth Vodka,1.75L,12,15.99,2024-12-31
72_HARDERSFIELD_115,72,HARDERSFIELD,115,Belvedere Vodka,Liter,4,27.99,2024-12-31
66_EANVERNESS_5893,66,EANVERNESS,5893,Ole Smoky Wh Lightin'Moonshn,50mL,0,1.99,2024-12-31
69_MOUNTMEND_24094,69,MOUNTMEND,24094,Gallo Copperidge Cab Svgn,1.5L,2,6.99,2024-12-31
71_CLARCTON_46297,71,CLARCTON,46297,Intorcia Marsala Dry,Liter,14,11.99,2024-12-31
67_EANVERNESS_2951,67,EANVERNESS,2951,Old Bushmills,1.75L,17,37.99,2024-12-31
57_LANTEGLOS_5170,57,LANTEGLOS,5170,Dr McGillicuddy's Apple Pie,750mL,4,13.99,2024-12-31
70_KELD_6682,70,KELD,6682,R M Woodbridge Chard Cal,1.5L,57,8.99,2024-12-31
60_IRRAGIN_25802,60,IRRAGIN,25802,Dynamite Cab Svgn N Cst,750mL,9,11.99,2024-12-31
51_ABERDEEN_35472,51,ABERDEEN,35472,R M Woodbridge Pnt Grigio,1.5L,26,8.99,2024-12-31
61_AETHELNEY_33819,61,AETHELNEY,33819,Sokol Blosser Evolution Whit,750mL,13,15.99,2024-12-31
60_IRRAGIN_13276,60,IRRAGIN,13276,Finca Abril Rapsodia Malbec,750mL,2,17.99,2024-12-31
73_DONCASTER_4268,73,DONCASTER,4268,Capt Morgan Private Stock,750mL,87,22.99,2024-12-31
69_MOUNTMEND_16560,69,MOUNTMEND,16560,Badenhorst Secateurs Chen Bl,750mL,5,14.99,2024-12-31
50_MOUNTMEND_27871,50,MOUNTMEND,27871,Flor Rose Brut,750mL,9,16.99,2024-12-31
67_EANVERNESS_2796,67,EANVERNESS,2796,Teeling Single Malt Whiskey,750mL,3,59.99,2024-12-31
60_IRRAGIN_24938,60,IRRAGIN,24938,Walpole Barnett Hill Dry Wht,750mL,7,15.99,2024-12-31
56_BEGGAR'S HOLE_8096,56,BEGGAR'S HOLE,8096,Beefeater Gin,50mL,26,1.99,2024-12-31
47_PELLA'S WISH_1848,47,PELLA'S WISH,1848,Oban Little Bay Single Malt,750mL,0,59.99,2024-12-31
60_IRRAGIN_24024,60,IRRAGIN,24024,Fulchino Vyds Barbera Red,750mL,11,19.99,2024-12-31
50_MOUNTMEND_17866,50,MOUNTMEND,17866,James Mitchell Cab Svgn,750mL,17,12.99,2024-12-31
69_MOUNTMEND_37656,69,MOUNTMEND,37656,MacMurray Ranch Sonma Pnt Nr,750mL,21,19.99,2024-12-31
49_GARIGILL_44145,49,GARIGILL,44145,Red Rock Merlot Cal,750mL,9,9.99,2024-12-31
50_MOUNTMEND_8576,50,MOUNTMEND,8576,E & J Brandy VS,375mL,78,4.99,2024-12-31
56_BEGGAR'S HOLE_16247,56,BEGGAR'S HOLE,16247,Domino Merlot,1.5L,0,7.99,2024-12-31
54_GUTHRAM_515,54,GUTHRAM,515,Hirsch Selection Bourbon,750mL,5,34.99,2024-12-31
54_GUTHRAM_20862,54,GUTHRAM,20862,William Hill Est Cab Svgn NC,750mL,12,12.95,2024-12-31
59_CLAETHORPES_41965,59,CLAETHORPES,41965,F Coppola Sofia Rose,750mL,11,14.99,2024-12-31
42_BLACK HOLLOW_35294,42,BLACK HOLLOW,35294,Mionetto Prosecco Brut,187mL,20,4.99,2024-12-31
64_CESTERFIELD_19192,64,CESTERFIELD,19192,Tangent Svgn Bl,750mL,11,14.99,2024-12-31
72_HARDERSFIELD_23148,72,HARDERSFIELD,23148,Jekel Rsl Monterey,750mL,7,11.99,2024-12-31
61_AETHELNEY_2753,61,AETHELNEY,2753,Johnnie Walker Black Label,1.75L,52,59.99,2024-12-31
58_HARTLEPOOL_2862,58,HARTLEPOOL,2862,Pinch 15-Yr by Haig & Haig,750mL,2,36.99,2024-12-31
66_EANVERNESS_37419,66,EANVERNESS,37419,Provenance Cab Svgn Rutherfd,750mL,7,49.99,2024-12-31
41_LARNWICK_13978,41,LARNWICK,13978,Jos Phelps Chard,750mL,7,34.99,2024-12-31
53_HILLFAR_966,53,HILLFAR,966,Patron Citronge Orange Liqu,750mL,6,20.99,2024-12-31
57_LANTEGLOS_3216,57,LANTEGLOS,3216,Fleischmanns X Dry Gin,1.75L,17,9.99,2024-12-31
62_KILMARNOCK_6524,62,KILMARNOCK,6524,Rosemount Diamond Shiraz,750mL,17,6.99,2024-12-31
73_DONCASTER_8409,73,DONCASTER,8409,Christian Bros Cream Sherry,1.5L,17,8.29,2024-12-31
46__14393,46,,14393,Ch Montaud Cotes de Prov Rse,750mL,0,11.99,2024-12-31
70_KELD_4257,70,KELD,4257,Bacardi Grapefruit Rum,50mL,2,0.99,2024-12-31
67_EANVERNESS_23024,67,EANVERNESS,23024,Louis de Sacy Brut Gr Cru,750mL,2,52.99,2024-12-31
46__5170,46,,5170,Dr McGillicuddy's Apple Pie,750mL,0,13.99,2024-12-31
56_BEGGAR'S HOLE_6198,56,BEGGAR'S HOLE,6198,Lazzaroni Sambuca,750mL,2,19.99,2024-12-31
55_DRY GULCH_11310,55,DRY GULCH,11310,Beaulieu Tapestry Rsv Napa,750mL,14,66.99,2024-12-31
50_MOUNTMEND_17945,50,MOUNTMEND,17945,Ch St Jean Soiree Red,750mL,15,12.99,2024-12-31
48_NORFOLK_3821,48,NORFOLK,3821,Smirnoff Vanilla Vodka,750mL,7,12.99,2024-12-31
73_DONCASTER_29810,73,DONCASTER,29810,Fess Parker Chard,750mL,20,16.99,2024-12-31
60_IRRAGIN_36473,60,IRRAGIN,36473,The Crossings Svgn Bl Marlbo,750mL,15,14.99,2024-12-31
45_VERITAS_5773,45,VERITAS,5773,Kahlua Midnight,750mL,12,19.99,2024-12-31
50_MOUNTMEND_3133,50,MOUNTMEND,3133,Svedka Strwbry Lemonad Vodka,750mL,19,10.99,2024-12-31
55_DRY GULCH_11240,55,DRY GULCH,11240,Willamette Rsl Valley Oregon,750mL,15,13.99,2024-12-31
42_BLACK HOLLOW_1330,42,BLACK HOLLOW,1330,Grey Goose Glass Pack,1.75L,0,49.99,2024-12-31
50_MOUNTMEND_39523,50,MOUNTMEND,39523,Cloudy Bay Svgn Bl Marlboro,750mL,12,24.99,2024-12-31
66_EANVERNESS_40332,66,EANVERNESS,40332,Terrazas RSV Malbec Mendoza,750mL,8,12.99,2024-12-31
61_AETHELNEY_37678,61,AETHELNEY,37678,Castle Rock Pnt Nr,750mL,11,10.99,2024-12-31
42_BLACK HOLLOW_21019,42,BLACK HOLLOW,21019,Black Box Pnt Nr,3L,8,18.99,2024-12-31
47_PELLA'S WISH_15827,47,PELLA'S WISH,15827,Frisk Prickly Rsl,750mL,11,9.99,2024-12-31
53_HILLFAR_4228,53,HILLFAR,4228,Bacardi 8,750mL,5,19.99,2024-12-31
65_LUTON_4298,65,LUTON,4298,Bacardi Raspberry Rum,50mL,27,0.99,2024-12-31
64_CESTERFIELD_35318,64,CESTERFIELD,35318,Jewell Towne Marechal Foch,750mL,7,11.49,2024-12-31
67_EANVERNESS_13422,67,EANVERNESS,13422,Gnarly Head Pnt Nr,750mL,7,9.99,2024-12-31
41_LARNWICK_1094,41,LARNWICK,1094,Four Roses Single Barrel Brb,750mL,10,41.99,2024-12-31
59_CLAETHORPES_1862,59,CLAETHORPES,1862,John Power Irish Whiskey,750mL,12,26.99,2024-12-31
43_WOLFORD_3727,43,WOLFORD,3727,Absolut Citron,50mL,7,1.99,2024-12-31
69_MOUNTMEND_14425,69,MOUNTMEND,14425,Ch Musar Rouge,750mL,17,42.99,2024-12-31
58_HARTLEPOOL_19940,58,HARTLEPOOL,19940,Bogle Petite Sirah,750mL,9,10.99,2024-12-31
69_MOUNTMEND_20177,69,MOUNTMEND,20177,Robert Sinskey Abraxas,750mL,8,38.99,2024-12-31
53_HILLFAR_31866,53,HILLFAR,31866,F Coppola Diamond Merlot,750mL,18,15.99,2024-12-31
60_IRRAGIN_812,60,IRRAGIN,812,Jagermeister Liqueur,Liter,12,20.99,2024-12-31
56_BEGGAR'S HOLE_29352,56,BEGGAR'S HOLE,29352,Elk Cove Pnt Gris Ore,750mL,11,18.99,2024-12-31
54_GUTHRAM_46381,54,GUTHRAM,46381,Ghost Pines Merlot L Martini,750mL,10,16.99,2024-12-31
50_MOUNTMEND_25160,50,MOUNTMEND,25160,Cinq les Pattes Bordeaux Bla,750mL,11,11.99,2024-12-31
66_EANVERNESS_27164,66,EANVERNESS,27164,Guillaume Vrignaud Chabls AC,750mL,18,26.99,2024-12-31
56_BEGGAR'S HOLE_36138,56,BEGGAR'S HOLE,36138,Renzo Masi Chianti Rufina,750mL,12,10.99,2024-12-31
71_CLARCTON_4582,71,CLARCTON,4582,Diplomatico Venezln Rsva Rum,750mL,14,34.99,2024-12-31
69_MOUNTMEND_14389,69,MOUNTMEND,14389,Cedar Knoll Vyd Cab Svgn Npa,750mL,3,39.99,2024-12-31
73_DONCASTER_2013,73,DONCASTER,2013,E H Taylor Straight Rye,750mL,13,69.99,2024-12-31
60_IRRAGIN_20096,60,IRRAGIN,20096,Milestone Red,750mL,15,8.99,2024-12-31
67_EANVERNESS_4625,67,EANVERNESS,4625,Courvoisier XO Cognac,750mL,8,139.99,2024-12-31
64_CESTERFIELD_4480,64,CESTERFIELD,4480,Appleton Special Gold Rum,750mL,7,12.99,2024-12-31
71_CLARCTON_3577,71,CLARCTON,3577,Effen Black Cherry & Vanilla,750mL,4,19.99,2024-12-31
70_KELD_8621,70,KELD,8621,Sho Chiku Bai Takara Sake,750mL,11,6.29,2024-12-31
59_CLAETHORPES_1744,59,CLAETHORPES,1744,Old Forester 100 Bourbon,750mL,11,21.99,2024-12-31
67_EANVERNESS_20383,67,EANVERNESS,20383,Fabrizio Dionisio Cast Syrah,750mL,9,13.99,2024-12-31
69_MOUNTMEND_38103,69,MOUNTMEND,38103,Canyon Oaks Cab Svgn Cal,1.5L,6,11.99,2024-12-31
69_MOUNTMEND_8910,69,MOUNTMEND,8910,Finlandia Vodka,50mL,140,0.99,2024-12-31
42_BLACK HOLLOW_13492,42,BLACK HOLLOW,13492,Barefoot Cellars Pnt Nr,1.5L,10,10.99,2024-12-31
73_DONCASTER_31458,73,DONCASTER,31458,Foxhorn Wh Znfdl Cal,1.5L,13,7.99,2024-12-31
49_GARIGILL_2287,49,GARIGILL,2287,Johnnie Walker Double Black,750mL,22,39.99,2024-12-31
67_EANVERNESS_22867,67,EANVERNESS,22867,Vino Dious Cab Svgn 11,750mL,1,13.99,2024-12-31
55_DRY GULCH_3794,55,DRY GULCH,3794,Cabo Wabo Reposado Tequila,750mL,12,36.99,2024-12-31
43_WOLFORD_16806,43,WOLFORD,16806,Apothic Winemakers White,750mL,3,7.99,2024-12-31
64_CESTERFIELD_27473,64,CESTERFIELD,27473,BiancaVigna Spumante Rosa,750mL,12,14.99,2024-12-31
56_BEGGAR'S HOLE_7977,56,BEGGAR'S HOLE,7977,M & R X Dry Vermouth,1.5L,7,10.49,2024-12-31
62_KILMARNOCK_2665,62,KILMARNOCK,2665,Dewars White Label,750mL,13,19.99,2024-12-31
61_AETHELNEY_4762,61,AETHELNEY,4762,Hartley Brandy VS,750mL,17,6.99,2024-12-31
58_HARTLEPOOL_1880,58,HARTLEPOOL,1880,The Glenlivet Nadurra,750mL,7,67.99,2024-12-31
64_CESTERFIELD_1868,64,CESTERFIELD,1868,Lagavulin Single Malt 16-Yr,750mL,1,69.99,2024-12-31
43_WOLFORD_5767,43,WOLFORD,5767,Jose Cuervo Strawberry Marg,1.75L,12,16.99,2024-12-31
67_EANVERNESS_15748,67,EANVERNESS,15748,Rioja Vega Tempranillo Garna,750mL,0,8.99,2024-12-31
54_GUTHRAM_25555,54,GUTHRAM,25555,Brotte Optimum Chat du Pape,750mL,8,39.99,2024-12-31
41_LARNWICK_21321,41,LARNWICK,21321,Rex Goliath Red Sangria,750mL,12,5.99,2024-12-31
47_PELLA'S WISH_233,47,PELLA'S WISH,233,Tullamore Dew 12 Yr Old,750mL,12,42.99,2024-12-31
73_DONCASTER_21959,73,DONCASTER,21959,Le Grande Courtage Brut,187mL,21,6.99,2024-12-31
59_CLAETHORPES_5253,59,CLAETHORPES,5253,Kahlua Original Mudslide RTD,1.75L,7,15.99,2024-12-31
49_GARIGILL_4625,49,GARIGILL,4625,Courvoisier XO Cognac,750mL,3,139.99,2024-12-31
50_MOUNTMEND_41714,50,MOUNTMEND,41714,Fish Eye Pnt Grigio,750mL,22,5.99,2024-12-31
49_GARIGILL_5334,49,GARIGILL,5334,Kahlua Especial,750mL,15,22.99,2024-12-31
73_DONCASTER_33052,73,DONCASTER,33052,Gosset Grande RSV Brut,750mL,5,54.99,2024-12-31
68_SOLARIS_3788,68,SOLARIS,3788,Patron Silver Tequila,375mL,10,25.99,2024-12-31
67_EANVERNESS_8296,67,EANVERNESS,8296,Knob Creek Smoked Maple,750mL,43,29.99,2024-12-31
53_HILLFAR_1961,53,HILLFAR,1961,Everclear 151 Vodka,1.75L,7,32.99,2024-12-31
50_MOUNTMEND_20450,50,MOUNTMEND,20450,Liberty Creek Cab Svgn Tetra,500mL,15,3.49,2024-12-31
53_HILLFAR_4979,53,HILLFAR,4979,Patron Silver Tequila,Liter,16,69.99,2024-12-31
53_HILLFAR_7345,53,HILLFAR,7345,M & R Asti,750mL,11,10.99,2024-12-31
65_LUTON_5417,65,LUTON,5417,Bols Triple Sec,Liter,8,7.99,2024-12-31
44_PORTHCRAWL_3658,44,PORTHCRAWL,3658,Patron Anejo Tequila,750mL,25,58.99,2024-12-31
51_ABERDEEN_30039,51,ABERDEEN,30039,Chateau D'Armailhac 2014,750mL,0,44.49,2024-12-31
66_EANVERNESS_25652,66,EANVERNESS,25652,Red Autumn Red,750mL,13,13.99,2024-12-31
61_AETHELNEY_13052,61,AETHELNEY,13052,Ch Ste Michelle Gewurz Colum,750mL,16,8.49,2024-12-31
59_CLAETHORPES_46297,59,CLAETHORPES,46297,Intorcia Marsala Dry,Liter,9,11.99,2024-12-31
71_CLARCTON_22027,71,CLARCTON,22027,Jacobs Crk Cab Svgn,750mL,10,5.99,2024-12-31
70_KELD_23895,70,KELD,23895,Lindemans Bin 50 Shiraz,750mL,20,7.99,2024-12-31
55_DRY GULCH_14818,55,DRY GULCH,14818,Simi Pnt Nr Sonoma Cnty,750mL,60,11.99,2024-12-31
60_IRRAGIN_8458,60,IRRAGIN,8458,Agave Underground Tequila,750mL,6,34.99,2024-12-31
68_SOLARIS_17984,68,SOLARIS,17984,Volpaia Citto Toscana,750mL,13,14.99,2024-12-31
68_SOLARIS_8680,68,SOLARIS,8680,Crown Royal,1.75L,75,36.99,2024-12-31
46__6285,46,,6285,Gallo Twin Valley Wh Znfdl C,1.5L,0,9.99,2024-12-31
61_AETHELNEY_3773,61,AETHELNEY,3773,General John Stark Vodka,750mL,15,32.99,2024-12-31
62_KILMARNOCK_28069,62,KILMARNOCK,28069,Sutter Home Merlot Cal,1.5L,15,9.99,2024-12-31
42_BLACK HOLLOW_42881,42,BLACK HOLLOW,42881,La Bastarda Pnt Gr Sicily,750mL,54,8.99,2024-12-31
63_SWORDBREAK_4111,63,SWORDBREAK,4111,Bird Dog Strawberry Whiskey,50mL,62,0.99,2024-12-31
71_CLARCTON_5399,71,CLARCTON,5399,Goldschlager Cinnamon Schna,50mL,36,1.99,2024-12-31
55_DRY GULCH_12086,55,DRY GULCH,12086,Candia Vyds Classic Cab Svgn,750mL,22,13.99,2024-12-31
62_KILMARNOCK_3102,62,KILMARNOCK,3102,Smirnoff Traveler,1.75L,79,16.99,2024-12-31
49_GARIGILL_2979,49,GARIGILL,2979,Bowmore 12-Yr Scotch,750mL,6,44.99,2024-12-31
67_EANVERNESS_43919,67,EANVERNESS,43919,Farnum Hill X-Dry StillCider,750mL,0,11.99,2024-12-31
52_GRAYCOTT_4249,52,GRAYCOTT,4249,Capt Morgan White Coconut,750mL,15,14.99,2024-12-31
67_EANVERNESS_2591,67,EANVERNESS,2591,Cardhu Scotch,750mL,24,39.99,2024-12-31
54_GUTHRAM_35918,54,GUTHRAM,35918,Stone Cellars Pnt Grigio,1.5L,21,14.99,2024-12-31
58_HARTLEPOOL_4370,58,HARTLEPOOL,4370,Ron Virgin White,1.75L,6,10.99,2024-12-31
66_EANVERNESS_7423,66,EANVERNESS,7423,Manischewitz Concord Kosher,1.5L,14,7.99,2024-12-31
52_GRAYCOTT_1323,52,GRAYCOTT,1323,Early Times,1.75L,12,17.99,2024-12-31
63_SWORDBREAK_2800,63,SWORDBREAK,2800,Laphroaig 15 Yr Single Malt,750mL,4,81.99,2024-12-31
41_LARNWICK_13397,41,LARNWICK,13397,Dom Seguinot-Bordet Chablis,750mL,18,21.99,2024-12-31
64_CESTERFIELD_1397,64,CESTERFIELD,1397,Jim Beam Kentucky Fire,750mL,44,14.99,2024-12-31
69_MOUNTMEND_25109,69,MOUNTMEND,25109,Tomaiolo Toscana,750mL,11,10.99,2024-12-31
62_KILMARNOCK_2906,62,KILMARNOCK,2906,Usquaebach Old Rare Whisky,750mL,3,99.99,2024-12-31
68_SOLARIS_8693,68,SOLARIS,8693,Ezra Brooks,750mL,7,9.99,2024-12-31
63_SWORDBREAK_1278,63,SWORDBREAK,1278,Jim Beam Black,1.75L,10,35.99,2024-12-31
68_SOLARIS_3918,68,SOLARIS,3918,Cabo Wabo Anejo Tequila,750mL,4,42.99,2024-12-31
49_GARIGILL_27017,49,GARIGILL,27017,Bouchard Aine & Fils Pnt Nr,750mL,10,10.99,2024-12-31
47_PELLA'S WISH_513,47,PELLA'S WISH,513,Ocean Vodka,750mL,5,29.99,2024-12-31
69_MOUNTMEND_4211,69,MOUNTMEND,4211,Cruzan Passion Fruit Rum,750mL,15,9.99,2024-12-31
57_LANTEGLOS_8267,57,LANTEGLOS,8267,Gazdina Rakija Pear Brandy,750mL,3,21.99,2024-12-31
55_DRY GULCH_37926,55,DRY GULCH,37926,Five Rivers Pnt Nr,750mL,15,13.99,2024-12-31
44_PORTHCRAWL_5410,44,PORTHCRAWL,5410,Raspberry di Amore,750mL,21,7.99,2024-12-31
61_AETHELNEY_8512,61,AETHELNEY,8512,Baileys Irish Cream,750mL,59,19.99,2024-12-31
69_MOUNTMEND_8700,69,MOUNTMEND,8700,Beringer Knights Vly Cab Svg,750mL,126,24.95,2024-12-31
50_MOUNTMEND_24051,50,MOUNTMEND,24051,Genbei San Demonslayer Sake,180mL,34,5.99,2024-12-31
44_PORTHCRAWL_8677,44,PORTHCRAWL,8677,Wild Turkey Rare Breed,750mL,8,35.99,2024-12-31
67_EANVERNESS_24335,67,EANVERNESS,24335,Gran Passione Gavi,750mL,16,13.99,2024-12-31
66_EANVERNESS_1891,66,EANVERNESS,1891,Oban 18 Yr Single Malt,750mL,5,109.99,2024-12-31
60_IRRAGIN_2801,60,IRRAGIN,2801,Tullamore Dew 10 Yr Old,750mL,0,39.99,2024-12-31
49_GARIGILL_43809,49,GARIGILL,43809,R M Woodbridge Pnt Nr,1.5L,58,8.99,2024-12-31
50_MOUNTMEND_14663,50,MOUNTMEND,14663,Spellbound Merlot,750mL,227,13.99,2024-12-31
70_KELD_6976,70,KELD,6976,Ruffino Chianti Clsc RSV Tan,750mL,16,18.99,2024-12-31
53_HILLFAR_16877,53,HILLFAR,16877,Ninety+Cellars Lot 53 Cab Sv,750mL,25,10.99,2024-12-31
69_MOUNTMEND_32749,69,MOUNTMEND,32749,Brancott Svgn Bl Marlboro,750mL,23,9.99,2024-12-31
71_CLARCTON_8231,71,CLARCTON,8231,Folonari Valpolicella,1.5L,12,14.99,2024-12-31
57_LANTEGLOS_5897,57,LANTEGLOS,5897,99 Bananas,750mL,6,11.99,2024-12-31
55_DRY GULCH_3233,55,DRY GULCH,3233,Belvedere Wild Berry,750mL,13,22.99,2024-12-31
62_KILMARNOCK_8264,62,KILMARNOCK,8264,Ch Ste Michelle Rsl,750mL,18,8.99,2024-12-31
69_MOUNTMEND_24699,69,MOUNTMEND,24699,Alfred Gratien Champagne Bru,750mL,15,45.99,2024-12-31
53_HILLFAR_8018,53,HILLFAR,8018,La Vieille Ferme Red Ventoux,750mL,15,6.99,2024-12-31
55_DRY GULCH_5134,55,DRY GULCH,5134,Dr McGillicuddy's Cherry,750mL,68,13.99,2024-12-31
48_NORFOLK_6721,48,NORFOLK,6721,Piccini Chianti,1.5L,5,16.99,2024-12-31
66_EANVERNESS_6624,66,EANVERNESS,6624,Poli Sarpa Grappa,750mL,4,39.99,2024-12-31
55_DRY GULCH_1692,55,DRY GULCH,1692,Everclear 151,750mL,13,17.99,2024-12-31
44_PORTHCRAWL_7489,44,PORTHCRAWL,7489,99 Blackberries,50mL,121,0.99,2024-12-31
66_EANVERNESS_5015,66,EANVERNESS,5015,Arrow Creme de Banana,750mL,31,7.99,2024-12-31
69_MOUNTMEND_39400,69,MOUNTMEND,39400,Claret Ramey Napa Valley,750mL,3,39.99,2024-12-31
55_DRY GULCH_802,55,DRY GULCH,802,Bacardi Torched Cherry Rum,750mL,24,9.99,2024-12-31
70_KELD_3890,70,KELD,3890,Absolut Peppar,750mL,12,17.99,2024-12-31
66_EANVERNESS_46934,66,EANVERNESS,46934,Silver Palm Nth Cst Cab Svgn,750mL,50,14.95,2024-12-31
44_PORTHCRAWL_2890,44,PORTHCRAWL,2890,Four Roses Bourbon,750mL,10,27.99,2024-12-31
55_DRY GULCH_26815,55,DRY GULCH,26815,Louis Latour 14 Chass-Mont B,750mL,11,64.99,2024-12-31
73_DONCASTER_5087,73,DONCASTER,5087,Dr McGillicuddy's Peach,750mL,79,13.99,2024-12-31
64_CESTERFIELD_17041,64,CESTERFIELD,17041,Sutter Home Pink Moscato,1.5L,4,9.99,2024-12-31
64_CESTERFIELD_35668,64,CESTERFIELD,35668,Redwood Creek Merlot Cal,1.5L,11,9.99,2024-12-31
50_MOUNTMEND_23197,50,MOUNTMEND,23197,Yellow Tail Sangria Blanco,1.5L,15,9.99,2024-12-31
47_PELLA'S WISH_24971,47,PELLA'S WISH,24971,Hugel Gentil White,750mL,5,11.99,2024-12-31
48_NORFOLK_3278,48,NORFOLK,3278,Gordons London Dry,750mL,11,7.99,2024-12-31
42_BLACK HOLLOW_46381,42,BLACK HOLLOW,46381,Ghost Pines Merlot L Martini,750mL,8,16.99,2024-12-31
60_IRRAGIN_41251,60,IRRAGIN,41251,Beringer Classic Pnt Grigio,750mL,47,6.99,2024-12-31
68_SOLARIS_3574,68,SOLARIS,3574,Stolichnaya Gluten Free Vodk,50mL,37,0.99,2024-12-31
67_EANVERNESS_8632,67,EANVERNESS,8632,Arak-Gantous & Abouraad,750mL,20,18.99,2024-12-31
61_AETHELNEY_1789,61,AETHELNEY,1789,Jack Daniels Tennessee Fire,750mL,78,25.99,2024-12-31
73_DONCASTER_42167,73,DONCASTER,42167,Tempranillo Venta Mazzaron,750mL,17,14.99,2024-12-31
67_EANVERNESS_6725,67,EANVERNESS,6725,Franzia Crisp White Tap,5L,9,12.99,2024-12-31
64_CESTERFIELD_2368,64,CESTERFIELD,2368,Balvenie 17 Yr Doublewood,750mL,5,139.99,2024-12-31
68_SOLARIS_41605,68,SOLARIS,41605,Charles Heidsieck Brut RSV,750mL,4,62.99,2024-12-31
64_CESTERFIELD_38897,64,CESTERFIELD,38897,L Martini RSV Cab Svgn Alex,750mL,4,24.99,2024-12-31
56_BEGGAR'S HOLE_8562,56,BEGGAR'S HOLE,8562,DeKuyper Peachtree Trav,1.75L,5,14.99,2024-12-31
65_LUTON_8144,65,LUTON,8144,Corralejo Reposado Tequila,750mL,2,29.99,2024-12-31
44_PORTHCRAWL_1281,44,PORTHCRAWL,1281,Benchmark Old #8 Bourbon,1.75L,20,17.99,2024-12-31
61_AETHELNEY_37311,61,AETHELNEY,37311,Salmon Run NY Chard,750mL,11,11.99,2024-12-31
69_MOUNTMEND_24992,69,MOUNTMEND,24992,Buglioni L'Amarone,750mL,7,54.99,2024-12-31
69_MOUNTMEND_45845,69,MOUNTMEND,45845,Joseph Carr Chard Napa,750mL,3,17.99,2024-12-31
53_HILLFAR_2460,53,HILLFAR,2460,Old St Andrews Jumbo Golfbll,Liter,1,39.99,2024-12-31
44_PORTHCRAWL_32675,44,PORTHCRAWL,32675,Blackstone Cab Svgn Cal,750mL,42,7.99,2024-12-31
60_IRRAGIN_42117,60,IRRAGIN,42117,Jewell Towne Chardonnay,750mL,11,14.49,2024-12-31
50_MOUNTMEND_4482,50,MOUNTMEND,4482,Don Pancho Origenes Rsva Rum,750mL,24,34.99,2024-12-31
60_IRRAGIN_6015,60,IRRAGIN,6015,Jackson Morgan Salted Carmel,750mL,6,24.99,2024-12-31
53_HILLFAR_1692,53,HILLFAR,1692,Everclear 151,750mL,16,17.99,2024-12-31
50_MOUNTMEND_39977,50,MOUNTMEND,39977,Little Penguin Cab Svgn Ausl,1.5L,88,9.99,2024-12-31
69_MOUNTMEND_8036,69,MOUNTMEND,8036,Livingston Chablis Cal,3L,6,11.99,2024-12-31
73_DONCASTER_24518,73,DONCASTER,24518,Ray's Station Cab Svgn,750mL,7,17.99,2024-12-31
64_CESTERFIELD_16458,64,CESTERFIELD,16458,Gerard Bertrand Corbieres Ro,750mL,11,12.99,2024-12-31
58_HARTLEPOOL_4145,58,HARTLEPOOL,4145,Don Q Cristal Rum,1.75L,9,16.99,2024-12-31
69_MOUNTMEND_26716,69,MOUNTMEND,26716,Arpa Brunello di Montalcino,750mL,49,31.99,2024-12-31
66_EANVERNESS_6581,66,EANVERNESS,6581,Ch Ste Michelle Merlot Colum,750mL,129,12.99,2024-12-31
69_MOUNTMEND_8021,69,MOUNTMEND,8021,Glenfiddich Special Rsv 12,750mL,49,42.99,2024-12-31
69_MOUNTMEND_1734,69,MOUNTMEND,1734,Duggans Dew O Kirkintilloch,1.75L,17,22.99,2024-12-31
48_NORFOLK_6368,48,NORFOLK,6368,Santa Rita 120 Merlot,750mL,9,5.99,2024-12-31
47_PELLA'S WISH_22757,47,PELLA'S WISH,22757,Black Opal Cshmre Cab/Merlot,750mL,0,7.99,2024-12-31
54_GUTHRAM_4124,54,GUTHRAM,4124,Blue Chair Bay Banana Cream,50mL,61,0.99,2024-12-31
70_KELD_6575,70,KELD,6575,Kendall Jackson RSV Svgn Bl,750mL,19,9.99,2024-12-31
44_PORTHCRAWL_6581,44,PORTHCRAWL,6581,Ch Ste Michelle Merlot Colum,750mL,34,12.99,2024-12-31
56_BEGGAR'S HOLE_5468,56,BEGGAR'S HOLE,5468,Hine Rare VSOP,750mL,3,59.99,2024-12-31
67_EANVERNESS_4386,67,EANVERNESS,4386,Casa Noble Reposado,750mL,25,44.99,2024-12-31
49_GARIGILL_9160,49,GARIGILL,9160,Deep Eddy Peach Vodka,50mL,85,0.99,2024-12-31
60_IRRAGIN_3612,60,IRRAGIN,3612,Taaka Vodka,1.75L,21,8.99,2024-12-31
50_MOUNTMEND_12747,50,MOUNTMEND,12747,Barefoot Cellars Pnt Nr,750mL,18,4.99,2024-12-31
45_VERITAS_4229,45,VERITAS,4229,Bacardi Black,1.75L,17,19.99,2024-12-31
64_CESTERFIELD_3684,64,CESTERFIELD,3684,Fleischmanns Royal Vodka,1.75L,19,9.99,2024-12-31
54_GUTHRAM_2722,54,GUTHRAM,2722,J & B Rare,750mL,7,21.99,2024-12-31
69_MOUNTMEND_18800,69,MOUNTMEND,18800,Haunting Whisper DeChaunac,750mL,12,11.99,2024-12-31
71_CLARCTON_4150,71,CLARCTON,4150,Shellback Spiced Rum,750mL,3,17.99,2024-12-31
71_CLARCTON_20863,71,CLARCTON,20863,W Hill Est Chard N Coast,750mL,24,10.95,2024-12-31
44_PORTHCRAWL_23991,44,PORTHCRAWL,23991,Martin Ray 15 Rose of Pnt Nr,750mL,10,14.99,2024-12-31
69_MOUNTMEND_12109,69,MOUNTMEND,12109,La Crema Pnt Nr Monterey,750mL,17,18.99,2024-12-31
49_GARIGILL_21281,49,GARIGILL,21281,Rodney Strong Rsv Alex Vy CS,750mL,12,44.99,2024-12-31
44_PORTHCRAWL_46422,44,PORTHCRAWL,46422,Hob Nob Chard,750mL,9,9.99,2024-12-31
55_DRY GULCH_27813,55,DRY GULCH,27813,Warre's Warrior Port,750mL,26,13.99,2024-12-31
64_CESTERFIELD_3607,64,CESTERFIELD,3607,Smirnoff Citrus Vodka,50mL,99,0.99,2024-12-31
69_MOUNTMEND_20251,69,MOUNTMEND,20251,Round Pond Est Svgn Bl Napa,750mL,14,21.99,2024-12-31
57_LANTEGLOS_7994,57,LANTEGLOS,7994,Stock Italian Sweet Vermouth,1.5L,14,9.99,2024-12-31
51_ABERDEEN_2034,51,ABERDEEN,2034,Glendalough Double Barrel,750mL,8,27.99,2024-12-31
44_PORTHCRAWL_13979,44,PORTHCRAWL,13979,Jos Phelps Pnt Nr,750mL,6,34.99,2024-12-31
58_HARTLEPOOL_8342,58,HARTLEPOOL,8342,Korbel X Dry,750mL,37,11.99,2024-12-31
44_PORTHCRAWL_7969,44,PORTHCRAWL,7969,Sandeman Founders RSV Port,750mL,12,13.99,2024-12-31
54_GUTHRAM_18568,54,GUTHRAM,18568,A by Acacia Unoaked Chard Ca,750mL,29,9.99,2024-12-31
44_PORTHCRAWL_14623,44,PORTHCRAWL,14623,The Naked Grape Pnt Grigio,750mL,13,5.99,2024-12-31
66_EANVERNESS_40098,66,EANVERNESS,40098,Black Box Merlot Cal,3L,23,18.99,2024-12-31
67_EANVERNESS_5633,67,EANVERNESS,5633,Flag Hill Cranberry Liqueur,375mL,11,14.99,2024-12-31
44_PORTHCRAWL_19545,44,PORTHCRAWL,19545,Darkhorse Red,750mL,19,7.99,2024-12-31
70_KELD_42212,70,KELD,42212,Rex Goliath Pnt Grigio,750mL,20,5.99,2024-12-31
51_ABERDEEN_2532,51,ABERDEEN,2532,The Macallan 12 Yr Old,1.75L,5,146.99,2024-12-31
73_DONCASTER_43013,73,DONCASTER,43013,Anastasi Estates Messinia Rd,750mL,0,11.99,2024-12-31
71_CLARCTON_3244,71,CLARCTON,3244,Burnetts Vodka,750mL,18,6.99,2024-12-31
71_CLARCTON_37235,71,CLARCTON,37235,Mionetto Il Prosecco Spklg,750mL,21,11.99,2024-12-31
46__35913,46,,35913,Stone Cellars Cab Svgn,1.5L,0,8.99,2024-12-31
67_EANVERNESS_3366,67,EANVERNESS,3366,Tanqueray Rangpur Gin,1.75L,21,35.99,2024-12-31
71_CLARCTON_3420,71,CLARCTON,3420,New Amsterdam Coconut Vodka,750mL,18,10.99,2024-12-31
55_DRY GULCH_4370,55,DRY GULCH,4370,Ron Virgin White,1.75L,21,10.99,2024-12-31
57_LANTEGLOS_2085,57,LANTEGLOS,2085,Jesse James America's Outlaw,750mL,12,13.99,2024-12-31
49_GARIGILL_3764,49,GARIGILL,3764,Patron Reposado Tequila,375mL,10,26.99,2024-12-31
56_BEGGAR'S HOLE_19329,56,BEGGAR'S HOLE,19329,Ca Del Monte Amarone Red,750mL,14,43.99,2024-12-31
73_DONCASTER_8472,73,DONCASTER,8472,1800 Silver Tequila,750mL,13,21.99,2024-12-31
50_MOUNTMEND_1801,50,MOUNTMEND,1801,Jack Daniels Tennesse Fire,375mL,48,12.99,2024-12-31
44_PORTHCRAWL_2482,44,PORTHCRAWL,2482,Clase Azul Reposado Tequila,750mL,7,89.99,2024-12-31
65_LUTON_1956,65,LUTON,1956,Balvenie 12 Yr Doublewood S,750mL,14,54.99,2024-12-31
63_SWORDBREAK_8033,63,SWORDBREAK,8033,Jack Daniels No 7 Black,50mL,124,2.99,2024-12-31
68_SOLARIS_23095,68,SOLARIS,23095,Glen Ellen Cab Svgn RSV,1.5L,23,6.99,2024-12-31
49_GARIGILL_6692,49,GARIGILL,6692,Jaboulet Cotes du Rhone Par,750mL,58,12.99,2024-12-31
55_DRY GULCH_12211,55,DRY GULCH,12211,Black Box Rsl,3L,12,18.99,2024-12-31
44_PORTHCRAWL_17316,44,PORTHCRAWL,17316,Damilano Lecinquevgne Barolo,750mL,12,34.99,2024-12-31
52_GRAYCOTT_7716,52,GRAYCOTT,7716,Andre Brut,750mL,0,5.49,2024-12-31
67_EANVERNESS_22943,67,EANVERNESS,22943,D'Armailhac Pauillac 05,1.5L,1,276.99,2024-12-31
60_IRRAGIN_21178,60,IRRAGIN,21178,Sensi Dalcampo Chianti Rsva,750mL,13,17.99,2024-12-31
63_SWORDBREAK_17967,63,SWORDBREAK,17967,Banfi Principessa Gavia Gav,750mL,5,15.99,2024-12-31
73_DONCASTER_15193,73,DONCASTER,15193,Billecart-Salmon Brut Rsv,750mL,27,45.99,2024-12-31
70_KELD_3921,70,KELD,3921,Espolon Reposado Tequila,750mL,8,23.99,2024-12-31
41_LARNWICK_12901,41,LARNWICK,12901,Madria Sangria,1.5L,13,8.99,2024-12-31
41_LARNWICK_21438,41,LARNWICK,21438,Ch Boyd Cantenac Margaux,750mL,1,109.99,2024-12-31
67_EANVERNESS_12479,67,EANVERNESS,12479,Geyser Peak Cab Svgn,750mL,29,12.99,2024-12-31
72_HARDERSFIELD_3630,72,HARDERSFIELD,3630,Stolichnaya Razberi,1.75L,22,24.99,2024-12-31
52_GRAYCOTT_21319,52,GRAYCOTT,21319,W Hill Est No Cst Svgn Blanc,750mL,15,12.99,2024-12-31
51_ABERDEEN_27596,51,ABERDEEN,27596,MezzaCorona Pnt Grigio,750mL,24,7.99,2024-12-31
49_GARIGILL_27291,49,GARIGILL,27291,Waterbrook Chard Rsv Col Vly,750mL,11,19.99,2024-12-31
45_VERITAS_19940,45,VERITAS,19940,Bogle Petite Sirah,750mL,10,10.99,2024-12-31
70_KELD_8687,70,KELD,8687,Paul Masson Ruby Burgundy,3L,5,10.99,2024-12-31
41_LARNWICK_29128,41,LARNWICK,29128,Sutter Home Merlot Cal,187mL 4 Pk,8,5.99,2024-12-31
47_PELLA'S WISH_39410,47,PELLA'S WISH,39410,Mirassou Cab Svgn Cal,750mL,6,9.99,2024-12-31
55_DRY GULCH_13497,55,DRY GULCH,13497,Mohua Svgn Bl Marlboro,750mL,26,9.99,2024-12-31
71_CLARCTON_10895,71,CLARCTON,10895,Schmitt Sohne Relax Mosel,1.5L,5,22.99,2024-12-31
60_IRRAGIN_2369,60,IRRAGIN,2369,Amrut Fusion Single Malt,750mL,0,64.99,2024-12-31
41_LARNWICK_6670,41,LARNWICK,6670,Pinnacle Pineapple Vodka,750mL,14,10.99,2024-12-31
56_BEGGAR'S HOLE_4225,56,BEGGAR'S HOLE,4225,Goslings Black Seal Rum 80,1.75L,19,25.99,2024-12-31
67_EANVERNESS_22274,67,EANVERNESS,22274,Complicated Chard,750mL,84,9.29,2024-12-31
67_EANVERNESS_2504,67,EANVERNESS,2504,The Dalmore 18 Yr,750mL,16,179.99,2024-12-31
53_HILLFAR_1484,53,HILLFAR,1484,Knob Creek Rye,1.75L,5,55.99,2024-12-31
68_SOLARIS_44854,68,SOLARIS,44854,Duckhorn Merlot Napa,750mL,11,49.99,2024-12-31
56_BEGGAR'S HOLE_3020,56,BEGGAR'S HOLE,3020,Pinnacle Blueberry Vodka,750mL,8,9.99,2024-12-31
73_DONCASTER_13489,73,DONCASTER,13489,Don Miguel Gascon Malbec Rsv,750mL,18,18.99,2024-12-31
55_DRY GULCH_497,55,DRY GULCH,497,Capt Morgan Spiced Rum,Liter,95,19.99,2024-12-31
68_SOLARIS_4404,68,SOLARIS,4404,Bacardi Gold Rum,375mL,22,5.49,2024-12-31
41_LARNWICK_3455,41,LARNWICK,3455,Stolichnaya Gluten Free 80*,750mL,31,16.99,2024-12-31
70_KELD_1359,70,KELD,1359,Knob Creek Rye,750mL,10,29.99,2024-12-31
72_HARDERSFIELD_2196,72,HARDERSFIELD,2196,Canadian Hunter Whiskey,1.75L,4,11.99,2024-12-31
41_LARNWICK_3703,41,LARNWICK,3703,OuterSpace Vodka,50mL,159,5.99,2024-12-31
50_MOUNTMEND_30039,50,MOUNTMEND,30039,Chateau D'Armailhac 2014,750mL,0,44.49,2024-12-31
50_MOUNTMEND_3041,50,MOUNTMEND,3041,Zhenka Pink Lemonade Vodka,1.75L,47,8.99,2024-12-31
65_LUTON_3896,65,LUTON,3896,Zhenka Vodka,375mL,5,3.29,2024-12-31
48_NORFOLK_43225,48,NORFOLK,43225,Ch Beauchene Chtnf Pape RSV,750mL,0,26.99,2024-12-31
73_DONCASTER_41003,73,DONCASTER,41003,Yaegaki Nigori Sake,720mL,17,21.99,2024-12-31
43_WOLFORD_3746,43,WOLFORD,3746,Gordons Vodka 80 Proof,1.75L,33,12.99,2024-12-31
66_EANVERNESS_37785,66,EANVERNESS,37785,Lindemans Bin 40 Merlot,1.5L,24,11.99,2024-12-31
65_LUTON_3276,65,LUTON,3276,Gordons London Dry,1.75L,17,14.99,2024-12-31
55_DRY GULCH_27144,55,DRY GULCH,27144,Bouchaine Pnt Nr Carneros,750mL,37,17.99,2024-12-31
57_LANTEGLOS_3776,57,LANTEGLOS,3776,Jose Cuervo Especial Silver,1.75L,52,26.99,2024-12-31
50_MOUNTMEND_287,50,MOUNTMEND,287,The Bitter Truth Falernum,750mL,16,34.99,2024-12-31
48_NORFOLK_3806,48,NORFOLK,3806,Svedka Citron Vodka,750mL,11,9.99,2024-12-31
69_MOUNTMEND_22008,69,MOUNTMEND,22008,Schmitt Sohne Kabinett Mchls,750mL,23,12.99,2024-12-31
73_DONCASTER_8428,73,DONCASTER,8428,Trader Vics Macadamia Nut,750mL,11,16.99,2024-12-31
42_BLACK HOLLOW_12994,42,BLACK HOLLOW,12994,Acrobat Pnt Gris Oregon,750mL,39,12.99,2024-12-31
73_DONCASTER_25879,73,DONCASTER,25879,Firestone Santa Ynez Rsl,750mL,13,10.99,2024-12-31
56_BEGGAR'S HOLE_4437,56,BEGGAR'S HOLE,4437,Mount Gay Eclipse,1.75L,21,31.99,2024-12-31
54_GUTHRAM_3326,54,GUTHRAM,3326,Jenkins Gin,1.75L,11,9.49,2024-12-31
60_IRRAGIN_2935,60,IRRAGIN,2935,Talisker 18 Yr Old Scotch,750mL,9,124.99,2024-12-31
60_IRRAGIN_22047,60,IRRAGIN,22047,Woodwork Pnt Nr,750mL,17,9.99,2024-12-31
55_DRY GULCH_11238,55,DRY GULCH,11238,Willamette Whole Clst Pnt Nr,750mL,19,20.99,2024-12-31
68_SOLARIS_1060,68,SOLARIS,1060,Jack Daniels Bruins Glass Pk,Liter,5,27.99,2024-12-31
55_DRY GULCH_23386,55,DRY GULCH,23386,Dom Roux Bourgogne Pnt Nr,750mL,17,19.99,2024-12-31
42_BLACK HOLLOW_2619,42,BLACK HOLLOW,2619,Glenmorangie Original 10 Yr,1.75L,6,64.99,2024-12-31
57_LANTEGLOS_4670,57,LANTEGLOS,4670,Bacardi Dragon Berry Rum,375mL,4,3.99,2024-12-31
61_AETHELNEY_1535,61,AETHELNEY,1535,Gentleman Jack,50mL,115,3.99,2024-12-31
62_KILMARNOCK_4089,62,KILMARNOCK,4089,Capt Morgan White,1.75L,15,20.99,2024-12-31
69_MOUNTMEND_2122,69,MOUNTMEND,2122,Canadian Club 1858,750mL,17,10.99,2024-12-31
55_DRY GULCH_36153,55,DRY GULCH,36153,Edna Valley Paragon Pnt Nr,750mL,12,12.99,2024-12-31
68_SOLARIS_5018,68,SOLARIS,5018,E&J Apple Brandy,50mL,30,0.99,2024-12-31
73_DONCASTER_2648,73,DONCASTER,2648,Chivas Regal,375mL,31,15.99,2024-12-31
69_MOUNTMEND_6183,69,MOUNTMEND,6183,Clos du Bois Svgn Bl N Cst,750mL,22,8.99,2024-12-31
69_MOUNTMEND_33768,69,MOUNTMEND,33768,Sensi Sangiovese/Cab Svgn T,750mL,12,24.99,2024-12-31
62_KILMARNOCK_5989,62,KILMARNOCK,5989,Tanteo Jalapeno Tequila,50mL,2,2.99,2024-12-31
43_WOLFORD_37792,43,WOLFORD,37792,Blackstone Pnt Nr Monterey,750mL,15,7.99,2024-12-31
73_DONCASTER_35413,73,DONCASTER,35413,Yellow Tail Shiraz Ausl,750mL,23,7.99,2024-12-31
60_IRRAGIN_6260,60,IRRAGIN,6260,Arrosta Coffee Liqueur,750mL,14,34.99,2024-12-31
67_EANVERNESS_1875,67,EANVERNESS,1875,Bushmills Black Bush,750mL,7,26.99,2024-12-31
69_MOUNTMEND_2889,69,MOUNTMEND,2889,Buchanans Deluxe 12Yr Scotch,750mL,46,29.99,2024-12-31
49_GARIGILL_13141,49,GARIGILL,13141,Noble Vines 181 Merlot Lodi,750mL,17,9.99,2024-12-31
62_KILMARNOCK_4673,62,KILMARNOCK,4673,Hennessy VS Cognac,1.75L,3,69.99,2024-12-31
43_WOLFORD_2713,43,WOLFORD,2713,Inver House Green Plaid 3-Y,1.75L,8,13.99,2024-12-31
68_SOLARIS_21369,68,SOLARIS,21369,Kendall Jackson Grand Pnt Nr,750mL,16,21.99,2024-12-31
44_PORTHCRAWL_4091,44,PORTHCRAWL,4091,Mount Gay Black Barrel Rum,750mL,14,27.99,2024-12-31
67_EANVERNESS_33582,67,EANVERNESS,33582,Villa Cornaro Prosecco Del,750mL,123,9.99,2024-12-31
71_CLARCTON_5312,71,CLARCTON,5312,Amaretto DiSaronno,750mL,31,19.99,2024-12-31
61_AETHELNEY_3899,61,AETHELNEY,3899,Platinum 7X Distilled Vodka,375mL,34,3.99,2024-12-31
73_DONCASTER_21019,73,DONCASTER,21019,Black Box Pnt Nr,3L,19,18.99,2024-12-31
60_IRRAGIN_2610,60,IRRAGIN,2610,Glenmorangie Signet Sng Malt,750mL,1,189.99,2024-12-31
71_CLARCTON_8387,71,CLARCTON,8387,Wild Turkey 101,750mL,24,23.99,2024-12-31
48_NORFOLK_8725,48,NORFOLK,8725,Chambord Royale de France,375mL,10,15.99,2024-12-31
44_PORTHCRAWL_1232,44,PORTHCRAWL,1232,Jack Daniels No 7 Black,750mL,83,26.99,2024-12-31
73_DONCASTER_5447,73,DONCASTER,5447,Jagermeister Liqueur,375mL,57,9.99,2024-12-31
50_MOUNTMEND_38541,50,MOUNTMEND,38541,Avalon Cab Svgn Napa,750mL,3,19.99,2024-12-31
43_WOLFORD_10723,43,WOLFORD,10723,R M Woodbridge Chard,1.5L,10,8.99,2024-12-31
49_GARIGILL_16352,49,GARIGILL,16352,Girls in the Vineyard Svgn B,750mL,18,15.99,2024-12-31
50_MOUNTMEND_5740,50,MOUNTMEND,5740,Sweet Revenge,750mL,13,17.99,2024-12-31
42_BLACK HOLLOW_16318,42,BLACK HOLLOW,16318,Noble Vines 667 Pnt Nr Mntry,750mL,11,11.99,2024-12-31
47_PELLA'S WISH_4224,47,PELLA'S WISH,4224,Goslings Black Seal Rum 80,750mL,5,15.99,2024-12-31
60_IRRAGIN_5087,60,IRRAGIN,5087,Dr McGillicuddy's Peach,750mL,11,13.99,2024-12-31
50_MOUNTMEND_19725,50,MOUNTMEND,19725,Cutler Creek Merlot,750mL,10,3.79,2024-12-31
41_LARNWICK_5685,41,LARNWICK,5685,P & J Cold Soaked Peaches,750mL,13,15.49,2024-12-31
67_EANVERNESS_26283,67,EANVERNESS,26283,Benton-Lane Est Pnt Nr Willm,375mL,37,12.99,2024-12-31
54_GUTHRAM_2734,54,GUTHRAM,2734,Nikka Pure Malt Whiskey,750mL,7,68.99,2024-12-31
66_EANVERNESS_30039,66,EANVERNESS,30039,Chateau D'Armailhac 2014,750mL,0,44.49,2024-12-31
49_GARIGILL_14475,49,GARIGILL,14475,Belcreme de Lys Chard,750mL,19,9.99,2024-12-31
64_CESTERFIELD_5952,64,CESTERFIELD,5952,Jagermeister Liqueur,50mL,84,1.99,2024-12-31
72_HARDERSFIELD_5337,72,HARDERSFIELD,5337,Drambuie,750mL,13,26.99,2024-12-31
45_VERITAS_3234,45,VERITAS,3234,Hendrick's Gin,1.75L,16,59.99,2024-12-31
47_PELLA'S WISH_24086,47,PELLA'S WISH,24086,Hess Select Chard,750mL,11,12.99,2024-12-31
70_KELD_5165,70,KELD,5165,Hpnotiq Liqueur,750mL,12,19.99,2024-12-31
50_MOUNTMEND_26990,50,MOUNTMEND,26990,Colavita Pinot Grigio,750mL,3,4.99,2024-12-31
55_DRY GULCH_1380,55,DRY GULCH,1380,Bulleit 95 Rye,1.75L,33,47.99,2024-12-31
73_DONCASTER_23335,73,DONCASTER,23335,Ch Leoville Las Cases 11 Jul,750mL,12,199.99,2024-12-31
52_GRAYCOTT_8590,52,GRAYCOTT,8590,Arrow Peppermint Schnapps,750mL,13,7.99,2024-12-31
69_MOUNTMEND_8339,69,MOUNTMEND,8339,The Glenlivet 12 Yr Single,750mL,68,42.99,2024-12-31
67_EANVERNESS_5014,67,EANVERNESS,5014,Penn Dutch Pumpkin Cr Liquer,750mL,1,6.99,2024-12-31
55_DRY GULCH_28980,55,DRY GULCH,28980,Far Niente Cab Svgn Napa,750mL,11,154.99,2024-12-31
69_MOUNTMEND_8112,69,MOUNTMEND,8112,Stolichnaya,1.75L,259,23.99,2024-12-31
59_CLAETHORPES_6150,59,CLAETHORPES,6150,Midnight Moon Blackberry,750mL,5,19.99,2024-12-31
72_HARDERSFIELD_32545,72,HARDERSFIELD,32545,Artesa Carneros Chard,750mL,5,16.99,2024-12-31
61_AETHELNEY_4736,61,AETHELNEY,4736,Capt Morgan Spiced Rum,100mL,18,2.99,2024-12-31
59_CLAETHORPES_8609,59,CLAETHORPES,8609,Duboeuf Beaujolais Villages,750mL,12,12.99,2024-12-31
45_VERITAS_4225,45,VERITAS,4225,Goslings Black Seal Rum 80,1.75L,26,25.99,2024-12-31
73_DONCASTER_3226,73,DONCASTER,3226,Ciroc Mango Vodka,375mL,0,11.99,2024-12-31
41_LARNWICK_17089,41,LARNWICK,17089,Hedges CMS Svgn Bl,750mL,12,11.99,2024-12-31
66_EANVERNESS_271,66,EANVERNESS,271,Wild Shot Silver Mezcal,750mL,12,35.99,2024-12-31
70_KELD_4264,70,KELD,4264,Capt Morgan Spiced Rum Trav,750mL,37,16.99,2024-12-31
41_LARNWICK_12154,41,LARNWICK,12154,Cousino Macul RSV Cab Svgn,750mL,4,17.99,2024-12-31
55_DRY GULCH_5027,55,DRY GULCH,5027,99 Apples Schnapps Liqueur,750mL,11,11.99,2024-12-31
62_KILMARNOCK_6216,62,KILMARNOCK,6216,Taylor Tawny Port,1.5L,10,7.99,2024-12-31
42_BLACK HOLLOW_14622,42,BLACK HOLLOW,14622,La Marca Prosecco,750mL,27,10.98,2024-12-31
64_CESTERFIELD_1132,64,CESTERFIELD,1132,Jack Daniels Honey & Fire Pk,375mL 2 Pk,10,25.99,2024-12-31
55_DRY GULCH_12495,55,DRY GULCH,12495,Cupcake Malbec,750mL,44,7.49,2024-12-31
58_HARTLEPOOL_3502,58,HARTLEPOOL,3502,Pinnacle Vodka,750mL,18,12.99,2024-12-31
61_AETHELNEY_24453,61,AETHELNEY,24453,Estancia Meritage,750mL,19,22.99,2024-12-31
55_DRY GULCH_664,55,DRY GULCH,664,Ardbeg Uigeadail Scotch,750mL,12,73.99,2024-12-31
68_SOLARIS_5128,68,SOLARIS,5128,Carolans Irish Cream,750mL,16,11.99,2024-12-31
72_HARDERSFIELD_44494,72,HARDERSFIELD,44494,Smoking Loon Pnt Grigio Cal,750mL,39,6.79,2024-12-31
66_EANVERNESS_21098,66,EANVERNESS,21098,Rutherford Ranch Chard,750mL,14,14.99,2024-12-31
44_PORTHCRAWL_39087,44,PORTHCRAWL,39087,Corbett Canyon Pnt Grigio,3L,17,10.99,2024-12-31
41_LARNWICK_39357,41,LARNWICK,39357,Bota Box Merlot Cal,3L,5,17.99,2024-12-31
60_IRRAGIN_6249,60,IRRAGIN,6249,Rodney Strong Chard,750mL,59,10.95,2024-12-31
69_MOUNTMEND_26514,69,MOUNTMEND,26514,Villa Jolanda Prosecco,1.5L,4,28.99,2024-12-31
48_NORFOLK_38888,48,NORFOLK,38888,Justin Cab Svgn Paso Robles,750mL,15,27.99,2024-12-31
56_BEGGAR'S HOLE_4053,56,BEGGAR'S HOLE,4053,Bird Dog Strawberry Whiskey,750mL,2,12.99,2024-12-31
70_KELD_2250,70,KELD,2250,Jack Daniels Family 5 Pk/50m,50mL 4 Pk,6,14.99,2024-12-31
47_PELLA'S WISH_3883,47,PELLA'S WISH,3883,Hornitos Lime Shot Tequila,750mL,5,22.99,2024-12-31
55_DRY GULCH_4683,55,DRY GULCH,4683,Hennessy VS Cognac,50mL,80,3.99,2024-12-31
41_LARNWICK_8627,41,LARNWICK,8627,Jadot Beaujolais Villages,750mL,51,7.98,2024-12-31
60_IRRAGIN_18988,60,IRRAGIN,18988,Franzia Chillable Red Tap,5L,15,12.99,2024-12-31
72_HARDERSFIELD_2142,72,HARDERSFIELD,2142,Bird Dog Apple Whiskey,750mL,10,14.99,2024-12-31
44_PORTHCRAWL_4234,44,PORTHCRAWL,4234,Bacardi Pineapple Fusion,750mL,19,9.99,2024-12-31
73_DONCASTER_1883,73,DONCASTER,1883,Seagrams 7 Crown,1.75L,137,17.99,2024-12-31
52_GRAYCOTT_3489,52,GRAYCOTT,3489,Tanqueray,1.75L,39,27.99,2024-12-31
64_CESTERFIELD_25269,64,CESTERFIELD,25269,R Mondavi Cab Svgn Pvt Sel,750mL,27,8.99,2024-12-31
43_WOLFORD_2772,43,WOLFORD,2772,Talisker Storm Scotch,750mL,3,49.99,2024-12-31
51_ABERDEEN_2460,51,ABERDEEN,2460,Old St Andrews Jumbo Golfbll,Liter,4,39.99,2024-12-31
55_DRY GULCH_1163,55,DRY GULCH,1163,Absolut Lime Vodka,750mL,0,19.99,2024-12-31
66_EANVERNESS_27813,66,EANVERNESS,27813,Warre's Warrior Port,750mL,43,13.99,2024-12-31
41_LARNWICK_3625,41,LARNWICK,3625,Absolut 80 Proof,750mL,63,17.99,2024-12-31
55_DRY GULCH_27514,55,DRY GULCH,27514,Clos du Bois RSV Cab Svgn,750mL,16,17.99,2024-12-31
61_AETHELNEY_2942,61,AETHELNEY,2942,Glen Grant 10 Yr Single Malt,750mL,11,39.99,2024-12-31
53_HILLFAR_5668,53,HILLFAR,5668,Dr McGillicuddy's Grape,750mL,55,13.99,2024-12-31
60_IRRAGIN_29433,60,IRRAGIN,29433,Clos du Val Carneros Chard,750mL,5,19.99,2024-12-31
49_GARIGILL_18642,49,GARIGILL,18642,Yellow Tail Pink Moscato,1.5L,50,8.95,2024-12-31
50_MOUNTMEND_26281,50,MOUNTMEND,26281,Guigal Gigondas,750mL,9,29.99,2024-12-31
71_CLARCTON_21032,71,CLARCTON,21032,Taylor Fladgate 10-Yr Tawny,750mL,4,22.99,2024-12-31
50_MOUNTMEND_2917,50,MOUNTMEND,2917,Paddy's Irish Whiskey,750mL,13,17.99,2024-12-31
65_LUTON_8265,65,LUTON,8265,Cockburns Fine Ruby Port,750mL,14,9.99,2024-12-31
47_PELLA'S WISH_27350,47,PELLA'S WISH,27350,Almaden Cab Svgn Cal B/B,5L,5,15.99,2024-12-31
73_DONCASTER_16778,73,DONCASTER,16778,Lange Willamette Chard,750mL,15,15.99,2024-12-31
67_EANVERNESS_44915,67,EANVERNESS,44915,Broadbent Vinho Verde Wh,750mL,16,9.99,2024-12-31
62_KILMARNOCK_8910,62,KILMARNOCK,8910,Finlandia Vodka,50mL,89,0.99,2024-12-31
60_IRRAGIN_1070,60,IRRAGIN,1070,Three Olives Vodka w/3 50mls,750mL + 3/,34,14.99,2024-12-31
63_SWORDBREAK_3960,63,SWORDBREAK,3960,Tortilla Gold Tequila Liquer,1.75L,7,11.99,2024-12-31
50_MOUNTMEND_27522,50,MOUNTMEND,27522,Whitehall Lane Merlot,750mL,11,27.99,2024-12-31
50_MOUNTMEND_10870,50,MOUNTMEND,10870,Bouza Tannat Las Violetas,750mL,17,18.99,2024-12-31
41_LARNWICK_3385,41,LARNWICK,3385,Pinnacle Strawbry Kiwi Vodka,1.75L,17,15.99,2024-12-31
49_GARIGILL_37235,49,GARIGILL,37235,Mionetto Il Prosecco Spklg,750mL,24,11.99,2024-12-31
65_LUTON_5299,65,LUTON,5299,Southern Comfort,1.75L,35,19.99,2024-12-31
60_IRRAGIN_3594,60,IRRAGIN,3594,Pinnacle Tropical Punch,50mL,240,0.99,2024-12-31
61_AETHELNEY_2760,61,AETHELNEY,2760,Jack Daniels Tennessee Honey,1.75L,87,37.99,2024-12-31
41_LARNWICK_22584,41,LARNWICK,22584,Cambria Benchbreak Chard,750mL,29,17.99,2024-12-31
45_VERITAS_17168,45,VERITAS,17168,Kendall Jackson Vntrs Rsl Rs,750mL,11,9.99,2024-12-31
68_SOLARIS_4179,68,SOLARIS,4179,Bacardi Dragon Berry Rum,1.75L,8,19.99,2024-12-31
66_EANVERNESS_7473,66,EANVERNESS,7473,Kagemusha Sw Potato Soju,750mL,18,28.99,2024-12-31
73_DONCASTER_2564,73,DONCASTER,2564,Glen Garioch 12 Yr Old,750mL,12,59.99,2024-12-31
61_AETHELNEY_4178,61,AETHELNEY,4178,Fabrizia Limoncello,375mL,20,9.99,2024-12-31
45_VERITAS_1868,45,VERITAS,1868,Lagavulin Single Malt 16-Yr,750mL,12,69.99,2024-12-31
68_SOLARIS_22079,68,SOLARIS,22079,C Y Toro Casa Diblo Cab Svgn,750mL,19,9.99,2024-12-31
66_EANVERNESS_26046,66,EANVERNESS,26046,Dievole Chianti Classico,750mL,24,16.99,2024-12-31
56_BEGGAR'S HOLE_37527,56,BEGGAR'S HOLE,37527,Redwood Creek Pnt Grigio,1.5L,7,9.99,2024-12-31
73_DONCASTER_1734,73,DONCASTER,1734,Duggans Dew O Kirkintilloch,1.75L,20,22.99,2024-12-31
69_MOUNTMEND_31320,69,MOUNTMEND,31320,La Vieille Ferme Rose Vntoux,750mL,34,6.99,2024-12-31
67_EANVERNESS_43124,67,EANVERNESS,43124,Gekkeikan Nigori Sake,300mL,13,5.99,2024-12-31
58_HARTLEPOOL_11828,58,HARTLEPOOL,11828,Cupcake Svgn Bl,750mL,14,7.49,2024-12-31
73_DONCASTER_28069,73,DONCASTER,28069,Sutter Home Merlot Cal,1.5L,65,9.99,2024-12-31
41_LARNWICK_3671,41,LARNWICK,3671,Stolichnaya Razberi,50mL,120,1.99,2024-12-31
64_CESTERFIELD_25445,64,CESTERFIELD,25445,Maynard's 10 Yr Tawny Port,750mL,3,19.99,2024-12-31
44_PORTHCRAWL_1520,44,PORTHCRAWL,1520,Pinnacle Vodka Cane 4/50mls,50mL 4 Pk,2,3.99,2024-12-31
50_MOUNTMEND_5126,50,MOUNTMEND,5126,Marzadro Le Diciotto Lune,750mL,11,54.99,2024-12-31
55_DRY GULCH_19329,55,DRY GULCH,19329,Ca Del Monte Amarone Red,750mL,16,43.99,2024-12-31
44_PORTHCRAWL_44714,44,PORTHCRAWL,44714,Buehler Znfdl Napa,750mL,1,11.99,2024-12-31
53_HILLFAR_1359,53,HILLFAR,1359,Knob Creek Rye,750mL,8,29.99,2024-12-31
50_MOUNTMEND_22039,50,MOUNTMEND,22039,Ghost Pines Pnt Nr L Martini,750mL,50,17.99,2024-12-31
50_MOUNTMEND_16427,50,MOUNTMEND,16427,Yellow Tail Sweet Red Roo,1.5L,0,9.99,2024-12-31
69_MOUNTMEND_16466,69,MOUNTMEND,16466,Gerard Bertrand Gr Terrier R,750mL,1,16.99,2024-12-31
50_MOUNTMEND_19344,50,MOUNTMEND,19344,Montebuena Rioja,750mL,21,12.99,2024-12-31
42_BLACK HOLLOW_2164,42,BLACK HOLLOW,2164,New Amsterdam Gin,1.75L,24,16.99,2024-12-31
69_MOUNTMEND_8108,69,MOUNTMEND,8108,Amaras Cupreata Mezcal,750mL,5,54.99,2024-12-31
44_PORTHCRAWL_16440,44,PORTHCRAWL,16440,Banshee Cab Svgn Napa Vly,750mL,2,32.99,2024-12-31
53_HILLFAR_2924,53,HILLFAR,2924,Speyburn 10-Yr Single Malt,750mL,5,23.99,2024-12-31
48_NORFOLK_6650,48,NORFOLK,6650,Simi Chard,750mL,14,10.79,2024-12-31
60_IRRAGIN_14475,60,IRRAGIN,14475,Belcreme de Lys Chard,750mL,12,9.99,2024-12-31
44_PORTHCRAWL_2924,44,PORTHCRAWL,2924,Speyburn 10-Yr Single Malt,750mL,5,23.99,2024-12-31
59_CLAETHORPES_5076,59,CLAETHORPES,5076,M Duffau Napoleon Armagnac,750mL,9,35.99,2024-12-31
69_MOUNTMEND_5730,69,MOUNTMEND,5730,Galliano L'Autentico Liqueur,50mL,243,1.99,2024-12-31
59_CLAETHORPES_20149,59,CLAETHORPES,20149,Bodegas Borsao Wh Campo Brja,750mL,83,9.99,2024-12-31
42_BLACK HOLLOW_31494,42,BLACK HOLLOW,31494,Barefoot Merlot Cal,1.5L,39,10.99,2024-12-31
50_MOUNTMEND_17967,50,MOUNTMEND,17967,Banfi Principessa Gavia Gav,750mL,19,15.99,2024-12-31
50_MOUNTMEND_18267,50,MOUNTMEND,18267,Caprai Montefalco Passito 06,375mL,7,31.99,2024-12-31
64_CESTERFIELD_5148,64,CESTERFIELD,5148,St Brendans Irish Cream,1.75L,2,17.99,2024-12-31
67_EANVERNESS_25728,67,EANVERNESS,25728,Chappellet Signature Cab Svg,750mL,19,62.99,2024-12-31
48_NORFOLK_17981,48,NORFOLK,17981,If You See Kay Red Blend,750mL,18,19.99,2024-12-31
48_NORFOLK_4565,48,NORFOLK,4565,Christian Bros VS Brandy,750mL,10,9.49,2024-12-31
50_MOUNTMEND_19372,50,MOUNTMEND,19372,Liberty Creek Pink Moscato,1.5L,7,7.99,2024-12-31
46__21985,46,,21985,Menage a Trois Midnight,750mL,0,9.95,2024-12-31
66_EANVERNESS_21981,66,EANVERNESS,21981,Massolino Barolo Serralunga,750mL,4,39.99,2024-12-31
68_SOLARIS_7992,68,SOLARIS,7992,Patron Anejo Tequila,50mL,18,6.99,2024-12-31
50_MOUNTMEND_8059,50,MOUNTMEND,8059,Corazon de Agave Anejo,750mL,7,27.99,2024-12-31
64_CESTERFIELD_37984,64,CESTERFIELD,37984,Barone Fini Pnt Gr Valdadige,750mL,8,10.99,2024-12-31
57_LANTEGLOS_1364,57,LANTEGLOS,1364,Bols Pumpkin Spice,750mL,1,9.99,2024-12-31
60_IRRAGIN_5365,60,IRRAGIN,5365,Kahlua,750mL,77,18.99,2024-12-31
62_KILMARNOCK_8171,62,KILMARNOCK,8171,Leroux Blackberry Brandy,50mL,146,0.99,2024-12-31
66_EANVERNESS_3613,66,EANVERNESS,3613,Bacardi Reserva Limitada,750mL,13,89.99,2024-12-31
71_CLARCTON_438,71,CLARCTON,438,Licor 43 Vanilla Liqueur,750mL,11,17.99,2024-12-31
66_EANVERNESS_1152,66,EANVERNESS,1152,Captain Morgan Loco Nut Rum,750mL,0,16.99,2024-12-31
56_BEGGAR'S HOLE_7143,56,BEGGAR'S HOLE,7143,Smirnoff Watermelon Vodka,1.75L,9,18.99,2024-12-31
56_BEGGAR'S HOLE_19556,56,BEGGAR'S HOLE,19556,Zorvino Bacca Z Blackberry,750mL,13,13.99,2024-12-31
62_KILMARNOCK_2433,62,KILMARNOCK,2433,Crown Royal X R Extra Rare,750mL,2,131.99,2024-12-31
69_MOUNTMEND_23669,69,MOUNTMEND,23669,Clos Cant St Emilion Grand C,750mL,3,69.99,2024-12-31
66_EANVERNESS_23781,66,EANVERNESS,23781,Le Clarence de Haut Brion 12,750mL,11,133.99,2024-12-31
56_BEGGAR'S HOLE_1238,56,BEGGAR'S HOLE,1238,The Glenlivet 12 Yr Single,50mL,21,4.99,2024-12-31
67_EANVERNESS_90090,67,EANVERNESS,90090,Ch Lafite Rothschild 12,750mL,10,649.99,2024-12-31
66_EANVERNESS_90010,66,EANVERNESS,90010,Ch Smith Haut Lafitte 12,750mL,3,91.99,2024-12-31
47_PELLA'S WISH_4483,47,PELLA'S WISH,4483,Casamigos Reposado,50mL,23,2.49,2024-12-31
49_GARIGILL_7341,49,GARIGILL,7341,Smirnoff Watermelon,50mL,161,0.99,2024-12-31
48_NORFOLK_3982,48,NORFOLK,3982,Hornitos Reposado Tequila,750mL,30,20.99,2024-12-31
55_DRY GULCH_39256,55,DRY GULCH,39256,Schmitt Sohne Relax Mosel,750mL,21,10.99,2024-12-31
59_CLAETHORPES_27259,59,CLAETHORPES,27259,Cooper & Thief Cellarmasters,750mL,20,24.99,2024-12-31
53_HILLFAR_41072,53,HILLFAR,41072,Angeline Pnt Nr Rsv,750mL,8,11.99,2024-12-31
69_MOUNTMEND_36088,69,MOUNTMEND,36088,Dom Poujol Rose Coteaux du,750mL,45,18.99,2024-12-31
43_WOLFORD_28147,43,WOLFORD,28147,Kris Pnt Grigio Alto Adige,750mL,9,10.99,2024-12-31
72_HARDERSFIELD_6958,72,HARDERSFIELD,6958,Vendange Svgn Bl,1.5L,13,7.99,2024-12-31
51_ABERDEEN_2751,51,ABERDEEN,2751,Johnnie Walker Black Label,375mL,30,19.99,2024-12-31
41_LARNWICK_19458,41,LARNWICK,19458,Ruffino Unoaked Chard Toscna,750mL,18,7.99,2024-12-31
69_MOUNTMEND_44708,69,MOUNTMEND,44708,Trentadue Old Patch Red Son,750mL,18,12.99,2024-12-31
52_GRAYCOTT_7363,52,GRAYCOTT,7363,BeatBox Fruit Punch,5L,4,19.99,2024-12-31
53_HILLFAR_4247,53,HILLFAR,4247,Bacardi Limon Rum,750mL,28,9.99,2024-12-31
53_HILLFAR_5337,53,HILLFAR,5337,Drambuie,750mL,10,26.99,2024-12-31
50_MOUNTMEND_12585,50,MOUNTMEND,12585,F Coppola Sofia Rsl,750mL,8,14.99,2024-12-31
72_HARDERSFIELD_4734,72,HARDERSFIELD,4734,Capt Morgan Cannon Blast,750mL,8,14.99,2024-12-31
44_PORTHCRAWL_5342,44,PORTHCRAWL,5342,Grand Marnier,750mL,26,27.99,2024-12-31
55_DRY GULCH_37217,55,DRY GULCH,37217,Castano Solanera Yecla Mona,750mL,26,13.99,2024-12-31
66_EANVERNESS_2570,66,EANVERNESS,2570,Johnnie Walker Gold Rsv,750mL,125,79.99,2024-12-31
69_MOUNTMEND_25732,69,MOUNTMEND,25732,Sonoma Loeb Pnt Nr Dutton Ra,750mL,17,33.99,2024-12-31
69_MOUNTMEND_24554,69,MOUNTMEND,24554,Merieau L'Arpent des Vaudons,750mL,6,12.99,2024-12-31
73_DONCASTER_3584,73,DONCASTER,3584,Absolut Raspberri,750mL,10,17.99,2024-12-31
66_EANVERNESS_2878,66,EANVERNESS,2878,Hudson Four Grain Bourbon,375mL,9,39.99,2024-12-31
53_HILLFAR_3253,53,HILLFAR,3253,Gilbeys London Dry,1.75L,21,11.99,2024-12-31
46__4224,46,,4224,Goslings Black Seal Rum 80,750mL,0,15.99,2024-12-31
42_BLACK HOLLOW_2125,42,BLACK HOLLOW,2125,Glenfiddich 14 Yr Barrel Rsv,750mL,7,49.99,2024-12-31
73_DONCASTER_19972,73,DONCASTER,19972,Ch Montrose 10,750mL,21,329.99,2024-12-31
55_DRY GULCH_23595,55,DRY GULCH,23595,Almaden Burgundy B/B,5L,11,14.99,2024-12-31
46__1725,46,,1725,Ole Smoky White Lightnin',750mL,0,18.99,2024-12-31
66_EANVERNESS_39450,66,EANVERNESS,39450,Ponzi Willamette Pnt Nr,750mL,11,34.99,2024-12-31
54_GUTHRAM_2033,54,GUTHRAM,2033,Canadian Mist,750mL,10,7.99,2024-12-31
66_EANVERNESS_8965,66,EANVERNESS,8965,St George Absinthe Verte,750mL,2,54.99,2024-12-31
64_CESTERFIELD_3343,64,CESTERFIELD,3343,Bombay Sapphire Gin,375mL,10,12.99,2024-12-31
59_CLAETHORPES_12224,59,CLAETHORPES,12224,Banfi Centine Bianco Toscana,750mL,8,12.99,2024-12-31
50_MOUNTMEND_18836,50,MOUNTMEND,18836,Coppa La Rocca Gavi,750mL,13,14.99,2024-12-31
41_LARNWICK_18838,41,LARNWICK,18838,Ty Ku Coconut Nigori,330mL,10,10.49,2024-12-31
43_WOLFORD_3218,43,WOLFORD,3218,Firefly Sweet Tea Vodka,750mL,15,12.99,2024-12-31
41_LARNWICK_2908,41,LARNWICK,2908,Buchanans Deluxe  18 Yr Old,750mL,2,67.99,2024-12-31
64_CESTERFIELD_16327,64,CESTERFIELD,16327,Black Box Merlot,500mL,14,3.99,2024-12-31
68_SOLARIS_43618,68,SOLARIS,43618,Moillard CdR Violettes Rouge,750mL,15,12.99,2024-12-31
71_CLARCTON_3310,71,CLARCTON,3310,Pinnacle Vodka,375mL,23,5.99,2024-12-31
67_EANVERNESS_3595,67,EANVERNESS,3595,Smirnoff Blue 100 Proof,750mL,21,15.99,2024-12-31
42_BLACK HOLLOW_8027,42,BLACK HOLLOW,8027,Absolut Mandrin,50mL,21,1.99,2024-12-31
55_DRY GULCH_23149,55,DRY GULCH,23149,Ch Fougere La Noble Rouge,750mL,22,12.99,2024-12-31
46__5833,46,,5833,Patron Roca Silver Tequila,750mL,0,69.99,2024-12-31
64_CESTERFIELD_8905,64,CESTERFIELD,8905,Livingston Cellars Red Rose,3L,6,11.99,2024-12-31
50_MOUNTMEND_4626,50,MOUNTMEND,4626,Meukow VS Cognac,750mL,255,14.99,2024-12-31
41_LARNWICK_19645,41,LARNWICK,19645,Line 39 Pnt Nr,750mL,62,9.99,2024-12-31
66_EANVERNESS_5539,66,EANVERNESS,5539,DeKuyper Hot Damn 100*,750mL,32,10.99,2024-12-31
73_DONCASTER_33028,73,DONCASTER,33028,Rombauer Cab Svgn Napa,750mL,33,49.99,2024-12-31
41_LARNWICK_36483,41,LARNWICK,36483,Tommasi Amarone,750mL,4,59.99,2024-12-31
60_IRRAGIN_16427,60,IRRAGIN,16427,Yellow Tail Sweet Red Roo,1.5L,11,9.99,2024-12-31
53_HILLFAR_5137,53,HILLFAR,5137,Irish Manor Irish Cream,750mL,11,9.99,2024-12-31
41_LARNWICK_25622,41,LARNWICK,25622,Forest Glen Chard,750mL,20,8.99,2024-12-31
55_DRY GULCH_5338,55,DRY GULCH,5338,Morecello Blackberry Cello,375mL,31,19.99,2024-12-31
55_DRY GULCH_28890,55,DRY GULCH,28890,Peter Vella Wh Znfdl Cal,5L,11,14.99,2024-12-31
64_CESTERFIELD_26861,64,CESTERFIELD,26861,Camigiliano Brunello Di Mont,750mL,3,39.99,2024-12-31
51_ABERDEEN_12666,51,ABERDEEN,12666,Carpineto Dogajolo Tuscan Wh,750mL,31,12.99,2024-12-31
49_GARIGILL_20551,49,GARIGILL,20551,Humble Pie Cab Svgn CC,750mL,12,16.99,2024-12-31
45_VERITAS_8130,45,VERITAS,8130,Bacardi Superior Rum,50mL,58,1.29,2024-12-31
54_GUTHRAM_13661,54,GUTHRAM,13661,Duckhorn Decoy Pnt Nr Sonoma,750mL,27,16.95,2024-12-31
56_BEGGAR'S HOLE_19220,56,BEGGAR'S HOLE,19220,Veuve Clicquot Gold Label,750mL,3,64.99,2024-12-31
59_CLAETHORPES_37827,59,CLAETHORPES,37827,Yellow Tail Shiraz/Cab Ausl,750mL,5,7.99,2024-12-31
48_NORFOLK_7990,48,NORFOLK,7990,Noilly Prat Sweet Vermouth,Liter,7,9.99,2024-12-31
69_MOUNTMEND_1867,69,MOUNTMEND,1867,Jack Daniels Tennessee Honey,50mL,140,2.99,2024-12-31
44_PORTHCRAWL_14852,44,PORTHCRAWL,14852,Mooiplaas The Bean Pinotage,750mL,16,12.99,2024-12-31
73_DONCASTER_8822,73,DONCASTER,8822,Absolut 80 Proof,50mL,197,1.99,2024-12-31
50_MOUNTMEND_19715,50,MOUNTMEND,19715,Slices Sangria Red,750mL,17,10.99,2024-12-31
53_HILLFAR_5148,53,HILLFAR,5148,St Brendans Irish Cream,1.75L,3,17.99,2024-12-31
69_MOUNTMEND_1358,69,MOUNTMEND,1358,Knob Creek Bourbon,1.75L,10,59.99,2024-12-31
56_BEGGAR'S HOLE_2050,56,BEGGAR'S HOLE,2050,Tomatin 18 Yr Single Malt,750mL,2,79.99,2024-12-31
59_CLAETHORPES_6278,59,CLAETHORPES,6278,Sterling Svgn Bl,750mL,9,8.99,2024-12-31
63_SWORDBREAK_3923,63,SWORDBREAK,3923,Don Julio 1942 Anejo Tequila,750mL,4,133.99,2024-12-31
50_MOUNTMEND_23475,50,MOUNTMEND,23475,Ghostwriter Chard Santa Cruz,750mL,17,28.99,2024-12-31
48_NORFOLK_15321,48,NORFOLK,15321,Blufeld Rsl,750mL,20,8.99,2024-12-31
61_AETHELNEY_26399,61,AETHELNEY,26399,Trapiche Malbec Mendoza Oak,750mL,12,7.99,2024-12-31
63_SWORDBREAK_6727,63,SWORDBREAK,6727,Antinori Toscana Rd,750mL,13,17.99,2024-12-31
56_BEGGAR'S HOLE_2182,56,BEGGAR'S HOLE,2182,McClelland Islay Single Mal,750mL,3,19.99,2024-12-31
47_PELLA'S WISH_24188,47,PELLA'S WISH,24188,St Francis Cab Svgn Sonoma,750mL,0,15.99,2024-12-31
60_IRRAGIN_4291,60,IRRAGIN,4291,Ronrico Gold,1.75L,16,12.99,2024-12-31
68_SOLARIS_3851,68,SOLARIS,3851,Grey Goose Vodka,375mL,6,15.99,2024-12-31
58_HARTLEPOOL_802,58,HARTLEPOOL,802,Bacardi Torched Cherry Rum,750mL,5,9.99,2024-12-31
50_MOUNTMEND_18884,50,MOUNTMEND,18884,Hess Treo Winemaker's Blend,750mL,24,17.99,2024-12-31
54_GUTHRAM_5758,54,GUTHRAM,5758,1800 Ultimate Margarita RTD,1.75L,8,19.99,2024-12-31
61_AETHELNEY_4724,61,AETHELNEY,4724,Patron Citronge Lime Liqueur,750mL,17,20.99,2024-12-31
56_BEGGAR'S HOLE_3038,56,BEGGAR'S HOLE,3038,Zhenka Raspberry Vodka,1.75L,6,8.99,2024-12-31
72_HARDERSFIELD_6649,72,HARDERSFIELD,6649,Wente Morning Fog Chard,750mL,17,11.99,2024-12-31
68_SOLARIS_7891,68,SOLARIS,7891,DeLeon Platinum Tequila,750mL,3,34.99,2024-12-31
50_MOUNTMEND_17167,50,MOUNTMEND,17167,Kendall Jackson Vntr RSV Zin,750mL,66,9.99,2024-12-31
47_PELLA'S WISH_5440,47,PELLA'S WISH,5440,Jagermeister Liqueur,1.75L,68,31.99,2024-12-31
64_CESTERFIELD_22019,64,CESTERFIELD,22019,Mumm Napa Brut Rose,750mL,20,15.99,2024-12-31
66_EANVERNESS_2159,66,EANVERNESS,2159,Connemara Irish Whiskey,750mL,18,39.99,2024-12-31
54_GUTHRAM_6398,54,GUTHRAM,6398,BV Coastal Estate Cab Svgn,750mL,12,7.99,2024-12-31
61_AETHELNEY_61,61,AETHELNEY,61,Margaritaville Silver,750mL,12,13.99,2024-12-31
61_AETHELNEY_5875,61,AETHELNEY,5875,Malibu Light Bl Hawaiian RTD,1.75L,7,17.99,2024-12-31
50_MOUNTMEND_23746,50,MOUNTMEND,23746,Ch Brannon 12 Pessac-Leognan,750mL,12,89.99,2024-12-31
41_LARNWICK_23514,41,LARNWICK,23514,Plantaze Vranac ProCorde Red,750mL,8,13.49,2024-12-31
67_EANVERNESS_26076,67,EANVERNESS,26076,Earthshaker Svgn Bl/Semillon,750mL,12,10.99,2024-12-31
41_LARNWICK_3840,41,LARNWICK,3840,Smirnoff Raspberry Vodka,1.75L,55,18.99,2024-12-31
60_IRRAGIN_2543,60,IRRAGIN,2543,Darnley's View Gin,750mL,8,19.99,2024-12-31
41_LARNWICK_28122,41,LARNWICK,28122,Dom Carneros Pnt Nr Napa Vly,750mL,6,21.99,2024-12-31
73_DONCASTER_25126,73,DONCASTER,25126,Zorvino Vyds Peachez,750mL,44,9.99,2024-12-31
70_KELD_3020,70,KELD,3020,Pinnacle Blueberry Vodka,750mL,7,9.99,2024-12-31
50_MOUNTMEND_1149,50,MOUNTMEND,1149,Crown Royal Regal Apple,375mL,0,14.99,2024-12-31
57_LANTEGLOS_2591,57,LANTEGLOS,2591,Cardhu Scotch,750mL,4,39.99,2024-12-31
50_MOUNTMEND_42124,50,MOUNTMEND,42124,Pieropan Soave Clsc,750mL,23,19.99,2024-12-31
72_HARDERSFIELD_18152,72,HARDERSFIELD,18152,Banfi Centine Mntcln Tscna,750mL,33,9.99,2024-12-31
54_GUTHRAM_3283,54,GUTHRAM,3283,New Amsterdam Apple Vodka,750mL,7,8.99,2024-12-31
68_SOLARIS_46325,68,SOLARIS,46325,Silver Mtn Honey Apple Wine,750mL,1,12.99,2024-12-31
73_DONCASTER_31488,73,DONCASTER,31488,Barefoot Chard Cal,750mL,49,4.99,2024-12-31
69_MOUNTMEND_845,69,MOUNTMEND,845,Bols Amaretto Liqueur,Liter,6,9.99,2024-12-31
58_HARTLEPOOL_31454,58,HARTLEPOOL,31454,Foxhorn SE Chard Australia,1.5L,8,6.99,2024-12-31
58_HARTLEPOOL_3150,58,HARTLEPOOL,3150,Svedka Mango Pineapple Vodka,750mL,11,10.99,2024-12-31
50_MOUNTMEND_6854,50,MOUNTMEND,6854,Carlo Rossi Burgundy Calif,4L,7,14.99,2024-12-31
42_BLACK HOLLOW_2132,42,BLACK HOLLOW,2132,Lord Calvert Canadian,1.75L,12,12.99,2024-12-31
73_DONCASTER_3389,73,DONCASTER,3389,Seagrams Extra Dry Gin,1.75L,56,16.99,2024-12-31
73_DONCASTER_906,73,DONCASTER,906,DeKuyper Watermelon Pucker,Liter,6,12.99,2024-12-31
73_DONCASTER_8136,73,DONCASTER,8136,Lazzaroni Amaretto,750mL,13,19.99,2024-12-31
67_EANVERNESS_41537,67,EANVERNESS,41537,Mer Soleil Chard Central Cst,750mL,16,27.99,2024-12-31
50_MOUNTMEND_23937,50,MOUNTMEND,23937,Caillot Bourgogne Rouge,750mL,18,21.99,2024-12-31
60_IRRAGIN_27504,60,IRRAGIN,27504,Mon Plaisir Minervois Charmi,750mL,6,14.99,2024-12-31
69_MOUNTMEND_12155,69,MOUNTMEND,12155,Root 1 Carmenere,750mL,33,9.99,2024-12-31
63_SWORDBREAK_254,63,SWORDBREAK,254,DeKuyper Root Beer Schnapps,Liter,1,10.99,2024-12-31
68_SOLARIS_31202,68,SOLARIS,31202,Beringer Fndrs Est Chard,750mL,24,8.99,2024-12-31
70_KELD_8475,70,KELD,8475,J Roget Extra Dry,187mL,34,1.79,2024-12-31
72_HARDERSFIELD_1817,72,HARDERSFIELD,1817,Irishman Founders RSV Whisky,750mL,0,21.99,2024-12-31
73_DONCASTER_8066,73,DONCASTER,8066,DeKuyper Triple Sec,1.75L,59,9.99,2024-12-31
67_EANVERNESS_6873,67,EANVERNESS,6873,Guigal Cotes du Rhone Red,750mL,24,14.99,2024-12-31
50_MOUNTMEND_5962,50,MOUNTMEND,5962,Vermont Ice Maple Creme,750mL,25,24.99,2024-12-31
43_WOLFORD_46764,43,WOLFORD,46764,Clayhouse Adobe Red Paso Rbl,750mL,14,11.99,2024-12-31
54_GUTHRAM_46189,54,GUTHRAM,46189,Napa Cellars Chard,750mL,7,16.99,2024-12-31
69_MOUNTMEND_20791,69,MOUNTMEND,20791,Belle Ambiance Pnt Grigio,750mL,13,7.99,2024-12-31
68_SOLARIS_3925,68,SOLARIS,3925,Don Julio Reposado Tequila,750mL,3,50.99,2024-12-31
46__5661,46,,5661,Dr McGillicuddy's Root Beer,750mL,0,13.99,2024-12-31
55_DRY GULCH_8691,55,DRY GULCH,8691,Jose Cuervo Especial,750mL,36,15.99,2024-12-31
71_CLARCTON_4062,71,CLARCTON,4062,Goslings Dark'N Stormy RTD,250mL 4 Pk,7,8.99,2024-12-31
41_LARNWICK_32900,41,LARNWICK,32900,Sandeman Tawny 40-Yr Port,750mL,3,119.99,2024-12-31
73_DONCASTER_2092,73,DONCASTER,2092,Great King St Artists Blend,750mL,10,36.99,2024-12-31
69_MOUNTMEND_17293,69,MOUNTMEND,17293,Defesa Branco White Alentejo,750mL,14,12.99,2024-12-31
67_EANVERNESS_2986,67,EANVERNESS,2986,Hibiki Harmony Japan Whiskey,750mL,11,69.99,2024-12-31
71_CLARCTON_4327,71,CLARCTON,4327,Capt Morgan Spiced Rum 100,750mL,2,19.99,2024-12-31
56_BEGGAR'S HOLE_19302,56,BEGGAR'S HOLE,19302,Tomaiolo Chianti Clsco Rsva,750mL,12,11.99,2024-12-31
62_KILMARNOCK_44717,62,KILMARNOCK,44717,Dom Chandon Rose Spklg,750mL,6,13.99,2024-12-31
67_EANVERNESS_3214,67,EANVERNESS,3214,Ciroc Mango Vodka,750mL,24,24.99,2024-12-31
42_BLACK HOLLOW_3724,42,BLACK HOLLOW,3724,Absolut Citron,750mL,9,17.99,2024-12-31
55_DRY GULCH_20431,55,DRY GULCH,20431,Januik Muscat Canelli Champx,750mL,0,7.99,2024-12-31
42_BLACK HOLLOW_32969,42,BLACK HOLLOW,32969,Alice White Shiraz Ausl,1.5L,11,13.99,2024-12-31
66_EANVERNESS_19558,66,EANVERNESS,19558,Verite La Joie Red Sonoma,750mL,2,424.99,2024-12-31
59_CLAETHORPES_3172,59,CLAETHORPES,3172,Skyy Infusions Blood Orange,750mL,20,12.99,2024-12-31
61_AETHELNEY_7996,61,AETHELNEY,7996,Stock Italian Sweet Vermouth,750mL,19,5.49,2024-12-31
59_CLAETHORPES_2270,59,CLAETHORPES,2270,Laphroaig Triple Wood,750mL,4,74.99,2024-12-31
49_GARIGILL_2810,49,GARIGILL,2810,Bib & Tucker Bourbon,750mL,4,55.99,2024-12-31
73_DONCASTER_26606,73,DONCASTER,26606,Loredona Moscato Monterey,750mL,48,5.99,2024-12-31
73_DONCASTER_27969,73,DONCASTER,27969,Fattoria le Pupille Poggio,750mL,12,36.99,2024-12-31
42_BLACK HOLLOW_812,42,BLACK HOLLOW,812,Jagermeister Liqueur,Liter,4,20.99,2024-12-31
41_LARNWICK_3405,41,LARNWICK,3405,Tito's Handmade Vodka,1.75L,358,28.99,2024-12-31
66_EANVERNESS_8623,66,EANVERNESS,8623,Casamigos Anejo Tequila,50mL,20,2.99,2024-12-31
66_EANVERNESS_4102,66,EANVERNESS,4102,Bacardi Raspberry Rum,750mL,13,9.99,2024-12-31
51_ABERDEEN_12944,51,ABERDEEN,12944,Middle Sister Rebel Red,750mL,16,12.99,2024-12-31
64_CESTERFIELD_3694,64,CESTERFIELD,3694,Stolichnaya Razberi,750mL,13,16.99,2024-12-31
63_SWORDBREAK_5536,63,SWORDBREAK,5536,St Brendans Irish Cream,50mL,110,1.49,2024-12-31
64_CESTERFIELD_41537,64,CESTERFIELD,41537,Mer Soleil Chard Central Cst,750mL,9,27.99,2024-12-31
48_NORFOLK_26383,48,NORFOLK,26383,Buehler Chard RRV,750mL,50,11.99,2024-12-31
67_EANVERNESS_3601,67,EANVERNESS,3601,Remy Martin V,750mL,13,36.99,2024-12-31
69_MOUNTMEND_25046,69,MOUNTMEND,25046,Bully Hill Love My Goat Rd,750mL,9,8.99,2024-12-31
69_MOUNTMEND_16829,69,MOUNTMEND,16829,C Y Toro Gran Reserva Cab Sv,750mL,16,13.99,2024-12-31
67_EANVERNESS_8744,67,EANVERNESS,8744,Jadot Bourgogne Pinot Noir,750mL,32,17.99,2024-12-31
69_MOUNTMEND_21001,69,MOUNTMEND,21001,Bonpas Cote du Rhone Rouge R,750mL,20,11.99,2024-12-31
49_GARIGILL_6433,49,GARIGILL,6433,Avion Anejo Tequila,750mL,15,54.99,2024-12-31
73_DONCASTER_38889,73,DONCASTER,38889,Justin Justification Paso R,750mL,24,45.99,2024-12-31
43_WOLFORD_6694,43,WOLFORD,6694,Lindemans Bin 65 Chard,750mL,13,7.99,2024-12-31
51_ABERDEEN_2800,51,ABERDEEN,2800,Laphroaig 15 Yr Single Malt,750mL,1,81.99,2024-12-31
73_DONCASTER_18806,73,DONCASTER,18806,Moet & Chandon Grand Vintage,750mL,11,50.99,2024-12-31
61_AETHELNEY_22143,61,AETHELNEY,22143,Simi Cab Svgn,750mL,31,13.79,2024-12-31
68_SOLARIS_2590,68,SOLARIS,2590,The Famous Grouse Smoky Blk,1.75L,13,39.99,2024-12-31
73_DONCASTER_22820,73,DONCASTER,22820,Rozes Vintage 2000 Old Port,750mL,17,42.99,2024-12-31
42_BLACK HOLLOW_5836,42,BLACK HOLLOW,5836,Bauers Obstler Echt,Liter,5,24.99,2024-12-31
67_EANVERNESS_25113,67,EANVERNESS,25113,Keller Est 13 Cruz Vyd Chard,750mL,17,36.99,2024-12-31
67_EANVERNESS_2405,67,EANVERNESS,2405,Old Tahoe Honey Rye,750mL,78,26.99,2024-12-31
49_GARIGILL_16555,49,GARIGILL,16555,Murrieta's Well The Whip Wh,750mL,8,16.99,2024-12-31
51_ABERDEEN_3140,51,ABERDEEN,3140,TGI Fridays Orange Dream,1.75L,5,12.99,2024-12-31
48_NORFOLK_8627,48,NORFOLK,8627,Jadot Beaujolais Villages,750mL,23,7.98,2024-12-31
67_EANVERNESS_77,67,EANVERNESS,77,Three Olives Espresso Vodka,750mL,81,14.99,2024-12-31
61_AETHELNEY_2696,61,AETHELNEY,2696,McClelland Highland Sgl Malt,1.75L,8,35.99,2024-12-31
45_VERITAS_5168,45,VERITAS,5168,Kahlua French Vanilla,750mL,5,18.99,2024-12-31
70_KELD_513,70,KELD,513,Ocean Vodka,750mL,3,29.99,2024-12-31
70_KELD_4251,70,KELD,4251,Havana Club Anejo Clsco Gold,50mL,62,0.99,2024-12-31
73_DONCASTER_18102,73,DONCASTER,18102,Ruffino Greppone Mazzi Bru,750mL,14,49.99,2024-12-31
64_CESTERFIELD_2893,64,CESTERFIELD,2893,Glenmorangie Quinta Ruban,750mL,7,50.99,2024-12-31
66_EANVERNESS_22326,66,EANVERNESS,22326,Saved Red,750mL,52,19.99,2024-12-31
67_EANVERNESS_46621,67,EANVERNESS,46621,Erath Pnt Nr Estate OR,750mL,12,23.99,2024-12-31
70_KELD_273,70,KELD,273,Sauza Extra Gold Tequila,1.75L,39,21.99,2024-12-31
50_MOUNTMEND_2436,50,MOUNTMEND,2436,Crown Royal,375mL,45,14.99,2024-12-31
66_EANVERNESS_25877,66,EANVERNESS,25877,Ravage Cab Svgn,750mL,95,11.99,2024-12-31
68_SOLARIS_3503,68,SOLARIS,3503,Smirnoff Sorbet Rasp/Pomegra,750mL,20,12.99,2024-12-31
49_GARIGILL_211,49,GARIGILL,211,Cold River Gin,750mL,13,29.99,2024-12-31
65_LUTON_6859,65,LUTON,6859,C Y Toro Frontera Chard,1.5L,23,10.99,2024-12-31
71_CLARCTON_36843,71,CLARCTON,36843,Frey Cab Svgn Organic Mendcn,750mL,10,15.99,2024-12-31
44_PORTHCRAWL_812,44,PORTHCRAWL,812,Jagermeister Liqueur,Liter,34,20.99,2024-12-31
44_PORTHCRAWL_20699,44,PORTHCRAWL,20699,Fantini Monteplciano D'Abruz,750mL,3,11.99,2024-12-31
69_MOUNTMEND_4625,69,MOUNTMEND,4625,Courvoisier XO Cognac,750mL,6,139.99,2024-12-31
59_CLAETHORPES_13163,59,CLAETHORPES,13163,Barefoot Bubbly Moscato,750mL,54,6.95,2024-12-31
49_GARIGILL_2711,49,GARIGILL,2711,Grant's Ale Cask Finish,750mL,11,19.99,2024-12-31
54_GUTHRAM_26250,54,GUTHRAM,26250,Roederer Est Brut,750mL,16,19.99,2024-12-31
69_MOUNTMEND_8708,69,MOUNTMEND,8708,Kamchatka Vodka,Liter,24,6.29,2024-12-31
69_MOUNTMEND_19947,69,MOUNTMEND,19947,Josh Cellars Svgn Bl,750mL,14,13.99,2024-12-31
72_HARDERSFIELD_23523,72,HARDERSFIELD,23523,19 Crimes Cab Svgn,750mL,7,9.99,2024-12-31
44_PORTHCRAWL_27031,44,PORTHCRAWL,27031,Opus One 2013,750mL,2,264.99,2024-12-31
60_IRRAGIN_3020,60,IRRAGIN,3020,Pinnacle Blueberry Vodka,750mL,8,9.99,2024-12-31
66_EANVERNESS_37792,66,EANVERNESS,37792,Blackstone Pnt Nr Monterey,750mL,47,7.99,2024-12-31
60_IRRAGIN_4363,60,IRRAGIN,4363,Capt Morgan Black Spiced Rum,1.75L,10,32.99,2024-12-31
69_MOUNTMEND_16695,69,MOUNTMEND,16695,Ch Hyot Brdx Castillon,750mL,105,15.99,2024-12-31
50_MOUNTMEND_24584,50,MOUNTMEND,24584,Moshin Vyds Pnt Nr Est Grown,750mL,12,39.99,2024-12-31
54_GUTHRAM_14672,54,GUTHRAM,14672,Duckhorn Decoy Cab Svgn,750mL,29,16.95,2024-12-31
72_HARDERSFIELD_44511,72,HARDERSFIELD,44511,MacMurray Ranch C Cst Pnt Nr,750mL,11,14.99,2024-12-31
73_DONCASTER_30117,73,DONCASTER,30117,Clos Haut Peyraguey 2014,750mL,0,44.49,2024-12-31
67_EANVERNESS_11280,67,EANVERNESS,11280,Cabreo La Pietra White,750mL,1,32.99,2024-12-31
56_BEGGAR'S HOLE_408,56,BEGGAR'S HOLE,408,Wild Turkey American Honey,750mL,24,19.99,2024-12-31
53_HILLFAR_42421,53,HILLFAR,42421,Firesteed Pnt Gris Ore,750mL,25,13.99,2024-12-31
60_IRRAGIN_8171,60,IRRAGIN,8171,Leroux Blackberry Brandy,50mL,127,0.99,2024-12-31
60_IRRAGIN_45332,60,IRRAGIN,45332,Cono Sur Pnt Nr Rapel,750mL,10,6.99,2024-12-31
57_LANTEGLOS_4195,57,LANTEGLOS,4195,Calico Jack Spiced Rum No 94,750mL,10,10.99,2024-12-31
44_PORTHCRAWL_3176,44,PORTHCRAWL,3176,Smugglers Notch Vodka,750mL,12,27.99,2024-12-31
41_LARNWICK_11443,41,LARNWICK,11443,Ravenswood Petite Sirah Vnts,750mL,16,8.99,2024-12-31
53_HILLFAR_3704,53,HILLFAR,3704,Ciroc Pineapple Vodka,750mL,25,24.99,2024-12-31
67_EANVERNESS_28579,67,EANVERNESS,28579,R M Woodbridge Merlot Cal,750mL,31,7.99,2024-12-31
41_LARNWICK_21194,41,LARNWICK,21194,Paul Hobbs Beckstoffer Cab S,750mL,4,425.99,2024-12-31
49_GARIGILL_2984,49,GARIGILL,2984,Diva Platinum Citrus Infused,750mL,19,27.99,2024-12-31
71_CLARCTON_7865,71,CLARCTON,7865,Moet & Chandon Imperial,750mL,32,34.99,2024-12-31
56_BEGGAR'S HOLE_3100,56,BEGGAR'S HOLE,3100,Ciroc Red Berry Vodka,1.75L,7,48.99,2024-12-31
60_IRRAGIN_43809,60,IRRAGIN,43809,R M Woodbridge Pnt Nr,1.5L,16,8.99,2024-12-31
69_MOUNTMEND_24498,69,MOUNTMEND,24498,Cuvaison Chard,750mL,12,24.99,2024-12-31
50_MOUNTMEND_39219,50,MOUNTMEND,39219,Masi Masianco Pnt Grg/Verd,750mL,9,14.99,2024-12-31
46__20863,46,,20863,W Hill Est Chard N Coast,750mL,0,10.95,2024-12-31
41_LARNWICK_33216,41,LARNWICK,33216,Sycamore Lane Wh Znfdl Cal,1.5L,9,8.49,2024-12-31
44_PORTHCRAWL_2770,44,PORTHCRAWL,2770,Hudson Single Malt Whiskey,375mL,11,39.99,2024-12-31
73_DONCASTER_26280,73,DONCASTER,26280,Chalone Estate Grown Chard,750mL,86,15.99,2024-12-31
70_KELD_3579,70,KELD,3579,Ciroc Pineapple Vodka,375mL,5,15.49,2024-12-31
54_GUTHRAM_2333,54,GUTHRAM,2333,Bruichladdich Scotish Barley,750mL,3,49.99,2024-12-31
50_MOUNTMEND_16786,50,MOUNTMEND,16786,Attrezzi 10 Moscato d'Asti,750mL,48,12.99,2024-12-31
61_AETHELNEY_3578,61,AETHELNEY,3578,Stolichnaya Elit Vodka,750mL,79,49.99,2024-12-31
49_GARIGILL_40051,49,GARIGILL,40051,Concannon Select Vyds Pnt Nr,750mL,22,7.99,2024-12-31
59_CLAETHORPES_19302,59,CLAETHORPES,19302,Tomaiolo Chianti Clsco Rsva,750mL,14,11.99,2024-12-31
57_LANTEGLOS_5033,57,LANTEGLOS,5033,Fireball Cinnamon Whisky,Liter,2,17.99,2024-12-31
52_GRAYCOTT_5713,52,GRAYCOTT,5713,DeKuyper Sour Apple Pucker,1.75L,6,16.99,2024-12-31
67_EANVERNESS_23022,67,EANVERNESS,23022,Jarhead Chard,750mL,3,13.99,2024-12-31
66_EANVERNESS_23521,66,EANVERNESS,23521,Insurrection Cab/Shiraz,750mL,25,10.99,2024-12-31
49_GARIGILL_31493,49,GARIGILL,31493,Barefoot Merlot Cal,750mL,10,4.99,2024-12-31
67_EANVERNESS_28155,67,EANVERNESS,28155,Sauvion Muscadet Ch de Cler,750mL,22,16.99,2024-12-31
43_WOLFORD_4222,43,WOLFORD,4222,Bacardi Gold Rum,750mL,1,9.99,2024-12-31
71_CLARCTON_3890,71,CLARCTON,3890,Absolut Peppar,750mL,8,17.99,2024-12-31
48_NORFOLK_1347,48,NORFOLK,1347,Bakers Bourbon,750mL,12,39.99,2024-12-31
55_DRY GULCH_27558,55,DRY GULCH,27558,Donatella Cinelli Colombini,750mL,10,54.99,2024-12-31
63_SWORDBREAK_8907,63,SWORDBREAK,8907,Carlo Rossi Burgundy Calif,1.5L,8,6.99,2024-12-31
69_MOUNTMEND_46947,69,MOUNTMEND,46947,Murphy-Goode Merlot Alexandr,750mL,6,12.99,2024-12-31
59_CLAETHORPES_44266,59,CLAETHORPES,44266,Mommys Time Out Garganega/P,750mL,13,8.99,2024-12-31
60_IRRAGIN_7130,60,IRRAGIN,7130,Smirnoff Green Apple Vodka,1.75L,13,15.99,2024-12-31
73_DONCASTER_2083,73,DONCASTER,2083,Flag Hill Straight Bourbon,750mL,13,39.99,2024-12-31
50_MOUNTMEND_14526,50,MOUNTMEND,14526,Girardin Bourg St Vncn Chard,750mL,24,19.99,2024-12-31
69_MOUNTMEND_23595,69,MOUNTMEND,23595,Almaden Burgundy B/B,5L,10,14.99,2024-12-31
44_PORTHCRAWL_966,44,PORTHCRAWL,966,Patron Citronge Orange Liqu,750mL,12,20.99,2024-12-31
57_LANTEGLOS_5311,57,LANTEGLOS,5311,Amaretto DiSaronno,1.75L,15,34.99,2024-12-31
50_MOUNTMEND_19807,50,MOUNTMEND,19807,Mont Gravet Colombard,750mL,17,10.99,2024-12-31
72_HARDERSFIELD_27867,72,HARDERSFIELD,27867,Vendange Merlot,1.5L,13,7.99,2024-12-31
64_CESTERFIELD_3150,64,CESTERFIELD,3150,Svedka Mango Pineapple Vodka,750mL,19,10.99,2024-12-31
43_WOLFORD_19055,43,WOLFORD,19055,Wolf Blass Yllw Lbl Cab Svgn,750mL,10,9.99,2024-12-31
66_EANVERNESS_19169,66,EANVERNESS,19169,Anterra Chardonnay,750mL,1,7.99,2024-12-31
55_DRY GULCH_3766,55,DRY GULCH,3766,Three Olives Grape Vodka,750mL,62,14.99,2024-12-31
69_MOUNTMEND_16541,69,MOUNTMEND,16541,Atamisque Assemblage,750mL,3,32.99,2024-12-31
59_CLAETHORPES_11480,59,CLAETHORPES,11480,Candia Vyds Noiret Vault RSV,750mL,15,14.99,2024-12-31
66_EANVERNESS_3004,66,EANVERNESS,3004,Clix Vodka,750mL,1,299.99,2024-12-31
49_GARIGILL_5308,49,GARIGILL,5308,Paul Masson Red Berry Brandy,50mL,104,0.99,2024-12-31
42_BLACK HOLLOW_13458,42,BLACK HOLLOW,13458,Ch Ste Michelle Harvest Rsl,750mL,7,8.99,2024-12-31
41_LARNWICK_1148,41,LARNWICK,1148,Old New England Egg Nog,750mL,0,6.99,2024-12-31
56_BEGGAR'S HOLE_4089,56,BEGGAR'S HOLE,4089,Capt Morgan White,1.75L,12,20.99,2024-12-31
61_AETHELNEY_14475,61,AETHELNEY,14475,Belcreme de Lys Chard,750mL,16,9.99,2024-12-31
67_EANVERNESS_33149,67,EANVERNESS,33149,Alamos Ridge Malbec Mendoza,750mL,100,8.99,2024-12-31
51_ABERDEEN_4294,51,ABERDEEN,4294,Goslings Black Seal 151,750mL,15,15.99,2024-12-31
42_BLACK HOLLOW_19037,42,BLACK HOLLOW,19037,Gunsight Rock Cab Svgn,750mL,5,17.99,2024-12-31
41_LARNWICK_7261,41,LARNWICK,7261,Gallo X Dry Vermouth,750mL,20,5.49,2024-12-31
55_DRY GULCH_19219,55,DRY GULCH,19219,Eppa White Sangria Organic,750mL,14,12.99,2024-12-31
41_LARNWICK_2579,41,LARNWICK,2579,Stillhouse Apple Crisp Moons,750mL,9,22.99,2024-12-31
56_BEGGAR'S HOLE_3658,56,BEGGAR'S HOLE,3658,Patron Anejo Tequila,750mL,15,58.99,2024-12-31
50_MOUNTMEND_23272,50,MOUNTMEND,23272,Columbia Winery Red Blend,750mL,10,11.99,2024-12-31
49_GARIGILL_18801,49,GARIGILL,18801,Bolla Prosecco Extra Dry,750mL,20,10.99,2024-12-31
48_NORFOLK_8458,48,NORFOLK,8458,Agave Underground Tequila,750mL,1,34.99,2024-12-31
50_MOUNTMEND_12803,50,MOUNTMEND,12803,Ravenswood Vntrs Blend Znfdl,1.5L,8,16.99,2024-12-31
44_PORTHCRAWL_39716,44,PORTHCRAWL,39716,Ravenswood Vntrs Blnd Shiraz,750mL,18,8.99,2024-12-31
68_SOLARIS_32675,68,SOLARIS,32675,Blackstone Cab Svgn Cal,750mL,31,7.99,2024-12-31
44_PORTHCRAWL_33055,44,PORTHCRAWL,33055,Cape Indaba Svgn Bl S Africa,750mL,14,8.99,2024-12-31
68_SOLARIS_26275,68,SOLARIS,26275,Fathom Merlot 13,750mL,0,12.99,2024-12-31
55_DRY GULCH_44911,55,DRY GULCH,44911,Spy Valley Svgn Bl Marlboro,750mL,10,14.99,2024-12-31
59_CLAETHORPES_36523,59,CLAETHORPES,36523,Ch Macard Brdx Superieur,750mL,7,14.99,2024-12-31
50_MOUNTMEND_46785,50,MOUNTMEND,46785,Oops Spicy Splendr Carmenere,750mL,15,9.99,2024-12-31
50_MOUNTMEND_20788,50,MOUNTMEND,20788,Mt Tabor Galilee Chard,750mL,25,16.99,2024-12-31
55_DRY GULCH_8619,55,DRY GULCH,8619,Canadian Club,375mL,23,5.99,2024-12-31
44_PORTHCRAWL_21231,44,PORTHCRAWL,21231,La Marca Prosecco,187mL,15,4.99,2024-12-31
73_DONCASTER_19559,73,DONCASTER,19559,Cardinale Cab Svgn Napa Vly,750mL,5,224.99,2024-12-31
70_KELD_1748,70,KELD,1748,William Grant Scotch,750mL,3,14.99,2024-12-31
72_HARDERSFIELD_3989,72,HARDERSFIELD,3989,Deep Eddy Lemon Vodka,750mL,37,15.99,2024-12-31
50_MOUNTMEND_17040,50,MOUNTMEND,17040,Sutter Home Pink Moscato,187mL 4 Pk,13,5.99,2024-12-31
70_KELD_28889,70,KELD,28889,Peter Vella Chard Cal B/B,5L,6,15.49,2024-12-31
41_LARNWICK_4938,41,LARNWICK,4938,Kapali Coffee,750mL,95,8.99,2024-12-31
60_IRRAGIN_21382,60,IRRAGIN,21382,Barkan Clsc Merlot,750mL,11,13.99,2024-12-31
55_DRY GULCH_6448,55,DRY GULCH,6448,Dubonnet Rouge,750mL,19,10.49,2024-12-31
71_CLARCTON_37435,71,CLARCTON,37435,Duval-Leroy Champagne Brut,750mL,9,31.99,2024-12-31
47_PELLA'S WISH_2893,47,PELLA'S WISH,2893,Glenmorangie Quinta Ruban,750mL,2,50.99,2024-12-31
50_MOUNTMEND_23512,50,MOUNTMEND,23512,Plantaze Krstac Montenegro W,750mL,23,11.49,2024-12-31
60_IRRAGIN_25184,60,IRRAGIN,25184,Riglos Gran Cab Svgn,750mL,1,24.99,2024-12-31
68_SOLARIS_8408,68,SOLARIS,8408,Wild Turkey American Honey,1.75L,16,35.99,2024-12-31
49_GARIGILL_16314,49,GARIGILL,16314,Line 39 Chard,750mL,28,9.99,2024-12-31
60_IRRAGIN_18642,60,IRRAGIN,18642,Yellow Tail Pink Moscato,1.5L,16,8.95,2024-12-31
56_BEGGAR'S HOLE_2373,56,BEGGAR'S HOLE,2373,Jim Beam Maple,750mL,23,14.99,2024-12-31
42_BLACK HOLLOW_24842,42,BLACK HOLLOW,24842,Jacobs Crk Shrz/Cab Svgn,750mL,11,5.99,2024-12-31
70_KELD_5233,70,KELD,5233,Cointreau Liqueur,375mL,4,19.99,2024-12-31
47_PELLA'S WISH_37235,47,PELLA'S WISH,37235,Mionetto Il Prosecco Spklg,750mL,7,11.99,2024-12-31
44_PORTHCRAWL_26530,44,PORTHCRAWL,26530,Corbett Canyon Merlot,1.5L,10,8.99,2024-12-31
59_CLAETHORPES_1378,59,CLAETHORPES,1378,Jim Beam,375mL,33,9.49,2024-12-31
49_GARIGILL_21055,49,GARIGILL,21055,Sandeman Imperial 20-Yr Taw,750mL,11,39.99,2024-12-31
68_SOLARIS_2287,68,SOLARIS,2287,Johnnie Walker Double Black,750mL,11,39.99,2024-12-31
60_IRRAGIN_5810,60,IRRAGIN,5810,Cuervo Watermelon Margaritas,1.75L,7,16.99,2024-12-31
41_LARNWICK_24817,41,LARNWICK,24817,Mirassou Pnt Nr,1.5L,7,17.99,2024-12-31
67_EANVERNESS_29434,67,EANVERNESS,29434,Clos du Val Merlot Napa,750mL,11,24.99,2024-12-31
60_IRRAGIN_2145,60,IRRAGIN,2145,WolfHound Irish Whiskey,750mL,14,17.99,2024-12-31
41_LARNWICK_40136,41,LARNWICK,40136,Cakebread Merlot Napa,750mL,12,47.99,2024-12-31
44_PORTHCRAWL_17876,44,PORTHCRAWL,17876,Darkhorse Cab Svgn,750mL,14,7.99,2024-12-31
72_HARDERSFIELD_17350,72,HARDERSFIELD,17350,Moonlight Meadery Sensual,375mL,13,13.99,2024-12-31
54_GUTHRAM_6867,54,GUTHRAM,6867,Rodney Strong Pnt Nr,750mL,13,17.99,2024-12-31
70_KELD_4218,70,KELD,4218,Sailor Jerry Spiced Navy Rum,750mL,40,16.99,2024-12-31
68_SOLARIS_25138,68,SOLARIS,25138,Terlatto & Chapoutier Shiraz,750mL,21,19.99,2024-12-31
67_EANVERNESS_6520,67,EANVERNESS,6520,LeCompte Calvados 5 Yr Old,750mL,4,55.99,2024-12-31
71_CLARCTON_16829,71,CLARCTON,16829,C Y Toro Gran Reserva Cab Sv,750mL,21,13.99,2024-12-31
66_EANVERNESS_24875,66,EANVERNESS,24875,Glen Ellen Merlot RSV,1.5L,15,6.99,2024-12-31
49_GARIGILL_33143,49,GARIGILL,33143,Our Daily Red,750mL,7,8.99,2024-12-31
49_GARIGILL_2767,49,GARIGILL,2767,Johnnie Walker Blue Label,750mL,9,191.99,2024-12-31
50_MOUNTMEND_2366,50,MOUNTMEND,2366,Templeton Rye Whiskey,750mL,6,34.99,2024-12-31
50_MOUNTMEND_33032,50,MOUNTMEND,33032,Rombauer Znfdl,750mL,52,27.99,2024-12-31
57_LANTEGLOS_1595,57,LANTEGLOS,1595,Gentleman Jack,375mL,6,13.99,2024-12-31
58_HARTLEPOOL_2990,58,HARTLEPOOL,2990,Bulldog Gin,750mL,11,22.99,2024-12-31
50_MOUNTMEND_20674,50,MOUNTMEND,20674,Tolaini Al Passo Toscana,750mL,26,24.99,2024-12-31
41_LARNWICK_6329,41,LARNWICK,6329,R M Woodbridge Wh Znfdl Cal,1.5L,16,8.99,2024-12-31
42_BLACK HOLLOW_1346,42,BLACK HOLLOW,1346,Knob Creek Bourbon,750mL,21,30.99,2024-12-31
69_MOUNTMEND_14834,69,MOUNTMEND,14834,White Elephant Vinum Cellars,750mL,7,17.99,2024-12-31
69_MOUNTMEND_3054,69,MOUNTMEND,3054,Smirnoff Kissed Caramel,750mL,9,10.99,2024-12-31
55_DRY GULCH_1226,55,DRY GULCH,1226,Lexington Bourbon,750mL,15,23.99,2024-12-31
50_MOUNTMEND_27367,50,MOUNTMEND,27367,Ch Haut Bommes Sauternes 10,375mL,28,19.99,2024-12-31
43_WOLFORD_7715,43,WOLFORD,7715,Andre Extra Dry,750mL,12,5.49,2024-12-31
50_MOUNTMEND_7215,50,MOUNTMEND,7215,Lancers Rose,750mL,15,5.99,2024-12-31
69_MOUNTMEND_44362,69,MOUNTMEND,44362,Cusumano Nero D'Avola Sicily,750mL,14,10.99,2024-12-31
67_EANVERNESS_8101,67,EANVERNESS,8101,Tanqueray,50mL,109,1.99,2024-12-31
69_MOUNTMEND_3227,69,MOUNTMEND,3227,Taaka Gin,1.75L,37,8.99,2024-12-31
51_ABERDEEN_2676,51,ABERDEEN,2676,Grand MacNish,1.75L,6,14.99,2024-12-31
55_DRY GULCH_21320,55,DRY GULCH,21320,Zion Dolev Muscato,750mL,0,10.99,2024-12-31
66_EANVERNESS_7266,66,EANVERNESS,7266,Fonseca Bin No 27,750mL,40,13.99,2024-12-31
60_IRRAGIN_6655,60,IRRAGIN,6655,Carlo Rossi Paisano Calif,1.5L,11,6.99,2024-12-31
41_LARNWICK_35088,41,LARNWICK,35088,Newport Vyds Great White RI,750mL,6,9.99,2024-12-31
71_CLARCTON_25704,71,CLARCTON,25704,Murphy-Goode Chard Sonoma,750mL,14,12.99,2024-12-31
68_SOLARIS_2994,68,SOLARIS,2994,Hudson Manhattan Rye,750mL,6,49.99,2024-12-31
54_GUTHRAM_14240,54,GUTHRAM,14240,Ninety+Cellars Lot 2 Svgn Bl,750mL,16,8.99,2024-12-31
54_GUTHRAM_18347,54,GUTHRAM,18347,Banfi Pnt Grigio San Angelo,750mL,57,16.99,2024-12-31
41_LARNWICK_2104,41,LARNWICK,2104,Westland American Sngle Malt,750mL,5,79.99,2024-12-31
68_SOLARIS_21001,68,SOLARIS,21001,Bonpas Cote du Rhone Rouge R,750mL,6,11.99,2024-12-31
66_EANVERNESS_3857,66,EANVERNESS,3857,Grey Goose Vodka,1.75L,59,49.99,2024-12-31
47_PELLA'S WISH_8023,47,PELLA'S WISH,8023,DeKuyper Triple Sec,750mL,21,4.49,2024-12-31
55_DRY GULCH_2593,55,DRY GULCH,2593,James Oliver American Whisky,750mL,10,29.99,2024-12-31
64_CESTERFIELD_16314,64,CESTERFIELD,16314,Line 39 Chard,750mL,17,9.99,2024-12-31
45_VERITAS_3782,45,VERITAS,3782,Grey Goose Le Citron Vodka,750mL,8,23.99,2024-12-31
54_GUTHRAM_28163,54,GUTHRAM,28163,Villa Maria Svgn Bl Pvt Bin,750mL,5,11.99,2024-12-31
51_ABERDEEN_6572,51,ABERDEEN,6572,Ch Greysac,750mL,18,16.99,2024-12-31
53_HILLFAR_2606,53,HILLFAR,2606,Glenmorangie Original 18Yr,750mL,4,99.99,2024-12-31
49_GARIGILL_2041,49,GARIGILL,2041,Redbreast 15 Yr Old Irish,750mL,4,89.99,2024-12-31
69_MOUNTMEND_25005,69,MOUNTMEND,25005,Volpaia Chianti Clsco,750mL,1,17.99,2024-12-31
50_MOUNTMEND_24714,50,MOUNTMEND,24714,La Perla Rioja Blanca,750mL,19,11.99,2024-12-31
42_BLACK HOLLOW_5365,42,BLACK HOLLOW,5365,Kahlua,750mL,48,18.99,2024-12-31
53_HILLFAR_6402,53,HILLFAR,6402,Avion Silver Tequila,750mL,2,44.99,2024-12-31
50_MOUNTMEND_1174,50,MOUNTMEND,1174,Rebel Yell,1.75L,40,19.99,2024-12-31
50_MOUNTMEND_12495,50,MOUNTMEND,12495,Cupcake Malbec,750mL,21,7.49,2024-12-31
60_IRRAGIN_1714,60,IRRAGIN,1714,Smoky Quartz V5 Bourbon,375mL,8,27.99,2024-12-31
49_GARIGILL_42403,49,GARIGILL,42403,Hendry Chard Napa Unoaked,750mL,5,21.99,2024-12-31
57_LANTEGLOS_3397,57,LANTEGLOS,3397,Ciroc Red Berry Vodka,750mL,2,24.99,2024-12-31
55_DRY GULCH_39517,55,DRY GULCH,39517,J Lohr Seven Oaks Cab Svgn,1.5L,11,30.99,2024-12-31
43_WOLFORD_3545,43,WOLFORD,3545,Ketel One Vodka,1.75L,101,29.99,2024-12-31
55_DRY GULCH_19191,55,DRY GULCH,19191,Noble Vines The One Black,750mL,28,11.99,2024-12-31
53_HILLFAR_5822,53,HILLFAR,5822,Ryans Irish Cream,375mL,1,7.99,2024-12-31
44_PORTHCRAWL_16261,44,PORTHCRAWL,16261,The Dreaming Tree CC Chard,750mL,36,12.99,2024-12-31
67_EANVERNESS_3039,67,EANVERNESS,3039,Stolichnaya Salted Karamel,750mL,17,16.99,2024-12-31
56_BEGGAR'S HOLE_22030,56,BEGGAR'S HOLE,22030,Pulenta Est La Flor Malbec,750mL,13,15.99,2024-12-31
50_MOUNTMEND_2164,50,MOUNTMEND,2164,New Amsterdam Gin,1.75L,170,16.99,2024-12-31
73_DONCASTER_27780,73,DONCASTER,27780,Jadot Beaune Les Greves 14,750mL,4,46.99,2024-12-31
66_EANVERNESS_20767,66,EANVERNESS,20767,Chehalem Inox Chard Wlmt Vly,750mL,1,19.99,2024-12-31
55_DRY GULCH_4938,55,DRY GULCH,4938,Kapali Coffee,750mL,23,8.99,2024-12-31
72_HARDERSFIELD_4124,72,HARDERSFIELD,4124,Blue Chair Bay Banana Cream,50mL,0,0.99,2024-12-31
66_EANVERNESS_18865,66,EANVERNESS,18865,Mirafiore Barolo,750mL,26,37.99,2024-12-31
63_SWORDBREAK_8921,63,SWORDBREAK,8921,Sterling Cab Svgn,750mL,7,16.95,2024-12-31
68_SOLARIS_8458,68,SOLARIS,8458,Agave Underground Tequila,750mL,4,34.99,2024-12-31
58_HARTLEPOOL_2757,58,HARTLEPOOL,2757,Johnnie Walker Red Label,1.75L,60,28.99,2024-12-31
50_MOUNTMEND_45276,50,MOUNTMEND,45276,Smoking Loon Znfdl Cal,750mL,20,6.79,2024-12-31
60_IRRAGIN_5130,60,IRRAGIN,5130,X Rated Fusion Liqueur,750mL,5,19.99,2024-12-31
48_NORFOLK_3107,48,NORFOLK,3107,Don Julio 70th Anniversary,750mL,3,66.99,2024-12-31
42_BLACK HOLLOW_38899,42,BLACK HOLLOW,38899,L Martini Cab Svgn Sonoma,750mL,28,12.99,2024-12-31
73_DONCASTER_37794,73,DONCASTER,37794,Blackstone Znfdl Cal,750mL,12,8.99,2024-12-31
68_SOLARIS_5741,68,SOLARIS,5741,Merry Wh Chocolate Liqueur,750mL,11,14.99,2024-12-31
55_DRY GULCH_361,55,DRY GULCH,361,Effen Cucumber Vodka,750mL,11,19.99,2024-12-31
50_MOUNTMEND_31494,50,MOUNTMEND,31494,Barefoot Merlot Cal,1.5L,99,10.99,2024-12-31
49_GARIGILL_22275,49,GARIGILL,22275,Markham Merlot,750mL,6,22.99,2024-12-31
72_HARDERSFIELD_8523,72,HARDERSFIELD,8523,Glen Ellen Chard RSV,750mL,15,4.99,2024-12-31
56_BEGGAR'S HOLE_1036,56,BEGGAR'S HOLE,1036,Jameson Trilogy Pack,200mL 3 Pk,1,39.99,2024-12-31
52_GRAYCOTT_6319,52,GRAYCOTT,6319,Santa Cristina Toscana,750mL,6,10.99,2024-12-31
43_WOLFORD_8749,43,WOLFORD,8749,Lugny Les Charmes Macon,750mL,8,15.99,2024-12-31
61_AETHELNEY_1365,61,AETHELNEY,1365,Stoli Mini Bar 5/50mLs Pack,50mL 5 Pk,15,7.99,2024-12-31
41_LARNWICK_2614,41,LARNWICK,2614,Dewars Special RSV 12-Year,1.75L,11,53.99,2024-12-31
52_GRAYCOTT_27735,52,GRAYCOTT,27735,Bogle Cab Svgn Cal,750mL,11,10.99,2024-12-31
55_DRY GULCH_2232,55,DRY GULCH,2232,Sipsmith Gin,750mL,7,37.99,2024-12-31
68_SOLARIS_4488,68,SOLARIS,4488,Zhenka Tropical Dark Rum,1.75L,22,11.49,2024-12-31
50_MOUNTMEND_8840,50,MOUNTMEND,8840,Burnetts Gin,1.75L,35,11.99,2024-12-31
49_GARIGILL_5255,49,GARIGILL,5255,TGI Fridays Ultimte Mudslide,1.75L,16,12.99,2024-12-31
67_EANVERNESS_5440,67,EANVERNESS,5440,Jagermeister Liqueur,1.75L,90,31.99,2024-12-31
57_LANTEGLOS_3405,57,LANTEGLOS,3405,Tito's Handmade Vodka,1.75L,71,28.99,2024-12-31
55_DRY GULCH_8637,55,DRY GULCH,8637,Metaxa Ouzo,750mL,14,17.99,2024-12-31
69_MOUNTMEND_16843,69,MOUNTMEND,16843,Barefoot Cellars Red Moscato,750mL,9,4.99,2024-12-31
54_GUTHRAM_6231,54,GUTHRAM,6231,Mumm Brut Prestige,750mL,35,15.95,2024-12-31
66_EANVERNESS_20252,66,EANVERNESS,20252,Round Pond Est Cab Rutherfrd,750mL,14,56.99,2024-12-31
46__44712,46,,44712,Sonoma-Cutrer Chard Sonoma,750mL,0,20.99,2024-12-31
54_GUTHRAM_5109,54,GUTHRAM,5109,Dr McGillicuddy's Menth Trav,750mL,11,13.99,2024-12-31
56_BEGGAR'S HOLE_4233,56,BEGGAR'S HOLE,4233,Castillo Silver Label Rum,1.75L,9,10.99,2024-12-31
55_DRY GULCH_8361,55,DRY GULCH,8361,Carlo Rossi Chablis Calif,4L,9,14.99,2024-12-31
50_MOUNTMEND_44986,50,MOUNTMEND,44986,Gruet Rose Brut,750mL,38,16.99,2024-12-31
41_LARNWICK_26850,41,LARNWICK,26850,Seven Daughters Moscato 4 Pk,250mL 4 Pk,3,14.99,2024-12-31
68_SOLARIS_23479,68,SOLARIS,23479,HandCraft Pnt Grigio,750mL,3,9.99,2024-12-31
51_ABERDEEN_46764,51,ABERDEEN,46764,Clayhouse Adobe Red Paso Rbl,750mL,22,11.99,2024-12-31
49_GARIGILL_28890,49,GARIGILL,28890,Peter Vella Wh Znfdl Cal,5L,7,14.99,2024-12-31
61_AETHELNEY_26435,61,AETHELNEY,26435,Savory & James Fino Sherry,750mL,2,9.99,2024-12-31
54_GUTHRAM_2607,54,GUTHRAM,2607,Grand MacNish 12 Yr Old,750mL,10,21.99,2024-12-31
50_MOUNTMEND_35471,50,MOUNTMEND,35471,R M Woodbridge Pnt Grigio,750mL,150,7.99,2024-12-31
67_EANVERNESS_33953,67,EANVERNESS,33953,L Bernard Cotes du Rhone,750mL,11,11.99,2024-12-31
50_MOUNTMEND_1226,50,MOUNTMEND,1226,Lexington Bourbon,750mL,17,23.99,2024-12-31
48_NORFOLK_2742,48,NORFOLK,2742,Aberfeldy 12 Yr Single Malt,750mL,8,44.99,2024-12-31
45_VERITAS_3606,45,VERITAS,3606,Smirnoff Raspberry Vodka,50mL,89,0.99,2024-12-31
68_SOLARIS_19360,68,SOLARIS,19360,Finca La Linda Cab Svgn,750mL,13,9.99,2024-12-31
72_HARDERSFIELD_5218,72,HARDERSFIELD,5218,Chila Orchata Cinnamon Cream,750mL,2,13.99,2024-12-31
66_EANVERNESS_1484,66,EANVERNESS,1484,Knob Creek Rye,1.75L,4,55.99,2024-12-31
66_EANVERNESS_19926,66,EANVERNESS,19926,Santa Rita RSV Svgn Bl,750mL,24,9.99,2024-12-31
69_MOUNTMEND_8678,69,MOUNTMEND,8678,Banfi Chianti Clsc RSV,750mL,115,16.99,2024-12-31
67_EANVERNESS_21017,67,EANVERNESS,21017,Estancia Monterey County GSM,750mL,52,19.99,2024-12-31
69_MOUNTMEND_26833,69,MOUNTMEND,26833,Clemento VII Toscano,750mL,0,19.99,2024-12-31
67_EANVERNESS_16794,67,EANVERNESS,16794,Freakshow Cab Svgn,750mL,108,17.99,2024-12-31
55_DRY GULCH_24301,55,DRY GULCH,24301,Mija Sangria,750mL,16,9.99,2024-12-31
71_CLARCTON_2158,71,CLARCTON,2158,Sortilege Liqueur,375mL,8,19.99,2024-12-31
62_KILMARNOCK_8053,62,KILMARNOCK,8053,Seagrams 7 Crown,50mL,196,0.99,2024-12-31
49_GARIGILL_1921,49,GARIGILL,1921,Glenfiddich Special Rsv 12,1.75L,20,65.99,2024-12-31
67_EANVERNESS_31318,67,EANVERNESS,31318,Ch de la Ragotiere Muscadet,750mL,23,13.99,2024-12-31
57_LANTEGLOS_3547,57,LANTEGLOS,3547,Ketel One Vodka,50mL,19,2.79,2024-12-31
42_BLACK HOLLOW_24489,42,BLACK HOLLOW,24489,Hunt & Harvest Cab Svgn,750mL,6,20.99,2024-12-31
67_EANVERNESS_12951,67,EANVERNESS,12951,Purple Cowboy Red,750mL,19,11.99,2024-12-31
67_EANVERNESS_33873,67,EANVERNESS,33873,Bella Sera Pnt Grigio Del,750mL,22,6.49,2024-12-31
66_EANVERNESS_4277,66,EANVERNESS,4277,Bacardi Limon Rum,375mL,18,3.99,2024-12-31
58_HARTLEPOOL_37071,58,HARTLEPOOL,37071,Caymus Conundrum White,750mL,4,22.99,2024-12-31
69_MOUNTMEND_27650,69,MOUNTMEND,27650,Eden Ice Cider Heirloom Barr,187mL,12,17.49,2024-12-31
67_EANVERNESS_2733,67,EANVERNESS,2733,GlenDronach Tawny Port 15 Yr,750mL,4,78.99,2024-12-31
67_EANVERNESS_5640,67,EANVERNESS,5640,Metcalf's Blueberry Liqueur,375mL,18,16.99,2024-12-31
69_MOUNTMEND_11414,69,MOUNTMEND,11414,Beringer Classic Moscato,750mL,17,6.99,2024-12-31
72_HARDERSFIELD_3684,72,HARDERSFIELD,3684,Fleischmanns Royal Vodka,1.75L,20,9.99,2024-12-31
49_GARIGILL_46985,49,GARIGILL,46985,Rodney Strong Cab Svgn Alexa,750mL,34,23.99,2024-12-31
55_DRY GULCH_24139,55,DRY GULCH,24139,Nobilo Icon Pnt Nr Marlboro,750mL,11,14.99,2024-12-31
64_CESTERFIELD_17063,64,CESTERFIELD,17063,Ch Tanunda Gr Barossa Cab Sv,750mL,10,16.99,2024-12-31
48_NORFOLK_7860,48,NORFOLK,7860,Sutter Home Wh Znfdl,750mL,11,5.99,2024-12-31
69_MOUNTMEND_2737,69,MOUNTMEND,2737,Teeling Irish Whiskey,750mL,12,34.99,2024-12-31
56_BEGGAR'S HOLE_6273,56,BEGGAR'S HOLE,6273,Vendange Wh Znfdl,1.5L,6,7.99,2024-12-31
42_BLACK HOLLOW_10451,42,BLACK HOLLOW,10451,Line 39 Cab Svgn Lake Cnty,750mL,10,9.99,2024-12-31
41_LARNWICK_4527,41,LARNWICK,4527,Camus Grand VSOP Elegance,750mL,6,34.99,2024-12-31
60_IRRAGIN_3831,60,IRRAGIN,3831,Grey Goose L'Orange Vodka,50mL,51,3.99,2024-12-31
50_MOUNTMEND_22420,50,MOUNTMEND,22420,Farm Napa Vly Chard,750mL,16,24.99,2024-12-31
44_PORTHCRAWL_4783,44,PORTHCRAWL,4783,Mr Boston Apricot Brandy,1.75L,19,13.99,2024-12-31
67_EANVERNESS_3325,67,EANVERNESS,3325,Pinnacle Caramel Apple Vodka,750mL,26,10.99,2024-12-31
54_GUTHRAM_2049,54,GUTHRAM,2049,Loch Lomond Single Grain Sco,750mL,6,27.99,2024-12-31
41_LARNWICK_2856,41,LARNWICK,2856,Cragganmore 12-Yr Sngle Malt,750mL,20,57.99,2024-12-31
62_KILMARNOCK_3485,62,KILMARNOCK,3485,Luksusowa Potato Vodka,1.75L,15,18.99,2024-12-31
47_PELLA'S WISH_15428,47,PELLA'S WISH,15428,Ruffino Prosecco Sparkling,750mL,1,9.99,2024-12-31
70_KELD_3244,70,KELD,3244,Burnetts Vodka,750mL,12,6.99,2024-12-31
49_GARIGILL_24325,49,GARIGILL,24325,La Crema Chard Sonoma Cst,750mL,62,15.99,2024-12-31
59_CLAETHORPES_37527,59,CLAETHORPES,37527,Redwood Creek Pnt Grigio,1.5L,9,9.99,2024-12-31
57_LANTEGLOS_5111,57,LANTEGLOS,5111,Dr McGillicuddy's Mentholmnt,50mL,91,0.99,2024-12-31
41_LARNWICK_25138,41,LARNWICK,25138,Terlatto & Chapoutier Shiraz,750mL,0,19.99,2024-12-31
64_CESTERFIELD_16431,64,CESTERFIELD,16431,HandCraft Artisan Coll Cab S,750mL,43,9.99,2024-12-31
56_BEGGAR'S HOLE_14805,56,BEGGAR'S HOLE,14805,Ninety+Cellars Lot 23 Malbec,750mL,1,8.99,2024-12-31
45_VERITAS_4346,45,VERITAS,4346,Mr Boston Dark Rum,1.75L,17,9.99,2024-12-31
55_DRY GULCH_18829,55,DRY GULCH,18829,Champ de Reves Pnt Nr,750mL,12,34.99,2024-12-31
72_HARDERSFIELD_40337,72,HARDERSFIELD,40337,Da Vinci Chianti Tuscany,750mL,36,9.99,2024-12-31
41_LARNWICK_32805,41,LARNWICK,32805,Truchard Carneros Pnt Nr,750mL,7,26.99,2024-12-31
61_AETHELNEY_19453,61,AETHELNEY,19453,Wente Southern Hill Cab Svgn,750mL,10,13.99,2024-12-31
44_PORTHCRAWL_14129,44,PORTHCRAWL,14129,14 Hands Hot to Trot Red,750mL,109,7.99,2024-12-31
55_DRY GULCH_6574,55,DRY GULCH,6574,Franzia Tap Wh Znfdl Cal,5L,13,17.99,2024-12-31
73_DONCASTER_26891,73,DONCASTER,26891,Predator Cab Svgn,750mL,14,14.99,2024-12-31
54_GUTHRAM_12192,54,GUTHRAM,12192,Meander Cab Svgn Napa Vly,750mL,15,69.99,2024-12-31
49_GARIGILL_23168,49,GARIGILL,23168,Blanc de Bleu Mousseux Brut,750mL,13,15.99,2024-12-31
60_IRRAGIN_3455,60,IRRAGIN,3455,Stolichnaya Gluten Free 80*,750mL,43,16.99,2024-12-31
59_CLAETHORPES_1789,59,CLAETHORPES,1789,Jack Daniels Tennessee Fire,750mL,81,25.99,2024-12-31
40_BULLMAR_41751,40,BULLMAR,41751,Clos du Bois Pnt Grigio Cal,750mL,12,8.99,2024-12-31
69_MOUNTMEND_2682,69,MOUNTMEND,2682,The Glendronach 12 Yr Scotch,750mL,5,57.99,2024-12-31
68_SOLARIS_20475,68,SOLARIS,20475,Hayes Valley Cab Svgn CC,750mL,12,9.99,2024-12-31
68_SOLARIS_24772,68,SOLARIS,24772,3 Ball Znfdl,750mL,10,12.99,2024-12-31
56_BEGGAR'S HOLE_23095,56,BEGGAR'S HOLE,23095,Glen Ellen Cab Svgn RSV,1.5L,23,6.99,2024-12-31
69_MOUNTMEND_33032,69,MOUNTMEND,33032,Rombauer Znfdl,750mL,15,27.99,2024-12-31
50_MOUNTMEND_31419,50,MOUNTMEND,31419,Sandeman Ruby Port,750mL,10,11.99,2024-12-31
56_BEGGAR'S HOLE_33683,56,BEGGAR'S HOLE,33683,R Mondavi Private Slct Chard,1.5L,4,20.99,2024-12-31
54_GUTHRAM_8259,54,GUTHRAM,8259,Hornitos Platas Silver,50mL,96,2.49,2024-12-31
56_BEGGAR'S HOLE_14382,56,BEGGAR'S HOLE,14382,LaBelle Winery Raspberry,375mL,9,15.99,2024-12-31
49_GARIGILL_36344,49,GARIGILL,36344,Latour Pinot Noir Valmoissin,750mL,15,12.99,2024-12-31
69_MOUNTMEND_3367,69,MOUNTMEND,3367,Pinnacle Pomegranate Vodka,750mL,6,10.99,2024-12-31
69_MOUNTMEND_24170,69,MOUNTMEND,24170,Adelsheim Caitlins Rsv Chard,750mL,5,39.99,2024-12-31
64_CESTERFIELD_43920,64,CESTERFIELD,43920,Farnum Hill Semi-Dry Cider,750mL,20,11.99,2024-12-31
71_CLARCTON_6232,71,CLARCTON,6232,Avion Reserva 44 Extra Anejo,750mL,4,124.99,2024-12-31
66_EANVERNESS_29371,66,EANVERNESS,29371,Merryvale Starmont Cab Svgn,750mL,20,27.99,2024-12-31
54_GUTHRAM_31202,54,GUTHRAM,31202,Beringer Fndrs Est Chard,750mL,17,8.99,2024-12-31
67_EANVERNESS_35319,67,EANVERNESS,35319,Jewell Towne Rsl NH,750mL,29,17.49,2024-12-31
67_EANVERNESS_4401,67,EANVERNESS,4401,Papa Pilar Double Barrel Rum,750mL,10,39.99,2024-12-31
49_GARIGILL_4131,49,GARIGILL,4131,Sea Hagg Blueberry Rum,750mL,9,27.99,2024-12-31
55_DRY GULCH_34998,55,DRY GULCH,34998,Luiano Chianti Clsc,750mL,13,16.99,2024-12-31
56_BEGGAR'S HOLE_42413,56,BEGGAR'S HOLE,42413,R M Woodbridge Rsl,1.5L,14,8.99,2024-12-31
68_SOLARIS_25554,68,SOLARIS,25554,Brotte Espirit CdR,750mL,0,7.99,2024-12-31
55_DRY GULCH_46458,55,DRY GULCH,46458,Layer Cake Barosa Shiraz,750mL,23,15.99,2024-12-31
62_KILMARNOCK_37433,62,KILMARNOCK,37433,C Y Toro Casillero Carmenere,750mL,8,9.99,2024-12-31
71_CLARCTON_15321,71,CLARCTON,15321,Blufeld Rsl,750mL,15,8.99,2024-12-31
51_ABERDEEN_1180,51,ABERDEEN,1180,Evan Williams Black Label B,1.75L,16,20.99,2024-12-31
47_PELLA'S WISH_10723,47,PELLA'S WISH,10723,R M Woodbridge Chard,1.5L,30,8.99,2024-12-31
47_PELLA'S WISH_5747,47,PELLA'S WISH,5747,Malibu Pineapple Rum,750mL,32,12.99,2024-12-31
66_EANVERNESS_649,66,EANVERNESS,649,Sauza Tres Generaciones Pla,750mL,6,39.99,2024-12-31
49_GARIGILL_26688,49,GARIGILL,26688,Dom Faiveley 14 St George AC,750mL,12,48.99,2024-12-31
69_MOUNTMEND_3636,69,MOUNTMEND,3636,Dr McGillicuddy's Mentholmnt,375mL,22,7.49,2024-12-31
62_KILMARNOCK_3513,62,KILMARNOCK,3513,Ciroc Snap Frost Vodka,750mL,38,24.99,2024-12-31
66_EANVERNESS_4846,66,EANVERNESS,4846,Cruzan Estate Diamond Dark,750mL,12,16.99,2024-12-31
63_SWORDBREAK_27644,63,SWORDBREAK,27644,Cline Znfdl Cal,750mL,9,9.99,2024-12-31
66_EANVERNESS_44911,66,EANVERNESS,44911,Spy Valley Svgn Bl Marlboro,750mL,20,14.99,2024-12-31
60_IRRAGIN_1897,60,IRRAGIN,1897,Old Ezra 7Yr Bourbon,750mL,36,24.99,2024-12-31
68_SOLARIS_4053,68,SOLARIS,4053,Bird Dog Strawberry Whiskey,750mL,3,12.99,2024-12-31
50_MOUNTMEND_33209,50,MOUNTMEND,33209,Sycamore Lane Cab Svgn Cal,750mL,12,5.29,2024-12-31
47_PELLA'S WISH_5810,47,PELLA'S WISH,5810,Cuervo Watermelon Margaritas,1.75L,5,16.99,2024-12-31
64_CESTERFIELD_8288,64,CESTERFIELD,8288,Korbel Brut,750mL,11,11.99,2024-12-31
41_LARNWICK_25995,41,LARNWICK,25995,Gallo Cafe Znfdl Cal,1.5L,10,9.99,2024-12-31
46__8922,46,,8922,Taylor Lake Country Red,3L,0,7.99,2024-12-31
66_EANVERNESS_24592,66,EANVERNESS,24592,Vendange Cab Svgn,1.5L,24,7.99,2024-12-31
70_KELD_6498,70,KELD,6498,Franzia Chablis Old World C,5L,4,17.99,2024-12-31
73_DONCASTER_37527,73,DONCASTER,37527,Redwood Creek Pnt Grigio,1.5L,8,9.99,2024-12-31
65_LUTON_3527,65,LUTON,3527,Reyka Vodka,1.75L,10,29.99,2024-12-31
69_MOUNTMEND_1220,69,MOUNTMEND,1220,Woodford Reserve Bourbon,750mL,15,30.99,2024-12-31
50_MOUNTMEND_21228,50,MOUNTMEND,21228,The Naked Grape Box Harvest,3L,10,15.99,2024-12-31
68_SOLARIS_23387,68,SOLARIS,23387,Middle Sister Malbec,750mL,12,9.99,2024-12-31
68_SOLARIS_13454,68,SOLARIS,13454,Eden Heirloom Blnd Ice Cider,375mL,8,25.49,2024-12-31
63_SWORDBREAK_6581,63,SWORDBREAK,6581,Ch Ste Michelle Merlot Colum,750mL,17,12.99,2024-12-31
62_KILMARNOCK_7537,62,KILMARNOCK,7537,Avion Silver Tequila,1.75L,3,77.99,2024-12-31
42_BLACK HOLLOW_40801,42,BLACK HOLLOW,40801,Sileni Sauvignon Blanc,750mL,9,9.99,2024-12-31
54_GUTHRAM_8576,54,GUTHRAM,8576,E & J Brandy VS,375mL,11,4.99,2024-12-31
49_GARIGILL_2105,49,GARIGILL,2105,Black Velvet Toasted Caramel,750mL,48,9.99,2024-12-31
69_MOUNTMEND_26966,69,MOUNTMEND,26966,De Loach Cab Svgn Cal,750mL,10,9.99,2024-12-31
60_IRRAGIN_40097,60,IRRAGIN,40097,Black Box Chard,3L,8,18.99,2024-12-31
41_LARNWICK_40621,41,LARNWICK,40621,Santa Margherita Prosecco V,750mL,18,18.99,2024-12-31
64_CESTERFIELD_35650,64,CESTERFIELD,35650,Penley Est Phoenix Cab Svgn,750mL,9,16.99,2024-12-31
53_HILLFAR_4261,53,HILLFAR,4261,Capt Morgan Spiced Rum,1.75L,250,20.99,2024-12-31
59_CLAETHORPES_2412,59,CLAETHORPES,2412,JP Wiser's Rye,750mL,7,21.99,2024-12-31
66_EANVERNESS_25843,66,EANVERNESS,25843,Ch Tour Bel Air Brdx,750mL,4,14.99,2024-12-31
48_NORFOLK_7931,48,NORFOLK,7931,Tooters Blu-D Kamikazi 15 Pk,375mL,17,8.99,2024-12-31
45_VERITAS_4410,45,VERITAS,4410,Cruzan Mango Flavored Rum,750mL,9,9.99,2024-12-31
42_BLACK HOLLOW_5165,42,BLACK HOLLOW,5165,Hpnotiq Liqueur,750mL,6,19.99,2024-12-31
60_IRRAGIN_27802,60,IRRAGIN,27802,Moet & Chandon Imperial,375mL,10,24.49,2024-12-31
54_GUTHRAM_2198,54,GUTHRAM,2198,Chivas Regal Extra,750mL,7,34.99,2024-12-31
41_LARNWICK_7865,41,LARNWICK,7865,Moet & Chandon Imperial,750mL,103,34.99,2024-12-31
64_CESTERFIELD_1036,64,CESTERFIELD,1036,Jameson Trilogy Pack,200mL 3 Pk,4,39.99,2024-12-31
67_EANVERNESS_4884,67,EANVERNESS,4884,Bayou Silver Rum,750mL,62,15.99,2024-12-31
55_DRY GULCH_6402,55,DRY GULCH,6402,Avion Silver Tequila,750mL,14,44.99,2024-12-31
66_EANVERNESS_2093,66,EANVERNESS,2093,Hardy Noces d'Argent,750mL,1,179.99,2024-12-31
71_CLARCTON_11825,71,CLARCTON,11825,Cupcake Cab Svgn,750mL,47,7.49,2024-12-31
48_NORFOLK_3625,48,NORFOLK,3625,Absolut 80 Proof,750mL,32,17.99,2024-12-31
72_HARDERSFIELD_22397,72,HARDERSFIELD,22397,Allegrini Solosole Vermentin,750mL,11,19.99,2024-12-31
42_BLACK HOLLOW_46189,42,BLACK HOLLOW,46189,Napa Cellars Chard,750mL,8,16.99,2024-12-31
55_DRY GULCH_26709,55,DRY GULCH,26709,Fontanafredda Arneis Langhe,750mL,7,8.99,2024-12-31
66_EANVERNESS_32137,66,EANVERNESS,32137,F Coppola Diamond Znfd,750mL,33,15.99,2024-12-31
41_LARNWICK_39348,41,LARNWICK,39348,Sterling Vintners Cltn Pnt N,750mL,61,9.99,2024-12-31
63_SWORDBREAK_4257,63,SWORDBREAK,4257,Bacardi Grapefruit Rum,50mL,72,0.99,2024-12-31
50_MOUNTMEND_2547,50,MOUNTMEND,2547,WhistlePig 10Yr Straight Rye,50mL,46,6.99,2024-12-31
49_GARIGILL_2491,49,GARIGILL,2491,Catskill Defiant Rye,375mL,23,40.99,2024-12-31
67_EANVERNESS_6264,67,EANVERNESS,6264,Cooks Extra Dry,750mL,65,6.99,2024-12-31
54_GUTHRAM_4431,54,GUTHRAM,4431,Screech Rum,750mL,7,14.99,2024-12-31
56_BEGGAR'S HOLE_7978,56,BEGGAR'S HOLE,7978,M & R X Dry Vermouth,750mL,12,7.49,2024-12-31
43_WOLFORD_4089,43,WOLFORD,4089,Capt Morgan White,1.75L,18,20.99,2024-12-31
51_ABERDEEN_23889,51,ABERDEEN,23889,Corbett Canyon Wh Znfdl,1.5L,10,8.99,2024-12-31
47_PELLA'S WISH_8296,47,PELLA'S WISH,8296,Knob Creek Smoked Maple,750mL,24,29.99,2024-12-31
57_LANTEGLOS_2166,57,LANTEGLOS,2166,The Macallan Double Cask 12,750mL,12,54.99,2024-12-31
70_KELD_31909,70,KELD,31909,Catena Lunlunta Malbec Argn,750mL,14,17.99,2024-12-31
41_LARNWICK_22174,41,LARNWICK,22174,QM Alvarinho White,750mL,9,21.99,2024-12-31
64_CESTERFIELD_5833,64,CESTERFIELD,5833,Patron Roca Silver Tequila,750mL,5,69.99,2024-12-31
50_MOUNTMEND_17954,50,MOUNTMEND,17954,Drops of Jupiter Red,750mL,15,7.99,2024-12-31
41_LARNWICK_17200,41,LARNWICK,17200,Leese-Fitch Pnt Nr,750mL,11,10.99,2024-12-31
72_HARDERSFIELD_3497,72,HARDERSFIELD,3497,Johnnie Walker Platinum,750mL,4,94.99,2024-12-31
73_DONCASTER_26403,73,DONCASTER,26403,Mouton Cadet Ryder Cup Red B,750mL,93,9.99,2024-12-31
66_EANVERNESS_344,66,EANVERNESS,344,Punt e Mes Sweet Vermouth,750mL,12,19.99,2024-12-31
49_GARIGILL_2464,49,GARIGILL,2464,Pinnacle Gin,1.75L,7,13.49,2024-12-31
67_EANVERNESS_23157,67,EANVERNESS,23157,Champlain Orchards Sprklng C,375mL,13,25.99,2024-12-31
50_MOUNTMEND_22347,50,MOUNTMEND,22347,Capezzana Barco Reale d Carm,750mL,10,12.99,2024-12-31
46__824,46,,824,Dewars White Label Scotch,Liter,0,26.99,2024-12-31
64_CESTERFIELD_4343,64,CESTERFIELD,4343,Cruzan Blueberry Lemonade,750mL,13,9.99,2024-12-31
60_IRRAGIN_3040,60,IRRAGIN,3040,Tito's Handmade Vodka,Liter,4,23.99,2024-12-31
66_EANVERNESS_4734,66,EANVERNESS,4734,Capt Morgan Cannon Blast,750mL,78,14.99,2024-12-31
55_DRY GULCH_25652,55,DRY GULCH,25652,Red Autumn Red,750mL,15,13.99,2024-12-31
70_KELD_32907,70,KELD,32907,Sterling Vintners Cltn Chard,750mL,72,7.99,2024-12-31
64_CESTERFIELD_42948,64,CESTERFIELD,42948,Root 1 Cab Svgn,750mL,31,9.99,2024-12-31
56_BEGGAR'S HOLE_34998,56,BEGGAR'S HOLE,34998,Luiano Chianti Clsc,750mL,15,16.99,2024-12-31
56_BEGGAR'S HOLE_26285,56,BEGGAR'S HOLE,26285,Moet & Chandon Imperial,1.5L,3,69.99,2024-12-31
64_CESTERFIELD_14280,64,CESTERFIELD,14280,Cupcake Shiraz,750mL,11,7.49,2024-12-31
66_EANVERNESS_25984,66,EANVERNESS,25984,C Y Toro Casa Diablo Svgn Bl,750mL,23,9.99,2024-12-31
44_PORTHCRAWL_8929,44,PORTHCRAWL,8929,Sebastiani Chard Sonoma,750mL,10,12.99,2024-12-31
42_BLACK HOLLOW_2646,42,BLACK HOLLOW,2646,Chivas Regal,1.75L,12,54.99,2024-12-31
67_EANVERNESS_10722,67,EANVERNESS,10722,R M Woodbridge Chard,750mL,17,7.99,2024-12-31
54_GUTHRAM_4334,54,GUTHRAM,4334,Casa Noble Blanco Crystal,750mL,6,34.99,2024-12-31
64_CESTERFIELD_5105,64,CESTERFIELD,5105,Dr McGillicuddy's Mentholmnt,1.75L,7,19.99,2024-12-31
48_NORFOLK_5747,48,NORFOLK,5747,Malibu Pineapple Rum,750mL,14,12.99,2024-12-31
42_BLACK HOLLOW_46023,42,BLACK HOLLOW,46023,Spellbound Petite Sirah Cal,750mL,18,13.99,2024-12-31
59_CLAETHORPES_16568,59,CLAETHORPES,16568,Moonlight Meadery Sumptuous,375mL,12,12.99,2024-12-31
66_EANVERNESS_37786,66,EANVERNESS,37786,Lindemans Bin 45 Cab Svgn,1.5L,47,11.99,2024-12-31
55_DRY GULCH_2917,55,DRY GULCH,2917,Paddy's Irish Whiskey,750mL,17,17.99,2024-12-31
45_VERITAS_2445,45,VERITAS,2445,Seagrams VO,750mL,5,11.99,2024-12-31
68_SOLARIS_2973,68,SOLARIS,2973,Eagle Rare Single Barrel Bo,750mL,9,27.99,2024-12-31
66_EANVERNESS_22531,66,EANVERNESS,22531,BV Coastal Estate Chard,750mL,115,7.99,2024-12-31
62_KILMARNOCK_1396,62,KILMARNOCK,1396,Old Crow,1.75L,18,15.99,2024-12-31
49_GARIGILL_34905,49,GARIGILL,34905,Smoking Loon Merlot,750mL,50,6.79,2024-12-31
43_WOLFORD_3194,43,WOLFORD,3194,Grey Goose Cherry Noir Vodka,750mL,8,23.99,2024-12-31
68_SOLARIS_1771,68,SOLARIS,1771,Jack Daniels Tennessee Fire,50mL,28,2.99,2024-12-31
47_PELLA'S WISH_8092,47,PELLA'S WISH,8092,Johnnie Walker Red Label,50mL,26,2.29,2024-12-31
51_ABERDEEN_3486,51,ABERDEEN,3486,Tanqueray,375mL,42,12.99,2024-12-31
68_SOLARIS_3684,68,SOLARIS,3684,Fleischmanns Royal Vodka,1.75L,27,9.99,2024-12-31
67_EANVERNESS_24592,67,EANVERNESS,24592,Vendange Cab Svgn,1.5L,77,7.99,2024-12-31
51_ABERDEEN_24188,51,ABERDEEN,24188,St Francis Cab Svgn Sonoma,750mL,7,15.99,2024-12-31
53_HILLFAR_2152,53,HILLFAR,2152,New Amsterdam Gin,750mL,56,10.99,2024-12-31
67_EANVERNESS_40054,67,EANVERNESS,40054,Campo Viejo Tempranillo RSV,750mL,10,11.99,2024-12-31
49_GARIGILL_8553,49,GARIGILL,8553,Dekuyper Blue Curacao,750mL,17,6.99,2024-12-31
59_CLAETHORPES_18106,59,CLAETHORPES,18106,Barefoot Cellars Pink Moscat,1.5L,0,10.99,2024-12-31
51_ABERDEEN_3894,51,ABERDEEN,3894,Zhenka Vodka 100 Proof,1.75L,9,11.99,2024-12-31
63_SWORDBREAK_4989,63,SWORDBREAK,4989,Martell VS Cognac,750mL,9,21.99,2024-12-31
70_KELD_32054,70,KELD,32054,Greg Norman Lmstn Cab/Merlot,750mL,9,9.99,2024-12-31
52_GRAYCOTT_11089,52,GRAYCOTT,11089,Jaboulet CdR Parl 45 Rose,750mL,8,12.99,2024-12-31
57_LANTEGLOS_8512,57,LANTEGLOS,8512,Baileys Irish Cream,750mL,57,19.99,2024-12-31
69_MOUNTMEND_46934,69,MOUNTMEND,46934,Silver Palm Nth Cst Cab Svgn,750mL,99,14.95,2024-12-31
56_BEGGAR'S HOLE_3458,56,BEGGAR'S HOLE,3458,Ciroc Amaretto Vodka,750mL,9,19.99,2024-12-31
66_EANVERNESS_27773,66,EANVERNESS,27773,Jadot Nuits St Georges Les B,750mL,6,99.99,2024-12-31
55_DRY GULCH_21034,55,DRY GULCH,21034,Cyrus Cab Svgn Alex Vly,750mL,4,54.99,2024-12-31
54_GUTHRAM_4370,54,GUTHRAM,4370,Ron Virgin White,1.75L,43,10.99,2024-12-31
67_EANVERNESS_21410,67,EANVERNESS,21410,Goose Bay Svgn Bl,750mL,6,18.99,2024-12-31
48_NORFOLK_377,48,NORFOLK,377,Hendrick's Gin,Liter,7,37.99,2024-12-31
70_KELD_2374,70,KELD,2374,Tullamore Dew,1.75L,14,39.99,2024-12-31
42_BLACK HOLLOW_16172,42,BLACK HOLLOW,16172,Ch Lamothe de Haux Brdx Red,750mL,12,16.99,2024-12-31
50_MOUNTMEND_7680,50,MOUNTMEND,7680,Viniq Shimmery Glow,750mL,178,17.99,2024-12-31
61_AETHELNEY_44038,61,AETHELNEY,44038,Barefoot Pnt Grigio Cal,1.5L,42,10.99,2024-12-31
60_IRRAGIN_27872,60,IRRAGIN,27872,Flora Springs Napa Red,750mL,36,26.99,2024-12-31
71_CLARCTON_38546,71,CLARCTON,38546,Mark West Pnt Nr Sonoma,750mL,84,9.99,2024-12-31
50_MOUNTMEND_2460,50,MOUNTMEND,2460,Old St Andrews Jumbo Golfbll,Liter,16,39.99,2024-12-31
54_GUTHRAM_21201,54,GUTHRAM,21201,Bota Box Pnt Nr,3L,7,17.99,2024-12-31
55_DRY GULCH_26318,55,DRY GULCH,26318,House Wine Cab Svgn,3L,22,17.99,2024-12-31
55_DRY GULCH_3689,55,DRY GULCH,3689,Stolichnaya Vanil,750mL,15,16.99,2024-12-31
73_DONCASTER_4109,73,DONCASTER,4109,Hennessy Paradis Imperial,750mL,1,2699.99,2024-12-31
69_MOUNTMEND_17875,69,MOUNTMEND,17875,Darkhorse Chard,750mL,127,7.99,2024-12-31
67_EANVERNESS_24285,67,EANVERNESS,24285,Dom Clavel Languedoc,750mL,15,13.99,2024-12-31
47_PELLA'S WISH_43919,47,PELLA'S WISH,43919,Farnum Hill X-Dry StillCider,750mL,8,11.99,2024-12-31
68_SOLARIS_8231,68,SOLARIS,8231,Folonari Valpolicella,1.5L,12,14.99,2024-12-31
69_MOUNTMEND_21632,69,MOUNTMEND,21632,Simi Chard Sonoma Cty,375mL,14,8.99,2024-12-31
52_GRAYCOTT_3503,52,GRAYCOTT,3503,Smirnoff Sorbet Rasp/Pomegra,750mL,15,12.99,2024-12-31
55_DRY GULCH_5155,55,DRY GULCH,5155,Arrow Brown Creme de Cacao,750mL,5,7.99,2024-12-31
55_DRY GULCH_24605,55,DRY GULCH,24605,Fortant Chard,750mL,51,9.99,2024-12-31
44_PORTHCRAWL_36161,44,PORTHCRAWL,36161,Ch Ste Michelle Pnt Gris Was,750mL,18,8.99,2024-12-31
73_DONCASTER_3016,73,DONCASTER,3016,Bombay Sapphire East Gin,750mL,16,19.99,2024-12-31
55_DRY GULCH_1228,55,DRY GULCH,1228,Glenfiddich Ancient RSV 18,750mL,9,94.99,2024-12-31
67_EANVERNESS_19962,67,EANVERNESS,19962,St Francis Merlot,750mL,24,14.99,2024-12-31
47_PELLA'S WISH_16837,47,PELLA'S WISH,16837,Beringer Classic Pink Moscat,750mL,10,6.99,2024-12-31
70_KELD_35411,70,KELD,35411,Yellow Tail Chard Ausl,750mL,20,7.99,2024-12-31
41_LARNWICK_3272,41,LARNWICK,3272,Sobieski Vodka,1.75L,24,17.99,2024-12-31
66_EANVERNESS_2444,66,EANVERNESS,2444,Clyde May's Alabama Style Wh,750mL,8,29.99,2024-12-31
69_MOUNTMEND_34903,69,MOUNTMEND,34903,Smoking Loon Cab Svgn,750mL,83,6.79,2024-12-31
50_MOUNTMEND_18829,50,MOUNTMEND,18829,Champ de Reves Pnt Nr,750mL,19,34.99,2024-12-31
71_CLARCTON_7143,71,CLARCTON,7143,Smirnoff Watermelon Vodka,1.75L,10,18.99,2024-12-31
56_BEGGAR'S HOLE_30039,56,BEGGAR'S HOLE,30039,Chateau D'Armailhac 2014,750mL,0,44.49,2024-12-31
55_DRY GULCH_15295,55,DRY GULCH,15295,Flip Flop Pnt Grigio,750mL,18,4.99,2024-12-31
73_DONCASTER_27409,73,DONCASTER,27409,Hourglass HG III Red,750mL,12,47.99,2024-12-31
53_HILLFAR_5364,53,HILLFAR,5364,Kahlua,1.75L,160,29.99,2024-12-31
71_CLARCTON_4898,71,CLARCTON,4898,Mount Gay Extra Old Rum,750mL,62,39.99,2024-12-31
68_SOLARIS_18551,68,SOLARIS,18551,Antigal Uno Malbec Mendoza,750mL,12,14.99,2024-12-31
73_DONCASTER_15232,73,DONCASTER,15232,Flowers Pnt Nr Sonoma Coast,750mL,22,49.99,2024-12-31
42_BLACK HOLLOW_21469,42,BLACK HOLLOW,21469,St Supery Cab Svgn,750mL,15,32.99,2024-12-31
51_ABERDEEN_5153,51,ABERDEEN,5153,Fireball Cinn Whisky Trav,750mL,23,13.99,2024-12-31
73_DONCASTER_25727,73,DONCASTER,25727,Chappellet Cab Svgn Pritchrd,750mL,6,174.99,2024-12-31
59_CLAETHORPES_3654,59,CLAETHORPES,3654,Patron Reposado Tequila,750mL,24,53.99,2024-12-31
69_MOUNTMEND_35666,69,MOUNTMEND,35666,Redwood Creek Chard Cal,1.5L,10,9.99,2024-12-31
41_LARNWICK_2153,41,LARNWICK,2153,Black Velvet Cinnamon Rush,750mL,30,9.99,2024-12-31
54_GUTHRAM_8781,54,GUTHRAM,8781,Rodney Strong Cab Svgn,750mL,103,16.99,2024-12-31
67_EANVERNESS_6358,67,EANVERNESS,6358,Dom Ste Michelle Brut Cuvee,750mL,22,12.99,2024-12-31
69_MOUNTMEND_6390,69,MOUNTMEND,6390,Chamucos Blanco Tequila,750mL,8,33.99,2024-12-31
64_CESTERFIELD_3682,64,CESTERFIELD,3682,Belvedere Vodka,750mL,15,22.99,2024-12-31
61_AETHELNEY_19549,61,AETHELNEY,19549,Opici White Sangria,3L,9,13.99,2024-12-31
70_KELD_4261,70,KELD,4261,Capt Morgan Spiced Rum,1.75L,90,20.99,2024-12-31
67_EANVERNESS_35430,67,EANVERNESS,35430,Planeta Chardonnay di Sicil,750mL,15,26.99,2024-12-31
41_LARNWICK_1993,41,LARNWICK,1993,Maker's Mark 46,375mL,5,18.99,2024-12-31
50_MOUNTMEND_3528,50,MOUNTMEND,3528,Don Felix Anejo Tequila,750mL,33,40.99,2024-12-31
50_MOUNTMEND_44072,50,MOUNTMEND,44072,Bogle Russian River Pnt Nr,750mL,51,10.99,2024-12-31
60_IRRAGIN_3859,60,IRRAGIN,3859,Smirnoff 80 Proof,375mL,38,8.99,2024-12-31
66_EANVERNESS_6937,66,EANVERNESS,6937,Cavit Pinot Grigio,1.5L,177,9.99,2024-12-31
69_MOUNTMEND_4326,69,MOUNTMEND,4326,Rumson's Coffee Rum,750mL,1,16.99,2024-12-31
67_EANVERNESS_2482,67,EANVERNESS,2482,Clase Azul Reposado Tequila,750mL,10,89.99,2024-12-31
42_BLACK HOLLOW_44182,42,BLACK HOLLOW,44182,Tommasi Poggio Al Tufo Rompi,750mL,2,15.99,2024-12-31
62_KILMARNOCK_3104,62,KILMARNOCK,3104,Smirnoff Whipped Cream,750mL,5,10.99,2024-12-31
59_CLAETHORPES_25844,59,CLAETHORPES,25844,Ch Chaigneau Brdx,750mL,3,17.99,2024-12-31
58_HARTLEPOOL_854,58,HARTLEPOOL,854,Seagrams VO Canadian Whiskey,Liter,7,15.99,2024-12-31
41_LARNWICK_20030,41,LARNWICK,20030,Trivento Rsv Cab Malbec,750mL,10,10.49,2024-12-31
50_MOUNTMEND_3680,50,MOUNTMEND,3680,Stolichnaya Ohranj,1.75L,86,24.99,2024-12-31
50_MOUNTMEND_3703,50,MOUNTMEND,3703,OuterSpace Vodka,50mL,328,5.99,2024-12-31
68_SOLARIS_3176,68,SOLARIS,3176,Smugglers Notch Vodka,750mL,11,27.99,2024-12-31
67_EANVERNESS_3421,67,EANVERNESS,3421,Stolichnaya Blueberi,50mL,76,1.99,2024-12-31
67_EANVERNESS_18836,67,EANVERNESS,18836,Coppa La Rocca Gavi,750mL,16,14.99,2024-12-31
65_LUTON_34175,65,LUTON,34175,Lindemans Bin 50 Shiraz,1.5L,14,11.99,2024-12-31
42_BLACK HOLLOW_15527,42,BLACK HOLLOW,15527,Roscato Rosso,750mL,5,9.99,2024-12-31
59_CLAETHORPES_4089,59,CLAETHORPES,4089,Capt Morgan White,1.75L,9,20.99,2024-12-31
50_MOUNTMEND_39063,50,MOUNTMEND,39063,C Shelton Monga Zin Znfdl,750mL,12,19.99,2024-12-31
73_DONCASTER_11915,73,DONCASTER,11915,Sequoia Grove Cab Svgn,750mL,99,31.99,2024-12-31
42_BLACK HOLLOW_13497,42,BLACK HOLLOW,13497,Mohua Svgn Bl Marlboro,750mL,16,9.99,2024-12-31
53_HILLFAR_3609,53,HILLFAR,3609,Smirnoff Vanilla Vodka,50mL,164,0.99,2024-12-31
45_VERITAS_34428,45,VERITAS,34428,Frei Bros RSV Chard RRV,750mL,18,15.99,2024-12-31
67_EANVERNESS_40425,67,EANVERNESS,40425,Mionetto Prosecco Brut,750mL,163,10.99,2024-12-31
55_DRY GULCH_3436,55,DRY GULCH,3436,Bombay Dry Gin,1.75L,37,24.99,2024-12-31
53_HILLFAR_46830,53,HILLFAR,46830,Pacific Rim Sweet Rsl,750mL,15,8.99,2024-12-31
49_GARIGILL_2668,49,GARIGILL,2668,Dewars White Label,375mL,6,13.99,2024-12-31
61_AETHELNEY_5353,61,AETHELNEY,5353,Grand Marnier,375mL,23,18.99,2024-12-31
55_DRY GULCH_18126,55,DRY GULCH,18126,Monte Velho White Alentejo,750mL,17,10.99,2024-12-31
51_ABERDEEN_2992,51,ABERDEEN,2992,Hudson Baby Bourbon Whiskey,750mL,6,49.99,2024-12-31
60_IRRAGIN_5212,60,IRRAGIN,5212,Margaritaville Silver,1.75L,11,19.99,2024-12-31
68_SOLARIS_6116,68,SOLARIS,6116,Sogno di Sorrento Lemoncell,750mL,4,25.99,2024-12-31
41_LARNWICK_7159,41,LARNWICK,7159,Ruffino Chianti,750mL,24,6.99,2024-12-31
65_LUTON_782,65,LUTON,782,Remy Martin 1738 Accord Ryl,750mL,5,46.99,2024-12-31
67_EANVERNESS_8032,67,EANVERNESS,8032,Ballatore Gran Spumante,750mL,153,8.49,2024-12-31
47_PELLA'S WISH_14818,47,PELLA'S WISH,14818,Simi Pnt Nr Sonoma Cnty,750mL,2,11.99,2024-12-31
41_LARNWICK_4229,41,LARNWICK,4229,Bacardi Black,1.75L,17,19.99,2024-12-31
62_KILMARNOCK_13708,62,KILMARNOCK,13708,Bota Box Cab Svgn,3L,7,17.99,2024-12-31
48_NORFOLK_1394,48,NORFOLK,1394,Makers Mark,375mL,7,16.99,2024-12-31
67_EANVERNESS_5312,67,EANVERNESS,5312,Amaretto DiSaronno,750mL,44,19.99,2024-12-31
47_PELLA'S WISH_42948,47,PELLA'S WISH,42948,Root 1 Cab Svgn,750mL,8,9.99,2024-12-31
60_IRRAGIN_7715,60,IRRAGIN,7715,Andre Extra Dry,750mL,33,5.49,2024-12-31
56_BEGGAR'S HOLE_384,56,BEGGAR'S HOLE,384,Ardbeg Corryvreckan Scotch,750mL,4,69.99,2024-12-31
51_ABERDEEN_676,51,ABERDEEN,676,Pinnacle Whipped Vodka,750mL,9,9.99,2024-12-31
55_DRY GULCH_17350,55,DRY GULCH,17350,Moonlight Meadery Sensual,375mL,19,13.99,2024-12-31
57_LANTEGLOS_5767,57,LANTEGLOS,5767,Jose Cuervo Strawberry Marg,1.75L,11,16.99,2024-12-31
50_MOUNTMEND_27474,50,MOUNTMEND,27474,BiancaVigna Prosecco Brut,750mL,36,14.99,2024-12-31
73_DONCASTER_34429,73,DONCASTER,34429,Frei Bros RSV Mendcno Merlot,750mL,22,16.99,2024-12-31
73_DONCASTER_20204,73,DONCASTER,20204,Dibon Cava Brut Rsv,750mL,82,11.99,2024-12-31
73_DONCASTER_23891,73,DONCASTER,23891,Cycles Gladiator Cab Svgn,750mL,15,13.99,2024-12-31
58_HARTLEPOOL_3246,58,HARTLEPOOL,3246,Bentley's Vodka,1.75L,31,8.79,2024-12-31
67_EANVERNESS_22836,67,EANVERNESS,22836,Veracruz Joven Verdejo,750mL,11,13.99,2024-12-31
70_KELD_6368,70,KELD,6368,Santa Rita 120 Merlot,750mL,5,5.99,2024-12-31
62_KILMARNOCK_31186,62,KILMARNOCK,31186,Almaden Merlot Cal B/B,5L,5,15.99,2024-12-31
64_CESTERFIELD_3583,64,CESTERFIELD,3583,Smirnoff Orange Vodka,1.75L,24,18.99,2024-12-31
66_EANVERNESS_27792,66,EANVERNESS,27792,Jadot Rully Blanc 14,750mL,6,25.99,2024-12-31
68_SOLARIS_2199,68,SOLARIS,2199,St George Terrior Gin,750mL,4,29.99,2024-12-31
72_HARDERSFIELD_3295,72,HARDERSFIELD,3295,Tito's Handmade Vodka,375mL,12,11.99,2024-12-31
49_GARIGILL_3343,49,GARIGILL,3343,Bombay Sapphire Gin,375mL,27,12.99,2024-12-31
69_MOUNTMEND_18618,69,MOUNTMEND,18618,Picket Fence Pnt Nr RRV,750mL,21,15.99,2024-12-31
56_BEGGAR'S HOLE_1150,56,BEGGAR'S HOLE,1150,Crown Royal Vanilla,1.75L,0,46.99,2024-12-31
69_MOUNTMEND_21321,69,MOUNTMEND,21321,Rex Goliath Red Sangria,750mL,16,5.99,2024-12-31
63_SWORDBREAK_8367,63,SWORDBREAK,8367,Carlo Rossi Rhine Calif,4L,9,14.99,2024-12-31
56_BEGGAR'S HOLE_3224,56,BEGGAR'S HOLE,3224,New Amsterdam Apple Vodka,50mL,90,0.99,2024-12-31
55_DRY GULCH_7198,55,DRY GULCH,7198,New Amsterdam Pineapple Vdka,750mL,41,10.99,2024-12-31
56_BEGGAR'S HOLE_5065,56,BEGGAR'S HOLE,5065,Berentzen Apple Liqueur,750mL,3,19.99,2024-12-31
69_MOUNTMEND_2384,69,MOUNTMEND,2384,Old Tahoe Straight Rye,750mL,72,28.99,2024-12-31
42_BLACK HOLLOW_3376,42,BLACK HOLLOW,3376,Tommy Guns Vodka,750mL,6,36.99,2024-12-31
60_IRRAGIN_3758,60,IRRAGIN,3758,Margaritaville Gold Tequila,1.75L,13,22.99,2024-12-31
47_PELLA'S WISH_5297,47,PELLA'S WISH,5297,Southern Comfort,750mL,11,13.99,2024-12-31
50_MOUNTMEND_42115,50,MOUNTMEND,42115,Jewell Towne Cab Svgn NH,750mL,24,22.49,2024-12-31
73_DONCASTER_41978,73,DONCASTER,41978,Ridge Santa Cruz Mt Chard,750mL,5,47.99,2024-12-31
68_SOLARIS_16669,68,SOLARIS,16669,Sweet Baby Vyds Blueberry,750mL,20,12.99,2024-12-31
54_GUTHRAM_1927,54,GUTHRAM,1927,"Jack Daniels ""Barrel Proof""",750mL,4,64.99,2024-12-31
72_HARDERSFIELD_2606,72,HARDERSFIELD,2606,Glenmorangie Original 18Yr,750mL,3,99.99,2024-12-31
56_BEGGAR'S HOLE_1269,56,BEGGAR'S HOLE,1269,Jeffersons Bourbon,750mL,8,25.99,2024-12-31
61_AETHELNEY_1637,61,AETHELNEY,1637,Fleischmanns Preferred,1.75L,16,10.99,2024-12-31
61_AETHELNEY_45322,61,AETHELNEY,45322,Garnacha de Fuego,750mL,15,8.99,2024-12-31
41_LARNWICK_5205,41,LARNWICK,5205,Don Felix Plata Tequila,750mL,8,33.99,2024-12-31
60_IRRAGIN_3939,60,IRRAGIN,3939,Boggy Meadow Switchel Vodka,750mL,6,29.99,2024-12-31
43_WOLFORD_3246,43,WOLFORD,3246,Bentley's Vodka,1.75L,23,8.79,2024-12-31
55_DRY GULCH_3280,55,DRY GULCH,3280,Stolichnaya Elite Vodka,50mL,101,6.99,2024-12-31
65_LUTON_26945,65,LUTON,26945,Ferrari-Carano Fume Bl,750mL,15,9.99,2024-12-31
59_CLAETHORPES_8171,59,CLAETHORPES,8171,Leroux Blackberry Brandy,50mL,160,0.99,2024-12-31
66_EANVERNESS_3529,66,EANVERNESS,3529,U V Vodka,1.75L,35,13.99,2024-12-31
50_MOUNTMEND_32136,50,MOUNTMEND,32136,Warre's 20-Yr Tawny Port,750mL,0,44.99,2024-12-31
55_DRY GULCH_32055,55,DRY GULCH,32055,Greg Norman Eden Vly Chard,750mL,36,10.99,2024-12-31
47_PELLA'S WISH_1771,47,PELLA'S WISH,1771,Jack Daniels Tennessee Fire,50mL,130,2.99,2024-12-31
71_CLARCTON_4269,71,CLARCTON,4269,Calico Jack Spiced Rum,1.75L,12,11.99,2024-12-31
60_IRRAGIN_2912,60,IRRAGIN,2912,Platte Valley KY Corn Whisky,750mL,5,16.99,2024-12-31
55_DRY GULCH_2990,55,DRY GULCH,2990,Bulldog Gin,750mL,9,22.99,2024-12-31
43_WOLFORD_6828,43,WOLFORD,6828,Santa Rita RSV Cab Svgn,750mL,8,9.99,2024-12-31
44_PORTHCRAWL_18593,44,PORTHCRAWL,18593,Barefoot Bubbly Red Moscato,750mL,15,9.99,2024-12-31
42_BLACK HOLLOW_25578,42,BLACK HOLLOW,25578,Parducci 13 True Grit Chard,750mL,32,12.99,2024-12-31
50_MOUNTMEND_25557,50,MOUNTMEND,25557,Kenwood Cab Svgn Sonoma,750mL,14,14.99,2024-12-31
42_BLACK HOLLOW_27042,42,BLACK HOLLOW,27042,Luna di Luna Chard/Pnt Grigo,750mL,12,9.99,2024-12-31
41_LARNWICK_25984,41,LARNWICK,25984,C Y Toro Casa Diablo Svgn Bl,750mL,10,9.99,2024-12-31
70_KELD_4150,70,KELD,4150,Shellback Spiced Rum,750mL,13,17.99,2024-12-31
52_GRAYCOTT_29835,52,GRAYCOTT,29835,Casal Garcia Vinho Verde Wh,750mL,13,7.99,2024-12-31
55_DRY GULCH_25732,55,DRY GULCH,25732,Sonoma Loeb Pnt Nr Dutton Ra,750mL,18,33.99,2024-12-31
41_LARNWICK_12681,41,LARNWICK,12681,The Crusher Pnt Nr,750mL,8,13.99,2024-12-31
45_VERITAS_3791,45,VERITAS,3791,Jose Cuervo Especial Silver,375mL,5,10.99,2024-12-31
50_MOUNTMEND_11055,50,MOUNTMEND,11055,Ramey Cab Svgn Napa,750mL,24,56.99,2024-12-31
53_HILLFAR_8312,53,HILLFAR,8312,Bols Curacao Orange,750mL,20,7.99,2024-12-31
50_MOUNTMEND_15832,50,MOUNTMEND,15832,Sunday Mtn Svgn Bl,750mL,29,15.99,2024-12-31
64_CESTERFIELD_2182,64,CESTERFIELD,2182,McClelland Islay Single Mal,750mL,16,19.99,2024-12-31
65_LUTON_25883,65,LUTON,25883,Honig Cab Svgn Napa,750mL,5,36.99,2024-12-31
49_GARIGILL_22801,49,GARIGILL,22801,Fetzer Valley Oaks Cab Svgn,1.5L,17,12.99,2024-12-31
56_BEGGAR'S HOLE_200,56,BEGGAR'S HOLE,200,Luxardo Maraschino Liqueur,750mL,9,29.99,2024-12-31
69_MOUNTMEND_5676,69,MOUNTMEND,5676,Kinky Liqueur,50mL,101,1.99,2024-12-31
62_KILMARNOCK_966,62,KILMARNOCK,966,Patron Citronge Orange Liqu,750mL,9,20.99,2024-12-31
44_PORTHCRAWL_25419,44,PORTHCRAWL,25419,Kunde Chard Sonoma Valley,750mL,6,15.99,2024-12-31
62_KILMARNOCK_3591,62,KILMARNOCK,3591,Absolut Vanilia,750mL,16,17.99,2024-12-31
70_KELD_41537,70,KELD,41537,Mer Soleil Chard Central Cst,750mL,14,27.99,2024-12-31
48_NORFOLK_4050,48,NORFOLK,4050,Bacardi Oakheart Spiced Rum,750mL,16,10.99,2024-12-31
66_EANVERNESS_21684,66,EANVERNESS,21684,Underwood Pnt Nr,750mL,9,11.99,2024-12-31
60_IRRAGIN_6241,60,IRRAGIN,6241,Sutter Home Chard,750mL,14,5.99,2024-12-31
47_PELLA'S WISH_16262,47,PELLA'S WISH,16262,The Dreaming Tree Crush Red,750mL,8,11.99,2024-12-31
64_CESTERFIELD_11080,64,CESTERFIELD,11080,G Vigouroux Pigmentum Malbec,750mL,17,8.99,2024-12-31
68_SOLARIS_41252,68,SOLARIS,41252,Beringer Classic Pnt Grigio,1.5L,6,7.99,2024-12-31
71_CLARCTON_1955,71,CLARCTON,1955,Jack Daniels Tennessee Honey,375mL,53,10.99,2024-12-31
56_BEGGAR'S HOLE_3279,56,BEGGAR'S HOLE,3279,Double Cross Vodka,750mL,6,29.99,2024-12-31
50_MOUNTMEND_43820,50,MOUNTMEND,43820,Little Black Dress Merlot,750mL,16,10.99,2024-12-31
63_SWORDBREAK_39479,63,SWORDBREAK,39479,Barefoot Premium X-Dry,750mL,0,6.95,2024-12-31
60_IRRAGIN_2433,60,IRRAGIN,2433,Crown Royal X R Extra Rare,750mL,2,131.99,2024-12-31
49_GARIGILL_10239,49,GARIGILL,10239,Cannonball Cab Svgn Cal,750mL,15,13.99,2024-12-31
67_EANVERNESS_1714,67,EANVERNESS,1714,Smoky Quartz V5 Bourbon,375mL,12,27.99,2024-12-31
51_ABERDEEN_33767,51,ABERDEEN,33767,Sensi Chianti DOCG,750mL,11,11.99,2024-12-31
61_AETHELNEY_9160,61,AETHELNEY,9160,Deep Eddy Peach Vodka,50mL,54,0.99,2024-12-31
41_LARNWICK_16918,41,LARNWICK,16918,Villa Pozzi Moscato,750mL,16,9.99,2024-12-31
69_MOUNTMEND_28947,69,MOUNTMEND,28947,R M Woodbridge Merlot Cal,1.5L,149,8.99,2024-12-31
46__5847,46,,5847,Godiva Chocolate Liqueur,750mL,0,21.99,2024-12-31
55_DRY GULCH_16352,55,DRY GULCH,16352,Girls in the Vineyard Svgn B,750mL,28,15.99,2024-12-31
53_HILLFAR_3808,53,HILLFAR,3808,Three Olives Vodka,750mL,43,14.99,2024-12-31
69_MOUNTMEND_13443,69,MOUNTMEND,13443,Villa des Anges Cab VDP D'Oc,750mL,12,11.99,2024-12-31
49_GARIGILL_3385,49,GARIGILL,3385,Pinnacle Strawbry Kiwi Vodka,1.75L,3,15.99,2024-12-31
64_CESTERFIELD_1396,64,CESTERFIELD,1396,Old Crow,1.75L,9,15.99,2024-12-31
60_IRRAGIN_675,60,IRRAGIN,675,Mount Gay 1703 Old Cask Slct,750mL,4,99.99,2024-12-31
57_LANTEGLOS_1637,57,LANTEGLOS,1637,Fleischmanns Preferred,1.75L,18,10.99,2024-12-31
42_BLACK HOLLOW_8626,42,BLACK HOLLOW,8626,Ezra Brooks,1.75L,10,15.99,2024-12-31
68_SOLARIS_22822,68,SOLARIS,22822,Corvo Pnt Nr,750mL,6,11.99,2024-12-31
62_KILMARNOCK_46380,62,KILMARNOCK,46380,Ghost Pines Chard L Martini,750mL,13,16.99,2024-12-31
73_DONCASTER_21411,73,DONCASTER,21411,Segal's Fusion Chard/Colombd,750mL,10,15.99,2024-12-31
45_VERITAS_11827,45,VERITAS,11827,Cupcake Merlot,750mL,18,7.49,2024-12-31
62_KILMARNOCK_8921,62,KILMARNOCK,8921,Sterling Cab Svgn,750mL,10,16.95,2024-12-31
69_MOUNTMEND_5447,69,MOUNTMEND,5447,Jagermeister Liqueur,375mL,16,9.99,2024-12-31
50_MOUNTMEND_6542,50,MOUNTMEND,6542,Melini Borghi D'Elsa Chiant,750mL,9,6.99,2024-12-31
54_GUTHRAM_26817,54,GUTHRAM,26817,Ravenswood Vntrs Blnd Merlot,750mL,11,7.99,2024-12-31
42_BLACK HOLLOW_3878,42,BLACK HOLLOW,3878,Smirnoff 80 Proof,750mL,20,10.99,2024-12-31
68_SOLARIS_14623,68,SOLARIS,14623,The Naked Grape Pnt Grigio,750mL,7,5.99,2024-12-31
69_MOUNTMEND_25893,69,MOUNTMEND,25893,MJ Candice Red 13 Roussillon,750mL,21,10.99,2024-12-31
61_AETHELNEY_2742,61,AETHELNEY,2742,Aberfeldy 12 Yr Single Malt,750mL,6,44.99,2024-12-31
56_BEGGAR'S HOLE_14706,56,BEGGAR'S HOLE,14706,Cupcake Prosecco,750mL,26,7.49,2024-12-31
55_DRY GULCH_18641,55,DRY GULCH,18641,Yellow Tail Big Bold Red,1.5L,38,8.95,2024-12-31
47_PELLA'S WISH_1845,47,PELLA'S WISH,1845,Cluny Scotch Whiskey,1.75L,1,17.99,2024-12-31
44_PORTHCRAWL_1377,44,PORTHCRAWL,1377,Jim Beam Honey,1.75L,3,24.99,2024-12-31
60_IRRAGIN_6864,60,IRRAGIN,6864,St Francis Chard,750mL,23,9.99,2024-12-31
68_SOLARIS_8562,68,SOLARIS,8562,DeKuyper Peachtree Trav,1.75L,9,14.99,2024-12-31
55_DRY GULCH_38546,55,DRY GULCH,38546,Mark West Pnt Nr Sonoma,750mL,100,9.99,2024-12-31
50_MOUNTMEND_13303,50,MOUNTMEND,13303,Plungerhead Znfdl Lodi,750mL,9,13.99,2024-12-31
57_LANTEGLOS_4299,57,LANTEGLOS,4299,Capt Morgan White Grapefruit,750mL,13,14.99,2024-12-31
69_MOUNTMEND_3808,69,MOUNTMEND,3808,Three Olives Vodka,750mL,71,14.99,2024-12-31
68_SOLARIS_16837,68,SOLARIS,16837,Beringer Classic Pink Moscat,750mL,16,6.99,2024-12-31
70_KELD_16837,70,KELD,16837,Beringer Classic Pink Moscat,750mL,29,6.99,2024-12-31
42_BLACK HOLLOW_18801,42,BLACK HOLLOW,18801,Bolla Prosecco Extra Dry,750mL,5,10.99,2024-12-31
41_LARNWICK_4243,41,LARNWICK,4243,Bacardi Superior Rum,1.75L,242,19.99,2024-12-31
48_NORFOLK_9145,48,NORFOLK,9145,Smirnoff Kissed Caramel,50mL,83,0.99,2024-12-31
69_MOUNTMEND_14437,69,MOUNTMEND,14437,Nielson by Byron Pnt Nr SBC,750mL,24,17.99,2024-12-31
47_PELLA'S WISH_8361,47,PELLA'S WISH,8361,Carlo Rossi Chablis Calif,4L,4,14.99,2024-12-31
57_LANTEGLOS_35414,57,LANTEGLOS,35414,Yellow Tail Shiraz Ausl,1.5L,19,8.95,2024-12-31
45_VERITAS_16669,45,VERITAS,16669,Sweet Baby Vyds Blueberry,750mL,7,12.99,2024-12-31
49_GARIGILL_39410,49,GARIGILL,39410,Mirassou Cab Svgn Cal,750mL,12,9.99,2024-12-31
66_EANVERNESS_3594,66,EANVERNESS,3594,Pinnacle Tropical Punch,50mL,190,0.99,2024-12-31
50_MOUNTMEND_40240,50,MOUNTMEND,40240,Beringer Classic Wh Zin Spkl,750mL,78,7.99,2024-12-31
68_SOLARIS_39256,68,SOLARIS,39256,Schmitt Sohne Relax Mosel,750mL,49,10.99,2024-12-31
73_DONCASTER_16289,73,DONCASTER,16289,Barefoot Bubbly Pink Moscato,750mL,111,6.95,2024-12-31
42_BLACK HOLLOW_3580,42,BLACK HOLLOW,3580,Smirnoff Orange Vodka,750mL,9,12.99,2024-12-31
61_AETHELNEY_649,61,AETHELNEY,649,Sauza Tres Generaciones Pla,750mL,5,39.99,2024-12-31
47_PELLA'S WISH_8267,47,PELLA'S WISH,8267,Gazdina Rakija Pear Brandy,750mL,3,21.99,2024-12-31
47_PELLA'S WISH_6396,47,PELLA'S WISH,6396,Taylor Dry Sherry,1.5L,3,7.79,2024-12-31
66_EANVERNESS_16877,66,EANVERNESS,16877,Ninety+Cellars Lot 53 Cab Sv,750mL,22,10.99,2024-12-31
58_HARTLEPOOL_3667,58,HARTLEPOOL,3667,Boru Original Irish Vodka,1.75L,18,17.99,2024-12-31
71_CLARCTON_3133,71,CLARCTON,3133,Svedka Strwbry Lemonad Vodka,750mL,23,10.99,2024-12-31
72_HARDERSFIELD_5891,72,HARDERSFIELD,5891,Ryans Irish Cream,1.75L,19,15.99,2024-12-31
64_CESTERFIELD_1734,64,CESTERFIELD,1734,Duggans Dew O Kirkintilloch,1.75L,5,22.99,2024-12-31
69_MOUNTMEND_46093,69,MOUNTMEND,46093,Mouton Cadet Rose,750mL,9,12.99,2024-12-31
55_DRY GULCH_8223,55,DRY GULCH,8223,Dom Chandon Blanc de Noir C,750mL,60,13.99,2024-12-31
55_DRY GULCH_39456,55,DRY GULCH,39456,Charles Heidsieck Brut Rose,750mL,1,76.99,2024-12-31
53_HILLFAR_21985,53,HILLFAR,21985,Menage a Trois Midnight,750mL,11,9.95,2024-12-31
63_SWORDBREAK_8166,63,SWORDBREAK,8166,Mount Gay Eclipse,750mL,9,19.99,2024-12-31
69_MOUNTMEND_16728,69,MOUNTMEND,16728,Pine Ridge Forefront Cab Svg,750mL,0,19.99,2024-12-31
55_DRY GULCH_20409,55,DRY GULCH,20409,NxNW Red Columbia Valley,750mL,10,12.99,2024-12-31
50_MOUNTMEND_26061,50,MOUNTMEND,26061,Centonze Frappato Rosso Sici,750mL,15,12.99,2024-12-31
50_MOUNTMEND_18173,50,MOUNTMEND,18173,Seven Falls Chard,750mL,20,10.99,2024-12-31
42_BLACK HOLLOW_8778,42,BLACK HOLLOW,8778,Bulleit Bourbon,1.75L,5,47.99,2024-12-31
57_LANTEGLOS_1346,57,LANTEGLOS,1346,Knob Creek Bourbon,750mL,30,30.99,2024-12-31
69_MOUNTMEND_2867,69,MOUNTMEND,2867,Jefferson's Rsv Old Rum Cask,750mL,21,79.99,2024-12-31
57_LANTEGLOS_46379,57,LANTEGLOS,46379,Ghost Pine Cab Svgn LMartini,750mL,26,17.99,2024-12-31
59_CLAETHORPES_435,59,CLAETHORPES,435,Il Tramonto Limoncello,750mL,24,15.99,2024-12-31
67_EANVERNESS_20791,67,EANVERNESS,20791,Belle Ambiance Pnt Grigio,750mL,13,7.99,2024-12-31
51_ABERDEEN_33683,51,ABERDEEN,33683,R Mondavi Private Slct Chard,1.5L,12,20.99,2024-12-31
55_DRY GULCH_22194,55,DRY GULCH,22194,Placido Pinot Grigio Venezi,1.5L,8,12.99,2024-12-31
68_SOLARIS_1274,68,SOLARIS,1274,No. 14 Bourbon,750mL,0,44.99,2024-12-31
59_CLAETHORPES_11067,59,CLAETHORPES,11067,Sterling Chard,750mL,11,15.99,2024-12-31
51_ABERDEEN_3485,51,ABERDEEN,3485,Luksusowa Potato Vodka,1.75L,10,18.99,2024-12-31
65_LUTON_23919,65,LUTON,23919,JJ Vincent Plly-Fuisse Marie,750mL,6,23.99,2024-12-31
44_PORTHCRAWL_14920,44,PORTHCRAWL,14920,Broadbent Gruner Veltliner,Liter,10,14.99,2024-12-31
67_EANVERNESS_7872,67,EANVERNESS,7872,Piper Heidsieck Brut,750mL,67,44.99,2024-12-31
54_GUTHRAM_8166,54,GUTHRAM,8166,Mount Gay Eclipse,750mL,18,19.99,2024-12-31
41_LARNWICK_8346,41,LARNWICK,8346,Marques de Riscal Rioja Red,750mL,29,14.99,2024-12-31
73_DONCASTER_8036,73,DONCASTER,8036,Livingston Chablis Cal,3L,15,11.99,2024-12-31
41_LARNWICK_22421,41,LARNWICK,22421,Marchesi di Barolo Monferrat,750mL,4,12.99,2024-12-31
54_GUTHRAM_25465,54,GUTHRAM,25465,Benziger Tribute Estate Red,750mL,2,59.99,2024-12-31
54_GUTHRAM_200,54,GUTHRAM,200,Luxardo Maraschino Liqueur,750mL,3,29.99,2024-12-31
50_MOUNTMEND_3420,50,MOUNTMEND,3420,New Amsterdam Coconut Vodka,750mL,93,10.99,2024-12-31
59_CLAETHORPES_4582,59,CLAETHORPES,4582,Diplomatico Venezln Rsva Rum,750mL,6,34.99,2024-12-31
49_GARIGILL_1397,49,GARIGILL,1397,Jim Beam Kentucky Fire,750mL,53,14.99,2024-12-31
42_BLACK HOLLOW_3345,42,BLACK HOLLOW,3345,Bombay Sapphire Gin,50mL,128,1.99,2024-12-31
45_VERITAS_2917,45,VERITAS,2917,Paddy's Irish Whiskey,750mL,11,17.99,2024-12-31
67_EANVERNESS_4334,67,EANVERNESS,4334,Casa Noble Blanco Crystal,750mL,28,34.99,2024-12-31
57_LANTEGLOS_32831,57,LANTEGLOS,32831,Carpineto Dogajolo Tuscan Rd,750mL,31,11.99,2024-12-31
50_MOUNTMEND_35318,50,MOUNTMEND,35318,Jewell Towne Marechal Foch,750mL,16,11.49,2024-12-31
67_EANVERNESS_12944,67,EANVERNESS,12944,Middle Sister Rebel Red,750mL,16,12.99,2024-12-31
56_BEGGAR'S HOLE_10254,56,BEGGAR'S HOLE,10254,Beringer Classic Chard,750mL,20,6.99,2024-12-31
63_SWORDBREAK_3762,63,SWORDBREAK,3762,Patron Silver Tequila,50mL,55,5.99,2024-12-31
54_GUTHRAM_4798,54,GUTHRAM,4798,Sambuca Romana Liqueur,50mL,0,1.99,2024-12-31
54_GUTHRAM_2668,54,GUTHRAM,2668,Dewars White Label,375mL,15,13.99,2024-12-31
49_GARIGILL_1962,49,GARIGILL,1962,Jim Beam Apple,750mL,42,14.99,2024-12-31
42_BLACK HOLLOW_653,42,BLACK HOLLOW,653,Dom de Canton Ginger Liqueur,750mL,6,37.99,2024-12-31
53_HILLFAR_8096,53,HILLFAR,8096,Beefeater Gin,50mL,108,1.99,2024-12-31
50_MOUNTMEND_4521,50,MOUNTMEND,4521,Appleton Estate Reserve Rum,750mL,15,21.99,2024-12-31
52_GRAYCOTT_6213,52,GRAYCOTT,6213,Taylor Red Port,1.5L,24,7.99,2024-12-31
65_LUTON_2026,65,LUTON,2026,Camarena Silver Tequila,750mL,3,18.99,2024-12-31
72_HARDERSFIELD_3505,72,HARDERSFIELD,3505,Tito's Handmade Vodka,750mL,3,18.99,2024-12-31
47_PELLA'S WISH_8068,47,PELLA'S WISH,8068,Absolut 80 Proof,1.75L,57,23.49,2024-12-31
66_EANVERNESS_43225,66,EANVERNESS,43225,Ch Beauchene Chtnf Pape RSV,750mL,55,26.99,2024-12-31
69_MOUNTMEND_22798,69,MOUNTMEND,22798,Elk Cove La Boheme Pnt Nr,750mL,6,46.99,2024-12-31
48_NORFOLK_16289,48,NORFOLK,16289,Barefoot Bubbly Pink Moscato,750mL,0,6.95,2024-12-31
41_LARNWICK_13458,41,LARNWICK,13458,Ch Ste Michelle Harvest Rsl,750mL,24,8.99,2024-12-31
60_IRRAGIN_757,60,IRRAGIN,757,Jim Beam Rye,750mL,16,18.99,2024-12-31
52_GRAYCOTT_25703,52,GRAYCOTT,25703,Murphy-Goode Svgn Bl,750mL,14,11.99,2024-12-31
61_AETHELNEY_5805,61,AETHELNEY,5805,Jose Cuervo Light Margaritas,1.75L,15,16.99,2024-12-31
61_AETHELNEY_2692,61,AETHELNEY,2692,Glenmorangie 10 Yr Scotch,750mL,10,34.99,2024-12-31
70_KELD_26456,70,KELD,26456,Ravenswood Vntnrs Blnd Chard,750mL,35,7.99,2024-12-31
66_EANVERNESS_6495,66,EANVERNESS,6495,Exotico Blanco Tequila,750mL,14,13.99,2024-12-31
44_PORTHCRAWL_4334,44,PORTHCRAWL,4334,Casa Noble Blanco Crystal,750mL,4,34.99,2024-12-31
63_SWORDBREAK_6918,63,SWORDBREAK,6918,Franzia Tap Cab Svgn,5L,16,17.99,2024-12-31
69_MOUNTMEND_6717,69,MOUNTMEND,6717,Dream Catcher Irish Liqueur,750mL,1,15.49,2024-12-31
51_ABERDEEN_20357,51,ABERDEEN,20357,Apothic Dark,750mL,16,7.99,2024-12-31
72_HARDERSFIELD_41159,72,HARDERSFIELD,41159,Phillips Earthquake Ld Znfdl,750mL,7,24.99,2024-12-31
69_MOUNTMEND_22264,69,MOUNTMEND,22264,Cuttings Cab Svgn,750mL,14,49.99,2024-12-31
51_ABERDEEN_4153,51,ABERDEEN,4153,Jenkins Rum,1.75L,20,11.99,2024-12-31
69_MOUNTMEND_1742,69,MOUNTMEND,1742,Hedonism Scotch,750mL,5,99.99,2024-12-31
43_WOLFORD_6542,43,WOLFORD,6542,Melini Borghi D'Elsa Chiant,750mL,19,6.99,2024-12-31
52_GRAYCOTT_24094,52,GRAYCOTT,24094,Gallo Copperidge Cab Svgn,1.5L,4,6.99,2024-12-31
58_HARTLEPOOL_4732,58,HARTLEPOOL,4732,Remy Martin VSOP Cognac,1.75L,8,84.99,2024-12-31
66_EANVERNESS_3351,66,EANVERNESS,3351,Pinnacle Whipped Vodka,1.75L,68,15.99,2024-12-31
47_PELLA'S WISH_8021,47,PELLA'S WISH,8021,Glenfiddich Special Rsv 12,750mL,25,42.99,2024-12-31
64_CESTERFIELD_28138,64,CESTERFIELD,28138,Columbia Crest Grand Chard,750mL,23,9.99,2024-12-31
41_LARNWICK_8437,41,LARNWICK,8437,Maestro Dobel Diamond Tequla,750mL,9,34.99,2024-12-31
55_DRY GULCH_15528,55,DRY GULCH,15528,Cannonball Chard,750mL,104,13.99,2024-12-31
64_CESTERFIELD_18875,64,CESTERFIELD,18875,Di Padrino Dry Vermouth,1.5L,7,7.99,2024-12-31
49_GARIGILL_39256,49,GARIGILL,39256,Schmitt Sohne Relax Mosel,750mL,24,10.99,2024-12-31
61_AETHELNEY_6933,61,AETHELNEY,6933,Ch Ste Michelle Svgn Bl,750mL,31,8.99,2024-12-31
67_EANVERNESS_13595,67,EANVERNESS,13595,Palagetto Brunello d Montlcn,750mL,13,49.99,2024-12-31
51_ABERDEEN_2886,51,ABERDEEN,2886,Buchanans Deluxe 12Yr Scotch,1.75L,11,62.99,2024-12-31
73_DONCASTER_15265,73,DONCASTER,15265,The Naked Grape Cab Svgn,750mL,18,5.99,2024-12-31
73_DONCASTER_34525,73,DONCASTER,34525,Neyers Merlot Napa,750mL,5,25.99,2024-12-31
47_PELLA'S WISH_21951,47,PELLA'S WISH,21951,Ruffino Aziano Chianti Clsc,750mL,12,12.99,2024-12-31
67_EANVERNESS_6660,67,EANVERNESS,6660,Carlo Rossi Paisano Calif,4L,12,14.99,2024-12-31
69_MOUNTMEND_17595,69,MOUNTMEND,17595,Ch La Gordonne Rose,750mL,0,16.99,2024-12-31
59_CLAETHORPES_6647,59,CLAETHORPES,6647,Estancia Chard,750mL,22,8.99,2024-12-31
55_DRY GULCH_8202,55,DRY GULCH,8202,Sambuca Romana,750mL,76,17.99,2024-12-31
64_CESTERFIELD_8576,64,CESTERFIELD,8576,E & J Brandy VS,375mL,6,4.99,2024-12-31
53_HILLFAR_3671,53,HILLFAR,3671,Stolichnaya Razberi,50mL,105,1.99,2024-12-31
43_WOLFORD_6933,43,WOLFORD,6933,Ch Ste Michelle Svgn Bl,750mL,21,8.99,2024-12-31
50_MOUNTMEND_23810,50,MOUNTMEND,23810,Angels Landing Rsv Cab Svgn,750mL,19,29.99,2024-12-31
42_BLACK HOLLOW_39254,42,BLACK HOLLOW,39254,Las Rocas Garnacha San Alej,750mL,5,11.99,2024-12-31
50_MOUNTMEND_18736,50,MOUNTMEND,18736,A Portela Mencia,750mL,23,16.99,2024-12-31
46__35411,46,,35411,Yellow Tail Chard Ausl,750mL,0,7.99,2024-12-31
41_LARNWICK_14457,41,LARNWICK,14457,Scagliola Mati Barbera,750mL,3,12.99,2024-12-31
57_LANTEGLOS_8170,57,LANTEGLOS,8170,Courvoisier VS Cognac,50mL,24,2.99,2024-12-31
66_EANVERNESS_24723,66,EANVERNESS,24723,Tenuta di Biserno Il Pino,750mL,2,59.99,2024-12-31
73_DONCASTER_17059,73,DONCASTER,17059,Murai Nigori Genshu Sake,300mL,17,8.99,2024-12-31
63_SWORDBREAK_4502,63,SWORDBREAK,4502,E & J XO Brandy,1.75L,8,21.99,2024-12-31
57_LANTEGLOS_5102,57,LANTEGLOS,5102,Brinley Shipwreck Coconut Cr,750mL,5,19.99,2024-12-31
73_DONCASTER_3679,73,DONCASTER,3679,Chopin Vodka,750mL,31,21.99,2024-12-31
66_EANVERNESS_5630,66,EANVERNESS,5630,Cabin Fever Maple Liqueur,750mL,30,19.99,2024-12-31
60_IRRAGIN_46785,60,IRRAGIN,46785,Oops Spicy Splendr Carmenere,750mL,23,9.99,2024-12-31
51_ABERDEEN_2790,51,ABERDEEN,2790,High West American Prairie,750mL,5,29.99,2024-12-31
56_BEGGAR'S HOLE_2254,56,BEGGAR'S HOLE,2254,Canadian Club Triple Aged,750mL,4,12.99,2024-12-31
41_LARNWICK_36076,41,LARNWICK,36076,Ch Haut-Bailly 10,750mL,2,169.99,2024-12-31
41_LARNWICK_27854,41,LARNWICK,27854,F Coppola Black Label Claret,750mL,18,16.99,2024-12-31
49_GARIGILL_6150,49,GARIGILL,6150,Midnight Moon Blackberry,750mL,4,19.99,2024-12-31
70_KELD_8223,70,KELD,8223,Dom Chandon Blanc de Noir C,750mL,7,13.99,2024-12-31
67_EANVERNESS_14690,67,EANVERNESS,14690,Bridlewood Pnt Nr Monterey C,750mL,17,10.99,2024-12-31
68_SOLARIS_3298,68,SOLARIS,3298,Bully Boy Boston Rum,750mL,7,26.99,2024-12-31
73_DONCASTER_24594,73,DONCASTER,24594,Torresella Prosecco Xtra Dry,750mL,13,14.99,2024-12-31
69_MOUNTMEND_1686,69,MOUNTMEND,1686,Lord Calvert Ducks Decanter,750mL,11,99.99,2024-12-31
41_LARNWICK_11213,41,LARNWICK,11213,Meiomi Pnt Nr,750mL,38,21.99,2024-12-31
48_NORFOLK_23870,48,NORFOLK,23870,Col-di-Sasso Sangiovese/Cab,750mL,12,10.99,2024-12-31
44_PORTHCRAWL_9037,44,PORTHCRAWL,9037,Prairie Organic Cucumber Vod,750mL,4,19.99,2024-12-31
50_MOUNTMEND_27395,50,MOUNTMEND,27395,J Drouhin Hos de Bel Fleurie,750mL,10,25.99,2024-12-31
46__8473,46,,8473,1800 Silver Tequila,1.75L,0,41.99,2024-12-31
45_VERITAS_3802,45,VERITAS,3802,Three Olives Vodka,1.75L,19,18.99,2024-12-31
45_VERITAS_12212,45,VERITAS,12212,Black Box Svgn Bl,3L,9,18.99,2024-12-31
65_LUTON_4416,65,LUTON,4416,Cruzan Coconut Flavored Rum,750mL,8,9.99,2024-12-31
66_EANVERNESS_7728,66,EANVERNESS,7728,Great Western X Dry,750mL,104,9.99,2024-12-31
42_BLACK HOLLOW_8452,42,BLACK HOLLOW,8452,Cruzan Aged Light Rum,1.75L,6,16.99,2024-12-31
69_MOUNTMEND_18835,69,MOUNTMEND,18835,Don Miguel Gascon Colosal Rd,750mL,18,11.99,2024-12-31
59_CLAETHORPES_5822,59,CLAETHORPES,5822,Ryans Irish Cream,375mL,14,7.99,2024-12-31
60_IRRAGIN_4897,60,IRRAGIN,4897,Remy Martin VSOP Cognac,50mL,120,4.49,2024-12-31
48_NORFOLK_37071,48,NORFOLK,37071,Caymus Conundrum White,750mL,13,22.99,2024-12-31
48_NORFOLK_1378,48,NORFOLK,1378,Jim Beam,375mL,28,9.49,2024-12-31
52_GRAYCOTT_2373,52,GRAYCOTT,2373,Jim Beam Maple,750mL,4,14.99,2024-12-31
60_IRRAGIN_1889,60,IRRAGIN,1889,El Toro Gold Tequila,Liter,0,7.99,2024-12-31
46__19870,46,,19870,Yellow Tail Sangria,1.5L,0,8.95,2024-12-31
67_EANVERNESS_26105,67,EANVERNESS,26105,Spottswoode Svgn Bl Napa Vly,750mL,7,35.99,2024-12-31
66_EANVERNESS_26762,66,EANVERNESS,26762,Chalk Hill Pnt Nr Sonoma Cst,750mL,76,14.99,2024-12-31
48_NORFOLK_5152,48,NORFOLK,5152,Patron Citronge Mango Liquer,750mL,6,16.49,2024-12-31
67_EANVERNESS_23785,67,EANVERNESS,23785,Pink Pegau Rose,750mL,16,19.99,2024-12-31
61_AETHELNEY_23889,61,AETHELNEY,23889,Corbett Canyon Wh Znfdl,1.5L,13,8.99,2024-12-31
66_EANVERNESS_3666,66,EANVERNESS,3666,Art in the Age Chicory Root,375mL,14,24.99,2024-12-31
60_IRRAGIN_2729,60,IRRAGIN,2729,Hell-Cat Maggie Irish Whisky,750mL,7,19.99,2024-12-31
72_HARDERSFIELD_8450,72,HARDERSFIELD,8450,E & J Brandy VS,1.75L,16,19.99,2024-12-31
64_CESTERFIELD_20864,64,CESTERFIELD,20864,W Hill Est Merlot Cntrl Cst,750mL,7,12.99,2024-12-31
53_HILLFAR_15428,53,HILLFAR,15428,Ruffino Prosecco Sparkling,750mL,36,9.99,2024-12-31
43_WOLFORD_17345,43,WOLFORD,17345,Bogle Essential Red,750mL,8,10.99,2024-12-31
71_CLARCTON_10414,71,CLARCTON,10414,Le Cirque Rose,750mL,2,13.99,2024-12-31
63_SWORDBREAK_2623,63,SWORDBREAK,2623,Ballantines,1.75L,5,27.99,2024-12-31
41_LARNWICK_16428,41,LARNWICK,16428,HandCraft Artisan Coll Chard,750mL,5,9.99,2024-12-31
62_KILMARNOCK_438,62,KILMARNOCK,438,Licor 43 Vanilla Liqueur,750mL,21,17.99,2024-12-31
61_AETHELNEY_25576,61,AETHELNEY,25576,Simmonet-Febvre Cremant de B,750mL,47,13.99,2024-12-31
44_PORTHCRAWL_4206,44,PORTHCRAWL,4206,Kirk and Sweeney 23 Yr Rum,750mL,7,44.99,2024-12-31
41_LARNWICK_3982,41,LARNWICK,3982,Hornitos Reposado Tequila,750mL,87,20.99,2024-12-31
46__2159,46,,2159,Connemara Irish Whiskey,750mL,0,39.99,2024-12-31
61_AETHELNEY_8534,61,AETHELNEY,8534,M & R Asti,375mL,0,5.99,2024-12-31
53_HILLFAR_2790,53,HILLFAR,2790,High West American Prairie,750mL,6,29.99,2024-12-31
43_WOLFORD_3882,43,WOLFORD,3882,Smirnoff Strawberry Vodka,750mL,6,10.99,2024-12-31
54_GUTHRAM_2499,54,GUTHRAM,2499,Crown Royal Black,750mL,12,27.99,2024-12-31
49_GARIGILL_14838,49,GARIGILL,14838,Layer Cake Cab Svgn,750mL,39,11.95,2024-12-31
53_HILLFAR_3668,53,HILLFAR,3668,Belvedere Polish Vodka,1.75L,40,42.99,2024-12-31
44_PORTHCRAWL_7991,44,PORTHCRAWL,7991,Stock Italian X Dry Vermouth,1.5L,8,8.99,2024-12-31
69_MOUNTMEND_26288,69,MOUNTMEND,26288,Spy Valley Rose,750mL,11,18.99,2024-12-31
68_SOLARIS_24552,68,SOLARIS,24552,Gnarly Head 1924 Double Blac,750mL,13,9.99,2024-12-31
42_BLACK HOLLOW_34134,42,BLACK HOLLOW,34134,Turning Leaf RSV Chard Cal,1.5L,6,10.99,2024-12-31
71_CLARCTON_3372,71,CLARCTON,3372,Smirnoff Sourced Pineapple,750mL,46,9.49,2024-12-31
62_KILMARNOCK_3625,62,KILMARNOCK,3625,Absolut 80 Proof,750mL,41,17.99,2024-12-31
54_GUTHRAM_31465,54,GUTHRAM,31465,Franzia Tap Chard,5L,9,17.99,2024-12-31
55_DRY GULCH_18236,55,DRY GULCH,18236,Marchesi Barolo Cannubi,750mL,3,75.99,2024-12-31
68_SOLARIS_25480,68,SOLARIS,25480,Boyle MacDonald Cab Svgn Nap,750mL,1,26.99,2024-12-31
47_PELLA'S WISH_8476,47,PELLA'S WISH,8476,1800 Reposado Gold Tequila,375mL,3,14.49,2024-12-31
56_BEGGAR'S HOLE_3760,56,BEGGAR'S HOLE,3760,Absolut Pears,750mL,7,17.99,2024-12-31
66_EANVERNESS_2119,66,EANVERNESS,2119,Glendalough 13 Yr Sngle Malt,750mL,21,84.99,2024-12-31
70_KELD_2436,70,KELD,2436,Crown Royal,375mL,15,14.99,2024-12-31
73_DONCASTER_3498,73,DONCASTER,3498,Baileys Vanilla Cinnamon,750mL,28,19.99,2024-12-31
59_CLAETHORPES_8442,59,CLAETHORPES,8442,1800 Silver Tequila,375mL,13,14.49,2024-12-31
61_AETHELNEY_653,61,AETHELNEY,653,Dom de Canton Ginger Liqueur,750mL,8,37.99,2024-12-31
73_DONCASTER_14382,73,DONCASTER,14382,LaBelle Winery Raspberry,375mL,18,15.99,2024-12-31
73_DONCASTER_2346,73,DONCASTER,2346,Black Velvet Toasted Caramel,1.75L,19,18.99,2024-12-31
41_LARNWICK_21581,41,LARNWICK,21581,Epiphany Revelation,750mL,12,30.99,2024-12-31
64_CESTERFIELD_19660,64,CESTERFIELD,19660,Red Sox Club Series Cab Svgn,750mL,1,19.99,2024-12-31
67_EANVERNESS_24634,67,EANVERNESS,24634,Marques de Caceres RSV Red,750mL,12,16.99,2024-12-31
41_LARNWICK_3154,41,LARNWICK,3154,New Amsterdam Peach Vodka,750mL,53,10.99,2024-12-31
65_LUTON_523,65,LUTON,523,Castello Del Poggio Moscato,750mL,4,9.99,2024-12-31
66_EANVERNESS_27694,66,EANVERNESS,27694,Grieve Estate Merlot,750mL,6,76.99,2024-12-31
64_CESTERFIELD_8450,64,CESTERFIELD,8450,E & J Brandy VS,1.75L,9,19.99,2024-12-31
50_MOUNTMEND_35048,50,MOUNTMEND,35048,Castell Del Remei Gotim Bru,750mL,23,13.99,2024-12-31
61_AETHELNEY_171,61,AETHELNEY,171,Gentleman Jack,1.75L,21,49.99,2024-12-31
67_EANVERNESS_32827,67,EANVERNESS,32827,Rombauer Merlot Napa,750mL,11,29.99,2024-12-31
71_CLARCTON_8727,71,CLARCTON,8727,Monkey Shoulder Scotch,750mL,3,29.99,2024-12-31
61_AETHELNEY_3743,61,AETHELNEY,3743,Smirnoff Sorbet Pine/Coconut,750mL,22,12.99,2024-12-31
71_CLARCTON_2333,71,CLARCTON,2333,Bruichladdich Scotish Barley,750mL,17,49.99,2024-12-31
68_SOLARIS_24357,68,SOLARIS,24357,Bota Box Nighthawk Dark Red,3L,4,17.99,2024-12-31
67_EANVERNESS_998,67,EANVERNESS,998,Corralejo Blanco Tequila,750mL,7,24.99,2024-12-31
50_MOUNTMEND_3047,50,MOUNTMEND,3047,Bully Boy Vodka,750mL,4,22.99,2024-12-31
71_CLARCTON_12134,71,CLARCTON,12134,Pro.mis.Q.ous Red CA,750mL,3,10.99,2024-12-31
62_KILMARNOCK_1961,62,KILMARNOCK,1961,Everclear 151 Vodka,1.75L,12,32.99,2024-12-31
61_AETHELNEY_16806,61,AETHELNEY,16806,Apothic Winemakers White,750mL,6,7.99,2024-12-31
72_HARDERSFIELD_7279,72,HARDERSFIELD,7279,Yago Sant'Gria Red,1.5L,12,7.99,2024-12-31
41_LARNWICK_43872,41,LARNWICK,43872,Joseph Carr Cab Svgn Napa,750mL,99,24.99,2024-12-31
73_DONCASTER_12270,73,DONCASTER,12270,Wente Louis Mel Svgn Bl,750mL,18,13.99,2024-12-31
58_HARTLEPOOL_7341,58,HARTLEPOOL,7341,Smirnoff Watermelon,50mL,36,0.99,2024-12-31
57_LANTEGLOS_3762,57,LANTEGLOS,3762,Patron Silver Tequila,50mL,28,5.99,2024-12-31
63_SWORDBREAK_6398,63,SWORDBREAK,6398,BV Coastal Estate Cab Svgn,750mL,15,7.99,2024-12-31
53_HILLFAR_6967,53,HILLFAR,6967,Santa Margherita Pnt Grigio,750mL,22,19.99,2024-12-31
41_LARNWICK_19360,41,LARNWICK,19360,Finca La Linda Cab Svgn,750mL,13,9.99,2024-12-31
46__34460,46,,34460,Dr Loosen Rsl 'Dr L' M,750mL,0,12.99,2024-12-31
73_DONCASTER_25458,73,DONCASTER,25458,Seven Hills Cab Svgn Columbi,750mL,5,22.99,2024-12-31
60_IRRAGIN_1760,60,IRRAGIN,1760,William Grant Scotch,1.75L,9,24.99,2024-12-31
55_DRY GULCH_23385,55,DRY GULCH,23385,Dom Roux Bourgogne Chard,750mL,11,19.99,2024-12-31
46__5268,46,,5268,Mr Boston Rock & Rye,750mL,0,8.99,2024-12-31
51_ABERDEEN_2982,51,ABERDEEN,2982,Highland Park Dark Origins,750mL,4,69.99,2024-12-31
45_VERITAS_8781,45,VERITAS,8781,Rodney Strong Cab Svgn,750mL,14,16.99,2024-12-31
66_EANVERNESS_41537,66,EANVERNESS,41537,Mer Soleil Chard Central Cst,750mL,34,27.99,2024-12-31
62_KILMARNOCK_3684,62,KILMARNOCK,3684,Fleischmanns Royal Vodka,1.75L,32,9.99,2024-12-31
54_GUTHRAM_26341,54,GUTHRAM,26341,Balletto 15 Rose Pnt Nr RRV,750mL,13,16.99,2024-12-31
50_MOUNTMEND_6044,50,MOUNTMEND,6044,Glenmorangie 25 Yr Old,750mL,1,669.99,2024-12-31
55_DRY GULCH_23143,55,DRY GULCH,23143,Bogle Chard,750mL,119,8.99,2024-12-31
73_DONCASTER_6232,73,DONCASTER,6232,Avion Reserva 44 Extra Anejo,750mL,4,124.99,2024-12-31
64_CESTERFIELD_6213,64,CESTERFIELD,6213,Taylor Red Port,1.5L,9,7.99,2024-12-31
73_DONCASTER_23289,73,DONCASTER,23289,Ch Mouton Rothschild 11 Paui,750mL,3,699.99,2024-12-31
64_CESTERFIELD_6938,64,CESTERFIELD,6938,Vendange Chard,1.5L,23,7.99,2024-12-31
52_GRAYCOTT_19545,52,GRAYCOTT,19545,Darkhorse Red,750mL,8,7.99,2024-12-31
55_DRY GULCH_4732,55,DRY GULCH,4732,Remy Martin VSOP Cognac,1.75L,22,84.99,2024-12-31
72_HARDERSFIELD_8440,72,HARDERSFIELD,8440,Baileys Espresso Creme,750mL,20,19.99,2024-12-31
73_DONCASTER_22842,73,DONCASTER,22842,Corral De Peidra Cab Svgn,750mL,14,10.99,2024-12-31
61_AETHELNEY_11826,61,AETHELNEY,11826,Cupcake Chard,750mL,101,7.49,2024-12-31
46__10626,46,,10626,MezzaCorona Pnt Nr,1.5L,0,10.99,2024-12-31
70_KELD_31847,70,KELD,31847,Saintsbury Carneros Pnt Nr,750mL,7,32.99,2024-12-31
58_HARTLEPOOL_3808,58,HARTLEPOOL,3808,Three Olives Vodka,750mL,36,14.99,2024-12-31
51_ABERDEEN_15428,51,ABERDEEN,15428,Ruffino Prosecco Sparkling,750mL,29,9.99,2024-12-31
50_MOUNTMEND_26225,50,MOUNTMEND,26225,Jarvis Cab Svgn Napa,750mL,5,129.99,2024-12-31
44_PORTHCRAWL_33683,44,PORTHCRAWL,33683,R Mondavi Private Slct Chard,1.5L,9,20.99,2024-12-31
69_MOUNTMEND_44269,69,MOUNTMEND,44269,Codorniu Original Spklg Cava,750mL,11,10.99,2024-12-31
68_SOLARIS_3724,68,SOLARIS,3724,Absolut Citron,750mL,24,17.99,2024-12-31
69_MOUNTMEND_26450,69,MOUNTMEND,26450,Pere Anselme CDR Rose,750mL,29,11.99,2024-12-31
55_DRY GULCH_21789,55,DRY GULCH,21789,Carpene Malvolti Sprklg Rose,750mL,10,19.99,2024-12-31
44_PORTHCRAWL_26399,44,PORTHCRAWL,26399,Trapiche Malbec Mendoza Oak,750mL,24,7.99,2024-12-31
68_SOLARIS_13979,68,SOLARIS,13979,Jos Phelps Pnt Nr,750mL,4,34.99,2024-12-31
55_DRY GULCH_12310,55,DRY GULCH,12310,Napa Cellars Pnt Nr Napa,750mL,9,18.99,2024-12-31
73_DONCASTER_7872,73,DONCASTER,7872,Piper Heidsieck Brut,750mL,50,44.99,2024-12-31
60_IRRAGIN_19507,60,IRRAGIN,19507,Geyser Peak Svgn Bl,750mL,28,8.99,2024-12-31
57_LANTEGLOS_24456,57,LANTEGLOS,24456,Franciscan Est Chard Napa,750mL,12,15.99,2024-12-31
73_DONCASTER_4502,73,DONCASTER,4502,E & J XO Brandy,1.75L,21,21.99,2024-12-31
60_IRRAGIN_2152,60,IRRAGIN,2152,New Amsterdam Gin,750mL,20,10.99,2024-12-31
57_LANTEGLOS_8144,57,LANTEGLOS,8144,Corralejo Reposado Tequila,750mL,8,29.99,2024-12-31
68_SOLARIS_21834,68,SOLARIS,21834,Meiomi Chard,750mL,20,14.99,2024-12-31
41_LARNWICK_6433,41,LARNWICK,6433,Avion Anejo Tequila,750mL,12,54.99,2024-12-31
60_IRRAGIN_25373,60,IRRAGIN,25373,Sella & Mosca RSV Cannonau,750mL,2,12.99,2024-12-31
61_AETHELNEY_6293,61,AETHELNEY,6293,Fetzer Gewurz,750mL,8,11.99,2024-12-31
66_EANVERNESS_27017,66,EANVERNESS,27017,Bouchard Aine & Fils Pnt Nr,750mL,29,10.99,2024-12-31
73_DONCASTER_5070,73,DONCASTER,5070,Russo Limoncello,750mL,15,25.99,2024-12-31
69_MOUNTMEND_24285,69,MOUNTMEND,24285,Dom Clavel Languedoc,750mL,20,13.99,2024-12-31
57_LANTEGLOS_2254,57,LANTEGLOS,2254,Canadian Club Triple Aged,750mL,8,12.99,2024-12-31
72_HARDERSFIELD_5489,72,HARDERSFIELD,5489,DeKuyper Hot Damn Cinnamon,750mL,20,10.99,2024-12-31
46__38888,46,,38888,Justin Cab Svgn Paso Robles,750mL,0,27.99,2024-12-31
58_HARTLEPOOL_5771,58,HARTLEPOOL,5771,Art In The Age Snap,750mL,3,29.99,2024-12-31
64_CESTERFIELD_24002,64,CESTERFIELD,24002,Corbett Canyon Chard,1.5L,16,8.99,2024-12-31
44_PORTHCRAWL_44511,44,PORTHCRAWL,44511,MacMurray Ranch C Cst Pnt Nr,750mL,39,14.99,2024-12-31
47_PELLA'S WISH_6081,47,PELLA'S WISH,6081,Kinky Blue Liqueur,50mL,33,1.99,2024-12-31
60_IRRAGIN_12656,60,IRRAGIN,12656,Merriam Vyds Miktos Red,750mL,17,49.99,2024-12-31
55_DRY GULCH_5137,55,DRY GULCH,5137,Irish Manor Irish Cream,750mL,13,9.99,2024-12-31
55_DRY GULCH_23830,55,DRY GULCH,23830,Florette Rose de Provence,750mL,6,14.99,2024-12-31
64_CESTERFIELD_22757,64,CESTERFIELD,22757,Black Opal Cshmre Cab/Merlot,750mL,0,7.99,2024-12-31
66_EANVERNESS_33037,66,EANVERNESS,33037,Beringer Fndrs Est Cab Svgn,1.5L,14,18.99,2024-12-31
54_GUTHRAM_19938,54,GUTHRAM,19938,Viu Manent Chard Gr Rsva,750mL,0,9.99,2024-12-31
51_ABERDEEN_2640,51,ABERDEEN,2640,Michter's Small Batch Bourbn,750mL,3,41.99,2024-12-31
41_LARNWICK_27264,41,LARNWICK,27264,Red IQ,750mL,0,10.99,2024-12-31
68_SOLARIS_6861,68,SOLARIS,6861,Sutter Home Clsc Wh Znfdl,187mL 4 Pk,12,5.99,2024-12-31
61_AETHELNEY_20729,61,AETHELNEY,20729,Villa Jolanda Peach Moscato,750mL,14,9.99,2024-12-31
58_HARTLEPOOL_3054,58,HARTLEPOOL,3054,Smirnoff Kissed Caramel,750mL,11,10.99,2024-12-31
50_MOUNTMEND_23680,50,MOUNTMEND,23680,A Bichot Cremant Brut Rose,750mL,13,18.99,2024-12-31
69_MOUNTMEND_6983,69,MOUNTMEND,6983,J Lohr Seven Oaks Cab Svgn,750mL,4,14.99,2024-12-31
66_EANVERNESS_27403,66,EANVERNESS,27403,Dom du Touch Gasgogne Blanc,750mL,24,9.99,2024-12-31
67_EANVERNESS_18427,67,EANVERNESS,18427,Duckhorn Decoy Merlot Sonoma,750mL,38,19.99,2024-12-31
42_BLACK HOLLOW_2769,42,BLACK HOLLOW,2769,Laphroaig Quarter Cask,750mL,3,56.99,2024-12-31
57_LANTEGLOS_8440,57,LANTEGLOS,8440,Baileys Espresso Creme,750mL,14,19.99,2024-12-31
44_PORTHCRAWL_15215,44,PORTHCRAWL,15215,Migration Duckhorn Chard,750mL,10,29.99,2024-12-31
42_BLACK HOLLOW_8424,42,BLACK HOLLOW,8424,1800 Coconut Tequila,750mL,12,22.99,2024-12-31
56_BEGGAR'S HOLE_4246,56,BEGGAR'S HOLE,4246,Bacardi Superior Rum,375mL,14,5.49,2024-12-31
71_CLARCTON_1956,71,CLARCTON,1956,Balvenie 12 Yr Doublewood S,750mL,4,54.99,2024-12-31
61_AETHELNEY_4264,61,AETHELNEY,4264,Capt Morgan Spiced Rum Trav,750mL,36,16.99,2024-12-31
47_PELLA'S WISH_1634,47,PELLA'S WISH,1634,The Famous Grouse,1.75L,14,27.99,2024-12-31
50_MOUNTMEND_28919,50,MOUNTMEND,28919,Gallo Twin Valley Merlot Cal,1.5L,11,9.99,2024-12-31
44_PORTHCRAWL_2908,44,PORTHCRAWL,2908,Buchanans Deluxe  18 Yr Old,750mL,5,67.99,2024-12-31
50_MOUNTMEND_19757,50,MOUNTMEND,19757,Velvet Crush Cab Svgn,750mL,17,13.99,2024-12-31
71_CLARCTON_12495,71,CLARCTON,12495,Cupcake Malbec,750mL,9,7.49,2024-12-31
45_VERITAS_3498,45,VERITAS,3498,Baileys Vanilla Cinnamon,750mL,12,19.99,2024-12-31
59_CLAETHORPES_1379,59,CLAETHORPES,1379,Jim Beam Traveler,750mL,29,16.99,2024-12-31
48_NORFOLK_2110,48,NORFOLK,2110,Barr an Uisce Irish Whiskey,750mL,4,44.99,2024-12-31
69_MOUNTMEND_35650,69,MOUNTMEND,35650,Penley Est Phoenix Cab Svgn,750mL,56,16.99,2024-12-31
44_PORTHCRAWL_6660,44,PORTHCRAWL,6660,Carlo Rossi Paisano Calif,4L,9,14.99,2024-12-31
45_VERITAS_39479,45,VERITAS,39479,Barefoot Premium X-Dry,750mL,3,6.95,2024-12-31
70_KELD_32203,70,KELD,32203,Rancho Zabaco Heritage Znfdl,750mL,11,12.99,2024-12-31
56_BEGGAR'S HOLE_38850,56,BEGGAR'S HOLE,38850,Ravenswood Vntrs Bl Cab Svgn,750mL,21,7.99,2024-12-31
51_ABERDEEN_8442,51,ABERDEEN,8442,1800 Silver Tequila,375mL,23,14.49,2024-12-31
65_LUTON_4278,65,LUTON,4278,Capt Morgan Parrot Bay Cocnt,750mL,14,11.99,2024-12-31
58_HARTLEPOOL_43788,58,HARTLEPOOL,43788,Veuve Clicquot Ponsardin Rs,750mL,5,49.99,2024-12-31
42_BLACK HOLLOW_41062,42,BLACK HOLLOW,41062,Martin Ray Cab Svgn Napa,750mL,6,17.99,2024-12-31
54_GUTHRAM_8462,54,GUTHRAM,8462,Frangelico Hazelnut Liqueur,750mL,19,21.99,2024-12-31
68_SOLARIS_2886,68,SOLARIS,2886,Buchanans Deluxe 12Yr Scotch,1.75L,4,62.99,2024-12-31
40_BULLMAR_44041,40,BULLMAR,44041,Bella Sera Pinot Noir Delle,1.5L,5,11.99,2024-12-31
41_LARNWICK_22757,41,LARNWICK,22757,Black Opal Cshmre Cab/Merlot,750mL,0,7.99,2024-12-31
41_LARNWICK_14130,41,LARNWICK,14130,14 Hands Hot to Trot White,750mL,18,8.99,2024-12-31
58_HARTLEPOOL_8654,58,HARTLEPOOL,8654,M & R Sweet Vermouth,375mL,24,5.29,2024-12-31
69_MOUNTMEND_3788,69,MOUNTMEND,3788,Patron Silver Tequila,375mL,19,25.99,2024-12-31
61_AETHELNEY_3746,61,AETHELNEY,3746,Gordons Vodka 80 Proof,1.75L,29,12.99,2024-12-31
54_GUTHRAM_3696,54,GUTHRAM,3696,Gilbeys Vodka,1.75L,37,10.49,2024-12-31
55_DRY GULCH_22047,55,DRY GULCH,22047,Woodwork Pnt Nr,750mL,14,9.99,2024-12-31
68_SOLARIS_3542,68,SOLARIS,3542,Vera Limon Vodka,750mL,20,11.99,2024-12-31
56_BEGGAR'S HOLE_3040,56,BEGGAR'S HOLE,3040,Tito's Handmade Vodka,Liter,69,23.99,2024-12-31
48_NORFOLK_42603,48,NORFOLK,42603,3 Blind Moose Merlot Cal,750mL,4,8.99,2024-12-31
66_EANVERNESS_2729,66,EANVERNESS,2729,Hell-Cat Maggie Irish Whisky,750mL,18,19.99,2024-12-31
42_BLACK HOLLOW_2549,42,BLACK HOLLOW,2549,WhistlePig 10 Yr Rye,375mL,2,41.99,2024-12-31
50_MOUNTMEND_15059,50,MOUNTMEND,15059,Cono Sur Organic Chard,750mL,12,9.99,2024-12-31
55_DRY GULCH_38406,55,DRY GULCH,38406,Simi Landslide Cab Svgn Alex,750mL,19,23.99,2024-12-31
70_KELD_3591,70,KELD,3591,Absolut Vanilia,750mL,13,17.99,2024-12-31
50_MOUNTMEND_26462,50,MOUNTMEND,26462,Ravenswood Znfdl Sonoma,750mL,72,16.99,2024-12-31
54_GUTHRAM_43832,54,GUTHRAM,43832,3 Blind Moose Pnt Grigio Cal,750mL,2,8.99,2024-12-31
64_CESTERFIELD_3779,64,CESTERFIELD,3779,Three Olives Cherry Vodka,750mL,43,14.99,2024-12-31
53_HILLFAR_19848,53,HILLFAR,19848,Carnivor Cab Svgn,750mL,11,9.99,2024-12-31
57_LANTEGLOS_8082,57,LANTEGLOS,8082,Baileys Irish Cream,1.75L,27,28.99,2024-12-31
69_MOUNTMEND_4223,69,MOUNTMEND,4223,Bacardi Gold Rum,1.75L,12,19.99,2024-12-31
45_VERITAS_5952,45,VERITAS,5952,Jagermeister Liqueur,50mL,80,1.99,2024-12-31
66_EANVERNESS_8452,66,EANVERNESS,8452,Cruzan Aged Light Rum,1.75L,24,16.99,2024-12-31
50_MOUNTMEND_36579,50,MOUNTMEND,36579,Covey Run Rsl Columbia Vly,750mL,14,5.99,2024-12-31
66_EANVERNESS_26530,66,EANVERNESS,26530,Corbett Canyon Merlot,1.5L,14,8.99,2024-12-31
62_KILMARNOCK_3668,62,KILMARNOCK,3668,Belvedere Polish Vodka,1.75L,28,42.99,2024-12-31
48_NORFOLK_24419,48,NORFOLK,24419,Bonterra Mendocino Org Chard,750mL,4,10.99,2024-12-31
64_CESTERFIELD_25984,64,CESTERFIELD,25984,C Y Toro Casa Diablo Svgn Bl,750mL,7,9.99,2024-12-31
70_KELD_11440,70,KELD,11440,Peter Vella Sangria B/B,5L,6,14.99,2024-12-31
66_EANVERNESS_24111,66,EANVERNESS,24111,Don Ramon Oak Aged 12 Tinto,750mL,3,8.99,2024-12-31
69_MOUNTMEND_8143,69,MOUNTMEND,8143,Perrier Jouet Grand Brut,750mL,138,35.99,2024-12-31
73_DONCASTER_41253,73,DONCASTER,41253,Ch St Jean Cab Svgn Cal,750mL,100,11.99,2024-12-31
53_HILLFAR_8621,53,HILLFAR,8621,Sho Chiku Bai Takara Sake,750mL,10,6.29,2024-12-31
64_CESTERFIELD_5230,64,CESTERFIELD,5230,Bacardi Party Drinks Bahama,1.75L,6,15.99,2024-12-31
70_KELD_9145,70,KELD,9145,Smirnoff Kissed Caramel,50mL,83,0.99,2024-12-31
55_DRY GULCH_19037,55,DRY GULCH,19037,Gunsight Rock Cab Svgn,750mL,7,17.99,2024-12-31
49_GARIGILL_821,49,GARIGILL,821,Grand Marnier,Liter,12,38.99,2024-12-31
70_KELD_1382,70,KELD,1382,Makers 46,750mL,3,37.99,2024-12-31
50_MOUNTMEND_20108,50,MOUNTMEND,20108,Tenuta San Guido Sassacaia,750mL,2,169.99,2024-12-31
41_LARNWICK_18806,41,LARNWICK,18806,Moet & Chandon Grand Vintage,750mL,2,50.99,2024-12-31
68_SOLARIS_42117,68,SOLARIS,42117,Jewell Towne Chardonnay,750mL,12,14.49,2024-12-31
48_NORFOLK_25036,48,NORFOLK,25036,Albola Pinot Grigio,750mL,10,10.99,2024-12-31
60_IRRAGIN_11827,60,IRRAGIN,11827,Cupcake Merlot,750mL,23,7.49,2024-12-31
66_EANVERNESS_2876,66,EANVERNESS,2876,The Irishman Single Malt,750mL,9,32.99,2024-12-31
62_KILMARNOCK_3226,62,KILMARNOCK,3226,Ciroc Mango Vodka,375mL,1,11.99,2024-12-31
69_MOUNTMEND_4431,69,MOUNTMEND,4431,Screech Rum,750mL,11,14.99,2024-12-31
53_HILLFAR_4066,53,HILLFAR,4066,Bacardi Oakheart Spiced Rum,1.75L,7,19.99,2024-12-31
49_GARIGILL_23143,49,GARIGILL,23143,Bogle Chard,750mL,99,8.99,2024-12-31
73_DONCASTER_17910,73,DONCASTER,17910,Estancia Unoaked Chard,750mL,19,9.99,2024-12-31
71_CLARCTON_2438,71,CLARCTON,2438,Crown Royal Special Reserve,1.75L,5,72.99,2024-12-31
49_GARIGILL_1232,49,GARIGILL,1232,Jack Daniels No 7 Black,750mL,115,26.99,2024-12-31
64_CESTERFIELD_42765,64,CESTERFIELD,42765,14 Hands Chard Wash,750mL,17,8.99,2024-12-31
44_PORTHCRAWL_12216,44,PORTHCRAWL,12216,Da Vinci Pnt Grigio,750mL,67,9.99,2024-12-31
66_EANVERNESS_6109,66,EANVERNESS,6109,Plymouth Sloe Gin,750mL,7,29.99,2024-12-31
73_DONCASTER_20781,73,DONCASTER,20781,Steele Clear Lake Merlot Cty,750mL,21,14.99,2024-12-31
64_CESTERFIELD_1595,64,CESTERFIELD,1595,Gentleman Jack,375mL,6,13.99,2024-12-31
46__8223,46,,8223,Dom Chandon Blanc de Noir C,750mL,0,13.99,2024-12-31
41_LARNWICK_38180,41,LARNWICK,38180,Rex Goliath Merlot,750mL,11,5.99,2024-12-31
52_GRAYCOTT_6967,52,GRAYCOTT,6967,Santa Margherita Pnt Grigio,750mL,10,19.99,2024-12-31
63_SWORDBREAK_4313,63,SWORDBREAK,4313,Sauza Blue Silver Tequila,1.75L,8,26.99,2024-12-31
41_LARNWICK_16843,41,LARNWICK,16843,Barefoot Cellars Red Moscato,750mL,6,4.99,2024-12-31
68_SOLARIS_8118,68,SOLARIS,8118,Mr Boston Blackberry Brandy,750mL,12,5.99,2024-12-31
67_EANVERNESS_5168,67,EANVERNESS,5168,Kahlua French Vanilla,750mL,16,18.99,2024-12-31
64_CESTERFIELD_31231,64,CESTERFIELD,31231,Nobilo Svgn Bl MarlborougH,750mL,22,9.99,2024-12-31
41_LARNWICK_43152,41,LARNWICK,43152,Ramey Chard Sonoma Coast,750mL,21,37.99,2024-12-31
68_SOLARIS_27009,68,SOLARIS,27009,Bouchard Aine & Fils B Chard,750mL,13,16.99,2024-12-31
55_DRY GULCH_13948,55,DRY GULCH,13948,Cade Cab Svgn Howell Mtn,750mL,22,85.99,2024-12-31
45_VERITAS_6599,45,VERITAS,6599,Estancia Cab Svgn Paso Roble,750mL,31,12.99,2024-12-31
49_GARIGILL_44761,49,GARIGILL,44761,Gekkeikan Sake Zipang Spklg,250mL,10,5.49,2024-12-31
73_DONCASTER_25465,73,DONCASTER,25465,Benziger Tribute Estate Red,750mL,19,59.99,2024-12-31
41_LARNWICK_2123,41,LARNWICK,2123,Angels Envy Rye,750mL,0,79.99,2024-12-31
57_LANTEGLOS_3020,57,LANTEGLOS,3020,Pinnacle Blueberry Vodka,750mL,12,9.99,2024-12-31
50_MOUNTMEND_41254,50,MOUNTMEND,41254,Ch St Jean Merlot Cal,750mL,79,11.99,2024-12-31
50_MOUNTMEND_6156,50,MOUNTMEND,6156,Cinnabon Cinnamon Liqueur,750mL,16,19.99,2024-12-31
44_PORTHCRAWL_25508,44,PORTHCRAWL,25508,Sbragia Zin Ginos Vyd Dry Cr,750mL,65,17.99,2024-12-31
60_IRRAGIN_35862,60,IRRAGIN,35862,Allegrini Palazzo Della Tor,750mL,15,19.99,2024-12-31
48_NORFOLK_3221,48,NORFOLK,3221,Pinnacle Raspberry Vodka,750mL,12,9.99,2024-12-31
53_HILLFAR_35472,53,HILLFAR,35472,R M Woodbridge Pnt Grigio,1.5L,25,8.99,2024-12-31
49_GARIGILL_10380,49,GARIGILL,10380,Santa Cristina Pnt Grigio,750mL,11,10.99,2024-12-31
64_CESTERFIELD_6608,64,CESTERFIELD,6608,Patron Roca Anejo Tequila,750mL,5,89.99,2024-12-31
54_GUTHRAM_5820,54,GUTHRAM,5820,Dr McGillicuddy's Peppermint,750mL,11,13.99,2024-12-31
54_GUTHRAM_2973,54,GUTHRAM,2973,Eagle Rare Single Barrel Bo,750mL,6,27.99,2024-12-31
50_MOUNTMEND_20551,50,MOUNTMEND,20551,Humble Pie Cab Svgn CC,750mL,18,16.99,2024-12-31
67_EANVERNESS_34580,67,EANVERNESS,34580,Luce Della Vite Lucente Tosc,750mL,5,28.99,2024-12-31
45_VERITAS_13614,45,VERITAS,13614,Acrobat Pnt Nr Ore,750mL,15,18.99,2024-12-31
56_BEGGAR'S HOLE_2839,56,BEGGAR'S HOLE,2839,Ardmore Legacy Single Malt,750mL,3,36.99,2024-12-31
70_KELD_1060,70,KELD,1060,Jack Daniels Bruins Glass Pk,Liter,6,27.99,2024-12-31
42_BLACK HOLLOW_3827,42,BLACK HOLLOW,3827,Popov Vodka,1.75L,17,12.99,2024-12-31
72_HARDERSFIELD_2951,72,HARDERSFIELD,2951,Old Bushmills,1.75L,6,37.99,2024-12-31
52_GRAYCOTT_44037,52,GRAYCOTT,44037,Barefoot Pnt Grigio Cal,750mL,16,4.99,2024-12-31
68_SOLARIS_3437,68,SOLARIS,3437,Bombay Dry Gin,750mL,14,17.99,2024-12-31
47_PELLA'S WISH_4229,47,PELLA'S WISH,4229,Bacardi Black,1.75L,6,19.99,2024-12-31
67_EANVERNESS_39107,67,EANVERNESS,39107,Antinori Bolgheri Guado,750mL,1,94.99,2024-12-31
73_DONCASTER_2320,73,DONCASTER,2320,The Tweeddale 12 Yr Old,750mL,9,52.99,2024-12-31
51_ABERDEEN_3457,51,ABERDEEN,3457,Olmeca Altos Plata Tequila,1.75L,5,34.99,2024-12-31
59_CLAETHORPES_5254,59,CLAETHORPES,5254,DeKuyper Buttershots Schnpps,750mL,33,10.99,2024-12-31
65_LUTON_41714,65,LUTON,41714,Fish Eye Pnt Grigio,750mL,15,5.99,2024-12-31
69_MOUNTMEND_16653,69,MOUNTMEND,16653,Quintessa Rutherford Red,750mL,3,144.99,2024-12-31
72_HARDERSFIELD_28889,72,HARDERSFIELD,28889,Peter Vella Chard Cal B/B,5L,6,15.49,2024-12-31
66_EANVERNESS_2280,66,EANVERNESS,2280,The Botanist Islay Dry Gin,750mL,46,36.99,2024-12-31
44_PORTHCRAWL_8895,44,PORTHCRAWL,8895,Gloria Ferrer Brut,750mL,12,17.99,2024-12-31
66_EANVERNESS_27286,66,EANVERNESS,27286,Ch Malartic-Lagraviere PL 07,750mL,1,49.99,2024-12-31
68_SOLARIS_39750,68,SOLARIS,39750,Red Diamond Merlot Wash,750mL,42,8.99,2024-12-31
50_MOUNTMEND_12079,50,MOUNTMEND,12079,F Coppola Votre Sante Chard,750mL,44,12.99,2024-12-31
56_BEGGAR'S HOLE_6398,56,BEGGAR'S HOLE,6398,BV Coastal Estate Cab Svgn,750mL,13,7.99,2024-12-31
72_HARDERSFIELD_7143,72,HARDERSFIELD,7143,Smirnoff Watermelon Vodka,1.75L,8,18.99,2024-12-31
64_CESTERFIELD_4195,64,CESTERFIELD,4195,Calico Jack Spiced Rum No 94,750mL,12,10.99,2024-12-31
67_EANVERNESS_23103,67,EANVERNESS,23103,DeLille Cellars Gr Ciel Cab,750mL,5,129.99,2024-12-31
73_DONCASTER_21458,73,DONCASTER,21458,Ch Langoa Barton St Julien,750mL,1,67.99,2024-12-31
73_DONCASTER_17981,73,DONCASTER,17981,If You See Kay Red Blend,750mL,13,19.99,2024-12-31
42_BLACK HOLLOW_44859,42,BLACK HOLLOW,44859,Man Cab Svgn Western Cape,750mL,5,10.99,2024-12-31
42_BLACK HOLLOW_17041,42,BLACK HOLLOW,17041,Sutter Home Pink Moscato,1.5L,8,9.99,2024-12-31
46__14701,46,,14701,Cupcake Red Velvet,750mL,0,7.49,2024-12-31
69_MOUNTMEND_2414,69,MOUNTMEND,2414,Brooklyn Gin,750mL,4,37.99,2024-12-31
58_HARTLEPOOL_16260,58,HARTLEPOOL,16260,The Dreaming Tree Cab Svgn,750mL,14,11.99,2024-12-31
50_MOUNTMEND_12507,50,MOUNTMEND,12507,Piazzo Barbaresco,750mL,10,26.99,2024-12-31
70_KELD_3627,70,KELD,3627,Absolut 80 Proof,375mL,12,11.99,2024-12-31
66_EANVERNESS_44493,66,EANVERNESS,44493,Neal Cab Svgn Napa,750mL,9,46.99,2024-12-31
60_IRRAGIN_6213,60,IRRAGIN,6213,Taylor Red Port,1.5L,7,7.99,2024-12-31
55_DRY GULCH_669,55,DRY GULCH,669,Robert Sinskey Merlot,750mL,12,39.99,2024-12-31
49_GARIGILL_12901,49,GARIGILL,12901,Madria Sangria,1.5L,10,8.99,2024-12-31
58_HARTLEPOOL_8451,58,HARTLEPOOL,8451,Cruzan Aged Dark Rum,1.75L,9,16.99,2024-12-31
60_IRRAGIN_435,60,IRRAGIN,435,Il Tramonto Limoncello,750mL,11,15.99,2024-12-31
56_BEGGAR'S HOLE_45822,56,BEGGAR'S HOLE,45822,Masciarelli Montepulciano,750mL,54,9.95,2024-12-31
58_HARTLEPOOL_31909,58,HARTLEPOOL,31909,Catena Lunlunta Malbec Argn,750mL,8,17.99,2024-12-31
51_ABERDEEN_43362,51,ABERDEEN,43362,Silver Oak Cab Svgn Napa,750mL,11,98.95,2024-12-31
49_GARIGILL_2770,49,GARIGILL,2770,Hudson Single Malt Whiskey,375mL,26,39.99,2024-12-31
63_SWORDBREAK_2244,63,SWORDBREAK,2244,Crown Royal Vanilla,750mL,26,22.99,2024-12-31
71_CLARCTON_5318,71,CLARCTON,5318,Benedictine Liqueur Dom,750mL,12,28.99,2024-12-31
43_WOLFORD_5233,43,WOLFORD,5233,Cointreau Liqueur,375mL,12,19.99,2024-12-31
48_NORFOLK_36378,48,NORFOLK,36378,MezzaCorona Pnt Grigio,1.5L,32,10.99,2024-12-31
50_MOUNTMEND_1330,50,MOUNTMEND,1330,Grey Goose Glass Pack,1.75L,0,49.99,2024-12-31
50_MOUNTMEND_39717,50,MOUNTMEND,39717,Estancia Pnt Grigio Cal,750mL,7,9.99,2024-12-31
69_MOUNTMEND_6542,69,MOUNTMEND,6542,Melini Borghi D'Elsa Chiant,750mL,99,6.99,2024-12-31
56_BEGGAR'S HOLE_11854,56,BEGGAR'S HOLE,11854,Trivento Amado Sur Malbec,750mL,4,14.99,2024-12-31
73_DONCASTER_22584,73,DONCASTER,22584,Cambria Benchbreak Chard,750mL,31,17.99,2024-12-31
68_SOLARIS_3547,68,SOLARIS,3547,Ketel One Vodka,50mL,138,2.79,2024-12-31
69_MOUNTMEND_29081,69,MOUNTMEND,29081,Beringer Wh Znfdl/Chard LVS,750mL,31,9.99,2024-12-31
69_MOUNTMEND_5628,69,MOUNTMEND,5628,Baja Rosa Strawberry Liqueur,750mL,5,9.99,2024-12-31
69_MOUNTMEND_31465,69,MOUNTMEND,31465,Franzia Tap Chard,5L,28,17.99,2024-12-31
66_EANVERNESS_39254,66,EANVERNESS,39254,Las Rocas Garnacha San Alej,750mL,28,11.99,2024-12-31
45_VERITAS_6575,45,VERITAS,6575,Kendall Jackson RSV Svgn Bl,750mL,14,9.99,2024-12-31
69_MOUNTMEND_3638,69,MOUNTMEND,3638,Pinnacle Whipped,50mL,149,0.99,2024-12-31
50_MOUNTMEND_8630,50,MOUNTMEND,8630,Fontana Candida Frascati,750mL,9,9.99,2024-12-31
64_CESTERFIELD_38546,64,CESTERFIELD,38546,Mark West Pnt Nr Sonoma,750mL,60,9.99,2024-12-31
55_DRY GULCH_8123,55,DRY GULCH,8123,Mouton Cadet Red Brdx,750mL,47,12.99,2024-12-31
73_DONCASTER_5734,73,DONCASTER,5734,Malibu Rum,1.75L,110,21.99,2024-12-31
47_PELLA'S WISH_3310,47,PELLA'S WISH,3310,Pinnacle Vodka,375mL,12,5.99,2024-12-31
65_LUTON_2692,65,LUTON,2692,Glenmorangie 10 Yr Scotch,750mL,4,34.99,2024-12-31
53_HILLFAR_3238,53,HILLFAR,3238,Hendrick's Gin,750mL,19,29.99,2024-12-31
69_MOUNTMEND_7159,69,MOUNTMEND,7159,Ruffino Chianti,750mL,10,6.99,2024-12-31
60_IRRAGIN_652,60,IRRAGIN,652,Frangelico Gift Pack 2 Glass,750mL,1,21.99,2024-12-31
60_IRRAGIN_5334,60,IRRAGIN,5334,Kahlua Especial,750mL,12,22.99,2024-12-31
41_LARNWICK_16289,41,LARNWICK,16289,Barefoot Bubbly Pink Moscato,750mL,29,6.95,2024-12-31
67_EANVERNESS_14684,67,EANVERNESS,14684,Cherry Pie Stanly Pnt Nr,750mL,13,44.99,2024-12-31
54_GUTHRAM_1150,54,GUTHRAM,1150,Crown Royal Vanilla,1.75L,0,46.99,2024-12-31
59_CLAETHORPES_29128,59,CLAETHORPES,29128,Sutter Home Merlot Cal,187mL 4 Pk,14,5.99,2024-12-31
50_MOUNTMEND_7077,50,MOUNTMEND,7077,Smirnoff Strawberry Vodka,50mL,241,0.99,2024-12-31
72_HARDERSFIELD_4103,72,HARDERSFIELD,4103,Capt Morgan White,750mL,16,14.99,2024-12-31
63_SWORDBREAK_23764,63,SWORDBREAK,23764,Cashmore Black Opal Shiraz,750mL,0,7.99,2024-12-31
73_DONCASTER_3612,73,DONCASTER,3612,Taaka Vodka,1.75L,74,8.99,2024-12-31
70_KELD_2675,70,KELD,2675,Crown Royal XO,750mL,9,44.99,2024-12-31
47_PELLA'S WISH_1355,47,PELLA'S WISH,1355,Knob Creek Bourbon,50mL,20,3.99,2024-12-31
56_BEGGAR'S HOLE_3709,56,BEGGAR'S HOLE,3709,Aslanoff Vodka,1.75L,20,13.99,2024-12-31
53_HILLFAR_4732,53,HILLFAR,4732,Remy Martin VSOP Cognac,1.75L,5,84.99,2024-12-31
42_BLACK HOLLOW_27243,42,BLACK HOLLOW,27243,Stars Like Ours Rose,750mL,104,9.99,2024-12-31
62_KILMARNOCK_39356,62,KILMARNOCK,39356,Bota Box Chard Cal,3L,5,17.99,2024-12-31
50_MOUNTMEND_36045,50,MOUNTMEND,36045,Pepperwood Grove Pnt Grigio,750mL,9,7.99,2024-12-31
66_EANVERNESS_5219,66,EANVERNESS,5219,Sambuca Romana Black,750mL,49,19.99,2024-12-31
59_CLAETHORPES_2658,59,CLAETHORPES,2658,Cutty Sark,750mL,3,15.99,2024-12-31
54_GUTHRAM_3899,54,GUTHRAM,3899,Platinum 7X Distilled Vodka,375mL,29,3.99,2024-12-31
44_PORTHCRAWL_2639,44,PORTHCRAWL,2639,Bowmore Darkest Islay 15 Yr,750mL,4,71.99,2024-12-31
70_KELD_8628,70,KELD,8628,Jadot Macon Villages Blanc,750mL,12,11.99,2024-12-31
57_LANTEGLOS_2587,57,LANTEGLOS,2587,Jameson Irish Whiskey,375mL,22,18.99,2024-12-31
56_BEGGAR'S HOLE_3085,56,BEGGAR'S HOLE,3085,Absolut Mini Bar 5/50mls,250mL,26,7.99,2024-12-31
69_MOUNTMEND_44340,69,MOUNTMEND,44340,Irony Pnt Nr Monterey,750mL,12,12.99,2024-12-31
69_MOUNTMEND_5609,69,MOUNTMEND,5609,Integre Vodka,750mL,898,5.99,2024-12-31
50_MOUNTMEND_6976,50,MOUNTMEND,6976,Ruffino Chianti Clsc RSV Tan,750mL,47,18.99,2024-12-31
54_GUTHRAM_8246,54,GUTHRAM,8246,BV Coastal Estate Pnt Nr,750mL,13,7.99,2024-12-31
55_DRY GULCH_24938,55,DRY GULCH,24938,Walpole Barnett Hill Dry Wht,750mL,14,15.99,2024-12-31
62_KILMARNOCK_5076,62,KILMARNOCK,5076,M Duffau Napoleon Armagnac,750mL,2,35.99,2024-12-31
69_MOUNTMEND_37083,69,MOUNTMEND,37083,Jewell Towne Cayuga Wh NH,750mL,8,11.49,2024-12-31
50_MOUNTMEND_17432,50,MOUNTMEND,17432,Predator Old Vine Znfdl Lodi,750mL,54,14.99,2024-12-31
67_EANVERNESS_2313,67,EANVERNESS,2313,Black Button Bespoke Bourbon,750mL,6,21.99,2024-12-31
47_PELLA'S WISH_35918,47,PELLA'S WISH,35918,Stone Cellars Pnt Grigio,1.5L,22,14.99,2024-12-31
41_LARNWICK_18142,41,LARNWICK,18142,Banfi Brunello di Montalcino,750mL,20,59.99,2024-12-31
47_PELLA'S WISH_5375,47,PELLA'S WISH,5375,Petrone Limoncello,750mL,3,19.99,2024-12-31
58_HARTLEPOOL_4196,58,HARTLEPOOL,4196,Bacardi Dragon Berry Rum,750mL,9,9.99,2024-12-31
63_SWORDBREAK_3488,63,SWORDBREAK,3488,Tanqueray,750mL,12,19.99,2024-12-31
41_LARNWICK_13341,41,LARNWICK,13341,Terra d'Oro Deaver Vyd Znfdl,750mL,9,21.99,2024-12-31
49_GARIGILL_8918,49,GARIGILL,8918,Beat 3 Reserve,750mL,9,32.99,2024-12-31
66_EANVERNESS_6231,66,EANVERNESS,6231,Mumm Brut Prestige,750mL,138,15.95,2024-12-31
61_AETHELNEY_41405,61,AETHELNEY,41405,La Posta Angel Plucci Malbec,750mL,17,15.99,2024-12-31
61_AETHELNEY_6213,61,AETHELNEY,6213,Taylor Red Port,1.5L,13,7.99,2024-12-31
60_IRRAGIN_29646,60,IRRAGIN,29646,Hartley & Gibson Amontillad,750mL,12,12.99,2024-12-31
48_NORFOLK_2522,48,NORFOLK,2522,The Macallan 10 Yr Fine Oak,750mL,24,49.99,2024-12-31
69_MOUNTMEND_24548,69,MOUNTMEND,24548,Fenouillet Beaumes Terres Ve,750mL,9,17.99,2024-12-31
61_AETHELNEY_11854,61,AETHELNEY,11854,Trivento Amado Sur Malbec,750mL,10,14.99,2024-12-31
67_EANVERNESS_1484,67,EANVERNESS,1484,Knob Creek Rye,1.75L,14,55.99,2024-12-31
63_SWORDBREAK_1758,63,SWORDBREAK,1758,Aberlour Glenlivet 12 Yr,750mL,2,41.99,2024-12-31
51_ABERDEEN_17296,51,ABERDEEN,17296,Monte Velho Tinto Alentejo R,750mL,11,10.99,2024-12-31
56_BEGGAR'S HOLE_3746,56,BEGGAR'S HOLE,3746,Gordons Vodka 80 Proof,1.75L,23,12.99,2024-12-31
47_PELLA'S WISH_4979,47,PELLA'S WISH,4979,Patron Silver Tequila,Liter,15,69.99,2024-12-31
43_WOLFORD_26811,43,WOLFORD,26811,Canyon Road Merlot Cal,750mL,2,4.79,2024-12-31
41_LARNWICK_36749,41,LARNWICK,36749,Framboise Pacific Rim Infusn,375mL,20,15.99,2024-12-31
71_CLARCTON_35578,71,CLARCTON,35578,Alamos Ridge Cab Svgn Mendza,750mL,38,9.99,2024-12-31
59_CLAETHORPES_2079,59,CLAETHORPES,2079,Jack Daniels Sngl Barrel Rye,750mL,3,46.99,2024-12-31
56_BEGGAR'S HOLE_4938,56,BEGGAR'S HOLE,4938,Kapali Coffee,750mL,14,8.99,2024-12-31
64_CESTERFIELD_25846,64,CESTERFIELD,25846,Groth Svgn Bl Napa Valley,750mL,30,19.99,2024-12-31
50_MOUNTMEND_34998,50,MOUNTMEND,34998,Luiano Chianti Clsc,750mL,19,16.99,2024-12-31
49_GARIGILL_38179,49,GARIGILL,38179,Rex Goliath Chard,750mL,14,5.99,2024-12-31
59_CLAETHORPES_3396,59,CLAETHORPES,3396,Smirnoff Vanilla Vodka,1.75L,33,18.99,2024-12-31
60_IRRAGIN_35959,60,IRRAGIN,35959,Stags Leap Winery Cab Svgn,750mL,17,54.99,2024-12-31
60_IRRAGIN_43553,60,IRRAGIN,43553,La Puerta Malbec,750mL,28,8.99,2024-12-31
42_BLACK HOLLOW_44148,42,BLACK HOLLOW,44148,Polka Dot Rsl Pfalz,750mL,0,6.99,2024-12-31
48_NORFOLK_41213,48,NORFOLK,41213,A to Z Pnt Nr Ore,750mL,11,16.99,2024-12-31
59_CLAETHORPES_2589,59,CLAETHORPES,2589,Jameson Irish Whiskey,1.75L,248,37.99,2024-12-31
73_DONCASTER_5165,73,DONCASTER,5165,Hpnotiq Liqueur,750mL,15,19.99,2024-12-31
61_AETHELNEY_16320,61,AETHELNEY,16320,Ninety+Cellars Lot 42 Pnt Gr,750mL,17,10.99,2024-12-31
59_CLAETHORPES_3758,59,CLAETHORPES,3758,Margaritaville Gold Tequila,1.75L,4,22.99,2024-12-31
70_KELD_5921,70,KELD,5921,RumChata Liqueur,750mL,4,19.99,2024-12-31
68_SOLARIS_6879,68,SOLARIS,6879,Maurice's Mentholated Mint,50mL,109,0.99,2024-12-31
64_CESTERFIELD_43590,64,CESTERFIELD,43590,Ch Ste Michelle Indn Wls Cab,750mL,10,14.99,2024-12-31
59_CLAETHORPES_8469,59,CLAETHORPES,8469,1800 Reposado Gold Tequila,750mL,43,22.99,2024-12-31
50_MOUNTMEND_10421,50,MOUNTMEND,10421,Barefoot Moscato Cal,1.5L,78,10.99,2024-12-31
67_EANVERNESS_1595,67,EANVERNESS,1595,Gentleman Jack,375mL,17,13.99,2024-12-31
69_MOUNTMEND_26535,69,MOUNTMEND,26535,Lazzaroni Sweet Marsala,750mL,7,8.99,2024-12-31
69_MOUNTMEND_3372,69,MOUNTMEND,3372,Smirnoff Sourced Pineapple,750mL,15,9.49,2024-12-31
68_SOLARIS_16931,68,SOLARIS,16931,Caymus Spec Select Cab Svgn,750mL,4,165.99,2024-12-31
50_MOUNTMEND_41712,50,MOUNTMEND,41712,Fish Eye Chard,750mL,46,5.99,2024-12-31
73_DONCASTER_23974,73,DONCASTER,23974,Catena RSV Chard,750mL,18,16.99,2024-12-31
73_DONCASTER_22194,73,DONCASTER,22194,Placido Pinot Grigio Venezi,1.5L,13,12.99,2024-12-31
61_AETHELNEY_42881,61,AETHELNEY,42881,La Bastarda Pnt Gr Sicily,750mL,48,8.99,2024-12-31
60_IRRAGIN_19419,60,IRRAGIN,19419,Kendall Jackson Vnts RSV Cab,375mL,10,9.99,2024-12-31
72_HARDERSFIELD_15892,72,HARDERSFIELD,15892,Red Guitar Sangria,750mL,17,4.99,2024-12-31
66_EANVERNESS_23797,66,EANVERNESS,23797,Mayu Carmenere Syrah,750mL,10,12.99,2024-12-31
62_KILMARNOCK_2838,62,KILMARNOCK,2838,Calumet Bourbon,750mL,3,43.99,2024-12-31
44_PORTHCRAWL_41252,44,PORTHCRAWL,41252,Beringer Classic Pnt Grigio,1.5L,20,7.99,2024-12-31
70_KELD_8205,70,KELD,8205,Frangelico Hazelnut Liqueur,50mL,84,2.99,2024-12-31
51_ABERDEEN_8078,51,ABERDEEN,8078,Glenfiddich Special Rsv 12Yr,375mL,2,19.99,2024-12-31
41_LARNWICK_15620,41,LARNWICK,15620,C Y Toro Casillero Diab Malb,750mL,18,11.99,2024-12-31
60_IRRAGIN_2313,60,IRRAGIN,2313,Black Button Bespoke Bourbon,750mL,4,21.99,2024-12-31
69_MOUNTMEND_8671,69,MOUNTMEND,8671,Appleton Est Signature Rum,750mL,2,19.99,2024-12-31
66_EANVERNESS_25905,66,EANVERNESS,25905,Miner Svgn Bl Napa,750mL,13,18.99,2024-12-31
44_PORTHCRAWL_27849,44,PORTHCRAWL,27849,Baglio di Grisi Nero d'Avola,750mL,8,13.99,2024-12-31
66_EANVERNESS_21231,66,EANVERNESS,21231,La Marca Prosecco,187mL,45,4.99,2024-12-31
66_EANVERNESS_27134,66,EANVERNESS,27134,Ca'Bianca Chersi Barbera 12,750mL,11,19.99,2024-12-31
42_BLACK HOLLOW_8264,42,BLACK HOLLOW,8264,Ch Ste Michelle Rsl,750mL,28,8.99,2024-12-31
49_GARIGILL_3893,49,GARIGILL,3893,Zhenka 80 Proof,1.75L,63,9.99,2024-12-31
73_DONCASTER_17814,73,DONCASTER,17814,Ruffino Chianti Clsc Rsv Gld,750mL,37,34.99,2024-12-31
41_LARNWICK_17340,41,LARNWICK,17340,Chops & Burgers Bordeaux,750mL,23,9.99,2024-12-31
63_SWORDBREAK_8280,63,SWORDBREAK,8280,Piper Sonoma Brut,750mL,6,13.99,2024-12-31
54_GUTHRAM_2443,54,GUTHRAM,2443,Seagrams VO,1.75L,53,20.99,2024-12-31
42_BLACK HOLLOW_3584,42,BLACK HOLLOW,3584,Absolut Raspberri,750mL,9,17.99,2024-12-31
50_MOUNTMEND_2621,50,MOUNTMEND,2621,Silo Bourbon,750mL,24,48.99,2024-12-31
44_PORTHCRAWL_13895,44,PORTHCRAWL,13895,Mohua Pinot Noir,750mL,11,14.99,2024-12-31
48_NORFOLK_37785,48,NORFOLK,37785,Lindemans Bin 40 Merlot,1.5L,4,11.99,2024-12-31
41_LARNWICK_23511,41,LARNWICK,23511,Plantaze Cab Montenegro,750mL,8,10.99,2024-12-31
43_WOLFORD_31909,43,WOLFORD,31909,Catena Lunlunta Malbec Argn,750mL,7,17.99,2024-12-31
42_BLACK HOLLOW_4989,42,BLACK HOLLOW,4989,Martell VS Cognac,750mL,6,21.99,2024-12-31
52_GRAYCOTT_5714,52,GRAYCOTT,5714,Jose Cuervo Lime Margarita,200mL 4 Pk,5,9.99,2024-12-31
64_CESTERFIELD_1003,64,CESTERFIELD,1003,Crown Royal VAP Glass+Coastr,750mL,7,22.99,2024-12-31
73_DONCASTER_24020,73,DONCASTER,24020,Rosenblum Vntr Cve XXX Znfdl,750mL,11,9.99,2024-12-31
49_GARIGILL_999,49,GARIGILL,999,Jameson 18 Year Old,750mL,4,129.99,2024-12-31
44_PORTHCRAWL_12684,44,PORTHCRAWL,12684,Kim Crawford Pnt Gr Marlboro,750mL,13,14.99,2024-12-31
62_KILMARNOCK_4416,62,KILMARNOCK,4416,Cruzan Coconut Flavored Rum,750mL,20,9.99,2024-12-31
60_IRRAGIN_2733,60,IRRAGIN,2733,GlenDronach Tawny Port 15 Yr,750mL,7,78.99,2024-12-31
61_AETHELNEY_1095,61,AETHELNEY,1095,Southern Comfort w/Shaker,750mL,8,13.99,2024-12-31
57_LANTEGLOS_661,57,LANTEGLOS,661,Red Stag by Jim Beam,750mL,9,14.99,2024-12-31
60_IRRAGIN_4498,60,IRRAGIN,4498,Calvados Boulard Grnd Brandy,750mL,5,35.99,2024-12-31
58_HARTLEPOOL_6249,58,HARTLEPOOL,6249,Rodney Strong Chard,750mL,31,10.95,2024-12-31
61_AETHELNEY_12520,61,AETHELNEY,12520,Pavao Vinho Verde Adegas Wh,750mL,15,7.99,2024-12-31
54_GUTHRAM_4678,54,GUTHRAM,4678,Courvoisier VS Cognac,750mL,13,22.99,2024-12-31
44_PORTHCRAWL_17119,44,PORTHCRAWL,17119,Zaccagnini Cerasuolo Rose,750mL,20,15.99,2024-12-31
73_DONCASTER_3513,73,DONCASTER,3513,Ciroc Snap Frost Vodka,750mL,99,24.99,2024-12-31
50_MOUNTMEND_43652,50,MOUNTMEND,43652,Barbera d'Alba Alessandria,750mL,1,21.99,2024-12-31
43_WOLFORD_7254,43,WOLFORD,7254,Cribari Marsala,750mL,6,7.99,2024-12-31
69_MOUNTMEND_17598,69,MOUNTMEND,17598,Ch Ducru-Beaucalliou 09 Gr C,750mL,4,249.99,2024-12-31
60_IRRAGIN_5977,60,IRRAGIN,5977,Absinthe Ordinaire,750mL,8,22.99,2024-12-31
70_KELD_4478,70,KELD,4478,Myers Original Dark Rum,750mL,13,17.99,2024-12-31
42_BLACK HOLLOW_13663,42,BLACK HOLLOW,13663,Duckhorn Decoy Znfdl Sonoma,750mL,6,19.99,2024-12-31
57_LANTEGLOS_5539,57,LANTEGLOS,5539,DeKuyper Hot Damn 100*,750mL,10,10.99,2024-12-31
41_LARNWICK_2982,41,LARNWICK,2982,Highland Park Dark Origins,750mL,13,69.99,2024-12-31
68_SOLARIS_3528,68,SOLARIS,3528,Don Felix Anejo Tequila,750mL,6,40.99,2024-12-31
73_DONCASTER_39711,73,DONCASTER,39711,Paradigm Cab Svgn Oakville,750mL,0,69.99,2024-12-31
54_GUTHRAM_2957,54,GUTHRAM,2957,Glenfarclas 12-Yr Scotch,750mL,4,35.99,2024-12-31
60_IRRAGIN_18951,60,IRRAGIN,18951,Caymus Conundrum Red,750mL,19,22.99,2024-12-31
67_EANVERNESS_26426,67,EANVERNESS,26426,Pommery Brut Royale,750mL,67,29.99,2024-12-31
71_CLARCTON_7266,71,CLARCTON,7266,Fonseca Bin No 27,750mL,12,13.99,2024-12-31
55_DRY GULCH_15838,55,DRY GULCH,15838,Ravines Finger Rsl Lakes,750mL,11,17.99,2024-12-31
54_GUTHRAM_23197,54,GUTHRAM,23197,Yellow Tail Sangria Blanco,1.5L,13,9.99,2024-12-31
54_GUTHRAM_2686,54,GUTHRAM,2686,AnCnoc 12 Yr Old Scotch,750mL,4,37.99,2024-12-31
50_MOUNTMEND_39472,50,MOUNTMEND,39472,Acorn Sangiovese Alegria RRV,750mL,10,26.99,2024-12-31
50_MOUNTMEND_13358,50,MOUNTMEND,13358,Dry Creek Svgn Bl,750mL,28,14.99,2024-12-31
61_AETHELNEY_17876,61,AETHELNEY,17876,Darkhorse Cab Svgn,750mL,30,7.99,2024-12-31
63_SWORDBREAK_29942,63,SWORDBREAK,29942,Livingston Merlot Cal,3L,4,12.99,2024-12-31
50_MOUNTMEND_21752,50,MOUNTMEND,21752,Flag Hill Cayuga White,750mL,27,12.99,2024-12-31
43_WOLFORD_38133,43,WOLFORD,38133,Il Bastardo Sangiovese Tosc,750mL,10,8.99,2024-12-31
41_LARNWICK_36570,41,LARNWICK,36570,Flora Springs Trilogy Cal,750mL,16,69.99,2024-12-31
73_DONCASTER_79,73,DONCASTER,79,Three Olives Loopy Vodka,750mL,13,14.99,2024-12-31
41_LARNWICK_19394,41,LARNWICK,19394,Dom du Gr Montmirall Gigonda,750mL,17,29.99,2024-12-31
73_DONCASTER_25160,73,DONCASTER,25160,Cinq les Pattes Bordeaux Bla,750mL,32,11.99,2024-12-31
69_MOUNTMEND_40053,69,MOUNTMEND,40053,Campo Viejo Tempranillo,750mL,13,8.99,2024-12-31
57_LANTEGLOS_28138,57,LANTEGLOS,28138,Columbia Crest Grand Chard,750mL,5,9.99,2024-12-31
52_GRAYCOTT_2723,52,GRAYCOTT,2723,J & B Rare,1.75L,12,27.99,2024-12-31
60_IRRAGIN_3890,60,IRRAGIN,3890,Absolut Peppar,750mL,11,17.99,2024-12-31
66_EANVERNESS_22298,66,EANVERNESS,22298,Zorvino Vyds Sangiovese,750mL,27,12.49,2024-12-31
73_DONCASTER_2826,73,DONCASTER,2826,Bowmore Small Batch Sngl Mlt,750mL,12,37.99,2024-12-31
69_MOUNTMEND_28658,69,MOUNTMEND,28658,R Mondavi Pnt Nr Pvt Sel,750mL,104,8.99,2024-12-31
54_GUTHRAM_29646,54,GUTHRAM,29646,Hartley & Gibson Amontillad,750mL,9,12.99,2024-12-31
73_DONCASTER_7849,73,DONCASTER,7849,Tooters Apple-tini 15 Pk,375mL,23,8.99,2024-12-31
62_KILMARNOCK_408,62,KILMARNOCK,408,Wild Turkey American Honey,750mL,16,19.99,2024-12-31
60_IRRAGIN_6983,60,IRRAGIN,6983,J Lohr Seven Oaks Cab Svgn,750mL,31,14.99,2024-12-31
64_CESTERFIELD_6368,64,CESTERFIELD,6368,Santa Rita 120 Merlot,750mL,15,5.99,2024-12-31
66_EANVERNESS_18027,66,EANVERNESS,18027,Banfi Rosa Regale,750mL,135,13.95,2024-12-31
66_EANVERNESS_4109,66,EANVERNESS,4109,Hennessy Paradis Imperial,750mL,1,2699.99,2024-12-31
44_PORTHCRAWL_27146,44,PORTHCRAWL,27146,Codice Sierra Cantabria Red,750mL,6,9.99,2024-12-31
43_WOLFORD_4262,43,WOLFORD,4262,Capt Morgan Spiced Rum,750mL,42,14.99,2024-12-31
67_EANVERNESS_2198,67,EANVERNESS,2198,Chivas Regal Extra,750mL,7,34.99,2024-12-31
41_LARNWICK_39717,41,LARNWICK,39717,Estancia Pnt Grigio Cal,750mL,17,9.99,2024-12-31
65_LUTON_6273,65,LUTON,6273,Vendange Wh Znfdl,1.5L,11,7.99,2024-12-31
73_DONCASTER_4818,73,DONCASTER,4818,Skyy Infusions Pacific Blueb,750mL,25,12.99,2024-12-31
70_KELD_25984,70,KELD,25984,C Y Toro Casa Diablo Svgn Bl,750mL,6,9.99,2024-12-31
67_EANVERNESS_21750,67,EANVERNESS,21750,Santos Sangria,1.5L,7,9.99,2024-12-31
54_GUTHRAM_2767,54,GUTHRAM,2767,Johnnie Walker Blue Label,750mL,1,191.99,2024-12-31
59_CLAETHORPES_3454,59,CLAETHORPES,3454,Pinnacle Pineapple,50mL,151,0.99,2024-12-31
62_KILMARNOCK_10723,62,KILMARNOCK,10723,R M Woodbridge Chard,1.5L,20,8.99,2024-12-31
73_DONCASTER_36087,73,DONCASTER,36087,Ramey Russian River Chard,750mL,11,37.99,2024-12-31
54_GUTHRAM_6976,54,GUTHRAM,6976,Ruffino Chianti Clsc RSV Tan,750mL,7,18.99,2024-12-31
48_NORFOLK_7254,48,NORFOLK,7254,Cribari Marsala,750mL,26,7.99,2024-12-31
42_BLACK HOLLOW_25036,42,BLACK HOLLOW,25036,Albola Pinot Grigio,750mL,16,10.99,2024-12-31
63_SWORDBREAK_3472,63,SWORDBREAK,3472,Cazadores Blanco Tequila,750mL,6,16.99,2024-12-31
67_EANVERNESS_25733,67,EANVERNESS,25733,Regusci Est SLD Merlot,750mL,20,46.99,2024-12-31
66_EANVERNESS_25728,66,EANVERNESS,25728,Chappellet Signature Cab Svg,750mL,12,62.99,2024-12-31
50_MOUNTMEND_46311,50,MOUNTMEND,46311,Twisted Old Vine Znfdl,750mL,10,6.99,2024-12-31
52_GRAYCOTT_45822,52,GRAYCOTT,45822,Masciarelli Montepulciano,750mL,11,9.95,2024-12-31
62_KILMARNOCK_3694,62,KILMARNOCK,3694,Stolichnaya Razberi,750mL,15,16.99,2024-12-31
59_CLAETHORPES_3610,59,CLAETHORPES,3610,Smirnoff Cranberry Vodka,750mL,11,10.99,2024-12-31
63_SWORDBREAK_1297,63,SWORDBREAK,1297,Jim Beam Black,50mL,0,0.99,2024-12-31
44_PORTHCRAWL_28070,44,PORTHCRAWL,28070,Sutter Home Moscato Cal,1.5L,11,9.99,2024-12-31
64_CESTERFIELD_31465,64,CESTERFIELD,31465,Franzia Tap Chard,5L,11,17.99,2024-12-31
67_EANVERNESS_2140,67,EANVERNESS,2140,West Cork Barrel Proof Ltd R,750mL,13,51.99,2024-12-31
51_ABERDEEN_21469,51,ABERDEEN,21469,St Supery Cab Svgn,750mL,1,32.99,2024-12-31
63_SWORDBREAK_44620,63,SWORDBREAK,44620,A to Z Ore Chard,750mL,11,14.99,2024-12-31
42_BLACK HOLLOW_1086,42,BLACK HOLLOW,1086,Hennessy VSOP Privilege VAP,750mL,7,46.99,2024-12-31
66_EANVERNESS_1988,66,EANVERNESS,1988,Hardy V.S. Cognac,750mL,6,29.99,2024-12-31
51_ABERDEEN_2607,51,ABERDEEN,2607,Grand MacNish 12 Yr Old,750mL,4,21.99,2024-12-31
69_MOUNTMEND_43808,69,MOUNTMEND,43808,R M Woodbridge Pnt Nr Cal,750mL,125,7.99,2024-12-31
68_SOLARIS_44083,68,SOLARIS,44083,Wente Reliz Crk Pnt Nr,750mL,10,12.99,2024-12-31
63_SWORDBREAK_8173,63,SWORDBREAK,8173,Amarula Cream Liqueur,750mL,13,19.99,2024-12-31
69_MOUNTMEND_2127,69,MOUNTMEND,2127,Canadian Ltd,1.75L,51,10.49,2024-12-31
50_MOUNTMEND_29155,50,MOUNTMEND,29155,Gallo Merlot Cal,187mL 4 Pk,12,5.49,2024-12-31
68_SOLARIS_22593,68,SOLARIS,22593,The Divining Rod Red,750mL,11,10.99,2024-12-31
71_CLARCTON_2532,71,CLARCTON,2532,The Macallan 12 Yr Old,1.75L,4,146.99,2024-12-31
52_GRAYCOTT_23049,52,GRAYCOTT,23049,Benziger Svgn Bl N Cst,750mL,1,8.99,2024-12-31
64_CESTERFIELD_26431,64,CESTERFIELD,26431,Harken Chard,750mL,11,13.99,2024-12-31
66_EANVERNESS_8519,66,EANVERNESS,8519,Dekuyper Orange Curacao,750mL,6,6.99,2024-12-31
71_CLARCTON_3012,71,CLARCTON,3012,Pinnacle Vodka,50mL,142,0.99,2024-12-31
66_EANVERNESS_31618,66,EANVERNESS,31618,Chartron La Fleur Brdx Whit,750mL,35,11.99,2024-12-31
64_CESTERFIELD_19671,64,CESTERFIELD,19671,14 Hands Pinot Grigio,750mL,19,7.99,2024-12-31
54_GUTHRAM_8472,54,GUTHRAM,8472,1800 Silver Tequila,750mL,9,21.99,2024-12-31
55_DRY GULCH_8212,55,DRY GULCH,8212,Krupnik Spiced Honey Liqueur,375mL,2,22.99,2024-12-31
49_GARIGILL_4939,49,GARIGILL,4939,Kapali Coffee,1.75L,18,15.99,2024-12-31
53_HILLFAR_35976,53,HILLFAR,35976,Zeller Schwarze Rsl Valcknbg,750mL,12,9.99,2024-12-31
73_DONCASTER_7909,73,DONCASTER,7909,DeLeon Reposado Tequila,750mL,8,39.99,2024-12-31
48_NORFOLK_6455,48,NORFOLK,6455,Folonari Pinot Grigio Venez,1.5L,12,14.99,2024-12-31
67_EANVERNESS_18779,67,EANVERNESS,18779,Girl Go Lightly Chardonnay,750mL,1,2.99,2024-12-31
42_BLACK HOLLOW_3325,42,BLACK HOLLOW,3325,Pinnacle Caramel Apple Vodka,750mL,11,10.99,2024-12-31
64_CESTERFIELD_38370,64,CESTERFIELD,38370,Oyster Bay Svgn Bl Marlboro,750mL,11,10.99,2024-12-31
51_ABERDEEN_1297,51,ABERDEEN,1297,Jim Beam Black,50mL,0,0.99,2024-12-31
45_VERITAS_8018,45,VERITAS,8018,La Vieille Ferme Red Ventoux,750mL,9,6.99,2024-12-31
69_MOUNTMEND_19566,69,MOUNTMEND,19566,Contratto 08 Milesimato Brut,750mL,7,21.49,2024-12-31
71_CLARCTON_4845,71,CLARCTON,4845,Arrow Cherry Brandy,750mL,16,7.99,2024-12-31
54_GUTHRAM_4447,54,GUTHRAM,4447,Patron XO Cafe Dark Cocoa,750mL,20,25.99,2024-12-31
58_HARTLEPOOL_2992,58,HARTLEPOOL,2992,Hudson Baby Bourbon Whiskey,750mL,8,49.99,2024-12-31
43_WOLFORD_4152,43,WOLFORD,4152,Jenkins Rum,750mL,11,4.99,2024-12-31
50_MOUNTMEND_21959,50,MOUNTMEND,21959,Le Grande Courtage Brut,187mL,33,6.99,2024-12-31
57_LANTEGLOS_3306,57,LANTEGLOS,3306,Hammer & Sickle Vodka,1.75L,4,39.99,2024-12-31
53_HILLFAR_14701,53,HILLFAR,14701,Cupcake Red Velvet,750mL,13,7.49,2024-12-31
51_ABERDEEN_8462,51,ABERDEEN,8462,Frangelico Hazelnut Liqueur,750mL,18,21.99,2024-12-31
54_GUTHRAM_4767,54,GUTHRAM,4767,El Jimador Reposado Tequila,1.75L,7,25.99,2024-12-31
41_LARNWICK_3690,41,LARNWICK,3690,Tanqueray Ten Gin,750mL,21,27.99,2024-12-31
71_CLARCTON_24327,71,CLARCTON,24327,La Crema Pnt Nr Sonoma Cst,750mL,49,18.99,2024-12-31
67_EANVERNESS_24188,67,EANVERNESS,24188,St Francis Cab Svgn Sonoma,750mL,26,15.99,2024-12-31
68_SOLARIS_644,68,SOLARIS,644,Amaretto DiSaronno,Liter,15,27.99,2024-12-31
66_EANVERNESS_24426,66,EANVERNESS,24426,Plumpjack Rsv Chard,750mL,15,49.99,2024-12-31
68_SOLARIS_8386,68,SOLARIS,8386,Dry Sack Sherry,750mL,10,13.49,2024-12-31
69_MOUNTMEND_8537,69,MOUNTMEND,8537,Dom Chandon Brut Cuvee,750mL,58,13.99,2024-12-31
73_DONCASTER_24532,73,DONCASTER,24532,Joseph Drouhin Cote de Nuits,750mL,10,27.99,2024-12-31
60_IRRAGIN_2291,60,IRRAGIN,2291,The Quiet Man Single Malt 8Y,750mL,24,49.99,2024-12-31
62_KILMARNOCK_44228,62,KILMARNOCK,44228,Clean Slate Rsl Mosel,750mL,19,11.99,2024-12-31
55_DRY GULCH_18142,55,DRY GULCH,18142,Banfi Brunello di Montalcino,750mL,15,59.99,2024-12-31
45_VERITAS_38899,45,VERITAS,38899,L Martini Cab Svgn Sonoma,750mL,7,12.99,2024-12-31
66_EANVERNESS_19357,66,EANVERNESS,19357,Kendall Jackson Vntnr Rsv Ch,375mL,56,5.99,2024-12-31
73_DONCASTER_19855,73,DONCASTER,19855,Davis Bynum Jane's Vyd Pnt,750mL,49,29.99,2024-12-31
56_BEGGAR'S HOLE_39691,56,BEGGAR'S HOLE,39691,Smith & Hook Lucia Cab Svgn,750mL,13,21.99,2024-12-31
52_GRAYCOTT_4317,52,GRAYCOTT,4317,Pyrat XO Reserve Rum,750mL,7,32.99,2024-12-31
69_MOUNTMEND_25817,69,MOUNTMEND,25817,Guigal Chtnf du Pape,750mL,5,49.99,2024-12-31
64_CESTERFIELD_32826,64,CESTERFIELD,32826,Rombauer Carneros Chard,750mL,60,32.95,2024-12-31
66_EANVERNESS_9129,66,EANVERNESS,9129,Peychaud's Bitters,5.0 Oz,24,4.99,2024-12-31
63_SWORDBREAK_32907,63,SWORDBREAK,32907,Sterling Vintners Cltn Chard,750mL,13,7.99,2024-12-31
71_CLARCTON_19507,71,CLARCTON,19507,Geyser Peak Svgn Bl,750mL,14,8.99,2024-12-31
49_GARIGILL_3997,49,GARIGILL,3997,Hornitos Plata Tequila,750mL,28,20.99,2024-12-31
56_BEGGAR'S HOLE_17433,56,BEGGAR'S HOLE,17433,Vino Pnt Grigio,750mL,4,11.99,2024-12-31
69_MOUNTMEND_8673,69,MOUNTMEND,8673,Skinnygirl Margarita,750mL,14,10.99,2024-12-31
50_MOUNTMEND_24782,50,MOUNTMEND,24782,Casa Silva Los Lingues Cab S,750mL,51,15.99,2024-12-31
50_MOUNTMEND_18801,50,MOUNTMEND,18801,Bolla Prosecco Extra Dry,750mL,29,10.99,2024-12-31
41_LARNWICK_23239,41,LARNWICK,23239,Hay Maker Svgn Bl,750mL,22,10.99,2024-12-31
44_PORTHCRAWL_19557,44,PORTHCRAWL,19557,Zorvino Fragole Z Strawberry,750mL,16,13.99,2024-12-31
49_GARIGILL_1239,49,GARIGILL,1239,Booker's Bourbon,750mL,3,50.99,2024-12-31
44_PORTHCRAWL_3396,44,PORTHCRAWL,3396,Smirnoff Vanilla Vodka,1.75L,26,18.99,2024-12-31
54_GUTHRAM_46458,54,GUTHRAM,46458,Layer Cake Barosa Shiraz,750mL,17,15.99,2024-12-31
50_MOUNTMEND_2690,50,MOUNTMEND,2690,Black Velvet Reserve,750mL,30,9.99,2024-12-31
46__903,46,,903,Bombay Sapphire Gin,Liter,0,27.99,2024-12-31
68_SOLARIS_31847,68,SOLARIS,31847,Saintsbury Carneros Pnt Nr,750mL,14,32.99,2024-12-31
49_GARIGILL_38502,49,GARIGILL,38502,Ruffino Lumina Pnt Grigio,750mL,28,6.99,2024-12-31
48_NORFOLK_2246,48,NORFOLK,2246,Speyburn Bradan Orach,750mL,12,18.99,2024-12-31
52_GRAYCOTT_273,52,GRAYCOTT,273,Sauza Extra Gold Tequila,1.75L,11,21.99,2024-12-31
60_IRRAGIN_20863,60,IRRAGIN,20863,W Hill Est Chard N Coast,750mL,35,10.95,2024-12-31
46__6567,46,,6567,Clos du Bois Merlot N Cst,750mL,0,8.99,2024-12-31
50_MOUNTMEND_19105,50,MOUNTMEND,19105,Rex Goliath Red Moscato,750mL,21,5.99,2024-12-31
55_DRY GULCH_45600,55,DRY GULCH,45600,Luigi Bosca La Linda Malbec,750mL,10,9.99,2024-12-31
55_DRY GULCH_24937,55,DRY GULCH,24937,Walpole NH Winter Warmer,750mL,12,17.49,2024-12-31
49_GARIGILL_41713,49,GARIGILL,41713,Fish Eye Merlot,750mL,16,5.99,2024-12-31
47_PELLA'S WISH_8440,47,PELLA'S WISH,8440,Baileys Espresso Creme,750mL,34,19.99,2024-12-31
51_ABERDEEN_6281,51,ABERDEEN,6281,Franzia Sunset Blush Tap,5L,10,12.99,2024-12-31
52_GRAYCOTT_3879,52,GRAYCOTT,3879,Smirnoff 80 Proof Traveler,750mL,25,12.99,2024-12-31
70_KELD_19175,70,KELD,19175,Melini Chianti DOCG Riserva,750mL,13,11.99,2024-12-31
44_PORTHCRAWL_25708,44,PORTHCRAWL,25708,Schramsberg Blanc de Blancs,750mL,16,36.99,2024-12-31
60_IRRAGIN_5836,60,IRRAGIN,5836,Bauers Obstler Echt,Liter,26,24.99,2024-12-31
65_LUTON_1955,65,LUTON,1955,Jack Daniels Tennessee Honey,375mL,4,10.99,2024-12-31
63_SWORDBREAK_5027,63,SWORDBREAK,5027,99 Apples Schnapps Liqueur,750mL,7,11.99,2024-12-31
69_MOUNTMEND_15954,69,MOUNTMEND,15954,Jacobs Crk Moscato Rose,750mL,3,14.99,2024-12-31
72_HARDERSFIELD_34850,72,HARDERSFIELD,34850,Bargetto Chaucer's Hney Mead,750mL,16,12.99,2024-12-31
64_CESTERFIELD_19755,64,CESTERFIELD,19755,Velvet Crush Red Blend,750mL,7,9.99,2024-12-31
69_MOUNTMEND_43788,69,MOUNTMEND,43788,Veuve Clicquot Ponsardin Rs,750mL,33,49.99,2024-12-31
70_KELD_2125,70,KELD,2125,Glenfiddich 14 Yr Barrel Rsv,750mL,3,49.99,2024-12-31
67_EANVERNESS_45770,67,EANVERNESS,45770,Bonterra Mendocino Org Znfdl,750mL,12,13.99,2024-12-31
42_BLACK HOLLOW_8654,42,BLACK HOLLOW,8654,M & R Sweet Vermouth,375mL,9,5.29,2024-12-31
66_EANVERNESS_5031,66,EANVERNESS,5031,DeKuyper Peppermint Schnapp,1.75L,18,14.99,2024-12-31
44_PORTHCRAWL_27017,44,PORTHCRAWL,27017,Bouchard Aine & Fils Pnt Nr,750mL,3,10.99,2024-12-31
71_CLARCTON_38370,71,CLARCTON,38370,Oyster Bay Svgn Bl Marlboro,750mL,23,10.99,2024-12-31
69_MOUNTMEND_2192,69,MOUNTMEND,2192,Caledonia Barr Hill Gin VAP,375mL 2 Pk,19,49.99,2024-12-31
64_CESTERFIELD_2606,64,CESTERFIELD,2606,Glenmorangie Original 18Yr,750mL,8,99.99,2024-12-31
41_LARNWICK_11080,41,LARNWICK,11080,G Vigouroux Pigmentum Malbec,750mL,11,8.99,2024-12-31
63_SWORDBREAK_9116,63,SWORDBREAK,9116,KAH Tequila 3/50mLs Pak,50mL 3 Pk,0,24.99,2024-12-31
60_IRRAGIN_3515,60,IRRAGIN,3515,Skyy Infusions Citrus Vodka,1.75L,11,19.99,2024-12-31
71_CLARCTON_2845,71,CLARCTON,2845,Old Camp Spicy Pecan Peach W,750mL,12,19.99,2024-12-31
42_BLACK HOLLOW_3462,42,BLACK HOLLOW,3462,Absolut Ruby Red,750mL,4,17.99,2024-12-31
73_DONCASTER_15743,73,DONCASTER,15743,Bodegas Izadi Tempranillo Rd,750mL,13,15.99,2024-12-31
55_DRY GULCH_12109,55,DRY GULCH,12109,La Crema Pnt Nr Monterey,750mL,31,18.99,2024-12-31
66_EANVERNESS_32805,66,EANVERNESS,32805,Truchard Carneros Pnt Nr,750mL,23,26.99,2024-12-31
66_EANVERNESS_24024,66,EANVERNESS,24024,Fulchino Vyds Barbera Red,750mL,6,19.99,2024-12-31
47_PELLA'S WISH_32054,47,PELLA'S WISH,32054,Greg Norman Lmstn Cab/Merlot,750mL,1,9.99,2024-12-31
55_DRY GULCH_21981,55,DRY GULCH,21981,Massolino Barolo Serralunga,750mL,4,39.99,2024-12-31
69_MOUNTMEND_19598,69,MOUNTMEND,19598,Ch Coufran Haut Medoc 10,750mL,13,29.99,2024-12-31
49_GARIGILL_4502,49,GARIGILL,4502,E & J XO Brandy,1.75L,17,21.99,2024-12-31
52_GRAYCOTT_36284,52,GRAYCOTT,36284,Gruet Brut New Mexico,750mL,7,16.99,2024-12-31
49_GARIGILL_42678,49,GARIGILL,42678,Fish Eye Shiraz,750mL,18,5.99,2024-12-31
70_KELD_4243,70,KELD,4243,Bacardi Superior Rum,1.75L,53,19.99,2024-12-31
56_BEGGAR'S HOLE_23235,56,BEGGAR'S HOLE,23235,Mud House Svgn Bl,750mL,7,11.99,2024-12-31
46__7279,46,,7279,Yago Sant'Gria Red,1.5L,0,7.99,2024-12-31
73_DONCASTER_19814,73,DONCASTER,19814,Rodney Strong Charlottes Svg,750mL,19,16.99,2024-12-31
69_MOUNTMEND_2611,69,MOUNTMEND,2611,Dewar's 15 Yr Old Rsv,750mL,18,39.99,2024-12-31
53_HILLFAR_8280,53,HILLFAR,8280,Piper Sonoma Brut,750mL,14,13.99,2024-12-31
66_EANVERNESS_18347,66,EANVERNESS,18347,Banfi Pnt Grigio San Angelo,750mL,58,16.99,2024-12-31
54_GUTHRAM_802,54,GUTHRAM,802,Bacardi Torched Cherry Rum,750mL,13,9.99,2024-12-31
41_LARNWICK_23240,41,LARNWICK,23240,14 Hands Red Blend Ltd,750mL,0,11.99,2024-12-31
49_GARIGILL_8203,49,GARIGILL,8203,Grand Marnier,50mL,221,2.99,2024-12-31
69_MOUNTMEND_40561,69,MOUNTMEND,40561,McManis Merlot Cal,750mL,13,10.99,2024-12-31
68_SOLARIS_3779,68,SOLARIS,3779,Three Olives Cherry Vodka,750mL,34,14.99,2024-12-31
67_EANVERNESS_26882,67,EANVERNESS,26882,Trinchero BRV Cab Svgn Napa,750mL,2,79.99,2024-12-31
51_ABERDEEN_15393,51,ABERDEEN,15393,Cupcake Pnt Grigio,750mL,75,7.49,2024-12-31
69_MOUNTMEND_19160,69,MOUNTMEND,19160,Tommasi Tenuta Filo Prosecco,750mL,12,14.99,2024-12-31
71_CLARCTON_43590,71,CLARCTON,43590,Ch Ste Michelle Indn Wls Cab,750mL,12,14.99,2024-12-31
42_BLACK HOLLOW_8691,42,BLACK HOLLOW,8691,Jose Cuervo Especial,750mL,14,15.99,2024-12-31
65_LUTON_35914,65,LUTON,35914,Stone Cellars Chard,1.5L,13,8.99,2024-12-31
49_GARIGILL_2085,49,GARIGILL,2085,Jesse James America's Outlaw,750mL,55,13.99,2024-12-31
56_BEGGAR'S HOLE_1744,56,BEGGAR'S HOLE,1744,Old Forester 100 Bourbon,750mL,4,21.99,2024-12-31
64_CESTERFIELD_19611,64,CESTERFIELD,19611,Veuve Clicquot Brut Yellow,1.5L,3,101.99,2024-12-31
53_HILLFAR_3859,53,HILLFAR,3859,Smirnoff 80 Proof,375mL,56,8.99,2024-12-31
55_DRY GULCH_3405,55,DRY GULCH,3405,Tito's Handmade Vodka,1.75L,88,28.99,2024-12-31
61_AETHELNEY_4351,61,AETHELNEY,4351,Capt Morgan Black Spiced Rum,750mL,6,22.99,2024-12-31
56_BEGGAR'S HOLE_40193,56,BEGGAR'S HOLE,40193,Mark West Chard Sonoma Cnty,750mL,41,9.99,2024-12-31
43_WOLFORD_13708,43,WOLFORD,13708,Bota Box Cab Svgn,3L,6,17.99,2024-12-31
53_HILLFAR_5356,53,HILLFAR,5356,Kahlua,375mL,16,9.99,2024-12-31
41_LARNWICK_38622,41,LARNWICK,38622,Canella Bellini Cocktail Vnz,750mL,8,12.99,2024-12-31
55_DRY GULCH_25252,55,DRY GULCH,25252,Hauts de Smith Rouge P-Le 12,750mL,19,29.99,2024-12-31
55_DRY GULCH_8462,55,DRY GULCH,8462,Frangelico Hazelnut Liqueur,750mL,45,21.99,2024-12-31
42_BLACK HOLLOW_28262,42,BLACK HOLLOW,28262,Nathanson Creek Merlot,1.5L,7,7.99,2024-12-31
50_MOUNTMEND_20492,50,MOUNTMEND,20492,Wild Oats Shiraz Cntrl Range,750mL,4,11.99,2024-12-31
44_PORTHCRAWL_27016,44,PORTHCRAWL,27016,Bouchard Aine & Fils Chard,750mL,21,10.99,2024-12-31
56_BEGGAR'S HOLE_3454,56,BEGGAR'S HOLE,3454,Pinnacle Pineapple,50mL,128,0.99,2024-12-31
49_GARIGILL_5391,49,GARIGILL,5391,Kamora Coffee,1.75L,39,15.99,2024-12-31
61_AETHELNEY_3102,61,AETHELNEY,3102,Smirnoff Traveler,1.75L,265,16.99,2024-12-31
50_MOUNTMEND_2245,50,MOUNTMEND,2245,Duke Kentucky Bourbon,750mL,14,39.99,2024-12-31
55_DRY GULCH_13968,55,DRY GULCH,13968,Spellbound Chard,750mL,20,13.99,2024-12-31
76_DONCASTER_4386,76,DONCASTER,4386,Casa Noble Reposado,750mL,5,44.99,2024-12-31
79_BALLYMENA_11828,79,BALLYMENA,11828,Cupcake Svgn Bl,750mL,99,7.49,2024-12-31
79_BALLYMENA_2795,79,BALLYMENA,2795,George Dickel Rye,750mL,14,24.99,2024-12-31
75_BARNCOMBE_8128,75,BARNCOMBE,8128,Espolon Anejo Tequila,750mL,5,34.99,2024-12-31
81_PEMBROKE_22963,81,PEMBROKE,22963,Phillipine de St-Cyrille CdP,750mL,21,25.99,2024-12-31
77_TAMWORTH_2847,77,TAMWORTH,2847,The Quiet Man Irish Whiskey,750mL,3,29.99,2024-12-31
76_DONCASTER_966,76,DONCASTER,966,Patron Citronge Orange Liqu,750mL,32,20.99,2024-12-31
81_PEMBROKE_2198,81,PEMBROKE,2198,Chivas Regal Extra,750mL,9,34.99,2024-12-31
79_BALLYMENA_4247,79,BALLYMENA,4247,Bacardi Limon Rum,750mL,14,9.99,2024-12-31
76_DONCASTER_5903,76,DONCASTER,5903,Ole Smoky Hunch Punch Moonsh,50mL,41,1.99,2024-12-31
77_TAMWORTH_3736,77,TAMWORTH,3736,Smirnoff Cherry Vodka,750mL,5,10.99,2024-12-31
79_BALLYMENA_811,79,BALLYMENA,811,Jack Daniels No 7 Black,Liter,18,27.99,2024-12-31
76_DONCASTER_25145,76,DONCASTER,25145,Brewer-Clifton Sta. Rita Cha,750mL,8,34.99,2024-12-31
79_BALLYMENA_4817,79,BALLYMENA,4817,Skyy Infusions TX Grapefruit,750mL,17,12.99,2024-12-31
76_DONCASTER_4268,76,DONCASTER,4268,Capt Morgan Private Stock,750mL,92,22.99,2024-12-31
76_DONCASTER_17059,76,DONCASTER,17059,Murai Nigori Genshu Sake,300mL,19,8.99,2024-12-31
81_PEMBROKE_13948,81,PEMBROKE,13948,Cade Cab Svgn Howell Mtn,750mL,10,85.99,2024-12-31
79_BALLYMENA_6553,79,BALLYMENA,6553,Harveys Bristol Cream Sherry,750mL,11,13.99,2024-12-31
79_BALLYMENA_34460,79,BALLYMENA,34460,Dr Loosen Rsl 'Dr L' M,750mL,11,12.99,2024-12-31
74_PAENTMARWY_3830,74,PAENTMARWY,3830,Grey Goose L'Orange Vodka,750mL,31,23.99,2024-12-31
81_PEMBROKE_20781,81,PEMBROKE,20781,Steele Clear Lake Merlot Cty,750mL,12,14.99,2024-12-31
76_DONCASTER_33055,76,DONCASTER,33055,Cape Indaba Svgn Bl S Africa,750mL,18,8.99,2024-12-31
79_BALLYMENA_2494,79,BALLYMENA,2494,Crown Royal Regal Apple,1.75L,4,46.99,2024-12-31
75_BARNCOMBE_38946,75,BARNCOMBE,38946,Bully Hill Sweet Walter Rd,750mL,4,8.99,2024-12-31
76_DONCASTER_25007,76,DONCASTER,25007,St Supery Elu Meritage Red,750mL,3,54.99,2024-12-31
74_PAENTMARWY_29810,74,PAENTMARWY,29810,Fess Parker Chard,750mL,17,16.99,2024-12-31
79_BALLYMENA_2845,79,BALLYMENA,2845,Old Camp Spicy Pecan Peach W,750mL,7,19.99,2024-12-31
79_BALLYMENA_11080,79,BALLYMENA,11080,G Vigouroux Pigmentum Malbec,750mL,9,8.99,2024-12-31
79_BALLYMENA_43020,79,BALLYMENA,43020,Krug Grande Cuvee Brut,750mL,6,142.99,2024-12-31
81_PEMBROKE_38681,81,PEMBROKE,38681,Morgan Winery Metalico Chard,750mL,7,16.99,2024-12-31
81_PEMBROKE_16468,81,PEMBROKE,16468,Gerard Bertrand Chard Rsv Sp,750mL,11,13.99,2024-12-31
76_DONCASTER_31070,76,DONCASTER,31070,Treana Red Calif,750mL,13,31.99,2024-12-31
74_PAENTMARWY_3316,74,PAENTMARWY,3316,Ciroc Peach Vodka,375mL,104,15.49,2024-12-31
79_BALLYMENA_18733,79,BALLYMENA,18733,Antinori Villa Chianti Class,750mL,15,27.99,2024-12-31
76_DONCASTER_25703,76,DONCASTER,25703,Murphy-Goode Svgn Bl,750mL,20,11.99,2024-12-31
76_DONCASTER_2839,76,DONCASTER,2839,Ardmore Legacy Single Malt,750mL,11,36.99,2024-12-31
79_BALLYMENA_16837,79,BALLYMENA,16837,Beringer Classic Pink Moscat,750mL,23,6.99,2024-12-31
74_PAENTMARWY_13662,74,PAENTMARWY,13662,Duckhorn Decoy Svgn Bl,750mL,97,16.95,2024-12-31
74_PAENTMARWY_21233,74,PAENTMARWY,21233,Cavicchioli Prosecco,750mL,15,11.99,2024-12-31
79_BALLYMENA_5392,79,BALLYMENA,5392,Goldschlager Cinnamon Schnps,750mL,19,17.99,2024-12-31
75_BARNCOMBE_7266,75,BARNCOMBE,7266,Fonseca Bin No 27,750mL,2,13.99,2024-12-31
76_DONCASTER_6734,76,DONCASTER,6734,Gallo Twin Valley Cab Svgn C,1.5L,14,9.99,2024-12-31
81_PEMBROKE_3918,81,PEMBROKE,3918,Cabo Wabo Anejo Tequila,750mL,4,42.99,2024-12-31
79_BALLYMENA_2499,79,BALLYMENA,2499,Crown Royal Black,750mL,22,27.99,2024-12-31
74_PAENTMARWY_25808,74,PAENTMARWY,25808,Edna Valley Chard,750mL,13,11.99,2024-12-31
76_DONCASTER_4450,76,DONCASTER,4450,Leblon Natural Cane Cachaca,750mL,14,28.99,2024-12-31
74_PAENTMARWY_41213,74,PAENTMARWY,41213,A to Z Pnt Nr Ore,750mL,33,16.99,2024-12-31
75_BARNCOMBE_858,75,BARNCOMBE,858,Canadian Club,Liter,7,11.99,2024-12-31
79_BALLYMENA_8450,79,BALLYMENA,8450,E & J Brandy VS,1.75L,5,19.99,2024-12-31
79_BALLYMENA_13268,79,BALLYMENA,13268,Backhouse Chard,750mL,14,6.99,2024-12-31
76_DONCASTER_26688,76,DONCASTER,26688,Dom Faiveley 14 St George AC,750mL,12,48.99,2024-12-31
81_PEMBROKE_22662,81,PEMBROKE,22662,Trefethen Chard Napa,750mL,11,32.99,2024-12-31
76_DONCASTER_998,76,DONCASTER,998,Corralejo Blanco Tequila,750mL,15,24.99,2024-12-31
76_DONCASTER_4380,76,DONCASTER,4380,Ron Virgin Heavy Bodied Rum,1.75L,14,13.99,2024-12-31
76_DONCASTER_43937,76,DONCASTER,43937,Jaboulet Hrmtg Chapelle,750mL,10,237.99,2024-12-31
77_TAMWORTH_2085,77,TAMWORTH,2085,Jesse James America's Outlaw,750mL,3,13.99,2024-12-31
76_DONCASTER_3237,76,DONCASTER,3237,Firefly Sweet Tea Vodka,1.75L,29,23.99,2024-12-31
77_TAMWORTH_13445,77,TAMWORTH,13445,Dom Pere Caboche Cote Rhone,750mL,3,12.99,2024-12-31
78_EASTHAVEN_3787,78,EASTHAVEN,3787,Jose Cuervo Especial Silver,750mL,15,15.99,2024-12-31
78_EASTHAVEN_5375,78,EASTHAVEN,5375,Petrone Limoncello,750mL,9,19.99,2024-12-31
77_TAMWORTH_4491,77,TAMWORTH,4491,Calvados Marquis De St Loup,750mL,3,28.99,2024-12-31
78_EASTHAVEN_6855,78,EASTHAVEN,6855,Midnight Moon Apple Pie,750mL,9,19.99,2024-12-31
79_BALLYMENA_3577,79,BALLYMENA,3577,Effen Black Cherry & Vanilla,750mL,10,19.99,2024-12-31
81_PEMBROKE_31787,81,PEMBROKE,31787,Peter Vella Merlot Calif B/B,5L,8,16.99,2024-12-31
75_BARNCOMBE_34905,75,BARNCOMBE,34905,Smoking Loon Merlot,750mL,19,6.79,2024-12-31
79_BALLYMENA_3804,79,BALLYMENA,3804,Svedka Vodka,750mL,46,9.99,2024-12-31
79_BALLYMENA_2035,79,BALLYMENA,2035,Glen Moray Classic Scotch,750mL,10,17.99,2024-12-31
81_PEMBROKE_5697,81,PEMBROKE,5697,Metcalfe's Maple Liqueur,750mL,8,19.99,2024-12-31
78_EASTHAVEN_6560,78,EASTHAVEN,6560,Rocky Peak Hard Cinnamon,750mL,15,18.99,2024-12-31
79_BALLYMENA_16326,79,BALLYMENA,16326,Black Box Cab Svgn,500mL,12,3.99,2024-12-31
81_PEMBROKE_6649,81,PEMBROKE,6649,Wente Morning Fog Chard,750mL,23,11.99,2024-12-31
81_PEMBROKE_41251,81,PEMBROKE,41251,Beringer Classic Pnt Grigio,750mL,17,6.99,2024-12-31
74_PAENTMARWY_126,74,PAENTMARWY,126,Grey Goose Vodka,Liter,308,29.99,2024-12-31
76_DONCASTER_5710,76,DONCASTER,5710,Signatory Laphroaig 97 Cask,750mL,12,271.99,2024-12-31
81_PEMBROKE_2753,81,PEMBROKE,2753,Johnnie Walker Black Label,1.75L,79,59.99,2024-12-31
76_DONCASTER_20400,76,DONCASTER,20400,Ilauri Le Pinciaie 10 Red,750mL,17,13.99,2024-12-31
76_DONCASTER_44107,76,DONCASTER,44107,Carmel Road Pnt Nr Monterey,750mL,19,15.99,2024-12-31
74_PAENTMARWY_107,74,PAENTMARWY,107,Mr Boston Melon Liqueur,Liter,7,5.79,2024-12-31
79_BALLYMENA_598,79,BALLYMENA,598,Stolichnaya Ohranj Orange,Liter,13,22.99,2024-12-31
74_PAENTMARWY_25647,74,PAENTMARWY,25647,De Loach Russian River Chard,750mL,9,18.99,2024-12-31
77_TAMWORTH_16129,77,TAMWORTH,16129,Pol Roger Brut,750mL,11,35.99,2024-12-31
77_TAMWORTH_8746,77,TAMWORTH,8746,Cavit Pinot Grigio,750mL,20,8.99,2024-12-31
77_TAMWORTH_2521,77,TAMWORTH,2521,Jameson Gold Rsv,750mL,7,94.99,2024-12-31
77_TAMWORTH_8553,77,TAMWORTH,8553,Dekuyper Blue Curacao,750mL,2,6.99,2024-12-31
77_TAMWORTH_4876,77,TAMWORTH,4876,Skyy Infusion Tropical Mango,750mL,1,9.99,2024-12-31
81_PEMBROKE_41253,81,PEMBROKE,41253,Ch St Jean Cab Svgn Cal,750mL,46,11.99,2024-12-31
81_PEMBROKE_5382,81,PEMBROKE,5382,Ice 101 Peppermint Schnapps,750mL,22,11.99,2024-12-31
77_TAMWORTH_3220,77,TAMWORTH,3220,Svedka Clementine Vodka,1.75L,4,18.99,2024-12-31
76_DONCASTER_15911,76,DONCASTER,15911,Primal Roots Red Cal,750mL,11,8.99,2024-12-31
74_PAENTMARWY_8259,74,PAENTMARWY,8259,Hornitos Platas Silver,50mL,160,2.49,2024-12-31
75_BARNCOMBE_8910,75,BARNCOMBE,8910,Finlandia Vodka,50mL,77,0.99,2024-12-31
77_TAMWORTH_3799,77,TAMWORTH,3799,La Pinta Pomegranate Liqueur,750mL,6,34.99,2024-12-31
74_PAENTMARWY_3827,74,PAENTMARWY,3827,Popov Vodka,1.75L,33,12.99,2024-12-31
79_BALLYMENA_47014,79,BALLYMENA,47014,Juan Gil Jumilla Rd,750mL,9,13.99,2024-12-31
76_DONCASTER_8171,76,DONCASTER,8171,Leroux Blackberry Brandy,50mL,93,0.99,2024-12-31
81_PEMBROKE_13458,81,PEMBROKE,13458,Ch Ste Michelle Harvest Rsl,750mL,19,8.99,2024-12-31
81_PEMBROKE_23273,81,PEMBROKE,23273,Apothic Crush,750mL,6,7.99,2024-12-31
74_PAENTMARWY_1932,74,PAENTMARWY,1932,Jim Beam Devils Cut Bourbon,50mL,2,0.99,2024-12-31
79_BALLYMENA_21251,79,BALLYMENA,21251,Renwood Old Vine Zinfandel,750mL,12,16.99,2024-12-31
79_BALLYMENA_46985,79,BALLYMENA,46985,Rodney Strong Cab Svgn Alexa,750mL,44,23.99,2024-12-31
81_PEMBROKE_17011,81,PEMBROKE,17011,La Maialina Gertrude Red,750mL,20,13.99,2024-12-31
79_BALLYMENA_2116,79,BALLYMENA,2116,Sapling Maple Bourbon,750mL,6,44.99,2024-12-31
81_PEMBROKE_33334,81,PEMBROKE,33334,Cavit Pinot Grigio Delle Ve,187mL 4 Pk,13,8.99,2024-12-31
78_EASTHAVEN_20357,78,EASTHAVEN,20357,Apothic Dark,750mL,47,7.99,2024-12-31
74_PAENTMARWY_21151,74,PAENTMARWY,21151,Flight Song Svgn Bl,750mL,12,11.99,2024-12-31
76_DONCASTER_5952,76,DONCASTER,5952,Jagermeister Liqueur,50mL,73,1.99,2024-12-31
78_EASTHAVEN_3437,78,EASTHAVEN,3437,Bombay Dry Gin,750mL,12,17.99,2024-12-31
77_TAMWORTH_3671,77,TAMWORTH,3671,Stolichnaya Razberi,50mL,106,1.99,2024-12-31
78_EASTHAVEN_2127,78,EASTHAVEN,2127,Canadian Ltd,1.75L,32,10.49,2024-12-31
79_BALLYMENA_33582,79,BALLYMENA,33582,Villa Cornaro Prosecco Del,750mL,14,9.99,2024-12-31
76_DONCASTER_26770,76,DONCASTER,26770,Cignale Colli Toscana Cntrl,750mL,3,65.99,2024-12-31
78_EASTHAVEN_1281,78,EASTHAVEN,1281,Benchmark Old #8 Bourbon,1.75L,21,17.99,2024-12-31
74_PAENTMARWY_8793,74,PAENTMARWY,8793,Fabrizia's Margarita RTD,1.75L,27,18.99,2024-12-31
79_BALLYMENA_31347,79,BALLYMENA,31347,Florio Sweet Marsala Italy,750mL,4,10.99,2024-12-31
76_DONCASTER_5191,76,DONCASTER,5191,Fireball Cinnamon Whiskey,375mL,59,9.99,2024-12-31
76_DONCASTER_14552,76,DONCASTER,14552,Dom de Dionysos Cairanne Cig,750mL,7,17.99,2024-12-31
79_BALLYMENA_3295,79,BALLYMENA,3295,Tito's Handmade Vodka,375mL,52,11.99,2024-12-31
76_DONCASTER_24819,76,DONCASTER,24819,Brancaia Blu Rosso Toscana,750mL,4,74.99,2024-12-31
74_PAENTMARWY_18375,74,PAENTMARWY,18375,Antinori Villa Wh,750mL,7,12.99,2024-12-31
76_DONCASTER_25729,76,DONCASTER,25729,Chappellet Mt Cuvee Napa,750mL,5,29.99,2024-12-31
76_DONCASTER_26491,76,DONCASTER,26491,Ch Paradis Rose Cotes D Prov,750mL,7,12.99,2024-12-31
75_BARNCOMBE_3863,75,BARNCOMBE,3863,Evan Williams Honey Reserve,1.75L,12,19.99,2024-12-31
78_EASTHAVEN_35914,78,EASTHAVEN,35914,Stone Cellars Chard,1.5L,25,8.99,2024-12-31
79_BALLYMENA_13497,79,BALLYMENA,13497,Mohua Svgn Bl Marlboro,750mL,15,9.99,2024-12-31
81_PEMBROKE_5739,81,PEMBROKE,5739,Malibu Rum,50mL,103,1.99,2024-12-31
76_DONCASTER_34825,76,DONCASTER,34825,J Vineyards Pnt Gris,750mL,21,12.99,2024-12-31
76_DONCASTER_38412,76,DONCASTER,38412,Excelsior S Afr Chard,750mL,14,10.99,2024-12-31
74_PAENTMARWY_6929,74,PAENTMARWY,6929,Marie Brizard Orange Curacao,750mL,6,14.49,2024-12-31
76_DONCASTER_31454,76,DONCASTER,31454,Foxhorn SE Chard Australia,1.5L,27,6.99,2024-12-31
76_DONCASTER_20731,76,DONCASTER,20731,Villa Jolanda Strwby Moscato,750mL,52,9.99,2024-12-31
81_PEMBROKE_24327,81,PEMBROKE,24327,La Crema Pnt Nr Sonoma Cst,750mL,138,18.99,2024-12-31
74_PAENTMARWY_1346,74,PAENTMARWY,1346,Knob Creek Bourbon,750mL,242,30.99,2024-12-31
74_PAENTMARWY_7266,74,PAENTMARWY,7266,Fonseca Bin No 27,750mL,19,13.99,2024-12-31
75_BARNCOMBE_8828,75,BARNCOMBE,8828,Lunazul Blanco Tequila,750mL,12,13.99,2024-12-31
76_DONCASTER_18868,76,DONCASTER,18868,Josh Cellars Merlot,750mL,14,13.99,2024-12-31
78_EASTHAVEN_19507,78,EASTHAVEN,19507,Geyser Peak Svgn Bl,750mL,12,8.99,2024-12-31
76_DONCASTER_1269,76,DONCASTER,1269,Jeffersons Bourbon,750mL,212,25.99,2024-12-31
78_EASTHAVEN_1282,78,EASTHAVEN,1282,1792 Small Batch Bourbon,750mL,12,26.99,2024-12-31
78_EASTHAVEN_41537,78,EASTHAVEN,41537,Mer Soleil Chard Central Cst,750mL,19,27.99,2024-12-31
81_PEMBROKE_3278,81,PEMBROKE,3278,Gordons London Dry,750mL,30,7.99,2024-12-31
76_DONCASTER_4291,76,DONCASTER,4291,Ronrico Gold,1.75L,40,12.99,2024-12-31
74_PAENTMARWY_278,74,PAENTMARWY,278,Cazadores Reposado Tequila,Liter,15,28.99,2024-12-31
81_PEMBROKE_3046,81,PEMBROKE,3046,Ciroc Peach Vodka,1.75L,24,48.99,2024-12-31
78_EASTHAVEN_14393,78,EASTHAVEN,14393,Ch Montaud Cotes de Prov Rse,750mL,28,11.99,2024-12-31
76_DONCASTER_17378,76,DONCASTER,17378,Terrazas Torrontes Rsv 10,750mL,14,11.99,2024-12-31
74_PAENTMARWY_14622,74,PAENTMARWY,14622,La Marca Prosecco,750mL,73,10.98,2024-12-31
77_TAMWORTH_8366,77,TAMWORTH,8366,Bolla Bardolino,750mL,10,9.99,2024-12-31
73_DONCASTER_44072,73,DONCASTER,44072,Bogle Russian River Pnt Nr,750mL,20,10.99,2024-12-31
76_DONCASTER_5316,76,DONCASTER,5316,Amaretto DiSaronno,50mL,91,2.29,2024-12-31
76_DONCASTER_4300,76,DONCASTER,4300,BenRiach Barrel 94 Sherry Fn,750mL,6,179.99,2024-12-31
81_PEMBROKE_7159,81,PEMBROKE,7159,Ruffino Chianti,750mL,30,6.99,2024-12-31
75_BARNCOMBE_6694,75,BARNCOMBE,6694,Lindemans Bin 65 Chard,750mL,15,7.99,2024-12-31
76_DONCASTER_3654,76,DONCASTER,3654,Patron Reposado Tequila,750mL,61,53.99,2024-12-31
74_PAENTMARWY_45605,74,PAENTMARWY,45605,Bex Rsl Mosel,750mL,14,8.99,2024-12-31
76_DONCASTER_1253,76,DONCASTER,1253,Tullibardine Burgundy Finish,750mL,15,64.99,2024-12-31
75_BARNCOMBE_8691,75,BARNCOMBE,8691,Jose Cuervo Especial,750mL,26,15.99,2024-12-31
79_BALLYMENA_18102,79,BALLYMENA,18102,Ruffino Greppone Mazzi Bru,750mL,22,49.99,2024-12-31
74_PAENTMARWY_896,74,PAENTMARWY,896,Rumpleminze,Liter,30,23.99,2024-12-31
74_PAENTMARWY_4340,74,PAENTMARWY,4340,Cruzan Black Strap Rum,750mL,15,9.99,2024-12-31
81_PEMBROKE_14381,81,PEMBROKE,14381,LaBelle Winery Riesling,750mL,14,15.99,2024-12-31
78_EASTHAVEN_39971,78,EASTHAVEN,39971,Ch Montelena Cab Svgn Napa,750mL,10,49.99,2024-12-31
81_PEMBROKE_44915,81,PEMBROKE,44915,Broadbent Vinho Verde Wh,750mL,12,9.99,2024-12-31
76_DONCASTER_4192,76,DONCASTER,4192,Havana Club Anejo Blanco Rum,750mL,4,16.99,2024-12-31
77_TAMWORTH_27596,77,TAMWORTH,27596,MezzaCorona Pnt Grigio,750mL,48,7.99,2024-12-31
76_DONCASTER_6227,76,DONCASTER,6227,Bastille 1789 French Whiskey,750mL,8,22.99,2024-12-31
74_PAENTMARWY_4250,74,PAENTMARWY,4250,Zaya Grand Reserva Rum,750mL,16,34.99,2024-12-31
73_DONCASTER_46447,73,DONCASTER,46447,Gascon Malbec Mendoza,750mL,18,10.99,2024-12-31
74_PAENTMARWY_31172,74,PAENTMARWY,31172,Luna di Luna Chard/Pnt Grig,1.5L,6,16.99,2024-12-31
78_EASTHAVEN_6523,78,EASTHAVEN,6523,Franzia Burgundy Tap Red,5L,8,17.99,2024-12-31
76_DONCASTER_3760,76,DONCASTER,3760,Absolut Pears,750mL,24,17.99,2024-12-31
77_TAMWORTH_4018,77,TAMWORTH,4018,Papa's Pilar Dark Rum,750mL,3,36.99,2024-12-31
81_PEMBROKE_6349,81,PEMBROKE,6349,Glen Ellen Chard RSV,1.5L,59,6.99,2024-12-31
77_TAMWORTH_21208,77,TAMWORTH,21208,Kendall Jackson Grand Rsv Ch,750mL,51,15.99,2024-12-31
76_DONCASTER_20729,76,DONCASTER,20729,Villa Jolanda Peach Moscato,750mL,66,9.99,2024-12-31
79_BALLYMENA_30117,79,BALLYMENA,30117,Clos Haut Peyraguey 2014,750mL,0,44.49,2024-12-31
78_EASTHAVEN_3818,78,EASTHAVEN,3818,Cabo Wabo Blanco Tequila,750mL,7,29.99,2024-12-31
78_EASTHAVEN_913,78,EASTHAVEN,913,Smirnoff Raspberry Vodka,Liter,14,14.49,2024-12-31
76_DONCASTER_8693,76,DONCASTER,8693,Ezra Brooks,750mL,16,9.99,2024-12-31
76_DONCASTER_3776,76,DONCASTER,3776,Jose Cuervo Especial Silver,1.75L,159,26.99,2024-12-31
75_BARNCOMBE_2992,75,BARNCOMBE,2992,Hudson Baby Bourbon Whiskey,750mL,2,49.99,2024-12-31
74_PAENTMARWY_6867,74,PAENTMARWY,6867,Rodney Strong Pnt Nr,750mL,60,17.99,2024-12-31
74_PAENTMARWY_7951,74,PAENTMARWY,7951,Auchentoshan Three Wood,750mL,16,69.99,2024-12-31
74_PAENTMARWY_26358,74,PAENTMARWY,26358,Prophecy Pnt Grigio,750mL,12,7.99,2024-12-31
81_PEMBROKE_32831,81,PEMBROKE,32831,Carpineto Dogajolo Tuscan Rd,750mL,86,11.99,2024-12-31
76_DONCASTER_6600,76,DONCASTER,6600,Patron Roca Reposado Tequila,750mL,7,69.99,2024-12-31
79_BALLYMENA_31231,79,BALLYMENA,31231,Nobilo Svgn Bl MarlborougH,750mL,26,9.99,2024-12-31
74_PAENTMARWY_18837,74,PAENTMARWY,18837,Moonlight Meadery Red Dress,375mL,26,12.99,2024-12-31
74_PAENTMARWY_22645,74,PAENTMARWY,22645,Gaston & Ravaut Bourgog Vlg,750mL,11,29.99,2024-12-31
77_TAMWORTH_4251,77,TAMWORTH,4251,Havana Club Anejo Clsco Gold,50mL,74,0.99,2024-12-31
81_PEMBROKE_14008,81,PEMBROKE,14008,Cigar Box Malbec Mendoza,750mL,16,11.99,2024-12-31
76_DONCASTER_4221,76,DONCASTER,4221,Bacardi Gold Rum Traveler,1.75L,57,17.99,2024-12-31
79_BALLYMENA_14799,79,BALLYMENA,14799,A Bichot Pouilly-Fuisse,750mL,4,20.99,2024-12-31
74_PAENTMARWY_5105,74,PAENTMARWY,5105,Dr McGillicuddy's Mentholmnt,1.75L,104,19.99,2024-12-31
74_PAENTMARWY_20177,74,PAENTMARWY,20177,Robert Sinskey Abraxas,750mL,11,38.99,2024-12-31
74_PAENTMARWY_26166,74,PAENTMARWY,26166,Black Stallion Est Svgn B 15,750mL,12,14.99,2024-12-31
79_BALLYMENA_10957,79,BALLYMENA,10957,Seaglass Svgn Bl Snt Barbara,750mL,13,8.99,2024-12-31
75_BARNCOMBE_4179,75,BARNCOMBE,4179,Bacardi Dragon Berry Rum,1.75L,9,19.99,2024-12-31
74_PAENTMARWY_3612,74,PAENTMARWY,3612,Taaka Vodka,1.75L,27,8.99,2024-12-31
75_BARNCOMBE_19962,75,BARNCOMBE,19962,St Francis Merlot,750mL,5,14.99,2024-12-31
78_EASTHAVEN_653,78,EASTHAVEN,653,Dom de Canton Ginger Liqueur,750mL,5,37.99,2024-12-31
79_BALLYMENA_2783,79,BALLYMENA,2783,Lauders Scotch,1.75L,21,13.99,2024-12-31
79_BALLYMENA_45266,79,BALLYMENA,45266,XYZin Old Vines Znfdl,750mL,33,12.99,2024-12-31
76_DONCASTER_25105,76,DONCASTER,25105,EnRoute Chard Brumaire RRV,750mL,12,46.99,2024-12-31
79_BALLYMENA_1297,79,BALLYMENA,1297,Jim Beam Black,50mL,191,0.99,2024-12-31
77_TAMWORTH_2951,77,TAMWORTH,2951,Old Bushmills,1.75L,4,37.99,2024-12-31
79_BALLYMENA_2648,79,BALLYMENA,2648,Chivas Regal,375mL,3,15.99,2024-12-31
79_BALLYMENA_3367,79,BALLYMENA,3367,Pinnacle Pomegranate Vodka,750mL,13,10.99,2024-12-31
78_EASTHAVEN_45266,78,EASTHAVEN,45266,XYZin Old Vines Znfdl,750mL,10,12.99,2024-12-31
76_DONCASTER_29081,76,DONCASTER,29081,Beringer Wh Znfdl/Chard LVS,750mL,14,9.99,2024-12-31
77_TAMWORTH_4662,77,TAMWORTH,4662,Capt Morgan White Traveler,1.75L,6,19.99,2024-12-31
74_PAENTMARWY_5359,74,PAENTMARWY,5359,Distroya Spiced Liqueur,750mL,17,17.99,2024-12-31
79_BALLYMENA_3542,79,BALLYMENA,3542,Vera Limon Vodka,750mL,26,11.99,2024-12-31
81_PEMBROKE_10058,81,PEMBROKE,10058,F Coppola Dmd Ivry Cab Svgn,750mL,92,14.99,2024-12-31
76_DONCASTER_35581,76,DONCASTER,35581,Frogs Leap Merlot Napa,750mL,7,36.99,2024-12-31
79_BALLYMENA_42413,79,BALLYMENA,42413,R M Woodbridge Rsl,1.5L,21,8.99,2024-12-31
74_PAENTMARWY_27493,74,PAENTMARWY,27493,F Coppola Wizard of Oz Merlt,750mL,10,21.99,2024-12-31
74_PAENTMARWY_920,74,PAENTMARWY,920,Sobieski Vodka,Liter,7,9.99,2024-12-31
77_TAMWORTH_8496,77,TAMWORTH,8496,Jadot Chardonnay,750mL,4,14.99,2024-12-31
76_DONCASTER_1398,76,DONCASTER,1398,Blantons Sgl Barrel Bourbon,750mL,0,57.99,2024-12-31
76_DONCASTER_19199,76,DONCASTER,19199,La Crema Pnt Gris Monterey,750mL,32,16.99,2024-12-31
78_EASTHAVEN_4141,78,EASTHAVEN,4141,Wild Turkey American Honey,50mL,40,0.99,2024-12-31
76_DONCASTER_27746,76,DONCASTER,27746,Mayacamas 09 Cab Svgn Mt Vee,750mL,23,69.99,2024-12-31
75_BARNCOMBE_5230,75,BARNCOMBE,5230,Bacardi Party Drinks Bahama,1.75L,11,15.99,2024-12-31
81_PEMBROKE_23153,81,PEMBROKE,23153,Butternut Pnt Nr Cal,750mL,9,14.99,2024-12-31
76_DONCASTER_44340,76,DONCASTER,44340,Irony Pnt Nr Monterey,750mL,26,12.99,2024-12-31
78_EASTHAVEN_12478,78,EASTHAVEN,12478,Commanderie Bargmn Prov Rose,750mL,4,18.99,2024-12-31
76_DONCASTER_44828,76,DONCASTER,44828,Nicolis Valpo Clsc,750mL,32,13.99,2024-12-31
78_EASTHAVEN_1231,78,EASTHAVEN,1231,Jack Daniels No 7 Black,375mL,21,10.99,2024-12-31
76_DONCASTER_24303,76,DONCASTER,24303,Cupcake Black Forest,750mL,33,7.49,2024-12-31
75_BARNCOMBE_10609,75,BARNCOMBE,10609,Oyster Bay Chard Marlboro,750mL,18,11.99,2024-12-31
76_DONCASTER_5929,76,DONCASTER,5929,RumChata Liqueur,1.75L,10,39.99,2024-12-31
74_PAENTMARWY_22275,74,PAENTMARWY,22275,Markham Merlot,750mL,11,22.99,2024-12-31
76_DONCASTER_23275,76,DONCASTER,23275,Black Ink Red Wine,750mL,27,9.99,2024-12-31
76_DONCASTER_27872,76,DONCASTER,27872,Flora Springs Napa Red,750mL,42,26.99,2024-12-31
79_BALLYMENA_8621,79,BALLYMENA,8621,Sho Chiku Bai Takara Sake,750mL,34,6.29,2024-12-31
75_BARNCOMBE_6216,75,BARNCOMBE,6216,Taylor Tawny Port,1.5L,7,7.99,2024-12-31
77_TAMWORTH_2755,77,TAMWORTH,2755,Johnnie Walker Red Label,750mL,18,24.99,2024-12-31
81_PEMBROKE_2549,81,PEMBROKE,2549,WhistlePig 10 Yr Rye,375mL,7,41.99,2024-12-31
74_PAENTMARWY_2854,74,PAENTMARWY,2854,Talisker 10-Yr Single Malt,750mL,53,54.99,2024-12-31
73_DONCASTER_43801,73,DONCASTER,43801,C Y Toro Frontera Cab Svgn,1.5L,14,10.99,2024-12-31
79_BALLYMENA_3409,79,BALLYMENA,3409,Crystal Head Vodka,750mL,13,49.99,2024-12-31
75_BARNCOMBE_2628,75,BARNCOMBE,2628,Dewars Special RSV 12-Yr,750mL,35,29.99,2024-12-31
76_DONCASTER_10443,76,DONCASTER,10443,Kung Fu Girl Riesling,750mL,18,11.99,2024-12-31
76_DONCASTER_3012,76,DONCASTER,3012,Pinnacle Vodka,50mL,81,0.99,2024-12-31
76_DONCASTER_2117,76,DONCASTER,2117,Black Velvet Traveler,750mL,32,8.99,2024-12-31
76_DONCASTER_32136,76,DONCASTER,32136,Warre's 20-Yr Tawny Port,750mL,0,44.99,2024-12-31
74_PAENTMARWY_42933,74,PAENTMARWY,42933,Valckenberg Rsl,750mL,5,12.99,2024-12-31
77_TAMWORTH_3879,77,TAMWORTH,3879,Smirnoff 80 Proof Traveler,750mL,44,12.99,2024-12-31
81_PEMBROKE_36063,81,PEMBROKE,36063,Ch La Mission Haut-Brion 10,750mL,3,1099.99,2024-12-31
81_PEMBROKE_25109,81,PEMBROKE,25109,Tomaiolo Toscana,750mL,4,10.99,2024-12-31
77_TAMWORTH_16289,77,TAMWORTH,16289,Barefoot Bubbly Pink Moscato,750mL,12,6.95,2024-12-31
74_PAENTMARWY_19055,74,PAENTMARWY,19055,Wolf Blass Yllw Lbl Cab Svgn,750mL,15,9.99,2024-12-31
74_PAENTMARWY_23423,74,PAENTMARWY,23423,Santa Rita RSV Chard,750mL,10,9.99,2024-12-31
77_TAMWORTH_3704,77,TAMWORTH,3704,Ciroc Pineapple Vodka,750mL,71,24.99,2024-12-31
76_DONCASTER_2611,76,DONCASTER,2611,Dewar's 15 Yr Old Rsv,750mL,2,39.99,2024-12-31
76_DONCASTER_17001,76,DONCASTER,17001,Martinshof Gruner Veltliner,750mL,13,13.99,2024-12-31
74_PAENTMARWY_16814,74,PAENTMARWY,16814,H3 Horse Heaven Hills Red Co,750mL,17,11.99,2024-12-31
74_PAENTMARWY_25909,74,PAENTMARWY,25909,Merryvale Profile Napa,750mL,3,184.99,2024-12-31
77_TAMWORTH_3929,77,TAMWORTH,3929,Los Amantes Mezcal,750mL,3,42.99,2024-12-31
76_DONCASTER_19453,76,DONCASTER,19453,Wente Southern Hill Cab Svgn,750mL,28,13.99,2024-12-31
76_DONCASTER_26442,76,DONCASTER,26442,Fortant Heritage Lang Rouge,750mL,60,15.99,2024-12-31
79_BALLYMENA_5254,79,BALLYMENA,5254,DeKuyper Buttershots Schnpps,750mL,20,10.99,2024-12-31
74_PAENTMARWY_3806,74,PAENTMARWY,3806,Svedka Citron Vodka,750mL,24,9.99,2024-12-31
76_DONCASTER_2769,76,DONCASTER,2769,Laphroaig Quarter Cask,750mL,11,56.99,2024-12-31
74_PAENTMARWY_2104,74,PAENTMARWY,2104,Westland American Sngle Malt,750mL,10,79.99,2024-12-31
74_PAENTMARWY_5312,74,PAENTMARWY,5312,Amaretto DiSaronno,750mL,224,19.99,2024-12-31
76_DONCASTER_18600,76,DONCASTER,18600,Perrier Jouet Belle Epoque,750mL,1,119.99,2024-12-31
75_BARNCOMBE_32368,75,BARNCOMBE,32368,Cavit Pinot Noir Delle Vene,1.5L,25,9.99,2024-12-31
79_BALLYMENA_21254,79,BALLYMENA,21254,Renwood Timberline Znfdl,750mL,31,21.99,2024-12-31
79_BALLYMENA_1157,79,BALLYMENA,1157,Bailey's Almande-Irish Cream,750mL,0,21.99,2024-12-31
76_DONCASTER_38011,76,DONCASTER,38011,Yellow Tail RSV Shiraz Ausl,750mL,15,10.99,2024-12-31
81_PEMBROKE_31487,81,PEMBROKE,31487,Barefoot Bubbly Brut Cve,750mL,64,6.95,2024-12-31
81_PEMBROKE_20395,81,PEMBROKE,20395,Antico Colle Rosso di Montep,750mL,7,9.99,2024-12-31
81_PEMBROKE_21632,81,PEMBROKE,21632,Simi Chard Sonoma Cty,375mL,36,8.99,2024-12-31
78_EASTHAVEN_8107,78,EASTHAVEN,8107,Wild Turkey 101,1.75L,30,34.99,2024-12-31
81_PEMBROKE_41034,81,PEMBROKE,41034,Menage a Trois Red,750mL,94,8.95,2024-12-31
76_DONCASTER_7278,76,DONCASTER,7278,Mapple Jack Liquer,750mL,6,29.99,2024-12-31
78_EASTHAVEN_6692,78,EASTHAVEN,6692,Jaboulet Cotes du Rhone Par,750mL,45,12.99,2024-12-31
76_DONCASTER_3212,76,DONCASTER,3212,Crystal Head Vodka,1.75L,4,99.99,2024-12-31
79_BALLYMENA_43245,79,BALLYMENA,43245,Sterling Vntrs Pnt Grigio,750mL,20,9.99,2024-12-31
76_DONCASTER_26234,76,DONCASTER,26234,Varner Pnt Nr Los Alamos,750mL,10,24.99,2024-12-31
79_BALLYMENA_2640,79,BALLYMENA,2640,Michter's Small Batch Bourbn,750mL,7,41.99,2024-12-31
76_DONCASTER_24260,76,DONCASTER,24260,Red Car Ritchie Vyd Chard,750mL,5,52.99,2024-12-31
76_DONCASTER_18167,76,DONCASTER,18167,Lyrarakis Okto Syrah Blend,750mL,5,13.99,2024-12-31
79_BALLYMENA_3500,79,BALLYMENA,3500,Tito's Handmade Vodka,50mL,111,1.49,2024-12-31
76_DONCASTER_16539,76,DONCASTER,16539,Catalpa Chard,750mL,10,14.99,2024-12-31
79_BALLYMENA_24489,79,BALLYMENA,24489,Hunt & Harvest Cab Svgn,750mL,7,20.99,2024-12-31
76_DONCASTER_36378,76,DONCASTER,36378,MezzaCorona Pnt Grigio,1.5L,160,10.99,2024-12-31
74_PAENTMARWY_4235,74,PAENTMARWY,4235,Sailor Jerry Spiced Rum,375mL,0,9.99,2024-12-31
79_BALLYMENA_16441,79,BALLYMENA,16441,Bota Box RedVolution,3L,12,17.99,2024-12-31
77_TAMWORTH_9037,77,TAMWORTH,9037,Prairie Organic Cucumber Vod,750mL,5,19.99,2024-12-31
79_BALLYMENA_3488,79,BALLYMENA,3488,Tanqueray,750mL,29,19.99,2024-12-31
78_EASTHAVEN_18988,78,EASTHAVEN,18988,Franzia Chillable Red Tap,5L,10,12.99,2024-12-31
79_BALLYMENA_7931,79,BALLYMENA,7931,Tooters Blu-D Kamikazi 15 Pk,375mL,8,8.99,2024-12-31
75_BARNCOMBE_28889,75,BARNCOMBE,28889,Peter Vella Chard Cal B/B,5L,0,15.49,2024-12-31
76_DONCASTER_25039,76,DONCASTER,25039,Sutter Home Svgn Bl,1.5L,6,9.99,2024-12-31
79_BALLYMENA_10254,79,BALLYMENA,10254,Beringer Classic Chard,750mL,20,6.99,2024-12-31
76_DONCASTER_11337,76,DONCASTER,11337,Freemark Abbey Merlot Napa,750mL,23,27.99,2024-12-31
74_PAENTMARWY_17707,74,PAENTMARWY,17707,Smoking Loon Steelbird Chard,750mL,13,6.79,2024-12-31
81_PEMBROKE_26166,81,PEMBROKE,26166,Black Stallion Est Svgn B 15,750mL,12,14.99,2024-12-31
78_EASTHAVEN_37401,78,EASTHAVEN,37401,Excelsior S Afr Cab Svgn,750mL,17,8.99,2024-12-31
76_DONCASTER_3671,76,DONCASTER,3671,Stolichnaya Razberi,50mL,84,1.99,2024-12-31
76_DONCASTER_37083,76,DONCASTER,37083,Jewell Towne Cayuga Wh NH,750mL,18,11.49,2024-12-31
81_PEMBROKE_1835,81,PEMBROKE,1835,Knappogue Castle Irish Whsky,750mL,15,31.99,2024-12-31
76_DONCASTER_41713,76,DONCASTER,41713,Fish Eye Merlot,750mL,19,5.99,2024-12-31
79_BALLYMENA_23513,79,BALLYMENA,23513,Plantaze Merlot Montenegro W,750mL,21,10.99,2024-12-31
78_EASTHAVEN_7985,78,EASTHAVEN,7985,Noilly Prat Extra Dry Vermou,Liter,8,9.99,2024-12-31
76_DONCASTER_44238,76,DONCASTER,44238,B & G Pnt Nr Bistro,750mL,14,7.99,2024-12-31
74_PAENTMARWY_1389,74,PAENTMARWY,1389,Makers Mark,50mL,236,2.99,2024-12-31
76_DONCASTER_15232,76,DONCASTER,15232,Flowers Pnt Nr Sonoma Coast,750mL,8,49.99,2024-12-31
76_DONCASTER_1157,76,DONCASTER,1157,Bailey's Almande-Irish Cream,750mL,0,21.99,2024-12-31
76_DONCASTER_9129,76,DONCASTER,9129,Peychaud's Bitters,5.0 Oz,26,4.99,2024-12-31
75_BARNCOMBE_3614,75,BARNCOMBE,3614,Finlandia Vodka,1.75L,10,19.99,2024-12-31
81_PEMBROKE_21583,81,PEMBROKE,21583,The Big Easy Red,750mL,5,25.99,2024-12-31
74_PAENTMARWY_14710,74,PAENTMARWY,14710,Ch Tanunda Gr Barossa Shiraz,750mL,8,16.99,2024-12-31
74_PAENTMARWY_5075,74,PAENTMARWY,5075,Tuaca Italian Liqueur,750mL,4,21.99,2024-12-31
76_DONCASTER_22531,76,DONCASTER,22531,BV Coastal Estate Chard,750mL,43,7.99,2024-12-31
74_PAENTMARWY_18951,74,PAENTMARWY,18951,Caymus Conundrum Red,750mL,14,22.99,2024-12-31
79_BALLYMENA_2639,79,BALLYMENA,2639,Bowmore Darkest Islay 15 Yr,750mL,5,71.99,2024-12-31
81_PEMBROKE_3694,81,PEMBROKE,3694,Stolichnaya Razberi,750mL,23,16.99,2024-12-31
77_TAMWORTH_8898,77,TAMWORTH,8898,Yukon Jack,1.75L,15,25.99,2024-12-31
74_PAENTMARWY_15350,74,PAENTMARWY,15350,Kitaya Ai No Hime Sprkl Sake,180mL,25,10.99,2024-12-31
75_BARNCOMBE_8218,75,BARNCOMBE,8218,Camarena Reposado Tequila,1.75L,15,31.99,2024-12-31
81_PEMBROKE_16351,81,PEMBROKE,16351,Girls in the Vineyard Cab S,750mL,9,17.99,2024-12-31
75_BARNCOMBE_5597,75,BARNCOMBE,5597,DeKuyper Watermelon Pucker,750mL,17,9.99,2024-12-31
76_DONCASTER_24029,76,DONCASTER,24029,William Hill Est Pnt Nr CC,750mL,21,14.99,2024-12-31
78_EASTHAVEN_8018,78,EASTHAVEN,8018,La Vieille Ferme Red Ventoux,750mL,28,6.99,2024-12-31
79_BALLYMENA_15748,79,BALLYMENA,15748,Rioja Vega Tempranillo Garna,750mL,0,8.99,2024-12-31
75_BARNCOMBE_549,75,BARNCOMBE,549,DeKuyper Melon,Liter,5,8.99,2024-12-31
74_PAENTMARWY_2960,74,PAENTMARWY,2960,The Macallan Fine Oak 15 Yr,750mL,23,109.99,2024-12-31
81_PEMBROKE_44334,81,PEMBROKE,44334,Noble Vines 337 Cab Svgn,750mL,31,11.99,2024-12-31
79_BALLYMENA_8522,79,BALLYMENA,8522,Dekuyper Peachtree Scnapps,50mL,130,0.99,2024-12-31
74_PAENTMARWY_33334,74,PAENTMARWY,33334,Cavit Pinot Grigio Delle Ve,187mL 4 Pk,10,8.99,2024-12-31
77_TAMWORTH_1060,77,TAMWORTH,1060,Jack Daniels Bruins Glass Pk,Liter,2,27.99,2024-12-31
76_DONCASTER_21472,76,DONCASTER,21472,Ch Haut Bailly Pessac-Leogan,750mL,3,115.99,2024-12-31
77_TAMWORTH_24455,77,TAMWORTH,24455,Franciscan Cab Svgn Napa,750mL,38,16.98,2024-12-31
73_DONCASTER_46485,73,DONCASTER,46485,Shafer Merlot Napa,750mL,13,55.99,2024-12-31
79_BALLYMENA_42602,79,BALLYMENA,42602,3 Blind Moose Chard Cal,750mL,7,8.99,2024-12-31
74_PAENTMARWY_38771,74,PAENTMARWY,38771,Rob Stuart Big Fire Pnt Gris,750mL,8,13.99,2024-12-31
75_BARNCOMBE_29996,75,BARNCOMBE,29996,Wild Horse CC Cab Svgn,750mL,19,16.99,2024-12-31
75_BARNCOMBE_3012,75,BARNCOMBE,3012,Pinnacle Vodka,50mL,74,0.99,2024-12-31
77_TAMWORTH_6946,77,TAMWORTH,6946,Rosemount Diamond Cab Svgn,750mL,14,8.99,2024-12-31
76_DONCASTER_13779,76,DONCASTER,13779,Banfi Centine Rose Toscana,750mL,23,9.99,2024-12-31
79_BALLYMENA_19947,79,BALLYMENA,19947,Josh Cellars Svgn Bl,750mL,19,13.99,2024-12-31
74_PAENTMARWY_6378,74,PAENTMARWY,6378,Walnut Crest Merlot Rapel,1.5L,6,10.99,2024-12-31
78_EASTHAVEN_14184,78,EASTHAVEN,14184,Ch M Vert Lussac St Emilion,750mL,11,14.99,2024-12-31
75_BARNCOMBE_14701,75,BARNCOMBE,14701,Cupcake Red Velvet,750mL,62,7.49,2024-12-31
81_PEMBROKE_8619,81,PEMBROKE,8619,Canadian Club,375mL,25,5.99,2024-12-31
78_EASTHAVEN_8178,78,EASTHAVEN,8178,Bulleit Bourbon,750mL,62,25.99,2024-12-31
81_PEMBROKE_26066,81,PEMBROKE,26066,Bell'Agio Rosso Dolce,750mL,12,10.99,2024-12-31
73_DONCASTER_44818,73,DONCASTER,44818,Red Guitar Temp/Garnacha Nvr,750mL,18,9.99,2024-12-31
75_BARNCOMBE_3858,75,BARNCOMBE,3858,Grey Goose Vodka,750mL,81,23.99,2024-12-31
74_PAENTMARWY_27406,74,PAENTMARWY,27406,Hourglass Estate Svgn Bl,750mL,12,37.99,2024-12-31
76_DONCASTER_29646,76,DONCASTER,29646,Hartley & Gibson Amontillad,750mL,11,12.99,2024-12-31
76_DONCASTER_23796,76,DONCASTER,23796,Mayu Pedro Ximenez,750mL,29,12.99,2024-12-31
79_BALLYMENA_31489,79,BALLYMENA,31489,Barefoot Chard Cal,1.5L,74,10.99,2024-12-31
75_BARNCOMBE_27854,75,BARNCOMBE,27854,F Coppola Black Label Claret,750mL,33,16.99,2024-12-31
81_PEMBROKE_8696,81,PEMBROKE,8696,Gekkeikan Plum Wine,750mL,16,10.99,2024-12-31
79_BALLYMENA_3731,79,BALLYMENA,3731,Absolut Apeach,750mL,13,17.99,2024-12-31
74_PAENTMARWY_4868,74,PAENTMARWY,4868,Skyy Infusions Blueberry,50mL,16,0.99,2024-12-31
74_PAENTMARWY_25584,74,PAENTMARWY,25584,Rex Hill Seven Soils Chard,750mL,3,10.99,2024-12-31
76_DONCASTER_5212,76,DONCASTER,5212,Margaritaville Silver,1.75L,18,19.99,2024-12-31
73_DONCASTER_45601,73,DONCASTER,45601,Luigi Bosca Malbec,750mL,23,16.99,2024-12-31
76_DONCASTER_15875,76,DONCASTER,15875,Ranga Ranga Svgn Bl,750mL,16,11.99,2024-12-31
79_BALLYMENA_5730,79,BALLYMENA,5730,Galliano L'Autentico Liqueur,50mL,292,1.99,2024-12-31
76_DONCASTER_25832,76,DONCASTER,25832,Dry Creek Fume Bl Sonoma,750mL,28,10.99,2024-12-31
76_DONCASTER_3390,76,DONCASTER,3390,Cold River Blueberry Vodka,750mL,28,29.99,2024-12-31
81_PEMBROKE_2794,81,PEMBROKE,2794,Bird Dog Bourbon,750mL,6,17.99,2024-12-31
74_PAENTMARWY_21251,74,PAENTMARWY,21251,Renwood Old Vine Zinfandel,750mL,11,16.99,2024-12-31
81_PEMBROKE_4256,81,PEMBROKE,4256,English Harbour Rum,750mL,8,24.99,2024-12-31
74_PAENTMARWY_25531,74,PAENTMARWY,25531,BR Cohn Silver Cab Svgn Snm,750mL,9,20.99,2024-12-31
79_BALLYMENA_27830,79,BALLYMENA,27830,Silverado Svgn Bl Napa,750mL,12,19.99,2024-12-31
76_DONCASTER_4483,76,DONCASTER,4483,Casamigos Reposado,50mL,35,2.49,2024-12-31
74_PAENTMARWY_6566,74,PAENTMARWY,6566,Geyser Peak Chard,750mL,14,9.99,2024-12-31
79_BALLYMENA_2034,79,BALLYMENA,2034,Glendalough Double Barrel,750mL,11,27.99,2024-12-31
77_TAMWORTH_6579,77,TAMWORTH,6579,J Lohr Riverstone Chard,750mL,67,9.99,2024-12-31
81_PEMBROKE_11141,81,PEMBROKE,11141,C K Mondavi Chard,1.5L,28,12.99,2024-12-31
78_EASTHAVEN_34439,78,EASTHAVEN,34439,Toad Hollow Mendocino Chard,750mL,11,15.99,2024-12-31
79_BALLYMENA_32650,79,BALLYMENA,32650,Beringer Fndrs Est Pnt Nr,750mL,13,8.99,2024-12-31
81_PEMBROKE_2696,81,PEMBROKE,2696,McClelland Highland Sgl Malt,1.75L,14,35.99,2024-12-31
77_TAMWORTH_8519,77,TAMWORTH,8519,Dekuyper Orange Curacao,750mL,12,6.99,2024-12-31
76_DONCASTER_26428,76,DONCASTER,26428,Latour Macon Village Chamery,750mL,20,13.99,2024-12-31
75_BARNCOMBE_13430,75,BARNCOMBE,13430,Agua de Piedra Malbec Selccn,750mL,7,11.99,2024-12-31
77_TAMWORTH_6987,77,TAMWORTH,6987,Rosemount Shiraz/Cab Svgn,750mL,22,9.99,2024-12-31
76_DONCASTER_27693,76,DONCASTER,27693,Gosset Grand Blanc de Blancs,750mL,6,76.99,2024-12-31
76_DONCASTER_6867,76,DONCASTER,6867,Rodney Strong Pnt Nr,750mL,85,17.99,2024-12-31
77_TAMWORTH_6646,77,TAMWORTH,6646,Brown Jug Cream Bourbon,750mL,0,18.99,2024-12-31
81_PEMBROKE_37311,81,PEMBROKE,37311,Salmon Run NY Chard,750mL,9,11.99,2024-12-31
74_PAENTMARWY_4179,74,PAENTMARWY,4179,Bacardi Dragon Berry Rum,1.75L,25,19.99,2024-12-31
76_DONCASTER_26996,76,DONCASTER,26996,Bleu de Mer Blanc,750mL,12,11.99,2024-12-31
76_DONCASTER_20557,76,DONCASTER,20557,The Other Red,750mL,22,10.99,2024-12-31
79_BALLYMENA_26557,79,BALLYMENA,26557,King Est Pnt Gris Ore,750mL,19,18.99,2024-12-31
79_BALLYMENA_19397,79,BALLYMENA,19397,Thunevin Calvet Cuvee Constn,750mL,10,17.99,2024-12-31
75_BARNCOMBE_1060,75,BARNCOMBE,1060,Jack Daniels Bruins Glass Pk,Liter,6,27.99,2024-12-31
77_TAMWORTH_5452,77,TAMWORTH,5452,Bauchant XO Apple,750mL,0,11.99,2024-12-31
76_DONCASTER_4414,76,DONCASTER,4414,Cruzan Pineapple Rum,750mL,25,9.99,2024-12-31
75_BARNCOMBE_5903,75,BARNCOMBE,5903,Ole Smoky Hunch Punch Moonsh,50mL,0,1.99,2024-12-31
76_DONCASTER_35375,76,DONCASTER,35375,Hess Allomi Cab Svgn,750mL,43,29.99,2024-12-31
74_PAENTMARWY_271,74,PAENTMARWY,271,Wild Shot Silver Mezcal,750mL,5,35.99,2024-12-31
78_EASTHAVEN_8312,78,EASTHAVEN,8312,Bols Curacao Orange,750mL,9,7.99,2024-12-31
76_DONCASTER_60,76,DONCASTER,60,Canadian Club 1858 VAP,750mL,23,10.99,2024-12-31
74_PAENTMARWY_13663,74,PAENTMARWY,13663,Duckhorn Decoy Znfdl Sonoma,750mL,63,19.99,2024-12-31
81_PEMBROKE_31541,81,PEMBROKE,31541,Morgan Winery Highland Chard,750mL,7,21.99,2024-12-31
76_DONCASTER_22264,76,DONCASTER,22264,Cuttings Cab Svgn,750mL,5,49.99,2024-12-31
74_PAENTMARWY_8273,74,PAENTMARWY,8273,El Mayor Reposado Tequila,750mL,11,21.99,2024-12-31
79_BALLYMENA_1130,79,BALLYMENA,1130,Smugglers Notch Bourbon,750mL,10,45.99,2024-12-31
77_TAMWORTH_1003,77,TAMWORTH,1003,Crown Royal VAP Glass+Coastr,750mL,6,22.99,2024-12-31
79_BALLYMENA_4818,79,BALLYMENA,4818,Skyy Infusions Pacific Blueb,750mL,11,12.99,2024-12-31
76_DONCASTER_3292,76,DONCASTER,3292,GlenDronach 1995,750mL,7,169.99,2024-12-31
75_BARNCOMBE_2661,75,BARNCOMBE,2661,Laphroaig Cask Strength 10Yr,750mL,6,70.99,2024-12-31
79_BALLYMENA_6288,79,BALLYMENA,6288,Almaden Chablis B/B,5L,9,14.99,2024-12-31
76_DONCASTER_23479,76,DONCASTER,23479,HandCraft Pnt Grigio,750mL,24,9.99,2024-12-31
76_DONCASTER_24323,76,DONCASTER,24323,Ch Pichon Long Comtesse L 12,750mL,3,129.99,2024-12-31
74_PAENTMARWY_44912,74,PAENTMARWY,44912,Broadbent Madeira Rainwater,750mL,10,14.99,2024-12-31
81_PEMBROKE_25740,81,PEMBROKE,25740,Oberon Chardonnay,750mL,3,12.79,2024-12-31
76_DONCASTER_45266,76,DONCASTER,45266,XYZin Old Vines Znfdl,750mL,19,12.99,2024-12-31
75_BARNCOMBE_9360,75,BARNCOMBE,9360,KAH Blanco Tequila,750mL,2,49.99,2024-12-31
81_PEMBROKE_3500,81,PEMBROKE,3500,Tito's Handmade Vodka,50mL,50,1.49,2024-12-31
77_TAMWORTH_5875,77,TAMWORTH,5875,Malibu Light Bl Hawaiian RTD,1.75L,0,17.99,2024-12-31
79_BALLYMENA_2057,79,BALLYMENA,2057,Rebel Yell Root Beer Bourbon,50mL,131,0.99,2024-12-31
76_DONCASTER_4174,76,DONCASTER,4174,Kraken Black Spiced Rum 94P,1.75L,31,28.99,2024-12-31
79_BALLYMENA_12951,79,BALLYMENA,12951,Purple Cowboy Red,750mL,19,11.99,2024-12-31
79_BALLYMENA_37786,79,BALLYMENA,37786,Lindemans Bin 45 Cab Svgn,1.5L,22,11.99,2024-12-31
74_PAENTMARWY_25060,74,PAENTMARWY,25060,Jadot Gevrey Chambertin 13,750mL,12,48.99,2024-12-31
79_BALLYMENA_21019,79,BALLYMENA,21019,Black Box Pnt Nr,3L,16,18.99,2024-12-31
76_DONCASTER_39631,76,DONCASTER,39631,Red Truck Cal,750mL,21,7.99,2024-12-31
74_PAENTMARWY_5298,74,PAENTMARWY,5298,Southern Comfort 100 Proof,750mL,19,16.99,2024-12-31
75_BARNCOMBE_8515,75,BARNCOMBE,8515,Baileys Chocolate Cherry,750mL,11,19.99,2024-12-31
79_BALLYMENA_19336,79,BALLYMENA,19336,Moletto Prosecco,187mL,22,3.99,2024-12-31
74_PAENTMARWY_6658,74,PAENTMARWY,6658,Ch de la Chaize Brouilly,750mL,43,8.99,2024-12-31
75_BARNCOMBE_14078,75,BARNCOMBE,14078,Bota Box Malbec,3L,5,17.99,2024-12-31
74_PAENTMARWY_4062,74,PAENTMARWY,4062,Goslings Dark'N Stormy RTD,250mL 4 Pk,17,8.99,2024-12-31
78_EASTHAVEN_23212,78,EASTHAVEN,23212,The Dreaming Tree Pnt Nr CA,750mL,6,12.99,2024-12-31
79_BALLYMENA_2951,79,BALLYMENA,2951,Old Bushmills,1.75L,12,37.99,2024-12-31
76_DONCASTER_8379,76,DONCASTER,8379,Wild Turkey 101,375mL,17,11.99,2024-12-31
77_TAMWORTH_6360,77,TAMWORTH,6360,Taylor Nys Cream Sherry,3L,6,13.99,2024-12-31
76_DONCASTER_18880,76,DONCASTER,18880,Piccini Memoro,750mL,9,13.99,2024-12-31
77_TAMWORTH_35471,77,TAMWORTH,35471,R M Woodbridge Pnt Grigio,750mL,12,7.99,2024-12-31
81_PEMBROKE_23650,81,PEMBROKE,23650,Tom Gore Chardonnay CA,750mL,12,12.99,2024-12-31
79_BALLYMENA_5394,79,BALLYMENA,5394,Goldschlager Cinnamon Schnap,375mL,16,10.99,2024-12-31
74_PAENTMARWY_3133,74,PAENTMARWY,3133,Svedka Strwbry Lemonad Vodka,750mL,22,10.99,2024-12-31
77_TAMWORTH_1727,77,TAMWORTH,1727,West Cork Irish Whiskey,750mL,8,21.99,2024-12-31
76_DONCASTER_4018,76,DONCASTER,4018,Papa's Pilar Dark Rum,750mL,41,36.99,2024-12-31
79_BALLYMENA_5221,79,BALLYMENA,5221,RumChata Liqueur,375mL,20,10.99,2024-12-31
74_PAENTMARWY_7143,74,PAENTMARWY,7143,Smirnoff Watermelon Vodka,1.75L,18,18.99,2024-12-31
74_PAENTMARWY_8329,74,PAENTMARWY,8329,R Mondavi Chard Pvt Sel,750mL,92,8.99,2024-12-31
78_EASTHAVEN_6256,78,EASTHAVEN,6256,Sutter Home Chard,1.5L,67,9.99,2024-12-31
74_PAENTMARWY_20864,74,PAENTMARWY,20864,W Hill Est Merlot Cntrl Cst,750mL,29,12.99,2024-12-31
76_DONCASTER_25846,76,DONCASTER,25846,Groth Svgn Bl Napa Valley,750mL,29,19.99,2024-12-31
78_EASTHAVEN_2161,78,EASTHAVEN,2161,Canadian Club Classic,750mL,14,19.99,2024-12-31
75_BARNCOMBE_4233,75,BARNCOMBE,4233,Castillo Silver Label Rum,1.75L,6,10.99,2024-12-31
76_DONCASTER_37126,76,DONCASTER,37126,Girard Chard RRV,750mL,9,17.99,2024-12-31
76_DONCASTER_39523,76,DONCASTER,39523,Cloudy Bay Svgn Bl Marlboro,750mL,30,24.99,2024-12-31
78_EASTHAVEN_11367,78,EASTHAVEN,11367,Two Oceans WstrnCape Svgn Bl,750mL,13,9.99,2024-12-31
74_PAENTMARWY_28114,74,PAENTMARWY,28114,Steele Chard Cal,750mL,37,16.99,2024-12-31
74_PAENTMARWY_5566,74,PAENTMARWY,5566,Grind Espresso Shot,750mL,28,14.99,2024-12-31
74_PAENTMARWY_8847,74,PAENTMARWY,8847,J Roget Extra Dry,750mL,110,5.99,2024-12-31
79_BALLYMENA_3818,79,BALLYMENA,3818,Cabo Wabo Blanco Tequila,750mL,8,29.99,2024-12-31
76_DONCASTER_32989,76,DONCASTER,32989,Barefoot Cab Svgn Cal,1.5L,17,10.99,2024-12-31
81_PEMBROKE_12473,81,PEMBROKE,12473,Ch Beauchene CDR White RSV,750mL,10,11.99,2024-12-31
75_BARNCOMBE_802,75,BARNCOMBE,802,Bacardi Torched Cherry Rum,750mL,6,9.99,2024-12-31
74_PAENTMARWY_10422,74,PAENTMARWY,10422,Mirassou Pnt Grigio Cal,750mL,41,9.99,2024-12-31
79_BALLYMENA_18951,79,BALLYMENA,18951,Caymus Conundrum Red,750mL,12,22.99,2024-12-31
74_PAENTMARWY_4480,74,PAENTMARWY,4480,Appleton Special Gold Rum,750mL,8,12.99,2024-12-31
81_PEMBROKE_6581,81,PEMBROKE,6581,Ch Ste Michelle Merlot Colum,750mL,40,12.99,2024-12-31
81_PEMBROKE_8451,81,PEMBROKE,8451,Cruzan Aged Dark Rum,1.75L,17,16.99,2024-12-31
79_BALLYMENA_27017,79,BALLYMENA,27017,Bouchard Aine & Fils Pnt Nr,750mL,25,10.99,2024-12-31
74_PAENTMARWY_26551,74,PAENTMARWY,26551,C R Clrs Fortissimo Red,4L,8,21.99,2024-12-31
75_BARNCOMBE_523,75,BARNCOMBE,523,Castello Del Poggio Moscato,750mL,7,9.99,2024-12-31
76_DONCASTER_19376,76,DONCASTER,19376,The Naked Grape Pnt Grigio,3L,14,15.99,2024-12-31
77_TAMWORTH_2611,77,TAMWORTH,2611,Dewar's 15 Yr Old Rsv,750mL,3,39.99,2024-12-31
78_EASTHAVEN_3041,78,EASTHAVEN,3041,Zhenka Pink Lemonade Vodka,1.75L,15,8.99,2024-12-31
76_DONCASTER_44838,76,DONCASTER,44838,Flora Springs Cab Svgn Napa,750mL,14,37.99,2024-12-31
76_DONCASTER_3746,76,DONCASTER,3746,Gordons Vodka 80 Proof,1.75L,227,12.99,2024-12-31
76_DONCASTER_46621,76,DONCASTER,46621,Erath Pnt Nr Estate OR,750mL,17,23.99,2024-12-31
74_PAENTMARWY_13978,74,PAENTMARWY,13978,Jos Phelps Chard,750mL,4,34.99,2024-12-31
75_BARNCOMBE_8346,75,BARNCOMBE,8346,Marques de Riscal Rioja Red,750mL,9,14.99,2024-12-31
78_EASTHAVEN_800,78,EASTHAVEN,800,Jameson Irish Whiskey,Liter,10,32.99,2024-12-31
74_PAENTMARWY_6213,74,PAENTMARWY,6213,Taylor Red Port,1.5L,15,7.99,2024-12-31
79_BALLYMENA_46447,79,BALLYMENA,46447,Gascon Malbec Mendoza,750mL,15,10.99,2024-12-31
81_PEMBROKE_4195,81,PEMBROKE,4195,Calico Jack Spiced Rum No 94,750mL,24,10.99,2024-12-31
76_DONCASTER_13245,76,DONCASTER,13245,Garden Creek Chard,750mL,6,54.99,2024-12-31
76_DONCASTER_38889,76,DONCASTER,38889,Justin Justification Paso R,750mL,48,45.99,2024-12-31
74_PAENTMARWY_22648,74,PAENTMARWY,22648,San Felice Il Grigio Gr Sel,750mL,7,38.99,2024-12-31
74_PAENTMARWY_8658,74,PAENTMARWY,8658,Absente 'Absinthe Refined',750mL,8,33.99,2024-12-31
78_EASTHAVEN_3133,78,EASTHAVEN,3133,Svedka Strwbry Lemonad Vodka,750mL,11,10.99,2024-12-31
76_DONCASTER_8778,76,DONCASTER,8778,Bulleit Bourbon,1.75L,53,47.99,2024-12-31
76_DONCASTER_41065,76,DONCASTER,41065,Martin Ray Chard RRV,750mL,24,16.99,2024-12-31
76_DONCASTER_14300,76,DONCASTER,14300,Masi Passo Doble,750mL,10,11.99,2024-12-31
74_PAENTMARWY_14810,74,PAENTMARWY,14810,Primaterra Prosecco,750mL,15,12.99,2024-12-31
81_PEMBROKE_2514,81,PEMBROKE,2514,Bird Dog Peach Whiskey,750mL,13,14.99,2024-12-31
74_PAENTMARWY_8135,74,PAENTMARWY,8135,Choco Lat Liqueur,750mL,71,10.99,2024-12-31
76_DONCASTER_26534,76,DONCASTER,26534,Lazzaroni Dry Marsala,750mL,8,8.99,2024-12-31
79_BALLYMENA_4979,79,BALLYMENA,4979,Patron Silver Tequila,Liter,41,69.99,2024-12-31
76_DONCASTER_22515,76,DONCASTER,22515,Justin Vyds Svgn Bl Ctrl Cst,750mL,30,12.99,2024-12-31
77_TAMWORTH_4066,77,TAMWORTH,4066,Bacardi Oakheart Spiced Rum,1.75L,40,19.99,2024-12-31
75_BARNCOMBE_43872,75,BARNCOMBE,43872,Joseph Carr Cab Svgn Napa,750mL,13,24.99,2024-12-31
78_EASTHAVEN_8790,78,EASTHAVEN,8790,Bolla Valpolicella,1.5L,7,15.99,2024-12-31
74_PAENTMARWY_2013,74,PAENTMARWY,2013,E H Taylor Straight Rye,750mL,16,69.99,2024-12-31
74_PAENTMARWY_46098,74,PAENTMARWY,46098,Ch Ste Michelle Rsl Dry Colu,750mL,15,8.99,2024-12-31
75_BARNCOMBE_8674,75,BARNCOMBE,8674,Riunite Moscato,1.5L,6,8.99,2024-12-31
74_PAENTMARWY_22524,74,PAENTMARWY,22524,Dry Creek Vyds Est Block 10,750mL,9,29.99,2024-12-31
78_EASTHAVEN_32906,78,EASTHAVEN,32906,Sterling Vintners Cab Svgn C,750mL,35,9.99,2024-12-31
81_PEMBROKE_2951,81,PEMBROKE,2951,Old Bushmills,1.75L,10,37.99,2024-12-31
81_PEMBROKE_2841,81,PEMBROKE,2841,High West Double Rye Whiskey,750mL,13,29.99,2024-12-31
79_BALLYMENA_20855,79,BALLYMENA,20855,Cockburns Special RSV,750mL,10,12.99,2024-12-31
81_PEMBROKE_2333,81,PEMBROKE,2333,Bruichladdich Scotish Barley,750mL,11,49.99,2024-12-31
76_DONCASTER_21733,76,DONCASTER,21733,Dom Fond Croze CdR Serra Grd,750mL,12,12.99,2024-12-31
77_TAMWORTH_3158,77,TAMWORTH,3158,Pinnacle Tropical Punch,1.75L,67,15.99,2024-12-31
74_PAENTMARWY_4878,74,PAENTMARWY,4878,Allens Coffee Brandy,750mL,33,6.99,2024-12-31
76_DONCASTER_5714,76,DONCASTER,5714,Jose Cuervo Lime Margarita,200mL 4 Pk,37,9.99,2024-12-31
76_DONCASTER_23297,76,DONCASTER,23297,Fonterutoli Chianti Clsco,750mL,7,21.99,2024-12-31
77_TAMWORTH_3776,77,TAMWORTH,3776,Jose Cuervo Especial Silver,1.75L,71,26.99,2024-12-31
81_PEMBROKE_5702,81,PEMBROKE,5702,Art In The Age Root Liqueur,750mL,12,29.99,2024-12-31
76_DONCASTER_26949,76,DONCASTER,26949,Sonoma-Cutrer Chard RRV,750mL,31,22.99,2024-12-31
76_DONCASTER_19799,76,DONCASTER,19799,Belle Glos Dairyman Vyd PN,750mL,9,54.99,2024-12-31
77_TAMWORTH_4195,77,TAMWORTH,4195,Calico Jack Spiced Rum No 94,750mL,11,10.99,2024-12-31
74_PAENTMARWY_7936,74,PAENTMARWY,7936,Bayou Spiced Rum,50mL,51,0.99,2024-12-31
76_DONCASTER_3728,76,DONCASTER,3728,Absolut Citron,1.75L,73,24.99,2024-12-31
76_DONCASTER_18909,76,DONCASTER,18909,Cryptic California Red,750mL,21,13.99,2024-12-31
75_BARNCOMBE_5489,75,BARNCOMBE,5489,DeKuyper Hot Damn Cinnamon,750mL,12,10.99,2024-12-31
75_BARNCOMBE_44712,75,BARNCOMBE,44712,Sonoma-Cutrer Chard Sonoma,750mL,17,20.99,2024-12-31
74_PAENTMARWY_34905,74,PAENTMARWY,34905,Smoking Loon Merlot,750mL,106,6.79,2024-12-31
79_BALLYMENA_4429,79,BALLYMENA,4429,Capt Morgan Silver Spicd Rum,1.75L,20,21.99,2024-12-31
74_PAENTMARWY_35976,74,PAENTMARWY,35976,Zeller Schwarze Rsl Valcknbg,750mL,16,9.99,2024-12-31
81_PEMBROKE_21528,81,PEMBROKE,21528,Aviary Red Blend,750mL,12,17.99,2024-12-31
75_BARNCOMBE_4234,75,BARNCOMBE,4234,Bacardi Pineapple Fusion,750mL,30,9.99,2024-12-31
74_PAENTMARWY_3342,74,PAENTMARWY,3342,Bully Boy Old Fashioned RTD,750mL,9,22.99,2024-12-31
81_PEMBROKE_5228,81,PEMBROKE,5228,DeKuyper Wh Cr de Menthe,750mL,17,8.99,2024-12-31
81_PEMBROKE_15917,81,PEMBROKE,15917,Simply Naked Chard,750mL,7,8.99,2024-12-31
78_EASTHAVEN_35412,78,EASTHAVEN,35412,Yellow Tail Chard Ausl,1.5L,22,8.95,2024-12-31
76_DONCASTER_2244,76,DONCASTER,2244,Crown Royal Vanilla,750mL,121,22.99,2024-12-31
79_BALLYMENA_5808,79,BALLYMENA,5808,Los Amantes Reposado Mezcal,750mL,7,52.99,2024-12-31
77_TAMWORTH_3503,77,TAMWORTH,3503,Smirnoff Sorbet Rasp/Pomegra,750mL,18,12.99,2024-12-31
76_DONCASTER_16806,76,DONCASTER,16806,Apothic Winemakers White,750mL,69,7.99,2024-12-31
74_PAENTMARWY_31202,74,PAENTMARWY,31202,Beringer Fndrs Est Chard,750mL,13,8.99,2024-12-31
75_BARNCOMBE_27835,75,BARNCOMBE,27835,Wild Horse CC Pnt Nr,750mL,34,15.99,2024-12-31
81_PEMBROKE_31452,81,PEMBROKE,31452,Foxhorn SE Cab Svgn Australi,1.5L,6,7.99,2024-12-31
77_TAMWORTH_8339,77,TAMWORTH,8339,The Glenlivet 12 Yr Single,750mL,39,42.99,2024-12-31
76_DONCASTER_2136,76,DONCASTER,2136,Elijah Craig Small Batch,750mL,12,28.99,2024-12-31
76_DONCASTER_23391,76,DONCASTER,23391,Trombetta Family Pnt Nr Gaps,750mL,1,69.99,2024-12-31
77_TAMWORTH_4092,77,TAMWORTH,4092,Bacardi Grapefruit Rum,750mL,9,9.99,2024-12-31
74_PAENTMARWY_38242,74,PAENTMARWY,38242,Hendry Ranch Barrel Chard,750mL,22,35.99,2024-12-31
75_BARNCOMBE_3316,75,BARNCOMBE,3316,Ciroc Peach Vodka,375mL,4,15.49,2024-12-31
74_PAENTMARWY_24782,74,PAENTMARWY,24782,Casa Silva Los Lingues Cab S,750mL,6,15.99,2024-12-31
77_TAMWORTH_35972,77,TAMWORTH,35972,Cavino Mavrodafne,750mL,5,12.99,2024-12-31
75_BARNCOMBE_3904,75,BARNCOMBE,3904,Svedka Cucumber Lime Vodka,50mL,40,0.99,2024-12-31
76_DONCASTER_15292,76,DONCASTER,15292,Flip Flop Chard,750mL,12,4.99,2024-12-31
79_BALLYMENA_3687,79,BALLYMENA,3687,Fleischmanns Royal Traveler,750mL,42,4.99,2024-12-31
77_TAMWORTH_1595,77,TAMWORTH,1595,Gentleman Jack,375mL,10,13.99,2024-12-31
75_BARNCOMBE_3680,75,BARNCOMBE,3680,Stolichnaya Ohranj,1.75L,21,24.99,2024-12-31
76_DONCASTER_1149,76,DONCASTER,1149,Crown Royal Regal Apple,375mL,0,14.99,2024-12-31
77_TAMWORTH_17175,77,TAMWORTH,17175,Beringer Classic Cab Svgn,1.5L,15,7.99,2024-12-31
81_PEMBROKE_38348,81,PEMBROKE,38348,Nobilo Icon Svgn Bl Marlboro,750mL,11,13.99,2024-12-31
77_TAMWORTH_29118,77,TAMWORTH,29118,Santa Rita RSV Merlot,750mL,9,9.99,2024-12-31
74_PAENTMARWY_5633,74,PAENTMARWY,5633,Flag Hill Cranberry Liqueur,375mL,22,14.99,2024-12-31
79_BALLYMENA_32796,79,BALLYMENA,32796,Warre's Otima 10-Yr Tawny,500mL,12,19.99,2024-12-31
76_DONCASTER_4670,76,DONCASTER,4670,Bacardi Dragon Berry Rum,375mL,45,3.99,2024-12-31
79_BALLYMENA_2161,79,BALLYMENA,2161,Canadian Club Classic,750mL,55,19.99,2024-12-31
75_BARNCOMBE_1771,75,BARNCOMBE,1771,Jack Daniels Tennessee Fire,50mL,53,2.99,2024-12-31
74_PAENTMARWY_1358,74,PAENTMARWY,1358,Knob Creek Bourbon,1.75L,31,59.99,2024-12-31
78_EASTHAVEN_27276,78,EASTHAVEN,27276,Zaccagnini Rsl,750mL,18,8.99,2024-12-31
81_PEMBROKE_23973,81,PEMBROKE,23973,Catena RSV Cab Svgn,750mL,24,16.99,2024-12-31
74_PAENTMARWY_35103,74,PAENTMARWY,35103,Ruffino Chianti Superiore,750mL,17,9.99,2024-12-31
76_DONCASTER_31277,76,DONCASTER,31277,Landmark Overlook Chard,750mL,0,15.99,2024-12-31
77_TAMWORTH_6530,77,TAMWORTH,6530,Meridian Santa Barbara Chard,750mL,9,7.99,2024-12-31
74_PAENTMARWY_46763,74,PAENTMARWY,46763,Clayhouse Svgn Bl Paso Roble,750mL,12,11.99,2024-12-31
81_PEMBROKE_7867,81,PEMBROKE,7867,Tooters Red-diculous 15 Pk,375mL,17,8.99,2024-12-31
74_PAENTMARWY_23116,74,PAENTMARWY,23116,Patz & Hall Sonoma Cst Chard,750mL,8,32.99,2024-12-31
81_PEMBROKE_24552,81,PEMBROKE,24552,Gnarly Head 1924 Double Blac,750mL,20,9.99,2024-12-31
81_PEMBROKE_23307,81,PEMBROKE,23307,Ch St Sulpice,750mL,20,12.99,2024-12-31
79_BALLYMENA_1071,79,BALLYMENA,1071,Straw Boys Vodka,750mL,60,19.99,2024-12-31
74_PAENTMARWY_8395,74,PAENTMARWY,8395,Casamigos Anejo,750mL,16,61.99,2024-12-31
75_BARNCOMBE_37071,75,BARNCOMBE,37071,Caymus Conundrum White,750mL,3,22.99,2024-12-31
76_DONCASTER_34133,76,DONCASTER,34133,Turning Leaf RSV Cab Svgn,1.5L,21,10.99,2024-12-31
79_BALLYMENA_45770,79,BALLYMENA,45770,Bonterra Mendocino Org Znfdl,750mL,26,13.99,2024-12-31
78_EASTHAVEN_3310,78,EASTHAVEN,3310,Pinnacle Vodka,375mL,11,5.99,2024-12-31
74_PAENTMARWY_15355,74,PAENTMARWY,15355,Decoy Duckhorn Chard Sonoma,750mL,143,16.95,2024-12-31
74_PAENTMARWY_14974,74,PAENTMARWY,14974,Mantane Primitivo Puglio,750mL,6,14.99,2024-12-31
81_PEMBROKE_2153,81,PEMBROKE,2153,Black Velvet Cinnamon Rush,750mL,87,9.99,2024-12-31
74_PAENTMARWY_27853,74,PAENTMARWY,27853,Brandini Dolcetto d'Alba,750mL,23,13.99,2024-12-31
77_TAMWORTH_3780,77,TAMWORTH,3780,Three Olives Raspberry Vodk,750mL,5,14.99,2024-12-31
76_DONCASTER_42117,76,DONCASTER,42117,Jewell Towne Chardonnay,750mL,22,14.49,2024-12-31
78_EASTHAVEN_5730,78,EASTHAVEN,5730,Galliano L'Autentico Liqueur,50mL,3,1.99,2024-12-31
79_BALLYMENA_28946,79,BALLYMENA,28946,Silverado Merlot Napa,750mL,5,29.99,2024-12-31
81_PEMBROKE_3547,81,PEMBROKE,3547,Ketel One Vodka,50mL,85,2.79,2024-12-31
75_BARNCOMBE_11827,75,BARNCOMBE,11827,Cupcake Merlot,750mL,30,7.49,2024-12-31
76_DONCASTER_3601,76,DONCASTER,3601,Remy Martin V,750mL,12,36.99,2024-12-31
76_DONCASTER_18875,76,DONCASTER,18875,Di Padrino Dry Vermouth,1.5L,22,7.99,2024-12-31
77_TAMWORTH_8677,77,TAMWORTH,8677,Wild Turkey Rare Breed,750mL,4,35.99,2024-12-31
76_DONCASTER_21382,76,DONCASTER,21382,Barkan Clsc Merlot,750mL,14,13.99,2024-12-31
76_DONCASTER_22222,76,DONCASTER,22222,LaLuca Prosecco,750mL,22,13.99,2024-12-31
81_PEMBROKE_8053,81,PEMBROKE,8053,Seagrams 7 Crown,50mL,50,0.99,2024-12-31
81_PEMBROKE_4412,81,PEMBROKE,4412,Pusser's British Navy Rum,750mL,11,17.99,2024-12-31
76_DONCASTER_26815,76,DONCASTER,26815,Louis Latour 14 Chass-Mont B,750mL,6,64.99,2024-12-31
74_PAENTMARWY_17024,74,PAENTMARWY,17024,Marques de Caceres Albarino,750mL,10,11.99,2024-12-31
81_PEMBROKE_5137,81,PEMBROKE,5137,Irish Manor Irish Cream,750mL,12,9.99,2024-12-31
74_PAENTMARWY_14475,74,PAENTMARWY,14475,Belcreme de Lys Chard,750mL,14,9.99,2024-12-31
78_EASTHAVEN_3614,78,EASTHAVEN,3614,Finlandia Vodka,1.75L,11,19.99,2024-12-31
76_DONCASTER_1520,76,DONCASTER,1520,Pinnacle Vodka Cane 4/50mls,50mL 4 Pk,6,3.99,2024-12-31
81_PEMBROKE_1366,81,PEMBROKE,1366,Red Stag by Jim Beam,50mL,43,1.29,2024-12-31
74_PAENTMARWY_8553,74,PAENTMARWY,8553,Dekuyper Blue Curacao,750mL,12,6.99,2024-12-31
76_DONCASTER_2879,76,DONCASTER,2879,Corner Creek Rsv Bourbon,750mL,18,29.99,2024-12-31
75_BARNCOMBE_5346,75,BARNCOMBE,5346,Green Chartreuse Liqueur,750mL,2,49.99,2024-12-31
76_DONCASTER_15265,76,DONCASTER,15265,The Naked Grape Cab Svgn,750mL,22,5.99,2024-12-31
81_PEMBROKE_23959,81,PEMBROKE,23959,Thorn Napa Valley Merlot,750mL,10,38.99,2024-12-31
79_BALLYMENA_2855,79,BALLYMENA,2855,Master's London Dry Gin,750mL,6,29.99,2024-12-31
74_PAENTMARWY_4278,74,PAENTMARWY,4278,Capt Morgan Parrot Bay Cocnt,750mL,21,11.99,2024-12-31
75_BARNCOMBE_598,75,BARNCOMBE,598,Stolichnaya Ohranj Orange,Liter,9,22.99,2024-12-31
74_PAENTMARWY_4276,74,PAENTMARWY,4276,Goslings Gold Seal Rum,1.75L,28,21.99,2024-12-31
74_PAENTMARWY_24722,74,PAENTMARWY,24722,Feudo Saia Nero d'Avola,750mL,7,28.99,2024-12-31
79_BALLYMENA_36625,79,BALLYMENA,36625,Talbott Logan Slpy Hl Pnt Nr,750mL,17,21.99,2024-12-31
81_PEMBROKE_13303,81,PEMBROKE,13303,Plungerhead Znfdl Lodi,750mL,30,13.99,2024-12-31
76_DONCASTER_11449,76,DONCASTER,11449,Cambridge & Sunset Pnt Nr,750mL,25,12.99,2024-12-31
74_PAENTMARWY_14386,74,PAENTMARWY,14386,Tarima Monastrell Jumilla,750mL,19,10.99,2024-12-31
76_DONCASTER_1297,76,DONCASTER,1297,Jim Beam Black,50mL,221,0.99,2024-12-31
79_BALLYMENA_45876,79,BALLYMENA,45876,Frei Bros RSV Svgn Bl RRV,750mL,13,15.99,2024-12-31
76_DONCASTER_2986,76,DONCASTER,2986,Hibiki Harmony Japan Whiskey,750mL,6,69.99,2024-12-31
74_PAENTMARWY_5191,74,PAENTMARWY,5191,Fireball Cinnamon Whiskey,375mL,165,9.99,2024-12-31
79_BALLYMENA_3627,79,BALLYMENA,3627,Absolut 80 Proof,375mL,36,11.99,2024-12-31
77_TAMWORTH_8359,77,TAMWORTH,8359,R M Woodbridge Svgn Bl Cal,750mL,23,7.99,2024-12-31
81_PEMBROKE_24593,81,PEMBROKE,24593,Bodegas La Cartuja Priorat,750mL,12,19.99,2024-12-31
76_DONCASTER_685,76,DONCASTER,685,Caravan Cab Svgn,750mL,2,49.99,2024-12-31
76_DONCASTER_20428,76,DONCASTER,20428,Fattoria Poggio Red 10,750mL,1,53.99,2024-12-31
81_PEMBROKE_38549,81,PEMBROKE,38549,Stemmari Nero D'Avola,750mL,16,8.99,2024-12-31
79_BALLYMENA_3104,79,BALLYMENA,3104,Smirnoff Whipped Cream,750mL,8,10.99,2024-12-31
74_PAENTMARWY_25554,74,PAENTMARWY,25554,Brotte Espirit CdR,750mL,1,7.99,2024-12-31
74_PAENTMARWY_12803,74,PAENTMARWY,12803,Ravenswood Vntrs Blend Znfdl,1.5L,28,16.99,2024-12-31
74_PAENTMARWY_3315,74,PAENTMARWY,3315,Smirnoff Sorbet Rasp/Pomegra,50mL,76,0.99,2024-12-31
77_TAMWORTH_1297,77,TAMWORTH,1297,Jim Beam Black,50mL,2,0.99,2024-12-31
74_PAENTMARWY_3512,74,PAENTMARWY,3512,Pinnacle Vodka,1.75L,469,15.99,2024-12-31
79_BALLYMENA_2868,79,BALLYMENA,2868,Mortlach Single Malt Scotch,750mL,5,109.99,2024-12-31
76_DONCASTER_932,76,DONCASTER,932,Robert Sinskey Marcien Red,750mL,10,99.99,2024-12-31
81_PEMBROKE_2661,81,PEMBROKE,2661,Laphroaig Cask Strength 10Yr,750mL,12,70.99,2024-12-31
79_BALLYMENA_8520,79,BALLYMENA,8520,Brady's Irish Cream,1.75L,32,16.99,2024-12-31
81_PEMBROKE_3020,81,PEMBROKE,3020,Pinnacle Blueberry Vodka,750mL,25,9.99,2024-12-31
76_DONCASTER_24647,76,DONCASTER,24647,Dom Perignon P2 Blanc 1998,750mL,6,299.99,2024-12-31
76_DONCASTER_20182,76,DONCASTER,20182,Washington Hills LH Rsl,750mL,8,10.99,2024-12-31
74_PAENTMARWY_22625,74,PAENTMARWY,22625,True Myth Cab,750mL,18,17.99,2024-12-31
75_BARNCOMBE_38178,75,BARNCOMBE,38178,Rex Goliath Cab Svgn,750mL,11,5.99,2024-12-31
78_EASTHAVEN_3485,78,EASTHAVEN,3485,Luksusowa Potato Vodka,1.75L,20,18.99,2024-12-31
78_EASTHAVEN_13458,78,EASTHAVEN,13458,Ch Ste Michelle Harvest Rsl,750mL,10,8.99,2024-12-31
78_EASTHAVEN_38652,78,EASTHAVEN,38652,Carpineto Chianti Clsc RSV,750mL,5,20.99,2024-12-31
74_PAENTMARWY_3162,74,PAENTMARWY,3162,Burnett's Peach Vodka,50mL,0,0.99,2024-12-31
74_PAENTMARWY_2852,74,PAENTMARWY,2852,Bushmills 10 Yr Irish Whisky,750mL,17,40.99,2024-12-31
77_TAMWORTH_26250,77,TAMWORTH,26250,Roederer Est Brut,750mL,11,19.99,2024-12-31
75_BARNCOMBE_63,75,BARNCOMBE,63,Herradura Reposado Tequila,750mL,4,38.99,2024-12-31
81_PEMBROKE_18013,81,PEMBROKE,18013,Cecchi Sangiovese,750mL,74,8.99,2024-12-31
75_BARNCOMBE_6599,75,BARNCOMBE,6599,Estancia Cab Svgn Paso Roble,750mL,9,12.99,2024-12-31
76_DONCASTER_3201,76,DONCASTER,3201,Plymouth Gin,750mL,30,29.99,2024-12-31
79_BALLYMENA_38179,79,BALLYMENA,38179,Rex Goliath Chard,750mL,12,5.99,2024-12-31
76_DONCASTER_35862,76,DONCASTER,35862,Allegrini Palazzo Della Tor,750mL,16,19.99,2024-12-31
81_PEMBROKE_21985,81,PEMBROKE,21985,Menage a Trois Midnight,750mL,45,9.95,2024-12-31
77_TAMWORTH_3890,77,TAMWORTH,3890,Absolut Peppar,750mL,15,17.99,2024-12-31
74_PAENTMARWY_3233,74,PAENTMARWY,3233,Belvedere Wild Berry,750mL,16,22.99,2024-12-31
78_EASTHAVEN_28260,78,EASTHAVEN,28260,Nathanson Creek Chard,1.5L,13,7.99,2024-12-31
74_PAENTMARWY_36844,74,PAENTMARWY,36844,Frey Chard Organic Mendocino,750mL,5,12.99,2024-12-31
75_BARNCOMBE_261,75,BARNCOMBE,261,Svedka Citron Vodka,Liter,13,12.99,2024-12-31
76_DONCASTER_18747,76,DONCASTER,18747,Ca'Momi Rosso di Napa,750mL,25,9.99,2024-12-31
77_TAMWORTH_2478,77,TAMWORTH,2478,Ransom Old Tom Gin,750mL,11,36.99,2024-12-31
74_PAENTMARWY_23153,74,PAENTMARWY,23153,Butternut Pnt Nr Cal,750mL,3,14.99,2024-12-31
76_DONCASTER_17118,76,DONCASTER,17118,Heitz Martha's Vyd Cab Svgn,750mL,2,224.99,2024-12-31
81_PEMBROKE_16429,81,PEMBROKE,16429,HandCraft Artisan Coll Pnt N,750mL,13,9.99,2024-12-31
74_PAENTMARWY_26558,74,PAENTMARWY,26558,King Est Pnt Nr Ore,750mL,8,26.99,2024-12-31
81_PEMBROKE_2570,81,PEMBROKE,2570,Johnnie Walker Gold Rsv,750mL,21,79.99,2024-12-31
76_DONCASTER_8848,76,DONCASTER,8848,Deep Eddy Lemon Vodka,50mL,24,0.99,2024-12-31
81_PEMBROKE_17707,81,PEMBROKE,17707,Smoking Loon Steelbird Chard,750mL,26,6.79,2024-12-31
81_PEMBROKE_8626,81,PEMBROKE,8626,Ezra Brooks,1.75L,29,15.99,2024-12-31
75_BARNCOMBE_3396,75,BARNCOMBE,3396,Smirnoff Vanilla Vodka,1.75L,19,18.99,2024-12-31
76_DONCASTER_8166,76,DONCASTER,8166,Mount Gay Eclipse,750mL,50,19.99,2024-12-31
81_PEMBROKE_45839,81,PEMBROKE,45839,White Oak Chard RRV,750mL,12,22.99,2024-12-31
76_DONCASTER_5750,76,DONCASTER,5750,Malibu Rum Traveler,750mL,23,12.99,2024-12-31
76_DONCASTER_5676,76,DONCASTER,5676,Kinky Liqueur,50mL,96,1.99,2024-12-31
74_PAENTMARWY_44217,74,PAENTMARWY,44217,Ruffino Il Ducale Toscana Rd,750mL,11,15.99,2024-12-31
76_DONCASTER_2940,76,DONCASTER,2940,Hakushu 12 Yr Japanese Whsky,750mL,7,89.99,2024-12-31
79_BALLYMENA_966,79,BALLYMENA,966,Patron Citronge Orange Liqu,750mL,10,20.99,2024-12-31
81_PEMBROKE_2623,81,PEMBROKE,2623,Ballantines,1.75L,14,27.99,2024-12-31
77_TAMWORTH_828,77,TAMWORTH,828,Bols Sloe Gin,Liter,6,9.99,2024-12-31
76_DONCASTER_8921,76,DONCASTER,8921,Sterling Cab Svgn,750mL,50,16.95,2024-12-31
81_PEMBROKE_5147,81,PEMBROKE,5147,Pallini Limoncello Liqueur,375mL,12,11.99,2024-12-31
74_PAENTMARWY_19977,74,PAENTMARWY,19977,Hideyoshi Namacho Honjozo Sa,300mL,5,10.99,2024-12-31
74_PAENTMARWY_13784,74,PAENTMARWY,13784,Churchills 10 Yr Tawny Port,500mL,9,22.99,2024-12-31
77_TAMWORTH_1848,77,TAMWORTH,1848,Oban Little Bay Single Malt,750mL,1,59.99,2024-12-31
76_DONCASTER_2517,76,DONCASTER,2517,Balvenie 14 Yr Caribean Cask,750mL,17,67.99,2024-12-31
79_BALLYMENA_6349,79,BALLYMENA,6349,Glen Ellen Chard RSV,1.5L,58,6.99,2024-12-31
75_BARNCOMBE_2619,75,BARNCOMBE,2619,Glenmorangie Original 10 Yr,1.75L,5,64.99,2024-12-31
76_DONCASTER_25566,76,DONCASTER,25566,Quivira 12 Znfdl Dry Creek V,750mL,73,12.99,2024-12-31
81_PEMBROKE_3830,81,PEMBROKE,3830,Grey Goose L'Orange Vodka,750mL,15,23.99,2024-12-31
74_PAENTMARWY_7423,74,PAENTMARWY,7423,Manischewitz Concord Kosher,1.5L,7,7.99,2024-12-31
75_BARNCOMBE_3996,75,BARNCOMBE,3996,Deep Eddy Peach Vodka,750mL,7,17.99,2024-12-31
78_EASTHAVEN_12663,78,EASTHAVEN,12663,Zin 91 Old Vine Znfdl CA,750mL,8,10.99,2024-12-31
81_PEMBROKE_15424,81,PEMBROKE,15424,Santa Ema Cab Svgn Rsv,750mL,11,14.99,2024-12-31
76_DONCASTER_26421,76,DONCASTER,26421,Villa Russiz Les Enfants Bia,750mL,22,20.99,2024-12-31
76_DONCASTER_12368,76,DONCASTER,12368,Vina Zaco Tempranillo Rioja,750mL,20,11.99,2024-12-31
76_DONCASTER_19669,76,DONCASTER,19669,Murphy-Goode Homefront Red,750mL,12,7.79,2024-12-31
74_PAENTMARWY_24282,74,PAENTMARWY,24282,Paul Hobbs Nathan Coombs Cab,750mL,1,329.99,2024-12-31
77_TAMWORTH_27361,77,TAMWORTH,27361,Borsao Campo de Borja Red,750mL,11,10.99,2024-12-31
81_PEMBROKE_5153,81,PEMBROKE,5153,Fireball Cinn Whisky Trav,750mL,31,13.99,2024-12-31
75_BARNCOMBE_15392,75,BARNCOMBE,15392,Cupcake Riesling,750mL,8,7.49,2024-12-31
79_BALLYMENA_497,79,BALLYMENA,497,Capt Morgan Spiced Rum,Liter,23,19.99,2024-12-31
76_DONCASTER_43092,76,DONCASTER,43092,Oberon Cab Svgn Napa,750mL,18,21.99,2024-12-31
77_TAMWORTH_28070,77,TAMWORTH,28070,Sutter Home Moscato Cal,1.5L,8,9.99,2024-12-31
75_BARNCOMBE_1278,75,BARNCOMBE,1278,Jim Beam Black,1.75L,17,35.99,2024-12-31
74_PAENTMARWY_43043,74,PAENTMARWY,43043,Yellow Tail Rsl,750mL,14,7.99,2024-12-31
74_PAENTMARWY_20629,74,PAENTMARWY,20629,Clos Amador Rose Tendre Cava,750mL,9,13.99,2024-12-31
74_PAENTMARWY_22624,74,PAENTMARWY,22624,A Bichot Merc Champs M,750mL,0,42.99,2024-12-31
78_EASTHAVEN_3527,78,EASTHAVEN,3527,Reyka Vodka,1.75L,3,29.99,2024-12-31
74_PAENTMARWY_27549,74,PAENTMARWY,27549,Whitman Express Pnt Blanc,750mL,99,11.99,2024-12-31
79_BALLYMENA_33149,79,BALLYMENA,33149,Alamos Ridge Malbec Mendoza,750mL,23,8.99,2024-12-31
77_TAMWORTH_5134,77,TAMWORTH,5134,Dr McGillicuddy's Cherry,750mL,65,13.99,2024-12-31
74_PAENTMARWY_17145,74,PAENTMARWY,17145,Honeymaker Blueberry Mead,750mL,12,16.99,2024-12-31
79_BALLYMENA_12387,79,BALLYMENA,12387,Desert Wind Cab Svgn,750mL,10,15.99,2024-12-31
78_EASTHAVEN_8191,78,EASTHAVEN,8191,Savory & James Deluxe Cream,1.5L,11,18.49,2024-12-31
81_PEMBROKE_2886,81,PEMBROKE,2886,Buchanans Deluxe 12Yr Scotch,1.75L,6,62.99,2024-12-31
78_EASTHAVEN_39087,78,EASTHAVEN,39087,Corbett Canyon Pnt Grigio,3L,13,10.99,2024-12-31
74_PAENTMARWY_42350,74,PAENTMARWY,42350,Black Box Shiraz Cntrl Coast,3L,63,18.99,2024-12-31
79_BALLYMENA_31172,79,BALLYMENA,31172,Luna di Luna Chard/Pnt Grig,1.5L,23,16.99,2024-12-31
79_BALLYMENA_17978,79,BALLYMENA,17978,Calling All Angels Chard,750mL,15,7.99,2024-12-31
78_EASTHAVEN_36770,78,EASTHAVEN,36770,Yellow Tail Cab Svgn Ausl,1.5L,40,8.95,2024-12-31
76_DONCASTER_16394,76,DONCASTER,16394,Ghost Pines Red L Martini,750mL,25,17.99,2024-12-31
79_BALLYMENA_33028,79,BALLYMENA,33028,Rombauer Cab Svgn Napa,750mL,9,49.99,2024-12-31
76_DONCASTER_4762,76,DONCASTER,4762,Hartley Brandy VS,750mL,36,6.99,2024-12-31
79_BALLYMENA_5399,79,BALLYMENA,5399,Goldschlager Cinnamon Schna,50mL,115,1.99,2024-12-31
77_TAMWORTH_4278,77,TAMWORTH,4278,Capt Morgan Parrot Bay Cocnt,750mL,18,11.99,2024-12-31
76_DONCASTER_7327,76,DONCASTER,7327,La Caravedo Puro Quebranta,750mL,5,26.99,2024-12-31
77_TAMWORTH_3498,77,TAMWORTH,3498,Baileys Vanilla Cinnamon,750mL,11,19.99,2024-12-31
74_PAENTMARWY_8840,74,PAENTMARWY,8840,Burnetts Gin,1.75L,24,11.99,2024-12-31
79_BALLYMENA_21386,79,BALLYMENA,21386,Segal's Cab Svgn Spcl Rsv Ga,750mL,5,20.99,2024-12-31
73_DONCASTER_45322,73,DONCASTER,45322,Garnacha de Fuego,750mL,13,8.99,2024-12-31
77_TAMWORTH_41072,77,TAMWORTH,41072,Angeline Pnt Nr Rsv,750mL,44,11.99,2024-12-31
79_BALLYMENA_13899,79,BALLYMENA,13899,Hogue Genesis Meritage,750mL,16,15.99,2024-12-31
74_PAENTMARWY_13491,74,PAENTMARWY,13491,Barefoot Cellars Rsl,1.5L,32,10.99,2024-12-31
75_BARNCOMBE_903,75,BARNCOMBE,903,Bombay Sapphire Gin,Liter,13,27.99,2024-12-31
78_EASTHAVEN_31346,78,EASTHAVEN,31346,Florio Dry Marsala Italy,750mL,14,10.99,2024-12-31
77_TAMWORTH_6266,77,TAMWORTH,6266,Gallo Fairbanks Sherry,1.5L,7,7.79,2024-12-31
81_PEMBROKE_4806,81,PEMBROKE,4806,Leroux Blackberry Brandy,1.75L,9,14.99,2024-12-31
74_PAENTMARWY_8725,74,PAENTMARWY,8725,Chambord Royale de France,375mL,41,15.99,2024-12-31
81_PEMBROKE_3306,81,PEMBROKE,3306,Hammer & Sickle Vodka,1.75L,11,39.99,2024-12-31
77_TAMWORTH_26399,77,TAMWORTH,26399,Trapiche Malbec Mendoza Oak,750mL,16,7.99,2024-12-31
81_PEMBROKE_36750,81,PEMBROKE,36750,Big House Cardinal Bst Znfdl,750mL,10,7.99,2024-12-31
81_PEMBROKE_29616,81,PEMBROKE,29616,Kermit Lynch Cotes du Rhone,750mL,9,13.99,2024-12-31
79_BALLYMENA_41970,79,BALLYMENA,41970,Troublemaker Red,750mL,16,14.99,2024-12-31
81_PEMBROKE_7725,81,PEMBROKE,7725,Great Western Brut,750mL,21,9.99,2024-12-31
74_PAENTMARWY_3142,74,PAENTMARWY,3142,Smirnoff Sourced Cran/Apple,50mL,0,0.99,2024-12-31
74_PAENTMARWY_4181,74,PAENTMARWY,4181,Calypso Spiced Rum,1.75L,36,10.99,2024-12-31
76_DONCASTER_4682,76,DONCASTER,4682,Courvoisier VSOP Cognac,750mL,65,34.99,2024-12-31
79_BALLYMENA_28947,79,BALLYMENA,28947,R M Woodbridge Merlot Cal,1.5L,64,8.99,2024-12-31
76_DONCASTER_24606,76,DONCASTER,24606,Fortant Cab Svgn,750mL,10,9.99,2024-12-31
79_BALLYMENA_37821,79,BALLYMENA,37821,Frescobaldi Sangiovese Remo,750mL,12,11.99,2024-12-31
78_EASTHAVEN_3502,78,EASTHAVEN,3502,Pinnacle Vodka,750mL,21,12.99,2024-12-31
76_DONCASTER_27409,76,DONCASTER,27409,Hourglass HG III Red,750mL,11,47.99,2024-12-31
77_TAMWORTH_6725,77,TAMWORTH,6725,Franzia Crisp White Tap,5L,6,12.99,2024-12-31
76_DONCASTER_18126,76,DONCASTER,18126,Monte Velho White Alentejo,750mL,9,10.99,2024-12-31
79_BALLYMENA_3660,79,BALLYMENA,3660,Deep Eddy Ruby Red Vodka,1.75L,4,27.99,2024-12-31
73_DONCASTER_46826,73,DONCASTER,46826,LaBelle Winery Grnt St Apple,375mL,21,14.99,2024-12-31
79_BALLYMENA_8840,79,BALLYMENA,8840,Burnetts Gin,1.75L,27,11.99,2024-12-31
81_PEMBROKE_6600,81,PEMBROKE,6600,Patron Roca Reposado Tequila,750mL,4,69.99,2024-12-31
79_BALLYMENA_24697,79,BALLYMENA,24697,Schmitt Sohne Relax Pink Ros,750mL,12,10.99,2024-12-31
79_BALLYMENA_7878,79,BALLYMENA,7878,Allens Coffee Brandy,1.75L,40,15.99,2024-12-31
74_PAENTMARWY_3511,74,PAENTMARWY,3511,New Amsterdam Vodka,750mL,190,10.99,2024-12-31
75_BARNCOMBE_2834,75,BARNCOMBE,2834,Old Smuggler P E T,1.75L,8,16.99,2024-12-31
78_EASTHAVEN_16806,78,EASTHAVEN,16806,Apothic Winemakers White,750mL,66,7.99,2024-12-31
78_EASTHAVEN_3452,78,EASTHAVEN,3452,Vanya Light Vodka,1.75L,19,6.99,2024-12-31
76_DONCASTER_24881,76,DONCASTER,24881,Monjardin El Cerezo Chard,750mL,13,11.99,2024-12-31
81_PEMBROKE_3387,81,PEMBROKE,3387,Kinahan's Irish Whiskey,750mL,12,27.49,2024-12-31
74_PAENTMARWY_1278,74,PAENTMARWY,1278,Jim Beam Black,1.75L,18,35.99,2024-12-31
81_PEMBROKE_18860,81,PEMBROKE,18860,Barefoot Refresh Summer Red,750mL,16,5.99,2024-12-31
76_DONCASTER_273,76,DONCASTER,273,Sauza Extra Gold Tequila,1.75L,60,21.99,2024-12-31
74_PAENTMARWY_19283,74,PAENTMARWY,19283,Roscato Bianco,750mL,4,9.99,2024-12-31
77_TAMWORTH_2040,77,TAMWORTH,2040,Malfy Con Limone Gin GQDI,750mL,4,24.99,2024-12-31
74_PAENTMARWY_8223,74,PAENTMARWY,8223,Dom Chandon Blanc de Noir C,750mL,92,13.99,2024-12-31
76_DONCASTER_8441,76,DONCASTER,8441,Baileys Irish Cream,375mL,16,12.99,2024-12-31
74_PAENTMARWY_3574,74,PAENTMARWY,3574,Stolichnaya Gluten Free Vodk,50mL,77,0.99,2024-12-31
76_DONCASTER_3797,76,DONCASTER,3797,Skinnygirl Sweet'Arita,1.75L,34,16.99,2024-12-31
77_TAMWORTH_22362,77,TAMWORTH,22362,Barefoot Bubbly Peach Fusion,750mL,6,9.99,2024-12-31
79_BALLYMENA_13097,79,BALLYMENA,13097,Menage a Trois Gold Chard,750mL,27,8.99,2024-12-31
79_BALLYMENA_5897,79,BALLYMENA,5897,99 Bananas,750mL,5,11.99,2024-12-31
76_DONCASTER_6115,76,DONCASTER,6115,Midnight Moon Raspberry,750mL,12,19.99,2024-12-31
81_PEMBROKE_29128,81,PEMBROKE,29128,Sutter Home Merlot Cal,187mL 4 Pk,14,5.99,2024-12-31
74_PAENTMARWY_6647,74,PAENTMARWY,6647,Estancia Chard,750mL,65,8.99,2024-12-31
79_BALLYMENA_5348,79,BALLYMENA,5348,St Brendans Irish Cream,750mL,15,10.99,2024-12-31
77_TAMWORTH_42462,77,TAMWORTH,42462,Gnarly Head Old Vine Znfdl,750mL,53,9.99,2024-12-31
75_BARNCOMBE_21329,75,BARNCOMBE,21329,Masi Campofiorin,750mL,5,17.99,2024-12-31
77_TAMWORTH_3656,77,TAMWORTH,3656,Stolichnaya Vanil,1.75L,31,24.99,2024-12-31
79_BALLYMENA_26450,79,BALLYMENA,26450,Pere Anselme CDR Rose,750mL,6,11.99,2024-12-31
78_EASTHAVEN_3626,78,EASTHAVEN,3626,Sauza Extra Gold Tequila,750mL,21,12.99,2024-12-31
81_PEMBROKE_37712,81,PEMBROKE,37712,Sterling Vintners Cltn Syrah,750mL,0,10.99,2024-12-31
81_PEMBROKE_2742,81,PEMBROKE,2742,Aberfeldy 12 Yr Single Malt,750mL,8,44.99,2024-12-31
81_PEMBROKE_23769,81,PEMBROKE,23769,Ch Pape Clement 12 Pess-Leog,750mL,3,111.99,2024-12-31
79_BALLYMENA_26530,79,BALLYMENA,26530,Corbett Canyon Merlot,1.5L,10,8.99,2024-12-31
75_BARNCOMBE_18800,75,BARNCOMBE,18800,Haunting Whisper DeChaunac,750mL,9,11.99,2024-12-31
81_PEMBROKE_3345,81,PEMBROKE,3345,Bombay Sapphire Gin,50mL,109,1.99,2024-12-31
75_BARNCOMBE_3161,75,BARNCOMBE,3161,New Amsterdam Red Berry,750mL,17,10.99,2024-12-31
76_DONCASTER_26685,76,DONCASTER,26685,Ch Fuisse Pouilly Le Clos 14,750mL,12,56.99,2024-12-31
78_EASTHAVEN_5399,78,EASTHAVEN,5399,Goldschlager Cinnamon Schna,50mL,142,1.99,2024-12-31
79_BALLYMENA_3272,79,BALLYMENA,3272,Sobieski Vodka,1.75L,28,17.99,2024-12-31
74_PAENTMARWY_21979,74,PAENTMARWY,21979,Massolino Dolcetto D'Alba,750mL,0,16.99,2024-12-31
74_PAENTMARWY_3298,74,PAENTMARWY,3298,Bully Boy Boston Rum,750mL,12,26.99,2024-12-31
76_DONCASTER_21836,76,DONCASTER,21836,Merriam Pnt Nr Cuvee RRV,750mL,5,22.99,2024-12-31
79_BALLYMENA_8464,79,BALLYMENA,8464,Ch de Montfort Vouvray,750mL,18,14.99,2024-12-31
74_PAENTMARWY_5644,74,PAENTMARWY,5644,Metcalf's Raspberry Liqueur,375mL,12,16.99,2024-12-31
79_BALLYMENA_2435,79,BALLYMENA,2435,Crown Royal RSV,750mL,17,38.99,2024-12-31
75_BARNCOMBE_39775,75,BARNCOMBE,39775,Bogle Svgn Bl Cal,750mL,11,8.99,2024-12-31
74_PAENTMARWY_8258,74,PAENTMARWY,8258,Campari,750mL,43,29.99,2024-12-31
81_PEMBROKE_753,81,PEMBROKE,753,LaBelle Winery Blueberry,750mL,10,19.99,2024-12-31
79_BALLYMENA_1730,79,BALLYMENA,1730,La Collection NH Summer,750mL,27,29.99,2024-12-31
74_PAENTMARWY_4959,74,PAENTMARWY,4959,Bacardi Tangerine,50mL,61,0.99,2024-12-31
74_PAENTMARWY_8082,74,PAENTMARWY,8082,Baileys Irish Cream,1.75L,584,28.99,2024-12-31
79_BALLYMENA_3830,79,BALLYMENA,3830,Grey Goose L'Orange Vodka,750mL,18,23.99,2024-12-31
79_BALLYMENA_35413,79,BALLYMENA,35413,Yellow Tail Shiraz Ausl,750mL,47,7.99,2024-12-31
74_PAENTMARWY_19855,74,PAENTMARWY,19855,Davis Bynum Jane's Vyd Pnt,750mL,6,29.99,2024-12-31
78_EASTHAVEN_419,78,EASTHAVEN,419,Absolut Citron,Liter,8,19.99,2024-12-31
74_PAENTMARWY_39524,74,PAENTMARWY,39524,Marilyn Merlot Napa,750mL,30,25.99,2024-12-31
74_PAENTMARWY_32592,74,PAENTMARWY,32592,Mionetto Frizzante Prosecco,750mL,0,18.99,2024-12-31
77_TAMWORTH_3180,77,TAMWORTH,3180,New Amsterdam Vodka,1.75L,50,16.99,2024-12-31
78_EASTHAVEN_11456,78,EASTHAVEN,11456,Burgess Cab Svgn Napa,750mL,14,34.99,2024-12-31
76_DONCASTER_19302,76,DONCASTER,19302,Tomaiolo Chianti Clsco Rsva,750mL,71,11.99,2024-12-31
76_DONCASTER_759,76,DONCASTER,759,Bunnahabhain 12 Yr Single,750mL,10,59.99,2024-12-31
74_PAENTMARWY_22942,74,PAENTMARWY,22942,Clos de Marquis 09 St Julien,1.5L,2,233.99,2024-12-31
74_PAENTMARWY_25191,74,PAENTMARWY,25191,Cousino Macul Cab Svgn,750mL,11,10.99,2024-12-31
76_DONCASTER_18551,76,DONCASTER,18551,Antigal Uno Malbec Mendoza,750mL,10,14.99,2024-12-31
81_PEMBROKE_5353,81,PEMBROKE,5353,Grand Marnier,375mL,26,18.99,2024-12-31
76_DONCASTER_8212,76,DONCASTER,8212,Krupnik Spiced Honey Liqueur,375mL,14,22.99,2024-12-31
77_TAMWORTH_28887,77,TAMWORTH,28887,Livingston Nat Flvrs Chard,3L,6,12.99,2024-12-31
76_DONCASTER_13505,76,DONCASTER,13505,C Y Toro Casillero Pnt Nr,750mL,11,11.99,2024-12-31
81_PEMBROKE_5767,81,PEMBROKE,5767,Jose Cuervo Strawberry Marg,1.75L,25,16.99,2024-12-31
77_TAMWORTH_4938,77,TAMWORTH,4938,Kapali Coffee,750mL,8,8.99,2024-12-31
74_PAENTMARWY_24937,74,PAENTMARWY,24937,Walpole NH Winter Warmer,750mL,12,17.49,2024-12-31
76_DONCASTER_3419,76,DONCASTER,3419,Combier Liqueur D'Orange,750mL,9,26.99,2024-12-31
81_PEMBROKE_8962,81,PEMBROKE,8962,Pimms Cup No 1,750mL,9,17.99,2024-12-31
76_DONCASTER_4945,76,DONCASTER,4945,Jacquin Ginger Brandy,750mL,27,9.49,2024-12-31
77_TAMWORTH_34504,77,TAMWORTH,34504,Ca'Montini Pinot Grigio Tre,750mL,12,14.99,2024-12-31
77_TAMWORTH_2050,77,TAMWORTH,2050,Tomatin 18 Yr Single Malt,750mL,3,79.99,2024-12-31
74_PAENTMARWY_27551,74,PAENTMARWY,27551,Anne Amie Twelve Oaks Pnt Nr,750mL,12,37.99,2024-12-31
74_PAENTMARWY_2842,74,PAENTMARWY,2842,Laphroaig 25 Yr Cask Strenth,750mL,6,499.99,2024-12-31
81_PEMBROKE_3731,81,PEMBROKE,3731,Absolut Apeach,750mL,19,17.99,2024-12-31
74_PAENTMARWY_17001,74,PAENTMARWY,17001,Martinshof Gruner Veltliner,750mL,9,13.99,2024-12-31
76_DONCASTER_996,76,DONCASTER,996,Herradura Seleccion Suprema,750mL,0,299.99,2024-12-31
76_DONCASTER_3736,76,DONCASTER,3736,Smirnoff Cherry Vodka,750mL,19,10.99,2024-12-31
74_PAENTMARWY_27492,74,PAENTMARWY,27492,F Coppola Cab S King Kong DC,750mL,10,21.99,2024-12-31
76_DONCASTER_33982,76,DONCASTER,33982,Lyeth Estate Meritage N Cst,750mL,0,15.99,2024-12-31
74_PAENTMARWY_19687,74,PAENTMARWY,19687,BT Termanthia 10 Toro Red,750mL,2,153.99,2024-12-31
78_EASTHAVEN_32084,78,EASTHAVEN,32084,Heidsieck Brut Monopole Epe,750mL,12,26.99,2024-12-31
78_EASTHAVEN_18027,78,EASTHAVEN,18027,Banfi Rosa Regale,750mL,11,13.95,2024-12-31
76_DONCASTER_23712,76,DONCASTER,23712,Bell'Agio Chianti Flask,750mL,23,11.99,2024-12-31
74_PAENTMARWY_22194,74,PAENTMARWY,22194,Placido Pinot Grigio Venezi,1.5L,10,12.99,2024-12-31
78_EASTHAVEN_6455,78,EASTHAVEN,6455,Folonari Pinot Grigio Venez,1.5L,23,14.99,2024-12-31
79_BALLYMENA_13052,79,BALLYMENA,13052,Ch Ste Michelle Gewurz Colum,750mL,10,8.49,2024-12-31
77_TAMWORTH_4634,77,TAMWORTH,4634,Gold Crown Wh Rum,1.75L,26,10.99,2024-12-31
75_BARNCOMBE_6584,75,BARNCOMBE,6584,Schmitt Sohne Spatlese Psprt,750mL,13,11.99,2024-12-31
79_BALLYMENA_29619,79,BALLYMENA,29619,Schmitt Sohne Auslese,750mL,19,15.99,2024-12-31
81_PEMBROKE_6946,81,PEMBROKE,6946,Rosemount Diamond Cab Svgn,750mL,22,8.99,2024-12-31
81_PEMBROKE_5312,81,PEMBROKE,5312,Amaretto DiSaronno,750mL,118,19.99,2024-12-31
79_BALLYMENA_34903,79,BALLYMENA,34903,Smoking Loon Cab Svgn,750mL,76,6.79,2024-12-31
81_PEMBROKE_4062,81,PEMBROKE,4062,Goslings Dark'N Stormy RTD,250mL 4 Pk,8,8.99,2024-12-31
81_PEMBROKE_34803,81,PEMBROKE,34803,Bregeon Muscadet Sevre et M,750mL,0,17.99,2024-12-31
81_PEMBROKE_16261,81,PEMBROKE,16261,The Dreaming Tree CC Chard,750mL,13,12.99,2024-12-31
77_TAMWORTH_3725,77,TAMWORTH,3725,Three Olives Pomegranate,750mL,11,14.99,2024-12-31
74_PAENTMARWY_23095,74,PAENTMARWY,23095,Glen Ellen Cab Svgn RSV,1.5L,59,6.99,2024-12-31
78_EASTHAVEN_5415,78,EASTHAVEN,5415,Amaretto di Amore,1.75L,12,13.99,2024-12-31
78_EASTHAVEN_1373,78,EASTHAVEN,1373,Jim Beam Honey,750mL,45,14.99,2024-12-31
79_BALLYMENA_5003,79,BALLYMENA,5003,Brinley Shipwreck Coconut Cr,50mL,0,0.99,2024-12-31
76_DONCASTER_17341,76,DONCASTER,17341,Lobster & Shrimp Muscadet,750mL,17,7.99,2024-12-31
75_BARNCOMBE_32263,75,BARNCOMBE,32263,Lindemans Bin 65 Chard,1.5L,29,14.99,2024-12-31
76_DONCASTER_5315,76,DONCASTER,5315,B & B Liqueur Dom,750mL,6,24.99,2024-12-31
76_DONCASTER_15194,76,DONCASTER,15194,Billecart-Salmon Brut Rose,750mL,6,75.99,2024-12-31
76_DONCASTER_14130,76,DONCASTER,14130,14 Hands Hot to Trot White,750mL,24,8.99,2024-12-31
81_PEMBROKE_1060,81,PEMBROKE,1060,Jack Daniels Bruins Glass Pk,Liter,23,27.99,2024-12-31
74_PAENTMARWY_40559,74,PAENTMARWY,40559,McManis Cab Svgn Cal,750mL,9,11.99,2024-12-31
75_BARNCOMBE_1637,75,BARNCOMBE,1637,Fleischmanns Preferred,1.75L,21,10.99,2024-12-31
76_DONCASTER_1135,76,DONCASTER,1135,Rebel Reserve Bourbon,750mL,23,19.99,2024-12-31
75_BARNCOMBE_8408,75,BARNCOMBE,8408,Wild Turkey American Honey,1.75L,4,35.99,2024-12-31
77_TAMWORTH_4522,77,TAMWORTH,4522,Lairds Apple Jack,750mL,7,15.99,2024-12-31
74_PAENTMARWY_26175,74,PAENTMARWY,26175,Tom Gore Svgn Bl,750mL,9,12.99,2024-12-31
76_DONCASTER_4565,76,DONCASTER,4565,Christian Bros VS Brandy,750mL,15,9.49,2024-12-31
75_BARNCOMBE_5348,75,BARNCOMBE,5348,St Brendans Irish Cream,750mL,9,10.99,2024-12-31
76_DONCASTER_2672,76,DONCASTER,2672,Dewars White Label,50mL,88,2.29,2024-12-31
79_BALLYMENA_2025,79,BALLYMENA,2025,J Seeds Apple Cider Whiskey,750mL,0,18.99,2024-12-31
76_DONCASTER_22697,76,DONCASTER,22697,Girard Old Vine Znfdl,750mL,12,23.99,2024-12-31
76_DONCASTER_22274,76,DONCASTER,22274,Complicated Chard,750mL,11,9.29,2024-12-31
79_BALLYMENA_8246,79,BALLYMENA,8246,BV Coastal Estate Pnt Nr,750mL,14,7.99,2024-12-31
74_PAENTMARWY_2870,74,PAENTMARWY,2870,Ardbeg Dark Cove Giftbox,750mL,18,109.99,2024-12-31
76_DONCASTER_36623,76,DONCASTER,36623,Talbott Sleepy Hollow Chard,750mL,16,28.99,2024-12-31
74_PAENTMARWY_31201,74,PAENTMARWY,31201,Beringer Fndrs Est Cab Svgn,750mL,22,8.99,2024-12-31
81_PEMBROKE_3257,81,PEMBROKE,3257,Gilbeys London Dry Trav,750mL,36,6.99,2024-12-31
79_BALLYMENA_5296,79,BALLYMENA,5296,Southern Comfort 100 Proof,1.75L,81,28.99,2024-12-31
77_TAMWORTH_6864,77,TAMWORTH,6864,St Francis Chard,750mL,5,9.99,2024-12-31
81_PEMBROKE_17162,81,PEMBROKE,17162,Menage a Trois Pnt Grigio,750mL,10,8.99,2024-12-31
75_BARNCOMBE_7982,75,BARNCOMBE,7982,M & R Sweet Vermouth,750mL,17,7.49,2024-12-31
74_PAENTMARWY_21103,74,PAENTMARWY,21103,Farnum Hill Dooryard Still,750mL,7,11.99,2024-12-31
74_PAENTMARWY_23521,74,PAENTMARWY,23521,Insurrection Cab/Shiraz,750mL,7,10.99,2024-12-31
74_PAENTMARWY_31456,74,PAENTMARWY,31456,Foxhorn SE Merlot Australia,1.5L,10,7.99,2024-12-31
79_BALLYMENA_2512,79,BALLYMENA,2512,The Macallan 12 Yr Old,375mL,9,34.99,2024-12-31
76_DONCASTER_3764,76,DONCASTER,3764,Patron Reposado Tequila,375mL,17,26.99,2024-12-31
74_PAENTMARWY_8664,74,PAENTMARWY,8664,Asbach Uralt German Brandy,750mL,33,22.99,2024-12-31
81_PEMBROKE_24297,81,PEMBROKE,24297,Motto Cab Svgn Backbone,750mL,11,10.99,2024-12-31
76_DONCASTER_14280,76,DONCASTER,14280,Cupcake Shiraz,750mL,15,7.49,2024-12-31
74_PAENTMARWY_12069,74,PAENTMARWY,12069,Gnarly Head Pnt Grigio,750mL,26,7.99,2024-12-31
74_PAENTMARWY_7374,74,PAENTMARWY,7374,New Amsterdam Mango Vodka,750mL,164,10.99,2024-12-31
81_PEMBROKE_3915,81,PEMBROKE,3915,Sauza Silver Tequila,750mL,24,12.99,2024-12-31
81_PEMBROKE_27288,81,PEMBROKE,27288,Gemma di Luna Sprkl Moscato,750mL,2,11.99,2024-12-31
79_BALLYMENA_20398,79,BALLYMENA,20398,I Lauri Bajo Montepul d'Abru,750mL,26,8.99,2024-12-31
79_BALLYMENA_6918,79,BALLYMENA,6918,Franzia Tap Cab Svgn,5L,14,17.99,2024-12-31
74_PAENTMARWY_26248,74,PAENTMARWY,26248,Roederer Cristal,750mL,5,199.99,2024-12-31
74_PAENTMARWY_18107,74,PAENTMARWY,18107,Barefoot Cellars Pink Moscat,750mL,12,4.99,2024-12-31
78_EASTHAVEN_22387,78,EASTHAVEN,22387,Gnarly Head Authentic Black,750mL,5,9.99,2024-12-31
74_PAENTMARWY_22820,74,PAENTMARWY,22820,Rozes Vintage 2000 Old Port,750mL,8,42.99,2024-12-31
81_PEMBROKE_3847,81,PEMBROKE,3847,Grey Goose Vodka,50mL,52,3.99,2024-12-31
79_BALLYMENA_2708,79,BALLYMENA,2708,Rebel Yell Root Beer Whiskey,750mL,25,11.99,2024-12-31
76_DONCASTER_27342,76,DONCASTER,27342,19 Crimes The Banished Red,750mL,108,12.99,2024-12-31
74_PAENTMARWY_7424,74,PAENTMARWY,7424,Capt Morgan White,Liter,3,15.49,2024-12-31
75_BARNCOMBE_31494,75,BARNCOMBE,31494,Barefoot Merlot Cal,1.5L,29,10.99,2024-12-31
75_BARNCOMBE_43820,75,BARNCOMBE,43820,Little Black Dress Merlot,750mL,12,10.99,2024-12-31
81_PEMBROKE_36087,81,PEMBROKE,36087,Ramey Russian River Chard,750mL,12,37.99,2024-12-31
74_PAENTMARWY_8118,74,PAENTMARWY,8118,Mr Boston Blackberry Brandy,750mL,41,5.99,2024-12-31
74_PAENTMARWY_6360,74,PAENTMARWY,6360,Taylor Nys Cream Sherry,3L,9,13.99,2024-12-31
79_BALLYMENA_24673,79,BALLYMENA,24673,Bolla Pinot Grigio,1.5L,12,15.99,2024-12-31
81_PEMBROKE_2152,81,PEMBROKE,2152,New Amsterdam Gin,750mL,23,10.99,2024-12-31
81_PEMBROKE_2573,81,PEMBROKE,2573,Firefly Caramel Moonshine,750mL,3,19.99,2024-12-31
77_TAMWORTH_4265,77,TAMWORTH,4265,Capt Morgan Spiced Rum,375mL,19,10.99,2024-12-31
79_BALLYMENA_1295,79,BALLYMENA,1295,Jack Daniels No 7 Black,100mL,88,3.99,2024-12-31
74_PAENTMARWY_2779,74,PAENTMARWY,2779,Wicked 87 Whiskey,750mL,2,17.49,2024-12-31
81_PEMBROKE_23324,81,PEMBROKE,23324,Ch Angelus 11 Brdx,750mL,3,279.99,2024-12-31
75_BARNCOMBE_7936,75,BARNCOMBE,7936,Bayou Spiced Rum,50mL,98,0.99,2024-12-31
74_PAENTMARWY_41614,74,PAENTMARWY,41614,Ridge Pagoni Ranch Znfdl,750mL,10,38.99,2024-12-31
76_DONCASTER_13793,76,DONCASTER,13793,Yellow Tail Svgn Bl,1.5L,10,9.99,2024-12-31
81_PEMBROKE_21313,81,PEMBROKE,21313,Kedem Concord Grape Kosher,750mL,15,5.99,2024-12-31
75_BARNCOMBE_5330,75,BARNCOMBE,5330,Kahlua White Russian RTD,1.75L,6,15.99,2024-12-31
81_PEMBROKE_1130,81,PEMBROKE,1130,Smugglers Notch Bourbon,750mL,5,45.99,2024-12-31
73_DONCASTER_46621,73,DONCASTER,46621,Erath Pnt Nr Estate OR,750mL,22,23.99,2024-12-31
76_DONCASTER_23595,76,DONCASTER,23595,Almaden Burgundy B/B,5L,15,14.99,2024-12-31
79_BALLYMENA_28122,79,BALLYMENA,28122,Dom Carneros Pnt Nr Napa Vly,750mL,11,21.99,2024-12-31
74_PAENTMARWY_23220,74,PAENTMARWY,23220,Parducci Pnt Nr,750mL,11,11.99,2024-12-31
79_BALLYMENA_25832,79,BALLYMENA,25832,Dry Creek Fume Bl Sonoma,750mL,9,10.99,2024-12-31
74_PAENTMARWY_5246,74,PAENTMARWY,5246,Bacardi Party Drinks Zombie,1.75L,11,15.99,2024-12-31
79_BALLYMENA_2878,79,BALLYMENA,2878,Hudson Four Grain Bourbon,375mL,8,39.99,2024-12-31
81_PEMBROKE_2721,81,PEMBROKE,2721,Johnnie Walker Green Label,750mL,35,59.99,2024-12-31
81_PEMBROKE_8519,81,PEMBROKE,8519,Dekuyper Orange Curacao,750mL,22,6.99,2024-12-31
77_TAMWORTH_23197,77,TAMWORTH,23197,Yellow Tail Sangria Blanco,1.5L,5,9.99,2024-12-31
79_BALLYMENA_3663,79,BALLYMENA,3663,Tarantula Azul Tequila,750mL,18,13.99,2024-12-31
77_TAMWORTH_8123,77,TAMWORTH,8123,Mouton Cadet Red Brdx,750mL,6,12.99,2024-12-31
79_BALLYMENA_4241,79,BALLYMENA,4241,Capt Morgan Spiced Rum,50mL,193,1.99,2024-12-31
76_DONCASTER_12478,76,DONCASTER,12478,Commanderie Bargmn Prov Rose,750mL,0,18.99,2024-12-31
79_BALLYMENA_46199,79,BALLYMENA,46199,Man Chenin Blanc,750mL,22,10.99,2024-12-31
79_BALLYMENA_19486,79,BALLYMENA,19486,Franciscan Equilibrium White,750mL,15,17.99,2024-12-31
81_PEMBROKE_14991,81,PEMBROKE,14991,Banshee Pnt Nr Sonoma Cnty,750mL,9,17.99,2024-12-31
77_TAMWORTH_2752,77,TAMWORTH,2752,Johnnie Walker Black Label,750mL,16,35.99,2024-12-31
81_PEMBROKE_8787,81,PEMBROKE,8787,Torresella Pinot Grigio Ven,750mL,8,13.99,2024-12-31
79_BALLYMENA_44340,79,BALLYMENA,44340,Irony Pnt Nr Monterey,750mL,18,12.99,2024-12-31
77_TAMWORTH_19645,77,TAMWORTH,19645,Line 39 Pnt Nr,750mL,30,9.99,2024-12-31
75_BARNCOMBE_5060,75,BARNCOMBE,5060,Dr McGillicuddy's Butterscth,750mL,8,13.99,2024-12-31
79_BALLYMENA_7996,79,BALLYMENA,7996,Stock Italian Sweet Vermouth,750mL,20,5.49,2024-12-31
74_PAENTMARWY_42685,74,PAENTMARWY,42685,Alto Moncayo Garnacha,750mL,28,47.99,2024-12-31
74_PAENTMARWY_20098,74,PAENTMARWY,20098,Milestone Chard,750mL,6,8.99,2024-12-31
74_PAENTMARWY_16684,74,PAENTMARWY,16684,Sokol Blosser Evolution Red,750mL,19,15.99,2024-12-31
74_PAENTMARWY_2034,74,PAENTMARWY,2034,Glendalough Double Barrel,750mL,12,27.99,2024-12-31
79_BALLYMENA_7917,79,BALLYMENA,7917,Tooters Ala-Bama Slama 15 Pk,375mL,11,8.99,2024-12-31
76_DONCASTER_13427,76,DONCASTER,13427,Liberty School Cab Svgn,1.5L,6,26.99,2024-12-31
76_DONCASTER_8118,76,DONCASTER,8118,Mr Boston Blackberry Brandy,750mL,19,5.99,2024-12-31
77_TAMWORTH_2604,77,TAMWORTH,2604,Johnnie Walker Collection 4,200mL 4 Pk,1,99.99,2024-12-31
77_TAMWORTH_3385,77,TAMWORTH,3385,Pinnacle Strawbry Kiwi Vodka,1.75L,11,15.99,2024-12-31
78_EASTHAVEN_3654,78,EASTHAVEN,3654,Patron Reposado Tequila,750mL,28,53.99,2024-12-31
79_BALLYMENA_26947,79,BALLYMENA,26947,Ferrari-Carano Merlot,750mL,12,19.99,2024-12-31
75_BARNCOMBE_19453,75,BARNCOMBE,19453,Wente Southern Hill Cab Svgn,750mL,4,13.99,2024-12-31
81_PEMBROKE_1424,81,PEMBROKE,1424,Bulleit Bourbon,375mL,16,15.99,2024-12-31
79_BALLYMENA_24606,79,BALLYMENA,24606,Fortant Cab Svgn,750mL,8,9.99,2024-12-31
74_PAENTMARWY_17754,74,PAENTMARWY,17754,Chocolate Shop Red,750mL,22,11.99,2024-12-31
79_BALLYMENA_8329,79,BALLYMENA,8329,R Mondavi Chard Pvt Sel,750mL,14,8.99,2024-12-31
79_BALLYMENA_6162,79,BALLYMENA,6162,Jadot Pouilly Fuisse,750mL,17,21.99,2024-12-31
79_BALLYMENA_27159,79,BALLYMENA,27159,Ch du Moulin Entre-Deux-Mers,750mL,21,10.99,2024-12-31
81_PEMBROKE_5872,81,PEMBROKE,5872,Godiva Chocolate Liqueur,50mL,64,2.99,2024-12-31
74_PAENTMARWY_8048,74,PAENTMARWY,8048,Coole Swan Irish Cream,750mL,43,24.99,2024-12-31
79_BALLYMENA_2446,79,BALLYMENA,2446,Nomad Outland Whiskey,750mL,2,34.99,2024-12-31
74_PAENTMARWY_40096,74,PAENTMARWY,40096,Black Box Cab Svgn,3L,37,18.99,2024-12-31
81_PEMBROKE_23514,81,PEMBROKE,23514,Plantaze Vranac ProCorde Red,750mL,12,13.49,2024-12-31
81_PEMBROKE_11456,81,PEMBROKE,11456,Burgess Cab Svgn Napa,750mL,21,34.99,2024-12-31
74_PAENTMARWY_31356,74,PAENTMARWY,31356,Justin Isosceles Paso Roble,750mL,6,79.99,2024-12-31
79_BALLYMENA_3762,79,BALLYMENA,3762,Patron Silver Tequila,50mL,90,5.99,2024-12-31
77_TAMWORTH_18107,77,TAMWORTH,18107,Barefoot Cellars Pink Moscat,750mL,11,4.99,2024-12-31
81_PEMBROKE_13081,81,PEMBROKE,13081,Dom Ferret Pouilly Fuisse,750mL,6,30.99,2024-12-31
77_TAMWORTH_3016,77,TAMWORTH,3016,Bombay Sapphire East Gin,750mL,13,19.99,2024-12-31
74_PAENTMARWY_42401,74,PAENTMARWY,42401,Grayson Cellars Chard N Cst,750mL,13,9.99,2024-12-31
78_EASTHAVEN_1868,78,EASTHAVEN,1868,Lagavulin Single Malt 16-Yr,750mL,6,69.99,2024-12-31
78_EASTHAVEN_2694,78,EASTHAVEN,2694,Glenmorangie LaSanta,750mL,10,49.99,2024-12-31
74_PAENTMARWY_16458,74,PAENTMARWY,16458,Gerard Bertrand Corbieres Ro,750mL,12,12.99,2024-12-31
81_PEMBROKE_21019,81,PEMBROKE,21019,Black Box Pnt Nr,3L,20,18.99,2024-12-31
75_BARNCOMBE_3760,75,BARNCOMBE,3760,Absolut Pears,750mL,17,17.99,2024-12-31
77_TAMWORTH_26392,77,TAMWORTH,26392,Pepperwood Grove Pnt Nr,750mL,13,7.99,2024-12-31
74_PAENTMARWY_43011,74,PAENTMARWY,43011,Anastasi Estates Dry Wh Mesn,750mL,0,11.99,2024-12-31
78_EASTHAVEN_2757,78,EASTHAVEN,2757,Johnnie Walker Red Label,1.75L,290,28.99,2024-12-31
77_TAMWORTH_19270,77,TAMWORTH,19270,Veuve Clicquot Brut Yellow,375mL,2,24.99,2024-12-31
79_BALLYMENA_5983,79,BALLYMENA,5983,Flag Hill Spiced Rum,750mL,8,29.99,2024-12-31
76_DONCASTER_36992,76,DONCASTER,36992,Duck Pond Willamette Pnt Nr,750mL,22,17.99,2024-12-31
77_TAMWORTH_1226,77,TAMWORTH,1226,Lexington Bourbon,750mL,7,23.99,2024-12-31
81_PEMBROKE_3651,81,PEMBROKE,3651,Belvedere Vodka,50mL,33,3.99,2024-12-31
76_DONCASTER_938,76,DONCASTER,938,Jack Daniels Master Dist VAP,750mL,14,29.99,2024-12-31
76_DONCASTER_2494,76,DONCASTER,2494,Crown Royal Regal Apple,1.75L,20,46.99,2024-12-31
74_PAENTMARWY_34439,74,PAENTMARWY,34439,Toad Hollow Mendocino Chard,750mL,12,15.99,2024-12-31
81_PEMBROKE_3899,81,PEMBROKE,3899,Platinum 7X Distilled Vodka,375mL,30,3.99,2024-12-31
76_DONCASTER_6368,76,DONCASTER,6368,Santa Rita 120 Merlot,750mL,22,5.99,2024-12-31
74_PAENTMARWY_24846,74,PAENTMARWY,24846,Franciscan Merlot Napa,750mL,13,18.99,2024-12-31
74_PAENTMARWY_13397,74,PAENTMARWY,13397,Dom Seguinot-Bordet Chablis,750mL,9,21.99,2024-12-31
74_PAENTMARWY_34904,74,PAENTMARWY,34904,Smoking Loon Chard,750mL,114,6.79,2024-12-31
74_PAENTMARWY_1274,74,PAENTMARWY,1274,No. 14 Bourbon,750mL,0,44.99,2024-12-31
81_PEMBROKE_3997,81,PEMBROKE,3997,Hornitos Plata Tequila,750mL,227,20.99,2024-12-31
77_TAMWORTH_5316,77,TAMWORTH,5316,Amaretto DiSaronno,50mL,31,2.29,2024-12-31
79_BALLYMENA_2151,79,BALLYMENA,2151,Bain's Cape Mountain Whisky,750mL,4,31.99,2024-12-31
79_BALLYMENA_27367,79,BALLYMENA,27367,Ch Haut Bommes Sauternes 10,375mL,10,19.99,2024-12-31
76_DONCASTER_8815,76,DONCASTER,8815,Ch Ste Michelle Chard Colmbi,750mL,86,8.99,2024-12-31
76_DONCASTER_43365,76,DONCASTER,43365,Cavit Riesling Trentino,1.5L,17,9.99,2024-12-31
81_PEMBROKE_1734,81,PEMBROKE,1734,Duggans Dew O Kirkintilloch,1.75L,15,22.99,2024-12-31
74_PAENTMARWY_8423,74,PAENTMARWY,8423,Paul Masson Wh Znfdl,1.5L,10,7.99,2024-12-31
79_BALLYMENA_5630,79,BALLYMENA,5630,Cabin Fever Maple Liqueur,750mL,14,19.99,2024-12-31
74_PAENTMARWY_19577,74,PAENTMARWY,19577,Forma de Art Red,750mL,6,14.99,2024-12-31
74_PAENTMARWY_3702,74,PAENTMARWY,3702,Kinky Vodka,50mL,0,0.99,2024-12-31
74_PAENTMARWY_19037,74,PAENTMARWY,19037,Gunsight Rock Cab Svgn,750mL,15,17.99,2024-12-31
76_DONCASTER_4722,76,DONCASTER,4722,Remy Martin VSOP Cognac,750mL,24,34.99,2024-12-31
79_BALLYMENA_38473,79,BALLYMENA,38473,Adelsheim Pnt Gris Ore,750mL,6,15.99,2024-12-31
76_DONCASTER_8728,76,DONCASTER,8728,Blue Nun Authentic White,1.5L,9,13.99,2024-12-31
78_EASTHAVEN_31231,78,EASTHAVEN,31231,Nobilo Svgn Bl MarlborougH,750mL,21,9.99,2024-12-31
76_DONCASTER_8626,76,DONCASTER,8626,Ezra Brooks,1.75L,23,15.99,2024-12-31
73_DONCASTER_45457,73,DONCASTER,45457,R Mondavi Meritage Pvt Slctn,750mL,18,8.99,2024-12-31
77_TAMWORTH_4737,77,TAMWORTH,4737,St Remy VSOP Authentic Brndy,750mL,7,10.99,2024-12-31
74_PAENTMARWY_8102,74,PAENTMARWY,8102,Absolut Mandrin,1.75L,42,24.99,2024-12-31
78_EASTHAVEN_28889,78,EASTHAVEN,28889,Peter Vella Chard Cal B/B,5L,7,15.49,2024-12-31
79_BALLYMENA_4040,79,BALLYMENA,4040,Clement Select Barrel Rhum,750mL,4,24.99,2024-12-31
81_PEMBROKE_38369,81,PEMBROKE,38369,Oyster Bay Pnt Nr Marlboro,750mL,24,14.99,2024-12-31
74_PAENTMARWY_3283,74,PAENTMARWY,3283,New Amsterdam Apple Vodka,750mL,187,8.99,2024-12-31
74_PAENTMARWY_22318,74,PAENTMARWY,22318,Lecciaia Brunello M Reserve,750mL,7,42.99,2024-12-31
79_BALLYMENA_2770,79,BALLYMENA,2770,Hudson Single Malt Whiskey,375mL,15,39.99,2024-12-31
76_DONCASTER_2026,76,DONCASTER,2026,Camarena Silver Tequila,750mL,55,18.99,2024-12-31
79_BALLYMENA_90011,79,BALLYMENA,90011,Ch Pichon Longville 12 Pauil,750mL,9,144.99,2024-12-31
76_DONCASTER_22077,76,DONCASTER,22077,C Y Toro Casa Diablo Chard,750mL,23,9.99,2024-12-31
76_DONCASTER_6593,76,DONCASTER,6593,Souverain Chard N Cst,750mL,23,9.99,2024-12-31
74_PAENTMARWY_11640,74,PAENTMARWY,11640,F Coppola Emerald Pnt Grigio,750mL,12,13.99,2024-12-31
79_BALLYMENA_3486,79,BALLYMENA,3486,Tanqueray,375mL,39,12.99,2024-12-31
76_DONCASTER_17020,76,DONCASTER,17020,Maipe Malbec Mendoza,750mL,24,10.99,2024-12-31
79_BALLYMENA_23635,79,BALLYMENA,23635,Tortoise Creek Rose le Charm,750mL,22,14.99,2024-12-31
79_BALLYMENA_39717,79,BALLYMENA,39717,Estancia Pnt Grigio Cal,750mL,9,9.99,2024-12-31
79_BALLYMENA_27799,79,BALLYMENA,27799,Ch de Sancerre Sancerre,750mL,12,29.99,2024-12-31
74_PAENTMARWY_6552,74,PAENTMARWY,6552,Harveys Bristol Cream Sherry,1.5L,38,22.99,2024-12-31
81_PEMBROKE_23235,81,PEMBROKE,23235,Mud House Svgn Bl,750mL,11,11.99,2024-12-31
76_DONCASTER_15871,76,DONCASTER,15871,Cyan Toro Zamora,750mL,4,15.99,2024-12-31
81_PEMBROKE_35999,81,PEMBROKE,35999,Fanal Madeira Full Rich,750mL,12,12.99,2024-12-31
76_DONCASTER_8464,76,DONCASTER,8464,Ch de Montfort Vouvray,750mL,9,14.99,2024-12-31
79_BALLYMENA_3709,79,BALLYMENA,3709,Aslanoff Vodka,1.75L,41,13.99,2024-12-31
77_TAMWORTH_4652,77,TAMWORTH,4652,Hennessy XO Cognac,750mL,0,159.99,2024-12-31
81_PEMBROKE_3427,81,PEMBROKE,3427,Stolichnaya Blueberi,1.75L,67,24.99,2024-12-31
81_PEMBROKE_1464,81,PEMBROKE,1464,Tin Cup Whiskey,750mL,14,24.99,2024-12-31
79_BALLYMENA_11414,79,BALLYMENA,11414,Beringer Classic Moscato,750mL,10,6.99,2024-12-31
74_PAENTMARWY_2512,74,PAENTMARWY,2512,The Macallan 12 Yr Old,375mL,15,34.99,2024-12-31
77_TAMWORTH_22079,77,TAMWORTH,22079,C Y Toro Casa Diblo Cab Svgn,750mL,20,9.99,2024-12-31
75_BARNCOMBE_11888,75,BARNCOMBE,11888,Penfolds Koonunga Hills Shir,750mL,6,14.99,2024-12-31
81_PEMBROKE_37310,81,PEMBROKE,37310,Salmon Run Coho Red NY,750mL,8,9.99,2024-12-31
78_EASTHAVEN_381,78,EASTHAVEN,381,Baileys Irish Cream w/2 Mugs,750mL,0,19.99,2024-12-31
77_TAMWORTH_7215,77,TAMWORTH,7215,Lancers Rose,750mL,4,5.99,2024-12-31
75_BARNCOMBE_565,75,BARNCOMBE,565,Bombay Dry Gin,Liter,12,22.99,2024-12-31
76_DONCASTER_6010,76,DONCASTER,6010,Schonauer Apple Liqueur,750mL,15,18.99,2024-12-31
76_DONCASTER_8480,76,DONCASTER,8480,Clan MacGregor,1.75L,35,14.99,2024-12-31
78_EASTHAVEN_889,78,EASTHAVEN,889,DeKuyper Sour Apple Pucker,Liter,1,8.99,2024-12-31
78_EASTHAVEN_10895,78,EASTHAVEN,10895,Schmitt Sohne Relax Mosel,1.5L,1,22.99,2024-12-31
76_DONCASTER_6560,76,DONCASTER,6560,Rocky Peak Hard Cinnamon,750mL,25,18.99,2024-12-31
74_PAENTMARWY_2814,74,PAENTMARWY,2814,Hudson Bay Bourbon,375mL,0,44.99,2024-12-31
78_EASTHAVEN_42764,78,EASTHAVEN,42764,14 Hands Cab Svgn Wash,750mL,45,8.99,2024-12-31
76_DONCASTER_35668,76,DONCASTER,35668,Redwood Creek Merlot Cal,1.5L,9,9.99,2024-12-31
74_PAENTMARWY_21438,74,PAENTMARWY,21438,Ch Boyd Cantenac Margaux,750mL,3,109.99,2024-12-31
79_BALLYMENA_19164,79,BALLYMENA,19164,Tracia Malbec,750mL,13,7.99,2024-12-31
81_PEMBROKE_39708,81,PEMBROKE,39708,R Mondavi Pvt Sln Pnt Grigio,750mL,68,8.99,2024-12-31
74_PAENTMARWY_1025,74,PAENTMARWY,1025,Fulton's Harvest Pumpkin Liq,750mL,2,9.99,2024-12-31
74_PAENTMARWY_14006,74,PAENTMARWY,14006,Apothic Winemakers Red Blend,750mL,172,7.99,2024-12-31
76_DONCASTER_19223,76,DONCASTER,19223,Trimbach Pnt Bl,750mL,14,12.99,2024-12-31
77_TAMWORTH_3012,77,TAMWORTH,3012,Pinnacle Vodka,50mL,107,0.99,2024-12-31
76_DONCASTER_36081,76,DONCASTER,36081,La Clarence Haut Brion 10,750mL,4,196.49,2024-12-31
75_BARNCOMBE_3462,75,BARNCOMBE,3462,Absolut Ruby Red,750mL,6,17.99,2024-12-31
77_TAMWORTH_8223,77,TAMWORTH,8223,Dom Chandon Blanc de Noir C,750mL,10,13.99,2024-12-31
81_PEMBROKE_4683,81,PEMBROKE,4683,Hennessy VS Cognac,50mL,83,3.99,2024-12-31
81_PEMBROKE_6420,81,PEMBROKE,6420,R M Woodbridge Chard Cal,750mL,82,7.99,2024-12-31
79_BALLYMENA_6952,79,BALLYMENA,6952,Marie Brizard Cassis d Dijon,750mL,11,19.99,2024-12-31
75_BARNCOMBE_38546,75,BARNCOMBE,38546,Mark West Pnt Nr Sonoma,750mL,20,9.99,2024-12-31
76_DONCASTER_2017,76,DONCASTER,2017,Redbreast Irish Whiskey,750mL,24,64.99,2024-12-31
76_DONCASTER_2936,76,DONCASTER,2936,Abraham Bowman Ltd Edition,750mL,6,69.99,2024-12-31
76_DONCASTER_24592,76,DONCASTER,24592,Vendange Cab Svgn,1.5L,17,7.99,2024-12-31
76_DONCASTER_16175,76,DONCASTER,16175,The Naked Grape Moscato,750mL,16,5.99,2024-12-31
79_BALLYMENA_2169,79,BALLYMENA,2169,Olmeca Altos Plata Tequila,50mL,120,1.99,2024-12-31
74_PAENTMARWY_2241,74,PAENTMARWY,2241,Death's Door Gin,750mL,10,25.99,2024-12-31
76_DONCASTER_18585,76,DONCASTER,18585,James L'Escargot Svgn Blanc,750mL,7,14.99,2024-12-31
81_PEMBROKE_23848,81,PEMBROKE,23848,Dom Cherrier Sancerre,750mL,15,15.99,2024-12-31
75_BARNCOMBE_539,75,BARNCOMBE,539,Bowman's Vodka,Liter,24,5.79,2024-12-31
81_PEMBROKE_2270,81,PEMBROKE,2270,Laphroaig Triple Wood,750mL,11,74.99,2024-12-31
76_DONCASTER_41712,76,DONCASTER,41712,Fish Eye Chard,750mL,14,5.99,2024-12-31
81_PEMBROKE_3443,81,PEMBROKE,3443,Stolichnaya,375mL,50,8.99,2024-12-31
74_PAENTMARWY_26501,74,PAENTMARWY,26501,Rodney Strong Knotty Vn Znfl,750mL,50,15.99,2024-12-31
76_DONCASTER_11396,76,DONCASTER,11396,Buried Cane Cab Svgn,750mL,13,13.99,2024-12-31
75_BARNCOMBE_8922,75,BARNCOMBE,8922,Taylor Lake Country Red,3L,5,7.99,2024-12-31
81_PEMBROKE_6553,81,PEMBROKE,6553,Harveys Bristol Cream Sherry,750mL,16,13.99,2024-12-31
76_DONCASTER_1984,76,DONCASTER,1984,Nikka Taketsuru 17 Yr Whisky,750mL,5,169.99,2024-12-31
75_BARNCOMBE_547,75,BARNCOMBE,547,DeKuyper Buttershots,Liter,1,12.99,2024-12-31
81_PEMBROKE_8482,81,PEMBROKE,8482,Cabot Trail Cana Cream Maple,750mL,16,17.99,2024-12-31
74_PAENTMARWY_25730,74,PAENTMARWY,25730,Chappellet Chard Napa,750mL,11,29.99,2024-12-31
73_DONCASTER_46023,73,DONCASTER,46023,Spellbound Petite Sirah Cal,750mL,36,13.99,2024-12-31
75_BARNCOMBE_2890,75,BARNCOMBE,2890,Four Roses Bourbon,750mL,3,27.99,2024-12-31
74_PAENTMARWY_5893,74,PAENTMARWY,5893,Ole Smoky Wh Lightin'Moonshn,50mL,77,1.99,2024-12-31
81_PEMBROKE_5689,81,PEMBROKE,5689,Villa Massa Limoncello,750mL,8,16.99,2024-12-31
81_PEMBROKE_23114,81,PEMBROKE,23114,Patz & Hall Pnt Nr Sonoma Cs,750mL,12,39.99,2024-12-31
78_EASTHAVEN_5489,78,EASTHAVEN,5489,DeKuyper Hot Damn Cinnamon,750mL,10,10.99,2024-12-31
77_TAMWORTH_2121,77,TAMWORTH,2121,Canadian Club Traveler,750mL,15,10.99,2024-12-31
79_BALLYMENA_38668,79,BALLYMENA,38668,Mumm Napa Cuvee M Sparkling,750mL,7,15.99,2024-12-31
74_PAENTMARWY_77,74,PAENTMARWY,77,Three Olives Espresso Vodka,750mL,67,14.99,2024-12-31
81_PEMBROKE_1358,81,PEMBROKE,1358,Knob Creek Bourbon,1.75L,8,59.99,2024-12-31
81_PEMBROKE_4702,81,PEMBROKE,4702,Metaxa Amphora,750mL,6,22.99,2024-12-31
81_PEMBROKE_16129,81,PEMBROKE,16129,Pol Roger Brut,750mL,34,35.99,2024-12-31
74_PAENTMARWY_15058,74,PAENTMARWY,15058,Cono Sur Organic Svgn Bl,750mL,11,9.99,2024-12-31
78_EASTHAVEN_2580,78,EASTHAVEN,2580,Barr Hill Gin,750mL,3,34.99,2024-12-31
78_EASTHAVEN_6980,78,EASTHAVEN,6980,Midnight Moon Blueberry,750mL,6,19.99,2024-12-31
77_TAMWORTH_39523,77,TAMWORTH,39523,Cloudy Bay Svgn Bl Marlboro,750mL,10,24.99,2024-12-31
79_BALLYMENA_6156,79,BALLYMENA,6156,Cinnabon Cinnamon Liqueur,750mL,5,19.99,2024-12-31
79_BALLYMENA_3834,79,BALLYMENA,3834,Skyy Vodka,750mL,34,12.99,2024-12-31
79_BALLYMENA_2100,79,BALLYMENA,2100,Canadian Regal,1.75L,28,9.99,2024-12-31
76_DONCASTER_585,76,DONCASTER,585,1800 Reposado Gold Tequila,Liter,17,29.99,2024-12-31
76_DONCASTER_39219,76,DONCASTER,39219,Masi Masianco Pnt Grg/Verd,750mL,13,14.99,2024-12-31
77_TAMWORTH_8737,77,TAMWORTH,8737,Freixenet Cordon Negro Brut,750mL,9,11.99,2024-12-31
79_BALLYMENA_6523,79,BALLYMENA,6523,Franzia Burgundy Tap Red,5L,12,17.99,2024-12-31
76_DONCASTER_19126,76,DONCASTER,19126,Delas Cotes du Rhone,750mL,16,12.99,2024-12-31
76_DONCASTER_26224,76,DONCASTER,26224,Jarvis Chard Estate Napa,750mL,1,59.99,2024-12-31
76_DONCASTER_41537,76,DONCASTER,41537,Mer Soleil Chard Central Cst,750mL,23,27.99,2024-12-31
74_PAENTMARWY_43777,74,PAENTMARWY,43777,Ben Marco Cab Svgn,750mL,14,17.99,2024-12-31
75_BARNCOMBE_26236,75,BARNCOMBE,26236,Marques de Caceres Rose,750mL,4,8.99,2024-12-31
76_DONCASTER_6224,76,DONCASTER,6224,La Belle Orange Liqueur,750mL,13,16.99,2024-12-31
79_BALLYMENA_26462,79,BALLYMENA,26462,Ravenswood Znfdl Sonoma,750mL,13,16.99,2024-12-31
73_DONCASTER_46297,73,DONCASTER,46297,Intorcia Marsala Dry,Liter,12,11.99,2024-12-31
76_DONCASTER_39981,76,DONCASTER,39981,Little Penguin Merlot Ausl,1.5L,16,11.99,2024-12-31
79_BALLYMENA_3489,79,BALLYMENA,3489,Tanqueray,1.75L,227,27.99,2024-12-31
79_BALLYMENA_17176,79,BALLYMENA,17176,Beringer Classic Chard,1.5L,13,7.99,2024-12-31
74_PAENTMARWY_3486,74,PAENTMARWY,3486,Tanqueray,375mL,43,12.99,2024-12-31
81_PEMBROKE_1535,81,PEMBROKE,1535,Gentleman Jack,50mL,73,3.99,2024-12-31
74_PAENTMARWY_1133,74,PAENTMARWY,1133,Glenmorangie Collection 4 Pk,100mL 4 Pk,0,31.99,2024-12-31
76_DONCASTER_16996,76,DONCASTER,16996,LaBelle Winery Americus,750mL,15,19.99,2024-12-31
76_DONCASTER_4697,76,DONCASTER,4697,Courvoisier 21 Yr Cognac,750mL,10,249.99,2024-12-31
76_DONCASTER_29616,76,DONCASTER,29616,Kermit Lynch Cotes du Rhone,750mL,18,13.99,2024-12-31
77_TAMWORTH_8063,77,TAMWORTH,8063,Absolut Pears,50mL,0,1.99,2024-12-31
81_PEMBROKE_4734,81,PEMBROKE,4734,Capt Morgan Cannon Blast,750mL,27,14.99,2024-12-31
79_BALLYMENA_28162,79,BALLYMENA,28162,Villa Maria Chard NZ,750mL,20,12.99,2024-12-31
81_PEMBROKE_26431,81,PEMBROKE,26431,Harken Chard,750mL,10,13.99,2024-12-31
79_BALLYMENA_2595,79,BALLYMENA,2595,Clontarf Irish Whiskey,750mL,13,16.99,2024-12-31
76_DONCASTER_555,76,DONCASTER,555,Art In The Age Sage,750mL,9,32.99,2024-12-31
81_PEMBROKE_8458,81,PEMBROKE,8458,Agave Underground Tequila,750mL,10,34.99,2024-12-31
77_TAMWORTH_4254,77,TAMWORTH,4254,Remy Martin 1738 Accord Royl,375mL,3,24.99,2024-12-31
81_PEMBROKE_17188,81,PEMBROKE,17188,The Messenger Telegram Red 1,750mL,9,16.99,2024-12-31
74_PAENTMARWY_46141,74,PAENTMARWY,46141,Spy Valley Pnt Nr Marlboro,750mL,9,21.99,2024-12-31
79_BALLYMENA_13141,79,BALLYMENA,13141,Noble Vines 181 Merlot Lodi,750mL,10,9.99,2024-12-31
81_PEMBROKE_20398,81,PEMBROKE,20398,I Lauri Bajo Montepul d'Abru,750mL,7,8.99,2024-12-31
79_BALLYMENA_7716,79,BALLYMENA,7716,Andre Brut,750mL,21,5.49,2024-12-31
77_TAMWORTH_4228,77,TAMWORTH,4228,Bacardi 8,750mL,8,19.99,2024-12-31
79_BALLYMENA_9116,79,BALLYMENA,9116,KAH Tequila 3/50mLs Pak,50mL 3 Pk,47,24.99,2024-12-31
74_PAENTMARWY_30602,74,PAENTMARWY,30602,Zardetto Prosecco Conegliano,750mL,26,12.99,2024-12-31
75_BARNCOMBE_25876,75,BARNCOMBE,25876,The Dreaming Tree Svgn Bl,750mL,4,12.99,2024-12-31
79_BALLYMENA_8627,79,BALLYMENA,8627,Jadot Beaujolais Villages,750mL,7,7.98,2024-12-31
76_DONCASTER_26105,76,DONCASTER,26105,Spottswoode Svgn Bl Napa Vly,750mL,6,35.99,2024-12-31
77_TAMWORTH_35666,77,TAMWORTH,35666,Redwood Creek Chard Cal,1.5L,5,9.99,2024-12-31
74_PAENTMARWY_25817,74,PAENTMARWY,25817,Guigal Chtnf du Pape,750mL,11,49.99,2024-12-31
81_PEMBROKE_3102,81,PEMBROKE,3102,Smirnoff Traveler,1.75L,199,16.99,2024-12-31
78_EASTHAVEN_6869,78,EASTHAVEN,6869,Benziger Chard,750mL,11,10.99,2024-12-31
75_BARNCOMBE_4268,75,BARNCOMBE,4268,Capt Morgan Private Stock,750mL,16,22.99,2024-12-31
81_PEMBROKE_43308,81,PEMBROKE,43308,Penfolds Koonunga Hil Shiraz,750mL,3,14.99,2024-12-31
77_TAMWORTH_2767,77,TAMWORTH,2767,Johnnie Walker Blue Label,750mL,7,191.99,2024-12-31
74_PAENTMARWY_36284,74,PAENTMARWY,36284,Gruet Brut New Mexico,750mL,35,16.99,2024-12-31
76_DONCASTER_1955,76,DONCASTER,1955,Jack Daniels Tennessee Honey,375mL,37,10.99,2024-12-31
76_DONCASTER_2794,76,DONCASTER,2794,Bird Dog Bourbon,750mL,0,17.99,2024-12-31
81_PEMBROKE_21325,81,PEMBROKE,21325,Kim Crawford Pnt Gr Homstead,750mL,9,29.99,2024-12-31
76_DONCASTER_26258,76,DONCASTER,26258,Ornellaia Bolgheri 13,750mL,6,199.99,2024-12-31
81_PEMBROKE_21849,81,PEMBROKE,21849,Attems Pnt Grigio Ramato,750mL,8,16.99,2024-12-31
74_PAENTMARWY_26497,74,PAENTMARWY,26497,Ch Ste Michelle Canoe Rdg Me,750mL,0,17.99,2024-12-31
74_PAENTMARWY_4224,74,PAENTMARWY,4224,Goslings Black Seal Rum 80,750mL,22,15.99,2024-12-31
75_BARNCOMBE_6967,75,BARNCOMBE,6967,Santa Margherita Pnt Grigio,750mL,40,19.99,2024-12-31
77_TAMWORTH_3142,77,TAMWORTH,3142,Smirnoff Sourced Cran/Apple,50mL,6,0.99,2024-12-31
74_PAENTMARWY_27143,74,PAENTMARWY,27143,Bouchaine Chard Carneros,750mL,98,17.99,2024-12-31
79_BALLYMENA_11310,79,BALLYMENA,11310,Beaulieu Tapestry Rsv Napa,750mL,7,66.99,2024-12-31
76_DONCASTER_4181,76,DONCASTER,4181,Calypso Spiced Rum,1.75L,24,10.99,2024-12-31
74_PAENTMARWY_1984,74,PAENTMARWY,1984,Nikka Taketsuru 17 Yr Whisky,750mL,6,169.99,2024-12-31
81_PEMBROKE_12227,81,PEMBROKE,12227,Korbel Sweet Rose,750mL,38,12.99,2024-12-31
81_PEMBROKE_22934,81,PEMBROKE,22934,Carol Shelton Rocky Rsv Znfd,750mL,1,32.99,2024-12-31
76_DONCASTER_854,76,DONCASTER,854,Seagrams VO Canadian Whiskey,Liter,10,15.99,2024-12-31
79_BALLYMENA_3566,79,BALLYMENA,3566,Pinnacle Raspberry,50mL,176,0.99,2024-12-31
76_DONCASTER_7413,76,DONCASTER,7413,Manischewitz Blackberry Kshr,1.5L,7,7.99,2024-12-31
79_BALLYMENA_21194,79,BALLYMENA,21194,Paul Hobbs Beckstoffer Cab S,750mL,6,425.99,2024-12-31
76_DONCASTER_22298,76,DONCASTER,22298,Zorvino Vyds Sangiovese,750mL,20,12.49,2024-12-31
76_DONCASTER_3614,76,DONCASTER,3614,Finlandia Vodka,1.75L,47,19.99,2024-12-31
76_DONCASTER_9160,76,DONCASTER,9160,Deep Eddy Peach Vodka,50mL,106,0.99,2024-12-31
76_DONCASTER_16826,76,DONCASTER,16826,Simply Naked Unoaked Svgn Bl,750mL,23,8.99,2024-12-31
81_PEMBROKE_233,81,PEMBROKE,233,Tullamore Dew 12 Yr Old,750mL,8,42.99,2024-12-31
76_DONCASTER_2676,76,DONCASTER,2676,Grand MacNish,1.75L,18,14.99,2024-12-31
81_PEMBROKE_39599,81,PEMBROKE,39599,R M Woodbridge Chard Cal,187mL 4 Pk,18,6.99,2024-12-31
81_PEMBROKE_4040,81,PEMBROKE,4040,Clement Select Barrel Rhum,750mL,10,24.99,2024-12-31
74_PAENTMARWY_13487,74,PAENTMARWY,13487,Brancaia Tre Rosso Toscana,750mL,8,17.99,2024-12-31
79_BALLYMENA_44719,79,BALLYMENA,44719,Cavit Prosecco Lunetta,750mL,3,9.99,2024-12-31
74_PAENTMARWY_7982,74,PAENTMARWY,7982,M & R Sweet Vermouth,750mL,33,7.49,2024-12-31
74_PAENTMARWY_3100,74,PAENTMARWY,3100,Ciroc Red Berry Vodka,1.75L,25,48.99,2024-12-31
76_DONCASTER_2638,76,DONCASTER,2638,Bowmore Islay 18-Yr Sgl Malt,750mL,13,129.99,2024-12-31
77_TAMWORTH_7680,77,TAMWORTH,7680,Viniq Shimmery Glow,750mL,4,17.99,2024-12-31
76_DONCASTER_17500,76,DONCASTER,17500,Hob Nob Wicked Red,750mL,14,9.99,2024-12-31
81_PEMBROKE_4366,81,PEMBROKE,4366,Kraken Black Rum 70 Proof,750mL,15,17.99,2024-12-31
81_PEMBROKE_33672,81,PEMBROKE,33672,Toasted Head Merlot Cal,750mL,15,10.99,2024-12-31
76_DONCASTER_36138,76,DONCASTER,36138,Renzo Masi Chianti Rufina,750mL,17,10.99,2024-12-31
76_DONCASTER_11240,76,DONCASTER,11240,Willamette Rsl Valley Oregon,750mL,15,13.99,2024-12-31
81_PEMBROKE_3883,81,PEMBROKE,3883,Hornitos Lime Shot Tequila,750mL,13,22.99,2024-12-31
73_DONCASTER_43737,73,DONCASTER,43737,Menage a Trois Rose Blend,750mL,9,8.99,2024-12-31
76_DONCASTER_2933,76,DONCASTER,2933,Aultmore 12 Yr Scotch,750mL,0,48.99,2024-12-31
76_DONCASTER_3512,76,DONCASTER,3512,Pinnacle Vodka,1.75L,344,15.99,2024-12-31
77_TAMWORTH_2054,77,TAMWORTH,2054,Johnnie Walker Select Casks,750mL,0,43.99,2024-12-31
77_TAMWORTH_4269,77,TAMWORTH,4269,Calico Jack Spiced Rum,1.75L,15,11.99,2024-12-31
79_BALLYMENA_8725,79,BALLYMENA,8725,Chambord Royale de France,375mL,9,15.99,2024-12-31
81_PEMBROKE_20152,81,PEMBROKE,20152,La Cote Blanche Mcon V Chard,750mL,10,13.99,2024-12-31
75_BARNCOMBE_2532,75,BARNCOMBE,2532,The Macallan 12 Yr Old,1.75L,5,146.99,2024-12-31
75_BARNCOMBE_5539,75,BARNCOMBE,5539,DeKuyper Hot Damn 100*,750mL,13,10.99,2024-12-31
75_BARNCOMBE_4075,75,BARNCOMBE,4075,Bacardi Pineapple Fusion,1.75L,8,19.99,2024-12-31
76_DONCASTER_16829,76,DONCASTER,16829,C Y Toro Gran Reserva Cab Sv,750mL,18,13.99,2024-12-31
81_PEMBROKE_40175,81,PEMBROKE,40175,M & R Asti 4 Pak,187mL 4 Pk,29,11.99,2024-12-31
74_PAENTMARWY_4798,74,PAENTMARWY,4798,Sambuca Romana Liqueur,50mL,293,1.99,2024-12-31
74_PAENTMARWY_2844,74,PAENTMARWY,2844,Diplome Dry Gin,750mL,11,25.99,2024-12-31
74_PAENTMARWY_2897,74,PAENTMARWY,2897,Haig Club Scotch,750mL,11,49.99,2024-12-31
81_PEMBROKE_13836,81,PEMBROKE,13836,R Mondavi Private Sel Pnt Nr,1.5L,15,20.99,2024-12-31
74_PAENTMARWY_27802,74,PAENTMARWY,27802,Moet & Chandon Imperial,375mL,12,24.49,2024-12-31
74_PAENTMARWY_40097,74,PAENTMARWY,40097,Black Box Chard,3L,29,18.99,2024-12-31
81_PEMBROKE_21443,81,PEMBROKE,21443,Ch L'Englise Clinet St Emiln,750mL,3,157.99,2024-12-31
