InventoryId,Store,Brand,Description,Size,SalesQuantity,SalesDollars,SalesPrice,SalesDate,Volume,Classification,ExciseTax,VendorNo,VendorName
14_BROMWICH_34134,14,34134,Turning Leaf RSV Chard Cal,1.5L,2,21.98,10.99,2024-10-12,1500.0,2,0.45,3252,E & J GALLO WINERY         
42_BLACK HOLLOW_3329,42,3329,Seagrams Extra Smooth Vodka,1.75L,1,15.99,15.99,2024-04-20,1750.0,1,1.84,9165,ULTRA BEVERAGE COMPANY LLP 
35_HALIVAARA_45322,35,45322,Zabrin de Fuego Garnacha,750mL,1,6.99,6.99,2024-09-09,750.0,2,0.11,9552,M S WALKER INC             
56_BEGGAR'S HOLE_2598,56,2598,Firefly Apple Pie Moonshine,750mL,1,16.99,16.99,2024-11-23,750.0,1,0.79,8004,SAZERAC CO INC             
68_SOLARIS_4243,68,4243,Bacardi Superior Rum,1.75L,5,119.95,23.99,2024-05-21,1750.0,1,9.19,480,BACARDI USA INC            
9_BLACKPOOL_8819,9,8819,Leroux Blackberry Brandy,750mL,2,13.98,6.99,2024-12-23,750.0,1,1.57,12546,JIM BEAM BRANDS COMPANY    
47_PELLA'S WISH_904,47,904,Malibu Rum,Liter,1,16.99,16.99,2024-06-09,1000.0,1,1.05,17035,PERNOD RICARD USA          
20_BREDWARDINE_8612,20,8612,Grand Marnier,1.75L,1,59.99,59.99,2024-06-15,1750.0,1,1.84,8112,MOET HENNESSY USA INC      
44_PORTHCRAWL_10626,44,10626,MezzaCorona Pnt Nr,1.5L,1,10.99,10.99,2024-01-24,1500.0,2,0.22,9165,ULTRA BEVERAGE COMPANY LLP 
74_PAENTMARWY_5735,74,5735,Malibu Rum,750mL,3,35.97,11.99,2024-07-17,750.0,1,2.36,17035,PERNOD RICARD USA          
75_BARNCOMBE_2665,75,2665,Dewars White Label,750mL,1,19.99,19.99,2024-09-13,750.0,1,0.79,480,BACARDI USA INC            
27_MOUNTMEND_3876,27,3876,Smirnoff 80 Proof,1.75L,6,119.94,19.99,2024-03-26,1750.0,1,11.02,3960,DIAGEO NORTH AMERICA INC   
23_ARBINGTON_42766,23,42766,14 Hands Merlot Wash,750mL,3,35.97,11.99,2024-05-15,750.0,2,0.34,8673,STE MICHELLE WINE ESTATES  
37_PAETHSMOUTH_26463,37,26463,Ravenswood Vints Blend Znfdl,750mL,1,6.79,6.79,2024-09-22,750.0,2,0.11,1392,CONSTELLATION BRANDS INC   
65_LUTON_5491,65,5491,Rumpleminze,50mL,5,9.95,1.99,2024-11-15,50.0,1,0.26,3960,DIAGEO NORTH AMERICA INC   
68_SOLARIS_5707,68,5707,Art in the Age Rhubarb Tea,750mL,1,32.99,32.99,2024-07-09,750.0,1,0.79,3664,WILLIAM GRANT & SONS INC   
60_IRRAGIN_2054,60,2054,Johnnie Walker Select Casks,750mL,1,43.99,43.99,2024-05-30,750.0,1,0.79,3960,DIAGEO NORTH AMERICA INC   
39_EASTHALLOW_3012,39,3012,Pinnacle Vodka,50mL,1,0.99,0.99,2024-11-07,50.0,1,0.05,12546,JIM BEAM BRANDS COMPANY    
48_NORFOLK_3791,48,3791,Jose Cuervo Especial Silver,375mL,1,10.99,10.99,2024-12-19,375.0,1,0.39,7245,PROXIMO SPIRITS INC.       
74_PAENTMARWY_3919,74,3919,Hornitos Reposado Tequila,375mL,2,22.98,11.49,2024-07-02,375.0,1,0.79,12546,JIM BEAM BRANDS COMPANY    
64_CESTERFIELD_2443,64,2443,Seagrams VO,1.75L,1,16.99,16.99,2024-07-24,1750.0,1,1.84,3960,DIAGEO NORTH AMERICA INC   
46_TYWARDREATH_3405,46,3405,Tito's Handmade Vodka,1.75L,3,89.97,29.99,2024-06-12,1750.0,1,5.51,4425,MARTIGNETTI COMPANIES
44_PORTHCRAWL_4413,44,4413,Casamigos Blanco,50mL,2,3.98,1.99,2024-06-17,50.0,1,0.1,6213,MHW LTD                    
27_MOUNTMEND_24002,27,24002,Corbett Canyon Chard,1.5L,3,20.97,6.99,2024-09-16,1500.0,2,0.68,9815,WINE GROUP INC             
34_PITMERDEN_11089,34,11089,Jaboulet Cts Rhone Parl Rose,750mL,1,12.99,12.99,2024-10-12,750.0,2,0.11,10754,PERFECTA WINES             
62_KILMARNOCK_3683,62,3683,Stolichnaya Ohranj,750mL,2,39.98,19.99,2024-02-27,750.0,1,1.57,8664,"STOLI GROUP,(USA) LLC      "
2_ASHBORNE_4153,2,4153,Jenkins Rum,1.75L,1,11.99,11.99,2024-11-15,1750.0,1,1.84,9552,M S WALKER INC             
74_PAENTMARWY_1396,74,1396,Old Crow,1.75L,1,15.99,15.99,2024-07-17,1750.0,1,1.84,12546,JIM BEAM BRANDS COMPANY    
50_MOUNTMEND_32648,50,32648,Beringer Classic Wh Znfdl,1.5L,1,12.99,12.99,2024-01-15,1500.0,2,0.22,9819,TREASURY WINE ESTATES      
14_BROMWICH_25870,14,25870,Man Svgn Bl,750mL,1,6.99,6.99,2024-07-30,750.0,2,0.11,1587,VINEYARD BRANDS INC        
30_CULCHETH_25831,30,25831,Dry Creek Chenin Blanc Dry,750mL,2,23.98,11.99,2024-07-16,750.0,2,0.22,7153,PINE STATE TRADING CO      
8_ALNERWICK_39335,8,39335,Phillips Seven Deadly Znfdl,750mL,3,41.97,13.99,2024-11-11,750.0,2,0.34,4425,MARTIGNETTI COMPANIES
74_PAENTMARWY_3529,74,3529,U V Vodka,1.75L,1,17.99,17.99,2024-10-05,1750.0,1,1.84,9206,PHILLIPS PRODUCTS CO.      
38_GOULCREST_18381,38,18381,Block Nine Caiden Vyd Pnt Nr,750mL,6,77.94,12.99,2024-03-02,750.0,2,0.68,9552,M S WALKER INC             
55_DRY GULCH_24151,55,24151,Mas Janeil Cotes Roussillon,750mL,1,10.99,10.99,2024-02-13,750.0,2,0.11,9165,ULTRA BEVERAGE COMPANY LLP 
10_HORNSEY_2114,10,2114,Black Velvet Canadian Whisky,1.75L,3,38.97,12.99,2024-06-02,1750.0,1,5.51,1392,CONSTELLATION BRANDS INC   
17_OLDHAM_1281,17,1281,Benchmark Old #8 Bourbon,1.75L,1,14.99,14.99,2024-03-16,1750.0,1,1.84,8004,SAZERAC CO INC             
19_WINTERVALE_38181,19,38181,Rex Goliath Pnt Nr,750mL,1,7.99,7.99,2024-04-15,750.0,2,0.11,1392,CONSTELLATION BRANDS INC   
25_CAERSHIRE_7130,25,7130,Smirnoff Green Apple Vodka,1.75L,1,19.99,19.99,2024-05-19,1750.0,1,1.84,3960,DIAGEO NORTH AMERICA INC   
74_PAENTMARWY_3754,74,3754,Smirnoff Blueberry Vodka,750mL,5,54.95,10.99,2024-09-17,750.0,1,3.94,3960,DIAGEO NORTH AMERICA INC   
11_CARDEND_1376,11,1376,Jim Beam,1.75L,2,51.98,25.99,2024-02-20,1750.0,1,3.67,12546,JIM BEAM BRANDS COMPANY    
14_BROMWICH_4385,14,4385,Parrot Bay 90 Coconut Capt,1.75L,1,24.99,24.99,2024-10-12,1750.0,1,1.84,3960,DIAGEO NORTH AMERICA INC   
58_HARTLEPOOL_12111,58,12111,LaBelle Winery Cranberry,750mL,1,15.99,15.99,2024-03-19,750.0,2,0.11,90032,LABELLE VYDS AND WINERY    
15_WANBORNE_8123,15,8123,Mouton Cadet Red Brdx,750mL,2,25.98,12.99,2024-09-27,750.0,2,0.22,1392,CONSTELLATION BRANDS INC   
56_BEGGAR'S HOLE_25211,56,25211,Ch de Carles Brdx,750mL,2,25.98,12.99,2024-02-16,750.0,2,0.22,1590,DIAGEO CHATEAU ESTATE WINES
55_DRY GULCH_3389,55,3389,Seagrams Extra Dry Gin,1.75L,1,16.99,16.99,2024-11-03,1750.0,1,1.84,17035,PERNOD RICARD USA          
39_EASTHALLOW_5101,39,5101,Dr McGillicuddy's Mentholmnt,750mL,1,15.99,15.99,2024-11-30,750.0,1,0.79,8004,SAZERAC CO INC             
72_HARDERSFIELD_3388,72,3388,Seagrams Extra Dry Gin,750mL,1,9.99,9.99,2024-09-09,750.0,1,0.79,17035,PERNOD RICARD USA          
69_MOUNTMEND_39411,69,39411,Mirassou Chard Cntrl Coast,750mL,1,9.99,9.99,2024-08-14,750.0,2,0.11,3252,E & J GALLO WINERY         
53_HILLFAR_126,53,126,Grey Goose Vodka,Liter,2,65.98,32.99,2024-02-06,1000.0,1,2.1,480,BACARDI USA INC            
34_PITMERDEN_43809,34,43809,R M Woodbridge Pnt Nr,1.5L,31,278.69,8.99,2024-03-26,1500.0,2,6.97,1392,CONSTELLATION BRANDS INC   
5_SUTTON_3802,5,3802,Three Olives Vodka,1.75L,4,71.96,17.99,2024-03-10,1750.0,1,7.35,7245,PROXIMO SPIRITS INC.       
48_NORFOLK_8680,48,8680,Crown Royal,1.75L,4,167.96,41.99,2024-02-12,1750.0,1,7.35,3960,DIAGEO NORTH AMERICA INC   
32_MOUNTMEND_6499,32,6499,Kinky Liqueur,750mL,1,17.99,17.99,2024-05-28,750.0,1,0.79,7153,PINE STATE TRADING CO      
66_EANVERNESS_21849,66,21849,Attems Pnt Grigio Ramato,750mL,10,159.9,15.99,2024-07-19,750.0,2,1.12,9165,ULTRA BEVERAGE COMPANY LLP 
6_GOULCREST_8961,6,8961,Jose Cuervo Especial,50mL,4,5.96,1.49,2024-05-28,50.0,1,0.21,7245,PROXIMO SPIRITS INC.       
5_SUTTON_4194,5,4194,Calico Jack Coconut Rum,1.75L,2,25.98,12.99,2024-03-26,1750.0,1,3.67,12546,JIM BEAM BRANDS COMPANY    
18_FURNESS_5251,18,5251,DeKuyper Buttershots Schnpps,50mL,4,3.96,0.99,2024-07-23,50.0,1,0.21,12546,JIM BEAM BRANDS COMPANY    
51_ABERDEEN_6967,51,6967,Santa Margherita Pnt Grigio,750mL,2,39.98,19.99,2024-02-11,750.0,2,0.22,4425,MARTIGNETTI COMPANIES
15_WANBORNE_8898,15,8898,Yukon Jack,1.75L,1,25.99,25.99,2024-11-20,1750.0,1,1.84,3960,DIAGEO NORTH AMERICA INC   
15_WANBORNE_173,15,173,Hornitos Reposado VAP,750mL,1,20.99,20.99,2024-05-08,750.0,1,0.79,12546,JIM BEAM BRANDS COMPANY    
76_DONCASTER_4344,76,4344,Calypso Silver Rum,1.75L,2,23.98,11.99,2024-09-18,1750.0,1,3.67,660,SAZERAC NORTH AMERICA INC. 
21_BALERNO_32988,21,32988,Barefoot Cab Svgn Cal,750mL,1,6.29,6.29,2024-03-21,750.0,2,0.11,3252,E & J GALLO WINERY         
62_KILMARNOCK_3851,62,3851,Grey Goose Vodka,375mL,1,15.99,15.99,2024-08-08,375.0,1,0.39,480,BACARDI USA INC            
20_BREDWARDINE_7224,20,7224,Jagermeister Spice,750mL,1,8.99,8.99,2024-11-11,750.0,1,0.79,3089,SIDNEY FRANK IMPORTING CO  
57_LANTEGLOS_3436,57,3436,Bombay Dry Gin,1.75L,1,28.99,28.99,2024-04-04,1750.0,1,1.84,480,BACARDI USA INC            
41_LARNWICK_1121,41,1121,Old St Andrews Tumbler Pack,50mL,2,7.98,3.99,2024-12-18,50.0,1,0.1,6355,NICHE W & S                
8_ALNERWICK_8626,8,8626,Ezra Brooks,1.75L,1,15.99,15.99,2024-07-10,1750.0,1,1.84,8352,LUXCO INC                  
23_ARBINGTON_1744,23,1744,Old Forester 100 Bourbon,750mL,1,21.99,21.99,2024-12-22,750.0,1,0.79,1128,BROWN-FORMAN CORP          
38_GOULCREST_42765,38,42765,14 Hands Chard Wash,750mL,1,9.99,9.99,2024-08-10,750.0,2,0.11,8673,STE MICHELLE WINE ESTATES  
77_TAMWORTH_114,77,114,Mr Boston Creme de Banana,Liter,1,6.49,6.49,2024-08-05,1000.0,1,1.05,660,SAZERAC NORTH AMERICA INC. 
1_HARDERSFIELD_3997,1,3997,Hornitos Plata Tequila,750mL,1,20.99,20.99,2024-10-15,750.0,1,0.79,12546,JIM BEAM BRANDS COMPANY    
44_PORTHCRAWL_3020,44,3020,Pinnacle Blueberry Vodka,750mL,1,9.99,9.99,2024-03-26,750.0,1,0.79,12546,JIM BEAM BRANDS COMPANY    
67_EANVERNESS_11366,67,11366,Two Oceans WestrnCape Shiraz,750mL,8,71.92,8.99,2024-07-23,750.0,2,0.9,9165,ULTRA BEVERAGE COMPANY LLP 
44_PORTHCRAWL_3876,44,3876,Smirnoff 80 Proof,1.75L,4,67.96,16.99,2024-12-06,1750.0,1,7.35,3960,DIAGEO NORTH AMERICA INC   
1_HARDERSFIELD_5215,1,5215,TGI Fridays Long Island Iced,1.75L,1,12.99,12.99,2024-07-11,1750.0,1,1.84,4466,AMERICAN VINTAGE BEVERAGE  
34_PITMERDEN_29461,34,29461,Sandeman Character Sherry,750mL,1,8.99,8.99,2024-10-29,750.0,2,0.11,17035,PERNOD RICARD USA          
34_PITMERDEN_508,34,508,Bacardi Superior Rum,Liter,4,51.96,12.99,2024-11-21,1000.0,1,4.2,480,BACARDI USA INC            
72_HARDERSFIELD_8111,72,8111,Smirnoff 80 Proof,50mL,25,24.75,0.99,2024-12-09,50.0,1,1.31,3960,DIAGEO NORTH AMERICA INC   
17_OLDHAM_3502,17,3502,Pinnacle Vodka,750mL,1,10.99,10.99,2024-04-12,750.0,1,0.79,12546,JIM BEAM BRANDS COMPANY    
55_DRY GULCH_6967,55,6967,Santa Margherita Pnt Grigio,750mL,4,84.44,21.11,2024-09-16,750.0,2,0.45,4425,MARTIGNETTI COMPANIES
61_AETHELNEY_28947,61,28947,R M Woodbridge Merlot Cal,1.5L,2,23.98,11.99,2024-02-19,1500.0,2,0.45,1392,CONSTELLATION BRANDS INC   
60_IRRAGIN_5616,60,5616,Emmets Irish Cream,1.75L,2,39.98,19.99,2024-10-15,1750.0,1,3.67,3960,DIAGEO NORTH AMERICA INC   
49_GARIGILL_8808,49,8808,Salignac VS Cognac,750mL,1,17.99,17.99,2024-10-08,750.0,1,0.79,12546,JIM BEAM BRANDS COMPANY    
23_ARBINGTON_3351,23,3351,Pinnacle Whipped Vodka,1.75L,1,15.99,15.99,2024-11-06,1750.0,1,1.84,12546,JIM BEAM BRANDS COMPANY    
65_LUTON_16262,65,16262,The Dreaming Tree Crush Red,750mL,1,10.79,10.79,2024-05-21,750.0,2,0.11,1392,CONSTELLATION BRANDS INC   
77_TAMWORTH_2196,77,2196,Canadian Hunter Whiskey,1.75L,1,11.99,11.99,2024-08-23,1750.0,1,1.84,8004,SAZERAC CO INC             
73_DONCASTER_39450,73,39450,Ponzi Willamette Pnt Nr,750mL,1,36.99,36.99,2024-05-19,750.0,2,0.11,4425,MARTIGNETTI COMPANIES
30_CULCHETH_5191,30,5191,Fireball Cinnamon Whiskey,375mL,2,19.98,9.99,2024-11-22,375.0,1,0.79,8004,SAZERAC CO INC             
38_GOULCREST_3295,38,3295,Tito's Handmade Vodka,375mL,5,59.95,11.99,2024-01-23,375.0,1,1.97,4425,MARTIGNETTI COMPANIES
50_MOUNTMEND_10631,50,10631,Little Black Dress Pnt Nr,750mL,2,21.98,10.99,2024-10-21,750.0,2,0.22,516,BANFI PRODUCTS CORP        
50_MOUNTMEND_34460,50,34460,Dr Loosen Rsl 'Dr L' M,750mL,2,25.98,12.99,2024-12-16,750.0,2,0.22,4425,MARTIGNETTI COMPANIES
34_PITMERDEN_44174,34,44174,Dieberg Santa Maria V Pnt Nr,750mL,1,37.99,37.99,2024-12-20,750.0,2,0.11,4425,MARTIGNETTI COMPANIES
9_BLACKPOOL_3876,9,3876,Smirnoff 80 Proof,1.75L,9,170.91,18.99,2024-10-13,1750.0,1,16.54,3960,DIAGEO NORTH AMERICA INC   
67_EANVERNESS_8178,67,8178,Bulleit Bourbon,750mL,3,83.97,27.99,2024-02-07,750.0,1,2.36,3960,DIAGEO NORTH AMERICA INC   
28_LARNWICK_2585,28,2585,Jameson Irish Whiskey,750mL,2,51.98,25.99,2024-12-24,750.0,1,1.57,17035,PERNOD RICARD USA          
13_TARMSWORTH_802,13,802,Bacardi Torched Cherry Rum,750mL,1,11.99,11.99,2024-03-23,750.0,1,0.79,480,BACARDI USA INC            
75_BARNCOMBE_3876,75,3876,Smirnoff 80 Proof,1.75L,2,39.98,19.99,2024-06-22,1750.0,1,3.67,3960,DIAGEO NORTH AMERICA INC   
48_NORFOLK_7077,48,7077,Smirnoff Strawberry Vodka,50mL,3,2.97,0.99,2024-08-01,50.0,1,0.16,3960,DIAGEO NORTH AMERICA INC   
54_GUTHRAM_2640,54,2640,Michter's Small Batch Bourbn,750mL,1,44.99,44.99,2024-08-20,750.0,1,0.79,4425,MARTIGNETTI COMPANIES
1_HARDERSFIELD_16328,1,16328,Black Box Chard,500mL,6,23.94,3.99,2024-05-20,500.0,2,0.45,1392,CONSTELLATION BRANDS INC   
51_ABERDEEN_15428,51,15428,Ruffino Prosecco Sparkling,750mL,1,9.99,9.99,2024-12-07,750.0,2,0.11,1392,CONSTELLATION BRANDS INC   
15_WANBORNE_12775,15,12775,Joel Gott Svgn Bl,750mL,1,9.99,9.99,2024-03-17,750.0,2,0.11,8892,TRINCHERO FAMILY ESTATES   
67_EANVERNESS_4211,67,4211,Cruzan Passion Fruit Rum,750mL,1,9.99,9.99,2024-08-07,750.0,1,0.79,12546,JIM BEAM BRANDS COMPANY    
69_MOUNTMEND_3279,69,3279,Double Cross Vodka,750mL,1,29.99,29.99,2024-12-15,750.0,1,0.79,6213,MHW LTD                    
76_DONCASTER_2015,76,2015,Jack Daniels Tennessee Honey,750mL,1,22.99,22.99,2024-05-04,750.0,1,0.79,1128,BROWN-FORMAN CORP          
66_EANVERNESS_1076,66,1076,Capt Morgan Jack O Blast,50mL,65,64.35,0.99,2024-10-01,50.0,1,3.41,3960,DIAGEO NORTH AMERICA INC   
76_DONCASTER_3871,76,3871,Smirnoff Watermelon Vodka,750mL,2,21.98,10.99,2024-04-29,750.0,1,1.57,3960,DIAGEO NORTH AMERICA INC   
7_STANMORE_6420,7,6420,R M Woodbridge Chard Cal,750mL,7,34.65,4.95,2024-09-12,750.0,2,0.79,1392,CONSTELLATION BRANDS INC   
48_NORFOLK_3583,48,3583,Smirnoff Orange Vodka,1.75L,1,19.99,19.99,2024-06-15,1750.0,1,1.84,3960,DIAGEO NORTH AMERICA INC   
61_AETHELNEY_16610,61,16610,Leese-Fitch Cab Svgn,750mL,1,10.99,10.99,2024-01-10,750.0,2,0.11,653,STATE WINE & SPIRITS   
66_EANVERNESS_44719,66,44719,Cavit Prosecco Lunetta,750mL,17,169.83,9.99,2024-02-12,750.0,2,1.91,6785,PALM BAY INTERNATIONAL INC 
49_GARIGILL_6567,49,6567,Clos du Bois Merlot N Cst,750mL,6,53.94,8.99,2024-12-24,750.0,2,0.68,1392,CONSTELLATION BRANDS INC   
68_SOLARIS_16868,68,16868,Don & Sons Pnt Nr Sonoma Cst,750mL,1,17.99,17.99,2024-08-23,750.0,2,0.11,9552,M S WALKER INC             
71_CLARCTON_3879,71,3879,Smirnoff 80 Proof Traveler,750mL,4,43.96,10.99,2024-04-27,750.0,1,3.15,3960,DIAGEO NORTH AMERICA INC   
17_OLDHAM_6570,17,6570,Kendall Jackson Chard Vt RSV,750mL,2,23.98,11.99,2024-09-22,750.0,2,0.22,10000,MAJESTIC FINE WINES        
50_MOUNTMEND_39412,50,39412,Mirassou Merlot Cal,750mL,1,9.99,9.99,2024-05-07,750.0,2,0.11,3252,E & J GALLO WINERY         
15_WANBORNE_3871,15,3871,Smirnoff Watermelon Vodka,750mL,1,10.99,10.99,2024-03-14,750.0,1,0.79,3960,DIAGEO NORTH AMERICA INC   
28_LARNWICK_3102,28,3102,Smirnoff Traveler,1.75L,5,89.95,17.99,2024-04-01,1750.0,1,9.19,3960,DIAGEO NORTH AMERICA INC   
4_EANVERNESS_41034,4,41034,Menage a Trois Red,750mL,14,111.86,7.99,2024-04-29,750.0,2,1.57,8892,TRINCHERO FAMILY ESTATES   
54_GUTHRAM_2690,54,2690,Black Velvet Reserve,750mL,1,9.99,9.99,2024-08-28,750.0,1,0.79,1392,CONSTELLATION BRANDS INC   
71_CLARCTON_3857,71,3857,Grey Goose Vodka,1.75L,1,57.99,57.99,2024-01-07,1750.0,1,1.84,480,BACARDI USA INC            
76_DONCASTER_1637,76,1637,Fleischmanns Preferred,1.75L,5,64.95,12.99,2024-06-30,1750.0,1,9.19,660,SAZERAC NORTH AMERICA INC. 
30_CULCHETH_26463,30,26463,Ravenswood Vints Blend Znfdl,750mL,2,13.58,6.79,2024-09-17,750.0,2,0.22,1392,CONSTELLATION BRANDS INC   
79_BALLYMENA_8526,79,8526,Chambord Royale de France,750mL,1,27.99,27.99,2024-08-21,750.0,1,0.79,1128,BROWN-FORMAN CORP          
7_STANMORE_26463,7,26463,Ravenswood Vints Blend Znfdl,750mL,2,15.98,7.99,2024-03-14,750.0,2,0.22,1392,CONSTELLATION BRANDS INC   
47_PELLA'S WISH_3296,47,3296,Belvedere Pink Grapefruit,750mL,2,45.98,22.99,2024-07-08,750.0,1,1.57,8112,MOET HENNESSY USA INC      
81_PEMBROKE_17814,81,17814,Ruffino Chianti Clsc Rsv Gld,750mL,1,34.99,34.99,2024-12-22,750.0,2,0.11,1392,CONSTELLATION BRANDS INC   
60_IRRAGIN_28474,60,28474,Burgans Albarino Baixas Rio,750mL,1,12.99,12.99,2024-10-22,750.0,2,0.11,9552,M S WALKER INC             
74_PAENTMARWY_3859,74,3859,Smirnoff 80 Proof,375mL,5,44.95,8.99,2024-01-08,375.0,1,1.97,3960,DIAGEO NORTH AMERICA INC   
71_CLARCTON_31320,71,31320,La Vieille Ferme Rose Vntoux,750mL,2,13.98,6.99,2024-07-17,750.0,2,0.22,1587,VINEYARD BRANDS INC        
41_LARNWICK_3684,41,3684,Fleischmanns Royal Vodka,1.75L,1,11.99,11.99,2024-09-06,1750.0,1,1.84,660,SAZERAC NORTH AMERICA INC. 
60_IRRAGIN_31186,60,31186,Almaden Merlot Cal B/B,5L,1,17.99,17.99,2024-01-17,5000.0,2,0.75,9815,WINE GROUP INC             
76_DONCASTER_42881,76,42881,La Bastarda Pnt Gr Sicily,750mL,1,5.99,5.99,2024-07-10,750.0,2,0.11,10754,PERFECTA WINES             
34_PITMERDEN_32054,34,32054,Greg Norman Lmstn Cab/Merlot,750mL,1,12.99,12.99,2024-04-21,750.0,2,0.11,9819,TREASURY WINE ESTATES      
8_ALNERWICK_6288,8,6288,Almaden Chablis B/B,5L,2,29.98,14.99,2024-04-24,5000.0,2,1.5,9815,WINE GROUP INC             
73_DONCASTER_5668,73,5668,Dr McGillicuddy's Grape,750mL,4,55.96,13.99,2024-10-05,750.0,1,3.15,8004,SAZERAC CO INC             
14_BROMWICH_34133,14,34133,Turning Leaf RSV Cab Svgn,1.5L,2,19.98,9.99,2024-05-16,1500.0,2,0.45,3252,E & J GALLO WINERY         
61_AETHELNEY_32648,61,32648,Beringer Classic Wh Znfdl,1.5L,7,55.93,7.99,2024-12-08,1500.0,2,1.57,9819,TREASURY WINE ESTATES      
23_ARBINGTON_2115,23,2115,Black Velvet,750mL,1,6.49,6.49,2024-01-06,750.0,1,0.79,1392,CONSTELLATION BRANDS INC   
32_MOUNTMEND_6479,32,6479,Clos du Bois Chard,750mL,4,35.96,8.99,2024-04-10,750.0,2,0.45,1392,CONSTELLATION BRANDS INC   
24_PALPERROTH_3899,24,3899,Platinum 7X Distilled Vodka,375mL,1,3.99,3.99,2024-07-12,375.0,1,0.39,8004,SAZERAC CO INC             
66_EANVERNESS_3982,66,3982,Hornitos Reposado Tequila,750mL,1,24.99,24.99,2024-02-25,750.0,1,0.79,12546,JIM BEAM BRANDS COMPANY    
46_TYWARDREATH_8338,46,8338,The Glenlivet 12 Yr Single,375mL,1,21.99,21.99,2024-05-30,375.0,1,0.39,17035,PERNOD RICARD USA          
43_WOLFORD_29169,43,29169,Franzia Tap Merlot,5L,2,35.98,17.99,2024-04-09,5000.0,2,1.5,9815,WINE GROUP INC             
50_MOUNTMEND_5194,50,5194,Bacardi Party Mai Tai,1.75L,1,15.99,15.99,2024-10-08,1750.0,1,1.84,480,BACARDI USA INC            
30_CULCHETH_3728,30,3728,Absolut Citron,1.75L,3,74.97,24.99,2024-04-16,1750.0,1,5.51,17035,PERNOD RICARD USA          
9_BLACKPOOL_12220,9,12220,Angeline Pnt Nr,750mL,4,43.96,10.99,2024-10-24,750.0,2,0.45,9552,M S WALKER INC             
68_SOLARIS_4157,68,4157,Smirnoff Green Apple Vodka,50mL,3,2.97,0.99,2024-04-15,50.0,1,0.16,3960,DIAGEO NORTH AMERICA INC   
10_HORNSEY_4359,10,4359,Mr Boston Light Rum,1.75L,6,59.94,9.99,2024-06-30,1750.0,1,11.02,660,SAZERAC NORTH AMERICA INC. 
34_PITMERDEN_36378,34,36378,MezzaCorona Pnt Grigio,1.5L,20,219.8,10.99,2024-10-22,1500.0,2,4.5,9165,ULTRA BEVERAGE COMPANY LLP 
13_TARMSWORTH_6937,13,6937,Cavit Pinot Grigio,1.5L,1,9.99,9.99,2024-08-11,1500.0,2,0.22,6785,PALM BAY INTERNATIONAL INC 
38_GOULCREST_39087,38,39087,Corbett Canyon Pnt Grigio,3L,4,51.96,12.99,2024-05-14,3000.0,2,1.8,9815,WINE GROUP INC             
34_PITMERDEN_31501,34,31501,Barefoot Wh Znfdl Cal,1.5L,1,10.99,10.99,2024-12-09,1500.0,2,0.22,3252,E & J GALLO WINERY         
41_LARNWICK_35578,41,35578,Alamos Ridge Cab Svgn Mendza,750mL,1,6.95,6.95,2024-04-15,750.0,2,0.11,3252,E & J GALLO WINERY         
66_EANVERNESS_3769,66,3769,Jenkins Vodka,1.75L,1,8.99,8.99,2024-09-28,1750.0,1,1.84,9552,M S WALKER INC             
70_KELD_5626,70,5626,Baja Luna Black Raspberry,750mL,4,39.96,9.99,2024-12-23,750.0,1,3.15,8004,SAZERAC CO INC             
46_TYWARDREATH_3606,46,3606,Smirnoff Raspberry Vodka,50mL,1,0.99,0.99,2024-04-11,50.0,1,0.05,3960,DIAGEO NORTH AMERICA INC   
31_HORNSEY_6281,31,6281,Franzia Sunset Blush Tap,5L,4,59.96,14.99,2024-01-29,5000.0,2,3.0,9815,WINE GROUP INC             
67_EANVERNESS_30735,67,30735,Sonoma-Cutrer Cutrer V Chard,750mL,2,57.98,28.99,2024-08-08,750.0,2,0.22,1128,BROWN-FORMAN CORP          
13_TARMSWORTH_8152,13,8152,Skinnygirl Mojito RTD,750mL,1,9.99,9.99,2024-09-02,750.0,1,0.79,12546,JIM BEAM BRANDS COMPANY    
38_GOULCREST_5155,38,5155,Arrow Brown Creme de Cacao,750mL,2,15.98,7.99,2024-03-05,750.0,1,1.57,8352,LUXCO INC                  
1_HARDERSFIELD_30602,1,30602,Zardetto Prosecco Conegliano,750mL,1,13.99,13.99,2024-07-07,750.0,2,0.11,2000,SOUTHERN WINE & SPIRITS NE 
1_HARDERSFIELD_2751,1,2751,Johnnie Walker Black Label,375mL,1,19.99,19.99,2024-02-02,375.0,1,0.39,3960,DIAGEO NORTH AMERICA INC   
76_DONCASTER_5392,76,5392,Goldschlager Cinnamon Schnps,750mL,2,39.98,19.99,2024-04-11,750.0,1,1.57,3960,DIAGEO NORTH AMERICA INC   
9_BLACKPOOL_2107,9,2107,Rebel Yell Ginger Bourbon,50mL,2,1.98,0.99,2024-09-10,50.0,1,0.1,8352,LUXCO INC                  
60_IRRAGIN_8962,60,8962,Pimms Cup No 1,750mL,2,39.98,19.99,2024-06-25,750.0,1,1.57,3960,DIAGEO NORTH AMERICA INC   
34_PITMERDEN_21178,34,21178,Sensi Dalcampo Chianti Rsva,750mL,3,50.97,16.99,2024-12-03,750.0,2,0.34,4425,MARTIGNETTI COMPANIES
17_OLDHAM_38502,17,38502,Ruffino Lumina Pnt Grigio,750mL,1,7.99,7.99,2024-09-14,750.0,2,0.11,1392,CONSTELLATION BRANDS INC   
11_CARDEND_25373,11,25373,Sella & Mosca RSV Cannonau,750mL,2,23.98,11.99,2024-05-08,750.0,2,0.22,6785,PALM BAY INTERNATIONAL INC 
42_BLACK HOLLOW_3227,42,3227,Taaka Gin,1.75L,1,8.99,8.99,2024-07-20,1750.0,1,1.84,8004,SAZERAC CO INC             
19_WINTERVALE_5502,19,5502,RumChata Liqueur,50mL,4,3.96,0.99,2024-12-17,50.0,1,0.21,6213,MHW LTD                    
69_MOUNTMEND_5877,69,5877,Ryans Irish Cream,50mL,2,1.98,0.99,2024-07-05,50.0,1,0.1,8004,SAZERAC CO INC             
14_BROMWICH_2615,14,2615,Chivas Regal,50mL,2,6.98,3.49,2024-01-14,50.0,1,0.1,17035,PERNOD RICARD USA          
69_MOUNTMEND_1248,69,1248,Tullibardine Sauterne Finish,750mL,1,64.99,64.99,2024-08-07,750.0,1,0.79,2000,SOUTHERN WINE & SPIRITS NE 
73_DONCASTER_8135,73,8135,Choco Lat Liqueur,750mL,1,10.99,10.99,2024-06-24,750.0,1,0.79,9552,M S WALKER INC             
68_SOLARIS_3679,68,3679,Chopin Vodka,750mL,1,21.99,21.99,2024-01-29,750.0,1,0.79,6213,MHW LTD                    
22_SHARNWICK_24929,22,24929,Corvo Nero d'Avola & Pnt Gr,750mL 2 Pk,4,95.96,23.99,2024-05-13,750.0,2,0.45,10754,PERFECTA WINES             
81_PEMBROKE_8064,81,8064,Canadian Club,50mL,5,4.95,0.99,2024-10-17,50.0,1,0.26,12546,JIM BEAM BRANDS COMPANY    
79_BALLYMENA_4228,79,4228,Bacardi 8,750mL,1,24.99,24.99,2024-05-06,750.0,1,0.79,480,BACARDI USA INC            
59_CLAETHORPES_41034,59,41034,Menage a Trois Red,750mL,1,10.99,10.99,2024-09-22,750.0,2,0.11,8892,TRINCHERO FAMILY ESTATES   
34_PITMERDEN_32136,34,32136,Warre's 20-Yr Tawny Port,750mL,1,44.99,44.99,2024-03-23,750.0,2,0.11,1587,VINEYARD BRANDS INC        
50_MOUNTMEND_6273,50,6273,Vendange Wh Znfdl,1.5L,4,29.96,7.49,2024-09-11,1500.0,2,0.9,1392,CONSTELLATION BRANDS INC   
32_MOUNTMEND_6351,32,6351,Kendall Jackson Vntr RSV Cab,750mL,5,99.95,19.99,2024-01-29,750.0,2,0.56,10000,MAJESTIC FINE WINES        
38_GOULCREST_31487,38,31487,Barefoot Bubbly Brut Cve,750mL,4,27.8,6.95,2024-05-15,750.0,2,0.45,3252,E & J GALLO WINERY         
2_ASHBORNE_3272,2,3272,Sobieski Vodka,1.75L,2,35.98,17.99,2024-09-23,1750.0,1,3.67,9552,M S WALKER INC             
37_PAETHSMOUTH_1637,37,1637,Fleischmanns Preferred,1.75L,1,12.99,12.99,2024-09-19,1750.0,1,1.84,660,SAZERAC NORTH AMERICA INC. 
66_EANVERNESS_5202,66,5202,Dr McGillicuddy's Vanilla,750mL,1,13.99,13.99,2024-08-22,750.0,1,0.79,8004,SAZERAC CO INC             
14_BROMWICH_3295,14,3295,Tito's Handmade Vodka,375mL,2,19.98,9.99,2024-05-31,375.0,1,0.79,4425,MARTIGNETTI COMPANIES
2_ASHBORNE_8491,2,8491,Forbidden Secret Dark Mocha,750mL,1,19.99,19.99,2024-07-01,750.0,1,0.79,4425,MARTIGNETTI COMPANIES
48_NORFOLK_2755,48,2755,Johnnie Walker Red Label,750mL,1,24.99,24.99,2024-10-04,750.0,1,0.79,3960,DIAGEO NORTH AMERICA INC   
27_MOUNTMEND_5297,27,5297,Southern Comfort,750mL,1,13.99,13.99,2024-11-23,750.0,1,0.79,8004,SAZERAC CO INC             
67_EANVERNESS_23395,67,23395,Pavilion St Pierre Cdu Rhone,750mL,6,59.94,9.99,2024-01-09,750.0,2,0.68,9552,M S WALKER INC             
14_BROMWICH_1376,14,1376,Jim Beam,1.75L,14,307.86,21.99,2024-07-07,1750.0,1,25.72,12546,JIM BEAM BRANDS COMPANY    
69_MOUNTMEND_16555,69,16555,Murrieta's Well The Whip Wh,750mL,6,131.94,21.99,2024-03-18,750.0,2,0.68,2000,SOUTHERN WINE & SPIRITS NE 
78_EASTHAVEN_43872,78,43872,Joseph Carr Cab Svgn Napa,750mL,3,53.85,17.95,2024-02-12,750.0,2,0.34,4425,MARTIGNETTI COMPANIES
10_HORNSEY_4783,10,4783,Mr Boston Apricot Brandy,1.75L,1,11.99,11.99,2024-10-03,1750.0,1,1.84,660,SAZERAC NORTH AMERICA INC. 
6_GOULCREST_24188,6,24188,St Francis Cab Svgn Sonoma,750mL,1,15.99,15.99,2024-04-15,750.0,2,0.11,4692,KOBRAND CORPORATION        
73_DONCASTER_2517,73,2517,Balvenie 14 Yr Caribean Cask,750mL,2,135.98,67.99,2024-12-10,750.0,1,1.57,3664,WILLIAM GRANT & SONS INC   
72_HARDERSFIELD_6524,72,6524,Rosemount Diamond Shiraz,750mL,1,6.99,6.99,2024-08-12,750.0,2,0.11,4425,MARTIGNETTI COMPANIES
62_KILMARNOCK_8368,62,8368,Bacardi Superior Rum,100mL,1,1.99,1.99,2024-12-06,100.0,1,0.1,480,BACARDI USA INC            
22_SHARNWICK_29248,22,29248,Toasted Head Chard,750mL,2,19.98,9.99,2024-12-16,750.0,2,0.22,1392,CONSTELLATION BRANDS INC   
23_ARBINGTON_812,23,812,Jagermeister Liqueur,Liter,1,22.99,22.99,2024-05-31,1000.0,1,1.05,3089,SIDNEY FRANK IMPORTING CO  
10_HORNSEY_5042,10,5042,Tequila Rose Liqueur,750mL,2,29.98,14.99,2024-06-04,750.0,1,1.57,5992,MCCORMICK DISTILLING CO    
76_DONCASTER_3639,76,3639,Burnetts Peach Vodka,1.75L,2,19.98,9.99,2024-04-27,1750.0,1,3.67,3924,HEAVEN HILL DISTILLERIES   
76_DONCASTER_44912,76,44912,Broadbent Madeira Rainwater,750mL,1,14.99,14.99,2024-05-01,750.0,2,0.11,90024,VINILANDIA USA             
56_BEGGAR'S HOLE_26341,56,26341,Balletto 15 Rose Pnt Nr RRV,750mL,2,33.98,16.99,2024-09-24,750.0,2,0.22,9552,M S WALKER INC             
66_EANVERNESS_18988,66,18988,Franzia Chillable Red Tap,5L,3,44.97,14.99,2024-05-29,5000.0,2,2.25,9815,WINE GROUP INC             
25_CAERSHIRE_3278,25,3278,Gordons London Dry,750mL,1,7.99,7.99,2024-08-22,750.0,1,0.79,3960,DIAGEO NORTH AMERICA INC   
15_WANBORNE_3142,15,3142,Smirnoff Sourced Cran/Apple,50mL,5,4.95,0.99,2024-08-02,50.0,1,0.26,3960,DIAGEO NORTH AMERICA INC   
66_EANVERNESS_46379,66,46379,Ghost Pine Cab Svgn LMartini,750mL,3,53.97,17.99,2024-01-28,750.0,2,0.34,3252,E & J GALLO WINERY         
25_CAERSHIRE_15356,25,15356,Seaglass Pnt Nr,750mL,1,9.99,9.99,2024-01-16,750.0,2,0.11,8892,TRINCHERO FAMILY ESTATES   
53_HILLFAR_8961,53,8961,Jose Cuervo Especial,50mL,4,5.96,1.49,2024-06-08,50.0,1,0.21,7245,PROXIMO SPIRITS INC.       
20_BREDWARDINE_3534,20,3534,Milagro Silver Tequila,750mL,1,25.99,25.99,2024-12-23,750.0,1,0.79,3664,WILLIAM GRANT & SONS INC   
67_EANVERNESS_24591,67,24591,Dominios Ribera del Duero Cr,750mL,1,12.99,12.99,2024-05-01,750.0,2,0.11,90024,VINILANDIA USA             
22_SHARNWICK_1174,22,1174,Rebel Yell,1.75L,1,19.99,19.99,2024-04-29,1750.0,1,1.84,8352,LUXCO INC                  
10_HORNSEY_4265,10,4265,Capt Morgan Spiced Rum,375mL,1,10.99,10.99,2024-03-30,375.0,1,0.39,3960,DIAGEO NORTH AMERICA INC   
66_EANVERNESS_44334,66,44334,Noble Vines 337 Cab Svgn,750mL,2,23.98,11.99,2024-10-27,750.0,2,0.22,2242,DELICATO VINEYARDS INC     
66_EANVERNESS_26817,66,26817,Ravenswood Vntrs Blnd Merlot,750mL,2,15.98,7.99,2024-10-29,750.0,2,0.22,1392,CONSTELLATION BRANDS INC   
61_AETHELNEY_3228,61,3228,Ciroc Mango Vodka,50mL,3,5.97,1.99,2024-11-25,50.0,1,0.16,3960,DIAGEO NORTH AMERICA INC   
75_BARNCOMBE_8023,75,8023,DeKuyper Triple Sec,750mL,3,14.97,4.99,2024-11-12,750.0,1,2.36,12546,JIM BEAM BRANDS COMPANY    
14_BROMWICH_3896,14,3896,Zhenka Vodka,375mL,3,9.87,3.29,2024-08-27,375.0,1,1.18,9552,M S WALKER INC             
71_CLARCTON_5457,71,5457,After Shock Hot & Cool Cinmn,50mL,4,7.96,1.99,2024-09-15,50.0,1,0.21,12546,JIM BEAM BRANDS COMPANY    
22_SHARNWICK_3606,22,3606,Smirnoff Raspberry Vodka,50mL,3,2.97,0.99,2024-03-08,50.0,1,0.16,3960,DIAGEO NORTH AMERICA INC   
67_EANVERNESS_24419,67,24419,Bonterra Mendocino Org Chard,750mL,1,10.99,10.99,2024-03-15,750.0,2,0.11,9165,ULTRA BEVERAGE COMPANY LLP 
24_PALPERROTH_1389,24,1389,Makers Mark,50mL,4,11.96,2.99,2024-02-04,50.0,1,0.21,12546,JIM BEAM BRANDS COMPANY    
69_MOUNTMEND_22809,69,22809,Opici Toscano Twist Neck 12,750mL,1,11.99,11.99,2024-12-04,750.0,2,0.11,9165,ULTRA BEVERAGE COMPANY LLP 
49_GARIGILL_6231,49,6231,Mumm Brut Prestige,750mL,1,15.95,15.95,2024-11-01,750.0,2,0.11,17035,PERNOD RICARD USA          
9_BLACKPOOL_8077,9,8077,Sheffield Very Dry Sherry,1.5L,1,9.99,9.99,2024-12-14,1500.0,2,0.22,3252,E & J GALLO WINERY         
76_DONCASTER_3209,76,3209,Hammer & Sickle Vodka,750mL,1,19.99,19.99,2024-02-19,750.0,1,0.79,4550,KLIN SPIRITS LLC           
23_ARBINGTON_33038,23,33038,Beringer Fndrs Est Chard,1.5L,1,17.99,17.99,2024-02-16,1500.0,2,0.22,9819,TREASURY WINE ESTATES      
27_MOUNTMEND_3840,27,3840,Smirnoff Raspberry Vodka,1.75L,1,22.99,22.99,2024-03-21,1750.0,1,1.84,3960,DIAGEO NORTH AMERICA INC   
33_HORNSEY_4689,33,4689,Hennessy Privilege VSOP,750mL,2,93.98,46.99,2024-12-14,750.0,1,1.57,8112,MOET HENNESSY USA INC      
10_HORNSEY_25560,10,25560,Piledriver Red Blend 13,750mL,1,8.49,8.49,2024-07-02,750.0,2,0.11,9552,M S WALKER INC             
63_SWORDBREAK_3606,63,3606,Smirnoff Raspberry Vodka,50mL,10,9.9,0.99,2024-10-04,50.0,1,0.52,3960,DIAGEO NORTH AMERICA INC   
64_CESTERFIELD_40193,64,40193,Mark West Chard Sonoma Cnty,750mL,1,9.99,9.99,2024-12-31,750.0,2,0.11,1392,CONSTELLATION BRANDS INC   
10_HORNSEY_3226,10,3226,Ciroc Mango Vodka,375mL,2,23.98,11.99,2024-12-21,375.0,1,0.79,3960,DIAGEO NORTH AMERICA INC   
70_KELD_1767,70,1767,Buffalo Trace Bourbon,750mL,1,24.99,24.99,2024-06-19,750.0,1,0.79,8004,SAZERAC CO INC             
17_OLDHAM_27735,17,27735,Bogle Cab Svgn Cal,750mL,1,8.95,8.95,2024-11-05,750.0,2,0.11,4425,MARTIGNETTI COMPANIES
23_ARBINGTON_34904,23,34904,Smoking Loon Chard,750mL,2,15.98,7.99,2024-02-02,750.0,2,0.22,9552,M S WALKER INC             
72_HARDERSFIELD_16328,72,16328,Black Box Chard,500mL,3,11.97,3.99,2024-02-01,500.0,2,0.22,1392,CONSTELLATION BRANDS INC   
41_LARNWICK_3941,41,3941,Tres Generaciones Reposado,750mL,1,36.99,36.99,2024-07-06,750.0,1,0.79,12546,JIM BEAM BRANDS COMPANY    
25_CAERSHIRE_38133,25,38133,Il Bastardo Sangiovese Tosc,750mL,1,6.99,6.99,2024-04-14,750.0,2,0.11,10754,PERFECTA WINES             
23_ARBINGTON_24327,23,24327,La Crema Pnt Nr Sonoma Cst,750mL,2,39.98,19.99,2024-07-10,750.0,2,0.22,10000,MAJESTIC FINE WINES        
10_HORNSEY_19556,10,19556,Zorvino Bacca Z Blackberry,750mL,1,13.99,13.99,2024-04-15,750.0,2,0.11,90058,ZORVINO VINEYARDS          
1_HARDERSFIELD_8345,1,8345,R M Woodbridge Cab Svgn Cal,750mL,2,15.98,7.99,2024-12-22,750.0,2,0.22,1392,CONSTELLATION BRANDS INC   
17_OLDHAM_3915,17,3915,Sauza Silver Tequila,750mL,1,14.99,14.99,2024-10-14,750.0,1,0.79,12546,JIM BEAM BRANDS COMPANY    
7_STANMORE_14622,7,14622,La Marca Prosecco,750mL,1,12.99,12.99,2024-07-26,750.0,2,0.11,3252,E & J GALLO WINERY         
65_LUTON_46023,65,46023,Spellbound Petite Sirah Cal,750mL,2,25.98,12.99,2024-10-15,750.0,2,0.22,9165,ULTRA BEVERAGE COMPANY LLP 
16_LUNDY_6096,16,6096,Kinky Blue Liqueur,750mL,1,16.99,16.99,2024-01-06,750.0,1,0.79,7153,PINE STATE TRADING CO      
38_GOULCREST_1358,38,1358,Knob Creek Bourbon,1.75L,2,123.98,61.99,2024-04-12,1750.0,1,3.67,12546,JIM BEAM BRANDS COMPANY    
50_MOUNTMEND_44494,50,44494,Smoking Loon Pnt Grigio Cal,750mL,3,20.37,6.79,2024-07-30,750.0,2,0.34,9552,M S WALKER INC             
32_MOUNTMEND_5103,32,5103,Fireball Cinnamon Whisky,1.75L,2,49.98,24.99,2024-05-31,1750.0,1,3.67,8004,SAZERAC CO INC             
38_GOULCREST_19554,38,19554,Insomnia Cab Svgn,750mL,3,26.97,8.99,2024-09-11,750.0,2,0.34,9165,ULTRA BEVERAGE COMPANY LLP 
6_GOULCREST_13303,6,13303,Plungerhead Znfdl Lodi,750mL,4,63.96,15.99,2024-03-05,750.0,2,0.45,653,STATE WINE & SPIRITS   
50_MOUNTMEND_8837,50,8837,Santa Rita 120 Cab Svgn,750mL,1,5.99,5.99,2024-07-11,750.0,2,0.11,6785,PALM BAY INTERNATIONAL INC 
23_ARBINGTON_23423,23,23423,Santa Rita RSV Chard,750mL,1,10.99,10.99,2024-09-30,750.0,2,0.11,6785,PALM BAY INTERNATIONAL INC 
55_DRY GULCH_3760,55,3760,Absolut Pears,750mL,2,33.98,16.99,2024-07-16,750.0,1,1.57,17035,PERNOD RICARD USA          
67_EANVERNESS_36770,67,36770,Yellow Tail Cab Svgn Ausl,1.5L,1,8.95,8.95,2024-08-09,1500.0,2,0.22,4425,MARTIGNETTI COMPANIES
44_PORTHCRAWL_381,44,381,Baileys Irish Cream w/4 Glss,750mL,10,199.9,19.99,2024-12-23,750.0,1,7.87,3960,DIAGEO NORTH AMERICA INC   
35_HALIVAARA_27429,35,27429,Grahams Six Grapes,750mL,1,21.99,21.99,2024-01-15,750.0,2,0.11,9552,M S WALKER INC             
53_HILLFAR_10727,53,10727,Starborough Svgn Bl Marlboro,750mL,2,19.98,9.99,2024-12-05,750.0,2,0.22,3252,E & J GALLO WINERY         
37_PAETHSMOUTH_8535,37,8535,Arrow Peppermint Schnapps,375mL,1,3.99,3.99,2024-06-15,375.0,1,0.39,8352,LUXCO INC                  
9_BLACKPOOL_6918,9,6918,Franzia Tap Cab Svgn,5L,1,17.99,17.99,2024-08-18,5000.0,2,0.75,9815,WINE GROUP INC             
10_HORNSEY_10472,10,10472,Clos du Bois Pnt Nr Cal,750mL,1,8.99,8.99,2024-11-15,750.0,2,0.11,1392,CONSTELLATION BRANDS INC   
59_CLAETHORPES_14672,59,14672,Duckhorn Decoy Cab Svgn,750mL,2,33.9,16.95,2024-08-14,750.0,2,0.22,4425,MARTIGNETTI COMPANIES
65_LUTON_43872,65,43872,Joseph Carr Cab Svgn Napa,750mL,1,19.99,19.99,2024-03-09,750.0,2,0.11,4425,MARTIGNETTI COMPANIES
64_CESTERFIELD_8673,64,8673,Skinnygirl Margarita,750mL,2,25.98,12.99,2024-10-10,750.0,1,1.57,12546,JIM BEAM BRANDS COMPANY    
76_DONCASTER_18743,76,18743,Ca'Momi Merlot Napa Valley,750mL,3,41.97,13.99,2024-12-03,750.0,2,0.34,10754,PERFECTA WINES             
5_SUTTON_18107,5,18107,Barefoot Cellars Pink Moscat,750mL,1,4.99,4.99,2024-12-07,750.0,2,0.11,3252,E & J GALLO WINERY         
70_KELD_5502,70,5502,RumChata Liqueur,50mL,5,4.95,0.99,2024-03-04,50.0,1,0.26,6213,MHW LTD                    
9_BLACKPOOL_39146,9,39146,Matua Svgn Bl Marlboro,750mL,1,10.99,10.99,2024-12-10,750.0,2,0.11,9819,TREASURY WINE ESTATES      
23_ARBINGTON_38690,23,38690,Ch Ste Michelle Indn Wl Merl,750mL,1,15.99,15.99,2024-11-28,750.0,2,0.11,8673,STE MICHELLE WINE ESTATES  
76_DONCASTER_686,76,686,Midnight Moon Cherry,750mL,1,19.99,19.99,2024-10-14,750.0,1,0.79,9165,ULTRA BEVERAGE COMPANY LLP 
5_SUTTON_32831,5,32831,Carpineto Dogajolo Tuscan Rd,750mL,1,9.99,9.99,2024-01-09,750.0,2,0.11,9165,ULTRA BEVERAGE COMPANY LLP 
45_VERITAS_1376,45,1376,Jim Beam,1.75L,3,68.97,22.99,2024-09-04,1750.0,1,5.51,12546,JIM BEAM BRANDS COMPANY    
68_SOLARIS_4683,68,4683,Hennessy VS Cognac,50mL,1,3.99,3.99,2024-12-12,50.0,1,0.05,8112,MOET HENNESSY USA INC      
40_BULLMAR_10723,40,10723,R M Woodbridge Chard,1.5L,3,29.97,9.99,2024-08-27,1500.0,2,0.68,1392,CONSTELLATION BRANDS INC   
53_HILLFAR_3951,53,3951,Hornitos Reposado Tequila,50mL,2,4.98,2.49,2024-11-21,50.0,1,0.1,12546,JIM BEAM BRANDS COMPANY    
43_WOLFORD_3608,43,3608,Smirnoff Orange Vodka,50mL,1,0.99,0.99,2024-08-25,50.0,1,0.05,3960,DIAGEO NORTH AMERICA INC   
60_IRRAGIN_4945,60,4945,Jacquin Ginger Brandy,750mL,1,9.49,9.49,2024-10-13,750.0,1,0.79,4380,CHARLES JACQUIN ET CIE INC 
55_DRY GULCH_32368,55,32368,Cavit Pinot Noir Delle Vene,1.5L,2,19.98,9.99,2024-12-09,1500.0,2,0.45,6785,PALM BAY INTERNATIONAL INC 
71_CLARCTON_22842,71,22842,Corral De Peidra Cab Svgn,750mL,1,11.99,11.99,2024-07-08,750.0,2,0.11,7153,PINE STATE TRADING CO      
23_ARBINGTON_3150,23,3150,Svedka Mango Pineapple Vodka,750mL,1,12.99,12.99,2024-10-08,750.0,1,0.79,1392,CONSTELLATION BRANDS INC   
73_DONCASTER_2435,73,2435,Crown Royal RSV,750mL,2,77.98,38.99,2024-11-08,750.0,1,1.57,3960,DIAGEO NORTH AMERICA INC   
50_MOUNTMEND_3779,50,3779,Three Olives Cherry Vodka,750mL,2,25.98,12.99,2024-04-06,750.0,1,1.57,7245,PROXIMO SPIRITS INC.       
50_MOUNTMEND_415,50,415,Jose Cuervo Especial,Liter,2,41.98,20.99,2024-05-14,1000.0,1,2.1,7245,PROXIMO SPIRITS INC.       
66_EANVERNESS_5480,66,5480,E & J Superior RSV VSOP,750mL,1,10.99,10.99,2024-12-06,750.0,1,0.79,3252,E & J GALLO WINERY         
32_MOUNTMEND_1483,32,1483,DeKuyper Cane Trial Pack,50mL 4 Pk,5,14.95,2.99,2024-12-06,50.0,1,0.26,12546,JIM BEAM BRANDS COMPANY    
6_GOULCREST_44035,6,44035,De Loach Pnt Nr,750mL,1,9.99,9.99,2024-08-07,750.0,2,0.11,4425,MARTIGNETTI COMPANIES
77_TAMWORTH_17146,77,17146,Honeymaker Dry Mead,750mL,1,16.99,16.99,2024-11-18,750.0,2,0.11,9165,ULTRA BEVERAGE COMPANY LLP 
69_MOUNTMEND_37656,69,37656,MacMurray Ranch Sonma Pnt Nr,750mL,1,19.99,19.99,2024-11-17,750.0,2,0.11,3252,E & J GALLO WINERY         
68_SOLARIS_4670,68,4670,Bacardi Dragon Berry Rum,375mL,1,4.49,4.49,2024-07-29,375.0,1,0.39,480,BACARDI USA INC            
14_BROMWICH_2752,14,2752,Johnnie Walker Black Label,750mL,1,39.99,39.99,2024-07-10,750.0,1,0.79,3960,DIAGEO NORTH AMERICA INC   
2_ASHBORNE_42948,2,42948,Root 1 Cab Svgn,750mL,1,13.99,13.99,2024-10-22,750.0,2,0.11,7153,PINE STATE TRADING CO      
7_STANMORE_3227,7,3227,Taaka Gin,1.75L,3,26.97,8.99,2024-07-24,1750.0,1,5.51,8004,SAZERAC CO INC             
66_EANVERNESS_46381,66,46381,Ghost Pines Merlot L Martini,750mL,1,17.99,17.99,2024-05-19,750.0,2,0.11,3252,E & J GALLO WINERY         
63_SWORDBREAK_3876,63,3876,Smirnoff 80 Proof,1.75L,2,37.98,18.99,2024-09-26,1750.0,1,3.67,3960,DIAGEO NORTH AMERICA INC   
76_DONCASTER_43590,76,43590,Ch Ste Michelle Indn Wls Cab,750mL,1,15.99,15.99,2024-11-27,750.0,2,0.11,8673,STE MICHELLE WINE ESTATES  
75_BARNCOMBE_11141,75,11141,C K Mondavi Chard,1.5L,3,23.85,7.95,2024-08-13,1500.0,2,0.68,2000,SOUTHERN WINE & SPIRITS NE 
73_DONCASTER_1394,73,1394,Makers Mark,375mL,1,16.99,16.99,2024-03-16,375.0,1,0.39,12546,JIM BEAM BRANDS COMPANY    
34_PITMERDEN_14710,34,14710,Ch Tanunda Gr Barossa Shiraz,750mL,1,16.99,16.99,2024-12-27,750.0,2,0.11,516,BANFI PRODUCTS CORP        
1_HARDERSFIELD_31488,1,31488,Barefoot Chard Cal,750mL,4,19.96,4.99,2024-12-19,750.0,2,0.45,3252,E & J GALLO WINERY         
61_AETHELNEY_2760,61,2760,Jack Daniels Tennessee Honey,1.75L,2,75.98,37.99,2024-10-11,1750.0,1,3.67,1128,BROWN-FORMAN CORP          
8_ALNERWICK_3427,8,3427,Stolichnaya Blueberi,1.75L,1,24.99,24.99,2024-06-19,1750.0,1,1.84,8664,"STOLI GROUP,(USA) LLC      "
6_GOULCREST_20781,6,20781,Steele Clear Lake Merlot Cty,750mL,1,14.99,14.99,2024-10-08,750.0,2,0.11,9552,M S WALKER INC             
58_HARTLEPOOL_5339,58,5339,Drambuie,50mL,1,3.29,3.29,2024-07-29,50.0,1,0.05,3664,WILLIAM GRANT & SONS INC   
75_BARNCOMBE_5505,75,5505,Pallini Limoncello Liqueur,750mL,1,18.99,18.99,2024-05-07,750.0,1,0.79,1485,CASTLE BRANDS CORP.        
1_HARDERSFIELD_17756,1,17756,Cline Cool Climate Pnt Nr,750mL,1,15.99,15.99,2024-06-11,750.0,2,0.11,4425,MARTIGNETTI COMPANIES
20_BREDWARDINE_5702,20,5702,Art In The Age Root Liqueur,750mL,1,29.99,29.99,2024-03-22,750.0,1,0.79,3664,WILLIAM GRANT & SONS INC   
64_CESTERFIELD_8379,64,8379,Wild Turkey 101,375mL,1,11.99,11.99,2024-09-28,375.0,1,0.39,11567,CAMPARI AMERICA            
6_GOULCREST_39087,6,39087,Corbett Canyon Pnt Grigio,3L,3,32.97,10.99,2024-04-14,3000.0,2,1.35,9815,WINE GROUP INC             
38_GOULCREST_12473,38,12473,Ch Beauchene CDR White RSV,750mL,2,23.98,11.99,2024-11-10,750.0,2,0.22,10754,PERFECTA WINES             
30_CULCHETH_3456,30,3456,Tanqueray Sterling Vodka,1.75L,3,65.97,21.99,2024-04-22,1750.0,1,5.51,3960,DIAGEO NORTH AMERICA INC   
47_PELLA'S WISH_8203,47,8203,Grand Marnier,50mL,5,14.95,2.99,2024-07-24,50.0,1,0.26,8112,MOET HENNESSY USA INC      
50_MOUNTMEND_17161,50,17161,Seaglass Pnt Grigio,750mL,1,8.99,8.99,2024-11-02,750.0,2,0.11,8892,TRINCHERO FAMILY ESTATES   
53_HILLFAR_538,53,538,Amaretto DiSaronno,375mL,2,27.98,13.99,2024-03-13,375.0,1,0.79,2555,DISARONNO INTERNATIONAL LLC
58_HARTLEPOOL_23739,58,23739,Liberty School Cab Svgn,750mL,1,11.95,11.95,2024-07-08,750.0,2,0.11,4425,MARTIGNETTI COMPANIES
2_ASHBORNE_5491,2,5491,Rumpleminze,50mL,2,3.98,1.99,2024-08-12,50.0,1,0.1,3960,DIAGEO NORTH AMERICA INC   
70_KELD_3180,70,3180,New Amsterdam Vodka,1.75L,2,33.98,16.99,2024-03-06,1750.0,1,3.67,3252,E & J GALLO WINERY         
23_ARBINGTON_3397,23,3397,Ciroc Red Berry Vodka,750mL,1,24.99,24.99,2024-08-18,750.0,1,0.79,3960,DIAGEO NORTH AMERICA INC   
59_CLAETHORPES_5404,59,5404,E & J Superior Rsv VSOP,375mL,2,10.98,5.49,2024-04-04,375.0,1,0.79,3252,E & J GALLO WINERY         
79_BALLYMENA_35318,79,35318,Jewell Towne Marechal Foch,750mL,1,11.49,11.49,2024-06-28,750.0,2,0.11,17032,JEWELL TOWNE VINEYARDS     
69_MOUNTMEND_2015,69,2015,Jack Daniels Tennessee Honey,750mL,6,137.94,22.99,2024-09-03,750.0,1,4.72,1128,BROWN-FORMAN CORP          
32_MOUNTMEND_3020,32,3020,Pinnacle Blueberry Vodka,750mL,1,9.99,9.99,2024-11-17,750.0,1,0.79,12546,JIM BEAM BRANDS COMPANY    
49_GARIGILL_3054,49,3054,Smirnoff Kissed Caramel,750mL,1,12.99,12.99,2024-05-07,750.0,1,0.79,3960,DIAGEO NORTH AMERICA INC   
30_CULCHETH_13619,30,13619,Quinta do Noval Black Port,750mL,1,19.99,19.99,2024-10-11,750.0,2,0.11,4425,MARTIGNETTI COMPANIES
8_ALNERWICK_18988,8,18988,Franzia Chillable Red Tap,5L,1,14.99,14.99,2024-05-23,5000.0,2,0.75,9815,WINE GROUP INC             
50_MOUNTMEND_171,50,171,Gentleman Jack,1.75L,1,54.99,54.99,2024-02-12,1750.0,1,1.84,1128,BROWN-FORMAN CORP          
60_IRRAGIN_8018,60,8018,La Vieille Ferme Red Ventoux,750mL,1,6.99,6.99,2024-02-27,750.0,2,0.11,1587,VINEYARD BRANDS INC        
33_HORNSEY_8370,33,8370,Chi Chi's Margarita,1.75L,3,23.97,7.99,2024-06-29,1750.0,1,5.51,660,SAZERAC NORTH AMERICA INC. 
60_IRRAGIN_14475,60,14475,Belcreme de Lys Chard,750mL,3,29.97,9.99,2024-07-01,750.0,2,0.34,1590,DIAGEO CHATEAU ESTATE WINES
34_PITMERDEN_37923,34,37923,Five Rivers Cab Svgn,750mL,1,11.99,11.99,2024-02-25,750.0,2,0.11,516,BANFI PRODUCTS CORP        
42_BLACK HOLLOW_1962,42,1962,Jim Beam Apple,750mL,1,14.99,14.99,2024-07-05,750.0,1,0.79,12546,JIM BEAM BRANDS COMPANY    
76_DONCASTER_42401,76,42401,Grayson Cellars Chard N Cst,750mL,2,19.98,9.99,2024-12-14,750.0,2,0.22,10754,PERFECTA WINES             
13_TARMSWORTH_5103,13,5103,Fireball Cinnamon Whisky,1.75L,2,49.98,24.99,2024-02-26,1750.0,1,3.67,8004,SAZERAC CO INC             
13_TARMSWORTH_3896,13,3896,Zhenka Vodka,375mL,2,6.58,3.29,2024-12-29,375.0,1,0.79,9552,M S WALKER INC             
64_CESTERFIELD_22883,64,22883,Citra Trebbiano D'Abruzzo,1.5L,8,87.92,10.99,2024-01-29,1500.0,2,1.8,6785,PALM BAY INTERNATIONAL INC 
67_EANVERNESS_39437,67,39437,Columbia Crest Two Cab Svgn,750mL,1,8.99,8.99,2024-09-29,750.0,2,0.11,8673,STE MICHELLE WINE ESTATES  
31_HORNSEY_8680,31,8680,Crown Royal,1.75L,1,39.99,39.99,2024-07-23,1750.0,1,1.84,3960,DIAGEO NORTH AMERICA INC   
13_TARMSWORTH_5491,13,5491,Rumpleminze,50mL,2,3.98,1.99,2024-01-09,50.0,1,0.1,3960,DIAGEO NORTH AMERICA INC   
38_GOULCREST_37792,38,37792,Blackstone Pnt Nr Monterey,750mL,1,6.99,6.99,2024-10-14,750.0,2,0.11,1392,CONSTELLATION BRANDS INC   
61_AETHELNEY_3896,61,3896,Zhenka Vodka,375mL,1,3.29,3.29,2024-03-02,375.0,1,0.39,9552,M S WALKER INC             
1_HARDERSFIELD_8184,1,8184,Kahlua,50mL,2,3.98,1.99,2024-11-18,50.0,1,0.1,17035,PERNOD RICARD USA          
73_DONCASTER_6560,73,6560,Rocky Peak Hard Cinnamon,750mL,3,56.97,18.99,2024-09-22,750.0,1,2.36,8150,SEA HAGG DISTILLERY LLC    
55_DRY GULCH_22404,55,22404,La Pettegola Vermentino,750mL,1,17.99,17.99,2024-02-12,750.0,2,0.11,516,BANFI PRODUCTS CORP        
34_PITMERDEN_3580,34,3580,Smirnoff Orange Vodka,750mL,1,12.99,12.99,2024-09-01,750.0,1,0.79,3960,DIAGEO NORTH AMERICA INC   
71_CLARCTON_46830,71,46830,Pacific Rim Sweet Rsl,750mL,1,7.95,7.95,2024-02-18,750.0,2,0.11,9165,ULTRA BEVERAGE COMPANY LLP 
27_MOUNTMEND_18106,27,18106,Barefoot Cellars Pink Moscat,1.5L,2,21.98,10.99,2024-12-08,1500.0,2,0.45,3252,E & J GALLO WINERY         
55_DRY GULCH_11854,55,11854,Trivento Amado Sur Malbec,750mL,1,12.99,12.99,2024-03-11,750.0,2,0.11,516,BANFI PRODUCTS CORP        
66_EANVERNESS_8154,66,8154,Cazadores Reposado Tequila,750mL,4,99.96,24.99,2024-01-16,750.0,1,3.15,480,BACARDI USA INC            
55_DRY GULCH_31349,55,31349,Big House Red Cal,750mL,1,7.99,7.99,2024-02-15,750.0,2,0.11,9815,WINE GROUP INC             
50_MOUNTMEND_36991,50,36991,Duck Pond Pnt Gris Ore,750mL,1,10.99,10.99,2024-11-13,750.0,2,0.11,10754,PERFECTA WINES             
34_PITMERDEN_19513,34,19513,SakeMoto Junmai Sake,720mL,1,8.99,8.99,2024-11-23,720.0,2,0.11,9165,ULTRA BEVERAGE COMPANY LLP 
29_AYLESBURY_11213,29,11213,Meiomi Pnt Nr,750mL,1,17.99,17.99,2024-10-21,750.0,2,0.11,1392,CONSTELLATION BRANDS INC   
49_GARIGILL_5228,49,5228,DeKuyper Wh Cr de Menthe,750mL,1,8.99,8.99,2024-09-23,750.0,1,0.79,12546,JIM BEAM BRANDS COMPANY    
9_BLACKPOOL_4198,9,4198,Sailor Jerry Spiced Navy Rum,1.75L,1,24.99,24.99,2024-11-17,1750.0,1,1.84,3664,WILLIAM GRANT & SONS INC   
76_DONCASTER_8517,76,8517,Baileys Salted Caramel,750mL,3,65.97,21.99,2024-08-26,750.0,1,2.36,3960,DIAGEO NORTH AMERICA INC   
51_ABERDEEN_6281,51,6281,Franzia Sunset Blush Tap,5L,1,14.99,14.99,2024-07-23,5000.0,2,0.75,9815,WINE GROUP INC             
68_SOLARIS_3858,68,3858,Grey Goose Vodka,750mL,6,140.94,23.49,2024-11-19,750.0,1,4.72,480,BACARDI USA INC            
15_WANBORNE_21410,15,21410,Goose Bay Svgn Bl,750mL,2,37.98,18.99,2024-04-14,750.0,2,0.22,4425,MARTIGNETTI COMPANIES
61_AETHELNEY_2299,61,2299,J Seeds Apple Cider Whiskey,50mL,5,4.95,0.99,2024-07-24,50.0,1,0.26,9165,ULTRA BEVERAGE COMPANY LLP 
47_PELLA'S WISH_29212,47,29212,R Mondavi Merlot Pvt Sel,750mL,3,23.97,7.99,2024-08-26,750.0,2,0.34,1392,CONSTELLATION BRANDS INC   
34_PITMERDEN_4698,34,4698,Metaxa 5 Star,750mL,7,111.93,15.99,2024-02-11,750.0,2,0.79,7239,REMY COINTREAU USA INC     
69_MOUNTMEND_3456,69,3456,Tanqueray Sterling Vodka,1.75L,1,16.99,16.99,2024-03-07,1750.0,1,1.84,3960,DIAGEO NORTH AMERICA INC   
69_MOUNTMEND_3923,69,3923,Don Julio 1942 Anejo Tequila,750mL,1,133.99,133.99,2024-05-05,750.0,1,0.79,3960,DIAGEO NORTH AMERICA INC   
73_DONCASTER_27221,73,27221,Poggio Antico 11 Brunello Mn,750mL,1,59.99,59.99,2024-10-28,750.0,2,0.11,7153,PINE STATE TRADING CO      
42_BLACK HOLLOW_2120,42,2120,Canadian Club,1.75L,1,15.99,15.99,2024-12-03,1750.0,1,1.84,12546,JIM BEAM BRANDS COMPANY    
58_HARTLEPOOL_28889,58,28889,Peter Vella Chard Cal B/B,5L,2,31.98,15.99,2024-04-17,5000.0,2,1.5,3252,E & J GALLO WINERY         
23_ARBINGTON_2752,23,2752,Johnnie Walker Black Label,750mL,1,34.99,34.99,2024-04-23,750.0,1,0.79,3960,DIAGEO NORTH AMERICA INC   
75_BARNCOMBE_2131,75,2131,Jack Daniels No 7 Black Trav,375mL,1,12.99,12.99,2024-01-31,375.0,1,0.39,1128,BROWN-FORMAN CORP          
21_BALERNO_6647,21,6647,Estancia Chard,750mL,2,17.98,8.99,2024-03-17,750.0,2,0.22,1392,CONSTELLATION BRANDS INC   
22_SHARNWICK_5725,22,5725,DeKuyper Sour Apple Pucker,750mL,2,19.98,9.99,2024-07-02,750.0,1,1.57,12546,JIM BEAM BRANDS COMPANY    
67_EANVERNESS_7993,67,7993,Stock Italian X Dry Vermouth,750mL,2,12.98,6.49,2024-01-09,750.0,1,1.57,8352,LUXCO INC                  
25_CAERSHIRE_35976,25,35976,Zeller Schwarze Rsl Valcknbg,750mL,1,9.99,9.99,2024-01-30,750.0,2,0.11,10754,PERFECTA WINES             
49_GARIGILL_450,49,450,Vincent Van Gogh Double Esp,750mL,1,24.99,24.99,2024-11-05,750.0,1,0.79,4425,MARTIGNETTI COMPANIES
41_LARNWICK_3235,41,3235,Absolut Berri Acai,750mL,1,17.99,17.99,2024-12-22,750.0,1,0.79,17035,PERNOD RICARD USA          
10_HORNSEY_426,10,426,Crystal Head Vodka,50mL,1,7.99,7.99,2024-10-04,50.0,1,0.05,9165,ULTRA BEVERAGE COMPANY LLP 
50_MOUNTMEND_26847,50,26847,Josh Cellars Craftsman Cab S,750mL,4,55.96,13.99,2024-11-06,750.0,2,0.45,4425,MARTIGNETTI COMPANIES
34_PITMERDEN_5394,34,5394,Goldschlager Cinnamon Schnap,375mL,2,21.98,10.99,2024-11-12,375.0,1,0.79,3960,DIAGEO NORTH AMERICA INC   
57_LANTEGLOS_5232,57,5232,DeKuyper Buttershots Schnaps,1.75L,1,14.99,14.99,2024-02-28,1750.0,1,1.84,12546,JIM BEAM BRANDS COMPANY    
20_BREDWARDINE_36771,20,36771,Yellow Tail Merlot Ausl,1.5L,2,17.9,8.95,2024-09-03,1500.0,2,0.45,4425,MARTIGNETTI COMPANIES
64_CESTERFIELD_7224,64,7224,Jagermeister Spice,750mL,1,15.99,15.99,2024-01-28,750.0,1,0.79,3089,SIDNEY FRANK IMPORTING CO  
54_GUTHRAM_8205,54,8205,Frangelico Hazelnut Liqueur,50mL,2,5.98,2.99,2024-02-09,50.0,1,0.1,11567,CAMPARI AMERICA            
58_HARTLEPOOL_4265,58,4265,Capt Morgan Spiced Rum,375mL,2,21.98,10.99,2024-02-25,375.0,1,0.79,3960,DIAGEO NORTH AMERICA INC   
67_EANVERNESS_43832,67,43832,3 Blind Moose Pnt Grigio Cal,750mL,1,10.99,10.99,2024-01-15,750.0,2,0.11,1392,CONSTELLATION BRANDS INC   
15_WANBORNE_36992,15,36992,Duck Pond Willamette Pnt Nr,750mL,3,50.97,16.99,2024-08-02,750.0,2,0.34,10754,PERFECTA WINES             
34_PITMERDEN_35862,34,35862,Allegrini Palazzo Della Tor,750mL,4,75.96,18.99,2024-05-27,750.0,2,0.45,3252,E & J GALLO WINERY         
74_PAENTMARWY_42663,74,42663,Beringer Fndr Est Pnt Grigio,750mL,2,23.98,11.99,2024-09-18,750.0,2,0.22,9819,TREASURY WINE ESTATES      
60_IRRAGIN_8258,60,8258,Campari,750mL,1,29.99,29.99,2024-11-07,750.0,1,0.79,11567,CAMPARI AMERICA            
69_MOUNTMEND_45831,69,45831,Lake Sonoma Chard RRV,750mL,1,16.99,16.99,2024-10-10,750.0,2,0.11,9165,ULTRA BEVERAGE COMPANY LLP 
9_BLACKPOOL_6420,9,6420,R M Woodbridge Chard Cal,750mL,1,5.99,5.99,2024-04-18,750.0,2,0.11,1392,CONSTELLATION BRANDS INC   
6_GOULCREST_567,6,567,Ketel One Vodka,Liter,17,492.83,28.99,2024-06-23,1000.0,1,17.85,3960,DIAGEO NORTH AMERICA INC   
35_HALIVAARA_3545,35,3545,Ketel One Vodka,1.75L,1,29.99,29.99,2024-12-17,1750.0,1,1.84,3960,DIAGEO NORTH AMERICA INC   
12_LEESIDE_5661,12,5661,Dr McGillicuddy's Root Beer,750mL,1,13.99,13.99,2024-12-02,750.0,1,0.79,8004,SAZERAC CO INC             
34_PITMERDEN_8462,34,8462,Frangelico Hazelnut Liqueur,750mL,2,43.98,21.99,2024-11-13,750.0,1,1.57,11567,CAMPARI AMERICA            
55_DRY GULCH_14895,55,14895,Vendange Pnt Grigio,1.5L,1,7.99,7.99,2024-04-27,1500.0,2,0.22,1392,CONSTELLATION BRANDS INC   
5_SUTTON_4878,5,4878,Allens Coffee Brandy,750mL,1,6.49,6.49,2024-03-16,750.0,1,0.79,9552,M S WALKER INC             
74_PAENTMARWY_4304,74,4304,Bacardi Mango Fusion,50mL,1,0.99,0.99,2024-01-07,50.0,1,0.05,480,BACARDI USA INC            
2_ASHBORNE_29619,2,29619,Schmitt Sohne Auslese,750mL,1,13.99,13.99,2024-03-12,750.0,2,0.11,9552,M S WALKER INC             
68_SOLARIS_37541,68,37541,Frogs Leap Cab Svgn Napa,750mL,1,52.99,52.99,2024-05-24,750.0,2,0.11,4425,MARTIGNETTI COMPANIES
70_KELD_3489,70,3489,Tanqueray,1.75L,1,27.99,27.99,2024-12-19,1750.0,1,1.84,3960,DIAGEO NORTH AMERICA INC   
79_BALLYMENA_35413,79,35413,Yellow Tail Shiraz Ausl,750mL,2,13.98,6.99,2024-01-28,750.0,2,0.22,4425,MARTIGNETTI COMPANIES
73_DONCASTER_3189,73,3189,Skyy Infusions Dragon Fruit,750mL,1,12.99,12.99,2024-05-15,750.0,1,0.79,11567,CAMPARI AMERICA            
41_LARNWICK_33582,41,33582,Villa Cornaro Prosecco Del,750mL,4,39.96,9.99,2024-07-20,750.0,2,0.45,4425,MARTIGNETTI COMPANIES
31_HORNSEY_5399,31,5399,Goldschlager Cinnamon Schna,50mL,7,13.93,1.99,2024-02-25,50.0,1,0.37,3960,DIAGEO NORTH AMERICA INC   
3_HORNSEY_2890,3,2890,Four Roses Bourbon,750mL,4,107.96,26.99,2024-05-21,750.0,1,3.15,9552,M S WALKER INC             
78_EASTHAVEN_2665,78,2665,Dewars White Label,750mL,1,23.99,23.99,2024-10-27,750.0,1,0.79,480,BACARDI USA INC            
64_CESTERFIELD_3851,64,3851,Grey Goose Vodka,375mL,1,15.99,15.99,2024-03-11,375.0,1,0.39,480,BACARDI USA INC            
14_BROMWICH_8370,14,8370,Chi Chi's Margarita,1.75L,2,17.98,8.99,2024-01-10,1750.0,1,3.67,660,SAZERAC NORTH AMERICA INC. 
37_PAETHSMOUTH_2250,37,2250,Jack Daniels Family 4 Pk/50m,50mL 4 Pk,1,14.99,14.99,2024-12-27,50.0,1,0.05,1128,BROWN-FORMAN CORP          
50_MOUNTMEND_3580,50,3580,Smirnoff Orange Vodka,750mL,1,12.99,12.99,2024-11-26,750.0,1,0.79,3960,DIAGEO NORTH AMERICA INC   
15_WANBORNE_24327,15,24327,La Crema Pnt Nr Sonoma Cst,750mL,1,19.99,19.99,2024-07-12,750.0,2,0.11,10000,MAJESTIC FINE WINES        
41_LARNWICK_8092,41,8092,Johnnie Walker Red Label,50mL,3,6.87,2.29,2024-02-25,50.0,1,0.16,3960,DIAGEO NORTH AMERICA INC   
69_MOUNTMEND_3821,69,3821,Smirnoff Vanilla Vodka,750mL,2,25.98,12.99,2024-07-01,750.0,1,1.57,3960,DIAGEO NORTH AMERICA INC   
15_WANBORNE_3696,15,3696,Gilbeys Vodka,1.75L,4,41.96,10.49,2024-08-05,1750.0,1,7.35,12546,JIM BEAM BRANDS COMPANY    
21_BALERNO_18743,21,18743,Ca'Momi Merlot Napa Valley,750mL,2,19.98,9.99,2024-06-23,750.0,2,0.22,10754,PERFECTA WINES             
32_MOUNTMEND_7341,32,7341,Smirnoff Watermelon,50mL,13,12.87,0.99,2024-04-02,50.0,1,0.68,3960,DIAGEO NORTH AMERICA INC   
47_PELLA'S WISH_37678,47,37678,Castle Rock Pnt Nr,750mL,1,12.99,12.99,2024-09-08,750.0,2,0.11,4425,MARTIGNETTI COMPANIES
28_LARNWICK_3766,28,3766,Three Olives Grape Vodka,750mL,1,12.99,12.99,2024-02-06,750.0,1,0.79,7245,PROXIMO SPIRITS INC.       
34_PITMERDEN_39335,34,39335,Phillips Seven Deadly Znfdl,750mL,5,74.95,14.99,2024-02-12,750.0,2,0.56,4425,MARTIGNETTI COMPANIES
73_DONCASTER_8233,73,8233,Beaulieu Cab Svgn Rutherford,750mL,1,21.99,21.99,2024-08-20,750.0,1,0.79,1590,DIAGEO CHATEAU ESTATE WINES
76_DONCASTER_16159,76,16159,Gnarly Head Authentic Red,750mL,1,9.99,9.99,2024-06-05,750.0,2,0.11,2242,DELICATO VINEYARDS INC     
44_PORTHCRAWL_26016,44,26016,Kuleto Native Son Napa Red,750mL,3,41.97,13.99,2024-10-14,750.0,2,0.34,4425,MARTIGNETTI COMPANIES
30_CULCHETH_5219,30,5219,Sambuca Romana Black,750mL,1,19.99,19.99,2024-01-19,750.0,1,0.79,3960,DIAGEO NORTH AMERICA INC   
66_EANVERNESS_27596,66,27596,MezzaCorona Pnt Grigio,750mL,1,7.99,7.99,2024-08-30,750.0,2,0.11,9165,ULTRA BEVERAGE COMPANY LLP 
73_DONCASTER_35914,73,35914,Stone Cellars Chard,1.5L,4,35.96,8.99,2024-07-16,1500.0,2,0.9,9819,TREASURY WINE ESTATES      
2_ASHBORNE_39923,2,39923,Sterling Vintner Clt Svgn Bl,750mL,2,19.98,9.99,2024-10-25,750.0,2,0.22,1590,DIAGEO CHATEAU ESTATE WINES
38_GOULCREST_9160,38,9160,Deep Eddy Peach Vodka,50mL,8,7.92,0.99,2024-07-19,50.0,1,0.42,3924,HEAVEN HILL DISTILLERIES   
25_CAERSHIRE_3545,25,3545,Ketel One Vodka,1.75L,3,104.97,34.99,2024-09-25,1750.0,1,5.51,3960,DIAGEO NORTH AMERICA INC   
72_HARDERSFIELD_29942,72,29942,Livingston Merlot Cal,3L,1,12.99,12.99,2024-04-06,3000.0,2,0.45,3252,E & J GALLO WINERY         
57_LANTEGLOS_4662,57,4662,Capt Morgan White PET,1.75L,2,39.98,19.99,2024-08-12,1750.0,1,3.67,3960,DIAGEO NORTH AMERICA INC   
25_CAERSHIRE_4804,25,4804,Rhum Barbancourt RSV Special,750mL,1,20.99,20.99,2024-10-03,750.0,1,0.79,6213,MHW LTD                    
55_DRY GULCH_12310,55,12310,Napa Cellars Pnt Nr Napa,750mL,1,18.99,18.99,2024-04-13,750.0,2,0.11,8892,TRINCHERO FAMILY ESTATES   
34_PITMERDEN_32906,34,32906,Sterling Vintners Cab Svgn C,750mL,1,11.99,11.99,2024-06-21,750.0,2,0.11,1590,DIAGEO CHATEAU ESTATE WINES
47_PELLA'S WISH_4269,47,4269,Calico Jack Spiced Rum,1.75L,1,12.99,12.99,2024-01-17,1750.0,1,1.84,12546,JIM BEAM BRANDS COMPANY    
16_LUNDY_8473,16,8473,1800 Silver Tequila,1.75L,1,32.99,32.99,2024-08-13,1750.0,1,1.84,7245,PROXIMO SPIRITS INC.       
38_GOULCREST_8480,38,8480,Clan MacGregor,1.75L,8,119.92,14.99,2024-12-08,1750.0,1,14.7,3664,WILLIAM GRANT & SONS INC   
60_IRRAGIN_46379,60,46379,Ghost Pine Cab Svgn LMartini,750mL,3,41.97,13.99,2024-10-23,750.0,2,0.34,3252,E & J GALLO WINERY         
49_GARIGILL_3879,49,3879,Smirnoff 80 Proof Traveler,750mL,2,21.98,10.99,2024-02-16,750.0,1,1.57,3960,DIAGEO NORTH AMERICA INC   
3_HORNSEY_6570,3,6570,Kendall Jackson Chard Vt RSV,750mL,2,21.98,10.99,2024-05-03,750.0,2,0.22,10000,MAJESTIC FINE WINES        
70_KELD_18857,70,18857,Barefoot Refresh Crisp White,750mL,3,17.97,5.99,2024-11-13,750.0,2,0.34,3252,E & J GALLO WINERY         
79_BALLYMENA_10927,79,10927,Barefoot Sparklng Pnt Grigio,750mL,1,9.99,9.99,2024-10-15,750.0,2,0.11,3252,E & J GALLO WINERY         
55_DRY GULCH_27808,55,27808,Blackstone Chard Monterey,750mL,1,7.99,7.99,2024-04-05,750.0,2,0.11,1392,CONSTELLATION BRANDS INC   
54_GUTHRAM_18027,54,18027,Banfi Rosa Regale,750mL,1,13.95,13.95,2024-12-23,750.0,2,0.11,516,BANFI PRODUCTS CORP        
50_MOUNTMEND_3679,50,3679,Chopin Vodka,750mL,1,21.99,21.99,2024-01-22,750.0,1,0.79,6213,MHW LTD                    
68_SOLARIS_8609,68,8609,Duboeuf Beaujolais Villages,750mL,2,19.98,9.99,2024-03-07,750.0,2,0.22,4425,MARTIGNETTI COMPANIES
11_CARDEND_23143,11,23143,Bogle Chard,750mL,6,47.94,7.99,2024-01-02,750.0,2,0.68,4425,MARTIGNETTI COMPANIES
50_MOUNTMEND_4282,50,4282,Capt Morgan White Pineapple,750mL,2,25.98,12.99,2024-05-30,750.0,1,1.57,3960,DIAGEO NORTH AMERICA INC   
13_TARMSWORTH_2952,13,2952,Old Bushmills,750mL,1,20.99,20.99,2024-01-14,750.0,1,0.79,7245,PROXIMO SPIRITS INC.       
16_LUNDY_31083,16,31083,Stags Leap Chard Napa,750mL,1,32.99,32.99,2024-01-22,750.0,2,0.11,8673,STE MICHELLE WINE ESTATES  
12_LEESIDE_6565,12,6565,Clos du Bois Cab Svgn N Cst,750mL,1,8.99,8.99,2024-07-29,750.0,2,0.11,1392,CONSTELLATION BRANDS INC   
71_CLARCTON_2952,71,2952,Old Bushmills,750mL,1,20.99,20.99,2024-01-02,750.0,1,0.79,7245,PROXIMO SPIRITS INC.       
26_KNIFE'S EDGE_3612,26,3612,Taaka Vodka,1.75L,1,10.99,10.99,2024-03-18,1750.0,1,1.84,8004,SAZERAC CO INC             
72_HARDERSFIELD_5365,72,5365,Kahlua,750mL,5,94.95,18.99,2024-03-29,750.0,1,3.94,17035,PERNOD RICARD USA          
76_DONCASTER_3598,76,3598,Ice Pik Vodka,750mL,2,27.98,13.99,2024-11-04,750.0,1,1.57,8150,SEA HAGG DISTILLERY LLC    
9_BLACKPOOL_2117,9,2117,Black Velvet Traveler,750mL,2,17.98,8.99,2024-12-15,750.0,1,1.57,1392,CONSTELLATION BRANDS INC   
69_MOUNTMEND_3802,69,3802,Three Olives Vodka,1.75L,4,75.96,18.99,2024-11-22,1750.0,1,7.35,7245,PROXIMO SPIRITS INC.       
54_GUTHRAM_2121,54,2121,Canadian Club Traveler,750mL,2,19.98,9.99,2024-10-01,750.0,1,1.57,12546,JIM BEAM BRANDS COMPANY    
25_CAERSHIRE_1550,25,1550,Jack Daniels Tennessee Fire,100mL,1,3.99,3.99,2024-01-19,100.0,1,0.1,1128,BROWN-FORMAN CORP          
10_HORNSEY_14666,10,14666,Raymond Family Clsc Cab Svgn,750mL,1,17.99,17.99,2024-01-16,750.0,2,0.11,4425,MARTIGNETTI COMPANIES
60_IRRAGIN_25519,60,25519,R.Mondavi PS Bourbon Barrel,750mL,2,23.98,11.99,2024-05-13,750.0,2,0.22,1392,CONSTELLATION BRANDS INC   
68_SOLARIS_8178,68,8178,Bulleit Bourbon,750mL,1,26.99,26.99,2024-07-12,750.0,1,0.79,3960,DIAGEO NORTH AMERICA INC   
69_MOUNTMEND_32988,69,32988,Barefoot Cab Svgn Cal,750mL,1,6.29,6.29,2024-05-20,750.0,2,0.11,3252,E & J GALLO WINERY         
66_EANVERNESS_8961,66,8961,Jose Cuervo Especial,50mL,6,8.94,1.49,2024-11-26,50.0,1,0.32,7245,PROXIMO SPIRITS INC.       
30_CULCHETH_5403,30,5403,Amaretto di Amore,750mL,2,19.98,9.99,2024-12-31,750.0,1,1.57,660,SAZERAC NORTH AMERICA INC. 
69_MOUNTMEND_3746,69,3746,Gordons Vodka 80 Proof,1.75L,13,168.87,12.99,2024-11-03,1750.0,1,23.89,3960,DIAGEO NORTH AMERICA INC   
21_BALERNO_6929,21,6929,Marie Brizard Orange Curacao,750mL,1,17.99,17.99,2024-02-06,750.0,1,0.79,8735,SURVILLE ENTERPRISES CORP  
16_LUNDY_2436,16,2436,Crown Royal,375mL,1,14.99,14.99,2024-07-10,375.0,1,0.39,3960,DIAGEO NORTH AMERICA INC   
56_BEGGAR'S HOLE_1233,56,1233,Jack Daniels No 7 Black,1.75L,2,79.98,39.99,2024-09-28,1750.0,1,3.67,1128,BROWN-FORMAN CORP          
4_EANVERNESS_37826,4,37826,Yellow Tail Cab Svgn Ausl,750mL,1,7.99,7.99,2024-07-08,750.0,2,0.11,4425,MARTIGNETTI COMPANIES
36_LEWES_3614,36,3614,Finlandia Vodka,1.75L,1,24.99,24.99,2024-01-11,1750.0,1,1.84,1128,BROWN-FORMAN CORP          
25_CAERSHIRE_8155,25,8155,Black Velvet Plastic,375mL,1,4.99,4.99,2024-07-06,375.0,1,0.39,1392,CONSTELLATION BRANDS INC   
34_PITMERDEN_26250,34,26250,Roederer Est Brut,750mL,1,21.99,21.99,2024-06-17,750.0,2,0.11,2000,SOUTHERN WINE & SPIRITS NE 
76_DONCASTER_3760,76,3760,Absolut Pears,750mL,2,33.98,16.99,2024-08-30,750.0,1,1.57,17035,PERNOD RICARD USA          
62_KILMARNOCK_37121,62,37121,Flag Hill Apple Cran NH,750mL,2,25.98,12.99,2024-12-09,750.0,2,0.22,17031,FLAG HILL WINERY & VINEYARD
66_EANVERNESS_2521,66,2521,Jameson Gold Rsv,750mL,1,89.99,89.99,2024-03-04,750.0,1,0.79,17035,PERNOD RICARD USA          
38_GOULCREST_34427,38,34427,Frei Bros RSV Cab Svgn Alex,750mL,3,62.97,20.99,2024-09-09,750.0,2,0.34,3252,E & J GALLO WINERY         
66_EANVERNESS_6984,66,6984,Kendall Jackson Vntrs RSV Me,750mL,1,16.99,16.99,2024-07-05,750.0,2,0.11,10000,MAJESTIC FINE WINES        
34_PITMERDEN_800,34,800,Jameson Irish Whiskey,Liter,2,63.98,31.99,2024-09-23,1000.0,1,2.1,17035,PERNOD RICARD USA          
8_ALNERWICK_3042,8,3042,Ciroc Red Berry Vodka,375mL,1,11.99,11.99,2024-11-01,375.0,1,0.39,3960,DIAGEO NORTH AMERICA INC   
23_ARBINGTON_8262,23,8262,Metcalfe's Vermont Maple,750mL,1,19.99,19.99,2024-11-21,750.0,1,0.79,9165,ULTRA BEVERAGE COMPANY LLP 
25_CAERSHIRE_5952,25,5952,Jagermeister Liqueur,50mL,1,1.99,1.99,2024-02-22,50.0,1,0.05,3089,SIDNEY FRANK IMPORTING CO  
64_CESTERFIELD_3858,64,3858,Grey Goose Vodka,750mL,3,68.97,22.99,2024-05-31,750.0,1,2.36,480,BACARDI USA INC            
7_STANMORE_14895,7,14895,Vendange Pnt Grigio,1.5L,2,15.98,7.99,2024-08-04,1500.0,2,0.45,1392,CONSTELLATION BRANDS INC   
38_GOULCREST_821,38,821,Grand Marnier,Liter,1,38.99,38.99,2024-11-19,1000.0,1,1.05,8112,MOET HENNESSY USA INC      
73_DONCASTER_12771,73,12771,Joel Gott Cab Svgn 815,750mL,1,13.99,13.99,2024-04-11,750.0,2,0.11,8892,TRINCHERO FAMILY ESTATES   
53_HILLFAR_3766,53,3766,Three Olives Grape Vodka,750mL,2,25.98,12.99,2024-07-30,750.0,1,1.57,7245,PROXIMO SPIRITS INC.       
71_CLARCTON_25870,71,25870,Man Svgn Bl,750mL,1,6.99,6.99,2024-08-18,750.0,2,0.11,1587,VINEYARD BRANDS INC        
8_ALNERWICK_25269,8,25269,R Mondavi Cab Svgn Pvt Sel,750mL,3,23.97,7.99,2024-08-12,750.0,2,0.34,1392,CONSTELLATION BRANDS INC   
34_PITMERDEN_7978,34,7978,M & R X Dry Vermouth,750mL,1,7.49,7.49,2024-03-17,750.0,1,0.79,480,BACARDI USA INC            
56_BEGGAR'S HOLE_8172,56,8172,DK Burst Blustery Peppermint,50mL,4,3.96,0.99,2024-08-17,50.0,1,0.21,12546,JIM BEAM BRANDS COMPANY    
73_DONCASTER_3455,73,3455,Stolichnaya Gluten Free 80*,750mL,2,33.98,16.99,2024-09-04,750.0,1,1.57,8664,"STOLI GROUP,(USA) LLC      "
2_ASHBORNE_15889,2,15889,R M Woodbridge Malbec,1.5L,1,8.99,8.99,2024-03-06,1500.0,2,0.22,1392,CONSTELLATION BRANDS INC   
67_EANVERNESS_7991,67,7991,Stock Italian X Dry Vermouth,1.5L,1,9.99,9.99,2024-01-26,1500.0,1,1.57,8352,LUXCO INC                  
33_HORNSEY_29248,33,29248,Toasted Head Chard,750mL,10,109.9,10.99,2024-03-11,750.0,2,1.12,1392,CONSTELLATION BRANDS INC   
71_CLARCTON_1233,71,1233,Jack Daniels No 7 Black,1.75L,2,75.98,37.99,2024-10-09,1750.0,1,3.67,1128,BROWN-FORMAN CORP          
73_DONCASTER_3896,73,3896,Zhenka Vodka,375mL,2,6.58,3.29,2024-06-21,375.0,1,0.79,9552,M S WALKER INC             
76_DONCASTER_14342,76,14342,Cupcake Pnt Nr,750mL,5,39.95,7.99,2024-05-13,750.0,2,0.56,9815,WINE GROUP INC             
68_SOLARIS_26787,68,26787,Moet & Chandon Imperial,187mL,2,20.98,10.49,2024-07-29,187.0,2,0.06,8112,MOET HENNESSY USA INC      
76_DONCASTER_44334,76,44334,Noble Vines 337 Cab Svgn,750mL,3,35.97,11.99,2024-07-03,750.0,2,0.34,2242,DELICATO VINEYARDS INC     
19_WINTERVALE_3781,19,3781,Three Olives Vanilla Vodka,750mL,2,23.98,11.99,2024-12-15,750.0,1,1.57,7245,PROXIMO SPIRITS INC.       
45_VERITAS_4736,45,4736,Capt Morgan Spiced Rum,100mL,1,2.99,2.99,2024-04-01,100.0,1,0.1,3960,DIAGEO NORTH AMERICA INC   
58_HARTLEPOOL_3522,58,3522,Platinum 7X Distilled Vodka,1.75L,4,51.96,12.99,2024-08-31,1750.0,1,7.35,8004,SAZERAC CO INC             
42_BLACK HOLLOW_8413,42,8413,St Elder Elderflower Liqueur,750mL,1,17.99,17.99,2024-08-21,750.0,1,0.79,9552,M S WALKER INC             
13_TARMSWORTH_4174,13,4174,Kraken Black Spiced Rum,1.75L,2,57.98,28.99,2024-12-08,1750.0,1,3.67,7245,PROXIMO SPIRITS INC.       
25_CAERSHIRE_4233,25,4233,Castillo Silver Label Rum,1.75L,1,10.99,10.99,2024-12-30,1750.0,1,1.84,480,BACARDI USA INC            
15_WANBORNE_5447,15,5447,Jagermeister Liqueur,375mL,2,19.98,9.99,2024-03-24,375.0,1,0.79,3089,SIDNEY FRANK IMPORTING CO  
37_PAETHSMOUTH_8346,37,8346,Marques de Riscal Rioja Red,750mL,3,53.97,17.99,2024-05-12,750.0,2,0.34,8320,SHAW ROSS INT L IMP LTD    
48_NORFOLK_7991,48,7991,Stock Italian X Dry Vermouth,1.5L,3,29.97,9.99,2024-01-05,1500.0,1,4.72,8352,LUXCO INC                  
24_PALPERROTH_3879,24,3879,Smirnoff 80 Proof Traveler,750mL,2,25.98,12.99,2024-08-01,750.0,1,1.57,3960,DIAGEO NORTH AMERICA INC   
41_LARNWICK_3731,41,3731,Absolut Apeach,750mL,1,17.99,17.99,2024-01-22,750.0,1,0.79,17035,PERNOD RICARD USA          
39_EASTHALLOW_4264,39,4264,Capt Morgan Spiced Rum Trav,750mL,1,14.99,14.99,2024-04-28,750.0,1,0.79,3960,DIAGEO NORTH AMERICA INC   
61_AETHELNEY_3456,61,3456,Tanqueray Sterling Vodka,1.75L,1,16.99,16.99,2024-03-29,1750.0,1,1.84,3960,DIAGEO NORTH AMERICA INC   
33_HORNSEY_40801,33,40801,Sileni Sauvignon Blanc,750mL,1,10.99,10.99,2024-06-07,750.0,2,0.11,7153,PINE STATE TRADING CO      
76_DONCASTER_3921,76,3921,Espolon Reposado Tequila,750mL,2,53.98,26.99,2024-07-15,750.0,1,1.57,11567,CAMPARI AMERICA            
23_ARBINGTON_12534,23,12534,Ch Beaulieu Grand Vin Brdx,750mL,1,9.99,9.99,2024-02-19,750.0,2,0.11,10754,PERFECTA WINES             
14_BROMWICH_7917,14,7917,Tooters Ala-Bama Slama 15 Pk,375mL,13,116.87,8.99,2024-07-01,375.0,1,5.12,5270,MANGO BOTTLING INC         
38_GOULCREST_2132,38,2132,Lord Calvert Canadian,1.75L,14,181.86,12.99,2024-01-12,1750.0,1,25.72,8352,LUXCO INC                  
55_DRY GULCH_4628,55,4628,Martell Cordon Bleu,750mL,1,114.99,114.99,2024-11-22,750.0,1,0.79,17035,PERNOD RICARD USA          
70_KELD_5299,70,5299,Southern Comfort,1.75L,1,21.99,21.99,2024-04-18,1750.0,1,1.84,1128,BROWN-FORMAN CORP          
74_PAENTMARWY_3754,74,3754,Smirnoff Blueberry Vodka,750mL,1,12.99,12.99,2024-11-16,750.0,1,0.79,3960,DIAGEO NORTH AMERICA INC   
28_LARNWICK_3837,28,3837,Skyy Vodka,50mL,4,3.96,0.99,2024-05-02,50.0,1,0.21,11567,CAMPARI AMERICA            
49_GARIGILL_1378,49,1378,Jim Beam,375mL,1,9.49,9.49,2024-11-17,375.0,1,0.39,12546,JIM BEAM BRANDS COMPANY    
38_GOULCREST_822,38,822,Tanqueray,Liter,4,107.96,26.99,2024-03-12,1000.0,1,4.2,3960,DIAGEO NORTH AMERICA INC   
10_HORNSEY_4673,10,4673,Hennessy VS Cognac,1.75L,2,139.98,69.99,2024-10-30,1750.0,1,3.67,8112,MOET HENNESSY USA INC      
73_DONCASTER_5849,73,5849,GranGala Triple Orange,750mL,2,33.98,16.99,2024-12-05,750.0,1,1.57,8004,SAZERAC CO INC             
67_EANVERNESS_6599,67,6599,Estancia Cab Svgn Paso Roble,750mL,5,47.45,9.49,2024-08-13,750.0,2,0.56,1392,CONSTELLATION BRANDS INC   
18_FURNESS_4223,18,4223,Bacardi Gold Rum,1.75L,1,23.99,23.99,2024-04-07,1750.0,1,1.84,480,BACARDI USA INC            
9_BLACKPOOL_39716,9,39716,Ravenswood Vntrs Blnd Shiraz,750mL,2,17.98,8.99,2024-07-14,750.0,2,0.22,1392,CONSTELLATION BRANDS INC   
71_CLARCTON_3102,71,3102,Smirnoff Traveler,1.75L,2,35.98,17.99,2024-02-08,1750.0,1,3.67,3960,DIAGEO NORTH AMERICA INC   
73_DONCASTER_8496,73,8496,Jadot Chardonnay,750mL,1,14.99,14.99,2024-10-28,750.0,1,0.79,4692,KOBRAND CORPORATION        
14_BROMWICH_2327,14,2327,Crown Royal Shot Glass VAP,750mL + 1/,2,41.98,20.99,2024-06-22,750.0,1,1.57,3960,DIAGEO NORTH AMERICA INC   
10_HORNSEY_5111,10,5111,Dr McGillicuddy's Mentholmnt,50mL,22,21.78,0.99,2024-05-12,50.0,1,1.16,8004,SAZERAC CO INC             
38_GOULCREST_8778,38,8778,Bulleit Bourbon,1.75L,2,95.98,47.99,2024-05-29,1750.0,1,3.67,3960,DIAGEO NORTH AMERICA INC   
19_WINTERVALE_4798,19,4798,Sambuca Romana Liqueur,50mL,7,13.93,1.99,2024-02-21,50.0,1,0.37,3960,DIAGEO NORTH AMERICA INC   
27_MOUNTMEND_14672,27,14672,Duckhorn Decoy Cab Svgn,750mL,1,16.95,16.95,2024-08-26,750.0,2,0.11,4425,MARTIGNETTI COMPANIES
14_BROMWICH_4382,14,4382,Admiral Nelson Spiced Rum,1.75L,1,12.99,12.99,2024-06-05,1750.0,1,1.84,3924,HEAVEN HILL DISTILLERIES   
20_BREDWARDINE_3879,20,3879,Smirnoff 80 Proof Traveler,750mL,3,32.97,10.99,2024-02-16,750.0,1,2.36,3960,DIAGEO NORTH AMERICA INC   
6_GOULCREST_5491,6,5491,Rumpleminze,50mL,15,29.85,1.99,2024-09-01,50.0,1,0.79,3960,DIAGEO NORTH AMERICA INC   
19_WINTERVALE_13807,19,13807,Oh Schist Rsl,750mL,4,35.96,8.99,2024-12-30,750.0,2,0.45,9552,M S WALKER INC             
60_IRRAGIN_1789,60,1789,Jack Daniels Tennesse Fire,750mL,5,114.95,22.99,2024-03-18,750.0,1,3.94,1128,BROWN-FORMAN CORP          
61_AETHELNEY_3016,61,3016,Bombay Sapphire East Gin,750mL,1,19.99,19.99,2024-08-19,750.0,1,0.79,480,BACARDI USA INC            
61_AETHELNEY_8513,61,8513,Baileys Irish Cream Mini's 4,100mL 4 Pk,1,8.99,8.99,2024-02-03,100.0,1,0.1,3960,DIAGEO NORTH AMERICA INC   
67_EANVERNESS_35606,67,35606,Castle Rock Chard Cntrl Cst,750mL,1,10.99,10.99,2024-05-13,750.0,2,0.11,4425,MARTIGNETTI COMPANIES
75_BARNCOMBE_3899,75,3899,Platinum 7X Distilled Vodka,375mL,2,7.98,3.99,2024-08-29,375.0,1,0.79,8004,SAZERAC CO INC             
47_PELLA'S WISH_4296,47,4296,Ronrico Silver Rum,1.75L,1,12.99,12.99,2024-07-10,1750.0,1,1.84,12546,JIM BEAM BRANDS COMPANY    
24_PALPERROTH_3746,24,3746,Gordons Vodka 80 Proof,1.75L,2,25.98,12.99,2024-09-02,1750.0,1,3.67,3960,DIAGEO NORTH AMERICA INC   
56_BEGGAR'S HOLE_4152,56,4152,Jenkins Rum,750mL,2,9.98,4.99,2024-11-05,750.0,1,1.57,9552,M S WALKER INC             
74_PAENTMARWY_5368,74,5368,Midori Melon Liqueur,750mL,2,43.98,21.99,2024-08-13,750.0,1,1.57,12546,JIM BEAM BRANDS COMPANY    
63_SWORDBREAK_31466,63,31466,Ch Carignan Brdx,750mL,1,21.99,21.99,2024-08-08,750.0,2,0.11,4425,MARTIGNETTI COMPANIES
68_SOLARIS_18332,68,18332,Ch Daqueria Tavel Rose,750mL,1,12.99,12.99,2024-06-21,750.0,2,0.11,4692,KOBRAND CORPORATION        
7_STANMORE_7849,7,7849,Tooters Apple-tini 15 Pk,375mL,4,35.96,8.99,2024-07-18,375.0,1,1.57,5270,MANGO BOTTLING INC         
33_HORNSEY_1079,33,1079,Weller Antique -Hanover Chop,750mL,8,183.92,22.99,2024-06-06,750.0,1,6.3,8004,SAZERAC CO INC             
4_EANVERNESS_31349,4,31349,Big House Red Cal,750mL,2,13.98,6.99,2024-01-23,750.0,2,0.22,9815,WINE GROUP INC             
19_WINTERVALE_44494,19,44494,Smoking Loon Pnt Grigio Cal,750mL,4,31.96,7.99,2024-09-13,750.0,2,0.45,9552,M S WALKER INC             
38_GOULCREST_5875,38,5875,Malibu Light Bl Hawaiian RTD,1.75L,2,35.98,17.99,2024-03-18,1750.0,1,3.67,17035,PERNOD RICARD USA          
49_GARIGILL_5447,49,5447,Jagermeister Liqueur,375mL,5,49.95,9.99,2024-07-29,375.0,1,1.97,3089,SIDNEY FRANK IMPORTING CO  
50_MOUNTMEND_17145,50,17145,Honeymaker Blueberry Mead,750mL,1,17.99,17.99,2024-04-13,750.0,2,0.11,9165,ULTRA BEVERAGE COMPANY LLP 
73_DONCASTER_23129,73,23129,Sensi 18K Prosecco,750mL,1,18.99,18.99,2024-05-20,750.0,2,0.11,4425,MARTIGNETTI COMPANIES
72_HARDERSFIELD_3038,72,3038,Zhenka Raspberry Vodka,1.75L,1,8.99,8.99,2024-08-07,1750.0,1,1.84,9552,M S WALKER INC             
21_BALERNO_19336,21,19336,Moletto Prosecco,187mL,24,95.76,3.99,2024-04-27,187.0,2,0.67,4848,LAIRD & CO                 
33_HORNSEY_7715,33,7715,Andre Extra Dry,750mL,2,11.98,5.99,2024-09-06,750.0,2,0.22,3252,E & J GALLO WINERY         
77_TAMWORTH_6579,77,6579,J Lohr Riverstone Chard,750mL,1,8.95,8.95,2024-07-07,750.0,2,0.11,4425,MARTIGNETTI COMPANIES
49_GARIGILL_12771,49,12771,Joel Gott Cab Svgn 815,750mL,3,38.97,12.99,2024-12-18,750.0,2,0.34,8892,TRINCHERO FAMILY ESTATES   
66_EANVERNESS_34903,66,34903,Smoking Loon Cab Svgn,750mL,3,23.97,7.99,2024-09-11,750.0,2,0.34,9552,M S WALKER INC             
79_BALLYMENA_2512,79,2512,The Macallan 12 Yr Old,375mL,1,34.99,34.99,2024-01-25,375.0,1,0.39,2561,EDRINGTON AMERICAS         
50_MOUNTMEND_2942,50,2942,Glen Grant 10 Yr Single Malt,750mL,1,34.99,34.99,2024-03-08,750.0,1,0.79,11567,CAMPARI AMERICA            
50_MOUNTMEND_3840,50,3840,Smirnoff Raspberry Vodka,1.75L,3,68.97,22.99,2024-07-24,1750.0,1,5.51,3960,DIAGEO NORTH AMERICA INC   
74_PAENTMARWY_32074,74,32074,Warre's Kings Tawny Porto,750mL,1,12.99,12.99,2024-06-23,750.0,2,0.11,1587,VINEYARD BRANDS INC        
61_AETHELNEY_1789,61,1789,Jack Daniels Tennesse Fire,750mL,2,51.98,25.99,2024-02-12,750.0,1,1.57,1128,BROWN-FORMAN CORP          
74_PAENTMARWY_42765,74,42765,14 Hands Chard Wash,750mL,2,19.98,9.99,2024-02-06,750.0,2,0.22,8673,STE MICHELLE WINE ESTATES  
78_EASTHAVEN_6349,78,6349,Glen Ellen Chard RSV,1.5L,1,6.99,6.99,2024-04-13,1500.0,2,0.22,9815,WINE GROUP INC             
66_EANVERNESS_3782,66,3782,Grey Goose Le Citron Vodka,750mL,2,55.98,27.99,2024-09-30,750.0,1,1.57,480,BACARDI USA INC            
29_AYLESBURY_6281,29,6281,Franzia Sunset Blush Tap,5L,1,12.99,12.99,2024-12-05,5000.0,2,0.75,9815,WINE GROUP INC             
56_BEGGAR'S HOLE_8421,56,8421,Beringer Classic Wh Znfdl,750mL,1,6.99,6.99,2024-10-13,750.0,2,0.11,9819,TREASURY WINE ESTATES      
20_BREDWARDINE_4410,20,4410,Cruzan Mango Flavored Rum,750mL,2,19.98,9.99,2024-08-27,750.0,1,1.57,12546,JIM BEAM BRANDS COMPANY    
6_GOULCREST_8576,6,8576,E & J Brandy VS,375mL,5,24.95,4.99,2024-11-22,375.0,1,1.97,3252,E & J GALLO WINERY         
2_ASHBORNE_31186,2,31186,Almaden Merlot Cal B/B,5L,3,47.97,15.99,2024-02-12,5000.0,2,2.25,9815,WINE GROUP INC             
73_DONCASTER_8482,73,8482,Cabot Trail Cana Cream Maple,750mL,1,21.99,21.99,2024-04-18,750.0,1,0.79,9165,ULTRA BEVERAGE COMPANY LLP 
41_LARNWICK_8442,41,8442,1800 Silver Tequila,375mL,1,14.49,14.49,2024-12-18,375.0,1,0.39,7245,PROXIMO SPIRITS INC.       
10_HORNSEY_11640,10,11640,F Coppola Emerald Pnt Grigio,750mL,1,13.99,13.99,2024-12-15,750.0,2,0.11,2000,SOUTHERN WINE & SPIRITS NE 
22_SHARNWICK_8118,22,8118,Mr Boston Blackberry Brandy,750mL,2,11.98,5.99,2024-08-20,750.0,1,1.57,660,SAZERAC NORTH AMERICA INC. 
38_GOULCREST_21317,38,21317,Bartenura Moscato,750mL,2,27.98,13.99,2024-10-14,750.0,2,0.22,4425,MARTIGNETTI COMPANIES
49_GARIGILL_7994,49,7994,Stock Italian Sweet Vermouth,1.5L,1,9.99,9.99,2024-10-02,1500.0,1,1.57,8352,LUXCO INC                  
73_DONCASTER_8296,73,8296,Knob Creek Smoked Maple,750mL,3,89.97,29.99,2024-12-15,750.0,1,2.36,12546,JIM BEAM BRANDS COMPANY    
29_AYLESBURY_8130,29,8130,Bacardi Superior Rum,50mL,7,9.03,1.29,2024-05-13,50.0,1,0.37,480,BACARDI USA INC            
12_LEESIDE_41213,12,41213,A to Z Pnt Nr Ore,750mL,1,19.99,19.99,2024-01-16,750.0,2,0.11,9165,ULTRA BEVERAGE COMPANY LLP 
58_HARTLEPOOL_597,58,597,Baileys Irish Cream,Liter,2,55.98,27.99,2024-10-27,1000.0,1,2.1,3960,DIAGEO NORTH AMERICA INC   
8_ALNERWICK_21985,8,21985,Menage a Trois Midnight,750mL,1,10.99,10.99,2024-09-01,750.0,2,0.11,8892,TRINCHERO FAMILY ESTATES   
67_EANVERNESS_37046,67,37046,Truchard Znfdl,750mL,1,14.99,14.99,2024-09-30,750.0,2,0.11,10754,PERFECTA WINES             
12_LEESIDE_6264,12,6264,Cooks Extra Dry,750mL,12,83.88,6.99,2024-03-26,750.0,2,1.35,1392,CONSTELLATION BRANDS INC   
32_MOUNTMEND_4478,32,4478,Myers Original Dark Rum,750mL,1,17.99,17.99,2024-07-17,750.0,1,0.79,3960,DIAGEO NORTH AMERICA INC   
60_IRRAGIN_45525,60,45525,Natura Colchagua Carmenere,750mL,1,8.99,8.99,2024-09-05,750.0,2,0.11,516,BANFI PRODUCTS CORP        
71_CLARCTON_6264,71,6264,Cooks Extra Dry,750mL,1,7.99,7.99,2024-12-03,750.0,2,0.11,1392,CONSTELLATION BRANDS INC   
69_MOUNTMEND_19947,69,19947,Josh Cellars Svgn Bl,750mL,1,14.99,14.99,2024-06-09,750.0,2,0.11,4425,MARTIGNETTI COMPANIES
71_CLARCTON_5094,71,5094,Jagermeister Liqueur,100mL,2,6.98,3.49,2024-04-22,100.0,1,0.21,3089,SIDNEY FRANK IMPORTING CO  
51_ABERDEEN_3606,51,3606,Smirnoff Raspberry Vodka,50mL,11,10.89,0.99,2024-01-08,50.0,1,0.58,3960,DIAGEO NORTH AMERICA INC   
26_KNIFE'S EDGE_39087,26,39087,Corbett Canyon Pnt Grigio,3L,1,12.99,12.99,2024-03-10,3000.0,2,0.45,9815,WINE GROUP INC             
38_GOULCREST_497,38,497,Capt Morgan Spiced Rum,Liter,4,79.96,19.99,2024-05-12,1000.0,1,4.2,3960,DIAGEO NORTH AMERICA INC   
8_ALNERWICK_38850,8,38850,Ravenswood Vntrs Bl Cab Svgn,750mL,2,15.98,7.99,2024-10-27,750.0,2,0.22,1392,CONSTELLATION BRANDS INC   
7_STANMORE_8064,7,8064,Canadian Club,50mL,2,1.98,0.99,2024-08-20,50.0,1,0.1,12546,JIM BEAM BRANDS COMPANY    
33_HORNSEY_8535,33,8535,Arrow Peppermint Schnapps,375mL,1,3.99,3.99,2024-05-24,375.0,1,0.39,8352,LUXCO INC                  
68_SOLARIS_15146,68,15146,Achaval Ferrer Malbec,750mL,1,18.99,18.99,2024-08-04,750.0,2,0.11,8664,"STOLI GROUP,(USA) LLC      "
54_GUTHRAM_13052,54,13052,Ch Ste Michelle Gewurz Colum,750mL,2,19.98,9.99,2024-10-02,750.0,2,0.22,8673,STE MICHELLE WINE ESTATES  
6_GOULCREST_6869,6,6869,Benziger Chard,750mL,3,38.97,12.99,2024-03-06,750.0,2,0.34,9815,WINE GROUP INC             
34_PITMERDEN_13268,34,13268,Backhouse Chard,750mL,1,6.99,6.99,2024-01-25,750.0,2,0.11,7153,PINE STATE TRADING CO      
78_EASTHAVEN_3826,78,3826,Skyy Vodka,1.75L,1,24.99,24.99,2024-09-18,1750.0,1,1.84,11567,CAMPARI AMERICA            
44_PORTHCRAWL_46021,44,46021,Spellbound Cab Svgn Cal,750mL,3,29.97,9.99,2024-05-13,750.0,2,0.34,9165,ULTRA BEVERAGE COMPANY LLP 
10_HORNSEY_4299,10,4299,Capt Morgan White Grapefruit,750mL,4,51.96,12.99,2024-05-28,750.0,1,3.15,3960,DIAGEO NORTH AMERICA INC   
64_CESTERFIELD_29942,64,29942,Livingston Merlot Cal,3L,1,12.99,12.99,2024-06-09,3000.0,2,0.45,3252,E & J GALLO WINERY         
10_HORNSEY_3945,10,3945,Sauza Conmemorativo,750mL,1,17.99,17.99,2024-02-05,750.0,1,0.79,12546,JIM BEAM BRANDS COMPANY    
78_EASTHAVEN_854,78,854,Seagrams VO Canadian Whiskey,Liter,1,15.99,15.99,2024-11-22,1000.0,1,1.05,3960,DIAGEO NORTH AMERICA INC   
64_CESTERFIELD_27503,64,27503,Ch Ste Michelle Hrse Hvn Svg,750mL,5,59.95,11.99,2024-07-01,750.0,2,0.56,8673,STE MICHELLE WINE ESTATES  
69_MOUNTMEND_15401,69,15401,Red Rock Pnt Nr,750mL,1,9.99,9.99,2024-12-26,750.0,2,0.11,3252,E & J GALLO WINERY         
33_HORNSEY_2508,33,2508,Crown Royal No Harvest Rye,50mL,2,3.98,1.99,2024-04-29,50.0,1,0.1,3960,DIAGEO NORTH AMERICA INC   
51_ABERDEEN_8626,51,8626,Ezra Brooks,1.75L,1,19.99,19.99,2024-09-28,1750.0,1,1.84,8352,LUXCO INC                  
33_HORNSEY_3189,33,3189,Skyy Infusions Dragon Fruit,750mL,1,9.99,9.99,2024-06-01,750.0,1,0.79,11567,CAMPARI AMERICA            
19_WINTERVALE_38549,19,38549,Stemmari Nero D'Avola,750mL,2,17.98,8.99,2024-09-26,750.0,2,0.22,9165,ULTRA BEVERAGE COMPANY LLP 
25_CAERSHIRE_3529,25,3529,U V Vodka,1.75L,1,13.99,13.99,2024-11-16,1750.0,1,1.84,9206,PHILLIPS PRODUCTS CO.      
73_DONCASTER_8120,73,8120,Tribuno Sweet Vermouth,1.5L,7,62.93,8.99,2024-11-06,1500.0,1,11.02,9815,WINE GROUP INC             
62_KILMARNOCK_171,62,171,Gentleman Jack,1.75L,1,54.99,54.99,2024-11-20,1750.0,1,1.84,1128,BROWN-FORMAN CORP          
76_DONCASTER_27368,76,27368,Muga Rioja RSV,750mL,2,41.98,20.99,2024-05-22,750.0,2,0.22,9552,M S WALKER INC             
40_BULLMAR_34905,40,34905,Smoking Loon Merlot,750mL,2,17.98,8.99,2024-11-19,750.0,2,0.22,9552,M S WALKER INC             
14_BROMWICH_3038,14,3038,Zhenka Raspberry Vodka,1.75L,1,10.99,10.99,2024-11-19,1750.0,1,1.84,9552,M S WALKER INC             
12_LEESIDE_23095,12,23095,Glen Ellen Cab Svgn RSV,1.5L,3,20.97,6.99,2024-09-01,1500.0,2,0.68,9815,WINE GROUP INC             
4_EANVERNESS_3736,4,3736,Smirnoff Cherry Vodka,750mL,1,10.99,10.99,2024-09-15,750.0,1,0.79,3960,DIAGEO NORTH AMERICA INC   
66_EANVERNESS_8178,66,8178,Bulleit Bourbon,750mL,2,55.98,27.99,2024-04-23,750.0,1,1.57,3960,DIAGEO NORTH AMERICA INC   
29_AYLESBURY_39146,29,39146,Matua Svgn Bl Marlboro,750mL,1,11.99,11.99,2024-03-23,750.0,2,0.11,9819,TREASURY WINE ESTATES      
1_HARDERSFIELD_6526,1,6526,Peter Lehmann Shiraz,750mL,1,7.99,7.99,2024-01-24,750.0,2,0.11,4425,MARTIGNETTI COMPANIES
76_DONCASTER_4174,76,4174,Kraken Black Spiced Rum,1.75L,1,26.99,26.99,2024-01-09,1750.0,1,1.84,7245,PROXIMO SPIRITS INC.       
29_AYLESBURY_8172,29,8172,DK Burst Blustery Peppermint,50mL,2,1.98,0.99,2024-09-11,50.0,1,0.1,12546,JIM BEAM BRANDS COMPANY    
48_NORFOLK_14240,48,14240,Ninety+Cellars Lot 2 Svgn Bl,750mL,4,35.96,8.99,2024-06-24,750.0,2,0.45,4950,LATITUDE BEVERAGE COMPANY  
8_ALNERWICK_3899,8,3899,Platinum 7X Distilled Vodka,375mL,1,3.99,3.99,2024-10-26,375.0,1,0.39,8004,SAZERAC CO INC             
34_PITMERDEN_8345,34,8345,R M Woodbridge Cab Svgn Cal,750mL,1,6.99,6.99,2024-10-24,750.0,2,0.11,1392,CONSTELLATION BRANDS INC   
11_CARDEND_3102,11,3102,Smirnoff Traveler,1.75L,6,101.94,16.99,2024-06-01,1750.0,1,11.02,3960,DIAGEO NORTH AMERICA INC   
77_TAMWORTH_27233,77,27233,Turning Leaf RSV Merlot Cal,750mL,1,5.99,5.99,2024-06-13,750.0,2,0.11,3252,E & J GALLO WINERY         
34_PITMERDEN_3660,34,3660,Deep Eddy Ruby Red Vodka,1.75L,1,27.99,27.99,2024-12-06,1750.0,1,1.84,3924,HEAVEN HILL DISTILLERIES   
9_BLACKPOOL_6958,9,6958,Vendange Svgn Bl,1.5L,2,15.98,7.99,2024-11-05,1500.0,2,0.45,1392,CONSTELLATION BRANDS INC   
73_DONCASTER_5877,73,5877,Ryans Irish Cream,50mL,2,1.98,0.99,2024-10-29,50.0,1,0.1,8004,SAZERAC CO INC             
2_ASHBORNE_6960,2,6960,Cooks Brut,750mL,8,55.92,6.99,2024-05-22,750.0,2,0.9,1392,CONSTELLATION BRANDS INC   
70_KELD_5758,70,5758,1800 Ultimate Margarita RTD,1.75L,1,19.99,19.99,2024-03-31,1750.0,1,1.84,7245,PROXIMO SPIRITS INC.       
74_PAENTMARWY_903,74,903,Bombay Sapphire Gin,Liter,1,27.99,27.99,2024-12-16,1000.0,1,1.05,480,BACARDI USA INC            
59_CLAETHORPES_1728,59,1728,Aberlour 16 Year Old Single,750mL,1,59.99,59.99,2024-12-02,750.0,1,0.79,17035,PERNOD RICARD USA          
50_MOUNTMEND_859,50,859,Beefeater Gin,Liter,2,45.98,22.99,2024-06-16,1000.0,1,2.1,17035,PERNOD RICARD USA          
39_EASTHALLOW_2589,39,2589,Jameson Irish Whiskey,1.75L,4,171.96,42.99,2024-04-20,1750.0,1,7.35,17035,PERNOD RICARD USA          
67_EANVERNESS_1297,67,1297,Jim Beam Black,50mL,5,4.95,0.99,2024-09-11,50.0,1,0.26,12546,JIM BEAM BRANDS COMPANY    
18_FURNESS_482,18,482,Absolut 80 Proof,Liter,1,21.99,21.99,2024-02-02,1000.0,1,1.05,17035,PERNOD RICARD USA          
14_BROMWICH_3798,14,3798,Ciroc Apple Vodka,750mL,1,24.99,24.99,2024-04-28,750.0,1,0.79,3960,DIAGEO NORTH AMERICA INC   
40_BULLMAR_6855,40,6855,Midnight Moon Apple Pie,750mL,1,19.99,19.99,2024-11-04,750.0,1,0.79,9165,ULTRA BEVERAGE COMPANY LLP 
51_ABERDEEN_4277,51,4277,Bacardi Limon Rum,375mL,3,13.47,4.49,2024-10-08,375.0,1,1.18,480,BACARDI USA INC            
47_PELLA'S WISH_8111,47,8111,Smirnoff 80 Proof,50mL,2,1.98,0.99,2024-04-02,50.0,1,0.1,3960,DIAGEO NORTH AMERICA INC   
40_BULLMAR_35472,40,35472,R M Woodbridge Pnt Grigio,1.5L,1,8.99,8.99,2024-07-23,1500.0,2,0.22,1392,CONSTELLATION BRANDS INC   
55_DRY GULCH_7985,55,7985,Noilly Prat Extra Dry Vermou,Liter,1,9.99,9.99,2024-05-25,1000.0,1,1.05,480,BACARDI USA INC            
66_EANVERNESS_43873,66,43873,Duckhorn Cab Svgn Napa,750mL,2,135.98,67.99,2024-07-22,750.0,2,0.22,4425,MARTIGNETTI COMPANIES
55_DRY GULCH_8050,55,8050,Absolut Mandrin,750mL,1,17.99,17.99,2024-06-01,750.0,1,0.79,17035,PERNOD RICARD USA          
1_HARDERSFIELD_37828,1,37828,Yellow Tail Shiraz/Cab Ausl,1.5L,4,41.96,10.49,2024-09-30,1500.0,2,0.9,4425,MARTIGNETTI COMPANIES
78_EASTHAVEN_4181,78,4181,Calypso Spiced Rum,1.75L,1,11.99,11.99,2024-06-18,1750.0,1,1.84,660,SAZERAC NORTH AMERICA INC. 
72_HARDERSFIELD_3970,72,3970,El Toro Gold,750mL,1,9.29,9.29,2024-01-10,750.0,1,0.79,660,SAZERAC NORTH AMERICA INC. 
23_ARBINGTON_3257,23,3257,Gilbeys London Dry Trav,750mL,1,5.99,5.99,2024-05-11,750.0,1,0.79,12546,JIM BEAM BRANDS COMPANY    
79_BALLYMENA_4053,79,4053,Bird Dog Strawberry Whiskey,750mL,1,12.99,12.99,2024-07-21,750.0,1,0.79,9625,WESTERN SPIRITS BEVERAGE CO
23_ARBINGTON_31541,23,31541,Morgan Winery Highland Chard,750mL,2,43.98,21.99,2024-07-20,750.0,2,0.22,10754,PERFECTA WINES             
49_GARIGILL_25570,49,25570,Steele Wines Scarlet Lake Cn,750mL,12,83.88,6.99,2024-06-29,750.0,2,1.35,9552,M S WALKER INC             
67_EANVERNESS_10722,67,10722,R M Woodbridge Chard,750mL,6,41.94,6.99,2024-08-08,750.0,2,0.68,1392,CONSTELLATION BRANDS INC   
22_SHARNWICK_8670,22,8670,Arrow Coffee Brandy,1.75L,4,61.96,15.49,2024-03-10,1750.0,1,7.35,8352,LUXCO INC                  
68_SOLARIS_10238,68,10238,Layer Cake Primitivo Puglia,750mL,1,15.99,15.99,2024-07-23,750.0,2,0.11,4425,MARTIGNETTI COMPANIES
67_EANVERNESS_5681,67,5681,Josiah Bartlett Apple Brandy,750mL,1,29.99,29.99,2024-08-09,750.0,1,0.79,17031,FLAG HILL WINERY & VINEYARD
33_HORNSEY_3487,33,3487,Stolichnaya Blueberi,750mL,2,35.98,17.99,2024-05-17,750.0,1,1.57,8664,"STOLI GROUP,(USA) LLC      "
76_DONCASTER_3364,76,3364,Absolut Ruby Red,1.75L,3,77.97,25.99,2024-09-18,1750.0,1,5.51,17035,PERNOD RICARD USA          
73_DONCASTER_14690,73,14690,Bridlewood Pnt Nr Monterey C,750mL,1,10.99,10.99,2024-10-01,750.0,2,0.11,3252,E & J GALLO WINERY         
54_GUTHRAM_5404,54,5404,E & J Superior Rsv VSOP,375mL,1,5.49,5.49,2024-01-09,375.0,1,0.39,3252,E & J GALLO WINERY         
69_MOUNTMEND_8273,69,8273,El Mayor Reposado Tequila,750mL,1,21.99,21.99,2024-12-11,750.0,1,0.79,8352,LUXCO INC                  
10_HORNSEY_2668,10,2668,Dewars White Label,375mL,1,11.99,11.99,2024-07-03,375.0,1,0.39,480,BACARDI USA INC            
66_EANVERNESS_3354,66,3354,Ketel One Vodka,375mL,1,14.99,14.99,2024-07-22,375.0,1,0.39,3960,DIAGEO NORTH AMERICA INC   
1_HARDERSFIELD_14054,1,14054,Seaglass Rsl,750mL,3,26.97,8.99,2024-03-18,750.0,2,0.34,8892,TRINCHERO FAMILY ESTATES   
35_HALIVAARA_2251,35,2251,Canadian Hunter Whisky,50mL,4,3.96,0.99,2024-06-04,50.0,1,0.21,8004,SAZERAC CO INC             
76_DONCASTER_6682,76,6682,R M Woodbridge Chard Cal,1.5L,1,8.99,8.99,2024-07-25,1500.0,2,0.22,1392,CONSTELLATION BRANDS INC   
23_ARBINGTON_22842,23,22842,Corral De Peidra Cab Svgn,750mL,1,10.99,10.99,2024-04-21,750.0,2,0.11,7153,PINE STATE TRADING CO      
67_EANVERNESS_2512,67,2512,The Macallan 12 Yr Old,375mL,1,34.99,34.99,2024-12-02,375.0,1,0.39,2561,EDRINGTON AMERICAS         
34_PITMERDEN_16538,34,16538,Catalpa Malbec,750mL,1,14.99,14.99,2024-04-02,750.0,2,0.11,7153,PINE STATE TRADING CO      
41_LARNWICK_7265,41,7265,Taylor Fladgate LBV Port,750mL,1,18.99,18.99,2024-06-10,750.0,2,0.11,4692,KOBRAND CORPORATION        
34_PITMERDEN_43801,34,43801,C Y Toro Frontera Cab Svgn,1.5L,4,35.96,8.99,2024-09-07,1500.0,2,0.9,516,BANFI PRODUCTS CORP        
8_ALNERWICK_2143,8,2143,Canadian Mist,1.75L,1,13.99,13.99,2024-08-31,1750.0,1,1.84,1128,BROWN-FORMAN CORP          
39_EASTHALLOW_8053,39,8053,Seagrams 7 Crown,50mL,2,1.98,0.99,2024-03-19,50.0,1,0.1,3960,DIAGEO NORTH AMERICA INC   
15_WANBORNE_24086,15,24086,Hess Select Chard,750mL,2,25.98,12.99,2024-06-19,750.0,2,0.22,4425,MARTIGNETTI COMPANIES
41_LARNWICK_44547,41,44547,Silver Oak Cab Svgn Alex Vly,750mL,1,69.99,69.99,2024-08-23,750.0,2,0.11,4425,MARTIGNETTI COMPANIES
69_MOUNTMEND_2514,69,2514,Bird Dog Peach Whiskey,750mL,1,14.99,14.99,2024-11-30,750.0,1,0.79,9625,WESTERN SPIRITS BEVERAGE CO
47_PELLA'S WISH_14129,47,14129,14 Hands Hot to Trot Red,750mL,1,8.99,8.99,2024-08-31,750.0,2,0.11,8673,STE MICHELLE WINE ESTATES  
54_GUTHRAM_822,54,822,Tanqueray,Liter,1,26.99,26.99,2024-08-04,1000.0,1,1.05,3960,DIAGEO NORTH AMERICA INC   
7_STANMORE_6660,7,6660,Carlo Rossi Paisano Calif,4L,1,14.99,14.99,2024-10-18,4000.0,2,0.6,3252,E & J GALLO WINERY         
38_GOULCREST_3608,38,3608,Smirnoff Orange Vodka,50mL,1,0.99,0.99,2024-11-29,50.0,1,0.05,3960,DIAGEO NORTH AMERICA INC   
33_HORNSEY_3500,33,3500,Tito's Handmade Vodka,50mL,6,8.94,1.49,2024-09-03,50.0,1,0.32,4425,MARTIGNETTI COMPANIES
41_LARNWICK_6859,41,6859,C Y Toro Frontera Chard,1.5L,1,8.99,8.99,2024-05-13,1500.0,2,0.22,516,BANFI PRODUCTS CORP        
69_MOUNTMEND_41253,69,41253,Ch St Jean Cab Svgn Cal,750mL,2,25.98,12.99,2024-06-30,750.0,2,0.22,9819,TREASURY WINE ESTATES      
47_PELLA'S WISH_3422,47,3422,Beefeater,750mL,1,21.99,21.99,2024-01-28,750.0,1,0.79,17035,PERNOD RICARD USA          
13_TARMSWORTH_7345,13,7345,M & R Asti,750mL,2,27.98,13.99,2024-09-10,750.0,2,0.22,480,BACARDI USA INC            
7_STANMORE_1394,7,1394,Makers Mark,375mL,1,16.99,16.99,2024-03-08,375.0,1,0.39,12546,JIM BEAM BRANDS COMPANY    
64_CESTERFIELD_31909,64,31909,Catena Lunlunta Malbec Argn,750mL,3,53.97,17.99,2024-12-23,750.0,2,0.34,9552,M S WALKER INC             
49_GARIGILL_28147,49,28147,Kris Pnt Grigio Alto Adige,750mL,1,11.99,11.99,2024-03-28,750.0,2,0.11,2000,SOUTHERN WINE & SPIRITS NE 
6_GOULCREST_43809,6,43809,R M Woodbridge Pnt Nr,1.5L,6,53.94,8.99,2024-07-12,1500.0,2,1.35,1392,CONSTELLATION BRANDS INC   
59_CLAETHORPES_3820,59,3820,Smirnoff Citrus Vodka,1.75L,2,39.98,19.99,2024-10-06,1750.0,1,3.67,3960,DIAGEO NORTH AMERICA INC   
18_FURNESS_3133,18,3133,Svedka Strwbry Lemonad Vodka,750mL,1,10.99,10.99,2024-11-10,750.0,1,0.79,1392,CONSTELLATION BRANDS INC   
1_HARDERSFIELD_8409,1,8409,Christian Bros Cream Sherry,1.5L,2,16.58,8.29,2024-01-03,1500.0,2,0.45,3924,HEAVEN HILL DISTILLERIES   
67_EANVERNESS_25594,67,25594,Virginia Dare Chard Sonoma C,750mL,3,65.97,21.99,2024-06-08,750.0,2,0.34,2000,SOUTHERN WINE & SPIRITS NE 
59_CLAETHORPES_21145,59,21145,David Girard Vyds Code Rouge,750mL,2,23.98,11.99,2024-01-10,750.0,2,0.22,90047,CRUSH WINES                
56_BEGGAR'S HOLE_8214,56,8214,E & J Brandy VS,750mL,1,9.99,9.99,2024-12-30,750.0,1,0.79,3252,E & J GALLO WINERY         
50_MOUNTMEND_12216,50,12216,Da Vinci Pnt Grigio,750mL,15,149.85,9.99,2024-05-21,750.0,2,1.69,3252,E & J GALLO WINERY         
78_EASTHAVEN_1180,78,1180,Evan Williams Black Label B,1.75L,1,20.99,20.99,2024-09-27,1750.0,1,1.84,3924,HEAVEN HILL DISTILLERIES   
45_VERITAS_31186,45,31186,Almaden Merlot Cal B/B,5L,1,17.99,17.99,2024-03-07,5000.0,2,0.75,9815,WINE GROUP INC             
74_PAENTMARWY_3893,74,3893,Zhenka 80 Proof,1.75L,6,59.94,9.99,2024-06-02,1750.0,1,11.02,9552,M S WALKER INC             
5_SUTTON_4257,5,4257,Bacardi Grapefruit Rum,50mL,1,0.99,0.99,2024-10-26,50.0,1,0.05,480,BACARDI USA INC            
70_KELD_31186,70,31186,Almaden Merlot Cal B/B,5L,1,15.99,15.99,2024-02-13,5000.0,2,0.75,9815,WINE GROUP INC             
79_BALLYMENA_8961,79,8961,Jose Cuervo Especial,50mL,5,7.45,1.49,2024-06-05,50.0,1,0.26,7245,PROXIMO SPIRITS INC.       
8_ALNERWICK_6266,8,6266,Gallo Fairbanks Sherry,1.5L,4,31.16,7.79,2024-01-14,1500.0,2,0.9,3252,E & J GALLO WINERY         
78_EASTHAVEN_3918,78,3918,Cabo Wabo Anejo Tequila,750mL,1,44.99,44.99,2024-11-17,750.0,1,0.79,11567,CAMPARI AMERICA            
58_HARTLEPOOL_3835,58,3835,Smirnoff Raspberry Vodka,750mL,1,10.99,10.99,2024-05-30,750.0,1,0.79,3960,DIAGEO NORTH AMERICA INC   
42_BLACK HOLLOW_46088,42,46088,Dom Trinquevedel Tavel Rose,750mL,2,29.98,14.99,2024-08-05,750.0,2,0.22,4425,MARTIGNETTI COMPANIES
60_IRRAGIN_5952,60,5952,Jagermeister Liqueur,50mL,6,11.94,1.99,2024-11-19,50.0,1,0.32,3089,SIDNEY FRANK IMPORTING CO  
38_GOULCREST_3020,38,3020,Pinnacle Blueberry Vodka,750mL,3,32.97,10.99,2024-06-29,750.0,1,2.36,12546,JIM BEAM BRANDS COMPANY    
50_MOUNTMEND_5251,50,5251,DeKuyper Buttershots Schnpps,50mL,3,2.97,0.99,2024-08-13,50.0,1,0.16,12546,JIM BEAM BRANDS COMPANY    
71_CLARCTON_3997,71,3997,Hornitos Plata Tequila,750mL,3,53.97,17.99,2024-05-19,750.0,1,2.36,12546,JIM BEAM BRANDS COMPANY    
61_AETHELNEY_17504,61,17504,Butternut Chard,750mL,2,29.98,14.99,2024-06-10,750.0,2,0.22,10754,PERFECTA WINES             
49_GARIGILL_25269,49,25269,R Mondavi Cab Svgn Pvt Sel,750mL,1,8.99,8.99,2024-12-29,750.0,2,0.11,1392,CONSTELLATION BRANDS INC   
59_CLAETHORPES_8620,59,8620,Sambuca Romana,375mL,1,11.99,11.99,2024-12-09,375.0,1,0.39,3960,DIAGEO NORTH AMERICA INC   
9_BLACKPOOL_6319,9,6319,Santa Cristina Toscana,750mL,2,23.98,11.99,2024-10-21,750.0,2,0.22,8673,STE MICHELLE WINE ESTATES  
23_ARBINGTON_26580,23,26580,Sullivan Toile Cab Svgn Napa,750mL,1,21.99,21.99,2024-11-21,750.0,2,0.11,9165,ULTRA BEVERAGE COMPANY LLP 
68_SOLARIS_3638,68,3638,Pinnacle Whipped,50mL,3,2.97,0.99,2024-08-23,50.0,1,0.16,12546,JIM BEAM BRANDS COMPANY    
50_MOUNTMEND_19000,50,19000,L'Ardi Dolcetto D'Acqui,750mL,1,10.99,10.99,2024-06-17,750.0,2,0.11,516,BANFI PRODUCTS CORP        
6_GOULCREST_376,6,376,Aperol Liqueur,750mL,2,57.98,28.99,2024-07-11,750.0,1,1.57,11567,CAMPARI AMERICA            
10_HORNSEY_4431,10,4431,Screech Rum,750mL,1,14.99,14.99,2024-02-13,750.0,1,0.79,9552,M S WALKER INC             
56_BEGGAR'S HOLE_1424,56,1424,Bulleit Bourbon,375mL,1,15.99,15.99,2024-12-12,375.0,1,0.39,3960,DIAGEO NORTH AMERICA INC   
50_MOUNTMEND_3210,50,3210,Smirnoff Sourced Pineapple,50mL,2,1.98,0.99,2024-07-14,50.0,1,0.1,3960,DIAGEO NORTH AMERICA INC   
63_SWORDBREAK_5297,63,5297,Southern Comfort,750mL,1,13.99,13.99,2024-09-25,750.0,1,0.79,8004,SAZERAC CO INC             
17_OLDHAM_3352,17,3352,Ciroc Coconut Vodka,750mL,1,24.99,24.99,2024-08-18,750.0,1,0.79,3960,DIAGEO NORTH AMERICA INC   
67_EANVERNESS_1886,67,1886,Seagrams 7 Crown,750mL,1,10.99,10.99,2024-02-26,750.0,1,0.79,3960,DIAGEO NORTH AMERICA INC   
38_GOULCREST_2924,38,2924,Speyburn 10-Yr Single Malt,750mL,1,24.99,24.99,2024-04-25,750.0,1,0.79,8004,SAZERAC CO INC             
15_WANBORNE_13708,15,13708,Bota Box Cab Svgn,3L,1,17.99,17.99,2024-05-07,3000.0,2,0.45,2242,DELICATO VINEYARDS INC     
2_ASHBORNE_8110,2,8110,Tribuno Dry Vermouth,1.5L,1,8.99,8.99,2024-10-31,1500.0,1,1.57,9815,WINE GROUP INC             
71_CLARCTON_25704,71,25704,Murphy-Goode Chard Sonoma,750mL,1,10.99,10.99,2024-06-16,750.0,2,0.11,9552,M S WALKER INC             
50_MOUNTMEND_8421,50,8421,Beringer Classic Wh Znfdl,750mL,3,20.97,6.99,2024-01-13,750.0,2,0.34,9819,TREASURY WINE ESTATES      
38_GOULCREST_5339,38,5339,Drambuie,50mL,2,6.58,3.29,2024-10-31,50.0,1,0.1,3664,WILLIAM GRANT & SONS INC   
67_EANVERNESS_26744,67,26744,Santa Lucia Sangvs Monte Ant,750mL,1,11.99,11.99,2024-05-27,750.0,2,0.11,4425,MARTIGNETTI COMPANIES
72_HARDERSFIELD_6688,72,6688,Ch St Jean Chard California,750mL,1,9.99,9.99,2024-12-23,750.0,2,0.11,9819,TREASURY WINE ESTATES      
67_EANVERNESS_10058,67,10058,F Coppola Dmd Ivry Cab Svgn,750mL,2,35.98,17.99,2024-04-27,750.0,2,0.22,2000,SOUTHERN WINE & SPIRITS NE 
73_DONCASTER_20729,73,20729,Villa Jolanda Peach Moscato,750mL,2,19.98,9.99,2024-11-14,750.0,2,0.22,7153,PINE STATE TRADING CO      
67_EANVERNESS_1034,67,1034,Mr Boston Holiday Nog,750mL,3,14.97,4.99,2024-12-07,750.0,1,2.36,660,SAZERAC NORTH AMERICA INC. 
60_IRRAGIN_8082,60,8082,Baileys Irish Cream,1.75L,7,244.93,34.99,2024-07-16,1750.0,1,12.86,3960,DIAGEO NORTH AMERICA INC   
50_MOUNTMEND_31909,50,31909,Catena Lunlunta Malbec Argn,750mL,1,17.99,17.99,2024-06-23,750.0,2,0.11,9552,M S WALKER INC             
67_EANVERNESS_4340,67,4340,Cruzan Black Strap Rum,750mL,2,25.98,12.99,2024-07-31,750.0,1,1.57,12546,JIM BEAM BRANDS COMPANY    
71_CLARCTON_4152,71,4152,Jenkins Rum,750mL,2,11.98,5.99,2024-09-09,750.0,1,1.57,9552,M S WALKER INC             
23_ARBINGTON_4265,23,4265,Capt Morgan Spiced Rum,375mL,1,10.99,10.99,2024-03-28,375.0,1,0.39,3960,DIAGEO NORTH AMERICA INC   
53_HILLFAR_1955,53,1955,Jack Daniels Tennessee Honey,375mL,1,12.99,12.99,2024-07-28,375.0,1,0.39,1128,BROWN-FORMAN CORP          
55_DRY GULCH_31320,55,31320,La Vieille Ferme Rose Vntoux,750mL,1,8.99,8.99,2024-06-30,750.0,2,0.11,1587,VINEYARD BRANDS INC        
44_PORTHCRAWL_5734,44,5734,Malibu Rum,1.75L,8,175.92,21.99,2024-08-13,1750.0,1,14.7,17035,PERNOD RICARD USA          
56_BEGGAR'S HOLE_3894,56,3894,Zhenka Vodka 100 Proof,1.75L,1,13.49,13.49,2024-04-29,1750.0,1,1.84,9552,M S WALKER INC             
38_GOULCREST_36267,38,36267,Montinore Pnt Gris Ore,750mL,2,29.98,14.99,2024-10-22,750.0,2,0.22,4425,MARTIGNETTI COMPANIES
14_BROMWICH_3231,14,3231,Pinnacle Tropical Punch Vdka,750mL,2,21.98,10.99,2024-08-18,750.0,1,1.57,12546,JIM BEAM BRANDS COMPANY    
50_MOUNTMEND_17876,50,17876,Darkhorse Cab Svgn,750mL,6,47.94,7.99,2024-01-09,750.0,2,0.68,3252,E & J GALLO WINERY         
74_PAENTMARWY_3890,74,3890,Absolut Peppar,750mL,1,17.99,17.99,2024-06-28,750.0,1,0.79,17035,PERNOD RICARD USA          
7_STANMORE_3878,7,3878,Smirnoff 80 Proof,750mL,3,32.97,10.99,2024-07-15,750.0,1,2.36,3960,DIAGEO NORTH AMERICA INC   
20_BREDWARDINE_22509,20,22509,Alderbrook Pnt Nr RRV,750mL,1,17.99,17.99,2024-04-28,750.0,2,0.11,4425,MARTIGNETTI COMPANIES
76_DONCASTER_19821,76,19821,Castello Chianti Classico,750mL,3,50.97,16.99,2024-02-14,750.0,2,0.34,4425,MARTIGNETTI COMPANIES
34_PITMERDEN_24648,34,24648,Mumm Napa Bl de Blanc,750mL,1,18.99,18.99,2024-06-02,750.0,2,0.11,17035,PERNOD RICARD USA          
8_ALNERWICK_8112,8,8112,Stolichnaya,1.75L,1,23.99,23.99,2024-12-31,1750.0,1,1.84,8664,"STOLI GROUP,(USA) LLC      "
60_IRRAGIN_2164,60,2164,New Amsterdam Gin,1.75L,2,33.98,16.99,2024-11-04,1750.0,1,3.67,3252,E & J GALLO WINERY         
55_DRY GULCH_8788,55,8788,Stolichnaya,50mL,2,3.98,1.99,2024-08-10,50.0,1,0.1,8664,"STOLI GROUP,(USA) LLC      "
10_HORNSEY_1136,10,1136,Malibu 50ml Sampler Pack,50mL 5 Pk,1,4.99,4.99,2024-07-14,50.0,1,0.05,17035,PERNOD RICARD USA          
9_BLACKPOOL_1993,9,1993,Maker's Mark 46,375mL,1,20.99,20.99,2024-09-04,375.0,1,0.39,12546,JIM BEAM BRANDS COMPANY    
76_DONCASTER_18856,76,18856,Barefoot Refresh Sweet White,750mL,3,17.97,5.99,2024-05-30,750.0,2,0.34,3252,E & J GALLO WINERY         
22_SHARNWICK_3512,22,3512,Pinnacle Vodka,1.75L,3,47.97,15.99,2024-11-12,1750.0,1,5.51,12546,JIM BEAM BRANDS COMPANY    
34_PITMERDEN_6647,34,6647,Estancia Chard,750mL,1,11.99,11.99,2024-09-08,750.0,2,0.11,1392,CONSTELLATION BRANDS INC   
73_DONCASTER_23143,73,23143,Bogle Chard,750mL,28,251.72,8.99,2024-08-20,750.0,2,3.15,4425,MARTIGNETTI COMPANIES
69_MOUNTMEND_4157,69,4157,Smirnoff Green Apple Vodka,50mL,11,10.89,0.99,2024-04-30,50.0,1,0.58,3960,DIAGEO NORTH AMERICA INC   
67_EANVERNESS_4265,67,4265,Capt Morgan Spiced Rum,375mL,3,32.97,10.99,2024-01-31,375.0,1,1.18,3960,DIAGEO NORTH AMERICA INC   
23_ARBINGTON_26606,23,26606,Loredona Moscato Monterey,750mL,2,11.98,5.99,2024-11-28,750.0,2,0.22,2242,DELICATO VINEYARDS INC     
76_DONCASTER_2770,76,2770,Hudson Single Malt Whiskey,375mL,1,39.99,39.99,2024-01-15,375.0,1,0.39,3664,WILLIAM GRANT & SONS INC   
44_PORTHCRAWL_3625,44,3625,Absolut 80 Proof,750mL,2,35.98,17.99,2024-10-09,750.0,1,1.57,17035,PERNOD RICARD USA          
15_WANBORNE_7995,15,7995,Patron Reposado Tequila,50mL,4,25.96,6.49,2024-05-20,50.0,1,0.21,9165,ULTRA BEVERAGE COMPANY LLP 
54_GUTHRAM_4224,54,4224,Goslings Black Seal Rum 80,750mL,2,31.98,15.99,2024-07-07,750.0,1,1.57,1485,CASTLE BRANDS CORP.        
14_BROMWICH_4327,14,4327,Capt Morgan Spiced Rum 100,750mL,1,19.99,19.99,2024-01-09,750.0,1,0.79,3960,DIAGEO NORTH AMERICA INC   
59_CLAETHORPES_4724,59,4724,Patron Citronge Lime Liqueur,750mL,1,20.99,20.99,2024-07-10,750.0,1,0.79,9165,ULTRA BEVERAGE COMPANY LLP 
20_BREDWARDINE_1373,20,1373,Jim Beam Honey,750mL,1,14.49,14.49,2024-01-24,750.0,1,0.79,12546,JIM BEAM BRANDS COMPANY    
66_EANVERNESS_1955,66,1955,Jack Daniels Tennessee Honey,375mL,3,32.97,10.99,2024-11-15,375.0,1,1.18,1128,BROWN-FORMAN CORP          
38_GOULCREST_3625,38,3625,Absolut 80 Proof,750mL,6,107.94,17.99,2024-09-08,750.0,1,4.72,17035,PERNOD RICARD USA          
58_HARTLEPOOL_5297,58,5297,Southern Comfort,750mL,1,13.99,13.99,2024-08-12,750.0,1,0.79,8004,SAZERAC CO INC             
33_HORNSEY_4228,33,4228,Bacardi 8,750mL,1,19.99,19.99,2024-08-06,750.0,1,0.79,480,BACARDI USA INC            
30_CULCHETH_2183,30,2183,McClelland Highland Single,750mL,1,21.99,21.99,2024-06-09,750.0,1,0.79,12546,JIM BEAM BRANDS COMPANY    
36_LEWES_2508,36,2508,Crown Royal No Harvest Rye,50mL,1,1.99,1.99,2024-02-11,50.0,1,0.05,3960,DIAGEO NORTH AMERICA INC   
76_DONCASTER_12946,76,12946,Middle Sister Smarty Pants C,750mL,1,9.99,9.99,2024-06-25,750.0,2,0.11,9165,ULTRA BEVERAGE COMPANY LLP 
67_EANVERNESS_25269,67,25269,R Mondavi Cab Svgn Pvt Sel,750mL,2,17.98,8.99,2024-12-09,750.0,2,0.22,1392,CONSTELLATION BRANDS INC   
29_AYLESBURY_45496,29,45496,Conquista Malbec Mendoza,750mL,1,11.99,11.99,2024-03-25,750.0,2,0.11,7153,PINE STATE TRADING CO      
32_MOUNTMEND_2037,32,2037,Jim Beam Honey,50mL,5,4.95,0.99,2024-05-20,50.0,1,0.26,12546,JIM BEAM BRANDS COMPANY    
52_GRAYCOTT_5221,52,5221,RumChata Liqueur,375mL,1,12.99,12.99,2024-10-22,375.0,1,0.39,6213,MHW LTD                    
38_GOULCREST_8472,38,8472,1800 Silver Tequila,750mL,1,26.99,26.99,2024-08-15,750.0,1,0.79,7245,PROXIMO SPIRITS INC.       
33_HORNSEY_858,33,858,Canadian Club,Liter,1,11.99,11.99,2024-02-04,1000.0,1,1.05,12546,JIM BEAM BRANDS COMPANY    
23_ARBINGTON_24592,23,24592,Vendange Cab Svgn,1.5L,1,7.99,7.99,2024-12-31,1500.0,2,0.22,1392,CONSTELLATION BRANDS INC   
66_EANVERNESS_45446,66,45446,Coastal Vines Cab Svgn Cal,750mL,36,251.64,6.99,2024-09-22,750.0,2,4.05,7153,PINE STATE TRADING CO      
52_GRAYCOTT_29835,52,29835,Casal Garcia Vinho Verde Wh,750mL,1,6.99,6.99,2024-05-06,750.0,2,0.11,4425,MARTIGNETTI COMPANIES
76_DONCASTER_29077,76,29077,Pine Ridge Chn Bl/Viognier,750mL,4,55.96,13.99,2024-06-21,750.0,2,0.45,4425,MARTIGNETTI COMPANIES
60_IRRAGIN_8562,60,8562,DeKuyper Peachtree Trav,1.75L,1,16.99,16.99,2024-04-01,1750.0,1,1.84,12546,JIM BEAM BRANDS COMPANY    
69_MOUNTMEND_938,69,938,Jack Daniels Master Dist VAP,750mL,1,29.99,29.99,2024-12-10,750.0,1,0.79,1128,BROWN-FORMAN CORP          
71_CLARCTON_12069,71,12069,Gnarly Head Pnt Grigio,750mL,1,7.99,7.99,2024-04-15,750.0,2,0.11,2242,DELICATO VINEYARDS INC     
50_MOUNTMEND_44717,50,44717,Dom Chandon Rose Spklg,750mL,19,265.81,13.99,2024-11-12,750.0,2,2.14,8112,MOET HENNESSY USA INC      
38_GOULCREST_8395,38,8395,Casamigos Anejo,750mL,2,123.98,61.99,2024-12-31,750.0,1,1.57,6213,MHW LTD                    
38_GOULCREST_23095,38,23095,Glen Ellen Cab Svgn RSV,1.5L,3,20.97,6.99,2024-08-03,1500.0,2,0.68,9815,WINE GROUP INC             
41_LARNWICK_2672,41,2672,Dewars White Label,50mL,2,4.58,2.29,2024-07-18,50.0,1,0.1,480,BACARDI USA INC            
38_GOULCREST_4327,38,4327,Capt Morgan Spiced Rum 100,750mL,2,39.98,19.99,2024-08-11,750.0,1,1.57,3960,DIAGEO NORTH AMERICA INC   
60_IRRAGIN_2418,60,2418,Crown Royal Regal Apple,750mL,3,68.97,22.99,2024-01-29,750.0,1,2.36,3960,DIAGEO NORTH AMERICA INC   
13_TARMSWORTH_8619,13,8619,Canadian Club,375mL,1,6.99,6.99,2024-04-28,375.0,1,0.39,12546,JIM BEAM BRANDS COMPANY    
1_HARDERSFIELD_8064,1,8064,Canadian Club,50mL,2,1.98,0.99,2024-07-22,50.0,1,0.1,12546,JIM BEAM BRANDS COMPANY    
9_BLACKPOOL_4157,9,4157,Smirnoff Green Apple Vodka,50mL,6,5.94,0.99,2024-04-07,50.0,1,0.32,3960,DIAGEO NORTH AMERICA INC   
13_TARMSWORTH_8822,13,8822,Absolut 80 Proof,50mL,2,3.98,1.99,2024-02-25,50.0,1,0.1,17035,PERNOD RICARD USA          
75_BARNCOMBE_7262,75,7262,Gallo Sweet Vermouth,750mL,1,5.49,5.49,2024-07-06,750.0,2,0.11,3252,E & J GALLO WINERY         
35_HALIVAARA_21231,35,21231,La Marca Prosecco,187mL,1,4.99,4.99,2024-09-06,187.0,2,0.03,3252,E & J GALLO WINERY         
40_BULLMAR_41713,40,41713,Fish Eye Merlot,750mL,1,4.99,4.99,2024-01-16,750.0,2,0.11,9815,WINE GROUP INC             
33_HORNSEY_3808,33,3808,Three Olives Vodka,750mL,1,12.99,12.99,2024-01-26,750.0,1,0.79,7245,PROXIMO SPIRITS INC.       
59_CLAETHORPES_1868,59,1868,Lagavulin Single Malt 16-Yr,750mL,1,69.99,69.99,2024-06-03,750.0,1,0.79,3960,DIAGEO NORTH AMERICA INC   
69_MOUNTMEND_24286,69,24286,Kendall Jackson Gr RSV Cab S,750mL,1,21.99,21.99,2024-04-08,750.0,2,0.11,10000,MAJESTIC FINE WINES        
41_LARNWICK_11354,41,11354,Paso a Paso Tempranillo,750mL,2,19.98,9.99,2024-07-20,750.0,2,0.22,9552,M S WALKER INC             
55_DRY GULCH_5626,55,5626,Baja Luna Black Raspberry,750mL,1,12.99,12.99,2024-09-11,750.0,1,0.79,8004,SAZERAC CO INC             
55_DRY GULCH_10727,55,10727,Starborough Svgn Bl Marlboro,750mL,8,79.92,9.99,2024-02-12,750.0,2,0.9,3252,E & J GALLO WINERY         
25_CAERSHIRE_3462,25,3462,Absolut Ruby Red,750mL,1,17.99,17.99,2024-12-27,750.0,1,0.79,17035,PERNOD RICARD USA          
53_HILLFAR_26948,53,26948,Ferrari-Carano Chard,750mL,2,35.98,17.99,2024-04-15,750.0,2,0.22,2000,SOUTHERN WINE & SPIRITS NE 
32_MOUNTMEND_13665,32,13665,Josh Cellars Chard,750mL,1,14.99,14.99,2024-06-27,750.0,2,0.11,4425,MARTIGNETTI COMPANIES
11_CARDEND_3826,11,3826,Skyy Vodka,1.75L,2,39.98,19.99,2024-05-28,1750.0,1,3.67,11567,CAMPARI AMERICA            
20_BREDWARDINE_3272,20,3272,Sobieski Vodka,1.75L,1,17.99,17.99,2024-06-23,1750.0,1,1.84,9552,M S WALKER INC             
15_WANBORNE_3660,15,3660,Deep Eddy Ruby Red Vodka,1.75L,1,24.99,24.99,2024-11-11,1750.0,1,1.84,3924,HEAVEN HILL DISTILLERIES   
6_GOULCREST_8023,6,8023,DeKuyper Triple Sec,750mL,1,4.99,4.99,2024-03-13,750.0,1,0.79,12546,JIM BEAM BRANDS COMPANY    
54_GUTHRAM_46447,54,46447,Gascon Malbec Mendoza,750mL,1,10.99,10.99,2024-05-27,750.0,2,0.11,3252,E & J GALLO WINERY         
61_AETHELNEY_38772,61,38772,Rob Stuart Big Fire Pnt Nr,750mL,1,17.99,17.99,2024-10-14,750.0,2,0.11,653,STATE WINE & SPIRITS   
6_GOULCREST_12220,6,12220,Angeline Pnt Nr,750mL,2,15.9,7.95,2024-02-07,750.0,2,0.22,9552,M S WALKER INC             
15_WANBORNE_16695,15,16695,Ch Hyot Brdx Castillon,750mL,12,179.88,14.99,2024-01-06,750.0,2,1.35,4425,MARTIGNETTI COMPANIES
76_DONCASTER_4244,76,4244,Castillo Gold Rum,1.75L,1,10.99,10.99,2024-09-01,1750.0,1,1.84,480,BACARDI USA INC            
20_BREDWARDINE_2117,20,2117,Black Velvet Traveler,750mL,1,7.99,7.99,2024-11-05,750.0,1,0.79,1392,CONSTELLATION BRANDS INC   
64_CESTERFIELD_8534,64,8534,M & R Asti,375mL,2,11.98,5.99,2024-05-20,375.0,2,0.11,480,BACARDI USA INC            
79_BALLYMENA_4939,79,4939,Kapali Coffee,1.75L,1,17.99,17.99,2024-02-11,1750.0,1,1.84,8004,SAZERAC CO INC             
67_EANVERNESS_4903,67,4903,Bacardi Superior Rum,200mL,1,3.99,3.99,2024-01-31,200.0,1,0.21,480,BACARDI USA INC            
28_LARNWICK_8068,28,8068,Absolut 80 Proof,1.75L,3,74.97,24.99,2024-10-13,1750.0,1,5.51,17035,PERNOD RICARD USA          
15_WANBORNE_10874,15,10874,Cantine Maschio Prosecco Brt,750mL,1,10.99,10.99,2024-09-18,750.0,2,0.11,516,BANFI PRODUCTS CORP        
50_MOUNTMEND_11196,50,11196,Angelini Pnt Grigio Veneto,750mL,1,10.99,10.99,2024-04-30,750.0,2,0.11,7153,PINE STATE TRADING CO      
30_CULCHETH_34439,30,34439,Toad Hollow Mendocino Chard,750mL,1,12.99,12.99,2024-09-30,750.0,2,0.11,9552,M S WALKER INC             
67_EANVERNESS_435,67,435,Il Tramonto Limoncello,750mL,1,17.99,17.99,2024-02-01,750.0,1,0.79,7153,PINE STATE TRADING CO      
23_ARBINGTON_17875,23,17875,Darkhorse Chard,750mL,1,7.99,7.99,2024-02-01,750.0,2,0.11,3252,E & J GALLO WINERY         
30_CULCHETH_16159,30,16159,Gnarly Head Authentic Red,750mL,3,29.97,9.99,2024-08-14,750.0,2,0.34,2242,DELICATO VINEYARDS INC     
69_MOUNTMEND_35913,69,35913,Stone Cellars Cab Svgn,1.5L,8,63.92,7.99,2024-01-09,1500.0,2,1.8,9819,TREASURY WINE ESTATES      
2_ASHBORNE_2609,2,2609,Pigs Nose Scotch,750mL,1,24.99,24.99,2024-10-01,750.0,1,0.79,9744,FREDERICK WILDMAN & SONS   
77_TAMWORTH_16610,77,16610,Leese-Fitch Cab Svgn,750mL,2,21.98,10.99,2024-06-22,750.0,2,0.22,653,STATE WINE & SPIRITS   
60_IRRAGIN_538,60,538,Amaretto DiSaronno,375mL,2,23.98,11.99,2024-02-14,375.0,1,0.79,2555,DISARONNO INTERNATIONAL LLC
55_DRY GULCH_25269,55,25269,R Mondavi Cab Svgn Pvt Sel,750mL,2,21.98,10.99,2024-11-03,750.0,2,0.22,1392,CONSTELLATION BRANDS INC   
57_LANTEGLOS_6174,57,6174,Columbia Crest Grand Merlot,750mL,2,15.9,7.95,2024-04-01,750.0,2,0.22,8673,STE MICHELLE WINE ESTATES  
69_MOUNTMEND_3326,69,3326,Jenkins Gin,1.75L,1,10.99,10.99,2024-03-12,1750.0,1,1.84,9552,M S WALKER INC             
41_LARNWICK_3899,41,3899,Platinum 7X Distilled Vodka,375mL,1,3.99,3.99,2024-04-25,375.0,1,0.39,8004,SAZERAC CO INC             
7_STANMORE_8660,7,8660,Drambuie Liqueur,375mL,1,11.99,11.99,2024-08-12,375.0,1,0.39,3664,WILLIAM GRANT & SONS INC   
34_PITMERDEN_8273,34,8273,El Mayor Reposado Tequila,750mL,2,43.98,21.99,2024-12-31,750.0,1,1.57,8352,LUXCO INC                  
1_HARDERSFIELD_6126,1,6126,Sogno di Sorrento Crema Lem,750mL,1,27.99,27.99,2024-05-19,750.0,1,0.79,9165,ULTRA BEVERAGE COMPANY LLP 
34_PITMERDEN_3829,34,3829,Three Olives Peach Vodka,750mL,2,23.98,11.99,2024-09-02,750.0,1,1.57,7245,PROXIMO SPIRITS INC.       
12_LEESIDE_45848,12,45848,Kendall Jackson Summation Re,750mL,2,21.98,10.99,2024-06-15,750.0,2,0.22,10000,MAJESTIC FINE WINES        
5_SUTTON_3638,5,3638,Pinnacle Whipped,50mL,5,4.95,0.99,2024-12-04,50.0,1,0.26,12546,JIM BEAM BRANDS COMPANY    
23_ARBINGTON_32749,23,32749,Brancott Svgn Bl Marlboro,750mL,1,7.99,7.99,2024-04-27,750.0,2,0.11,17035,PERNOD RICARD USA          
68_SOLARIS_1771,68,1771,Jack Daniels Tennessee Fire,50mL,1,2.99,2.99,2024-11-30,50.0,1,0.05,1128,BROWN-FORMAN CORP          
66_EANVERNESS_18013,66,18013,Cecchi Sangiovese,750mL,1,8.99,8.99,2024-11-12,750.0,2,0.11,9165,ULTRA BEVERAGE COMPANY LLP 
14_BROMWICH_19896,14,19896,Masi Soave 2012 Classico,750mL,8,47.92,5.99,2024-06-24,750.0,2,0.9,4692,KOBRAND CORPORATION        
10_HORNSEY_2136,10,2136,Elijah Craig 12 Yr Bourbon,750mL,2,57.98,28.99,2024-06-24,750.0,1,1.57,3924,HEAVEN HILL DISTILLERIES   
22_SHARNWICK_3606,22,3606,Smirnoff Raspberry Vodka,50mL,2,1.98,0.99,2024-05-25,50.0,1,0.1,3960,DIAGEO NORTH AMERICA INC   
32_MOUNTMEND_3497,32,3497,Johnnie Walker Platinum,750mL,3,284.97,94.99,2024-11-12,750.0,1,2.36,3960,DIAGEO NORTH AMERICA INC   
52_GRAYCOTT_3276,52,3276,Gordons London Dry,1.75L,2,25.98,12.99,2024-09-20,1750.0,1,3.67,3960,DIAGEO NORTH AMERICA INC   
49_GARIGILL_4550,49,4550,E & J XO Brandy,750mL,2,25.98,12.99,2024-03-16,750.0,1,1.57,3252,E & J GALLO WINERY         
25_CAERSHIRE_4254,25,4254,Remy Martin 1738 Accord Royl,375mL,1,24.99,24.99,2024-07-06,375.0,1,0.39,7239,REMY COINTREAU USA INC     
76_DONCASTER_538,76,538,Amaretto DiSaronno,375mL,1,13.99,13.99,2024-12-15,375.0,1,0.39,2555,DISARONNO INTERNATIONAL LLC
67_EANVERNESS_17611,67,17611,True Myth Chard,750mL,1,14.99,14.99,2024-11-18,750.0,2,0.11,90047,CRUSH WINES                
79_BALLYMENA_1269,79,1269,Jeffersons Bourbon,750mL,1,25.99,25.99,2024-06-12,750.0,1,0.79,1485,CASTLE BRANDS CORP.        
76_DONCASTER_5382,76,5382,Ice 101 Peppermint Schnapps,750mL,1,11.99,11.99,2024-12-26,750.0,1,0.79,8004,SAZERAC CO INC             
48_NORFOLK_44334,48,44334,Noble Vines 337 Cab Svgn,750mL,3,35.97,11.99,2024-07-15,750.0,2,0.34,2242,DELICATO VINEYARDS INC     
10_HORNSEY_8620,10,8620,Sambuca Romana,375mL,2,23.98,11.99,2024-12-14,375.0,1,0.79,3960,DIAGEO NORTH AMERICA INC   
43_WOLFORD_5128,43,5128,Carolans Irish Cream,750mL,1,11.99,11.99,2024-08-26,750.0,1,0.79,11567,CAMPARI AMERICA            
67_EANVERNESS_4249,67,4249,Capt Morgan White Coconut,750mL,2,25.98,12.99,2024-08-30,750.0,1,1.57,3960,DIAGEO NORTH AMERICA INC   
40_BULLMAR_5760,40,5760,Grand Marnier Rasp-Peach,50mL,1,1.99,1.99,2024-05-20,50.0,1,0.05,8112,MOET HENNESSY USA INC      
43_WOLFORD_8961,43,8961,Jose Cuervo Especial,50mL,6,8.94,1.49,2024-02-23,50.0,1,0.32,7245,PROXIMO SPIRITS INC.       
4_EANVERNESS_39717,4,39717,Estancia Pnt Grigio Cal,750mL,2,19.98,9.99,2024-04-11,750.0,2,0.22,1392,CONSTELLATION BRANDS INC   
76_DONCASTER_1244,76,1244,Jack Daniels Winter Jack,750mL,2,31.98,15.99,2024-12-03,750.0,1,1.57,1128,BROWN-FORMAN CORP          
49_GARIGILL_19357,49,19357,Kendall Jackson Vntnr Rsv Ch,375mL,1,5.99,5.99,2024-07-23,375.0,2,0.06,10000,MAJESTIC FINE WINES        
47_PELLA'S WISH_39348,47,39348,Sterling Vintners Cltn Pnt N,750mL,3,35.97,11.99,2024-01-15,750.0,2,0.34,1590,DIAGEO CHATEAU ESTATE WINES
21_BALERNO_2890,21,2890,Four Roses Bourbon,750mL,1,27.99,27.99,2024-12-12,750.0,1,0.79,9552,M S WALKER INC             
31_HORNSEY_8691,31,8691,Jose Cuervo Especial,750mL,1,14.99,14.99,2024-02-14,750.0,1,0.79,7245,PROXIMO SPIRITS INC.       
38_GOULCREST_21281,38,21281,Rodney Strong Rsv Alex Vy CS,750mL,1,49.99,49.99,2024-10-20,750.0,2,0.11,4425,MARTIGNETTI COMPANIES
34_PITMERDEN_4261,34,4261,Capt Morgan Spiced Rum,1.75L,60,1379.4,22.99,2024-03-25,1750.0,1,110.25,3960,DIAGEO NORTH AMERICA INC   
56_BEGGAR'S HOLE_3768,56,3768,Jenkins Vodka,750mL,1,4.99,4.99,2024-10-27,750.0,1,0.79,9552,M S WALKER INC             
77_TAMWORTH_4453,77,4453,Pitu Brazilian Rum Cachaca,750mL,1,11.99,11.99,2024-04-22,750.0,1,0.79,2000,SOUTHERN WINE & SPIRITS NE 
66_EANVERNESS_1520,66,1520,Pinnacle Vodka Cane 4/50mls,50mL 4 Pk,1,3.99,3.99,2024-01-08,50.0,1,0.05,12546,JIM BEAM BRANDS COMPANY    
78_EASTHAVEN_5232,78,5232,DeKuyper Buttershots Schnaps,1.75L,1,16.99,16.99,2024-07-17,1750.0,1,1.84,12546,JIM BEAM BRANDS COMPANY    
69_MOUNTMEND_17535,69,17535,Ninety+Cellars Lot 66 Rsl Mo,750mL,1,10.99,10.99,2024-12-27,750.0,2,0.11,4950,LATITUDE BEVERAGE COMPANY  
2_ASHBORNE_16837,2,16837,Beringer Classic Pink Moscat,750mL,4,19.96,4.99,2024-08-18,750.0,2,0.45,9819,TREASURY WINE ESTATES      
66_EANVERNESS_13427,66,13427,Liberty School Cab Svgn,1.5L,1,27.99,27.99,2024-10-28,1500.0,2,0.22,4425,MARTIGNETTI COMPANIES
69_MOUNTMEND_3486,69,3486,Tanqueray,375mL,1,12.99,12.99,2024-08-14,375.0,1,0.39,3960,DIAGEO NORTH AMERICA INC   
66_EANVERNESS_4075,66,4075,Bacardi Pineapple Fusion,1.75L,1,23.99,23.99,2024-03-23,1750.0,1,1.84,480,BACARDI USA INC            
49_GARIGILL_8823,49,8823,Leroux Apricot Brandy,750mL,3,23.97,7.99,2024-06-21,750.0,1,2.36,12546,JIM BEAM BRANDS COMPANY    
24_PALPERROTH_2585,24,2585,Jameson Irish Whiskey,750mL,1,23.99,23.99,2024-01-23,750.0,1,0.79,17035,PERNOD RICARD USA          
25_CAERSHIRE_19896,25,19896,Masi Soave 2012 Classico,750mL,9,53.91,5.99,2024-05-21,750.0,2,1.01,4692,KOBRAND CORPORATION        
59_CLAETHORPES_4262,59,4262,Capt Morgan Spiced Rum,750mL,29,492.71,16.99,2024-02-13,750.0,1,22.84,3960,DIAGEO NORTH AMERICA INC   
73_DONCASTER_23382,73,23382,Haywood Chamizal Znfdl 09,750mL,3,47.97,15.99,2024-06-05,750.0,2,0.34,9165,ULTRA BEVERAGE COMPANY LLP 
39_EASTHALLOW_31541,39,31541,Morgan Winery Highland Chard,750mL,1,21.99,21.99,2024-09-14,750.0,2,0.11,10754,PERFECTA WINES             
34_PITMERDEN_5337,34,5337,Drambuie,750mL,3,80.97,26.99,2024-08-07,750.0,1,2.36,3664,WILLIAM GRANT & SONS INC   
69_MOUNTMEND_6725,69,6725,Franzia Crisp White Tap,5L,2,29.98,14.99,2024-01-13,5000.0,2,1.5,9815,WINE GROUP INC             
64_CESTERFIELD_3456,64,3456,Tanqueray Sterling Vodka,1.75L,1,21.99,21.99,2024-04-19,1750.0,1,1.84,3960,DIAGEO NORTH AMERICA INC   
58_HARTLEPOOL_3246,58,3246,Bentley's Vodka,1.75L,3,26.37,8.79,2024-06-27,1750.0,1,5.51,8004,SAZERAC CO INC             
38_GOULCREST_3693,38,3693,Smirnoff Ruby Red Grapefruit,750mL,2,25.98,12.99,2024-10-23,750.0,1,1.57,3960,DIAGEO NORTH AMERICA INC   
28_LARNWICK_3488,28,3488,Tanqueray,750mL,1,23.99,23.99,2024-11-15,750.0,1,0.79,3960,DIAGEO NORTH AMERICA INC   
69_MOUNTMEND_1378,69,1378,Jim Beam,375mL,2,18.98,9.49,2024-03-16,375.0,1,0.79,12546,JIM BEAM BRANDS COMPANY    
23_ARBINGTON_6186,23,6186,Rene Junot White,1.5L,3,38.97,12.99,2024-06-23,1500.0,2,0.68,7239,REMY COINTREAU USA INC     
56_BEGGAR'S HOLE_5921,56,5921,RumChata Liqueur,750mL,2,39.98,19.99,2024-10-20,750.0,1,1.57,6213,MHW LTD                    
75_BARNCOMBE_6682,75,6682,R M Woodbridge Chard Cal,1.5L,4,55.96,13.99,2024-05-26,1500.0,2,0.9,1392,CONSTELLATION BRANDS INC   
12_LEESIDE_41251,12,41251,Beringer Classic Pnt Grigio,750mL,1,6.99,6.99,2024-12-24,750.0,2,0.11,9819,TREASURY WINE ESTATES      
72_HARDERSFIELD_38133,72,38133,Il Bastardo Sangiovese Tosc,750mL,1,7.99,7.99,2024-06-13,750.0,2,0.11,10754,PERFECTA WINES             
41_LARNWICK_2149,41,2149,Canadian Ltd Traveler,750mL,1,6.99,6.99,2024-10-10,750.0,1,0.79,660,SAZERAC NORTH AMERICA INC. 
67_EANVERNESS_46379,67,46379,Ghost Pine Cab Svgn LMartini,750mL,1,17.99,17.99,2024-01-15,750.0,2,0.11,3252,E & J GALLO WINERY         
11_CARDEND_3802,11,3802,Three Olives Vodka,1.75L,2,49.98,24.99,2024-10-23,1750.0,1,3.67,7245,PROXIMO SPIRITS INC.       
33_HORNSEY_1767,33,1767,Buffalo Trace Bourbon,750mL,1,24.99,24.99,2024-10-22,750.0,1,0.79,8004,SAZERAC CO INC             
24_PALPERROTH_6569,24,6569,W Hill Chard Napa,750mL,2,42.98,21.49,2024-01-06,750.0,2,0.22,3252,E & J GALLO WINERY         
67_EANVERNESS_22143,67,22143,Simi Cab Svgn,750mL,1,18.99,18.99,2024-10-04,750.0,2,0.11,1392,CONSTELLATION BRANDS INC   
69_MOUNTMEND_2144,69,2144,West Cork Black Rsv Irish Wh,750mL,1,37.99,37.99,2024-11-05,750.0,1,0.79,9552,M S WALKER INC             
11_CARDEND_28081,11,28081,Gandia Hoya de Cadenas RSV,750mL,3,26.97,8.99,2024-10-16,750.0,2,0.34,7153,PINE STATE TRADING CO      
6_GOULCREST_19302,6,19302,Tomaiolo Chianti Clsco Rsva,750mL,1,11.99,11.99,2024-02-27,750.0,2,0.11,7153,PINE STATE TRADING CO      
24_PALPERROTH_4264,24,4264,Capt Morgan Spiced Rum Trav,750mL,1,14.99,14.99,2024-04-22,750.0,1,0.79,3960,DIAGEO NORTH AMERICA INC   
50_MOUNTMEND_14129,50,14129,14 Hands Hot to Trot Red,750mL,4,31.96,7.99,2024-02-26,750.0,2,0.45,8673,STE MICHELLE WINE ESTATES  
68_SOLARIS_4066,68,4066,Bacardi Oakheart Spiced Rum,1.75L,1,21.99,21.99,2024-04-20,1750.0,1,1.84,480,BACARDI USA INC            
70_KELD_3607,70,3607,Smirnoff Citrus Vodka,50mL,2,1.98,0.99,2024-04-02,50.0,1,0.1,3960,DIAGEO NORTH AMERICA INC   
6_GOULCREST_14054,6,14054,Seaglass Rsl,750mL,1,8.99,8.99,2024-12-21,750.0,2,0.11,8892,TRINCHERO FAMILY ESTATES   
61_AETHELNEY_597,61,597,Baileys Irish Cream,Liter,3,83.97,27.99,2024-03-17,1000.0,1,3.15,3960,DIAGEO NORTH AMERICA INC   
38_GOULCREST_3038,38,3038,Zhenka Raspberry Vodka,1.75L,1,10.99,10.99,2024-06-06,1750.0,1,1.84,9552,M S WALKER INC             
41_LARNWICK_14930,41,14930,Yellow Tail Moscato,1.5L,4,35.8,8.95,2024-12-23,1500.0,2,0.9,4425,MARTIGNETTI COMPANIES
50_MOUNTMEND_3693,50,3693,Smirnoff Ruby Red Grapefruit,750mL,2,21.98,10.99,2024-01-13,750.0,1,1.57,3960,DIAGEO NORTH AMERICA INC   
19_WINTERVALE_40425,19,40425,Mionetto Prosecco Brut,750mL,1,13.99,13.99,2024-09-23,750.0,2,0.11,9552,M S WALKER INC             
78_EASTHAVEN_35472,78,35472,R M Woodbridge Pnt Grigio,1.5L,1,9.99,9.99,2024-04-28,1500.0,2,0.22,1392,CONSTELLATION BRANDS INC   
43_WOLFORD_38888,43,38888,Justin Cab Svgn Paso Robles,750mL,1,27.99,27.99,2024-11-18,750.0,2,0.11,9552,M S WALKER INC             
11_CARDEND_3162,11,3162,Burnett's Peach Vodka,50mL,2,1.98,0.99,2024-04-21,50.0,1,0.1,3924,HEAVEN HILL DISTILLERIES   
15_WANBORNE_32749,15,32749,Brancott Svgn Bl Marlboro,750mL,1,7.99,7.99,2024-10-25,750.0,2,0.11,17035,PERNOD RICARD USA          
25_CAERSHIRE_3549,25,3549,Ketel One Vodka,750mL,1,26.99,26.99,2024-01-09,750.0,1,0.79,3960,DIAGEO NORTH AMERICA INC   
43_WOLFORD_3612,43,3612,Taaka Vodka,1.75L,1,8.99,8.99,2024-12-07,1750.0,1,1.84,8004,SAZERAC CO INC             
18_FURNESS_6448,18,6448,Dubonnet Rouge,750mL,1,8.99,8.99,2024-10-24,750.0,2,0.11,3924,HEAVEN HILL DISTILLERIES   
66_EANVERNESS_8236,66,8236,Jim Beam,50mL,2,2.98,1.49,2024-04-01,50.0,1,0.1,12546,JIM BEAM BRANDS COMPANY    
71_CLARCTON_5165,71,5165,Hpnotiq Liqueur,750mL,2,35.98,17.99,2024-03-05,750.0,1,1.57,3924,HEAVEN HILL DISTILLERIES   
6_GOULCREST_6957,6,6957,Torna Sorrento Limoncello,750mL,2,27.98,13.99,2024-02-27,750.0,1,1.57,10754,PERFECTA WINES             
44_PORTHCRAWL_3758,44,3758,Margaritaville Gold Tequila,1.75L,1,19.99,19.99,2024-08-09,1750.0,1,1.84,8004,SAZERAC CO INC             
39_EASTHALLOW_19934,39,19934,Perrin Cotes du Rhone RSV Rg,750mL,3,26.97,8.99,2024-08-26,750.0,2,0.34,1587,VINEYARD BRANDS INC        
61_AETHELNEY_6570,61,6570,Kendall Jackson Chard Vt RSV,750mL,3,29.97,9.99,2024-07-23,750.0,2,0.34,10000,MAJESTIC FINE WINES        
34_PITMERDEN_5242,34,5242,Cointreau Liqueur,750mL,3,101.97,33.99,2024-05-02,750.0,1,2.36,7239,REMY COINTREAU USA INC     
4_EANVERNESS_1595,4,1595,Gentleman Jack,375mL,3,41.97,13.99,2024-12-21,375.0,1,1.18,1128,BROWN-FORMAN CORP          
69_MOUNTMEND_5662,69,5662,Skinnygirl W Peach Margarita,750mL,1,12.99,12.99,2024-03-18,750.0,1,0.79,12546,JIM BEAM BRANDS COMPANY    
44_PORTHCRAWL_4858,44,4858,Kraken Black Spiced Rum,50mL,2,3.98,1.99,2024-12-27,50.0,1,0.1,7245,PROXIMO SPIRITS INC.       
67_EANVERNESS_27549,67,27549,Whitman Express Pnt Blanc,750mL,1,11.99,11.99,2024-12-27,750.0,2,0.11,10754,PERFECTA WINES             
78_EASTHAVEN_8111,78,8111,Smirnoff 80 Proof,50mL,31,30.69,0.99,2024-06-03,50.0,1,1.63,3960,DIAGEO NORTH AMERICA INC   
15_WANBORNE_6273,15,6273,Vendange Wh Znfdl,1.5L,2,15.98,7.99,2024-12-22,1500.0,2,0.45,1392,CONSTELLATION BRANDS INC   
66_EANVERNESS_24805,66,24805,Menage a Trois Silk Soft Red,750mL,8,87.92,10.99,2024-12-04,750.0,2,0.9,8892,TRINCHERO FAMILY ESTATES   
45_VERITAS_5731,45,5731,Malibu Passion Fruit Rum,750mL,1,12.99,12.99,2024-10-06,750.0,1,0.79,17035,PERNOD RICARD USA          
73_DONCASTER_22441,73,22441,Omaka Springs Svgn Bl,750mL,1,14.99,14.99,2024-01-13,750.0,2,0.11,9165,ULTRA BEVERAGE COMPANY LLP 
68_SOLARIS_4265,68,4265,Capt Morgan Spiced Rum,375mL,2,21.98,10.99,2024-03-30,375.0,1,0.79,3960,DIAGEO NORTH AMERICA INC   
19_WINTERVALE_10723,19,10723,R M Woodbridge Chard,1.5L,1,9.99,9.99,2024-12-02,1500.0,2,0.22,1392,CONSTELLATION BRANDS INC   
59_CLAETHORPES_24840,59,24840,Honig Svgn Bl Napa,750mL,1,13.99,13.99,2024-01-18,750.0,2,0.11,7153,PINE STATE TRADING CO      
34_PITMERDEN_24935,34,24935,T-Vine Grenache Napa,750mL,1,14.99,14.99,2024-04-24,750.0,2,0.11,4425,MARTIGNETTI COMPANIES
38_GOULCREST_27932,38,27932,Marc Bredif Vouvray,750mL,1,18.99,18.99,2024-05-26,750.0,2,0.11,2000,SOUTHERN WINE & SPIRITS NE 
75_BARNCOMBE_3879,75,3879,Smirnoff 80 Proof Traveler,750mL,2,25.98,12.99,2024-11-15,750.0,1,1.57,3960,DIAGEO NORTH AMERICA INC   
25_CAERSHIRE_8118,25,8118,Mr Boston Blackberry Brandy,750mL,1,6.99,6.99,2024-04-07,750.0,1,0.79,660,SAZERAC NORTH AMERICA INC. 
69_MOUNTMEND_3425,69,3425,Olmeca Altos Plata Tequila,750mL,1,21.99,21.99,2024-04-27,750.0,1,0.79,17035,PERNOD RICARD USA          
60_IRRAGIN_6249,60,6249,Rodney Strong Chard,750mL,1,15.99,15.99,2024-09-21,750.0,2,0.11,4425,MARTIGNETTI COMPANIES
33_HORNSEY_18988,33,18988,Franzia Chillable Red Tap,5L,1,12.99,12.99,2024-12-23,5000.0,2,0.75,9815,WINE GROUP INC             
55_DRY GULCH_6459,55,6459,Freixenet Cordon Negro Extr,750mL,1,10.99,10.99,2024-01-27,750.0,2,0.11,4425,MARTIGNETTI COMPANIES
17_OLDHAM_5815,17,5815,Godiva Dark Chocolate,750mL,1,21.99,21.99,2024-02-13,750.0,1,0.79,3960,DIAGEO NORTH AMERICA INC   
34_PITMERDEN_3940,34,3940,Pearl Cucumber Vodka,750mL,1,10.99,10.99,2024-01-28,750.0,1,0.79,8352,LUXCO INC                  
73_DONCASTER_5228,73,5228,DeKuyper Wh Cr de Menthe,750mL,1,8.99,8.99,2024-09-16,750.0,1,0.79,12546,JIM BEAM BRANDS COMPANY    
25_CAERSHIRE_757,25,757,Jim Beam Rye,750mL,1,20.99,20.99,2024-11-20,750.0,1,0.79,12546,JIM BEAM BRANDS COMPANY    
41_LARNWICK_3102,41,3102,Smirnoff Traveler,1.75L,17,305.83,17.99,2024-03-19,1750.0,1,31.24,3960,DIAGEO NORTH AMERICA INC   
69_MOUNTMEND_8143,69,8143,Perrier Jouet Grand Brut,750mL,1,32.95,32.95,2024-03-03,750.0,2,0.11,17035,PERNOD RICARD USA          
41_LARNWICK_3581,41,3581,Pinnacle Citrus,50mL,1,0.99,0.99,2024-09-16,50.0,1,0.05,12546,JIM BEAM BRANDS COMPANY    
40_BULLMAR_2752,40,2752,Johnnie Walker Black Label,750mL,2,79.98,39.99,2024-11-14,750.0,1,1.57,3960,DIAGEO NORTH AMERICA INC   
51_ABERDEEN_2713,51,2713,Inver House Green Plaid 3-Y,1.75L,3,50.97,16.99,2024-01-14,1750.0,1,5.51,660,SAZERAC NORTH AMERICA INC. 
76_DONCASTER_21055,76,21055,Sandeman Imperial 20-Yr Taw,750mL,1,39.99,39.99,2024-12-11,750.0,2,0.11,17035,PERNOD RICARD USA          
74_PAENTMARWY_5233,74,5233,Cointreau Liqueur,375mL,1,18.99,18.99,2024-02-11,375.0,1,0.39,7239,REMY COINTREAU USA INC     
44_PORTHCRAWL_1348,44,1348,Knob Creek Bourbon,375mL,2,33.98,16.99,2024-11-23,375.0,1,0.79,12546,JIM BEAM BRANDS COMPANY    
49_GARIGILL_1233,49,1233,Jack Daniels No 7 Black,1.75L,23,804.77,34.99,2024-11-03,1750.0,1,42.26,1128,BROWN-FORMAN CORP          
22_SHARNWICK_8155,22,8155,Black Velvet Plastic,375mL,1,4.99,4.99,2024-04-08,375.0,1,0.39,1392,CONSTELLATION BRANDS INC   
43_WOLFORD_37828,43,37828,Yellow Tail Shiraz/Cab Ausl,1.5L,1,9.99,9.99,2024-12-28,1500.0,2,0.22,4425,MARTIGNETTI COMPANIES
57_LANTEGLOS_7077,57,7077,Smirnoff Strawberry Vodka,50mL,2,1.98,0.99,2024-08-25,50.0,1,0.1,3960,DIAGEO NORTH AMERICA INC   
15_WANBORNE_7948,15,7948,Bayou Silver Rum,50mL,4,3.96,0.99,2024-11-06,50.0,1,0.21,8664,"STOLI GROUP,(USA) LLC      "
64_CESTERFIELD_8512,64,8512,Baileys Irish Cream,750mL,1,19.99,19.99,2024-07-17,750.0,1,0.79,3960,DIAGEO NORTH AMERICA INC   
48_NORFOLK_3488,48,3488,Tanqueray,750mL,2,47.98,23.99,2024-06-29,750.0,1,1.57,3960,DIAGEO NORTH AMERICA INC   
79_BALLYMENA_8223,79,8223,Dom Chandon Blanc de Noir C,750mL,2,29.98,14.99,2024-06-28,750.0,1,1.57,8112,MOET HENNESSY USA INC      
53_HILLFAR_3238,53,3238,Hendrick's Gin,750mL,1,29.99,29.99,2024-07-31,750.0,1,0.79,3664,WILLIAM GRANT & SONS INC   
60_IRRAGIN_7345,60,7345,M & R Asti,750mL,4,43.96,10.99,2024-11-18,750.0,2,0.45,480,BACARDI USA INC            
64_CESTERFIELD_6976,64,6976,Ruffino Chianti Clsc RSV Tan,750mL,1,18.99,18.99,2024-03-19,750.0,2,0.11,1392,CONSTELLATION BRANDS INC   
79_BALLYMENA_3913,79,3913,Svedka Vodka,1.75L,1,16.99,16.99,2024-11-08,1750.0,1,1.84,1392,CONSTELLATION BRANDS INC   
5_SUTTON_19748,5,19748,Clos du Bois Chard,1.5L,1,14.99,14.99,2024-01-22,1500.0,2,0.22,1392,CONSTELLATION BRANDS INC   
34_PITMERDEN_8875,34,8875,Freixenet Cordon Negro Brut,1.5L,6,137.94,22.99,2024-08-19,1500.0,2,1.35,4425,MARTIGNETTI COMPANIES
50_MOUNTMEND_79,50,79,Three Olives Loopy Vodka,750mL,2,29.98,14.99,2024-10-21,750.0,1,1.57,7245,PROXIMO SPIRITS INC.       
14_BROMWICH_4198,14,4198,Sailor Jerry Spiced Navy Rum,1.75L,1,24.99,24.99,2024-07-10,1750.0,1,1.84,3664,WILLIAM GRANT & SONS INC   
23_ARBINGTON_46298,23,46298,Intorcia Marsala Sweet,Liter,3,35.97,11.99,2024-10-01,1000.0,2,0.45,90024,VINILANDIA USA             
1_HARDERSFIELD_5003,1,5003,Brinley Shipwreck Coconut Cr,50mL,14,13.86,0.99,2024-07-20,50.0,1,0.74,9165,ULTRA BEVERAGE COMPANY LLP 
66_EANVERNESS_870,66,870,Carpano Antica Formula,Liter,3,89.97,29.99,2024-07-14,1000.0,2,0.45,9165,ULTRA BEVERAGE COMPANY LLP 
77_TAMWORTH_5128,77,5128,Carolans Irish Cream,750mL,1,11.99,11.99,2024-10-18,750.0,1,0.79,11567,CAMPARI AMERICA            
44_PORTHCRAWL_2672,44,2672,Dewars White Label,50mL,1,2.29,2.29,2024-12-17,50.0,1,0.05,480,BACARDI USA INC            
37_PAETHSMOUTH_8066,37,8066,DeKuyper Triple Sec,1.75L,2,17.98,8.99,2024-07-20,1750.0,1,3.67,12546,JIM BEAM BRANDS COMPANY    
34_PITMERDEN_12111,34,12111,LaBelle Winery Cranberry,750mL,2,31.98,15.99,2024-05-30,750.0,2,0.22,90032,LABELLE VYDS AND WINERY    
56_BEGGAR'S HOLE_3668,56,3668,Belvedere Polish Vodka,1.75L,1,42.99,42.99,2024-12-24,1750.0,1,1.84,8112,MOET HENNESSY USA INC      
76_DONCASTER_8838,76,8838,Ch Ste Michelle Cab Svgn Col,750mL,1,12.99,12.99,2024-12-06,750.0,2,0.11,8673,STE MICHELLE WINE ESTATES  
66_EANVERNESS_3997,66,3997,Hornitos Plata Tequila,750mL,2,41.98,20.99,2024-12-27,750.0,1,1.57,12546,JIM BEAM BRANDS COMPANY    
44_PORTHCRAWL_12109,44,12109,La Crema Pnt Nr Monterey,750mL,1,18.99,18.99,2024-08-05,750.0,2,0.11,10000,MAJESTIC FINE WINES        
23_ARBINGTON_8068,23,8068,Absolut 80 Proof,1.75L,9,233.91,25.99,2024-01-06,1750.0,1,16.54,17035,PERNOD RICARD USA          
63_SWORDBREAK_2120,63,2120,Canadian Club,1.75L,3,47.97,15.99,2024-01-15,1750.0,1,5.51,12546,JIM BEAM BRANDS COMPANY    
48_NORFOLK_3787,48,3787,Jose Cuervo Especial Silver,750mL,1,16.99,16.99,2024-07-17,750.0,1,0.79,7245,PROXIMO SPIRITS INC.       
60_IRRAGIN_13565,60,13565,Sartori Ferdi Bianco,750mL,9,71.91,7.99,2024-01-29,750.0,2,1.01,516,BANFI PRODUCTS CORP        
60_IRRAGIN_2432,60,2432,Crown Royal,750mL,1,22.99,22.99,2024-05-03,750.0,1,0.79,3960,DIAGEO NORTH AMERICA INC   
66_EANVERNESS_28890,66,28890,Peter Vella Wh Znfdl Cal,5L,1,14.99,14.99,2024-01-16,5000.0,2,0.75,3252,E & J GALLO WINERY         
74_PAENTMARWY_8214,74,8214,E & J Brandy VS,750mL,1,9.99,9.99,2024-11-06,750.0,1,0.79,3252,E & J GALLO WINERY         
10_HORNSEY_3549,10,3549,Ketel One Vodka,750mL,1,22.99,22.99,2024-12-02,750.0,1,0.79,3960,DIAGEO NORTH AMERICA INC   
77_TAMWORTH_38457,77,38457,Smoking Loon Pnt Nr,750mL,1,9.99,9.99,2024-07-01,750.0,2,0.11,9552,M S WALKER INC             
41_LARNWICK_1180,41,1180,Evan Williams Black Label B,1.75L,2,41.98,20.99,2024-03-31,1750.0,1,3.67,3924,HEAVEN HILL DISTILLERIES   
71_CLARCTON_3329,71,3329,Seagrams Extra Smooth Vodka,1.75L,1,14.99,14.99,2024-05-29,1750.0,1,1.84,9165,ULTRA BEVERAGE COMPANY LLP 
4_EANVERNESS_4225,4,4225,Goslings Black Seal Bermuda,1.75L,1,25.99,25.99,2024-12-21,1750.0,1,1.84,1485,CASTLE BRANDS CORP.        
77_TAMWORTH_34905,77,34905,Smoking Loon Merlot,750mL,1,6.79,6.79,2024-03-11,750.0,2,0.11,9552,M S WALKER INC             
33_HORNSEY_2780,33,2780,Bulleit 10 Yr Old Bourbon,750mL,1,41.99,41.99,2024-11-26,750.0,1,0.79,3960,DIAGEO NORTH AMERICA INC   
47_PELLA'S WISH_46934,47,46934,Silver Palm Nth Cst Cab Svgn,750mL,1,14.95,14.95,2024-12-19,750.0,2,0.11,9552,M S WALKER INC             
34_PITMERDEN_3295,34,3295,Tito's Handmade Vodka,375mL,2,23.98,11.99,2024-11-13,375.0,1,0.79,4425,MARTIGNETTI COMPANIES
44_PORTHCRAWL_3858,44,3858,Grey Goose Vodka,750mL,2,47.98,23.99,2024-12-16,750.0,1,1.57,480,BACARDI USA INC            
44_PORTHCRAWL_2656,44,2656,Cutty Sark,1.75L,1,31.99,31.99,2024-10-05,1750.0,1,1.84,2561,EDRINGTON AMERICAS         
41_LARNWICK_17293,41,17293,Defesa Branco White Alentejo,750mL,1,12.99,12.99,2024-07-22,750.0,2,0.11,90010,VINEXTRA INC               
67_EANVERNESS_4290,67,4290,Bacardi Tangerine Rum,750mL,1,11.99,11.99,2024-02-06,750.0,1,0.79,480,BACARDI USA INC            
20_BREDWARDINE_6861,20,6861,Sutter Home Clsc Wh Znfdl,187mL 4 Pk,1,5.99,5.99,2024-02-26,187.0,2,0.03,8892,TRINCHERO FAMILY ESTATES   
67_EANVERNESS_4152,67,4152,Jenkins Rum,750mL,1,5.99,5.99,2024-01-09,750.0,1,0.79,9552,M S WALKER INC             
79_BALLYMENA_45604,79,45604,Latour 12 Cuvee Bourg Rouge,750mL,1,19.99,19.99,2024-04-01,750.0,2,0.11,9552,M S WALKER INC             
76_DONCASTER_19036,76,19036,Nicholson Ranch Est Chard,750mL,3,44.97,14.99,2024-02-12,750.0,2,0.34,4425,MARTIGNETTI COMPANIES
15_WANBORNE_17707,15,17707,Smoking Loon Steelbird Chard,750mL,2,19.98,9.99,2024-11-22,750.0,2,0.22,9552,M S WALKER INC             
25_CAERSHIRE_6281,25,6281,Franzia Sunset Blush Tap,5L,1,12.99,12.99,2024-06-02,5000.0,2,0.75,9815,WINE GROUP INC             
72_HARDERSFIELD_4262,72,4262,Capt Morgan Spiced Rum,750mL,1,14.99,14.99,2024-03-11,750.0,1,0.79,3960,DIAGEO NORTH AMERICA INC   
75_BARNCOMBE_20357,75,20357,Apothic Dark,750mL,1,9.99,9.99,2024-10-28,750.0,2,0.11,3252,E & J GALLO WINERY         
16_LUNDY_2373,16,2373,Jim Beam Maple,750mL,1,14.99,14.99,2024-12-22,750.0,1,0.79,12546,JIM BEAM BRANDS COMPANY    
59_CLAETHORPES_7969,59,7969,Sandeman Founders RSV Port,750mL,1,14.99,14.99,2024-08-08,750.0,2,0.11,17035,PERNOD RICARD USA          
60_IRRAGIN_3409,60,3409,Crystal Head Vodka,750mL,1,49.99,49.99,2024-01-10,750.0,1,0.79,9165,ULTRA BEVERAGE COMPANY LLP 
9_BLACKPOOL_5735,9,5735,Malibu Rum,750mL,4,47.96,11.99,2024-07-09,750.0,1,3.15,17035,PERNOD RICARD USA          
10_HORNSEY_19896,10,19896,Masi Soave 2012 Classico,750mL,6,35.94,5.99,2024-05-21,750.0,2,0.68,4692,KOBRAND CORPORATION        
73_DONCASTER_4054,73,4054,Patron XO Cafe Liqueur,375mL,3,38.97,12.99,2024-03-17,375.0,1,1.18,9165,ULTRA BEVERAGE COMPANY LLP 
77_TAMWORTH_3054,77,3054,Smirnoff Kissed Caramel,750mL,5,54.95,10.99,2024-12-08,750.0,1,3.94,3960,DIAGEO NORTH AMERICA INC   
73_DONCASTER_36378,73,36378,MezzaCorona Pnt Grigio,1.5L,37,351.13,9.49,2024-07-31,1500.0,2,8.32,9165,ULTRA BEVERAGE COMPANY LLP 
60_IRRAGIN_19755,60,19755,Velvet Crush Red Blend,750mL,1,9.99,9.99,2024-04-06,750.0,2,0.11,1590,DIAGEO CHATEAU ESTATE WINES
14_BROMWICH_4241,14,4241,Capt Morgan Spiced Rum,50mL,4,7.96,1.99,2024-09-18,50.0,1,0.21,3960,DIAGEO NORTH AMERICA INC   
34_PITMERDEN_2585,34,2585,Jameson Irish Whiskey,750mL,7,160.93,22.99,2024-11-07,750.0,1,5.51,17035,PERNOD RICARD USA          
47_PELLA'S WISH_3584,47,3584,Absolut Raspberri,750mL,2,33.98,16.99,2024-07-05,750.0,1,1.57,17035,PERNOD RICARD USA          
30_CULCHETH_4174,30,4174,Kraken Black Spiced Rum,1.75L,1,28.99,28.99,2024-12-27,1750.0,1,1.84,7245,PROXIMO SPIRITS INC.       
63_SWORDBREAK_2783,63,2783,Lauders Scotch,1.75L,2,27.98,13.99,2024-12-19,1750.0,1,3.67,660,SAZERAC NORTH AMERICA INC. 
76_DONCASTER_11396,76,11396,Buried Cane Cab Svgn,750mL,1,13.99,13.99,2024-06-10,750.0,2,0.11,4425,MARTIGNETTI COMPANIES
25_CAERSHIRE_1465,25,1465,Woodford Rsv Bourbon,375mL,2,29.98,14.99,2024-03-24,375.0,1,0.79,1128,BROWN-FORMAN CORP          
81_PEMBROKE_2244,81,2244,Crown Royal Vanilla,750mL,1,22.99,22.99,2024-12-30,750.0,1,0.79,3960,DIAGEO NORTH AMERICA INC   
49_GARIGILL_33149,49,33149,Alamos Ridge Malbec Mendoza,750mL,1,9.99,9.99,2024-11-15,750.0,2,0.11,3252,E & J GALLO WINERY         
79_BALLYMENA_567,79,567,Ketel One Vodka,Liter,1,28.99,28.99,2024-09-30,1000.0,1,1.05,3960,DIAGEO NORTH AMERICA INC   
54_GUTHRAM_26606,54,26606,Loredona Moscato Monterey,750mL,1,5.99,5.99,2024-11-18,750.0,2,0.11,2242,DELICATO VINEYARDS INC     
54_GUTHRAM_31320,54,31320,La Vieille Ferme Rose Vntoux,750mL,1,8.99,8.99,2024-09-11,750.0,2,0.11,1587,VINEYARD BRANDS INC        
69_MOUNTMEND_4979,69,4979,Patron Silver Tequila,Liter,2,159.98,79.99,2024-09-24,1000.0,1,2.1,9165,ULTRA BEVERAGE COMPANY LLP 
10_HORNSEY_5312,10,5312,Amaretto DiSaronno,750mL,1,22.99,22.99,2024-03-10,750.0,1,0.79,2555,DISARONNO INTERNATIONAL LLC
33_HORNSEY_6688,33,6688,Ch St Jean Chard California,750mL,1,9.99,9.99,2024-04-22,750.0,2,0.11,9819,TREASURY WINE ESTATES      
71_CLARCTON_3511,71,3511,New Amsterdam Vodka,750mL,3,32.97,10.99,2024-12-24,750.0,1,2.36,3252,E & J GALLO WINERY         
74_PAENTMARWY_5767,74,5767,Jose Cuervo Strawberry Marg,1.75L,1,15.99,15.99,2024-06-19,1750.0,1,1.84,7245,PROXIMO SPIRITS INC.       
34_PITMERDEN_8337,34,8337,Marcati Limoncello,750mL,9,89.91,9.99,2024-09-04,750.0,1,7.09,7153,PINE STATE TRADING CO      
50_MOUNTMEND_3896,50,3896,Zhenka Vodka,375mL,1,3.29,3.29,2024-09-20,375.0,1,0.39,9552,M S WALKER INC             
72_HARDERSFIELD_5401,72,5401,Jagermeister Liqueur,200mL,1,5.99,5.99,2024-06-09,200.0,1,0.21,3089,SIDNEY FRANK IMPORTING CO  
81_PEMBROKE_1068,81,1068,Capt Morgan Jack O Blast,750mL,1,14.99,14.99,2024-10-09,750.0,1,0.79,3960,DIAGEO NORTH AMERICA INC   
38_GOULCREST_32908,38,32908,Sterling Vintners Cltn Merlo,750mL,3,35.97,11.99,2024-01-07,750.0,2,0.34,1590,DIAGEO CHATEAU ESTATE WINES
34_PITMERDEN_4737,34,4737,St Remy VSOP Authentic Brndy,750mL,1,12.99,12.99,2024-08-12,750.0,1,0.79,7239,REMY COINTREAU USA INC     
64_CESTERFIELD_6498,64,6498,Franzia Chablis Old World C,5L,1,17.99,17.99,2024-02-16,5000.0,2,0.75,9815,WINE GROUP INC             
73_DONCASTER_3549,73,3549,Ketel One Vodka,750mL,3,80.97,26.99,2024-04-09,750.0,1,2.36,3960,DIAGEO NORTH AMERICA INC   
14_BROMWICH_35916,14,35916,Stone Cellars Merlot,1.5L,3,26.97,8.99,2024-12-31,1500.0,2,0.68,9819,TREASURY WINE ESTATES      
55_DRY GULCH_1545,55,1545,Gentleman Jack,750mL,1,28.99,28.99,2024-11-20,750.0,1,0.79,1128,BROWN-FORMAN CORP          
23_ARBINGTON_2432,23,2432,Crown Royal,750mL,2,45.98,22.99,2024-10-04,750.0,1,1.57,3960,DIAGEO NORTH AMERICA INC   
74_PAENTMARWY_5365,74,5365,Kahlua,750mL,3,56.97,18.99,2024-03-10,750.0,1,2.36,17035,PERNOD RICARD USA          
76_DONCASTER_19748,76,19748,Clos du Bois Chard,1.5L,23,344.77,14.99,2024-07-13,1500.0,2,5.17,1392,CONSTELLATION BRANDS INC   
68_SOLARIS_8497,68,8497,Kamora Coffee,750mL,1,10.99,10.99,2024-06-27,750.0,1,0.79,12546,JIM BEAM BRANDS COMPANY    
60_IRRAGIN_2589,60,2589,Jameson Irish Whiskey,1.75L,3,128.97,42.99,2024-06-30,1750.0,1,5.51,17035,PERNOD RICARD USA          
61_AETHELNEY_26092,61,26092,Blackstone Merlot Cal,750mL,2,15.98,7.99,2024-07-09,750.0,2,0.22,1392,CONSTELLATION BRANDS INC   
24_PALPERROTH_38133,24,38133,Il Bastardo Sangiovese Tosc,750mL,1,5.99,5.99,2024-10-28,750.0,2,0.11,10754,PERFECTA WINES             
55_DRY GULCH_21461,55,21461,Ch Rayne Vigneau Sauternes,750mL,2,115.98,57.99,2024-07-31,750.0,2,0.22,10754,PERFECTA WINES             
71_CLARCTON_35916,71,35916,Stone Cellars Merlot,1.5L,1,7.99,7.99,2024-01-12,1500.0,2,0.22,9819,TREASURY WINE ESTATES      
20_BREDWARDINE_3503,20,3503,Smirnoff Sorbet Rasp/Pomegra,750mL,1,10.99,10.99,2024-05-31,750.0,1,0.79,3960,DIAGEO NORTH AMERICA INC   
38_GOULCREST_2015,38,2015,Jack Daniels Tennessee Honey,750mL,3,68.97,22.99,2024-03-10,750.0,1,2.36,1128,BROWN-FORMAN CORP          
73_DONCASTER_41940,73,41940,Lange Willamette Pnt Nr,750mL,1,22.99,22.99,2024-08-26,750.0,2,0.11,9165,ULTRA BEVERAGE COMPANY LLP 
77_TAMWORTH_3150,77,3150,Svedka Mango Pineapple Vodka,750mL,1,10.99,10.99,2024-07-07,750.0,1,0.79,1392,CONSTELLATION BRANDS INC   
10_HORNSEY_34996,10,34996,Carpineto Dogajolo Tuscan R,1.5L,1,16.99,16.99,2024-05-19,1500.0,2,0.22,9165,ULTRA BEVERAGE COMPANY LLP 
48_NORFOLK_5232,48,5232,DeKuyper Buttershots Schnaps,1.75L,1,16.99,16.99,2024-09-17,1750.0,1,1.84,12546,JIM BEAM BRANDS COMPANY    
49_GARIGILL_6659,49,6659,Rosemount Diamond Chard,750mL,2,17.98,8.99,2024-09-20,750.0,2,0.22,4425,MARTIGNETTI COMPANIES
50_MOUNTMEND_3606,50,3606,Smirnoff Raspberry Vodka,50mL,23,22.77,0.99,2024-08-05,50.0,1,1.21,3960,DIAGEO NORTH AMERICA INC   
23_ARBINGTON_21353,23,21353,Smoking Loon Malbec Carancho,750mL,1,7.99,7.99,2024-09-27,750.0,2,0.11,9552,M S WALKER INC             
43_WOLFORD_8101,43,8101,Tanqueray,50mL,3,5.97,1.99,2024-03-31,50.0,1,0.16,3960,DIAGEO NORTH AMERICA INC   
38_GOULCREST_39648,38,39648,Ch Ste Michelle Indn W Chard,750mL,2,29.98,14.99,2024-04-24,750.0,2,0.22,8673,STE MICHELLE WINE ESTATES  
79_BALLYMENA_3375,79,3375,Skyy Infusions Cranberry,750mL,2,19.98,9.99,2024-05-05,750.0,1,1.57,11567,CAMPARI AMERICA            
79_BALLYMENA_15837,79,15837,Ninety+Cellars Lot 37 Shiraz,750mL,1,10.99,10.99,2024-12-28,750.0,2,0.11,4950,LATITUDE BEVERAGE COMPANY  
63_SWORDBREAK_6857,63,6857,Sutter Home Wh Znfdl,1.5L,1,9.99,9.99,2024-08-22,1500.0,2,0.22,8892,TRINCHERO FAMILY ESTATES   
10_HORNSEY_680,10,680,Midnight Moon Strawberry,750mL,1,19.99,19.99,2024-12-23,750.0,1,0.79,9165,ULTRA BEVERAGE COMPANY LLP 
64_CESTERFIELD_16289,64,16289,Barefoot Bubbly Pink Moscato,750mL,6,41.7,6.95,2024-12-10,750.0,2,0.68,3252,E & J GALLO WINERY         
59_CLAETHORPES_43308,59,43308,Penfolds Koonunga Hil Shiraz,750mL,3,35.97,11.99,2024-03-25,750.0,2,0.34,4425,MARTIGNETTI COMPANIES
73_DONCASTER_3238,73,3238,Hendrick's Gin,750mL,6,203.94,33.99,2024-09-11,750.0,1,4.72,3664,WILLIAM GRANT & SONS INC   
66_EANVERNESS_3747,66,3747,Gordons Vodka Traveler,750mL,1,6.99,6.99,2024-02-07,750.0,1,0.79,3960,DIAGEO NORTH AMERICA INC   
69_MOUNTMEND_7198,69,7198,New Amsterdam Pineapple Vdka,750mL,1,10.99,10.99,2024-11-22,750.0,1,0.79,3252,E & J GALLO WINERY         
73_DONCASTER_5440,73,5440,Jagermeister Liqueur,1.75L,1,34.99,34.99,2024-08-02,1750.0,1,1.84,3089,SIDNEY FRANK IMPORTING CO  
58_HARTLEPOOL_11219,58,11219,Josh Cellars Cab Svgn Sonoma,750mL,1,12.95,12.95,2024-05-30,750.0,2,0.11,4425,MARTIGNETTI COMPANIES
38_GOULCREST_6448,38,6448,Dubonnet Rouge,750mL,4,41.96,10.49,2024-08-13,750.0,2,0.45,3924,HEAVEN HILL DISTILLERIES   
1_HARDERSFIELD_27830,1,27830,Silverado Svgn Bl Napa,750mL,1,19.99,19.99,2024-06-26,750.0,2,0.11,4425,MARTIGNETTI COMPANIES
67_EANVERNESS_38441,67,38441,Toasted Head Cab Svgn,750mL,1,9.99,9.99,2024-12-10,750.0,2,0.11,1392,CONSTELLATION BRANDS INC   
75_BARNCOMBE_5676,75,5676,Kinky Liqueur,50mL,1,1.99,1.99,2024-06-18,50.0,1,0.05,7153,PINE STATE TRADING CO      
15_WANBORNE_2212,15,2212,Canadian Rich & Rare,1.75L,2,21.98,10.99,2024-09-02,1750.0,1,3.67,8004,SAZERAC CO INC             
23_ARBINGTON_5297,23,5297,Southern Comfort,750mL,2,27.98,13.99,2024-11-18,750.0,1,1.57,8004,SAZERAC CO INC             
73_DONCASTER_3668,73,3668,Belvedere Polish Vodka,1.75L,1,43.99,43.99,2024-05-10,1750.0,1,1.84,8112,MOET HENNESSY USA INC      
79_BALLYMENA_7363,79,7363,BeatBox Fruit Punch,5L,1,19.99,19.99,2024-08-13,5000.0,1,5.25,9165,ULTRA BEVERAGE COMPANY LLP 
31_HORNSEY_3781,31,3781,Three Olives Vanilla Vodka,750mL,1,11.99,11.99,2024-12-31,750.0,1,0.79,7245,PROXIMO SPIRITS INC.       
79_BALLYMENA_14706,79,14706,Cupcake Prosecco,750mL,1,8.99,8.99,2024-06-25,750.0,2,0.11,9815,WINE GROUP INC             
60_IRRAGIN_28856,60,28856,Seghesio Znfdl Sonoma,750mL,4,79.8,19.95,2024-12-06,750.0,2,0.45,4425,MARTIGNETTI COMPANIES
67_EANVERNESS_39437,67,39437,Columbia Crest Two Cab Svgn,750mL,2,13.98,6.99,2024-09-03,750.0,2,0.22,8673,STE MICHELLE WINE ESTATES  
2_ASHBORNE_36543,2,36543,MacMurray Ranch Pnt Nr RRV,750mL,7,139.93,19.99,2024-04-01,750.0,2,0.79,3252,E & J GALLO WINERY         
76_DONCASTER_3343,76,3343,Bombay Sapphire Gin,375mL,2,25.98,12.99,2024-12-22,375.0,1,0.79,480,BACARDI USA INC            
15_WANBORNE_3487,15,3487,Stolichnaya Blueberi,750mL,2,33.98,16.99,2024-02-29,750.0,1,1.57,8664,"STOLI GROUP,(USA) LLC      "
18_FURNESS_7353,18,7353,1800 Ultimate Peach Margrita,1.75L,1,19.99,19.99,2024-09-30,1750.0,1,1.84,7245,PROXIMO SPIRITS INC.       
79_BALLYMENA_408,79,408,Wild Turkey American Honey,750mL,2,39.98,19.99,2024-04-02,750.0,1,1.57,11567,CAMPARI AMERICA            
11_CARDEND_15584,11,15584,Ch Vrai Caillou Wh Brdx,750mL,4,39.96,9.99,2024-01-31,750.0,2,0.45,10754,PERFECTA WINES             
55_DRY GULCH_5142,55,5142,Carolans Irish Cream,1.75L,1,23.99,23.99,2024-03-18,1750.0,1,1.84,11567,CAMPARI AMERICA            
58_HARTLEPOOL_13940,58,13940,Black Box Malbec,3L,1,18.99,18.99,2024-08-05,3000.0,2,0.45,1392,CONSTELLATION BRANDS INC   
21_BALERNO_3804,21,3804,Svedka Vodka,750mL,1,9.99,9.99,2024-07-08,750.0,1,0.79,1392,CONSTELLATION BRANDS INC   
19_WINTERVALE_6267,19,6267,Kinky Gold Liqueur,750mL,1,16.99,16.99,2024-08-04,750.0,1,0.79,7153,PINE STATE TRADING CO      
74_PAENTMARWY_2645,74,2645,Chivas Regal,750mL,2,59.98,29.99,2024-09-23,750.0,1,1.57,17035,PERNOD RICARD USA          
63_SWORDBREAK_3348,63,3348,Bombay Sapphire Gin,1.75L,1,29.99,29.99,2024-06-26,1750.0,1,1.84,480,BACARDI USA INC            
55_DRY GULCH_8780,55,8780,Sandeman Fine Rich Madeira,750mL,1,15.99,15.99,2024-08-19,750.0,2,0.11,17035,PERNOD RICARD USA          
77_TAMWORTH_11488,77,11488,C K Mondavi Cab Svgn,1.5L,1,10.99,10.99,2024-11-28,1500.0,2,0.22,2000,SOUTHERN WINE & SPIRITS NE 
66_EANVERNESS_8526,66,8526,Chambord Royale de France,750mL,3,89.97,29.99,2024-09-08,750.0,1,2.36,1128,BROWN-FORMAN CORP          
10_HORNSEY_3654,10,3654,Patron Reposado Tequila,750mL,1,53.99,53.99,2024-03-29,750.0,1,0.79,9165,ULTRA BEVERAGE COMPANY LLP 
15_WANBORNE_21032,15,21032,Taylor Fladgate 10-Yr Tawny,750mL,1,23.99,23.99,2024-08-01,750.0,2,0.11,4692,KOBRAND CORPORATION        
44_PORTHCRAWL_7860,44,7860,Sutter Home Wh Znfdl,750mL,1,5.99,5.99,2024-05-24,750.0,2,0.11,8892,TRINCHERO FAMILY ESTATES   
50_MOUNTMEND_28262,50,28262,Nathanson Creek Merlot,1.5L,1,7.99,7.99,2024-08-26,1500.0,2,0.22,1392,CONSTELLATION BRANDS INC   
48_NORFOLK_5096,48,5096,DeKuyper Peachtree Schnapps,750mL,2,21.98,10.99,2024-12-09,750.0,1,1.57,12546,JIM BEAM BRANDS COMPANY    
81_PEMBROKE_4223,81,4223,Bacardi Gold Rum,1.75L,1,19.99,19.99,2024-10-29,1750.0,1,1.84,480,BACARDI USA INC            
61_AETHELNEY_15620,61,15620,C Y Toro Casillero Diab Malb,750mL,1,11.99,11.99,2024-11-15,750.0,2,0.11,516,BANFI PRODUCTS CORP        
40_BULLMAR_35413,40,35413,Yellow Tail Shiraz Ausl,750mL,2,13.98,6.99,2024-01-05,750.0,2,0.22,4425,MARTIGNETTI COMPANIES
6_GOULCREST_12943,6,12943,Middle Sister Drama Queen Pi,750mL,1,9.99,9.99,2024-01-14,750.0,2,0.11,9165,ULTRA BEVERAGE COMPANY LLP 
27_MOUNTMEND_5342,27,5342,Grand Marnier,750mL,1,29.99,29.99,2024-12-01,750.0,1,0.79,8112,MOET HENNESSY USA INC      
69_MOUNTMEND_31493,69,31493,Barefoot Merlot Cal,750mL,2,12.58,6.29,2024-06-12,750.0,2,0.22,3252,E & J GALLO WINERY         
27_MOUNTMEND_4195,27,4195,Calico Jack Spiced Rum No 94,750mL,2,21.98,10.99,2024-09-29,750.0,1,1.57,12546,JIM BEAM BRANDS COMPANY    
67_EANVERNESS_25994,67,25994,Rodney Strong Merlot Sonoma,750mL,1,13.95,13.95,2024-12-18,750.0,2,0.11,4425,MARTIGNETTI COMPANIES
41_LARNWICK_12111,41,12111,LaBelle Winery Cranberry,750mL,1,15.99,15.99,2024-05-09,750.0,2,0.11,90032,LABELLE VYDS AND WINERY    
15_WANBORNE_824,15,824,Dewars White Label Scotch,Liter,2,53.98,26.99,2024-04-22,1000.0,1,2.1,480,BACARDI USA INC            
68_SOLARIS_16351,68,16351,Girls in the Vineyard Cab S,750mL,1,17.99,17.99,2024-12-06,750.0,2,0.11,10754,PERFECTA WINES             
54_GUTHRAM_23522,54,23522,13 Celsius Svgn Bl,750mL,1,10.99,10.99,2024-11-12,750.0,2,0.11,9815,WINE GROUP INC             
11_CARDEND_23635,11,23635,Tortoise Creek Rose le Charm,750mL,1,12.99,12.99,2024-07-23,750.0,2,0.11,90024,VINILANDIA USA             
67_EANVERNESS_5502,67,5502,RumChata Liqueur,50mL,3,2.97,0.99,2024-02-25,50.0,1,0.16,6213,MHW LTD                    
23_ARBINGTON_3529,23,3529,U V Vodka,1.75L,2,27.98,13.99,2024-02-29,1750.0,1,3.67,9206,PHILLIPS PRODUCTS CO.      
38_GOULCREST_44199,38,44199,Foris Rogue Vly Gewurz,750mL,4,51.96,12.99,2024-11-25,750.0,2,0.45,90010,VINEXTRA INC               
12_LEESIDE_6857,12,6857,Sutter Home Wh Znfdl,1.5L,6,59.94,9.99,2024-07-08,1500.0,2,1.35,8892,TRINCHERO FAMILY ESTATES   
27_MOUNTMEND_11828,27,11828,Cupcake Svgn Bl,750mL,3,22.47,7.49,2024-01-03,750.0,2,0.34,9815,WINE GROUP INC             
58_HARTLEPOOL_3436,58,3436,Bombay Dry Gin,1.75L,1,24.99,24.99,2024-10-17,1750.0,1,1.84,480,BACARDI USA INC            
53_HILLFAR_4404,53,4404,Bacardi Gold Rum,375mL,1,7.99,7.99,2024-06-24,375.0,1,0.39,480,BACARDI USA INC            
43_WOLFORD_8910,43,8910,Finlandia Vodka,50mL,4,3.96,0.99,2024-09-09,50.0,1,0.21,1128,BROWN-FORMAN CORP          
77_TAMWORTH_8236,77,8236,Jim Beam,50mL,7,10.43,1.49,2024-05-18,50.0,1,0.37,12546,JIM BEAM BRANDS COMPANY    
32_MOUNTMEND_22143,32,22143,Simi Cab Svgn,750mL,2,37.98,18.99,2024-10-04,750.0,2,0.22,1392,CONSTELLATION BRANDS INC   
34_PITMERDEN_17945,34,17945,Ch St Jean Soiree Red,750mL,2,25.98,12.99,2024-11-19,750.0,2,0.22,9819,TREASURY WINE ESTATES      
27_MOUNTMEND_4265,27,4265,Capt Morgan Spiced Rum,375mL,4,43.96,10.99,2024-04-16,375.0,1,1.57,3960,DIAGEO NORTH AMERICA INC   
64_CESTERFIELD_6569,64,6569,W Hill Chard Napa,750mL,1,21.99,21.99,2024-11-18,750.0,2,0.11,3252,E & J GALLO WINERY         
33_HORNSEY_24929,33,24929,Corvo Nero d'Avola & Pnt Gr,750mL 2 Pk,1,23.99,23.99,2024-05-12,750.0,2,0.11,10754,PERFECTA WINES             
50_MOUNTMEND_3502,50,3502,Pinnacle Vodka,750mL,1,12.99,12.99,2024-10-20,750.0,1,0.79,12546,JIM BEAM BRANDS COMPANY    
46_TYWARDREATH_5232,46,5232,DeKuyper Buttershots Schnaps,1.75L,2,33.98,16.99,2024-05-14,1750.0,1,3.67,12546,JIM BEAM BRANDS COMPANY    
73_DONCASTER_8120,73,8120,Tribuno Sweet Vermouth,1.5L,1,8.99,8.99,2024-03-26,1500.0,1,1.57,9815,WINE GROUP INC             
78_EASTHAVEN_3997,78,3997,Hornitos Plata Tequila,750mL,2,41.98,20.99,2024-04-22,750.0,1,1.57,12546,JIM BEAM BRANDS COMPANY    
19_WINTERVALE_2682,19,2682,The Glendronach 12 Yr Scotch,750mL,1,57.99,57.99,2024-02-02,750.0,1,0.79,9165,ULTRA BEVERAGE COMPANY LLP 
61_AETHELNEY_2890,61,2890,Four Roses Bourbon,750mL,1,27.99,27.99,2024-12-11,750.0,1,0.79,9552,M S WALKER INC             
41_LARNWICK_3592,41,3592,Burnetts Pineapple Vodka,1.75L,2,19.98,9.99,2024-05-18,1750.0,1,3.67,3924,HEAVEN HILL DISTILLERIES   
50_MOUNTMEND_21672,50,21672,Peachy Canyon Westside Znfdl,750mL,1,17.99,17.99,2024-09-17,750.0,2,0.11,9552,M S WALKER INC             
33_HORNSEY_5342,33,5342,Grand Marnier,750mL,2,57.98,28.99,2024-01-28,750.0,1,1.57,8112,MOET HENNESSY USA INC      
62_KILMARNOCK_4283,62,4283,Hochstadter's Slow and Low,750mL,1,21.99,21.99,2024-12-31,750.0,1,0.79,9165,ULTRA BEVERAGE COMPANY LLP 
61_AETHELNEY_38502,61,38502,Ruffino Lumina Pnt Grigio,750mL,2,13.98,6.99,2024-07-22,750.0,2,0.22,1392,CONSTELLATION BRANDS INC   
67_EANVERNESS_11827,67,11827,Cupcake Merlot,750mL,1,7.49,7.49,2024-10-28,750.0,2,0.11,9815,WINE GROUP INC             
69_MOUNTMEND_21824,69,21824,Taken Red Napa,750mL,1,24.99,24.99,2024-12-15,750.0,2,0.11,8892,TRINCHERO FAMILY ESTATES   
6_GOULCREST_5735,6,5735,Malibu Rum,750mL,2,25.98,12.99,2024-06-17,750.0,1,1.57,17035,PERNOD RICARD USA          
50_MOUNTMEND_3878,50,3878,Smirnoff 80 Proof,750mL,1,12.99,12.99,2024-06-21,750.0,1,0.79,3960,DIAGEO NORTH AMERICA INC   
32_MOUNTMEND_3997,32,3997,Hornitos Plata Tequila,750mL,2,41.98,20.99,2024-04-09,750.0,1,1.57,12546,JIM BEAM BRANDS COMPANY    
66_EANVERNESS_8190,66,8190,Gran Centenario Rosangel,750mL,1,15.99,15.99,2024-10-15,750.0,1,0.79,7245,PROXIMO SPIRITS INC.       
71_CLARCTON_3522,71,3522,Platinum 7X Distilled Vodka,1.75L,6,77.94,12.99,2024-07-29,1750.0,1,11.02,8004,SAZERAC CO INC             
7_STANMORE_955,7,955,Allen's Pomegranate Liqueur,Liter,1,5.99,5.99,2024-12-28,1000.0,1,1.05,9552,M S WALKER INC             
19_WINTERVALE_3527,19,3527,Reyka Vodka,1.75L,1,29.99,29.99,2024-06-26,1750.0,1,1.84,3664,WILLIAM GRANT & SONS INC   
33_HORNSEY_8342,33,8342,Korbel X Dry,750mL,2,25.98,12.99,2024-05-07,750.0,2,0.22,1128,BROWN-FORMAN CORP          
31_HORNSEY_27460,31,27460,Ecco Domani Merlot Venezie,750mL,1,9.99,9.99,2024-03-25,750.0,2,0.11,3252,E & J GALLO WINERY         
20_BREDWARDINE_8526,20,8526,Chambord Royale de France,750mL,4,119.96,29.99,2024-03-25,750.0,1,3.15,1128,BROWN-FORMAN CORP          
15_WANBORNE_43809,15,43809,R M Woodbridge Pnt Nr,1.5L,3,35.97,11.99,2024-02-28,1500.0,2,0.68,1392,CONSTELLATION BRANDS INC   
60_IRRAGIN_17349,60,17349,Moonlight Meadery Desire,375mL,1,13.99,13.99,2024-12-03,375.0,2,0.06,6215,MOONLIGHT MEADERY          
43_WOLFORD_6876,43,6876,Sutter Home Clsc Chard,187mL 4 Pk,4,23.96,5.99,2024-02-12,187.0,2,0.11,8892,TRINCHERO FAMILY ESTATES   
74_PAENTMARWY_40337,74,40337,Da Vinci Chianti Tuscany,750mL,6,59.94,9.99,2024-10-17,750.0,2,0.68,3252,E & J GALLO WINERY         
41_LARNWICK_12216,41,12216,Da Vinci Pnt Grigio,750mL,2,19.98,9.99,2024-08-10,750.0,2,0.22,3252,E & J GALLO WINERY         
71_CLARCTON_3693,71,3693,Smirnoff Ruby Red Grapefruit,750mL,4,43.96,10.99,2024-09-30,750.0,1,3.15,3960,DIAGEO NORTH AMERICA INC   
61_AETHELNEY_4245,61,4245,Bacardi Superior Rum,750mL,1,13.99,13.99,2024-01-26,750.0,1,0.79,480,BACARDI USA INC            
11_CARDEND_3512,11,3512,Pinnacle Vodka,1.75L,2,31.98,15.99,2024-10-02,1750.0,1,3.67,12546,JIM BEAM BRANDS COMPANY    
50_MOUNTMEND_26372,50,26372,Anselmi San Vincenzo,375mL,10,59.9,5.99,2024-09-01,375.0,2,0.56,4425,MARTIGNETTI COMPANIES
44_PORTHCRAWL_8822,44,8822,Absolut 80 Proof,50mL,8,15.92,1.99,2024-06-04,50.0,1,0.42,17035,PERNOD RICARD USA          
23_ARBINGTON_3412,23,3412,Skyy Infusions Pineapple,750mL,2,19.98,9.99,2024-09-30,750.0,1,1.57,11567,CAMPARI AMERICA            
34_PITMERDEN_46568,34,46568,R M Woodbridge Cab/Merlot,1.5L,1,9.99,9.99,2024-12-02,1500.0,2,0.22,1392,CONSTELLATION BRANDS INC   
41_LARNWICK_10058,41,10058,F Coppola Dmd Ivry Cab Svgn,750mL,1,14.99,14.99,2024-08-10,750.0,2,0.11,2000,SOUTHERN WINE & SPIRITS NE 
17_OLDHAM_3133,17,3133,Svedka Strwbry Lemonad Vodka,750mL,1,10.99,10.99,2024-02-19,750.0,1,0.79,1392,CONSTELLATION BRANDS INC   
56_BEGGAR'S HOLE_38549,56,38549,Stemmari Nero D'Avola,750mL,2,13.98,6.99,2024-03-18,750.0,2,0.22,9165,ULTRA BEVERAGE COMPANY LLP 
73_DONCASTER_44986,73,44986,Gruet Rose Brut,750mL,1,16.99,16.99,2024-12-04,750.0,2,0.11,17033,SEA BREEZE CELLARS LLC     
55_DRY GULCH_24992,55,24992,Buglioni L'Amarone,750mL,1,54.99,54.99,2024-05-26,750.0,2,0.11,4425,MARTIGNETTI COMPANIES
34_PITMERDEN_22270,34,22270,Markham Cab Svgn,750mL,1,39.99,39.99,2024-07-04,750.0,2,0.11,4425,MARTIGNETTI COMPANIES
43_WOLFORD_29169,43,29169,Franzia Tap Merlot,5L,2,31.98,15.99,2024-07-08,5000.0,2,1.5,9815,WINE GROUP INC             
77_TAMWORTH_3876,77,3876,Smirnoff 80 Proof,1.75L,3,59.97,19.99,2024-02-18,1750.0,1,5.51,3960,DIAGEO NORTH AMERICA INC   
38_GOULCREST_25650,38,25650,Long Barn Chardonnay,750mL,1,11.99,11.99,2024-09-07,750.0,2,0.11,10754,PERFECTA WINES             
18_FURNESS_27835,18,27835,Wild Horse CC Pnt Nr,750mL,1,15.99,15.99,2024-12-27,750.0,2,0.11,1392,CONSTELLATION BRANDS INC   
52_GRAYCOTT_3089,52,3089,Evan Williams Honey Reserve,750mL,1,9.99,9.99,2024-05-28,750.0,1,0.79,3924,HEAVEN HILL DISTILLERIES   
10_HORNSEY_20864,10,20864,W Hill Est Merlot Cntrl Cst,750mL,2,25.98,12.99,2024-12-23,750.0,2,0.22,3252,E & J GALLO WINERY         
21_BALERNO_41711,21,41711,Fish Eye Cab Svgn,750mL,1,5.99,5.99,2024-04-12,750.0,2,0.11,9815,WINE GROUP INC             
30_CULCHETH_3183,30,3183,Jose Cuervo Tradicional Slvr,750mL,1,19.99,19.99,2024-02-03,750.0,1,0.79,7245,PROXIMO SPIRITS INC.       
25_CAERSHIRE_10609,25,10609,Oyster Bay Chard Marlboro,750mL,1,8.95,8.95,2024-07-30,750.0,2,0.11,4425,MARTIGNETTI COMPANIES
73_DONCASTER_3579,73,3579,Ciroc Pineapple Vodka,375mL,1,11.99,11.99,2024-05-07,375.0,1,0.39,3960,DIAGEO NORTH AMERICA INC   
18_FURNESS_2752,18,2752,Johnnie Walker Black Label,750mL,1,34.99,34.99,2024-01-13,750.0,1,0.79,3960,DIAGEO NORTH AMERICA INC   
38_GOULCREST_4732,38,4732,Remy Martin VSOP Cognac,1.75L,1,89.99,89.99,2024-05-23,1750.0,1,1.84,7239,REMY COINTREAU USA INC     
14_BROMWICH_15356,14,15356,Seaglass Pnt Nr,750mL,1,9.99,9.99,2024-03-19,750.0,2,0.11,8892,TRINCHERO FAMILY ESTATES   
28_LARNWICK_27303,28,27303,Wyndham Bin 555 Shiraz,750mL,4,27.96,6.99,2024-03-02,750.0,2,0.45,17035,PERNOD RICARD USA          
41_LARNWICK_20863,41,20863,W Hill Est Chard N Coast,750mL,4,43.96,10.99,2024-11-13,750.0,2,0.45,3252,E & J GALLO WINERY         
66_EANVERNESS_4447,66,4447,Patron XO Cafe Dark Cocoa,750mL,1,25.99,25.99,2024-09-05,750.0,1,0.79,9165,ULTRA BEVERAGE COMPANY LLP 
48_NORFOLK_5725,48,5725,DeKuyper Sour Apple Pucker,750mL,1,10.99,10.99,2024-03-17,750.0,1,0.79,12546,JIM BEAM BRANDS COMPANY    
31_HORNSEY_3356,31,3356,Svedka Vodka,375mL,3,17.97,5.99,2024-09-01,375.0,1,1.18,1392,CONSTELLATION BRANDS INC   
32_MOUNTMEND_7994,32,7994,Stock Italian Sweet Vermouth,1.5L,1,9.99,9.99,2024-06-16,1500.0,1,1.57,8352,LUXCO INC                  
67_EANVERNESS_17163,67,17163,Menage a Trois Cab Svgn,750mL,3,32.97,10.99,2024-09-01,750.0,2,0.34,8892,TRINCHERO FAMILY ESTATES   
17_OLDHAM_3668,17,3668,Belvedere Polish Vodka,1.75L,1,42.99,42.99,2024-02-13,1750.0,1,1.84,8112,MOET HENNESSY USA INC      
20_BREDWARDINE_5103,20,5103,Fireball Cinnamon Whisky,1.75L,1,28.99,28.99,2024-01-28,1750.0,1,1.84,8004,SAZERAC CO INC             
76_DONCASTER_20864,76,20864,W Hill Est Merlot Cntrl Cst,750mL,1,12.99,12.99,2024-04-06,750.0,2,0.11,3252,E & J GALLO WINERY         
70_KELD_2114,70,2114,Black Velvet Canadian Whisky,1.75L,1,12.99,12.99,2024-05-09,1750.0,1,1.84,1392,CONSTELLATION BRANDS INC   
2_ASHBORNE_3221,2,3221,Pinnacle Raspberry Vodka,750mL,1,10.99,10.99,2024-01-14,750.0,1,0.79,12546,JIM BEAM BRANDS COMPANY    
73_DONCASTER_15266,73,15266,The Naked Grape Chard,750mL,1,5.99,5.99,2024-09-24,750.0,2,0.11,3252,E & J GALLO WINERY         
68_SOLARIS_37678,68,37678,Castle Rock Pnt Nr,750mL,3,32.97,10.99,2024-08-21,750.0,2,0.34,4425,MARTIGNETTI COMPANIES
25_CAERSHIRE_3638,25,3638,Pinnacle Whipped,50mL,2,1.98,0.99,2024-10-20,50.0,1,0.1,12546,JIM BEAM BRANDS COMPANY    
56_BEGGAR'S HOLE_35472,56,35472,R M Woodbridge Pnt Grigio,1.5L,1,9.99,9.99,2024-06-14,1500.0,2,0.22,1392,CONSTELLATION BRANDS INC   
66_EANVERNESS_3568,66,3568,Pearl Cucumber Vodka,50mL,3,2.97,0.99,2024-01-29,50.0,1,0.16,8352,LUXCO INC                  
20_BREDWARDINE_3802,20,3802,Three Olives Vodka,1.75L,6,107.94,17.99,2024-01-23,1750.0,1,11.02,7245,PROXIMO SPIRITS INC.       
54_GUTHRAM_5253,54,5253,Kahlua Original Mudslide RTD,1.75L,2,31.98,15.99,2024-07-09,1750.0,1,3.67,17035,PERNOD RICARD USA          
28_LARNWICK_6570,28,6570,Kendall Jackson Chard Vt RSV,750mL,4,39.96,9.99,2024-04-23,750.0,2,0.45,10000,MAJESTIC FINE WINES        
70_KELD_3532,70,3532,Milagro Reposado Tequila,750mL,1,25.99,25.99,2024-04-29,750.0,1,0.79,3664,WILLIAM GRANT & SONS INC   
10_HORNSEY_6498,10,6498,Franzia Chablis Old World C,5L,1,15.99,15.99,2024-09-14,5000.0,2,0.75,9815,WINE GROUP INC             
33_HORNSEY_1373,33,1373,Jim Beam Honey,750mL,1,14.99,14.99,2024-05-08,750.0,1,0.79,12546,JIM BEAM BRANDS COMPANY    
49_GARIGILL_3754,49,3754,Smirnoff Blueberry Vodka,750mL,1,10.99,10.99,2024-05-16,750.0,1,0.79,3960,DIAGEO NORTH AMERICA INC   
69_MOUNTMEND_10596,69,10596,Almaden Mt Rhine Calif B/B,5L,6,89.94,14.99,2024-02-13,5000.0,2,4.5,9815,WINE GROUP INC             
69_MOUNTMEND_14635,69,14635,Marcarini Ciabot Camerano,750mL,1,16.99,16.99,2024-03-20,750.0,2,0.11,4425,MARTIGNETTI COMPANIES
67_EANVERNESS_3608,67,3608,Smirnoff Orange Vodka,50mL,4,3.96,0.99,2024-05-07,50.0,1,0.21,3960,DIAGEO NORTH AMERICA INC   
23_ARBINGTON_4565,23,4565,Christian Bros VS Brandy,750mL,1,10.49,10.49,2024-05-27,750.0,1,0.79,3924,HEAVEN HILL DISTILLERIES   
38_GOULCREST_5298,38,5298,Southern Comfort 100 Proof,750mL,2,37.98,18.99,2024-08-24,750.0,1,1.57,8004,SAZERAC CO INC             
35_HALIVAARA_1394,35,1394,Makers Mark,375mL,1,16.99,16.99,2024-07-24,375.0,1,0.39,12546,JIM BEAM BRANDS COMPANY    
34_PITMERDEN_12368,34,12368,Vina Zaco Tempranillo Rioja,750mL,2,23.98,11.99,2024-03-19,750.0,2,0.22,9165,ULTRA BEVERAGE COMPANY LLP 
35_HALIVAARA_3878,35,3878,Smirnoff 80 Proof,750mL,1,12.99,12.99,2024-02-10,750.0,1,0.79,3960,DIAGEO NORTH AMERICA INC   
39_EASTHALLOW_6499,39,6499,Kinky Liqueur,750mL,1,17.99,17.99,2024-06-18,750.0,1,0.79,7153,PINE STATE TRADING CO      
10_HORNSEY_858,10,858,Canadian Club,Liter,1,11.99,11.99,2024-09-26,1000.0,1,1.05,12546,JIM BEAM BRANDS COMPANY    
65_LUTON_4262,65,4262,Capt Morgan Spiced Rum,750mL,1,14.99,14.99,2024-03-17,750.0,1,0.79,3960,DIAGEO NORTH AMERICA INC   
54_GUTHRAM_7865,54,7865,Moet & Chandon Imperial,750mL,37,1294.63,34.99,2024-12-31,750.0,2,4.16,8112,MOET HENNESSY USA INC      
73_DONCASTER_5149,73,5149,Hpnotiq Liqueur,1.75L,1,34.99,34.99,2024-05-29,1750.0,1,1.84,3924,HEAVEN HILL DISTILLERIES   
15_WANBORNE_4113,15,4113,Capt Morgan White,50mL,2,1.98,0.99,2024-01-11,50.0,1,0.1,3960,DIAGEO NORTH AMERICA INC   
41_LARNWICK_21627,41,21627,Ferrari Carano Pnt Grigio,750mL,1,14.99,14.99,2024-06-21,750.0,2,0.11,2000,SOUTHERN WINE & SPIRITS NE 
34_PITMERDEN_25256,34,25256,Ch St Louis Vieux Galvesse L,750mL,3,50.97,16.99,2024-10-29,750.0,2,0.34,10754,PERFECTA WINES             
61_AETHELNEY_4157,61,4157,Smirnoff Green Apple Vodka,50mL,9,8.91,0.99,2024-04-11,50.0,1,0.47,3960,DIAGEO NORTH AMERICA INC   
66_EANVERNESS_24369,66,24369,Forefront Pine Ridge Znfdl,750mL,1,11.99,11.99,2024-02-04,750.0,2,0.11,4425,MARTIGNETTI COMPANIES
49_GARIGILL_2373,49,2373,Jim Beam Maple,750mL,2,29.98,14.99,2024-11-06,750.0,1,1.57,12546,JIM BEAM BRANDS COMPANY    
2_ASHBORNE_4358,2,4358,Mr Boston Light Rum,750mL,1,6.49,6.49,2024-02-19,750.0,1,0.79,660,SAZERAC NORTH AMERICA INC. 
32_MOUNTMEND_4764,32,4764,Flor de Cana Gran Rsv Rum,750mL,1,19.99,19.99,2024-11-11,750.0,1,0.79,3664,WILLIAM GRANT & SONS INC   
33_HORNSEY_27461,33,27461,Ecco Domani Pnt Grigio Venez,750mL,1,8.99,8.99,2024-04-06,750.0,2,0.11,3252,E & J GALLO WINERY         
41_LARNWICK_5202,41,5202,Dr McGillicuddy's Vanilla,750mL,1,13.99,13.99,2024-10-31,750.0,1,0.79,8004,SAZERAC CO INC             
8_ALNERWICK_4916,8,4916,Mr Boston Coffee Brandy,1.75L,1,13.99,13.99,2024-09-21,1750.0,1,1.84,660,SAZERAC NORTH AMERICA INC. 
35_HALIVAARA_1238,35,1238,The Glenlivet 12 Yr Single,50mL,2,9.98,4.99,2024-06-09,50.0,1,0.1,17035,PERNOD RICARD USA          
41_LARNWICK_5254,41,5254,DeKuyper Buttershots Schnpps,750mL,2,21.98,10.99,2024-10-28,750.0,1,1.57,12546,JIM BEAM BRANDS COMPANY    
74_PAENTMARWY_21232,74,21232,Barefoot Bubbly Prosecco,750mL,2,21.98,10.99,2024-07-03,750.0,2,0.22,3252,E & J GALLO WINERY         
66_EANVERNESS_3747,66,3747,Gordons Vodka Traveler,750mL,1,6.99,6.99,2024-02-02,750.0,1,0.79,3960,DIAGEO NORTH AMERICA INC   
43_WOLFORD_6570,43,6570,Kendall Jackson Chard Vt RSV,750mL,1,9.99,9.99,2024-07-11,750.0,2,0.11,10000,MAJESTIC FINE WINES        
15_WANBORNE_4410,15,4410,Cruzan Mango Flavored Rum,750mL,1,9.99,9.99,2024-08-30,750.0,1,0.79,12546,JIM BEAM BRANDS COMPANY    
50_MOUNTMEND_26317,50,26317,House Wine Chard,3L,1,17.99,17.99,2024-10-12,3000.0,2,0.45,10754,PERFECTA WINES             
64_CESTERFIELD_8075,64,8075,Sheffield Tawny Port,1.5L,2,19.98,9.99,2024-10-22,1500.0,2,0.45,3252,E & J GALLO WINERY         
38_GOULCREST_8476,38,8476,1800 Reposado Gold Tequila,375mL,1,14.49,14.49,2024-09-19,375.0,1,0.39,7245,PROXIMO SPIRITS INC.       
1_HARDERSFIELD_1060,1,1060,Jack Daniels Bruins Glass Pk,Liter,1,27.99,27.99,2024-02-23,1000.0,1,1.05,1128,BROWN-FORMAN CORP          
51_ABERDEEN_4181,51,4181,Calypso Spiced Rum,1.75L,1,10.99,10.99,2024-11-22,1750.0,1,1.84,660,SAZERAC NORTH AMERICA INC. 
5_SUTTON_1231,5,1231,Jack Daniels No 7 Black,375mL,2,25.98,12.99,2024-08-01,375.0,1,0.79,1128,BROWN-FORMAN CORP          
15_WANBORNE_3835,15,3835,Smirnoff Raspberry Vodka,750mL,5,54.95,10.99,2024-03-04,750.0,1,3.94,3960,DIAGEO NORTH AMERICA INC   
76_DONCASTER_8778,76,8778,Bulleit Bourbon,1.75L,3,149.97,49.99,2024-03-02,1750.0,1,5.51,3960,DIAGEO NORTH AMERICA INC   
10_HORNSEY_3614,10,3614,Finlandia Vodka,1.75L,2,39.98,19.99,2024-04-09,1750.0,1,3.67,1128,BROWN-FORMAN CORP          
72_HARDERSFIELD_4422,72,4422,Jenkins Spiced Rum,1.75L,1,11.49,11.49,2024-01-18,1750.0,1,1.84,9552,M S WALKER INC             
15_WANBORNE_8476,15,8476,1800 Reposado Gold Tequila,375mL,1,14.49,14.49,2024-12-02,375.0,1,0.39,7245,PROXIMO SPIRITS INC.       
15_WANBORNE_31465,15,31465,Franzia Tap Chard,5L,3,47.97,15.99,2024-05-09,5000.0,2,2.25,9815,WINE GROUP INC             
33_HORNSEY_5952,33,5952,Jagermeister Liqueur,50mL,1,1.99,1.99,2024-11-04,50.0,1,0.05,3089,SIDNEY FRANK IMPORTING CO  
21_BALERNO_6596,21,6596,Kenwood Svgn Bl Sonoma,750mL,1,9.99,9.99,2024-03-23,750.0,2,0.11,17035,PERNOD RICARD USA          
34_PITMERDEN_11488,34,11488,C K Mondavi Cab Svgn,1.5L,1,10.99,10.99,2024-05-13,1500.0,2,0.22,2000,SOUTHERN WINE & SPIRITS NE 
66_EANVERNESS_1375,66,1375,Jim Beam,750mL,1,16.99,16.99,2024-08-17,750.0,1,0.79,12546,JIM BEAM BRANDS COMPANY    
9_BLACKPOOL_3396,9,3396,Smirnoff Vanilla Vodka,1.75L,1,18.99,18.99,2024-12-09,1750.0,1,1.84,3960,DIAGEO NORTH AMERICA INC   
54_GUTHRAM_8504,54,8504,R M Woodbridge Cab Svgn Cal,1.5L,19,170.81,8.99,2024-03-10,1500.0,2,4.27,1392,CONSTELLATION BRANDS INC   
57_LANTEGLOS_3348,57,3348,Bombay Sapphire Gin,1.75L,1,36.99,36.99,2024-04-22,1750.0,1,1.84,480,BACARDI USA INC            
48_NORFOLK_3310,48,3310,Pinnacle Vodka,375mL,1,4.99,4.99,2024-07-31,375.0,1,0.39,12546,JIM BEAM BRANDS COMPANY    
59_CLAETHORPES_14008,59,14008,Cigar Box Malbec Mendoza,750mL,1,11.99,11.99,2024-03-04,750.0,2,0.11,9552,M S WALKER INC             
15_WANBORNE_17504,15,17504,Butternut Chard,750mL,1,12.99,12.99,2024-12-13,750.0,2,0.11,10754,PERFECTA WINES             
76_DONCASTER_8021,76,8021,Glenfiddich Special Rsv 12,750mL,1,47.99,47.99,2024-09-12,750.0,1,0.79,3664,WILLIAM GRANT & SONS INC   
8_ALNERWICK_3257,8,3257,Gilbeys London Dry Trav,750mL,1,5.99,5.99,2024-10-01,750.0,1,0.79,12546,JIM BEAM BRANDS COMPANY    
47_PELLA'S WISH_2287,47,2287,Johnnie Walker Double Black,750mL,1,39.99,39.99,2024-11-25,750.0,1,0.79,3960,DIAGEO NORTH AMERICA INC   
20_BREDWARDINE_6960,20,6960,Cooks Brut,750mL,6,41.94,6.99,2024-12-31,750.0,2,0.68,1392,CONSTELLATION BRANDS INC   
41_LARNWICK_14439,41,14439,Barefoot Sweet Red,750mL,3,14.97,4.99,2024-12-19,750.0,2,0.34,3252,E & J GALLO WINERY         
76_DONCASTER_6567,76,6567,Clos du Bois Merlot N Cst,750mL,1,8.99,8.99,2024-10-17,750.0,2,0.11,1392,CONSTELLATION BRANDS INC   
52_GRAYCOTT_8653,52,8653,M & R Extra Dry Vermouth,375mL,1,5.29,5.29,2024-07-22,375.0,2,0.06,480,BACARDI USA INC            
18_FURNESS_8223,18,8223,Dom Chandon Blanc de Noir C,750mL,6,83.94,13.99,2024-07-09,750.0,1,4.72,8112,MOET HENNESSY USA INC      
34_PITMERDEN_1049,34,1049,Old New England Pumpkin Nog,750mL,2,13.98,6.99,2024-10-06,750.0,1,1.57,9552,M S WALKER INC             
20_BREDWARDINE_2127,20,2127,Canadian Ltd,1.75L,1,10.49,10.49,2024-05-22,1750.0,1,1.84,660,SAZERAC NORTH AMERICA INC. 
38_GOULCREST_20102,38,20102,Julia James Pnt Nr,750mL,3,35.97,11.99,2024-09-17,750.0,2,0.34,9165,ULTRA BEVERAGE COMPANY LLP 
50_MOUNTMEND_8066,50,8066,DeKuyper Triple Sec,1.75L,6,53.94,8.99,2024-05-01,1750.0,1,11.02,12546,JIM BEAM BRANDS COMPANY    
17_OLDHAM_5356,17,5356,Kahlua,375mL,1,9.99,9.99,2024-05-20,375.0,1,0.39,17035,PERNOD RICARD USA          
2_ASHBORNE_3502,2,3502,Pinnacle Vodka,750mL,3,32.97,10.99,2024-09-05,750.0,1,2.36,12546,JIM BEAM BRANDS COMPANY    
52_GRAYCOTT_5893,52,5893,Ole Smoky Wh Lightin'Moonshn,50mL,2,3.98,1.99,2024-07-23,50.0,1,0.1,6359,OLE SMOKY DISTILLERY LLC   
50_MOUNTMEND_1867,50,1867,Jack Daniels Tennessee Honey,50mL,6,17.94,2.99,2024-10-07,50.0,1,0.32,1128,BROWN-FORMAN CORP          
21_BALERNO_4346,21,4346,Mr Boston Dark Rum,1.75L,1,12.49,12.49,2024-07-07,1750.0,1,1.84,660,SAZERAC NORTH AMERICA INC. 
36_LEWES_4196,36,4196,Bacardi Dragon Berry Rum,750mL,1,9.99,9.99,2024-11-18,750.0,1,0.79,480,BACARDI USA INC            
22_SHARNWICK_2830,22,2830,Serpent's Bite Cider Whiskey,750mL,1,13.99,13.99,2024-07-29,750.0,1,0.79,1392,CONSTELLATION BRANDS INC   
67_EANVERNESS_7077,67,7077,Smirnoff Strawberry Vodka,50mL,8,7.92,0.99,2024-07-13,50.0,1,0.42,3960,DIAGEO NORTH AMERICA INC   
57_LANTEGLOS_3899,57,3899,Platinum 7X Distilled Vodka,375mL,1,3.99,3.99,2024-05-27,375.0,1,0.39,8004,SAZERAC CO INC             
2_ASHBORNE_28114,2,28114,Steele Chard Cal,750mL,9,152.91,16.99,2024-11-19,750.0,2,1.01,9552,M S WALKER INC             
56_BEGGAR'S HOLE_7302,56,7302,Marques de Caceres Rioja Re,750mL,2,21.98,10.99,2024-07-25,750.0,2,0.22,1587,VINEYARD BRANDS INC        
74_PAENTMARWY_8171,74,8171,Leroux Blackberry Brandy,50mL,5,4.95,0.99,2024-12-13,50.0,1,0.26,12546,JIM BEAM BRANDS COMPANY    
1_HARDERSFIELD_4478,1,4478,Myers Original Dark Rum,750mL,2,35.98,17.99,2024-03-17,750.0,1,1.57,3960,DIAGEO NORTH AMERICA INC   
34_PITMERDEN_19870,34,19870,Yellow Tail Sangria,1.5L,2,19.98,9.99,2024-11-27,1500.0,2,0.45,4425,MARTIGNETTI COMPANIES
74_PAENTMARWY_7374,74,7374,New Amsterdam Mango Vodka,750mL,1,9.99,9.99,2024-06-30,750.0,1,0.79,3252,E & J GALLO WINERY         
66_EANVERNESS_5138,66,5138,Fireball Cinnamon Whisky,750mL,7,97.93,13.99,2024-12-09,750.0,1,5.51,8004,SAZERAC CO INC             
49_GARIGILL_19848,49,19848,Carnivor Cab Svgn,750mL,1,9.99,9.99,2024-07-23,750.0,2,0.11,3252,E & J GALLO WINERY         
34_PITMERDEN_21323,34,21323,Rosatello Sweet Moscato,750mL,1,8.99,8.99,2024-06-13,750.0,2,0.11,1392,CONSTELLATION BRANDS INC   
65_LUTON_38370,65,38370,Oyster Bay Svgn Bl Marlboro,750mL,1,8.95,8.95,2024-07-18,750.0,2,0.11,4425,MARTIGNETTI COMPANIES
20_BREDWARDINE_6398,20,6398,BV Coastal Estate Cab Svgn,750mL,1,7.99,7.99,2024-12-23,750.0,2,0.11,1590,DIAGEO CHATEAU ESTATE WINES
2_ASHBORNE_8498,2,8498,R M Woodbridge Svgn Bl Cal,1.5L,3,26.97,8.99,2024-04-01,1500.0,2,0.68,1392,CONSTELLATION BRANDS INC   
55_DRY GULCH_37433,55,37433,C Y Toro Casillero Carmenere,750mL,7,46.69,6.67,2024-10-14,750.0,2,0.79,516,BANFI PRODUCTS CORP        
73_DONCASTER_42874,73,42874,Decoy by Duckhorn Red Sonoma,750mL,5,84.75,16.95,2024-12-26,750.0,2,0.56,4425,MARTIGNETTI COMPANIES
11_CARDEND_12147,11,12147,Sterling Vintners CA Meritag,750mL,2,15.98,7.99,2024-07-21,750.0,2,0.22,1590,DIAGEO CHATEAU ESTATE WINES
56_BEGGAR'S HOLE_8815,56,8815,Ch Ste Michelle Chard Colmbi,750mL,5,39.75,7.95,2024-11-18,750.0,2,0.56,8673,STE MICHELLE WINE ESTATES  
10_HORNSEY_6542,10,6542,Melini Borghi D'Elsa Chiant,750mL,1,6.49,6.49,2024-01-11,750.0,2,0.11,9744,FREDERICK WILDMAN & SONS   
31_HORNSEY_18347,31,18347,Banfi Pnt Grigio San Angelo,750mL,3,41.97,13.99,2024-11-23,750.0,2,0.34,516,BANFI PRODUCTS CORP        
28_LARNWICK_6938,28,6938,Vendange Chard,1.5L,3,22.47,7.49,2024-09-30,1500.0,2,0.68,1392,CONSTELLATION BRANDS INC   
42_BLACK HOLLOW_3485,42,3485,Luksusowa Potato Vodka,1.75L,2,39.98,19.99,2024-06-07,1750.0,1,3.67,4425,MARTIGNETTI COMPANIES
34_PITMERDEN_5378,34,5378,Galliano L'Autentico Liqueur,750mL,1,25.99,25.99,2024-08-30,750.0,1,0.79,6213,MHW LTD                    
34_PITMERDEN_5897,34,5897,99 Bananas,750mL,2,31.98,15.99,2024-01-11,750.0,1,1.57,660,SAZERAC NORTH AMERICA INC. 
38_GOULCREST_31320,38,31320,La Vieille Ferme Rose Vntoux,750mL,1,8.99,8.99,2024-06-23,750.0,2,0.11,1587,VINEYARD BRANDS INC        
12_LEESIDE_19748,12,19748,Clos du Bois Chard,1.5L,2,29.98,14.99,2024-07-27,1500.0,2,0.45,1392,CONSTELLATION BRANDS INC   
15_WANBORNE_12944,15,12944,Middle Sister Rebel Red,750mL,2,19.98,9.99,2024-07-18,750.0,2,0.22,9165,ULTRA BEVERAGE COMPANY LLP 
61_AETHELNEY_8053,61,8053,Seagrams 7 Crown,50mL,3,2.97,0.99,2024-01-27,50.0,1,0.16,3960,DIAGEO NORTH AMERICA INC   
78_EASTHAVEN_8898,78,8898,Yukon Jack,1.75L,1,25.99,25.99,2024-01-16,1750.0,1,1.84,3960,DIAGEO NORTH AMERICA INC   
18_FURNESS_5626,18,5626,Baja Luna Black Raspberry,750mL,1,9.99,9.99,2024-11-19,750.0,1,0.79,8004,SAZERAC CO INC             
66_EANVERNESS_28474,66,28474,Burgans Albarino Baixas Rio,750mL,8,87.92,10.99,2024-08-19,750.0,2,0.9,9552,M S WALKER INC             
43_WOLFORD_6455,43,6455,Folonari Pinot Grigio Venez,1.5L,1,11.99,11.99,2024-06-03,1500.0,2,0.22,9744,FREDERICK WILDMAN & SONS   
8_ALNERWICK_2531,8,2531,WhistlePig 10 Yr Old Rye,750mL,1,69.99,69.99,2024-04-30,750.0,1,0.79,10754,PERFECTA WINES             
10_HORNSEY_4267,10,4267,Bacardi Limon Rum,1.75L,2,47.98,23.99,2024-04-23,1750.0,1,3.67,480,BACARDI USA INC            
16_LUNDY_3726,16,3726,Gilbeys Vodka Traveler,750mL,2,9.98,4.99,2024-12-30,750.0,1,1.57,12546,JIM BEAM BRANDS COMPANY    
47_PELLA'S WISH_8819,47,8819,Leroux Blackberry Brandy,750mL,1,6.99,6.99,2024-10-19,750.0,1,0.79,12546,JIM BEAM BRANDS COMPANY    
53_HILLFAR_16794,53,16794,Freakshow Cab Svgn,750mL,1,18.99,18.99,2024-08-17,750.0,2,0.11,4425,MARTIGNETTI COMPANIES
7_STANMORE_3423,7,3423,Beefeater,1.75L,5,134.95,26.99,2024-02-27,1750.0,1,9.19,17035,PERNOD RICARD USA          
50_MOUNTMEND_8450,50,8450,E & J Brandy VS,1.75L,1,19.99,19.99,2024-02-22,1750.0,1,1.84,3252,E & J GALLO WINERY         
10_HORNSEY_8275,10,8275,El Mayor Anejo Tequila,750mL,1,32.99,32.99,2024-04-20,750.0,1,0.79,8352,LUXCO INC                  
66_EANVERNESS_11888,66,11888,Penfolds Koonunga Hills Shir,750mL,2,25.98,12.99,2024-02-23,750.0,2,0.22,4425,MARTIGNETTI COMPANIES
78_EASTHAVEN_1180,78,1180,Evan Williams Black Label B,1.75L,1,20.99,20.99,2024-11-13,1750.0,1,1.84,3924,HEAVEN HILL DISTILLERIES   
71_CLARCTON_46202,71,46202,Yellow Tail Pnt Grigio Ausl,1.5L,1,14.99,14.99,2024-02-05,1500.0,2,0.22,4425,MARTIGNETTI COMPANIES
41_LARNWICK_8155,41,8155,Black Velvet Plastic,375mL,1,4.99,4.99,2024-01-27,375.0,1,0.39,1392,CONSTELLATION BRANDS INC   
21_BALERNO_8135,21,8135,Choco Lat Liqueur,750mL,1,10.99,10.99,2024-07-07,750.0,1,0.79,9552,M S WALKER INC             
19_WINTERVALE_42099,19,42099,Bota Box Pnt Grigio Cal,3L,2,35.98,17.99,2024-10-26,3000.0,2,0.9,2242,DELICATO VINEYARDS INC     
2_ASHBORNE_37792,2,37792,Blackstone Pnt Nr Monterey,750mL,3,23.97,7.99,2024-04-09,750.0,2,0.34,1392,CONSTELLATION BRANDS INC   
60_IRRAGIN_6285,60,6285,Gallo Twin Valley Wh Znfdl C,1.5L,1,9.99,9.99,2024-11-06,1500.0,2,0.22,3252,E & J GALLO WINERY         
73_DONCASTER_15094,73,15094,Butter Chard,750mL,1,12.95,12.95,2024-12-02,750.0,2,0.11,9165,ULTRA BEVERAGE COMPANY LLP 
23_ARBINGTON_1244,23,1244,Jack Daniels Winter Jack,750mL,2,29.98,14.99,2024-02-27,750.0,1,1.57,1128,BROWN-FORMAN CORP          
20_BREDWARDINE_8102,20,8102,Absolut Mandrin,1.75L,1,24.99,24.99,2024-12-08,1750.0,1,1.84,17035,PERNOD RICARD USA          
73_DONCASTER_36524,73,36524,Ch de Ribebon Brdx,750mL,1,14.99,14.99,2024-08-30,750.0,2,0.11,4425,MARTIGNETTI COMPANIES
4_EANVERNESS_5065,4,5065,Berentzen Apple Liqueur,750mL,1,19.99,19.99,2024-10-04,750.0,1,0.79,4425,MARTIGNETTI COMPANIES
55_DRY GULCH_3608,55,3608,Smirnoff Orange Vodka,50mL,8,7.92,0.99,2024-04-22,50.0,1,0.42,3960,DIAGEO NORTH AMERICA INC   
12_LEESIDE_27644,12,27644,Cline Znfdl Cal,750mL,2,19.98,9.99,2024-11-13,750.0,2,0.22,4425,MARTIGNETTI COMPANIES
73_DONCASTER_6783,73,6783,Hawk Crest Cab Svgn,750mL,3,38.97,12.99,2024-11-03,750.0,2,0.34,8673,STE MICHELLE WINE ESTATES  
66_EANVERNESS_5363,66,5363,Luxardo Angioletto Hazelnut,750mL,1,15.99,15.99,2024-09-01,750.0,1,0.79,9165,ULTRA BEVERAGE COMPANY LLP 
78_EASTHAVEN_5187,78,5187,Arrow White Creme de Cacao,750mL,1,7.99,7.99,2024-05-13,750.0,1,0.79,8352,LUXCO INC                  
2_ASHBORNE_7353,2,7353,1800 Ultimate Peach Margrita,1.75L,1,17.99,17.99,2024-08-24,1750.0,1,1.84,7245,PROXIMO SPIRITS INC.       
76_DONCASTER_3733,76,3733,Patron Silver Tequila,1.75L,2,239.98,119.99,2024-04-05,1750.0,1,3.67,9165,ULTRA BEVERAGE COMPANY LLP 
60_IRRAGIN_1378,60,1378,Jim Beam,375mL,4,37.96,9.49,2024-02-24,375.0,1,1.57,12546,JIM BEAM BRANDS COMPANY    
72_HARDERSFIELD_8053,72,8053,Seagrams 7 Crown,50mL,6,5.94,0.99,2024-07-14,50.0,1,0.32,3960,DIAGEO NORTH AMERICA INC   
60_IRRAGIN_31488,60,31488,Barefoot Chard Cal,750mL,12,75.48,6.29,2024-10-09,750.0,2,1.35,3252,E & J GALLO WINERY         
33_HORNSEY_4702,33,4702,Metaxa Amphora,750mL,2,45.98,22.99,2024-03-23,750.0,1,1.57,7239,REMY COINTREAU USA INC     
62_KILMARNOCK_44494,62,44494,Smoking Loon Pnt Grigio Cal,750mL,1,7.99,7.99,2024-09-20,750.0,2,0.11,9552,M S WALKER INC             
12_LEESIDE_1376,12,1376,Jim Beam,1.75L,2,47.98,23.99,2024-04-04,1750.0,1,3.67,12546,JIM BEAM BRANDS COMPANY    
15_WANBORNE_13097,15,13097,Menage a Trois Chard,750mL,1,8.99,8.99,2024-05-06,750.0,2,0.11,8892,TRINCHERO FAMILY ESTATES   
10_HORNSEY_3899,10,3899,Platinum 7X Distilled Vodka,375mL,12,47.88,3.99,2024-01-29,375.0,1,4.72,8004,SAZERAC CO INC             
49_GARIGILL_23523,49,23523,19 Crimes Cab Svgn,750mL,1,9.99,9.99,2024-08-04,750.0,2,0.11,9819,TREASURY WINE ESTATES      
76_DONCASTER_7302,76,7302,Marques de Caceres Rioja Re,750mL,1,14.99,14.99,2024-03-23,750.0,2,0.11,1587,VINEYARD BRANDS INC        
31_HORNSEY_2443,31,2443,Seagrams VO,1.75L,1,20.99,20.99,2024-01-12,1750.0,1,1.84,3960,DIAGEO NORTH AMERICA INC   
65_LUTON_35914,65,35914,Stone Cellars Chard,1.5L,1,10.99,10.99,2024-09-23,1500.0,2,0.22,9819,TREASURY WINE ESTATES      
34_PITMERDEN_2214,34,2214,James E Pepper Bourbon,750mL,1,33.99,33.99,2024-06-14,750.0,1,0.79,9552,M S WALKER INC             
9_BLACKPOOL_7992,9,7992,Patron Anejo Tequila,50mL,1,6.99,6.99,2024-05-08,50.0,1,0.05,9165,ULTRA BEVERAGE COMPANY LLP 
35_HALIVAARA_3696,35,3696,Gilbeys Vodka,1.75L,3,31.47,10.49,2024-10-19,1750.0,1,5.51,12546,JIM BEAM BRANDS COMPANY    
32_MOUNTMEND_16843,32,16843,Barefoot Cellars Red Moscato,750mL,1,6.29,6.29,2024-07-24,750.0,2,0.11,3252,E & J GALLO WINERY         
7_STANMORE_3858,7,3858,Grey Goose Vodka,750mL,1,23.99,23.99,2024-01-08,750.0,1,0.79,480,BACARDI USA INC            
22_SHARNWICK_2299,22,2299,J Seeds Apple Cider Whiskey,50mL,7,6.93,0.99,2024-10-13,50.0,1,0.37,9165,ULTRA BEVERAGE COMPANY LLP 
51_ABERDEEN_8064,51,8064,Canadian Club,50mL,1,0.99,0.99,2024-01-28,50.0,1,0.05,12546,JIM BEAM BRANDS COMPANY    
56_BEGGAR'S HOLE_3489,56,3489,Tanqueray,1.75L,6,173.94,28.99,2024-06-03,1750.0,1,11.02,3960,DIAGEO NORTH AMERICA INC   
61_AETHELNEY_16758,61,16758,Dolin Sweet Red Vermouth,750mL,1,13.99,13.99,2024-08-04,750.0,2,0.11,653,STATE WINE & SPIRITS   
62_KILMARNOCK_31915,62,31915,F Coppola Diamond Chard,750mL,2,19.9,9.95,2024-02-23,750.0,2,0.22,2000,SOUTHERN WINE & SPIRITS NE 
76_DONCASTER_23415,76,23415,Darkhorse Svgn Bl,750mL,2,15.98,7.99,2024-12-26,750.0,2,0.22,3252,E & J GALLO WINERY         
32_MOUNTMEND_3315,32,3315,Smirnoff Sorbet Rasp/Pomegra,50mL,1,0.99,0.99,2024-11-22,50.0,1,0.05,3960,DIAGEO NORTH AMERICA INC   
53_HILLFAR_12216,53,12216,Da Vinci Pnt Grigio,750mL,1,9.99,9.99,2024-07-12,750.0,2,0.11,3252,E & J GALLO WINERY         
24_PALPERROTH_28313,24,28313,Gallo Copperidge Merlot Cal,750mL,24,95.76,3.99,2024-11-30,750.0,2,2.7,3252,E & J GALLO WINERY         
50_MOUNTMEND_27094,50,27094,Corvo Terrae Dei Nero d'Avol,750mL,2,15.98,7.99,2024-08-23,750.0,2,0.22,10754,PERFECTA WINES             
66_EANVERNESS_16484,66,16484,Layer Cake Centrl Cst Pnt Nr,750mL,2,35.98,17.99,2024-09-27,750.0,2,0.22,4425,MARTIGNETTI COMPANIES
18_FURNESS_6960,18,6960,Cooks Brut,750mL,1,6.99,6.99,2024-12-28,750.0,2,0.11,1392,CONSTELLATION BRANDS INC   
41_LARNWICK_6660,41,6660,Carlo Rossi Paisano Calif,4L,1,14.99,14.99,2024-07-15,4000.0,2,0.6,3252,E & J GALLO WINERY         
57_LANTEGLOS_4734,57,4734,Capt Morgan Cannon Blast,750mL,1,14.99,14.99,2024-10-07,750.0,1,0.79,3960,DIAGEO NORTH AMERICA INC   
36_LEWES_8063,36,8063,Absolut Pears,50mL,1,1.99,1.99,2024-05-07,50.0,1,0.05,17035,PERNOD RICARD USA          
32_MOUNTMEND_2170,32,2170,Woodford Reserve Bourbon,50mL,3,10.47,3.49,2024-05-05,50.0,1,0.16,1128,BROWN-FORMAN CORP          
50_MOUNTMEND_1228,50,1228,Glenfiddich Ancient RSV 18,750mL,1,94.99,94.99,2024-12-09,750.0,1,0.79,3664,WILLIAM GRANT & SONS INC   
10_HORNSEY_6081,10,6081,Kinky Blue Liqueur,50mL,8,15.92,1.99,2024-09-16,50.0,1,0.42,7153,PINE STATE TRADING CO      
4_EANVERNESS_6575,4,6575,Kendall Jackson RSV Svgn Bl,750mL,4,39.96,9.99,2024-12-26,750.0,2,0.45,10000,MAJESTIC FINE WINES        
15_WANBORNE_903,15,903,Bombay Sapphire Gin,Liter,2,53.98,26.99,2024-01-14,1000.0,1,2.1,480,BACARDI USA INC            
69_MOUNTMEND_32908,69,32908,Sterling Vintners Cltn Merlo,750mL,2,23.98,11.99,2024-06-17,750.0,2,0.22,1590,DIAGEO CHATEAU ESTATE WINES
55_DRY GULCH_4204,55,4204,Bacardi Coco Rum,750mL,2,23.98,11.99,2024-02-10,750.0,1,1.57,480,BACARDI USA INC            
79_BALLYMENA_2015,79,2015,Jack Daniels Tennessee Honey,750mL,3,68.97,22.99,2024-04-24,750.0,1,2.36,1128,BROWN-FORMAN CORP          
67_EANVERNESS_13709,67,13709,Jam Jar Sweet Shiraz,750mL,1,9.99,9.99,2024-12-03,750.0,2,0.11,9552,M S WALKER INC             
18_FURNESS_5735,18,5735,Malibu Rum,750mL,1,12.99,12.99,2024-06-05,750.0,1,0.79,17035,PERNOD RICARD USA          
23_ARBINGTON_22809,23,22809,Opici Toscano Twist Neck 12,750mL,1,11.99,11.99,2024-12-03,750.0,2,0.11,9165,ULTRA BEVERAGE COMPANY LLP 
40_BULLMAR_7535,40,7535,Gekkeikan Sake,750mL,1,5.99,5.99,2024-04-27,750.0,1,0.79,8320,SHAW ROSS INT L IMP LTD    
66_EANVERNESS_4734,66,4734,Capt Morgan Cannon Blast,750mL,3,44.97,14.99,2024-05-26,750.0,1,2.36,3960,DIAGEO NORTH AMERICA INC   
23_ARBINGTON_23095,23,23095,Glen Ellen Cab Svgn RSV,1.5L,1,6.99,6.99,2024-01-31,1500.0,2,0.22,9815,WINE GROUP INC             
38_GOULCREST_8437,38,8437,Maestro Dobel Diamond Tequla,750mL,1,34.99,34.99,2024-12-22,750.0,1,0.79,7245,PROXIMO SPIRITS INC.       
25_CAERSHIRE_3505,25,3505,Tito's Handmade Vodka,750mL,4,75.96,18.99,2024-12-28,750.0,1,3.15,4425,MARTIGNETTI COMPANIES
30_CULCHETH_13638,30,13638,Charles Smith Velvet Dev Mer,750mL,2,23.98,11.99,2024-10-13,750.0,2,0.22,10754,PERFECTA WINES             
35_HALIVAARA_1355,35,1355,Knob Creek Bourbon,50mL,2,7.98,3.99,2024-09-05,50.0,1,0.1,12546,JIM BEAM BRANDS COMPANY    
54_GUTHRAM_29902,54,29902,Au Bon Climate Pnt Nr,750mL,2,43.98,21.99,2024-12-02,750.0,2,0.22,9552,M S WALKER INC             
68_SOLARIS_12943,68,12943,Middle Sister Drama Queen Pi,750mL,1,9.99,9.99,2024-04-04,750.0,2,0.11,9165,ULTRA BEVERAGE COMPANY LLP 
49_GARIGILL_14690,49,14690,Bridlewood Pnt Nr Monterey C,750mL,1,9.99,9.99,2024-02-11,750.0,2,0.11,3252,E & J GALLO WINERY         
77_TAMWORTH_8526,77,8526,Chambord Royale de France,750mL,1,29.99,29.99,2024-01-09,750.0,1,0.79,1128,BROWN-FORMAN CORP          
76_DONCASTER_17596,76,17596,Pink Flamingo Rose,750mL,1,13.99,13.99,2024-04-09,750.0,2,0.11,1601,VRANKEN AMERICA            
38_GOULCREST_18107,38,18107,Barefoot Cellars Pink Moscat,750mL,1,6.29,6.29,2024-05-21,750.0,2,0.11,3252,E & J GALLO WINERY         
75_BARNCOMBE_41252,75,41252,Beringer Classic Pnt Grigio,1.5L,2,19.98,9.99,2024-04-08,1500.0,2,0.45,9819,TREASURY WINE ESTATES      
34_PITMERDEN_44719,34,44719,Cavit Prosecco Lunetta,750mL,1,10.99,10.99,2024-09-14,750.0,2,0.11,6785,PALM BAY INTERNATIONAL INC 
60_IRRAGIN_35578,60,35578,Alamos Ridge Cab Svgn Mendza,750mL,1,9.99,9.99,2024-05-25,750.0,2,0.11,3252,E & J GALLO WINERY         
41_LARNWICK_8078,41,8078,Glenfiddich Special Rsv 12Yr,375mL,1,19.99,19.99,2024-01-12,375.0,1,0.39,3664,WILLIAM GRANT & SONS INC   
7_STANMORE_5311,7,5311,Amaretto DiSaronno,1.75L,1,37.99,37.99,2024-10-09,1750.0,1,1.84,2555,DISARONNO INTERNATIONAL LLC
27_MOUNTMEND_5587,27,5587,Jose Cuervo Golden Margarita,1.75L,1,17.99,17.99,2024-04-30,1750.0,1,1.84,7245,PROXIMO SPIRITS INC.       
79_BALLYMENA_45848,79,45848,Kendall Jackson Summation Re,750mL,1,9.99,9.99,2024-12-10,750.0,2,0.11,10000,MAJESTIC FINE WINES        
50_MOUNTMEND_2779,50,2779,Wicked 87 Whiskey,750mL,1,17.49,17.49,2024-12-04,750.0,1,0.79,7153,PINE STATE TRADING CO      
33_HORNSEY_17981,33,17981,If You See Kay Red Blend,750mL,1,19.99,19.99,2024-11-18,750.0,2,0.11,4425,MARTIGNETTI COMPANIES
37_PAETHSMOUTH_6081,37,6081,Kinky Blue Liqueur,50mL,2,3.98,1.99,2024-04-24,50.0,1,0.1,7153,PINE STATE TRADING CO      
11_CARDEND_15105,11,15105,Kendall Jackson Avant Chard,750mL,4,39.96,9.99,2024-12-15,750.0,2,0.45,10000,MAJESTIC FINE WINES        
75_BARNCOMBE_2143,75,2143,Canadian Mist,1.75L,3,41.97,13.99,2024-04-26,1750.0,1,5.51,1128,BROWN-FORMAN CORP          
6_GOULCREST_44107,6,44107,Carmel Road Pnt Nr Monterey,750mL,5,79.95,15.99,2024-11-23,750.0,2,0.56,9552,M S WALKER INC             
63_SWORDBREAK_8619,63,8619,Canadian Club,375mL,1,5.99,5.99,2024-09-03,375.0,1,0.39,12546,JIM BEAM BRANDS COMPANY    
58_HARTLEPOOL_5254,58,5254,DeKuyper Buttershots Schnpps,750mL,1,10.99,10.99,2024-04-16,750.0,1,0.79,12546,JIM BEAM BRANDS COMPANY    
34_PITMERDEN_18865,34,18865,Mirafiore Barolo,750mL,1,37.99,37.99,2024-12-09,750.0,2,0.11,10754,PERFECTA WINES             
60_IRRAGIN_8898,60,8898,Yukon Jack,1.75L,1,25.99,25.99,2024-07-22,1750.0,1,1.84,3960,DIAGEO NORTH AMERICA INC   
30_CULCHETH_4223,30,4223,Bacardi Gold Rum,1.75L,1,19.99,19.99,2024-12-06,1750.0,1,1.84,480,BACARDI USA INC            
69_MOUNTMEND_2132,69,2132,Lord Calvert Canadian,1.75L,2,25.98,12.99,2024-07-14,1750.0,1,3.67,8352,LUXCO INC                  
45_VERITAS_1663,45,1663,Jim Beam Maple,50mL,1,0.99,0.99,2024-03-18,50.0,1,0.05,12546,JIM BEAM BRANDS COMPANY    
23_ARBINGTON_3220,23,3220,Svedka Clementine Vodka,1.75L,1,22.99,22.99,2024-02-27,1750.0,1,1.84,1392,CONSTELLATION BRANDS INC   
1_HARDERSFIELD_3690,1,3690,Tanqueray Ten Gin,750mL,1,27.99,27.99,2024-08-25,750.0,1,0.79,3960,DIAGEO NORTH AMERICA INC   
67_EANVERNESS_29477,67,29477,R Mondavi Pvt Sel Rsl,750mL,2,15.98,7.99,2024-05-01,750.0,2,0.22,1392,CONSTELLATION BRANDS INC   
38_GOULCREST_3875,38,3875,Svedka Cucumber Lime Vodka,750mL,1,10.99,10.99,2024-10-25,750.0,1,0.79,1392,CONSTELLATION BRANDS INC   
63_SWORDBREAK_3102,63,3102,Smirnoff Traveler,1.75L,3,53.97,17.99,2024-09-26,1750.0,1,5.51,3960,DIAGEO NORTH AMERICA INC   
73_DONCASTER_4722,73,4722,Remy Martin VSOP Cognac,750mL,1,40.99,40.99,2024-05-03,750.0,1,0.79,7239,REMY COINTREAU USA INC     
62_KILMARNOCK_3137,62,3137,Three Olives Blueberry Vodka,50mL,4,3.96,0.99,2024-08-08,50.0,1,0.21,7245,PROXIMO SPIRITS INC.       
50_MOUNTMEND_45503,50,45503,Rebel The Show Cab Svgn,750mL,3,29.97,9.99,2024-09-12,750.0,2,0.34,8892,TRINCHERO FAMILY ESTATES   
58_HARTLEPOOL_6264,58,6264,Cooks Extra Dry,750mL,1,6.99,6.99,2024-10-29,750.0,2,0.11,1392,CONSTELLATION BRANDS INC   
7_STANMORE_40098,7,40098,Black Box Merlot Cal,3L,1,22.99,22.99,2024-04-03,3000.0,2,0.45,1392,CONSTELLATION BRANDS INC   
69_MOUNTMEND_597,69,597,Baileys Irish Cream,Liter,1,27.99,27.99,2024-01-08,1000.0,1,1.05,3960,DIAGEO NORTH AMERICA INC   
32_MOUNTMEND_1714,32,1714,Smoky Quartz V5 Bourbon,375mL,1,27.99,27.99,2024-07-02,375.0,1,0.39,28750,SMOKY QUARTZ DISTILLERY LLC
42_BLACK HOLLOW_4178,42,4178,Fabrizia Limoncello,375mL,1,9.99,9.99,2024-10-25,375.0,1,0.39,1655,FABRIZIA SPIRITS LLC       
65_LUTON_1637,65,1637,Fleischmanns Preferred,1.75L,1,10.99,10.99,2024-04-19,1750.0,1,1.84,660,SAZERAC NORTH AMERICA INC. 
62_KILMARNOCK_6983,62,6983,J Lohr Seven Oaks Cab Svgn,750mL,2,29.98,14.99,2024-10-05,750.0,2,0.22,4425,MARTIGNETTI COMPANIES
58_HARTLEPOOL_2127,58,2127,Canadian Ltd,1.75L,1,10.49,10.49,2024-03-06,1750.0,1,1.84,660,SAZERAC NORTH AMERICA INC. 
72_HARDERSFIELD_8504,72,8504,R M Woodbridge Cab Svgn Cal,1.5L,3,35.97,11.99,2024-02-21,1500.0,2,0.68,1392,CONSTELLATION BRANDS INC   
34_PITMERDEN_26134,34,26134,Clos du Bois Znfdl Sonoma,750mL,1,8.99,8.99,2024-08-03,750.0,2,0.11,1392,CONSTELLATION BRANDS INC   
61_AETHELNEY_3736,61,3736,Smirnoff Cherry Vodka,750mL,1,10.99,10.99,2024-04-29,750.0,1,0.79,3960,DIAGEO NORTH AMERICA INC   
34_PITMERDEN_23533,34,23533,Yellow Tail Moscato Bubbles,750mL,2,25.98,12.99,2024-05-14,750.0,2,0.22,4425,MARTIGNETTI COMPANIES
62_KILMARNOCK_14130,62,14130,14 Hands Hot to Trot White,750mL,1,8.99,8.99,2024-02-20,750.0,2,0.11,8673,STE MICHELLE WINE ESTATES  
67_EANVERNESS_3609,67,3609,Smirnoff Vanilla Vodka,50mL,6,5.94,0.99,2024-10-05,50.0,1,0.32,3960,DIAGEO NORTH AMERICA INC   
76_DONCASTER_40296,76,40296,Choya Plum Wine,750mL,2,41.98,20.99,2024-01-15,750.0,2,0.22,7153,PINE STATE TRADING CO      
62_KILMARNOCK_6727,62,6727,Antinori Toscana Rd,750mL,1,18.99,18.99,2024-04-09,750.0,2,0.11,8673,STE MICHELLE WINE ESTATES  
39_EASTHALLOW_2615,39,2615,Chivas Regal,50mL,1,3.49,3.49,2024-12-04,50.0,1,0.05,17035,PERNOD RICARD USA          
1_HARDERSFIELD_8822,1,8822,Absolut 80 Proof,50mL,14,27.86,1.99,2024-11-07,50.0,1,0.74,17035,PERNOD RICARD USA          
47_PELLA'S WISH_3834,47,3834,Skyy Vodka,750mL,1,12.99,12.99,2024-02-26,750.0,1,0.79,11567,CAMPARI AMERICA            
6_GOULCREST_25515,6,25515,Bootstrap Red,750mL,3,23.97,7.99,2024-04-23,750.0,2,0.34,10754,PERFECTA WINES             
73_DONCASTER_5075,73,5075,Tuaca Italian Liqueur,750mL,1,19.99,19.99,2024-07-26,750.0,1,0.79,8004,SAZERAC CO INC             
34_PITMERDEN_45322,34,45322,Zabrin de Fuego Garnacha,750mL,2,17.98,8.99,2024-12-22,750.0,2,0.22,9552,M S WALKER INC             
67_EANVERNESS_21824,67,21824,Taken Red Napa,750mL,1,24.99,24.99,2024-01-31,750.0,2,0.11,8892,TRINCHERO FAMILY ESTATES   
9_BLACKPOOL_33953,9,33953,L Bernard Cotes du Rhone,750mL,1,13.99,13.99,2024-02-13,750.0,2,0.11,4425,MARTIGNETTI COMPANIES
27_MOUNTMEND_8064,27,8064,Canadian Club,50mL,3,2.97,0.99,2024-05-30,50.0,1,0.16,12546,JIM BEAM BRANDS COMPANY    
76_DONCASTER_1744,76,1744,Old Forester 100 Bourbon,750mL,1,24.99,24.99,2024-03-26,750.0,1,0.79,1128,BROWN-FORMAN CORP          
66_EANVERNESS_7374,66,7374,New Amsterdam Mango Vodka,750mL,1,9.99,9.99,2024-08-11,750.0,1,0.79,3252,E & J GALLO WINERY         
8_ALNERWICK_13461,8,13461,R M Woodbridge Moscato,1.5L,1,8.99,8.99,2024-03-18,1500.0,2,0.22,1392,CONSTELLATION BRANDS INC   
65_LUTON_3804,65,3804,Svedka Vodka,750mL,1,12.99,12.99,2024-03-12,750.0,1,0.79,1392,CONSTELLATION BRANDS INC   
77_TAMWORTH_3485,77,3485,Luksusowa Potato Vodka,1.75L,1,18.99,18.99,2024-12-18,1750.0,1,1.84,4425,MARTIGNETTI COMPANIES
11_CARDEND_3840,11,3840,Smirnoff Raspberry Vodka,1.75L,1,19.99,19.99,2024-02-27,1750.0,1,1.84,3960,DIAGEO NORTH AMERICA INC   
61_AETHELNEY_5798,61,5798,1800 Raspberry Margarita RTD,1.75L,1,19.99,19.99,2024-06-24,1750.0,1,1.84,7245,PROXIMO SPIRITS INC.       
24_PALPERROTH_4278,24,4278,Capt Morgan Parrot Bay Cocnt,750mL,1,11.99,11.99,2024-02-11,750.0,1,0.79,3960,DIAGEO NORTH AMERICA INC   
28_LARNWICK_3804,28,3804,Svedka Vodka,750mL,1,9.99,9.99,2024-08-06,750.0,1,0.79,1392,CONSTELLATION BRANDS INC   
67_EANVERNESS_2587,67,2587,Jameson Irish Whiskey,375mL,2,34.98,17.49,2024-09-05,375.0,1,0.79,17035,PERNOD RICARD USA          
77_TAMWORTH_3325,77,3325,Pinnacle Caramel Apple Vodka,750mL,1,10.99,10.99,2024-02-06,750.0,1,0.79,12546,JIM BEAM BRANDS COMPANY    
52_GRAYCOTT_8730,52,8730,Ruffino Orvieto Clsc,750mL,1,9.99,9.99,2024-08-12,750.0,1,0.79,1392,CONSTELLATION BRANDS INC   
77_TAMWORTH_15089,77,15089,Mont Redon Cotes du Rhone,750mL,1,9.99,9.99,2024-08-29,750.0,2,0.11,4692,KOBRAND CORPORATION        
34_PITMERDEN_20729,34,20729,Villa Jolanda Peach Moscato,750mL,1,9.99,9.99,2024-07-04,750.0,2,0.11,7153,PINE STATE TRADING CO      
50_MOUNTMEND_18027,50,18027,Banfi Rosa Regale,750mL,7,97.65,13.95,2024-12-04,750.0,2,0.79,516,BANFI PRODUCTS CORP        
63_SWORDBREAK_4416,63,4416,Cruzan Coconut Flavored Rum,750mL,3,29.97,9.99,2024-11-11,750.0,1,2.36,12546,JIM BEAM BRANDS COMPANY    
23_ARBINGTON_35976,23,35976,Zeller Schwarze Rsl Valcknbg,750mL,2,19.98,9.99,2024-11-05,750.0,2,0.22,10754,PERFECTA WINES             
81_PEMBROKE_6896,81,6896,Sterling Merlot,750mL,3,53.97,17.99,2024-10-14,750.0,2,0.34,1590,DIAGEO CHATEAU ESTATE WINES
37_PAETHSMOUTH_3489,37,3489,Tanqueray,1.75L,1,28.99,28.99,2024-06-01,1750.0,1,1.84,3960,DIAGEO NORTH AMERICA INC   
2_ASHBORNE_35294,2,35294,Mionetto Prosecco Brut,187mL,2,9.98,4.99,2024-07-09,187.0,2,0.06,9552,M S WALKER INC             
67_EANVERNESS_8283,67,8283,Korbel X Dry,1.5L,1,29.99,29.99,2024-02-27,1500.0,2,0.22,1128,BROWN-FORMAN CORP          
33_HORNSEY_36378,33,36378,MezzaCorona Pnt Grigio,1.5L,1,10.99,10.99,2024-06-21,1500.0,2,0.22,9165,ULTRA BEVERAGE COMPANY LLP 
69_MOUNTMEND_40097,69,40097,Black Box Chard,3L,2,37.98,18.99,2024-10-18,3000.0,2,0.9,1392,CONSTELLATION BRANDS INC   
55_DRY GULCH_6873,55,6873,Guigal Cotes du Rhone Red,750mL,2,25.98,12.99,2024-11-23,750.0,2,0.22,4425,MARTIGNETTI COMPANIES
76_DONCASTER_508,76,508,Bacardi Superior Rum,Liter,6,77.94,12.99,2024-04-28,1000.0,1,6.3,480,BACARDI USA INC            
20_BREDWARDINE_3356,20,3356,Svedka Vodka,375mL,3,17.97,5.99,2024-10-05,375.0,1,1.18,1392,CONSTELLATION BRANDS INC   
64_CESTERFIELD_27351,64,27351,Almaden Chard Cal B/B,5L,1,17.99,17.99,2024-10-01,5000.0,2,0.75,9815,WINE GROUP INC             
20_BREDWARDINE_3133,20,3133,Svedka Strwbry Lemonad Vodka,750mL,1,10.99,10.99,2024-09-24,750.0,1,0.79,1392,CONSTELLATION BRANDS INC   
55_DRY GULCH_6479,55,6479,Clos du Bois Chard,750mL,2,17.98,8.99,2024-03-07,750.0,2,0.22,1392,CONSTELLATION BRANDS INC   
34_PITMERDEN_18875,34,18875,Di Padrino Dry Vermouth,1.5L,1,7.99,7.99,2024-12-23,1500.0,2,0.22,8004,SAZERAC CO INC             
73_DONCASTER_46628,73,46628,Paso Creek Cab Svgn,750mL,1,16.99,16.99,2024-05-25,750.0,2,0.11,1392,CONSTELLATION BRANDS INC   
38_GOULCREST_5458,38,5458,After Shock Hot & Cool Cinmn,750mL,1,15.99,15.99,2024-09-27,750.0,1,0.79,12546,JIM BEAM BRANDS COMPANY    
37_PAETHSMOUTH_3161,37,3161,New Amsterdam Red Berry,750mL,1,9.99,9.99,2024-01-10,750.0,1,0.79,3252,E & J GALLO WINERY         
33_HORNSEY_5741,33,5741,Merry Wh Chocolate Liqueur,750mL,1,12.99,12.99,2024-05-11,750.0,1,0.79,7153,PINE STATE TRADING CO      
27_MOUNTMEND_2658,27,2658,Cutty Sark,750mL,1,15.99,15.99,2024-08-19,750.0,1,0.79,2561,EDRINGTON AMERICAS         
60_IRRAGIN_5101,60,5101,Dr McGillicuddy's Mentholmnt,750mL,1,13.99,13.99,2024-02-26,750.0,1,0.79,8004,SAZERAC CO INC             
77_TAMWORTH_5708,77,5708,Dr McGillicuddy's Root Beer,50mL,1,0.99,0.99,2024-04-08,50.0,1,0.05,8004,SAZERAC CO INC             
38_GOULCREST_39517,38,39517,J Lohr Seven Oaks Cab Svgn,1.5L,2,61.98,30.99,2024-12-20,1500.0,2,0.45,4425,MARTIGNETTI COMPANIES
78_EASTHAVEN_7374,78,7374,New Amsterdam Mango Vodka,750mL,1,10.99,10.99,2024-12-28,750.0,1,0.79,3252,E & J GALLO WINERY         
24_PALPERROTH_4662,24,4662,Capt Morgan White PET,1.75L,1,19.99,19.99,2024-11-28,1750.0,1,1.84,3960,DIAGEO NORTH AMERICA INC   
10_HORNSEY_5111,10,5111,Dr McGillicuddy's Mentholmnt,50mL,12,11.88,0.99,2024-11-02,50.0,1,0.63,8004,SAZERAC CO INC             
54_GUTHRAM_1999,54,1999,Old Forrester 1870 Craft,750mL,3,107.97,35.99,2024-06-28,750.0,1,2.36,1128,BROWN-FORMAN CORP          
4_EANVERNESS_3802,4,3802,Three Olives Vodka,1.75L,5,94.95,18.99,2024-01-02,1750.0,1,9.19,7245,PROXIMO SPIRITS INC.       
11_CARDEND_28260,11,28260,Nathanson Creek Chard,1.5L,3,23.97,7.99,2024-10-07,1500.0,2,0.68,1392,CONSTELLATION BRANDS INC   
43_WOLFORD_5440,43,5440,Jagermeister Liqueur,1.75L,1,30.99,30.99,2024-09-23,1750.0,1,1.84,3089,SIDNEY FRANK IMPORTING CO  
13_TARMSWORTH_2057,13,2057,Rebel Yell Root Beer Bourbon,50mL,1,0.99,0.99,2024-10-23,50.0,1,0.05,8352,LUXCO INC                  
65_LUTON_5491,65,5491,Rumpleminze,50mL,5,9.95,1.99,2024-10-08,50.0,1,0.26,3960,DIAGEO NORTH AMERICA INC   
14_BROMWICH_8680,14,8680,Crown Royal,1.75L,2,79.98,39.99,2024-06-07,1750.0,1,3.67,3960,DIAGEO NORTH AMERICA INC   
55_DRY GULCH_3244,55,3244,Burnetts Vodka,750mL,2,13.98,6.99,2024-09-30,750.0,1,1.57,3924,HEAVEN HILL DISTILLERIES   
35_HALIVAARA_29169,35,29169,Franzia Tap Merlot,5L,1,15.99,15.99,2024-01-22,5000.0,2,0.75,9815,WINE GROUP INC             
81_PEMBROKE_22143,81,22143,Simi Cab Svgn,750mL,1,13.79,13.79,2024-12-13,750.0,2,0.11,1392,CONSTELLATION BRANDS INC   
76_DONCASTER_8166,76,8166,Mount Gay Eclipse,750mL,1,19.99,19.99,2024-01-01,750.0,1,0.79,7239,REMY COINTREAU USA INC     
50_MOUNTMEND_4679,50,4679,Courvoisier VS Cognac,375mL,1,11.99,11.99,2024-06-16,375.0,1,0.39,12546,JIM BEAM BRANDS COMPANY    
50_MOUNTMEND_3388,50,3388,Seagrams Extra Dry Gin,750mL,2,19.98,9.99,2024-08-03,750.0,1,1.57,17035,PERNOD RICARD USA          
69_MOUNTMEND_23831,69,23831,Manon Rose de Provence,750mL,1,16.99,16.99,2024-05-20,750.0,2,0.11,7153,PINE STATE TRADING CO      
34_PITMERDEN_36770,34,36770,Yellow Tail Cab Svgn Ausl,1.5L,5,49.95,9.99,2024-11-18,1500.0,2,1.12,4425,MARTIGNETTI COMPANIES
76_DONCASTER_43873,76,43873,Duckhorn Cab Svgn Napa,750mL,3,203.97,67.99,2024-08-26,750.0,2,0.34,4425,MARTIGNETTI COMPANIES
60_IRRAGIN_4370,60,4370,Ron Virgin White,1.75L,1,10.99,10.99,2024-09-06,1750.0,1,1.84,9552,M S WALKER INC             
65_LUTON_8961,65,8961,Jose Cuervo Especial,50mL,1,1.49,1.49,2024-02-21,50.0,1,0.05,7245,PROXIMO SPIRITS INC.       
48_NORFOLK_17177,48,17177,Beringer Classic Merlot,1.5L,3,29.97,9.99,2024-11-28,1500.0,2,0.68,9819,TREASURY WINE ESTATES      
67_EANVERNESS_19908,67,19908,Ravenswood Besieged Red,750mL,1,13.99,13.99,2024-10-01,750.0,2,0.11,1392,CONSTELLATION BRANDS INC   
33_HORNSEY_6356,33,6356,Taylor Cream Sherry,1.5L,1,7.79,7.79,2024-08-28,1500.0,2,0.22,1392,CONSTELLATION BRANDS INC   
55_DRY GULCH_4679,55,4679,Courvoisier VS Cognac,375mL,2,23.98,11.99,2024-03-05,375.0,1,0.79,12546,JIM BEAM BRANDS COMPANY    
59_CLAETHORPES_8097,59,8097,Patron Citronge Orange,375mL,1,13.99,13.99,2024-05-25,375.0,1,0.39,9165,ULTRA BEVERAGE COMPANY LLP 
69_MOUNTMEND_6879,69,6879,Maurice's Mentholated Mint,50mL,1,0.99,0.99,2024-05-19,50.0,1,0.05,9552,M S WALKER INC             
59_CLAETHORPES_1233,59,1233,Jack Daniels No 7 Black,1.75L,2,71.98,35.99,2024-03-14,1750.0,1,3.67,1128,BROWN-FORMAN CORP          
76_DONCASTER_18427,76,18427,Duckhorn Decoy Merlot Sonoma,750mL,3,53.97,17.99,2024-07-10,750.0,2,0.34,4425,MARTIGNETTI COMPANIES
53_HILLFAR_3276,53,3276,Gordons London Dry,1.75L,3,44.97,14.99,2024-07-04,1750.0,1,5.51,3960,DIAGEO NORTH AMERICA INC   
79_BALLYMENA_15892,79,15892,Red Guitar Sangria,750mL,2,9.98,4.99,2024-07-08,750.0,2,0.22,1392,CONSTELLATION BRANDS INC   
38_GOULCREST_21201,38,21201,Bota Box Pnt Nr,3L,4,71.96,17.99,2024-05-23,3000.0,2,1.8,2242,DELICATO VINEYARDS INC     
37_PAETHSMOUTH_3896,37,3896,Zhenka Vodka,375mL,1,3.29,3.29,2024-12-11,375.0,1,0.39,9552,M S WALKER INC             
63_SWORDBREAK_8727,63,8727,Monkey Shoulder Scotch,750mL,2,59.98,29.99,2024-07-20,750.0,1,1.57,3664,WILLIAM GRANT & SONS INC   
60_IRRAGIN_43043,60,43043,Yellow Tail Rsl,750mL,4,31.96,7.99,2024-12-31,750.0,2,0.45,4425,MARTIGNETTI COMPANIES
11_CARDEND_6351,11,6351,Kendall Jackson Vntr RSV Cab,750mL,2,35.98,17.99,2024-05-09,750.0,2,0.22,10000,MAJESTIC FINE WINES        
74_PAENTMARWY_1875,74,1875,Bushmills Black Bush,750mL,1,29.99,29.99,2024-09-09,750.0,1,0.79,7245,PROXIMO SPIRITS INC.       
44_PORTHCRAWL_4330,44,4330,Capt Morgan Spiced Rum 100,1.75L,1,26.99,26.99,2024-06-12,1750.0,1,1.84,3960,DIAGEO NORTH AMERICA INC   
40_BULLMAR_6635,40,6635,Gallo Twin Valley Hearty Bur,1.5L,1,9.99,9.99,2024-12-03,1500.0,2,0.22,3252,E & J GALLO WINERY         
79_BALLYMENA_4296,79,4296,Ronrico Silver Rum,1.75L,2,25.98,12.99,2024-12-06,1750.0,1,3.67,12546,JIM BEAM BRANDS COMPANY    
42_BLACK HOLLOW_20731,42,20731,Villa Jolanda Strwby Moscato,750mL,1,9.99,9.99,2024-12-30,750.0,2,0.11,7153,PINE STATE TRADING CO      
73_DONCASTER_1714,73,1714,Smoky Quartz V5 Bourbon,375mL,1,27.99,27.99,2024-06-14,375.0,1,0.39,28750,SMOKY QUARTZ DISTILLERY LLC
34_PITMERDEN_5587,34,5587,Jose Cuervo Golden Margarita,1.75L,1,19.99,19.99,2024-06-05,1750.0,1,1.84,7245,PROXIMO SPIRITS INC.       
15_WANBORNE_34647,15,34647,Terrazas Alto Malbec Argn,750mL,1,10.49,10.49,2024-11-30,750.0,2,0.11,8112,MOET HENNESSY USA INC      
41_LARNWICK_3951,41,3951,Hornitos Reposado Tequila,50mL,3,7.47,2.49,2024-11-05,50.0,1,0.16,12546,JIM BEAM BRANDS COMPANY    
59_CLAETHORPES_31493,59,31493,Barefoot Merlot Cal,750mL,2,9.98,4.99,2024-12-19,750.0,2,0.22,3252,E & J GALLO WINERY         
32_MOUNTMEND_27735,32,27735,Bogle Cab Svgn Cal,750mL,3,32.97,10.99,2024-06-18,750.0,2,0.34,4425,MARTIGNETTI COMPANIES
69_MOUNTMEND_8424,69,8424,1800 Coconut Tequila,750mL,2,45.98,22.99,2024-07-21,750.0,1,1.57,7245,PROXIMO SPIRITS INC.       
73_DONCASTER_21151,73,21151,Flight Song Svgn Bl,750mL,1,11.99,11.99,2024-07-25,750.0,2,0.11,17035,PERNOD RICARD USA          
72_HARDERSFIELD_5270,72,5270,Southern Comfort,50mL,7,6.93,0.99,2024-12-24,50.0,1,0.37,8004,SAZERAC CO INC             
12_LEESIDE_9109,12,9109,Deep Eddy Ruby Red Vodka,50mL,7,6.93,0.99,2024-05-28,50.0,1,0.37,3924,HEAVEN HILL DISTILLERIES   
35_HALIVAARA_8485,35,8485,Gozio Amaretto,750mL,1,17.99,17.99,2024-06-02,750.0,1,0.79,1485,CASTLE BRANDS CORP.        
34_PITMERDEN_2547,34,2547,WhistlePig 10Yr Straight Rye,50mL,1,6.99,6.99,2024-04-07,50.0,1,0.05,10754,PERFECTA WINES             
25_CAERSHIRE_14622,25,14622,La Marca Prosecco,750mL,9,98.82,10.98,2024-12-18,750.0,2,1.01,3252,E & J GALLO WINERY         
69_MOUNTMEND_39631,69,39631,Red Truck Cal,750mL,1,10.99,10.99,2024-09-14,750.0,2,0.11,4425,MARTIGNETTI COMPANIES
30_CULCHETH_34870,30,34870,Arca Nova Vinho Verde,750mL,1,8.99,8.99,2024-07-15,750.0,2,0.11,10754,PERFECTA WINES             
42_BLACK HOLLOW_4221,42,4221,Bacardi Gold Rum Traveler,1.75L,3,53.97,17.99,2024-07-01,1750.0,1,5.51,480,BACARDI USA INC            
25_CAERSHIRE_36648,25,36648,Groth Cab Svgn Napa,750mL,2,115.98,57.99,2024-12-23,750.0,2,0.22,4425,MARTIGNETTI COMPANIES
22_SHARNWICK_1366,22,1366,Red Stag by Jim Beam,50mL,4,5.16,1.29,2024-03-26,50.0,1,0.21,12546,JIM BEAM BRANDS COMPANY    
22_SHARNWICK_5242,22,5242,Cointreau Liqueur,750mL,1,33.99,33.99,2024-09-19,750.0,1,0.79,7239,REMY COINTREAU USA INC     
34_PITMERDEN_14838,34,14838,Layer Cake Cab Svgn,750mL,2,31.98,15.99,2024-05-03,750.0,2,0.22,4425,MARTIGNETTI COMPANIES
45_VERITAS_4260,45,4260,Capt Morgan Original Barrel,1.75L,9,197.91,21.99,2024-08-06,1750.0,1,16.54,3960,DIAGEO NORTH AMERICA INC   
68_SOLARIS_18801,68,18801,Bolla Prosecco Extra Dry,750mL,1,11.99,11.99,2024-07-08,750.0,2,0.11,516,BANFI PRODUCTS CORP        
9_BLACKPOOL_8203,9,8203,Grand Marnier,50mL,1,2.99,2.99,2024-10-17,50.0,1,0.05,8112,MOET HENNESSY USA INC      
79_BALLYMENA_5445,79,5445,Jagermeister Liqueur,750mL,3,53.97,17.99,2024-02-17,750.0,1,2.36,3089,SIDNEY FRANK IMPORTING CO  
39_EASTHALLOW_3276,39,3276,Gordons London Dry,1.75L,3,44.97,14.99,2024-02-05,1750.0,1,5.51,3960,DIAGEO NORTH AMERICA INC   
23_ARBINGTON_1233,23,1233,Jack Daniels No 7 Black,1.75L,4,155.96,38.99,2024-05-29,1750.0,1,7.35,1128,BROWN-FORMAN CORP          
73_DONCASTER_3234,73,3234,Hendrick's Gin,1.75L,1,59.99,59.99,2024-11-28,1750.0,1,1.84,3664,WILLIAM GRANT & SONS INC   
18_FURNESS_36771,18,36771,Yellow Tail Merlot Ausl,1.5L,2,17.9,8.95,2024-07-26,1500.0,2,0.45,4425,MARTIGNETTI COMPANIES
50_MOUNTMEND_36579,50,36579,Covey Run Rsl Columbia Vly,750mL,7,41.93,5.99,2024-05-05,750.0,2,0.79,3252,E & J GALLO WINERY         
10_HORNSEY_2120,10,2120,Canadian Club,1.75L,4,67.96,16.99,2024-07-24,1750.0,1,7.35,12546,JIM BEAM BRANDS COMPANY    
5_SUTTON_2105,5,2105,Black Velvet Toasted Caramel,750mL,1,9.99,9.99,2024-09-10,750.0,1,0.79,1392,CONSTELLATION BRANDS INC   
2_ASHBORNE_3893,2,3893,Zhenka 80 Proof,1.75L,2,19.98,9.99,2024-12-27,1750.0,1,3.67,9552,M S WALKER INC             
69_MOUNTMEND_3836,69,3836,Smirnoff Citrus Vodka,750mL,1,12.99,12.99,2024-06-28,750.0,1,0.79,3960,DIAGEO NORTH AMERICA INC   
50_MOUNTMEND_6351,50,6351,Kendall Jackson Vntr RSV Cab,750mL,1,16.99,16.99,2024-04-25,750.0,2,0.11,10000,MAJESTIC FINE WINES        
65_LUTON_40545,65,40545,Whitehaven Svgn Bl Marlboro,750mL,1,14.99,14.99,2024-06-21,750.0,2,0.11,3252,E & J GALLO WINERY         
32_MOUNTMEND_26945,32,26945,Ferrari-Carano Fume Bl,750mL,2,27.98,13.99,2024-10-20,750.0,2,0.22,2000,SOUTHERN WINE & SPIRITS NE 
76_DONCASTER_29810,76,29810,Fess Parker Chard,750mL,1,15.99,15.99,2024-01-12,750.0,2,0.11,7153,PINE STATE TRADING CO      
14_BROMWICH_2164,14,2164,New Amsterdam Gin,1.75L,3,56.97,18.99,2024-10-08,1750.0,1,5.51,3252,E & J GALLO WINERY         
78_EASTHAVEN_1789,78,1789,Jack Daniels Tennesse Fire,750mL,1,22.99,22.99,2024-05-31,750.0,1,0.79,1128,BROWN-FORMAN CORP          
13_TARMSWORTH_6385,13,6385,Fetzer Sundial Chard,1.5L,4,39.96,9.99,2024-02-29,1500.0,2,0.9,9165,ULTRA BEVERAGE COMPANY LLP 
49_GARIGILL_1961,49,1961,Everclear 151,1.75L,2,65.98,32.99,2024-12-10,1750.0,1,3.67,8352,LUXCO INC                  
6_GOULCREST_2757,6,2757,Johnnie Walker Red Label,1.75L,1,29.99,29.99,2024-03-11,1750.0,1,1.84,3960,DIAGEO NORTH AMERICA INC   
34_PITMERDEN_1378,34,1378,Jim Beam,375mL,5,47.45,9.49,2024-09-09,375.0,1,1.97,12546,JIM BEAM BRANDS COMPANY    
17_OLDHAM_4330,17,4330,Capt Morgan Spiced Rum 100,1.75L,1,26.99,26.99,2024-12-31,1750.0,1,1.84,3960,DIAGEO NORTH AMERICA INC   
34_PITMERDEN_5003,34,5003,Brinley Shipwreck Coconut Cr,50mL,4,3.96,0.99,2024-09-22,50.0,1,0.21,9165,ULTRA BEVERAGE COMPANY LLP 
25_CAERSHIRE_8498,25,8498,R M Woodbridge Svgn Bl Cal,1.5L,3,29.97,9.99,2024-09-01,1500.0,2,0.68,1392,CONSTELLATION BRANDS INC   
1_HARDERSFIELD_3458,1,3458,Ciroc Amaretto Vodka,750mL,1,19.99,19.99,2024-01-09,750.0,1,0.79,3960,DIAGEO NORTH AMERICA INC   
66_EANVERNESS_20180,66,20180,Rosatello Sw Sparkling Rose,750mL,1,13.99,13.99,2024-02-09,750.0,2,0.11,1392,CONSTELLATION BRANDS INC   
67_EANVERNESS_25711,67,25711,Alexander Vly Vyd Cab Svgn,750mL,1,15.99,15.99,2024-04-01,750.0,2,0.11,7153,PINE STATE TRADING CO      
37_PAETHSMOUTH_4265,37,4265,Capt Morgan Spiced Rum,375mL,1,10.99,10.99,2024-11-12,375.0,1,0.39,3960,DIAGEO NORTH AMERICA INC   
68_SOLARIS_3694,68,3694,Stolichnaya Razberi,750mL,2,39.98,19.99,2024-06-09,750.0,1,1.57,8664,"STOLI GROUP,(USA) LLC      "
75_BARNCOMBE_12216,75,12216,Da Vinci Pnt Grigio,750mL,1,9.99,9.99,2024-08-10,750.0,2,0.11,3252,E & J GALLO WINERY         
30_CULCHETH_5820,30,5820,Dr McGillicuddy's Peppermint,750mL,1,13.99,13.99,2024-09-24,750.0,1,0.79,8004,SAZERAC CO INC             
69_MOUNTMEND_5342,69,5342,Grand Marnier,750mL,1,29.99,29.99,2024-11-21,750.0,1,0.79,8112,MOET HENNESSY USA INC      
61_AETHELNEY_21019,61,21019,Black Box Pnt Nr,3L,1,18.99,18.99,2024-08-22,3000.0,2,0.45,1392,CONSTELLATION BRANDS INC   
33_HORNSEY_508,33,508,Bacardi Superior Rum,Liter,25,324.75,12.99,2024-09-19,1000.0,1,26.25,480,BACARDI USA INC            
69_MOUNTMEND_38850,69,38850,Ravenswood Vntrs Bl Cab Svgn,750mL,2,15.98,7.99,2024-11-23,750.0,2,0.22,1392,CONSTELLATION BRANDS INC   
28_LARNWICK_3893,28,3893,Zhenka 80 Proof,1.75L,2,19.98,9.99,2024-06-05,1750.0,1,3.67,9552,M S WALKER INC             
67_EANVERNESS_8296,67,8296,Knob Creek Smoked Maple,750mL,2,63.98,31.99,2024-11-11,750.0,1,1.57,12546,JIM BEAM BRANDS COMPANY    
64_CESTERFIELD_5767,64,5767,Jose Cuervo Strawberry Marg,1.75L,1,13.99,13.99,2024-02-20,1750.0,1,1.84,7245,PROXIMO SPIRITS INC.       
63_SWORDBREAK_4260,63,4260,Capt Morgan Original Barrel,1.75L,10,199.9,19.99,2024-07-01,1750.0,1,18.38,3960,DIAGEO NORTH AMERICA INC   
23_ARBINGTON_37827,23,37827,Yellow Tail Shiraz/Cab Ausl,750mL,1,7.99,7.99,2024-10-14,750.0,2,0.11,4425,MARTIGNETTI COMPANIES
40_BULLMAR_8346,40,8346,Marques de Riscal Rioja Red,750mL,2,31.98,15.99,2024-10-02,750.0,2,0.22,8320,SHAW ROSS INT L IMP LTD    
67_EANVERNESS_2120,67,2120,Canadian Club,1.75L,13,207.87,15.99,2024-08-28,1750.0,1,23.89,12546,JIM BEAM BRANDS COMPANY    
74_PAENTMARWY_15356,74,15356,Seaglass Pnt Nr,750mL,5,49.95,9.99,2024-12-17,750.0,2,0.56,8892,TRINCHERO FAMILY ESTATES   
73_DONCASTER_184,73,184,Hornitos Plata VAP,750mL,5,89.95,17.99,2024-05-06,750.0,1,3.94,12546,JIM BEAM BRANDS COMPANY    
48_NORFOLK_2418,48,2418,Crown Royal Regal Apple,750mL,2,45.98,22.99,2024-05-06,750.0,1,1.57,3960,DIAGEO NORTH AMERICA INC   
73_DONCASTER_3047,73,3047,Bully Boy Vodka,750mL,3,83.97,27.99,2024-05-29,750.0,1,2.36,1189,BULLY BOY DISTILLERS       
20_BREDWARDINE_41321,20,41321,Bogle Phantom Red Cal,750mL,3,56.97,18.99,2024-06-13,750.0,2,0.34,4425,MARTIGNETTI COMPANIES
8_ALNERWICK_8619,8,8619,Canadian Club,375mL,2,13.98,6.99,2024-12-03,375.0,1,0.79,12546,JIM BEAM BRANDS COMPANY    
17_OLDHAM_5597,17,5597,DeKuyper Watermelon Pucker,750mL,1,9.99,9.99,2024-08-22,750.0,1,0.79,12546,JIM BEAM BRANDS COMPANY    
24_PALPERROTH_6231,24,6231,Mumm Brut Prestige,750mL,1,14.79,14.79,2024-03-21,750.0,2,0.11,17035,PERNOD RICARD USA          
11_CARDEND_11698,11,11698,Lamberti Prosecco X Dry,750mL,1,11.99,11.99,2024-11-11,750.0,2,0.11,9744,FREDERICK WILDMAN & SONS   
53_HILLFAR_35472,53,35472,R M Woodbridge Pnt Grigio,1.5L,8,79.92,9.99,2024-11-07,1500.0,2,1.8,1392,CONSTELLATION BRANDS INC   
29_AYLESBURY_4267,29,4267,Bacardi Limon Rum,1.75L,1,23.99,23.99,2024-05-02,1750.0,1,1.84,480,BACARDI USA INC            
12_LEESIDE_24634,12,24634,Marques de Caceres RSV Red,750mL,1,15.99,15.99,2024-11-11,750.0,2,0.11,1587,VINEYARD BRANDS INC        
30_CULCHETH_3437,30,3437,Bombay Dry Gin,750mL,1,17.99,17.99,2024-06-28,750.0,1,0.79,480,BACARDI USA INC            
41_LARNWICK_46311,41,46311,Twisted Old Vine Znfdl,750mL,1,6.99,6.99,2024-11-02,750.0,2,0.11,2242,DELICATO VINEYARDS INC     
76_DONCASTER_27503,76,27503,Ch Ste Michelle Hrse Hvn Svg,750mL,1,10.99,10.99,2024-08-25,750.0,2,0.11,8673,STE MICHELLE WINE ESTATES  
22_SHARNWICK_6570,22,6570,Kendall Jackson Chard Vt RSV,750mL,2,21.98,10.99,2024-03-06,750.0,2,0.22,10000,MAJESTIC FINE WINES        
61_AETHELNEY_1921,61,1921,Glenfiddich Special Rsv 12,1.75L,1,69.99,69.99,2024-08-23,1750.0,1,1.84,3664,WILLIAM GRANT & SONS INC   
72_HARDERSFIELD_3606,72,3606,Smirnoff Raspberry Vodka,50mL,14,13.86,0.99,2024-03-29,50.0,1,0.74,3960,DIAGEO NORTH AMERICA INC   
64_CESTERFIELD_3243,64,3243,Burnetts Vodka,1.75L,4,41.96,10.49,2024-07-31,1750.0,1,7.35,3924,HEAVEN HILL DISTILLERIES   
66_EANVERNESS_20160,66,20160,F Coppola Sophia Chard,750mL,1,17.99,17.99,2024-08-01,750.0,2,0.11,2000,SOUTHERN WINE & SPIRITS NE 
15_WANBORNE_32368,15,32368,Cavit Pinot Noir Delle Vene,1.5L,13,129.87,9.99,2024-08-11,1500.0,2,2.92,6785,PALM BAY INTERNATIONAL INC 
25_CAERSHIRE_12650,25,12650,Harbor Town Svgn Bl,750mL,2,19.98,9.99,2024-12-28,750.0,2,0.22,9552,M S WALKER INC             
10_HORNSEY_17177,10,17177,Beringer Classic Merlot,1.5L,1,9.99,9.99,2024-04-09,1500.0,2,0.22,9819,TREASURY WINE ESTATES      
15_WANBORNE_36989,15,36989,Duck Pond Chard Wash,750mL,1,10.99,10.99,2024-07-28,750.0,2,0.11,10754,PERFECTA WINES             
47_PELLA'S WISH_3787,47,3787,Jose Cuervo Especial Silver,750mL,1,16.99,16.99,2024-05-23,750.0,1,0.79,7245,PROXIMO SPIRITS INC.       
42_BLACK HOLLOW_4268,42,4268,Capt Morgan Private Stock,750mL,1,22.99,22.99,2024-05-29,750.0,1,0.79,3960,DIAGEO NORTH AMERICA INC   
49_GARIGILL_25694,49,25694,Cornerstone Pnt Gris 13 Napa,750mL,1,9.99,9.99,2024-07-18,750.0,2,0.11,9165,ULTRA BEVERAGE COMPANY LLP 
20_BREDWARDINE_14393,20,14393,Ch Montaud Cotes de Prov Rse,750mL,2,25.98,12.99,2024-05-31,750.0,2,0.22,7153,PINE STATE TRADING CO      
20_BREDWARDINE_14475,20,14475,Belcreme de Lys Chard,750mL,1,9.99,9.99,2024-02-20,750.0,2,0.11,1590,DIAGEO CHATEAU ESTATE WINES
30_CULCHETH_3834,30,3834,Skyy Vodka,750mL,1,15.99,15.99,2024-04-05,750.0,1,0.79,11567,CAMPARI AMERICA            
2_ASHBORNE_8027,2,8027,Absolut Mandrin,50mL,5,9.95,1.99,2024-01-08,50.0,1,0.26,17035,PERNOD RICARD USA          
49_GARIGILL_4226,49,4226,Bacardi Superior Rum Trav,750mL,4,39.96,9.99,2024-07-22,750.0,1,3.15,480,BACARDI USA INC            
57_LANTEGLOS_2117,57,2117,Black Velvet Traveler,750mL,1,8.99,8.99,2024-06-08,750.0,1,0.79,1392,CONSTELLATION BRANDS INC   
15_WANBORNE_6937,15,6937,Cavit Pinot Grigio,1.5L,8,119.92,14.99,2024-01-04,1500.0,2,1.8,6785,PALM BAY INTERNATIONAL INC 
72_HARDERSFIELD_6937,72,6937,Cavit Pinot Grigio,1.5L,6,59.94,9.99,2024-12-12,1500.0,2,1.35,6785,PALM BAY INTERNATIONAL INC 
50_MOUNTMEND_8265,50,8265,Cockburns Fine Ruby Port,750mL,4,39.96,9.99,2024-01-07,750.0,2,0.45,7240,"PREMIUM PORT WINES, INC.   "
23_ARBINGTON_10443,23,10443,Charles Smith Kung Fu Girl R,750mL,1,11.99,11.99,2024-05-18,750.0,2,0.11,10754,PERFECTA WINES             
41_LARNWICK_16670,41,16670,Sweet Baby Vyds White Peach,750mL,1,11.99,11.99,2024-03-26,750.0,2,0.11,90056,SWEET BABY VINEYARD        
38_GOULCREST_19645,38,19645,Line 39 Pnt Nr,750mL,1,9.99,9.99,2024-02-05,750.0,2,0.11,7153,PINE STATE TRADING CO      
56_BEGGAR'S HOLE_8236,56,8236,Jim Beam,50mL,5,7.45,1.49,2024-07-27,50.0,1,0.26,12546,JIM BEAM BRANDS COMPANY    
23_ARBINGTON_34870,23,34870,Arca Nova Vinho Verde,750mL,1,8.99,8.99,2024-09-23,750.0,2,0.11,10754,PERFECTA WINES             
21_BALERNO_3476,21,3476,Reyka Vodka,750mL,1,19.99,19.99,2024-04-18,750.0,1,0.79,3664,WILLIAM GRANT & SONS INC   
63_SWORDBREAK_5539,63,5539,DeKuyper Hot Damn 100*,750mL,1,10.99,10.99,2024-06-09,750.0,1,0.79,12546,JIM BEAM BRANDS COMPANY    
76_DONCASTER_38635,76,38635,Cesari Mara Vino di Ripasso,750mL,1,17.99,17.99,2024-10-21,750.0,2,0.11,9165,ULTRA BEVERAGE COMPANY LLP 
7_STANMORE_2587,7,2587,Jameson Irish Whiskey,375mL,2,37.98,18.99,2024-07-21,375.0,1,0.79,17035,PERNOD RICARD USA          
22_SHARNWICK_3329,22,3329,Seagrams Extra Smooth Vodka,1.75L,1,15.99,15.99,2024-11-06,1750.0,1,1.84,9165,ULTRA BEVERAGE COMPANY LLP 
66_EANVERNESS_5101,66,5101,Dr McGillicuddy's Mentholmnt,750mL,2,27.98,13.99,2024-02-14,750.0,1,1.57,8004,SAZERAC CO INC             
66_EANVERNESS_2686,66,2686,AnCnoc 12 Yr Old Scotch,750mL,2,75.98,37.99,2024-11-12,750.0,1,1.57,8004,SAZERAC CO INC             
34_PITMERDEN_40097,34,40097,Black Box Chard,3L,1,18.99,18.99,2024-11-23,3000.0,2,0.45,1392,CONSTELLATION BRANDS INC   
10_HORNSEY_4670,10,4670,Bacardi Dragon Berry Rum,375mL,1,5.99,5.99,2024-03-07,375.0,1,0.39,480,BACARDI USA INC            
76_DONCASTER_28147,76,28147,Kris Pnt Grigio Alto Adige,750mL,11,120.89,10.99,2024-12-30,750.0,2,1.24,2000,SOUTHERN WINE & SPIRITS NE 
41_LARNWICK_8450,41,8450,E & J Brandy VS,1.75L,1,19.99,19.99,2024-10-12,1750.0,1,1.84,3252,E & J GALLO WINERY         
76_DONCASTER_43662,76,43662,L'Ecole No 41 Cab Svgn Clmba,750mL,1,30.99,30.99,2024-10-08,750.0,2,0.11,10754,PERFECTA WINES             
63_SWORDBREAK_36874,63,36874,Yellow Tail Merlot Ausl,750mL,2,13.98,6.99,2024-01-12,750.0,2,0.22,4425,MARTIGNETTI COMPANIES
45_VERITAS_1180,45,1180,Evan Williams Black Label B,1.75L,1,17.99,17.99,2024-01-08,1750.0,1,1.84,3924,HEAVEN HILL DISTILLERIES   
49_GARIGILL_7948,49,7948,Bayou Silver Rum,50mL,1,0.99,0.99,2024-11-16,50.0,1,0.05,8664,"STOLI GROUP,(USA) LLC      "
51_ABERDEEN_8455,51,8455,R Mondavi Fume Bl Napa Vly,750mL,1,14.99,14.99,2024-11-25,750.0,2,0.11,1392,CONSTELLATION BRANDS INC   
34_PITMERDEN_2149,34,2149,Canadian Ltd Traveler,750mL,1,6.99,6.99,2024-10-11,750.0,1,0.79,660,SAZERAC NORTH AMERICA INC. 
45_VERITAS_32796,45,32796,Warre's Otima 10-Yr Tawny,500mL,1,21.99,21.99,2024-09-16,500.0,2,0.08,1587,VINEYARD BRANDS INC        
61_AETHELNEY_3670,61,3670,Kinky Vodka,750mL,1,15.99,15.99,2024-05-29,750.0,1,0.79,7153,PINE STATE TRADING CO      
41_LARNWICK_3343,41,3343,Bombay Sapphire Gin,375mL,1,12.99,12.99,2024-06-19,375.0,1,0.39,480,BACARDI USA INC            
17_OLDHAM_2170,17,2170,Woodford Reserve Bourbon,50mL,1,3.49,3.49,2024-07-22,50.0,1,0.05,1128,BROWN-FORMAN CORP          
50_MOUNTMEND_8265,50,8265,Cockburns Fine Ruby Port,750mL,1,9.99,9.99,2024-08-08,750.0,2,0.11,7240,"PREMIUM PORT WINES, INC.   "
10_HORNSEY_8327,10,8327,Jose Cuervo Silver w/Marg Mx,750mL,1,16.99,16.99,2024-05-04,750.0,1,0.79,7245,PROXIMO SPIRITS INC.       
46_TYWARDREATH_6655,46,6655,Carlo Rossi Paisano Calif,1.5L,1,6.99,6.99,2024-05-27,1500.0,2,0.22,3252,E & J GALLO WINERY         
66_EANVERNESS_1905,66,1905,Ole Smoky Margrita Moonshine,750mL,2,33.98,16.99,2024-04-29,750.0,1,1.57,6359,OLE SMOKY DISTILLERY LLC   
34_PITMERDEN_25202,34,25202,Rosenblum R Sauret Zinfandel,750mL,1,11.99,11.99,2024-06-15,750.0,2,0.11,1590,DIAGEO CHATEAU ESTATE WINES
67_EANVERNESS_3979,67,3979,Vesica Potato Vodka,1.75L,2,33.98,16.99,2024-10-15,1750.0,1,3.67,60,ADAMBA IMPORTS INTL INC    
8_ALNERWICK_5708,8,5708,Dr McGillicuddy's Root Beer,50mL,1,0.99,0.99,2024-05-29,50.0,1,0.05,8004,SAZERAC CO INC             
34_PITMERDEN_10735,34,10735,Ch Beauchene Rose,750mL,2,27.98,13.99,2024-08-07,750.0,2,0.22,10754,PERFECTA WINES             
49_GARIGILL_22194,49,22194,Placido Pinot Grigio Venezi,1.5L,1,10.99,10.99,2024-06-30,1500.0,2,0.22,516,BANFI PRODUCTS CORP        
27_MOUNTMEND_5191,27,5191,Fireball Cinnamon Whiskey,375mL,1,9.99,9.99,2024-07-27,375.0,1,0.39,8004,SAZERAC CO INC             
48_NORFOLK_1244,48,1244,Jack Daniels Winter Jack,750mL,2,31.98,15.99,2024-12-02,750.0,1,1.57,1128,BROWN-FORMAN CORP          
62_KILMARNOCK_40054,62,40054,Campo Viejo Tempranillo RSV,750mL,1,11.99,11.99,2024-12-24,750.0,2,0.11,17035,PERNOD RICARD USA          
14_BROMWICH_8691,14,8691,Jose Cuervo Especial,750mL,2,33.98,16.99,2024-09-01,750.0,1,1.57,7245,PROXIMO SPIRITS INC.       
38_GOULCREST_14632,38,14632,Dom Serene Evenstad 11 Pnt N,750mL,8,471.92,58.99,2024-10-28,750.0,2,0.9,9165,ULTRA BEVERAGE COMPANY LLP 
68_SOLARIS_1366,68,1366,Red Stag by Jim Beam,50mL,6,7.74,1.29,2024-12-05,50.0,1,0.32,12546,JIM BEAM BRANDS COMPANY    
2_ASHBORNE_28889,2,28889,Peter Vella Chard Cal B/B,5L,1,15.49,15.49,2024-10-29,5000.0,2,0.75,3252,E & J GALLO WINERY         
18_FURNESS_3243,18,3243,Burnetts Vodka,1.75L,6,62.94,10.49,2024-07-24,1750.0,1,11.02,3924,HEAVEN HILL DISTILLERIES   
28_LARNWICK_34428,28,34428,Frei Bros RSV Chard RRV,750mL,2,31.98,15.99,2024-06-02,750.0,2,0.22,3252,E & J GALLO WINERY         
27_MOUNTMEND_3835,27,3835,Smirnoff Raspberry Vodka,750mL,1,10.99,10.99,2024-03-31,750.0,1,0.79,3960,DIAGEO NORTH AMERICA INC   
76_DONCASTER_45848,76,45848,Kendall Jackson Summation Re,750mL,11,109.89,9.99,2024-11-22,750.0,2,1.24,10000,MAJESTIC FINE WINES        
25_CAERSHIRE_26606,25,26606,Loredona Moscato Monterey,750mL,2,11.98,5.99,2024-09-12,750.0,2,0.22,2242,DELICATO VINEYARDS INC     
69_MOUNTMEND_11149,69,11149,Napa Cellars Svgn Bl,750mL,1,15.99,15.99,2024-10-08,750.0,2,0.11,8892,TRINCHERO FAMILY ESTATES   
32_MOUNTMEND_12111,32,12111,LaBelle Winery Cranberry,750mL,6,95.94,15.99,2024-03-17,750.0,2,0.68,90032,LABELLE VYDS AND WINERY    
41_LARNWICK_4218,41,4218,Sailor Jerry Spiced Navy Rum,750mL,2,33.98,16.99,2024-07-24,750.0,1,1.57,3664,WILLIAM GRANT & SONS INC   
77_TAMWORTH_3040,77,3040,Tito's Handmade Vodka,Liter,1,23.99,23.99,2024-12-09,1000.0,1,1.05,4425,MARTIGNETTI COMPANIES
50_MOUNTMEND_2645,50,2645,Chivas Regal,750mL,1,31.99,31.99,2024-07-06,750.0,1,0.79,17035,PERNOD RICARD USA          
66_EANVERNESS_6015,66,6015,Jackson Morgan Salted Carmel,750mL,3,74.97,24.99,2024-11-25,750.0,1,2.36,4425,MARTIGNETTI COMPANIES
76_DONCASTER_4722,76,4722,Remy Martin VSOP Cognac,750mL,1,40.99,40.99,2024-05-05,750.0,1,0.79,7239,REMY COINTREAU USA INC     
38_GOULCREST_4103,38,4103,Capt Morgan White,750mL,1,14.99,14.99,2024-07-04,750.0,1,0.79,3960,DIAGEO NORTH AMERICA INC   
34_PITMERDEN_6984,34,6984,Kendall Jackson Vntrs RSV Me,750mL,4,63.96,15.99,2024-12-17,750.0,2,0.45,10000,MAJESTIC FINE WINES        
60_IRRAGIN_16727,60,16727,Bitch Grenache Aragon,750mL,1,13.99,13.99,2024-08-19,750.0,2,0.11,4425,MARTIGNETTI COMPANIES
12_LEESIDE_3172,12,3172,Skyy Infusions Blood Orange,750mL,1,12.99,12.99,2024-06-19,750.0,1,0.79,11567,CAMPARI AMERICA            
1_HARDERSFIELD_6579,1,6579,J Lohr Riverstone Chard,750mL,1,10.99,10.99,2024-01-17,750.0,2,0.11,4425,MARTIGNETTI COMPANIES
62_KILMARNOCK_1982,62,1982,Herradura Silver Tequila,375mL,1,16.99,16.99,2024-10-21,375.0,1,0.39,1128,BROWN-FORMAN CORP          
21_BALERNO_6692,21,6692,Jaboulet Cotes du Rhone Par,750mL,1,9.95,9.95,2024-01-30,750.0,2,0.11,9744,FREDERICK WILDMAN & SONS   
64_CESTERFIELD_4705,64,4705,Blue Chair Bay Banana Rum,50mL,1,0.99,0.99,2024-01-01,50.0,1,0.05,6213,MHW LTD                    
69_MOUNTMEND_26361,69,26361,Prophecy Red Blend,750mL,1,7.99,7.99,2024-10-06,750.0,2,0.11,3252,E & J GALLO WINERY         
15_WANBORNE_13665,15,13665,Josh Cellars Chard,750mL,4,51.96,12.99,2024-02-17,750.0,2,0.45,4425,MARTIGNETTI COMPANIES
21_BALERNO_13854,21,13854,Mark West Pnt Nr RRV,750mL,1,16.99,16.99,2024-12-22,750.0,2,0.11,1392,CONSTELLATION BRANDS INC   
51_ABERDEEN_4265,51,4265,Capt Morgan Spiced Rum,375mL,1,10.99,10.99,2024-07-23,375.0,1,0.39,3960,DIAGEO NORTH AMERICA INC   
67_EANVERNESS_3315,67,3315,Smirnoff Sorbet Rasp/Pomegra,50mL,6,5.94,0.99,2024-10-07,50.0,1,0.32,3960,DIAGEO NORTH AMERICA INC   
64_CESTERFIELD_171,64,171,Gentleman Jack,1.75L,1,49.99,49.99,2024-08-02,1750.0,1,1.84,1128,BROWN-FORMAN CORP          
5_SUTTON_21985,5,21985,Menage a Trois Midnight,750mL,1,10.99,10.99,2024-03-11,750.0,2,0.11,8892,TRINCHERO FAMILY ESTATES   
75_BARNCOMBE_6655,75,6655,Carlo Rossi Paisano Calif,1.5L,1,6.99,6.99,2024-05-21,1500.0,2,0.22,3252,E & J GALLO WINERY         
52_GRAYCOTT_77,52,77,Three Olives Espresso Vodka,750mL,1,12.99,12.99,2024-07-03,750.0,1,0.79,7245,PROXIMO SPIRITS INC.       
34_PITMERDEN_5090,34,5090,El Charro Silver Tequila,750mL,4,59.96,14.99,2024-08-01,750.0,1,3.15,8004,SAZERAC CO INC             
78_EASTHAVEN_13258,78,13258,ChocoVine,750mL,1,9.99,9.99,2024-12-01,750.0,2,0.11,9165,ULTRA BEVERAGE COMPANY LLP 
41_LARNWICK_1385,41,1385,Makers Mark,750mL,6,167.94,27.99,2024-10-28,750.0,1,4.72,12546,JIM BEAM BRANDS COMPANY    
71_CLARCTON_3154,71,3154,New Amsterdam Peach Vodka,750mL,1,9.99,9.99,2024-04-05,750.0,1,0.79,3252,E & J GALLO WINERY         
31_HORNSEY_3485,31,3485,Luksusowa Potato Vodka,1.75L,1,19.99,19.99,2024-11-16,1750.0,1,1.84,4425,MARTIGNETTI COMPANIES
21_BALERNO_7143,21,7143,Smirnoff Watermelon Vodka,1.75L,1,19.99,19.99,2024-08-03,1750.0,1,1.84,3960,DIAGEO NORTH AMERICA INC   
76_DONCASTER_4181,76,4181,Calypso Spiced Rum,1.75L,4,43.96,10.99,2024-10-22,1750.0,1,7.35,660,SAZERAC NORTH AMERICA INC. 
76_DONCASTER_28081,76,28081,Gandia Hoya de Cadenas RSV,750mL,1,7.99,7.99,2024-08-30,750.0,2,0.11,7153,PINE STATE TRADING CO      
55_DRY GULCH_1330,55,1330,Grey Goose Glass Pack,1.75L,4,199.96,49.99,2024-11-09,1750.0,1,7.35,480,BACARDI USA INC            
43_WOLFORD_33038,43,33038,Beringer Fndrs Est Chard,1.5L,1,18.99,18.99,2024-10-25,1500.0,2,0.22,9819,TREASURY WINE ESTATES      
21_BALERNO_43292,21,43292,Fish Eye Pnt Grigio,1.5L,1,9.99,9.99,2024-04-12,1500.0,2,0.22,9815,WINE GROUP INC             
33_HORNSEY_4227,33,4227,Bacardi Superior Rum Trav,1.75L,7,125.93,17.99,2024-01-29,1750.0,1,12.86,480,BACARDI USA INC            
56_BEGGAR'S HOLE_8103,56,8103,Sauza Gold Tequila,50mL,2,1.98,0.99,2024-06-16,50.0,1,0.1,12546,JIM BEAM BRANDS COMPANY    
39_EASTHALLOW_4478,39,4478,Myers Original Dark Rum,750mL,1,17.99,17.99,2024-09-24,750.0,1,0.79,3960,DIAGEO NORTH AMERICA INC   
66_EANVERNESS_2518,66,2518,Woodford Reserve Double Oak,750mL,1,49.99,49.99,2024-01-03,750.0,1,0.79,1128,BROWN-FORMAN CORP          
60_IRRAGIN_5076,60,5076,M Duffau Napoleon Armagnac,750mL,1,35.99,35.99,2024-01-03,750.0,1,0.79,10754,PERFECTA WINES             
5_SUTTON_8236,5,8236,Jim Beam,50mL,2,2.98,1.49,2024-02-15,50.0,1,0.1,12546,JIM BEAM BRANDS COMPANY    
63_SWORDBREAK_3348,63,3348,Bombay Sapphire Gin,1.75L,5,149.95,29.99,2024-06-09,1750.0,1,9.19,480,BACARDI USA INC            
61_AETHELNEY_5765,61,5765,Jose Cuervo Lime Margarita,1.75L,2,27.98,13.99,2024-05-28,1750.0,1,3.67,7245,PROXIMO SPIRITS INC.       
4_EANVERNESS_2117,4,2117,Black Velvet Traveler,750mL,2,17.98,8.99,2024-10-14,750.0,1,1.57,1392,CONSTELLATION BRANDS INC   
33_HORNSEY_610,33,610,Moillard Pnt Nr Bourgogne,750mL,1,20.99,20.99,2024-10-14,750.0,2,0.11,10754,PERFECTA WINES             
38_GOULCREST_15255,38,15255,Bota Mini Pnt Grigio,500mL,1,3.99,3.99,2024-07-27,500.0,2,0.08,2242,DELICATO VINEYARDS INC     
7_STANMORE_5447,7,5447,Jagermeister Liqueur,375mL,3,29.97,9.99,2024-03-18,375.0,1,1.18,3089,SIDNEY FRANK IMPORTING CO  
9_BLACKPOOL_8236,9,8236,Jim Beam,50mL,2,2.98,1.49,2024-07-21,50.0,1,0.1,12546,JIM BEAM BRANDS COMPANY    
68_SOLARIS_8567,68,8567,Cribari Chianti,3L,3,29.97,9.99,2024-01-02,3000.0,2,1.35,1392,CONSTELLATION BRANDS INC   
55_DRY GULCH_12663,55,12663,Zin 91 Old Vine Znfdl CA,750mL,2,15.98,7.99,2024-07-13,750.0,2,0.22,9165,ULTRA BEVERAGE COMPANY LLP 
67_EANVERNESS_4550,67,4550,E & J XO Brandy,750mL,1,12.99,12.99,2024-02-11,750.0,1,0.79,3252,E & J GALLO WINERY         
55_DRY GULCH_3547,55,3547,Ketel One Vodka,50mL,4,11.16,2.79,2024-03-10,50.0,1,0.21,3960,DIAGEO NORTH AMERICA INC   
60_IRRAGIN_26827,60,26827,Cavit Merlot Trentino,1.5L,6,59.94,9.99,2024-08-25,1500.0,2,1.35,6785,PALM BAY INTERNATIONAL INC 
17_OLDHAM_3694,17,3694,Stolichnaya Razberi,750mL,2,33.98,16.99,2024-12-31,750.0,1,1.57,8664,"STOLI GROUP,(USA) LLC      "
31_HORNSEY_8626,31,8626,Ezra Brooks,1.75L,3,53.97,17.99,2024-02-04,1750.0,1,5.51,8352,LUXCO INC                  
48_NORFOLK_6660,48,6660,Carlo Rossi Paisano Calif,4L,4,59.96,14.99,2024-12-01,4000.0,2,2.4,3252,E & J GALLO WINERY         
52_GRAYCOTT_4201,52,4201,Calico Jack Silver Rum,1.75L,1,12.99,12.99,2024-12-16,1750.0,1,1.84,12546,JIM BEAM BRANDS COMPANY    
59_CLAETHORPES_3025,59,3025,Ciroc Snap Frost Vodka,375mL,60,719.4,11.99,2024-09-21,375.0,1,23.62,3960,DIAGEO NORTH AMERICA INC   
45_VERITAS_3123,45,3123,Booths London Dry Gin,1.75L,1,14.99,14.99,2024-05-21,1750.0,1,1.84,3960,DIAGEO NORTH AMERICA INC   
6_GOULCREST_4876,6,4876,Skyy Infusion Tropical Mango,750mL,1,12.99,12.99,2024-09-30,750.0,1,0.79,11567,CAMPARI AMERICA            
12_LEESIDE_32907,12,32907,Sterling Vintners Cltn Chard,750mL,1,7.99,7.99,2024-12-16,750.0,2,0.11,1590,DIAGEO CHATEAU ESTATE WINES
50_MOUNTMEND_42663,50,42663,Beringer Fndr Est Pnt Grigio,750mL,1,8.99,8.99,2024-12-20,750.0,2,0.11,9819,TREASURY WINE ESTATES      
55_DRY GULCH_3727,55,3727,Absolut Citron,50mL,1,1.99,1.99,2024-03-26,50.0,1,0.05,17035,PERNOD RICARD USA          
5_SUTTON_13940,5,13940,Black Box Malbec,3L,1,22.99,22.99,2024-03-12,3000.0,2,0.45,1392,CONSTELLATION BRANDS INC   
39_EASTHALLOW_8386,39,8386,Dry Sack Sherry,750mL,2,26.98,13.49,2024-08-25,750.0,1,1.57,6785,PALM BAY INTERNATIONAL INC 
19_WINTERVALE_8023,19,8023,DeKuyper Triple Sec,750mL,3,14.97,4.99,2024-07-28,750.0,1,2.36,12546,JIM BEAM BRANDS COMPANY    
40_BULLMAR_15503,40,15503,Opici Sangria,3L,1,13.99,13.99,2024-03-04,3000.0,2,0.45,9165,ULTRA BEVERAGE COMPANY LLP 
56_BEGGAR'S HOLE_5739,56,5739,Malibu Rum,50mL,2,3.98,1.99,2024-01-09,50.0,1,0.1,17035,PERNOD RICARD USA          
7_STANMORE_6649,7,6649,Wente Morning Fog Chard,750mL,2,23.98,11.99,2024-02-12,750.0,2,0.22,2000,SOUTHERN WINE & SPIRITS NE 
50_MOUNTMEND_3107,50,3107,Don Julio 70th Anniversary,750mL,1,66.99,66.99,2024-11-18,750.0,1,0.79,3960,DIAGEO NORTH AMERICA INC   
39_EASTHALLOW_8082,39,8082,Baileys Irish Cream,1.75L,1,29.99,29.99,2024-10-08,1750.0,1,1.84,3960,DIAGEO NORTH AMERICA INC   
19_WINTERVALE_4330,19,4330,Capt Morgan Spiced Rum 100,1.75L,2,53.98,26.99,2024-11-13,1750.0,1,3.67,3960,DIAGEO NORTH AMERICA INC   
38_GOULCREST_35646,38,35646,D'Arenberg Footbolt Shiraz,750mL,2,37.98,18.99,2024-06-03,750.0,2,0.22,4425,MARTIGNETTI COMPANIES
73_DONCASTER_26236,73,26236,Marques de Caceres Rose,750mL,1,8.99,8.99,2024-03-06,750.0,2,0.11,1587,VINEYARD BRANDS INC        
78_EASTHAVEN_8023,78,8023,DeKuyper Triple Sec,750mL,11,49.39,4.49,2024-06-25,750.0,1,8.66,12546,JIM BEAM BRANDS COMPANY    
48_NORFOLK_7715,48,7715,Andre Extra Dry,750mL,1,5.49,5.49,2024-08-11,750.0,2,0.11,3252,E & J GALLO WINERY         
38_GOULCREST_27350,38,27350,Almaden Cab Svgn Cal B/B,5L,1,15.99,15.99,2024-02-02,5000.0,2,0.75,9815,WINE GROUP INC             
23_ARBINGTON_8413,23,8413,St Elder Elderflower Liqueur,750mL,1,17.99,17.99,2024-04-23,750.0,1,0.79,9552,M S WALKER INC             
52_GRAYCOTT_5536,52,5536,St Brendans Irish Cream,50mL,3,4.47,1.49,2024-05-27,50.0,1,0.16,8352,LUXCO INC                  
52_GRAYCOTT_1378,52,1378,Jim Beam,375mL,1,9.49,9.49,2024-12-31,375.0,1,0.39,12546,JIM BEAM BRANDS COMPANY    
48_NORFOLK_3244,48,3244,Burnetts Vodka,750mL,1,6.99,6.99,2024-09-13,750.0,1,0.79,3924,HEAVEN HILL DISTILLERIES   
70_KELD_7341,70,7341,Smirnoff Watermelon,50mL,12,11.88,0.99,2024-11-23,50.0,1,0.63,3960,DIAGEO NORTH AMERICA INC   
41_LARNWICK_3921,41,3921,Espolon Reposado Tequila,750mL,2,47.98,23.99,2024-11-04,750.0,1,1.57,11567,CAMPARI AMERICA            
47_PELLA'S WISH_6694,47,6694,Lindemans Bin 65 Chard,750mL,3,23.97,7.99,2024-01-29,750.0,2,0.34,4425,MARTIGNETTI COMPANIES
1_HARDERSFIELD_3834,1,3834,Skyy Vodka,750mL,2,25.98,12.99,2024-12-03,750.0,1,1.57,11567,CAMPARI AMERICA            
55_DRY GULCH_3982,55,3982,Hornitos Reposado Tequila,750mL,3,62.97,20.99,2024-04-22,750.0,1,2.36,12546,JIM BEAM BRANDS COMPANY    
71_CLARCTON_3314,71,3314,El Jimador Blanco Tequila,1.75L,2,53.98,26.99,2024-07-22,1750.0,1,3.67,1128,BROWN-FORMAN CORP          
69_MOUNTMEND_44943,69,44943,Sanford Santa Barbara Chard,750mL,1,15.99,15.99,2024-05-14,750.0,2,0.11,4425,MARTIGNETTI COMPANIES
50_MOUNTMEND_29942,50,29942,Livingston Merlot Cal,3L,1,12.99,12.99,2024-12-07,3000.0,2,0.45,3252,E & J GALLO WINERY         
41_LARNWICK_6967,41,6967,Santa Margherita Pnt Grigio,750mL,2,41.98,20.99,2024-05-14,750.0,2,0.22,4425,MARTIGNETTI COMPANIES
53_HILLFAR_3606,53,3606,Smirnoff Raspberry Vodka,50mL,30,29.7,0.99,2024-06-09,50.0,1,1.57,3960,DIAGEO NORTH AMERICA INC   
68_SOLARIS_16289,68,16289,Barefoot Bubbly Pink Moscato,750mL,2,13.9,6.95,2024-08-05,750.0,2,0.22,3252,E & J GALLO WINERY         
76_DONCASTER_14622,76,14622,La Marca Prosecco,750mL,8,103.92,12.99,2024-05-08,750.0,2,0.9,3252,E & J GALLO WINERY         
21_BALERNO_3787,21,3787,Jose Cuervo Especial Silver,750mL,1,16.99,16.99,2024-01-30,750.0,1,0.79,7245,PROXIMO SPIRITS INC.       
50_MOUNTMEND_3347,50,3347,Milagro Silver Tequila,1.75L,3,134.97,44.99,2024-11-23,1750.0,1,5.51,3664,WILLIAM GRANT & SONS INC   
59_CLAETHORPES_20167,59,20167,Plungerhead Lodi Cab Svgn,750mL,2,27.98,13.99,2024-09-29,750.0,2,0.22,653,STATE WINE & SPIRITS   
4_EANVERNESS_1397,4,1397,Jim Beam Kentucky Fire,750mL,2,29.98,14.99,2024-05-27,750.0,1,1.57,12546,JIM BEAM BRANDS COMPANY    
48_NORFOLK_1233,48,1233,Jack Daniels No 7 Black,1.75L,15,524.85,34.99,2024-12-29,1750.0,1,27.56,1128,BROWN-FORMAN CORP          
28_LARNWICK_2122,28,2122,Canadian Club 1858,750mL,1,10.99,10.99,2024-12-24,750.0,1,0.79,12546,JIM BEAM BRANDS COMPANY    
58_HARTLEPOOL_1366,58,1366,Red Stag by Jim Beam,50mL,4,5.16,1.29,2024-12-01,50.0,1,0.21,12546,JIM BEAM BRANDS COMPANY    
50_MOUNTMEND_538,50,538,Amaretto DiSaronno,375mL,2,25.98,12.99,2024-09-03,375.0,1,0.79,2555,DISARONNO INTERNATIONAL LLC
58_HARTLEPOOL_21004,58,21004,Castle Rock Pnt Nr Carneros,750mL,3,23.97,7.99,2024-06-17,750.0,2,0.34,4425,MARTIGNETTI COMPANIES
6_GOULCREST_3356,6,3356,Svedka Vodka,375mL,2,11.98,5.99,2024-08-04,375.0,1,0.79,1392,CONSTELLATION BRANDS INC   
38_GOULCREST_6980,38,6980,Midnight Moon Blueberry,750mL,1,19.99,19.99,2024-10-15,750.0,1,0.79,9165,ULTRA BEVERAGE COMPANY LLP 
73_DONCASTER_29169,73,29169,Franzia Tap Merlot,5L,2,35.98,17.99,2024-12-30,5000.0,2,1.5,9815,WINE GROUP INC             
46_TYWARDREATH_1767,46,1767,Buffalo Trace Bourbon,750mL,1,24.99,24.99,2024-03-15,750.0,1,0.79,8004,SAZERAC CO INC             
73_DONCASTER_23143,73,23143,Bogle Chard,750mL,27,242.73,8.99,2024-08-21,750.0,2,3.04,4425,MARTIGNETTI COMPANIES
63_SWORDBREAK_2041,63,2041,Redbreast 15 Yr Old Irish,750mL,1,89.99,89.99,2024-03-26,750.0,1,0.79,17035,PERNOD RICARD USA          
66_EANVERNESS_38772,66,38772,Rob Stuart Big Fire Pnt Nr,750mL,5,84.95,16.99,2024-01-16,750.0,2,0.56,653,STATE WINE & SPIRITS   
14_BROMWICH_3545,14,3545,Ketel One Vodka,1.75L,1,31.99,31.99,2024-08-09,1750.0,1,1.84,3960,DIAGEO NORTH AMERICA INC   
50_MOUNTMEND_2170,50,2170,Woodford Reserve Bourbon,50mL,4,13.96,3.49,2024-10-26,50.0,1,0.21,1128,BROWN-FORMAN CORP          
73_DONCASTER_3591,73,3591,Absolut Vanilia,750mL,1,16.99,16.99,2024-08-19,750.0,1,0.79,17035,PERNOD RICARD USA          
54_GUTHRAM_38457,54,38457,Smoking Loon Pnt Nr,750mL,10,84.9,8.49,2024-08-23,750.0,2,1.12,9552,M S WALKER INC             
1_HARDERSFIELD_8111,1,8111,Smirnoff 80 Proof,50mL,11,10.89,0.99,2024-09-18,50.0,1,0.58,3960,DIAGEO NORTH AMERICA INC   
61_AETHELNEY_18010,61,18010,Cocobon Red,750mL,2,13.98,6.99,2024-12-14,750.0,2,0.22,9815,WINE GROUP INC             
1_HARDERSFIELD_33143,1,33143,Our Daily Red,750mL,1,8.99,8.99,2024-05-03,750.0,2,0.11,7153,PINE STATE TRADING CO      
76_DONCASTER_12685,76,12685,Brazin Old Vine Znfdl Lodi,750mL,1,13.99,13.99,2024-11-19,750.0,2,0.11,2242,DELICATO VINEYARDS INC     
33_HORNSEY_4683,33,4683,Hennessy VS Cognac,50mL,2,7.98,3.99,2024-03-12,50.0,1,0.1,8112,MOET HENNESSY USA INC      
19_WINTERVALE_8346,19,8346,Marques de Riscal Rioja Red,750mL,2,29.98,14.99,2024-11-23,750.0,2,0.22,8320,SHAW ROSS INT L IMP LTD    
11_CARDEND_4881,11,4881,Bacardi Twin Pack 2/750mls,750mL 2 Pk,8,159.92,19.99,2024-01-08,750.0,1,6.3,480,BACARDI USA INC            
28_LARNWICK_8296,28,8296,Knob Creek Smoked Maple,750mL,1,29.99,29.99,2024-10-21,750.0,1,0.79,12546,JIM BEAM BRANDS COMPANY    
69_MOUNTMEND_18868,69,18868,Josh Cellars Merlot,750mL,7,111.93,15.99,2024-01-30,750.0,2,0.79,4425,MARTIGNETTI COMPANIES
73_DONCASTER_2532,73,2532,The Macallan 12 Yr Old,1.75L,1,146.99,146.99,2024-12-17,1750.0,1,1.84,2561,EDRINGTON AMERICAS         
77_TAMWORTH_8170,77,8170,Courvoisier VS Cognac,50mL,4,11.96,2.99,2024-08-27,50.0,1,0.21,12546,JIM BEAM BRANDS COMPANY    
60_IRRAGIN_2149,60,2149,Canadian Ltd Traveler,750mL,2,13.98,6.99,2024-03-28,750.0,1,1.57,660,SAZERAC NORTH AMERICA INC. 
43_WOLFORD_31454,43,31454,Foxhorn SE Chard Australia,1.5L,3,20.97,6.99,2024-04-30,1500.0,2,0.68,9815,WINE GROUP INC             
25_CAERSHIRE_7985,25,7985,Noilly Prat Extra Dry Vermou,Liter,1,9.99,9.99,2024-04-11,1000.0,1,1.05,480,BACARDI USA INC            
47_PELLA'S WISH_5410,47,5410,Raspberry di Amore,750mL,1,9.99,9.99,2024-07-28,750.0,1,0.79,660,SAZERAC NORTH AMERICA INC. 
75_BARNCOMBE_6249,75,6249,Rodney Strong Chard,750mL,1,12.99,12.99,2024-08-18,750.0,2,0.11,4425,MARTIGNETTI COMPANIES
11_CARDEND_6967,11,6967,Santa Margherita Pnt Grigio,750mL,1,19.99,19.99,2024-12-15,750.0,2,0.11,4425,MARTIGNETTI COMPANIES
16_LUNDY_5445,16,5445,Jagermeister Liqueur,750mL,1,15.99,15.99,2024-09-30,750.0,1,0.79,3089,SIDNEY FRANK IMPORTING CO  
54_GUTHRAM_8910,54,8910,Finlandia Vodka,50mL,7,6.93,0.99,2024-12-03,50.0,1,0.37,1128,BROWN-FORMAN CORP          
41_LARNWICK_4858,41,4858,Kraken Black Spiced Rum,50mL,14,27.86,1.99,2024-12-23,50.0,1,0.74,7245,PROXIMO SPIRITS INC.       
49_GARIGILL_34947,49,34947,M Chiarlo Moscato D'Asti Ni,375mL,1,11.49,11.49,2024-06-20,375.0,2,0.06,4692,KOBRAND CORPORATION        
72_HARDERSFIELD_4817,72,4817,Skyy Infusions TX Grapefruit,750mL,1,12.99,12.99,2024-06-18,750.0,1,0.79,11567,CAMPARI AMERICA            
2_ASHBORNE_8450,2,8450,E & J Brandy VS,1.75L,1,19.99,19.99,2024-07-15,1750.0,1,1.84,3252,E & J GALLO WINERY         
25_CAERSHIRE_12235,25,12235,Murrieta's Well The Spur,750mL,1,21.99,21.99,2024-04-29,750.0,2,0.11,2000,SOUTHERN WINE & SPIRITS NE 
7_STANMORE_5750,7,5750,Malibu Rum Traveler,750mL,1,12.99,12.99,2024-11-22,750.0,1,0.79,17035,PERNOD RICARD USA          
69_MOUNTMEND_4315,69,4315,Rumson's Spiced Rum,750mL,1,29.99,29.99,2024-12-16,750.0,1,0.79,7153,PINE STATE TRADING CO      
73_DONCASTER_39348,73,39348,Sterling Vintners Cltn Pnt N,750mL,1,10.99,10.99,2024-04-06,750.0,2,0.11,1590,DIAGEO CHATEAU ESTATE WINES
51_ABERDEEN_3282,51,3282,Skyy Watermelon Fresca Vodka,50mL,1,0.99,0.99,2024-01-31,50.0,1,0.05,11567,CAMPARI AMERICA            
60_IRRAGIN_7341,60,7341,Smirnoff Watermelon,50mL,2,1.98,0.99,2024-02-20,50.0,1,0.1,3960,DIAGEO NORTH AMERICA INC   
81_PEMBROKE_2161,81,2161,Canadian Club Classic,750mL,1,19.99,19.99,2024-09-15,750.0,1,0.79,12546,JIM BEAM BRANDS COMPANY    
32_MOUNTMEND_3038,32,3038,Zhenka Raspberry Vodka,1.75L,1,8.99,8.99,2024-08-29,1750.0,1,1.84,9552,M S WALKER INC             
62_KILMARNOCK_44038,62,44038,Barefoot Pnt Grigio Cal,1.5L,1,11.99,11.99,2024-10-22,1500.0,2,0.22,3252,E & J GALLO WINERY         
58_HARTLEPOOL_1896,58,1896,The Glenlivet 18 Yr Single,750mL,1,109.99,109.99,2024-09-16,750.0,1,0.79,17035,PERNOD RICARD USA          
6_GOULCREST_3351,6,3351,Pinnacle Whipped Vodka,1.75L,1,16.99,16.99,2024-04-05,1750.0,1,1.84,12546,JIM BEAM BRANDS COMPANY    
73_DONCASTER_3915,73,3915,Sauza Silver Tequila,750mL,2,25.98,12.99,2024-09-23,750.0,1,1.57,12546,JIM BEAM BRANDS COMPANY    
41_LARNWICK_40332,41,40332,Terrazas RSV Malbec Mendoza,750mL,1,15.49,15.49,2024-11-13,750.0,2,0.11,8112,MOET HENNESSY USA INC      
8_ALNERWICK_3889,8,3889,Wolfschmidt Vodka Plastic,750mL,1,6.49,6.49,2024-02-12,750.0,1,0.79,8352,LUXCO INC                  
19_WINTERVALE_5458,19,5458,After Shock Hot & Cool Cinmn,750mL,1,17.99,17.99,2024-12-01,750.0,1,0.79,12546,JIM BEAM BRANDS COMPANY    
64_CESTERFIELD_4265,64,4265,Capt Morgan Spiced Rum,375mL,2,21.98,10.99,2024-12-16,375.0,1,0.79,3960,DIAGEO NORTH AMERICA INC   
33_HORNSEY_6455,33,6455,Folonari Pinot Grigio Venez,1.5L,8,95.92,11.99,2024-03-18,1500.0,2,1.8,9744,FREDERICK WILDMAN & SONS   
16_LUNDY_8726,16,8726,Baileys Irish Cream,50mL,1,1.99,1.99,2024-04-16,50.0,1,0.05,3960,DIAGEO NORTH AMERICA INC   
48_NORFOLK_4245,48,4245,Bacardi Superior Rum,750mL,3,35.97,11.99,2024-08-19,750.0,1,2.36,480,BACARDI USA INC            
70_KELD_3769,70,3769,Jenkins Vodka,1.75L,1,8.99,8.99,2024-12-24,1750.0,1,1.84,9552,M S WALKER INC             
20_BREDWARDINE_3745,20,3745,Taaka Vodka Traveler,750mL,3,14.97,4.99,2024-07-23,750.0,1,2.36,8004,SAZERAC CO INC             
55_DRY GULCH_44921,55,44921,Quinta do Crasto Douro Rd,750mL,1,14.99,14.99,2024-11-27,750.0,2,0.11,90024,VINILANDIA USA             
49_GARIGILL_5502,49,5502,RumChata Liqueur,50mL,10,9.9,0.99,2024-03-31,50.0,1,0.52,6213,MHW LTD                    
59_CLAETHORPES_23095,59,23095,Glen Ellen Cab Svgn RSV,1.5L,1,6.99,6.99,2024-10-11,1500.0,2,0.22,9815,WINE GROUP INC             
39_EASTHALLOW_7254,39,7254,Cribari Marsala,750mL,2,15.98,7.99,2024-08-23,750.0,2,0.22,1392,CONSTELLATION BRANDS INC   
64_CESTERFIELD_8103,64,8103,Sauza Gold Tequila,50mL,6,5.94,0.99,2024-08-10,50.0,1,0.32,12546,JIM BEAM BRANDS COMPANY    
41_LARNWICK_3798,41,3798,Ciroc Apple Vodka,750mL,4,95.96,23.99,2024-06-11,750.0,1,3.15,3960,DIAGEO NORTH AMERICA INC   
30_CULCHETH_3804,30,3804,Svedka Vodka,750mL,1,9.99,9.99,2024-06-28,750.0,1,0.79,1392,CONSTELLATION BRANDS INC   
77_TAMWORTH_8730,77,8730,Ruffino Orvieto Clsc,750mL,1,7.99,7.99,2024-05-29,750.0,1,0.79,1392,CONSTELLATION BRANDS INC   
72_HARDERSFIELD_5255,72,5255,TGI Fridays Ultimte Mudslide,1.75L,1,12.99,12.99,2024-04-09,1750.0,1,1.84,4466,AMERICAN VINTAGE BEVERAGE  
79_BALLYMENA_6351,79,6351,Kendall Jackson Vntr RSV Cab,750mL,3,50.97,16.99,2024-12-03,750.0,2,0.34,10000,MAJESTIC FINE WINES        
41_LARNWICK_37785,41,37785,Lindemans Bin 40 Merlot,1.5L,1,8.95,8.95,2024-10-23,1500.0,2,0.22,4425,MARTIGNETTI COMPANIES
38_GOULCREST_5706,38,5706,Gr Marnier Raspberry Peach,750mL,1,27.99,27.99,2024-12-20,750.0,1,0.79,8112,MOET HENNESSY USA INC      
13_TARMSWORTH_5890,13,5890,Godiva Wh Chocolate Liqueur,750mL,1,21.99,21.99,2024-12-31,750.0,1,0.79,3960,DIAGEO NORTH AMERICA INC   
8_ALNERWICK_5191,8,5191,Fireball Cinnamon Whiskey,375mL,2,19.98,9.99,2024-07-24,375.0,1,0.79,8004,SAZERAC CO INC             
15_WANBORNE_3725,15,3725,Three Olives Pomegranate,750mL,1,12.99,12.99,2024-11-15,750.0,1,0.79,7245,PROXIMO SPIRITS INC.       
31_HORNSEY_4226,31,4226,Bacardi Superior Rum Trav,750mL,2,27.98,13.99,2024-09-21,750.0,1,1.57,480,BACARDI USA INC            
19_WINTERVALE_11957,19,11957,Souverain Cab Svgn N Cst,750mL,1,9.99,9.99,2024-09-30,750.0,2,0.11,3252,E & J GALLO WINERY         
17_OLDHAM_6499,17,6499,Kinky Liqueur,750mL,1,16.99,16.99,2024-11-12,750.0,1,0.79,7153,PINE STATE TRADING CO      
76_DONCASTER_19395,76,19395,Adissat Gabrielle Ch du Pape,750mL,7,279.93,39.99,2024-01-29,750.0,2,0.79,4425,MARTIGNETTI COMPANIES
41_LARNWICK_4187,41,4187,Kraken Black Spiced Rum,750mL,1,17.99,17.99,2024-04-11,750.0,1,0.79,7245,PROXIMO SPIRITS INC.       
69_MOUNTMEND_3351,69,3351,Pinnacle Whipped Vodka,1.75L,1,16.99,16.99,2024-04-11,1750.0,1,1.84,12546,JIM BEAM BRANDS COMPANY    
13_TARMSWORTH_6876,13,6876,Sutter Home Clsc Chard,187mL 4 Pk,1,5.99,5.99,2024-08-05,187.0,2,0.03,8892,TRINCHERO FAMILY ESTATES   
73_DONCASTER_33326,73,33326,Jacobs Crk Shiraz,750mL,12,71.88,5.99,2024-12-30,750.0,2,1.35,17035,PERNOD RICARD USA          
69_MOUNTMEND_3488,69,3488,Tanqueray,750mL,3,65.97,21.99,2024-01-19,750.0,1,2.36,3960,DIAGEO NORTH AMERICA INC   
4_EANVERNESS_20357,4,20357,Apothic Dark,750mL,1,9.99,9.99,2024-02-13,750.0,2,0.11,3252,E & J GALLO WINERY         
61_AETHELNEY_35412,61,35412,Yellow Tail Chard Ausl,1.5L,3,26.85,8.95,2024-12-15,1500.0,2,0.68,4425,MARTIGNETTI COMPANIES
5_SUTTON_3368,5,3368,Pinnacle Grape Vodka,1.75L,1,16.99,16.99,2024-07-23,1750.0,1,1.84,12546,JIM BEAM BRANDS COMPANY    
58_HARTLEPOOL_6670,58,6670,Pinnacle Pineapple Vodka,750mL,1,10.99,10.99,2024-03-13,750.0,1,0.79,12546,JIM BEAM BRANDS COMPANY    
10_HORNSEY_2723,10,2723,J & B Rare,1.75L,1,34.99,34.99,2024-08-08,1750.0,1,1.84,3960,DIAGEO NORTH AMERICA INC   
55_DRY GULCH_14130,55,14130,14 Hands Hot to Trot White,750mL,1,10.99,10.99,2024-05-28,750.0,2,0.11,8673,STE MICHELLE WINE ESTATES  
32_MOUNTMEND_24788,32,24788,Gentleman's Collection Cab S,750mL,1,15.99,15.99,2024-12-24,750.0,2,0.11,4425,MARTIGNETTI COMPANIES
47_PELLA'S WISH_7956,47,7956,Bayou Satsuma Rum Liqueur,50mL,2,1.98,0.99,2024-07-29,50.0,1,0.1,8664,"STOLI GROUP,(USA) LLC      "
17_OLDHAM_2373,17,2373,Jim Beam Maple,750mL,1,14.99,14.99,2024-09-17,750.0,1,0.79,12546,JIM BEAM BRANDS COMPANY    
50_MOUNTMEND_24301,50,24301,Mija Sangria,750mL,1,7.99,7.99,2024-03-24,750.0,2,0.11,4950,LATITUDE BEVERAGE COMPANY  
62_KILMARNOCK_3454,62,3454,Pinnacle Pineapple,50mL,6,5.94,0.99,2024-10-22,50.0,1,0.32,12546,JIM BEAM BRANDS COMPANY    
38_GOULCREST_3745,38,3745,Taaka Vodka Traveler,750mL,6,29.94,4.99,2024-03-07,750.0,1,4.72,8004,SAZERAC CO INC             
81_PEMBROKE_5490,81,5490,DeKuyper Hot Damn Cinnamon,50mL,1,0.99,0.99,2024-12-06,50.0,1,0.05,12546,JIM BEAM BRANDS COMPANY    
7_STANMORE_8726,7,8726,Baileys Irish Cream,50mL,1,1.99,1.99,2024-08-13,50.0,1,0.05,3960,DIAGEO NORTH AMERICA INC   
20_BREDWARDINE_3687,20,3687,Fleischmanns Royal Traveler,750mL,4,19.96,4.99,2024-02-22,750.0,1,3.15,660,SAZERAC NORTH AMERICA INC. 
21_BALERNO_34134,21,34134,Turning Leaf RSV Chard Cal,1.5L,2,21.98,10.99,2024-07-23,1500.0,2,0.45,3252,E & J GALLO WINERY         
23_ARBINGTON_35471,23,35471,R M Woodbridge Pnt Grigio,750mL,2,11.98,5.99,2024-05-13,750.0,2,0.22,1392,CONSTELLATION BRANDS INC   
14_BROMWICH_5952,14,5952,Jagermeister Liqueur,50mL,7,13.93,1.99,2024-04-10,50.0,1,0.37,3089,SIDNEY FRANK IMPORTING CO  
73_DONCASTER_10443,73,10443,Charles Smith Kung Fu Girl R,750mL,3,28.47,9.49,2024-03-16,750.0,2,0.34,10754,PERFECTA WINES             
55_DRY GULCH_3210,55,3210,Smirnoff Sourced Pineapple,50mL,3,2.97,0.99,2024-08-04,50.0,1,0.16,3960,DIAGEO NORTH AMERICA INC   
73_DONCASTER_12473,73,12473,Ch Beauchene CDR White RSV,750mL,1,11.99,11.99,2024-08-19,750.0,2,0.11,10754,PERFECTA WINES             
70_KELD_14129,70,14129,14 Hands Hot to Trot Red,750mL,1,8.99,8.99,2024-04-26,750.0,2,0.11,8673,STE MICHELLE WINE ESTATES  
72_HARDERSFIELD_3502,72,3502,Pinnacle Vodka,750mL,2,21.98,10.99,2024-11-17,750.0,1,1.57,12546,JIM BEAM BRANDS COMPANY    
65_LUTON_6349,65,6349,Glen Ellen Chard RSV,1.5L,1,6.99,6.99,2024-02-02,1500.0,2,0.22,9815,WINE GROUP INC             
1_HARDERSFIELD_31070,1,31070,Treana Red Calif,750mL,2,59.98,29.99,2024-03-15,750.0,2,0.22,4425,MARTIGNETTI COMPANIES
79_BALLYMENA_33331,79,33331,Moletto Prosecco Della Marc,750mL,1,8.99,8.99,2024-05-06,750.0,2,0.11,4848,LAIRD & CO                 
49_GARIGILL_3689,49,3689,Stolichnaya Vanil,750mL,1,17.99,17.99,2024-01-16,750.0,1,0.79,8664,"STOLI GROUP,(USA) LLC      "
38_GOULCREST_11219,38,11219,Josh Cellars Cab Svgn Sonoma,750mL,43,644.57,14.99,2024-01-21,750.0,2,4.84,4425,MARTIGNETTI COMPANIES
33_HORNSEY_3606,33,3606,Smirnoff Raspberry Vodka,50mL,18,17.82,0.99,2024-10-23,50.0,1,0.94,3960,DIAGEO NORTH AMERICA INC   
16_LUNDY_2418,16,2418,Crown Royal Regal Apple,750mL,1,23.99,23.99,2024-08-19,750.0,1,0.79,3960,DIAGEO NORTH AMERICA INC   
67_EANVERNESS_1869,67,1869,Oban 14-Yr Single Malt,750mL,1,59.99,59.99,2024-09-08,750.0,1,0.79,3960,DIAGEO NORTH AMERICA INC   
70_KELD_4196,70,4196,Bacardi Dragon Berry Rum,750mL,2,19.98,9.99,2024-06-01,750.0,1,1.57,480,BACARDI USA INC            
60_IRRAGIN_17297,60,17297,Clos du Bois Rouge,750mL,1,8.99,8.99,2024-03-17,750.0,2,0.11,1392,CONSTELLATION BRANDS INC   
6_GOULCREST_3580,6,3580,Smirnoff Orange Vodka,750mL,1,10.99,10.99,2024-03-16,750.0,1,0.79,3960,DIAGEO NORTH AMERICA INC   
2_ASHBORNE_1076,2,1076,Capt Morgan Jack O Blast,50mL,15,14.85,0.99,2024-10-10,50.0,1,0.79,3960,DIAGEO NORTH AMERICA INC   
60_IRRAGIN_2241,60,2241,Death's Door Gin,750mL,1,25.99,25.99,2024-03-09,750.0,1,0.79,98450,Serralles Usa LLC          
47_PELLA'S WISH_5833,47,5833,Patron Roca Silver Tequila,750mL,1,69.99,69.99,2024-06-23,750.0,1,0.79,9165,ULTRA BEVERAGE COMPANY LLP 
79_BALLYMENA_16669,79,16669,Sweet Baby Vyds Blueberry,750mL,1,12.99,12.99,2024-12-19,750.0,2,0.11,90056,SWEET BABY VINEYARD        
46_TYWARDREATH_5219,46,5219,Sambuca Romana Black,750mL,2,39.98,19.99,2024-03-19,750.0,1,1.57,3960,DIAGEO NORTH AMERICA INC   
73_DONCASTER_14991,73,14991,Banshee Pnt Nr Sonoma Cnty,750mL,2,35.98,17.99,2024-02-14,750.0,2,0.22,9552,M S WALKER INC             
60_IRRAGIN_3356,60,3356,Svedka Vodka,375mL,2,11.98,5.99,2024-02-21,375.0,1,0.79,1392,CONSTELLATION BRANDS INC   
2_ASHBORNE_4565,2,4565,Christian Bros VS Brandy,750mL,1,8.99,8.99,2024-09-17,750.0,1,0.79,3924,HEAVEN HILL DISTILLERIES   
53_HILLFAR_178,53,178,Wild Turkey Russell's RSV,750mL,1,27.99,27.99,2024-02-04,750.0,1,0.79,11567,CAMPARI AMERICA            
30_CULCHETH_27361,30,27361,Borsao Campo de Borja Red,750mL,1,8.99,8.99,2024-11-01,750.0,2,0.11,9552,M S WALKER INC             
34_PITMERDEN_16261,34,16261,The Dreaming Tree CC Chard,750mL,1,12.99,12.99,2024-02-22,750.0,2,0.11,1392,CONSTELLATION BRANDS INC   
66_EANVERNESS_14383,66,14383,LaBelle Winery Granite Red,750mL,1,15.99,15.99,2024-03-22,750.0,2,0.11,90032,LABELLE VYDS AND WINERY    
69_MOUNTMEND_24455,69,24455,Franciscan Cab Svgn Napa,750mL,1,21.99,21.99,2024-01-29,750.0,2,0.11,1392,CONSTELLATION BRANDS INC   
50_MOUNTMEND_3278,50,3278,Gordons London Dry,750mL,1,7.99,7.99,2024-03-05,750.0,1,0.79,3960,DIAGEO NORTH AMERICA INC   
66_EANVERNESS_5296,66,5296,Southern Comfort 100 Proof,1.75L,1,28.99,28.99,2024-03-13,1750.0,1,1.84,1128,BROWN-FORMAN CORP          
59_CLAETHORPES_6565,59,6565,Clos du Bois Cab Svgn N Cst,750mL,4,35.96,8.99,2024-03-04,750.0,2,0.45,1392,CONSTELLATION BRANDS INC   
24_PALPERROTH_1096,24,1096,Evan Williams Egg Nog,750mL,1,6.99,6.99,2024-10-28,750.0,1,0.79,3924,HEAVEN HILL DISTILLERIES   
34_PITMERDEN_19376,34,19376,The Naked Grape Pnt Grigio,3L,1,15.99,15.99,2024-03-15,3000.0,2,0.45,3252,E & J GALLO WINERY         
69_MOUNTMEND_24022,69,24022,Fulchino Vyds 603 Red,750mL,1,14.99,14.99,2024-03-25,750.0,2,0.11,90051,FULCHINO VINEYARD INC      
1_HARDERSFIELD_8441,1,8441,Baileys Irish Cream,375mL,3,38.97,12.99,2024-12-03,375.0,1,1.18,3960,DIAGEO NORTH AMERICA INC   
2_ASHBORNE_8978,2,8978,Riunite Lambrusco,3L,3,44.97,14.99,2024-10-22,3000.0,2,1.35,516,BANFI PRODUCTS CORP        
13_TARMSWORTH_1394,13,1394,Makers Mark,375mL,1,16.99,16.99,2024-05-08,375.0,1,0.39,12546,JIM BEAM BRANDS COMPANY    
53_HILLFAR_5890,53,5890,Godiva Wh Chocolate Liqueur,750mL,1,23.99,23.99,2024-06-12,750.0,1,0.79,3960,DIAGEO NORTH AMERICA INC   
34_PITMERDEN_8420,34,8420,Frangelico Hazelnut Liqueur,1.75L,1,39.99,39.99,2024-12-15,1750.0,1,1.84,11567,CAMPARI AMERICA            
8_ALNERWICK_2676,8,2676,Grand MacNish,1.75L,1,15.99,15.99,2024-08-15,1750.0,1,1.84,9552,M S WALKER INC             
39_EASTHALLOW_10472,39,10472,Clos du Bois Pnt Nr Cal,750mL,4,35.96,8.99,2024-10-08,750.0,2,0.45,1392,CONSTELLATION BRANDS INC   
4_EANVERNESS_17176,4,17176,Beringer Classic Chard,1.5L,1,9.99,9.99,2024-04-07,1500.0,2,0.22,9819,TREASURY WINE ESTATES      
75_BARNCOMBE_5403,75,5403,Amaretto di Amore,750mL,1,9.99,9.99,2024-01-09,750.0,1,0.79,660,SAZERAC NORTH AMERICA INC. 
67_EANVERNESS_3730,67,3730,UV Ruby Red Grapefruit Vodka,50mL,2,1.98,0.99,2024-02-20,50.0,1,0.1,9206,PHILLIPS PRODUCTS CO.      
50_MOUNTMEND_15321,50,15321,Blufeld Rsl,750mL,2,21.98,10.99,2024-09-28,750.0,2,0.22,1392,CONSTELLATION BRANDS INC   
40_BULLMAR_14672,40,14672,Duckhorn Decoy Cab Svgn,750mL,1,19.99,19.99,2024-03-23,750.0,2,0.11,4425,MARTIGNETTI COMPANIES
68_SOLARIS_28606,68,28606,Cline Viognier Sonoma Count,750mL,2,19.98,9.99,2024-09-22,750.0,2,0.22,4425,MARTIGNETTI COMPANIES
47_PELLA'S WISH_5739,47,5739,Malibu Rum,50mL,1,1.99,1.99,2024-08-28,50.0,1,0.05,17035,PERNOD RICARD USA          
32_MOUNTMEND_2973,32,2973,Eagle Rare Single Barrel Bo,750mL,1,27.99,27.99,2024-06-12,750.0,1,0.79,8004,SAZERAC CO INC             
55_DRY GULCH_840,55,840,Bols Peach Flavored Brandy,Liter,1,10.99,10.99,2024-02-29,1000.0,1,1.05,6213,MHW LTD                    
55_DRY GULCH_5628,55,5628,Baja Rosa Strawberry Liqueur,750mL,1,9.99,9.99,2024-06-13,750.0,1,0.79,8004,SAZERAC CO INC             
50_MOUNTMEND_33149,50,33149,Alamos Ridge Malbec Mendoza,750mL,3,29.97,9.99,2024-01-19,750.0,2,0.34,3252,E & J GALLO WINERY         
33_HORNSEY_6569,33,6569,W Hill Chard Napa,750mL,2,39.98,19.99,2024-09-09,750.0,2,0.22,3252,E & J GALLO WINERY         
31_HORNSEY_3826,31,3826,Skyy Vodka,1.75L,5,99.95,19.99,2024-07-08,1750.0,1,9.19,11567,CAMPARI AMERICA            
6_GOULCREST_23255,6,23255,Balletto Vyds Pnt Gris,750mL,3,35.97,11.99,2024-06-28,750.0,2,0.34,653,STATE WINE & SPIRITS   
53_HILLFAR_8018,53,8018,La Vieille Ferme Red Ventoux,750mL,1,6.99,6.99,2024-11-11,750.0,2,0.11,1587,VINEYARD BRANDS INC        
46__24455,46,24455,Franciscan Cab Svgn Napa,750mL,9,197.91,21.99,2024-06-21,750.0,2,1.01,1392,CONSTELLATION BRANDS INC   
4_EANVERNESS_8053,4,8053,Seagrams 7 Crown,50mL,3,2.97,0.99,2024-10-25,50.0,1,0.16,3960,DIAGEO NORTH AMERICA INC   
42_BLACK HOLLOW_2120,42,2120,Canadian Club,1.75L,2,31.98,15.99,2024-08-13,1750.0,1,3.67,12546,JIM BEAM BRANDS COMPANY    
9_BLACKPOOL_7341,9,7341,Smirnoff Watermelon,50mL,12,11.88,0.99,2024-02-27,50.0,1,0.63,3960,DIAGEO NORTH AMERICA INC   
66_EANVERNESS_1385,66,1385,Makers Mark,750mL,1,30.99,30.99,2024-04-13,750.0,1,0.79,12546,JIM BEAM BRANDS COMPANY    
70_KELD_6725,70,6725,Franzia Crisp White Tap,5L,1,14.99,14.99,2024-03-14,5000.0,2,0.75,9815,WINE GROUP INC             
13_TARMSWORTH_3608,13,3608,Smirnoff Orange Vodka,50mL,4,3.96,0.99,2024-12-11,50.0,1,0.21,3960,DIAGEO NORTH AMERICA INC   
44_PORTHCRAWL_20862,44,20862,W Hill Est Cab Svgn No Cst,750mL,1,14.99,14.99,2024-05-29,750.0,2,0.11,3252,E & J GALLO WINERY         
42_BLACK HOLLOW_24101,42,24101,Soli White Blend,750mL,1,7.99,7.99,2024-07-01,750.0,2,0.11,9165,ULTRA BEVERAGE COMPANY LLP 
22_SHARNWICK_165,22,165,Gentleman Jack Gift Pack,750mL,1,28.99,28.99,2024-07-27,750.0,1,0.79,1128,BROWN-FORMAN CORP          
34_PITMERDEN_3667,34,3667,Boru Original Irish Vodka,1.75L,1,17.99,17.99,2024-12-13,1750.0,1,1.84,1485,CASTLE BRANDS CORP.        
23_ARBINGTON_8110,23,8110,Tribuno Dry Vermouth,1.5L,1,8.99,8.99,2024-04-18,1500.0,1,1.57,9815,WINE GROUP INC             
42_BLACK HOLLOW_1727,42,1727,West Cork Irish Whiskey,750mL,2,43.98,21.99,2024-12-22,750.0,1,1.57,9552,M S WALKER INC             
67_EANVERNESS_36380,67,36380,Sebastiani Znfdl Sonoma Cnty,750mL,1,9.99,9.99,2024-08-13,750.0,2,0.11,4425,MARTIGNETTI COMPANIES
53_HILLFAR_2663,53,2663,Dewars White Label,1.75L,26,779.74,29.99,2024-07-12,1750.0,1,47.77,480,BACARDI USA INC            
67_EANVERNESS_6649,67,6649,Wente Morning Fog Chard,750mL,1,11.99,11.99,2024-05-09,750.0,2,0.11,2000,SOUTHERN WINE & SPIRITS NE 
68_SOLARIS_6579,68,6579,J Lohr Riverstone Chard,750mL,3,41.97,13.99,2024-05-06,750.0,2,0.34,4425,MARTIGNETTI COMPANIES
55_DRY GULCH_1220,55,1220,Woodford Reserve Bourbon,750mL,3,92.97,30.99,2024-09-09,750.0,1,2.36,1128,BROWN-FORMAN CORP          
13_TARMSWORTH_4228,13,4228,Bacardi 8,750mL,1,21.99,21.99,2024-02-14,750.0,1,0.79,480,BACARDI USA INC            
20_BREDWARDINE_3687,20,3687,Fleischmanns Royal Traveler,750mL,2,9.98,4.99,2024-04-14,750.0,1,1.57,660,SAZERAC NORTH AMERICA INC. 
60_IRRAGIN_5739,60,5739,Malibu Rum,50mL,9,17.91,1.99,2024-03-22,50.0,1,0.47,17035,PERNOD RICARD USA          
27_MOUNTMEND_5191,27,5191,Fireball Cinnamon Whiskey,375mL,1,9.99,9.99,2024-09-22,375.0,1,0.39,8004,SAZERAC CO INC             
69_MOUNTMEND_2100,69,2100,Canadian Regal,1.75L,1,9.99,9.99,2024-07-02,1750.0,1,1.84,9552,M S WALKER INC             
36_LEWES_3038,36,3038,Zhenka Raspberry Vodka,1.75L,2,21.98,10.99,2024-02-03,1750.0,1,3.67,9552,M S WALKER INC             
10_HORNSEY_5103,10,5103,Fireball Cinnamon Whisky,1.75L,4,99.96,24.99,2024-06-04,1750.0,1,7.35,8004,SAZERAC CO INC             
50_MOUNTMEND_5367,50,5367,Sambuca di Amore,750mL,2,16.98,8.49,2024-08-05,750.0,1,1.57,660,SAZERAC NORTH AMERICA INC. 
72_HARDERSFIELD_2494,72,2494,Crown Royal Regal Apple,1.75L,1,46.99,46.99,2024-05-06,1750.0,1,1.84,3960,DIAGEO NORTH AMERICA INC   
58_HARTLEPOOL_5191,58,5191,Fireball Cinnamon Whiskey,375mL,1,9.99,9.99,2024-05-27,375.0,1,0.39,8004,SAZERAC CO INC             
71_CLARCTON_7865,71,7865,Moet & Chandon Imperial,750mL,1,34.99,34.99,2024-12-01,750.0,2,0.11,8112,MOET HENNESSY USA INC      
74_PAENTMARWY_3534,74,3534,Milagro Silver Tequila,750mL,7,195.93,27.99,2024-10-07,750.0,1,5.51,3664,WILLIAM GRANT & SONS INC   
53_HILLFAR_3522,53,3522,Platinum 7X Distilled Vodka,1.75L,6,77.94,12.99,2024-10-26,1750.0,1,11.02,8004,SAZERAC CO INC             
38_GOULCREST_40051,38,40051,Concannon Select Vyds Pnt Nr,750mL,1,6.99,6.99,2024-07-31,750.0,2,0.11,9815,WINE GROUP INC             
42_BLACK HOLLOW_23523,42,23523,19 Crimes Cab Svgn,750mL,2,19.98,9.99,2024-08-20,750.0,2,0.22,9819,TREASURY WINE ESTATES      
17_OLDHAM_5502,17,5502,RumChata Liqueur,50mL,5,4.95,0.99,2024-11-22,50.0,1,0.26,6213,MHW LTD                    
41_LARNWICK_40098,41,40098,Black Box Merlot Cal,3L,3,47.97,15.99,2024-06-15,3000.0,2,1.35,1392,CONSTELLATION BRANDS INC   
65_LUTON_8202,65,8202,Sambuca Romana,750mL,2,35.98,17.99,2024-01-02,750.0,1,1.57,3960,DIAGEO NORTH AMERICA INC   
34_PITMERDEN_4522,34,4522,Lairds Apple Jack,750mL,1,14.49,14.49,2024-05-07,750.0,1,0.79,4848,LAIRD & CO                 
72_HARDERSFIELD_3606,72,3606,Smirnoff Raspberry Vodka,50mL,13,12.87,0.99,2024-06-19,50.0,1,0.68,3960,DIAGEO NORTH AMERICA INC   
58_HARTLEPOOL_32479,58,32479,Danzante Del Vnzi Pnt Grigio,750mL,1,10.99,10.99,2024-02-06,750.0,2,0.11,9165,ULTRA BEVERAGE COMPANY LLP 
61_AETHELNEY_3768,61,3768,Jenkins Vodka,750mL,2,9.98,4.99,2024-12-01,750.0,1,1.57,9552,M S WALKER INC             
79_BALLYMENA_13567,79,13567,Bila-Haut Cotes Roussillon,750mL,1,12.99,12.99,2024-12-18,750.0,2,0.11,10754,PERFECTA WINES             
2_ASHBORNE_8822,2,8822,Absolut 80 Proof,50mL,1,1.99,1.99,2024-01-04,50.0,1,0.05,17035,PERNOD RICARD USA          
41_LARNWICK_4195,41,4195,Calico Jack Spiced Rum No 94,750mL,1,13.99,13.99,2024-11-22,750.0,1,0.79,12546,JIM BEAM BRANDS COMPANY    
38_GOULCREST_3139,38,3139,Grey Goose Le Melon,750mL,1,23.49,23.49,2024-12-03,750.0,1,0.79,480,BACARDI USA INC            
58_HARTLEPOOL_5253,58,5253,Kahlua Original Mudslide RTD,1.75L,1,15.99,15.99,2024-07-03,1750.0,1,1.84,17035,PERNOD RICARD USA          
55_DRY GULCH_20725,55,20725,Chronic Cellars Purple Parad,750mL,2,29.98,14.99,2024-12-13,750.0,2,0.22,7153,PINE STATE TRADING CO      
60_IRRAGIN_4764,60,4764,Flor de Cana Gran Rsv Rum,750mL,1,19.99,19.99,2024-03-18,750.0,1,0.79,3664,WILLIAM GRANT & SONS INC   
69_MOUNTMEND_1744,69,1744,Old Forester 100 Bourbon,750mL,2,43.98,21.99,2024-06-11,750.0,1,1.57,1128,BROWN-FORMAN CORP          
68_SOLARIS_999,68,999,Jameson 18 Year Old,750mL,1,119.99,119.99,2024-05-20,750.0,1,0.79,17035,PERNOD RICARD USA          
68_SOLARIS_3863,68,3863,Evan Williams Honey Reserve,1.75L,1,24.99,24.99,2024-09-12,1750.0,1,1.84,3924,HEAVEN HILL DISTILLERIES   
33_HORNSEY_3180,33,3180,New Amsterdam Vodka,1.75L,3,50.97,16.99,2024-03-12,1750.0,1,5.51,3252,E & J GALLO WINERY         
11_CARDEND_13497,11,13497,Mohua Svgn Bl Marlboro,750mL,1,9.99,9.99,2024-11-30,750.0,2,0.11,1587,VINEYARD BRANDS INC        
75_BARNCOMBE_39335,75,39335,Phillips Seven Deadly Znfdl,750mL,6,107.94,17.99,2024-04-07,750.0,2,0.68,4425,MARTIGNETTI COMPANIES
69_MOUNTMEND_2753,69,2753,Johnnie Walker Black Label,1.75L,2,139.98,69.99,2024-08-17,1750.0,1,3.67,3960,DIAGEO NORTH AMERICA INC   
31_HORNSEY_8475,31,8475,J Roget Extra Dry,187mL,1,1.79,1.79,2024-08-06,187.0,2,0.03,1392,CONSTELLATION BRANDS INC   
77_TAMWORTH_10723,77,10723,R M Woodbridge Chard,1.5L,1,9.99,9.99,2024-11-05,1500.0,2,0.22,1392,CONSTELLATION BRANDS INC   
55_DRY GULCH_6682,55,6682,R M Woodbridge Chard Cal,1.5L,41,409.59,9.99,2024-09-05,1500.0,2,9.22,1392,CONSTELLATION BRANDS INC   
55_DRY GULCH_8793,55,8793,Fabrizia's Margarita RTD,1.75L,2,37.98,18.99,2024-08-12,1750.0,1,3.67,1655,FABRIZIA SPIRITS LLC       
49_GARIGILL_8172,49,8172,DK Burst Blustery Peppermint,50mL,4,3.96,0.99,2024-04-14,50.0,1,0.21,12546,JIM BEAM BRANDS COMPANY    
13_TARMSWORTH_2663,13,2663,Dewars White Label,1.75L,2,59.98,29.99,2024-07-03,1750.0,1,3.67,480,BACARDI USA INC            
32_MOUNTMEND_3012,32,3012,Pinnacle Vodka,50mL,1,0.99,0.99,2024-01-03,50.0,1,0.05,12546,JIM BEAM BRANDS COMPANY    
28_LARNWICK_8691,28,8691,Jose Cuervo Especial,750mL,1,14.99,14.99,2024-04-02,750.0,1,0.79,7245,PROXIMO SPIRITS INC.       
15_WANBORNE_1789,15,1789,Jack Daniels Tennesse Fire,750mL,1,22.99,22.99,2024-01-05,750.0,1,0.79,1128,BROWN-FORMAN CORP          
49_GARIGILL_13694,49,13694,MacMurray Ranch Chard Sonoma,750mL,1,15.99,15.99,2024-10-08,750.0,2,0.11,3252,E & J GALLO WINERY         
47_PELLA'S WISH_3485,47,3485,Luksusowa Potato Vodka,1.75L,1,22.99,22.99,2024-03-10,1750.0,1,1.84,4425,MARTIGNETTI COMPANIES
33_HORNSEY_3834,33,3834,Skyy Vodka,750mL,1,15.99,15.99,2024-01-08,750.0,1,0.79,11567,CAMPARI AMERICA            
66_EANVERNESS_15466,66,15466,Mirassou Moscato,750mL,1,9.99,9.99,2024-02-28,750.0,2,0.11,3252,E & J GALLO WINERY         
41_LARNWICK_1397,41,1397,Jim Beam Kentucky Fire,750mL,1,14.99,14.99,2024-07-29,750.0,1,0.79,12546,JIM BEAM BRANDS COMPANY    
2_ASHBORNE_8131,2,8131,Lillet White French Aperiti,750mL,1,17.99,17.99,2024-06-07,750.0,2,0.11,17035,PERNOD RICARD USA          
18_FURNESS_3781,18,3781,Three Olives Vanilla Vodka,750mL,1,11.99,11.99,2024-11-25,750.0,1,0.79,7245,PROXIMO SPIRITS INC.       
65_LUTON_2713,65,2713,Inver House Green Plaid 3-Y,1.75L,1,16.99,16.99,2024-01-15,1750.0,1,1.84,660,SAZERAC NORTH AMERICA INC. 
2_ASHBORNE_5378,2,5378,Galliano L'Autentico Liqueur,750mL,1,25.99,25.99,2024-05-30,750.0,1,0.79,6213,MHW LTD                    
1_HARDERSFIELD_3606,1,3606,Smirnoff Raspberry Vodka,50mL,24,23.76,0.99,2024-03-30,50.0,1,1.26,3960,DIAGEO NORTH AMERICA INC   
12_LEESIDE_44038,12,44038,Barefoot Pnt Grigio Cal,1.5L,1,11.99,11.99,2024-09-30,1500.0,2,0.22,3252,E & J GALLO WINERY         
7_STANMORE_1817,7,1817,Irishman Founders RSV Whisky,750mL,1,21.99,21.99,2024-06-09,750.0,1,0.79,6785,PALM BAY INTERNATIONAL INC 
76_DONCASTER_20533,76,20533,Bread & Butter Chard,750mL,3,38.97,12.99,2024-03-04,750.0,2,0.34,653,STATE WINE & SPIRITS   
64_CESTERFIELD_6264,64,6264,Cooks Extra Dry,750mL,11,87.89,7.99,2024-08-20,750.0,2,1.24,1392,CONSTELLATION BRANDS INC   
64_CESTERFIELD_22143,64,22143,Simi Cab Svgn,750mL,17,271.83,15.99,2024-01-16,750.0,2,1.91,1392,CONSTELLATION BRANDS INC   
39_EASTHALLOW_8338,39,8338,The Glenlivet 12 Yr Single,375mL,2,39.98,19.99,2024-02-13,375.0,1,0.79,17035,PERNOD RICARD USA          
55_DRY GULCH_26277,55,26277,Popcorn Chard,750mL,1,13.99,13.99,2024-08-15,750.0,2,0.11,4425,MARTIGNETTI COMPANIES
76_DONCASTER_2868,76,2868,Mortlach Single Malt Scotch,750mL,1,109.99,109.99,2024-07-17,750.0,1,0.79,3960,DIAGEO NORTH AMERICA INC   
23_ARBINGTON_21534,23,21534,Broadbent Vinho Verde Rose,750mL,3,35.97,11.99,2024-10-06,750.0,2,0.34,90024,VINILANDIA USA             
44_PORTHCRAWL_8590,44,8590,Arrow Peppermint Schnapps,750mL,1,6.99,6.99,2024-01-22,750.0,1,0.79,8352,LUXCO INC                  
56_BEGGAR'S HOLE_37904,56,37904,Trapiche Broquel Mndz Malbec,750mL,1,10.99,10.99,2024-12-10,750.0,2,0.11,9815,WINE GROUP INC             
77_TAMWORTH_4521,77,4521,Appleton Estate Reserve Rum,750mL,1,21.99,21.99,2024-06-13,750.0,1,0.79,11567,CAMPARI AMERICA            
27_MOUNTMEND_24188,27,24188,St Francis Cab Svgn Sonoma,750mL,1,15.99,15.99,2024-05-29,750.0,2,0.11,4692,KOBRAND CORPORATION        
25_CAERSHIRE_41212,25,41212,A to Z Pnt Gris Ore,750mL,2,21.9,10.95,2024-07-16,750.0,2,0.22,9165,ULTRA BEVERAGE COMPANY LLP 
31_HORNSEY_7279,31,7279,Yago Sant'Gria Red,1.5L,1,8.99,8.99,2024-03-13,1500.0,2,0.22,8352,LUXCO INC                  
4_EANVERNESS_42764,4,42764,14 Hands Cab Svgn Wash,750mL,3,29.97,9.99,2024-04-07,750.0,2,0.34,8673,STE MICHELLE WINE ESTATES  
50_MOUNTMEND_15503,50,15503,Opici Sangria,3L,1,13.99,13.99,2024-11-11,3000.0,2,0.45,9165,ULTRA BEVERAGE COMPANY LLP 
42_BLACK HOLLOW_171,42,171,Gentleman Jack,1.75L,1,54.99,54.99,2024-11-18,1750.0,1,1.84,1128,BROWN-FORMAN CORP          
51_ABERDEEN_5033,51,5033,Fireball Cinnamon Whisky,Liter,1,17.99,17.99,2024-11-19,1000.0,1,1.05,8004,SAZERAC CO INC             
77_TAMWORTH_4932,77,4932,Arrow Ginger Brandy,750mL,1,7.99,7.99,2024-06-30,750.0,1,0.79,8352,LUXCO INC                  
15_WANBORNE_3656,15,3656,Stolichnaya Vanil,1.75L,1,24.99,24.99,2024-01-02,1750.0,1,1.84,8664,"STOLI GROUP,(USA) LLC      "
79_BALLYMENA_3244,79,3244,Burnetts Vodka,750mL,1,6.79,6.79,2024-02-05,750.0,1,0.79,3924,HEAVEN HILL DISTILLERIES   
54_GUTHRAM_2127,54,2127,Canadian Ltd,1.75L,1,10.49,10.49,2024-02-01,1750.0,1,1.84,660,SAZERAC NORTH AMERICA INC. 
72_HARDERSFIELD_3243,72,3243,Burnetts Vodka,1.75L,2,24.98,12.49,2024-01-23,1750.0,1,3.67,3924,HEAVEN HILL DISTILLERIES   
74_PAENTMARWY_2723,74,2723,J & B Rare,1.75L,1,34.99,34.99,2024-09-26,1750.0,1,1.84,3960,DIAGEO NORTH AMERICA INC   
68_SOLARIS_10609,68,10609,Oyster Bay Chard Marlboro,750mL,8,71.6,8.95,2024-07-16,750.0,2,0.9,4425,MARTIGNETTI COMPANIES
31_HORNSEY_8202,31,8202,Sambuca Romana,750mL,1,19.99,19.99,2024-02-23,750.0,1,0.79,3960,DIAGEO NORTH AMERICA INC   
55_DRY GULCH_3405,55,3405,Tito's Handmade Vodka,1.75L,12,359.88,29.99,2024-08-19,1750.0,1,22.05,4425,MARTIGNETTI COMPANIES
23_ARBINGTON_8815,23,8815,Ch Ste Michelle Chard Colmbi,750mL,5,44.95,8.99,2024-07-16,750.0,2,0.56,8673,STE MICHELLE WINE ESTATES  
51_ABERDEEN_1180,51,1180,Evan Williams Black Label B,1.75L,1,15.99,15.99,2024-10-16,1750.0,1,1.84,3924,HEAVEN HILL DISTILLERIES   
68_SOLARIS_36380,68,36380,Sebastiani Znfdl Sonoma Cnty,750mL,4,39.96,9.99,2024-01-10,750.0,2,0.45,4425,MARTIGNETTI COMPANIES
73_DONCASTER_3386,73,3386,Skyy Infusions Cranberry,50mL,4,3.96,0.99,2024-04-10,50.0,1,0.21,11567,CAMPARI AMERICA            
62_KILMARNOCK_6950,62,6950,Solerno Blood Orange Liqueur,750mL,1,31.99,31.99,2024-07-07,750.0,1,0.79,3664,WILLIAM GRANT & SONS INC   
15_WANBORNE_5891,15,5891,Ryans Irish Cream,1.75L,1,15.99,15.99,2024-11-12,1750.0,1,1.84,8004,SAZERAC CO INC             
66_EANVERNESS_8368,66,8368,Bacardi Superior Rum,100mL,1,1.99,1.99,2024-10-16,100.0,1,0.1,480,BACARDI USA INC            
22_SHARNWICK_1346,22,1346,Knob Creek Bourbon,750mL,1,30.99,30.99,2024-07-30,750.0,1,0.79,12546,JIM BEAM BRANDS COMPANY    
22_SHARNWICK_2757,22,2757,Johnnie Walker Red Label,1.75L,3,86.97,28.99,2024-12-28,1750.0,1,5.51,3960,DIAGEO NORTH AMERICA INC   
48_NORFOLK_4176,48,4176,Blackheart Spiced Rum,750mL,1,10.99,10.99,2024-12-19,750.0,1,0.79,3924,HEAVEN HILL DISTILLERIES   
50_MOUNTMEND_26520,50,26520,Albert I Noya Xarello Clsc,750mL,1,5.49,5.49,2024-09-09,750.0,2,0.11,9165,ULTRA BEVERAGE COMPANY LLP 
22_SHARNWICK_5364,22,5364,Kahlua,1.75L,2,63.98,31.99,2024-06-13,1750.0,1,3.67,17035,PERNOD RICARD USA          
59_CLAETHORPES_2690,59,2690,Black Velvet Reserve,750mL,1,9.99,9.99,2024-01-16,750.0,1,0.79,1392,CONSTELLATION BRANDS INC   
38_GOULCREST_10451,38,10451,Line 39 Cab Svgn Lake Cnty,750mL,6,59.94,9.99,2024-09-04,750.0,2,0.68,7153,PINE STATE TRADING CO      
23_ARBINGTON_44041,23,44041,Bella Sera Pinot Noir Delle,1.5L,1,11.99,11.99,2024-07-24,1500.0,2,0.22,3252,E & J GALLO WINERY         
13_TARMSWORTH_3693,13,3693,Smirnoff Ruby Red Grapefruit,750mL,2,21.98,10.99,2024-08-24,750.0,1,1.57,3960,DIAGEO NORTH AMERICA INC   
64_CESTERFIELD_27351,64,27351,Almaden Chard Cal B/B,5L,2,31.98,15.99,2024-04-09,5000.0,2,1.5,9815,WINE GROUP INC             
34_PITMERDEN_31497,34,31497,Barefoot Svgn Bl Cal,1.5L,1,11.99,11.99,2024-09-14,1500.0,2,0.22,3252,E & J GALLO WINERY         
64_CESTERFIELD_5128,64,5128,Carolans Irish Cream,750mL,1,11.99,11.99,2024-10-25,750.0,1,0.79,11567,CAMPARI AMERICA            
79_BALLYMENA_1348,79,1348,Knob Creek Bourbon,375mL,1,16.99,16.99,2024-11-25,375.0,1,0.39,12546,JIM BEAM BRANDS COMPANY    
74_PAENTMARWY_32908,74,32908,Sterling Vintners Cltn Merlo,750mL,1,9.99,9.99,2024-12-10,750.0,2,0.11,1590,DIAGEO CHATEAU ESTATE WINES
1_HARDERSFIELD_6420,1,6420,R M Woodbridge Chard Cal,750mL,2,15.98,7.99,2024-12-28,750.0,2,0.22,1392,CONSTELLATION BRANDS INC   
73_DONCASTER_4767,73,4767,El Jimador Reposado Tequila,1.75L,1,25.99,25.99,2024-11-28,1750.0,1,1.84,1128,BROWN-FORMAN CORP          
7_STANMORE_2589,7,2589,Jameson Irish Whiskey,1.75L,4,151.96,37.99,2024-12-22,1750.0,1,7.35,17035,PERNOD RICARD USA          
64_CESTERFIELD_23203,64,23203,Truvee Red,750mL,1,12.99,12.99,2024-01-11,750.0,2,0.11,1590,DIAGEO CHATEAU ESTATE WINES
38_GOULCREST_3472,38,3472,Cazadores Blanco Tequila,750mL,1,16.99,16.99,2024-12-01,750.0,1,0.79,480,BACARDI USA INC            
79_BALLYMENA_3837,79,3837,Skyy Vodka,50mL,2,1.98,0.99,2024-08-16,50.0,1,0.1,11567,CAMPARI AMERICA            
40_BULLMAR_8112,40,8112,Stolichnaya,1.75L,2,49.98,24.99,2024-04-15,1750.0,1,3.67,8664,"STOLI GROUP,(USA) LLC      "
41_LARNWICK_6477,41,6477,Avion Tequila 3/50ml Sampler,50mL 3 Pk,1,9.99,9.99,2024-11-28,50.0,1,0.05,17035,PERNOD RICARD USA          
73_DONCASTER_3280,73,3280,Stolichnaya Elite Vodka,50mL,1,6.99,6.99,2024-11-02,50.0,1,0.05,8664,"STOLI GROUP,(USA) LLC      "
47_PELLA'S WISH_4264,47,4264,Capt Morgan Spiced Rum Trav,750mL,2,29.98,14.99,2024-02-22,750.0,1,1.57,3960,DIAGEO NORTH AMERICA INC   
76_DONCASTER_5375,76,5375,Petrone Limoncello,750mL,1,19.99,19.99,2024-06-09,750.0,1,0.79,4425,MARTIGNETTI COMPANIES
67_EANVERNESS_5735,67,5735,Malibu Rum,750mL,1,12.99,12.99,2024-09-14,750.0,1,0.79,17035,PERNOD RICARD USA          
75_BARNCOMBE_4268,75,4268,Capt Morgan Private Stock,750mL,1,22.99,22.99,2024-05-13,750.0,1,0.79,3960,DIAGEO NORTH AMERICA INC   
8_ALNERWICK_28947,8,28947,R M Woodbridge Merlot Cal,1.5L,2,19.98,9.99,2024-08-01,1500.0,2,0.45,1392,CONSTELLATION BRANDS INC   
69_MOUNTMEND_23382,69,23382,Haywood Chamizal Znfdl 09,750mL,1,15.99,15.99,2024-11-07,750.0,2,0.11,9165,ULTRA BEVERAGE COMPANY LLP 
15_WANBORNE_34647,15,34647,Terrazas Alto Malbec Argn,750mL,1,8.49,8.49,2024-09-09,750.0,2,0.11,8112,MOET HENNESSY USA INC      
44_PORTHCRAWL_2143,44,2143,Canadian Mist,1.75L,4,55.96,13.99,2024-02-25,1750.0,1,7.35,1128,BROWN-FORMAN CORP          
3_HORNSEY_35318,3,35318,Jewell Towne Marechal Foch,750mL,1,11.49,11.49,2024-04-12,750.0,2,0.11,17032,JEWELL TOWNE VINEYARDS     
12_LEESIDE_36874,12,36874,Yellow Tail Merlot Ausl,750mL,1,6.99,6.99,2024-11-23,750.0,2,0.11,4425,MARTIGNETTI COMPANIES
79_BALLYMENA_6654,79,6654,Veuve Clicquot Brut Yellow,750mL,5,199.95,39.99,2024-12-27,750.0,2,0.56,8112,MOET HENNESSY USA INC      
36_LEWES_8264,36,8264,Ch Ste Michelle Rsl,750mL,2,17.98,8.99,2024-02-09,750.0,2,0.22,8673,STE MICHELLE WINE ESTATES  
14_BROMWICH_8064,14,8064,Canadian Club,50mL,13,12.87,0.99,2024-09-09,50.0,1,0.68,12546,JIM BEAM BRANDS COMPANY    
22_SHARNWICK_8815,22,8815,Ch Ste Michelle Chard Colmbi,750mL,5,39.75,7.95,2024-08-26,750.0,2,0.56,8673,STE MICHELLE WINE ESTATES  
42_BLACK HOLLOW_12069,42,12069,Gnarly Head Pnt Grigio,750mL,1,7.99,7.99,2024-06-16,750.0,2,0.11,2242,DELICATO VINEYARDS INC     
31_HORNSEY_8184,31,8184,Kahlua,50mL,1,1.99,1.99,2024-10-03,50.0,1,0.05,17035,PERNOD RICARD USA          
60_IRRAGIN_15321,60,15321,Blufeld Rsl,750mL,1,8.99,8.99,2024-11-23,750.0,2,0.11,1392,CONSTELLATION BRANDS INC   
23_ARBINGTON_8000,23,8000,The Glenlivet 12 Yr Single,1.75L,1,69.99,69.99,2024-08-27,1750.0,1,1.84,17035,PERNOD RICARD USA          
5_SUTTON_6173,5,6173,Gallo Fairbanks Red Port,1.5L,2,15.98,7.99,2024-03-19,1500.0,2,0.45,3252,E & J GALLO WINERY         
73_DONCASTER_2373,73,2373,Jim Beam Maple,750mL,1,14.99,14.99,2024-05-14,750.0,1,0.79,12546,JIM BEAM BRANDS COMPANY    
55_DRY GULCH_8218,55,8218,Camarena Reposado Tequila,1.75L,1,31.99,31.99,2024-10-07,1750.0,1,1.84,3252,E & J GALLO WINERY         
67_EANVERNESS_18134,67,18134,Joel Gott Alakai Red,750mL,1,13.99,13.99,2024-09-02,750.0,2,0.11,8892,TRINCHERO FAMILY ESTATES   
50_MOUNTMEND_5346,50,5346,Green Chartreuse Liqueur,750mL,1,49.99,49.99,2024-06-19,750.0,1,0.79,9744,FREDERICK WILDMAN & SONS   
72_HARDERSFIELD_1424,72,1424,Bulleit Bourbon,375mL,1,15.99,15.99,2024-09-29,375.0,1,0.39,3960,DIAGEO NORTH AMERICA INC   
13_TARMSWORTH_4261,13,4261,Capt Morgan Spiced Rum,1.75L,10,229.9,22.99,2024-10-27,1750.0,1,18.38,3960,DIAGEO NORTH AMERICA INC   
49_GARIGILL_18368,49,18368,Sequin Delicately Pnt Grigio,750mL,2,15.98,7.99,2024-09-04,750.0,2,0.22,2242,DELICATO VINEYARDS INC     
66_EANVERNESS_6717,66,6717,Dream Catcher Irish Liqueur,750mL,1,17.99,17.99,2024-07-16,750.0,1,0.79,4380,CHARLES JACQUIN ET CIE INC 
40_BULLMAR_8790,40,8790,Bolla Valpolicella,1.5L,1,12.99,12.99,2024-04-26,1500.0,2,0.22,516,BANFI PRODUCTS CORP        
64_CESTERFIELD_6081,64,6081,Kinky Blue Liqueur,50mL,1,1.99,1.99,2024-08-26,50.0,1,0.05,7153,PINE STATE TRADING CO      
24_PALPERROTH_3768,24,3768,Jenkins Vodka,750mL,1,4.99,4.99,2024-03-17,750.0,1,0.79,9552,M S WALKER INC             
47_PELLA'S WISH_8746,47,8746,Cavit Pinot Grigio,750mL,1,8.99,8.99,2024-09-24,750.0,2,0.11,6785,PALM BAY INTERNATIONAL INC 
34_PITMERDEN_28580,34,28580,Silverado Chard,750mL,2,49.98,24.99,2024-11-26,750.0,2,0.22,4425,MARTIGNETTI COMPANIES
71_CLARCTON_33582,71,33582,Villa Cornaro Prosecco Del,750mL,4,47.0,11.75,2024-09-09,750.0,2,0.45,4425,MARTIGNETTI COMPANIES
69_MOUNTMEND_3746,69,3746,Gordons Vodka 80 Proof,1.75L,2,25.98,12.99,2024-01-31,1750.0,1,3.67,3960,DIAGEO NORTH AMERICA INC   
71_CLARCTON_3904,71,3904,Svedka Cucumber Lime Vodka,50mL,1,0.99,0.99,2024-10-20,50.0,1,0.05,1392,CONSTELLATION BRANDS INC   
2_ASHBORNE_2844,2,2844,Diplome Dry Gin,750mL,1,30.99,30.99,2024-08-04,750.0,1,0.79,10754,PERFECTA WINES             
9_BLACKPOOL_35464,9,35464,Stags Leap Artemis Cab Svgn,750mL,1,47.99,47.99,2024-11-19,750.0,2,0.11,8673,STE MICHELLE WINE ESTATES  
75_BARNCOMBE_3386,75,3386,Skyy Infusions Cranberry,50mL,2,1.98,0.99,2024-04-09,50.0,1,0.1,11567,CAMPARI AMERICA            
74_PAENTMARWY_538,74,538,Amaretto DiSaronno,375mL,1,12.99,12.99,2024-01-29,375.0,1,0.39,2555,DISARONNO INTERNATIONAL LLC
38_GOULCREST_3300,38,3300,Smirnoff Sorbet Mango/Pasion,50mL,1,0.99,0.99,2024-02-16,50.0,1,0.05,3960,DIAGEO NORTH AMERICA INC   
69_MOUNTMEND_2121,69,2121,Canadian Club Traveler,750mL,1,9.99,9.99,2024-04-13,750.0,1,0.79,12546,JIM BEAM BRANDS COMPANY    
60_IRRAGIN_3667,60,3667,Boru Original Irish Vodka,1.75L,2,35.98,17.99,2024-11-17,1750.0,1,3.67,1485,CASTLE BRANDS CORP.        
55_DRY GULCH_5299,55,5299,Southern Comfort,1.75L,1,21.99,21.99,2024-04-05,1750.0,1,1.84,1128,BROWN-FORMAN CORP          
58_HARTLEPOOL_5348,58,5348,St Brendans Irish Cream,750mL,2,21.98,10.99,2024-08-09,750.0,1,1.57,8352,LUXCO INC                  
53_HILLFAR_5356,53,5356,Kahlua,375mL,1,9.99,9.99,2024-02-10,375.0,1,0.39,17035,PERNOD RICARD USA          
2_ASHBORNE_42462,2,42462,Gnarly Head Old Vine Znfdl,750mL,1,9.99,9.99,2024-02-04,750.0,2,0.11,2242,DELICATO VINEYARDS INC     
63_SWORDBREAK_3385,63,3385,Pinnacle Strawbry Kiwi Vodka,1.75L,1,15.99,15.99,2024-12-08,1750.0,1,1.84,12546,JIM BEAM BRANDS COMPANY    
38_GOULCREST_26461,38,26461,Golan Heights Yarden Chard,750mL,2,41.98,20.99,2024-10-22,750.0,2,0.22,10754,PERFECTA WINES             
76_DONCASTER_33055,76,33055,Cape Indaba Svgn Bl S Africa,750mL,2,17.98,8.99,2024-08-14,750.0,2,0.22,9552,M S WALKER INC             
65_LUTON_7715,65,7715,Andre Extra Dry,750mL,1,5.99,5.99,2024-06-12,750.0,2,0.11,3252,E & J GALLO WINERY         
38_GOULCREST_32832,38,32832,Cesari Valpolicella Clsc Am,750mL,1,29.99,29.99,2024-01-17,750.0,2,0.11,9165,ULTRA BEVERAGE COMPANY LLP 
53_HILLFAR_2668,53,2668,Dewars White Label,375mL,1,11.99,11.99,2024-06-04,375.0,1,0.39,480,BACARDI USA INC            
75_BARNCOMBE_6150,75,6150,Midnight Moon Blackberry,750mL,1,19.99,19.99,2024-10-15,750.0,1,0.79,9165,ULTRA BEVERAGE COMPANY LLP 
25_CAERSHIRE_4062,25,4062,Goslings Dark'N Stormy RTD,250mL 4 Pk,1,7.99,7.99,2024-07-24,250.0,1,0.26,1485,CASTLE BRANDS CORP.        
27_MOUNTMEND_2640,27,2640,Michter's Small Batch Bourbn,750mL,1,41.99,41.99,2024-12-22,750.0,1,0.79,4425,MARTIGNETTI COMPANIES
41_LARNWICK_6565,41,6565,Clos du Bois Cab Svgn N Cst,750mL,1,8.99,8.99,2024-04-19,750.0,2,0.11,1392,CONSTELLATION BRANDS INC   
2_ASHBORNE_1962,2,1962,Jim Beam Apple,750mL,1,14.99,14.99,2024-09-09,750.0,1,0.79,12546,JIM BEAM BRANDS COMPANY    
38_GOULCREST_2756,38,2756,Jameson Caskmates,750mL,1,29.99,29.99,2024-03-20,750.0,1,0.79,17035,PERNOD RICARD USA          
38_GOULCREST_5730,38,5730,Galliano L'Autentico Liqueur,50mL,2,3.98,1.99,2024-06-10,50.0,1,0.1,6213,MHW LTD                    
25_CAERSHIRE_4135,25,4135,Smirnoff Blueberry Vodka,50mL,18,17.82,0.99,2024-12-29,50.0,1,0.94,3960,DIAGEO NORTH AMERICA INC   
34_PITMERDEN_45876,34,45876,Frei Bros RSV Svgn Bl RRV,750mL,2,31.98,15.99,2024-08-20,750.0,2,0.22,3252,E & J GALLO WINERY         
76_DONCASTER_8077,76,8077,Sheffield Very Dry Sherry,1.5L,1,9.99,9.99,2024-11-26,1500.0,2,0.22,3252,E & J GALLO WINERY         
62_KILMARNOCK_8898,62,8898,Yukon Jack,1.75L,1,25.99,25.99,2024-04-02,1750.0,1,1.84,3960,DIAGEO NORTH AMERICA INC   
10_HORNSEY_4226,10,4226,Bacardi Superior Rum Trav,750mL,3,41.97,13.99,2024-05-04,750.0,1,2.36,480,BACARDI USA INC            
1_HARDERSFIELD_45848,1,45848,Kendall Jackson Summation Re,750mL,2,17.98,8.99,2024-04-17,750.0,2,0.22,10000,MAJESTIC FINE WINES        
73_DONCASTER_16315,73,16315,24 Knots Pnt Nr,750mL,1,13.99,13.99,2024-04-07,750.0,2,0.11,7153,PINE STATE TRADING CO      
70_KELD_2872,70,2872,Ashuelot Gin,750mL,1,31.99,31.99,2024-05-16,750.0,1,0.79,172662,SWEETWATER FARM         
14_BROMWICH_7293,14,7293,Chi Chi's Skinny Margarita,1.75L,1,7.99,7.99,2024-08-24,1750.0,1,1.84,660,SAZERAC NORTH AMERICA INC. 
38_GOULCREST_3246,38,3246,Bentley's Vodka,1.75L,7,61.53,8.79,2024-11-11,1750.0,1,12.86,8004,SAZERAC CO INC             
60_IRRAGIN_3668,60,3668,Belvedere Polish Vodka,1.75L,2,87.98,43.99,2024-06-17,1750.0,1,3.67,8112,MOET HENNESSY USA INC      
70_KELD_27854,70,27854,F Coppola Black Label Claret,750mL,2,25.9,12.95,2024-11-16,750.0,2,0.22,2000,SOUTHERN WINE & SPIRITS NE 
76_DONCASTER_5655,76,5655,Jose Cuervo Lite Wh Peach,1.75L,3,47.97,15.99,2024-08-13,1750.0,1,5.51,7245,PROXIMO SPIRITS INC.       
38_GOULCREST_8103,38,8103,Sauza Gold Tequila,50mL,20,19.8,0.99,2024-04-21,50.0,1,1.05,12546,JIM BEAM BRANDS COMPANY    
32_MOUNTMEND_24088,32,24088,Hess Select Cab Svgn,750mL,2,33.98,16.99,2024-03-24,750.0,2,0.22,4425,MARTIGNETTI COMPANIES
76_DONCASTER_41405,76,41405,La Posta Angel Plucci Malbec,750mL,1,14.99,14.99,2024-02-12,750.0,2,0.11,653,STATE WINE & SPIRITS   
67_EANVERNESS_3701,67,3701,UV Sangria Vodka,50mL,2,1.98,0.99,2024-02-25,50.0,1,0.1,9206,PHILLIPS PRODUCTS CO.      
38_GOULCREST_16427,38,16427,Yellow Tail Sweet Red Roo,1.5L,3,31.47,10.49,2024-09-29,1500.0,2,0.68,4425,MARTIGNETTI COMPANIES
6_GOULCREST_8018,6,8018,La Vieille Ferme Red Ventoux,750mL,4,27.96,6.99,2024-08-12,750.0,2,0.45,1587,VINEYARD BRANDS INC        
1_HARDERSFIELD_3367,1,3367,Pinnacle Pomegranate Vodka,750mL,1,9.99,9.99,2024-04-11,750.0,1,0.79,12546,JIM BEAM BRANDS COMPANY    
29_AYLESBURY_6960,29,6960,Cooks Brut,750mL,1,7.99,7.99,2024-11-23,750.0,2,0.11,1392,CONSTELLATION BRANDS INC   
47_PELLA'S WISH_4226,47,4226,Bacardi Superior Rum Trav,750mL,1,9.99,9.99,2024-06-21,750.0,1,0.79,480,BACARDI USA INC            
2_ASHBORNE_1281,2,1281,Benchmark Old #8 Bourbon,1.75L,1,16.99,16.99,2024-04-23,1750.0,1,1.84,8004,SAZERAC CO INC             
73_DONCASTER_34825,73,34825,J Vineyards Pnt Gris,750mL,1,12.99,12.99,2024-08-06,750.0,2,0.11,3252,E & J GALLO WINERY         
72_HARDERSFIELD_3396,72,3396,Smirnoff Vanilla Vodka,1.75L,2,39.98,19.99,2024-07-02,1750.0,1,3.67,3960,DIAGEO NORTH AMERICA INC   
34_PITMERDEN_4294,34,4294,Goslings Black Seal 151,750mL,2,31.98,15.99,2024-10-28,750.0,1,1.57,1485,CASTLE BRANDS CORP.        
73_DONCASTER_19870,73,19870,Yellow Tail Sangria,1.5L,4,35.8,8.95,2024-03-23,1500.0,2,0.9,4425,MARTIGNETTI COMPANIES
4_EANVERNESS_6349,4,6349,Glen Ellen Chard RSV,1.5L,8,55.92,6.99,2024-02-27,1500.0,2,1.8,9815,WINE GROUP INC             
22_SHARNWICK_5714,22,5714,Jose Cuervo Lime Margarita,200mL 4 Pk,2,19.98,9.99,2024-12-23,200.0,1,0.42,7245,PROXIMO SPIRITS INC.       
53_HILLFAR_3257,53,3257,Gilbeys London Dry Trav,750mL,1,6.99,6.99,2024-10-07,750.0,1,0.79,12546,JIM BEAM BRANDS COMPANY    
39_EASTHALLOW_11219,39,11219,Josh Cellars Cab Svgn Sonoma,750mL,2,31.98,15.99,2024-04-09,750.0,2,0.22,4425,MARTIGNETTI COMPANIES
73_DONCASTER_4258,73,4258,Bacardi Mango Fusion,750mL,1,9.99,9.99,2024-12-29,750.0,1,0.79,480,BACARDI USA INC            
44_PORTHCRAWL_5708,44,5708,Dr McGillicuddy's Root Beer,50mL,3,2.97,0.99,2024-07-23,50.0,1,0.16,8004,SAZERAC CO INC             
18_FURNESS_5270,18,5270,Southern Comfort,50mL,1,1.99,1.99,2024-07-29,50.0,1,0.05,8004,SAZERAC CO INC             
55_DRY GULCH_42764,55,42764,14 Hands Cab Svgn Wash,750mL,5,49.95,9.99,2024-06-25,750.0,2,0.56,8673,STE MICHELLE WINE ESTATES  
25_CAERSHIRE_28474,25,28474,Burgans Albarino Baixas Rio,750mL,2,21.98,10.99,2024-08-16,750.0,2,0.22,9552,M S WALKER INC             
6_GOULCREST_19989,6,19989,Querceto Sangiovese,750mL,3,20.97,6.99,2024-11-16,750.0,2,0.34,9165,ULTRA BEVERAGE COMPANY LLP 
41_LARNWICK_1231,41,1231,Jack Daniels No 7 Black,375mL,1,12.99,12.99,2024-03-07,375.0,1,0.39,1128,BROWN-FORMAN CORP          
76_DONCASTER_7740,76,7740,J Roget Brut,750mL,8,47.92,5.99,2024-09-18,750.0,2,0.9,1392,CONSTELLATION BRANDS INC   
8_ALNERWICK_40098,8,40098,Black Box Merlot Cal,3L,4,63.96,15.99,2024-07-16,3000.0,2,1.8,1392,CONSTELLATION BRANDS INC   
79_BALLYMENA_25124,79,25124,Jadot Burgundy Hills Wh 14,750mL,3,32.97,10.99,2024-04-25,750.0,2,0.34,4692,KOBRAND CORPORATION        
32_MOUNTMEND_19934,32,19934,Perrin Cotes du Rhone RSV Rg,750mL,1,8.99,8.99,2024-08-02,750.0,2,0.11,1587,VINEYARD BRANDS INC        
64_CESTERFIELD_3495,64,3495,Ketel One Citroen Vodka,1.75L,1,38.99,38.99,2024-05-15,1750.0,1,1.84,3960,DIAGEO NORTH AMERICA INC   
4_EANVERNESS_3423,4,3423,Beefeater,1.75L,3,74.97,24.99,2024-06-14,1750.0,1,5.51,17035,PERNOD RICARD USA          
6_GOULCREST_34431,6,34431,Beaulieu Cab Svgn Napa,750mL,1,15.99,15.99,2024-05-05,750.0,2,0.11,1590,DIAGEO CHATEAU ESTATE WINES
9_BLACKPOOL_812,9,812,Jagermeister Liqueur,Liter,1,22.99,22.99,2024-05-13,1000.0,1,1.05,3089,SIDNEY FRANK IMPORTING CO  
35_HALIVAARA_38133,35,38133,Il Bastardo Sangiovese Tosc,750mL,3,17.97,5.99,2024-10-26,750.0,2,0.34,10754,PERFECTA WINES             
21_BALERNO_3857,21,3857,Grey Goose Vodka,1.75L,1,57.99,57.99,2024-02-28,1750.0,1,1.84,480,BACARDI USA INC            
76_DONCASTER_3503,76,3503,Smirnoff Sorbet Rasp/Pomegra,750mL,3,32.97,10.99,2024-01-28,750.0,1,2.36,3960,DIAGEO NORTH AMERICA INC   
79_BALLYMENA_20255,79,20255,Breca OV Garnacha Calatayud,750mL,1,13.99,13.99,2024-05-14,750.0,2,0.11,9552,M S WALKER INC             
73_DONCASTER_3857,73,3857,Grey Goose Vodka,1.75L,12,599.88,49.99,2024-11-12,1750.0,1,22.05,480,BACARDI USA INC            
71_CLARCTON_6266,71,6266,Gallo Fairbanks Sherry,1.5L,1,7.79,7.79,2024-02-07,1500.0,2,0.22,3252,E & J GALLO WINERY         
60_IRRAGIN_508,60,508,Bacardi Superior Rum,Liter,2,25.98,12.99,2024-05-12,1000.0,1,2.1,480,BACARDI USA INC            
15_WANBORNE_3798,15,3798,Ciroc Apple Vodka,750mL,1,24.99,24.99,2024-07-29,750.0,1,0.79,3960,DIAGEO NORTH AMERICA INC   
37_PAETHSMOUTH_28147,37,28147,Kris Pnt Grigio Alto Adige,750mL,1,11.99,11.99,2024-05-06,750.0,2,0.11,2000,SOUTHERN WINE & SPIRITS NE 
62_KILMARNOCK_42766,62,42766,14 Hands Merlot Wash,750mL,1,11.99,11.99,2024-09-17,750.0,2,0.11,8673,STE MICHELLE WINE ESTATES  
15_WANBORNE_1396,15,1396,Old Crow,1.75L,9,125.91,13.99,2024-04-02,1750.0,1,16.54,12546,JIM BEAM BRANDS COMPANY    
48_NORFOLK_8970,48,8970,Ice Box Manhattan,1.75L,2,23.98,11.99,2024-11-18,1750.0,1,3.67,8004,SAZERAC CO INC             
50_MOUNTMEND_4181,50,4181,Calypso Spiced Rum,1.75L,4,47.96,11.99,2024-05-22,1750.0,1,7.35,660,SAZERAC NORTH AMERICA INC. 
73_DONCASTER_20446,73,20446,Barefoot Bubbly Brut Cuvee,187mL 4 Pk,1,9.99,9.99,2024-01-03,187.0,2,0.03,3252,E & J GALLO WINERY         
58_HARTLEPOOL_8537,58,8537,Dom Chandon Brut Cuvee,750mL,1,13.99,13.99,2024-07-09,750.0,2,0.11,8112,MOET HENNESSY USA INC      
60_IRRAGIN_25704,60,25704,Murphy-Goode Chard Sonoma,750mL,1,10.99,10.99,2024-06-10,750.0,2,0.11,9552,M S WALKER INC             
60_IRRAGIN_19662,60,19662,Santa Rita 120 Svgn Bl,750mL,3,17.97,5.99,2024-02-20,750.0,2,0.34,6785,PALM BAY INTERNATIONAL INC 
72_HARDERSFIELD_5111,72,5111,Dr McGillicuddy's Mentholmnt,50mL,12,11.88,0.99,2024-06-07,50.0,1,0.63,8004,SAZERAC CO INC             
72_HARDERSFIELD_1385,72,1385,Makers Mark,750mL,2,53.98,26.99,2024-01-16,750.0,1,1.57,12546,JIM BEAM BRANDS COMPANY    
66_EANVERNESS_2580,66,2580,Barr Hill Gin,750mL,2,73.98,36.99,2024-02-13,750.0,1,1.57,1273,CALEDONIA SPIRITS INC      
20_BREDWARDINE_5447,20,5447,Jagermeister Liqueur,375mL,2,19.98,9.99,2024-08-23,375.0,1,0.79,3089,SIDNEY FRANK IMPORTING CO  
10_HORNSEY_4113,10,4113,Capt Morgan White,50mL,5,4.95,0.99,2024-08-08,50.0,1,0.26,3960,DIAGEO NORTH AMERICA INC   
10_HORNSEY_1297,10,1297,Jim Beam Black,50mL,11,10.89,0.99,2024-11-29,50.0,1,0.58,12546,JIM BEAM BRANDS COMPANY    
62_KILMARNOCK_3243,62,3243,Burnetts Vodka,1.75L,2,21.98,10.99,2024-08-06,1750.0,1,3.67,3924,HEAVEN HILL DISTILLERIES   
73_DONCASTER_8231,73,8231,Folonari Valpolicella,1.5L,1,12.99,12.99,2024-05-21,1500.0,1,1.57,9744,FREDERICK WILDMAN & SONS   
79_BALLYMENA_41159,79,41159,Phillips Earthquake Ld Znfdl,750mL,1,23.47,23.47,2024-09-24,750.0,2,0.11,4425,MARTIGNETTI COMPANIES
53_HILLFAR_3879,53,3879,Smirnoff 80 Proof Traveler,750mL,2,21.98,10.99,2024-09-06,750.0,1,1.57,3960,DIAGEO NORTH AMERICA INC   
79_BALLYMENA_33212,79,33212,Sycamore Lane Chard Cal,1.5L,2,16.98,8.49,2024-10-03,1500.0,2,0.45,8892,TRINCHERO FAMILY ESTATES   
1_HARDERSFIELD_4269,1,4269,Calico Jack Spiced Rum,1.75L,1,12.99,12.99,2024-09-29,1750.0,1,1.84,12546,JIM BEAM BRANDS COMPANY    
15_WANBORNE_8131,15,8131,Lillet White French Aperiti,750mL,1,17.99,17.99,2024-04-24,750.0,2,0.11,17035,PERNOD RICARD USA          
73_DONCASTER_37433,73,37433,C Y Toro Casillero Carmenere,750mL,1,9.99,9.99,2024-11-28,750.0,2,0.11,516,BANFI PRODUCTS CORP        
64_CESTERFIELD_11828,64,11828,Cupcake Svgn Bl,750mL,3,23.97,7.99,2024-02-26,750.0,2,0.34,9815,WINE GROUP INC             
60_IRRAGIN_8576,60,8576,E & J Brandy VS,375mL,1,4.99,4.99,2024-08-10,375.0,1,0.39,3252,E & J GALLO WINERY         
50_MOUNTMEND_23239,50,23239,Hay Maker Svgn Bl,750mL,1,9.99,9.99,2024-09-23,750.0,2,0.11,2000,SOUTHERN WINE & SPIRITS NE 
58_HARTLEPOOL_5297,58,5297,Southern Comfort,750mL,3,41.97,13.99,2024-10-14,750.0,1,2.36,8004,SAZERAC CO INC             
59_CLAETHORPES_1359,59,1359,Knob Creek Rye,750mL,2,55.98,27.99,2024-04-22,750.0,1,1.57,12546,JIM BEAM BRANDS COMPANY    
38_GOULCREST_28548,38,28548,St Francis Old Vines Znfdl,750mL,1,15.99,15.99,2024-12-29,750.0,2,0.11,4692,KOBRAND CORPORATION        
62_KILMARNOCK_35472,62,35472,R M Woodbridge Pnt Grigio,1.5L,2,19.98,9.99,2024-08-14,1500.0,2,0.45,1392,CONSTELLATION BRANDS INC   
38_GOULCREST_24665,38,24665,Nardi Casale 08 Bosco Brunel,750mL,1,27.99,27.99,2024-02-11,750.0,2,0.11,4692,KOBRAND CORPORATION        
56_BEGGAR'S HOLE_43223,56,43223,Ch Beauchene Cotes du Rhone,750mL,4,47.96,11.99,2024-01-24,750.0,2,0.45,10754,PERFECTA WINES             
59_CLAETHORPES_8513,59,8513,Baileys Irish Cream Mini's 4,100mL 4 Pk,1,10.99,10.99,2024-08-09,100.0,1,0.1,3960,DIAGEO NORTH AMERICA INC   
39_EASTHALLOW_39256,39,39256,Schmitt Sohne Relax Mosel,750mL,1,8.99,8.99,2024-09-02,750.0,2,0.11,9552,M S WALKER INC             
17_OLDHAM_5734,17,5734,Malibu Rum,1.75L,1,21.99,21.99,2024-01-25,1750.0,1,1.84,17035,PERNOD RICARD USA          
17_OLDHAM_3818,17,3818,Cabo Wabo Blanco Tequila,750mL,1,34.99,34.99,2024-06-27,750.0,1,0.79,11567,CAMPARI AMERICA            
68_SOLARIS_12943,68,12943,Middle Sister Drama Queen Pi,750mL,1,9.99,9.99,2024-10-15,750.0,2,0.11,9165,ULTRA BEVERAGE COMPANY LLP 
45_VERITAS_6432,45,6432,Shady Fruit Real Ruby Red Gr,50mL,3,2.97,0.99,2024-03-29,50.0,2,0.02,3960,DIAGEO NORTH AMERICA INC   
1_HARDERSFIELD_6256,1,6256,Sutter Home Chard,1.5L,1,9.99,9.99,2024-03-03,1500.0,2,0.22,8892,TRINCHERO FAMILY ESTATES   
69_MOUNTMEND_15424,69,15424,Santa Ema Cab Svgn Rsv,750mL,3,38.97,12.99,2024-03-25,750.0,2,0.34,4425,MARTIGNETTI COMPANIES
8_ALNERWICK_4226,8,4226,Bacardi Superior Rum Trav,750mL,1,13.99,13.99,2024-04-16,750.0,1,0.79,480,BACARDI USA INC            
70_KELD_8329,70,8329,R Mondavi Chard Pvt Sel,750mL,1,8.99,8.99,2024-01-09,750.0,2,0.11,1392,CONSTELLATION BRANDS INC   
50_MOUNTMEND_5810,50,5810,Cuervo Watermelon Margaritas,1.75L,4,55.96,13.99,2024-08-26,1750.0,1,7.35,7245,PROXIMO SPIRITS INC.       
27_MOUNTMEND_3041,27,3041,Zhenka Pink Lemonade Vodka,1.75L,4,35.96,8.99,2024-10-20,1750.0,1,7.35,9552,M S WALKER INC             
62_KILMARNOCK_25046,62,25046,Bully Hill Love My Goat Rd,750mL,1,8.99,8.99,2024-08-05,750.0,2,0.11,2000,SOUTHERN WINE & SPIRITS NE 
7_STANMORE_3456,7,3456,Tanqueray Sterling Vodka,1.75L,1,19.99,19.99,2024-12-17,1750.0,1,1.84,3960,DIAGEO NORTH AMERICA INC   
66_EANVERNESS_3851,66,3851,Grey Goose Vodka,375mL,1,15.99,15.99,2024-08-30,375.0,1,0.39,480,BACARDI USA INC            
33_HORNSEY_5391,33,5391,Kamora Coffee,1.75L,1,19.99,19.99,2024-05-07,1750.0,1,1.84,12546,JIM BEAM BRANDS COMPANY    
44_PORTHCRAWL_12479,44,12479,Geyser Peak Cab Svgn,750mL,1,12.99,12.99,2024-06-10,750.0,2,0.11,2000,SOUTHERN WINE & SPIRITS NE 
72_HARDERSFIELD_5312,72,5312,Amaretto DiSaronno,750mL,1,19.99,19.99,2024-10-21,750.0,1,0.79,2555,DISARONNO INTERNATIONAL LLC
50_MOUNTMEND_5440,50,5440,Jagermeister Liqueur,1.75L,1,34.99,34.99,2024-08-28,1750.0,1,1.84,3089,SIDNEY FRANK IMPORTING CO  
49_GARIGILL_2751,49,2751,Johnnie Walker Black Label,375mL,1,19.99,19.99,2024-10-19,375.0,1,0.39,3960,DIAGEO NORTH AMERICA INC   
19_WINTERVALE_8077,19,8077,Sheffield Very Dry Sherry,1.5L,3,29.97,9.99,2024-01-08,1500.0,2,0.68,3252,E & J GALLO WINERY         
34_PITMERDEN_4932,34,4932,Arrow Ginger Brandy,750mL,5,39.95,7.99,2024-11-27,750.0,1,3.94,8352,LUXCO INC                  
51_ABERDEEN_5890,51,5890,Godiva Wh Chocolate Liqueur,750mL,1,23.99,23.99,2024-08-19,750.0,1,0.79,3960,DIAGEO NORTH AMERICA INC   
39_EASTHALLOW_18743,39,18743,Ca'Momi Merlot Napa Valley,750mL,2,19.98,9.99,2024-02-27,750.0,2,0.22,10754,PERFECTA WINES             
55_DRY GULCH_3512,55,3512,Pinnacle Vodka,1.75L,7,118.93,16.99,2024-05-20,1750.0,1,12.86,12546,JIM BEAM BRANDS COMPANY    
40_BULLMAR_11219,40,11219,Josh Cellars Cab Svgn Sonoma,750mL,1,14.99,14.99,2024-01-11,750.0,2,0.11,4425,MARTIGNETTI COMPANIES
19_WINTERVALE_3522,19,3522,Platinum 7X Distilled Vodka,1.75L,2,25.98,12.99,2024-12-28,1750.0,1,3.67,8004,SAZERAC CO INC             
25_CAERSHIRE_3680,25,3680,Stolichnaya Ohranj,1.75L,1,24.99,24.99,2024-07-23,1750.0,1,1.84,8664,"STOLI GROUP,(USA) LLC      "
75_BARNCOMBE_4179,75,4179,Bacardi Dragon Berry Rum,1.75L,1,19.99,19.99,2024-08-11,1750.0,1,1.84,480,BACARDI USA INC            
69_MOUNTMEND_32826,69,32826,Rombauer Carneros Chard,750mL,1,33.99,33.99,2024-08-05,750.0,2,0.11,4425,MARTIGNETTI COMPANIES
76_DONCASTER_41974,76,41974,Beringer Classic Wh Znfdl,187mL 4 Pk,3,20.97,6.99,2024-12-10,187.0,2,0.08,9819,TREASURY WINE ESTATES      
57_LANTEGLOS_45246,57,45246,Shoofly Shiraz,750mL,2,13.98,6.99,2024-08-17,750.0,2,0.22,4425,MARTIGNETTI COMPANIES
59_CLAETHORPES_8512,59,8512,Baileys Irish Cream,750mL,2,37.98,18.99,2024-05-02,750.0,1,1.57,3960,DIAGEO NORTH AMERICA INC   
51_ABERDEEN_16484,51,16484,Layer Cake Centrl Cst Pnt Nr,750mL,1,15.99,15.99,2024-02-19,750.0,2,0.11,4425,MARTIGNETTI COMPANIES
51_ABERDEEN_6499,51,6499,Kinky Liqueur,750mL,1,17.99,17.99,2024-06-04,750.0,1,0.79,7153,PINE STATE TRADING CO      
38_GOULCREST_39410,38,39410,Mirassou Cab Svgn Cal,750mL,3,29.97,9.99,2024-06-01,750.0,2,0.34,3252,E & J GALLO WINERY         
79_BALLYMENA_3680,79,3680,Stolichnaya Ohranj,1.75L,1,26.99,26.99,2024-01-30,1750.0,1,1.84,8664,"STOLI GROUP,(USA) LLC      "
50_MOUNTMEND_5713,50,5713,DeKuyper Sour Apple Pucker,1.75L,1,14.99,14.99,2024-01-06,1750.0,1,1.84,12546,JIM BEAM BRANDS COMPANY    
43_WOLFORD_4252,43,4252,Bacardi Limon Rum,50mL,1,0.99,0.99,2024-02-08,50.0,1,0.05,480,BACARDI USA INC            
58_HARTLEPOOL_3253,58,3253,Gilbeys London Dry,1.75L,2,24.98,12.49,2024-04-22,1750.0,1,3.67,12546,JIM BEAM BRANDS COMPANY    
77_TAMWORTH_2636,77,2636,Nikka Whisky Taketsuru 12 Yr,750mL,1,68.99,68.99,2024-07-21,750.0,1,0.79,9165,ULTRA BEVERAGE COMPANY LLP 
9_BLACKPOOL_3220,9,3220,Svedka Clementine Vodka,1.75L,1,18.99,18.99,2024-09-29,1750.0,1,1.84,1392,CONSTELLATION BRANDS INC   
14_BROMWICH_3667,14,3667,Boru Original Irish Vodka,1.75L,1,17.99,17.99,2024-08-08,1750.0,1,1.84,1485,CASTLE BRANDS CORP.        
69_MOUNTMEND_8413,69,8413,St Elder Elderflower Liqueur,750mL,1,17.99,17.99,2024-12-15,750.0,1,0.79,9552,M S WALKER INC             
19_WINTERVALE_8027,19,8027,Absolut Mandrin,50mL,1,1.99,1.99,2024-12-23,50.0,1,0.05,17035,PERNOD RICARD USA          
25_CAERSHIRE_4294,25,4294,Goslings Black Seal 151,750mL,1,15.99,15.99,2024-12-03,750.0,1,0.79,1485,CASTLE BRANDS CORP.        
48_NORFOLK_4229,48,4229,Bacardi Black,1.75L,2,39.98,19.99,2024-08-02,1750.0,1,3.67,480,BACARDI USA INC            
1_HARDERSFIELD_5315,1,5315,B & B Liqueur Dom,750mL,1,24.99,24.99,2024-10-31,750.0,1,0.79,480,BACARDI USA INC            
55_DRY GULCH_20532,55,20532,Bread & Butter Pnt Nr,750mL,1,11.99,11.99,2024-02-22,750.0,2,0.11,653,STATE WINE & SPIRITS   
10_HORNSEY_8258,10,8258,Campari,750mL,1,29.99,29.99,2024-12-02,750.0,1,0.79,11567,CAMPARI AMERICA            
55_DRY GULCH_2280,55,2280,The Botanist Islay Dry Gin,750mL,1,36.99,36.99,2024-08-27,750.0,1,0.79,7239,REMY COINTREAU USA INC     
45_VERITAS_42462,45,42462,Gnarly Head Old Vine Znfdl,750mL,1,12.99,12.99,2024-09-10,750.0,2,0.11,2242,DELICATO VINEYARDS INC     
79_BALLYMENA_35960,79,35960,Stags Leap Winery Chard Napa,750mL,2,59.98,29.99,2024-11-23,750.0,2,0.22,9819,TREASURY WINE ESTATES      
31_HORNSEY_8450,31,8450,E & J Brandy VS,1.75L,2,39.98,19.99,2024-09-24,1750.0,1,3.67,3252,E & J GALLO WINERY         
2_ASHBORNE_16806,2,16806,Apothic Winemakers White,750mL,4,29.84,7.46,2024-05-29,750.0,2,0.45,3252,E & J GALLO WINERY         
56_BEGGAR'S HOLE_4938,56,4938,Kapali Coffee,750mL,1,10.49,10.49,2024-04-15,750.0,1,0.79,8004,SAZERAC CO INC             
10_HORNSEY_39356,10,39356,Bota Box Chard Cal,3L,1,17.99,17.99,2024-06-17,3000.0,2,0.45,2242,DELICATO VINEYARDS INC     
55_DRY GULCH_13163,55,13163,Barefoot Bubbly Moscato,750mL,2,13.9,6.95,2024-08-09,750.0,2,0.22,3252,E & J GALLO WINERY         
8_ALNERWICK_2465,8,2465,Crown Royal Mini,50mL,2,5.98,2.99,2024-07-15,50.0,1,0.1,3960,DIAGEO NORTH AMERICA INC   
34_PITMERDEN_11214,34,11214,Caymus Cab Svgn Napa Vly,750mL,3,209.97,69.99,2024-07-24,750.0,2,0.34,4425,MARTIGNETTI COMPANIES
10_HORNSEY_4939,10,4939,Kapali Coffee,1.75L,2,35.98,17.99,2024-04-09,1750.0,1,3.67,8004,SAZERAC CO INC             
69_MOUNTMEND_15156,69,15156,Yago Sant'Gria Red,3L,3,43.47,14.49,2024-05-15,3000.0,2,1.35,8352,LUXCO INC                  
12_LEESIDE_14006,12,14006,Apothic Winemakers Red Blend,750mL,2,19.98,9.99,2024-08-06,750.0,2,0.22,3252,E & J GALLO WINERY         
30_CULCHETH_6595,30,6595,Bogle Merlot,750mL,2,15.98,7.99,2024-12-19,750.0,2,0.22,4425,MARTIGNETTI COMPANIES
58_HARTLEPOOL_3089,58,3089,Evan Williams Honey Reserve,750mL,1,13.99,13.99,2024-08-27,750.0,1,0.79,3924,HEAVEN HILL DISTILLERIES   
64_CESTERFIELD_26359,64,26359,Fizz 56 Sparkling Red,375mL,1,3.99,3.99,2024-07-29,375.0,2,0.06,4425,MARTIGNETTI COMPANIES
34_PITMERDEN_3045,34,3045,Pinnacle Salted Caramel,750mL,5,54.95,10.99,2024-10-02,750.0,1,3.94,12546,JIM BEAM BRANDS COMPANY    
68_SOLARIS_8120,68,8120,Tribuno Sweet Vermouth,1.5L,1,8.99,8.99,2024-03-08,1500.0,1,1.57,9815,WINE GROUP INC             
40_BULLMAR_28081,40,28081,Gandia Hoya de Cadenas RSV,750mL,1,8.99,8.99,2024-05-28,750.0,2,0.11,7153,PINE STATE TRADING CO      
32_MOUNTMEND_8513,32,8513,Baileys Irish Cream Mini's 4,100mL 4 Pk,1,10.99,10.99,2024-07-08,100.0,1,0.1,3960,DIAGEO NORTH AMERICA INC   
33_HORNSEY_3158,33,3158,Pinnacle Tropical Punch,1.75L,1,15.99,15.99,2024-11-12,1750.0,1,1.84,12546,JIM BEAM BRANDS COMPANY    
9_BLACKPOOL_1623,9,1623,Bulleit 95 Rye,375mL,3,41.97,13.99,2024-06-14,375.0,1,1.18,3960,DIAGEO NORTH AMERICA INC   
34_PITMERDEN_14539,34,14539,Dom de Dionysos La Deveze,750mL,1,14.99,14.99,2024-11-18,750.0,2,0.11,4425,MARTIGNETTI COMPANIES
21_BALERNO_3532,21,3532,Milagro Reposado Tequila,750mL,1,25.99,25.99,2024-07-23,750.0,1,0.79,3664,WILLIAM GRANT & SONS INC   
54_GUTHRAM_18835,54,18835,Don Miguel Gascon Colosal Rd,750mL,1,11.99,11.99,2024-04-08,750.0,2,0.11,3252,E & J GALLO WINERY         
1_HARDERSFIELD_3879,1,3879,Smirnoff 80 Proof Traveler,750mL,7,90.93,12.99,2024-05-20,750.0,1,5.51,3960,DIAGEO NORTH AMERICA INC   
17_OLDHAM_21019,17,21019,Black Box Pnt Nr,3L,1,15.99,15.99,2024-06-11,3000.0,2,0.45,1392,CONSTELLATION BRANDS INC   
67_EANVERNESS_3998,67,3998,Monte Alban Mezcal,750mL,1,17.99,17.99,2024-03-05,750.0,1,0.79,660,SAZERAC NORTH AMERICA INC. 
11_CARDEND_8413,11,8413,St Elder Elderflower Liqueur,750mL,1,17.99,17.99,2024-08-22,750.0,1,0.79,9552,M S WALKER INC             
6_GOULCREST_8691,6,8691,Jose Cuervo Especial,750mL,2,29.98,14.99,2024-03-10,750.0,1,1.57,7245,PROXIMO SPIRITS INC.       
26_KNIFE'S EDGE_3326,26,3326,Jenkins Gin,1.75L,1,9.99,9.99,2024-06-30,1750.0,1,1.84,9552,M S WALKER INC             
23_ARBINGTON_5316,23,5316,Amaretto DiSaronno,50mL,2,4.58,2.29,2024-01-08,50.0,1,0.1,2555,DISARONNO INTERNATIONAL LLC
38_GOULCREST_2373,38,2373,Jim Beam Maple,750mL,1,16.49,16.49,2024-03-23,750.0,1,0.79,12546,JIM BEAM BRANDS COMPANY    
74_PAENTMARWY_38771,74,38771,Rob Stuart Big Fire Pnt Gris,750mL,3,41.97,13.99,2024-11-04,750.0,2,0.34,653,STATE WINE & SPIRITS   
38_GOULCREST_17978,38,17978,Calling All Angels Chard,750mL,1,7.99,7.99,2024-09-26,750.0,2,0.11,9815,WINE GROUP INC             
56_BEGGAR'S HOLE_435,56,435,Il Tramonto Limoncello,750mL,1,15.99,15.99,2024-06-07,750.0,1,0.79,7153,PINE STATE TRADING CO      
14_BROMWICH_3637,14,3637,Zhenka Vodka Plastic,750mL,2,10.58,5.29,2024-07-21,750.0,1,1.57,9552,M S WALKER INC             
69_MOUNTMEND_1060,69,1060,Jack Daniels Bruins Glass Pk,Liter,1,31.99,31.99,2024-11-22,1000.0,1,1.05,1128,BROWN-FORMAN CORP          
50_MOUNTMEND_1920,50,1920,Bowman Brothers Small Batch,750mL,1,29.99,29.99,2024-06-10,750.0,1,0.79,8004,SAZERAC CO INC             
76_DONCASTER_35472,76,35472,R M Woodbridge Pnt Grigio,1.5L,4,35.96,8.99,2024-12-24,1500.0,2,0.9,1392,CONSTELLATION BRANDS INC   
23_ARBINGTON_8358,23,8358,Bacardi 151 Proof,750mL,2,39.98,19.99,2024-03-19,750.0,1,1.57,480,BACARDI USA INC            
17_OLDHAM_6273,17,6273,Vendange Wh Znfdl,1.5L,1,7.99,7.99,2024-12-17,1500.0,2,0.22,1392,CONSTELLATION BRANDS INC   
40_BULLMAR_3276,40,3276,Gordons London Dry,1.75L,2,29.98,14.99,2024-06-05,1750.0,1,3.67,3960,DIAGEO NORTH AMERICA INC   
5_SUTTON_13940,5,13940,Black Box Malbec,3L,2,31.98,15.99,2024-07-12,3000.0,2,0.9,1392,CONSTELLATION BRANDS INC   
20_BREDWARDINE_3288,20,3288,Svedka Strwbry Lemonad Vodka,1.75L,1,18.99,18.99,2024-06-17,1750.0,1,1.84,1392,CONSTELLATION BRANDS INC   
60_IRRAGIN_7865,60,7865,Moet & Chandon Imperial,750mL,1,35.99,35.99,2024-02-24,750.0,2,0.11,8112,MOET HENNESSY USA INC      
68_SOLARIS_4260,68,4260,Capt Morgan Original Barrel,1.75L,8,159.92,19.99,2024-07-10,1750.0,1,14.7,3960,DIAGEO NORTH AMERICA INC   
74_PAENTMARWY_3606,74,3606,Smirnoff Raspberry Vodka,50mL,12,11.88,0.99,2024-09-26,50.0,1,0.63,3960,DIAGEO NORTH AMERICA INC   
61_AETHELNEY_22899,61,22899,Simi Svgn Bl,750mL,2,19.58,9.79,2024-12-31,750.0,2,0.22,1392,CONSTELLATION BRANDS INC   
20_BREDWARDINE_3050,20,3050,Bowman Vodka,1.75L,3,26.97,8.99,2024-04-04,1750.0,1,5.51,8004,SAZERAC CO INC             
62_KILMARNOCK_2783,62,2783,Lauders Scotch,1.75L,1,16.49,16.49,2024-08-17,1750.0,1,1.84,660,SAZERAC NORTH AMERICA INC. 
2_ASHBORNE_4223,2,4223,Bacardi Gold Rum,1.75L,1,23.99,23.99,2024-05-14,1750.0,1,1.84,480,BACARDI USA INC            
9_BLACKPOOL_1398,9,1398,Blantons Sgl Barrel Bourbon,750mL,1,56.99,56.99,2024-01-16,750.0,1,0.79,8004,SAZERAC CO INC             
38_GOULCREST_4245,38,4245,Bacardi Superior Rum,750mL,1,13.99,13.99,2024-04-23,750.0,1,0.79,480,BACARDI USA INC            
15_WANBORNE_7198,15,7198,New Amsterdam Pineapple Vdka,750mL,1,9.99,9.99,2024-06-27,750.0,1,0.79,3252,E & J GALLO WINERY         
30_CULCHETH_38502,30,38502,Ruffino Lumina Pnt Grigio,750mL,3,23.97,7.99,2024-01-19,750.0,2,0.34,1392,CONSTELLATION BRANDS INC   
68_SOLARIS_40801,68,40801,Sileni Sauvignon Blanc,750mL,1,10.99,10.99,2024-08-11,750.0,2,0.11,7153,PINE STATE TRADING CO      
67_EANVERNESS_8170,67,8170,Courvoisier VS Cognac,50mL,3,8.97,2.99,2024-09-10,50.0,1,0.16,12546,JIM BEAM BRANDS COMPANY    
74_PAENTMARWY_5444,74,5444,E & J Superior RSV VSOP,1.75L,1,19.99,19.99,2024-06-04,1750.0,1,1.84,3252,E & J GALLO WINERY         
65_LUTON_16610,65,16610,Leese-Fitch Cab Svgn,750mL,1,10.99,10.99,2024-06-11,750.0,2,0.11,653,STATE WINE & SPIRITS   
74_PAENTMARWY_3745,74,3745,Taaka Vodka Traveler,750mL,1,4.99,4.99,2024-05-12,750.0,1,0.79,8004,SAZERAC CO INC             
49_GARIGILL_1397,49,1397,Jim Beam Kentucky Fire,750mL,1,14.99,14.99,2024-09-12,750.0,1,0.79,12546,JIM BEAM BRANDS COMPANY    
6_GOULCREST_17433,6,17433,Vino Pnt Grigio,750mL,1,11.99,11.99,2024-10-28,750.0,2,0.11,10754,PERFECTA WINES             
48_NORFOLK_3982,48,3982,Hornitos Reposado Tequila,750mL,2,41.98,20.99,2024-04-23,750.0,1,1.57,12546,JIM BEAM BRANDS COMPANY    
37_PAETHSMOUTH_8726,37,8726,Baileys Irish Cream,50mL,1,1.99,1.99,2024-05-27,50.0,1,0.05,3960,DIAGEO NORTH AMERICA INC   
27_MOUNTMEND_5259,27,5259,Blue Chair Bay Coconut Rum,750mL,1,16.99,16.99,2024-03-19,750.0,1,0.79,6213,MHW LTD                    
76_DONCASTER_10453,76,10453,Line 39 Svgn Bl Lake County,750mL,6,59.94,9.99,2024-05-27,750.0,2,0.68,7153,PINE STATE TRADING CO      
4_EANVERNESS_15094,4,15094,Butter Chard,750mL,1,14.99,14.99,2024-12-16,750.0,2,0.11,9165,ULTRA BEVERAGE COMPANY LLP 
11_CARDEND_27735,11,27735,Bogle Cab Svgn Cal,750mL,2,17.9,8.95,2024-11-03,750.0,2,0.22,4425,MARTIGNETTI COMPANIES
76_DONCASTER_7978,76,7978,M & R X Dry Vermouth,750mL,2,14.98,7.49,2024-05-11,750.0,1,1.57,480,BACARDI USA INC            
50_MOUNTMEND_25859,50,25859,Handsome Devil Cab Svgn,750mL,1,10.99,10.99,2024-11-02,750.0,2,0.11,8892,TRINCHERO FAMILY ESTATES   
24_PALPERROTH_38502,24,38502,Ruffino Lumina Pnt Grigio,750mL,1,6.99,6.99,2024-04-13,750.0,2,0.11,1392,CONSTELLATION BRANDS INC   
60_IRRAGIN_43292,60,43292,Fish Eye Pnt Grigio,1.5L,1,9.99,9.99,2024-08-15,1500.0,2,0.22,9815,WINE GROUP INC             
6_GOULCREST_2723,6,2723,J & B Rare,1.75L,1,34.99,34.99,2024-01-29,1750.0,1,1.84,3960,DIAGEO NORTH AMERICA INC   
34_PITMERDEN_4689,34,4689,Hennessy Privilege VSOP,750mL,15,704.85,46.99,2024-08-12,750.0,1,11.81,8112,MOET HENNESSY USA INC      
60_IRRAGIN_4196,60,4196,Bacardi Dragon Berry Rum,750mL,1,9.99,9.99,2024-12-19,750.0,1,0.79,480,BACARDI USA INC            
13_TARMSWORTH_1637,13,1637,Fleischmanns Preferred,1.75L,1,10.99,10.99,2024-07-16,1750.0,1,1.84,660,SAZERAC NORTH AMERICA INC. 
54_GUTHRAM_18107,54,18107,Barefoot Cellars Pink Moscat,750mL,1,6.29,6.29,2024-01-31,750.0,2,0.11,3252,E & J GALLO WINERY         
34_PITMERDEN_24664,34,24664,M Chiarlo 10 Chiarlo Rosso,750mL,4,39.96,9.99,2024-01-16,750.0,2,0.45,4692,KOBRAND CORPORATION        
76_DONCASTER_39413,76,39413,Mirassou Pnt Nr Cntrl Coast,750mL,8,79.92,9.99,2024-09-28,750.0,2,0.9,3252,E & J GALLO WINERY         
10_HORNSEY_3243,10,3243,Burnetts Vodka,1.75L,2,20.98,10.49,2024-04-21,1750.0,1,3.67,3924,HEAVEN HILL DISTILLERIES   
36_LEWES_4262,36,4262,Capt Morgan Spiced Rum,750mL,2,29.98,14.99,2024-11-18,750.0,1,1.57,3960,DIAGEO NORTH AMERICA INC   
73_DONCASTER_32989,73,32989,Barefoot Cab Svgn Cal,1.5L,1,11.99,11.99,2024-02-11,1500.0,2,0.22,3252,E & J GALLO WINERY         
76_DONCASTER_22007,76,22007,Schmitt Sohne Auslese Michls,750mL,1,15.99,15.99,2024-07-22,750.0,2,0.11,9552,M S WALKER INC             
34_PITMERDEN_37842,34,37842,Dona Paula Malbec Mendoza,750mL,1,11.99,11.99,2024-03-19,750.0,2,0.11,8892,TRINCHERO FAMILY ESTATES   
50_MOUNTMEND_3689,50,3689,Stolichnaya Vanil,750mL,2,33.98,16.99,2024-01-03,750.0,1,1.57,8664,"STOLI GROUP,(USA) LLC      "
3_HORNSEY_3625,3,3625,Absolut 80 Proof,750mL,1,17.99,17.99,2024-06-16,750.0,1,0.79,17035,PERNOD RICARD USA          
4_EANVERNESS_46458,4,46458,Layer Cake Barosa Shiraz,750mL,1,15.99,15.99,2024-09-02,750.0,2,0.11,4425,MARTIGNETTI COMPANIES
39_EASTHALLOW_3606,39,3606,Smirnoff Raspberry Vodka,50mL,2,1.98,0.99,2024-08-07,50.0,1,0.1,3960,DIAGEO NORTH AMERICA INC   
69_MOUNTMEND_1542,69,1542,Bowen's American Whiskey,750mL,1,24.99,24.99,2024-07-31,750.0,1,0.79,9751,VINEDREA WINES LLC         
38_GOULCREST_2587,38,2587,Jameson Irish Whiskey,375mL,2,37.98,18.99,2024-01-15,375.0,1,0.79,17035,PERNOD RICARD USA          
74_PAENTMARWY_25649,74,25649,De Loach Chard Cal,750mL,1,9.99,9.99,2024-08-02,750.0,2,0.11,4425,MARTIGNETTI COMPANIES
78_EASTHAVEN_4157,78,4157,Smirnoff Green Apple Vodka,50mL,6,5.94,0.99,2024-10-25,50.0,1,0.32,3960,DIAGEO NORTH AMERICA INC   
48_NORFOLK_31454,48,31454,Foxhorn SE Chard Australia,1.5L,2,13.98,6.99,2024-06-17,1500.0,2,0.45,9815,WINE GROUP INC             
41_LARNWICK_3373,41,3373,Svedka Citron Vodka,1.75L,1,18.99,18.99,2024-03-26,1750.0,1,1.84,1392,CONSTELLATION BRANDS INC   
19_WINTERVALE_5616,19,5616,Emmets Irish Cream,1.75L,1,19.99,19.99,2024-07-18,1750.0,1,1.84,3960,DIAGEO NORTH AMERICA INC   
15_WANBORNE_1556,15,1556,Kahlua w/50mL Absolut+Glass,750mL,1,18.99,18.99,2024-11-13,750.0,1,0.79,17035,PERNOD RICARD USA          
19_WINTERVALE_3776,19,3776,Jose Cuervo Especial Silver,1.75L,4,103.96,25.99,2024-08-05,1750.0,1,7.35,7245,PROXIMO SPIRITS INC.       
34_PITMERDEN_3580,34,3580,Smirnoff Orange Vodka,750mL,2,21.98,10.99,2024-01-10,750.0,1,1.57,3960,DIAGEO NORTH AMERICA INC   
15_WANBORNE_4626,15,4626,Meukow VS Cognac,750mL,1,16.99,16.99,2024-05-11,750.0,1,0.79,660,SAZERAC NORTH AMERICA INC. 
2_ASHBORNE_6524,2,6524,Rosemount Diamond Shiraz,750mL,2,13.98,6.99,2024-05-28,750.0,2,0.22,4425,MARTIGNETTI COMPANIES
79_BALLYMENA_8653,79,8653,M & R Extra Dry Vermouth,375mL,1,5.29,5.29,2024-04-02,375.0,2,0.06,480,BACARDI USA INC            
23_ARBINGTON_8500,23,8500,Stolichnaya Chocolat Kokonut,750mL,1,9.99,9.99,2024-04-11,750.0,1,0.79,8664,"STOLI GROUP,(USA) LLC      "
78_EASTHAVEN_45822,78,45822,Masciarelli Montepulciano,750mL,2,17.98,8.99,2024-04-06,750.0,2,0.22,10754,PERFECTA WINES             
19_WINTERVALE_6654,19,6654,Veuve Clicquot Brut Yellow,750mL,1,45.99,45.99,2024-09-17,750.0,2,0.11,8112,MOET HENNESSY USA INC      
50_MOUNTMEND_3627,50,3627,Absolut 80 Proof,375mL,1,11.99,11.99,2024-11-10,375.0,1,0.39,17035,PERNOD RICARD USA          
67_EANVERNESS_44106,67,44106,Carmel Road Unoaked Chard Mo,750mL,1,14.99,14.99,2024-11-15,750.0,2,0.11,9552,M S WALKER INC             
50_MOUNTMEND_3915,50,3915,Sauza Silver Tequila,750mL,1,14.99,14.99,2024-11-11,750.0,1,0.79,12546,JIM BEAM BRANDS COMPANY    
56_BEGGAR'S HOLE_3606,56,3606,Smirnoff Raspberry Vodka,50mL,10,9.9,0.99,2024-06-27,50.0,1,0.52,3960,DIAGEO NORTH AMERICA INC   
60_IRRAGIN_661,60,661,Red Stag by Jim Beam,750mL,1,16.49,16.49,2024-04-30,750.0,1,0.79,12546,JIM BEAM BRANDS COMPANY    
69_MOUNTMEND_5401,69,5401,Jagermeister Liqueur,200mL,2,11.98,5.99,2024-04-03,200.0,1,0.42,3089,SIDNEY FRANK IMPORTING CO  
77_TAMWORTH_3348,77,3348,Bombay Sapphire Gin,1.75L,1,29.99,29.99,2024-11-03,1750.0,1,1.84,480,BACARDI USA INC            
76_DONCASTER_28890,76,28890,Peter Vella Wh Znfdl Cal,5L,2,29.98,14.99,2024-05-26,5000.0,2,1.5,3252,E & J GALLO WINERY         
34_PITMERDEN_19557,34,19557,Zorvino Fragole Z Strawberry,750mL,1,13.99,13.99,2024-07-10,750.0,2,0.11,90058,ZORVINO VINEYARDS          
66_EANVERNESS_3348,66,3348,Bombay Sapphire Gin,1.75L,1,36.99,36.99,2024-02-14,1750.0,1,1.84,480,BACARDI USA INC            
21_BALERNO_3882,21,3882,Smirnoff Strawberry Vodka,750mL,1,10.99,10.99,2024-07-12,750.0,1,0.79,3960,DIAGEO NORTH AMERICA INC   
78_EASTHAVEN_33874,78,33874,Bella Sera Pinot Grigio Del,1.5L,1,11.99,11.99,2024-11-16,1500.0,2,0.22,3252,E & J GALLO WINERY         
60_IRRAGIN_24493,60,24493,Buehler Cab Svgn Napa,750mL,3,65.97,21.99,2024-06-08,750.0,2,0.34,4425,MARTIGNETTI COMPANIES
56_BEGGAR'S HOLE_32108,56,32108,Erath Pnt Nr Oregon,750mL,1,14.99,14.99,2024-07-16,750.0,2,0.11,8673,STE MICHELLE WINE ESTATES  
15_WANBORNE_7345,15,7345,M & R Asti,750mL,2,27.98,13.99,2024-09-15,750.0,2,0.22,480,BACARDI USA INC            
77_TAMWORTH_4247,77,4247,Bacardi Limon Rum,750mL,1,9.99,9.99,2024-06-28,750.0,1,0.79,480,BACARDI USA INC            
15_WANBORNE_37313,15,37313,Salmon Run NY Rsl,750mL,1,11.99,11.99,2024-04-07,750.0,2,0.11,10754,PERFECTA WINES             
19_WINTERVALE_6694,19,6694,Lindemans Bin 65 Chard,750mL,4,39.96,9.99,2024-06-15,750.0,2,0.45,4425,MARTIGNETTI COMPANIES
45_VERITAS_5356,45,5356,Kahlua,375mL,1,9.99,9.99,2024-04-01,375.0,1,0.39,17035,PERNOD RICARD USA          
2_ASHBORNE_4124,2,4124,Blue Chair Bay Banana Cream,50mL,2,1.98,0.99,2024-11-03,50.0,1,0.1,6213,MHW LTD                    
7_STANMORE_2155,7,2155,McClelland Islay Single Malt,1.75L,1,35.99,35.99,2024-08-06,1750.0,1,1.84,12546,JIM BEAM BRANDS COMPANY    
63_SWORDBREAK_6429,63,6429,C Y Toro Frontera Svgn Bl,1.5L,1,10.99,10.99,2024-04-28,1500.0,2,0.22,516,BANFI PRODUCTS CORP        
27_MOUNTMEND_1376,27,1376,Jim Beam,1.75L,3,68.97,22.99,2024-01-12,1750.0,1,5.51,12546,JIM BEAM BRANDS COMPANY    
17_OLDHAM_3650,17,3650,Patron Silver Tequila,750mL,1,48.99,48.99,2024-10-23,750.0,1,0.79,9165,ULTRA BEVERAGE COMPANY LLP 
34_PITMERDEN_32907,34,32907,Sterling Vintners Cltn Chard,750mL,6,47.94,7.99,2024-07-08,750.0,2,0.68,1590,DIAGEO CHATEAU ESTATE WINES
71_CLARCTON_1064,71,1064,Jack Daniels Honey + Glass,750mL,1,22.99,22.99,2024-08-27,750.0,1,0.79,1128,BROWN-FORMAN CORP          
50_MOUNTMEND_6385,50,6385,Fetzer Sundial Chard,1.5L,1,9.99,9.99,2024-04-16,1500.0,2,0.22,9165,ULTRA BEVERAGE COMPANY LLP 
22_SHARNWICK_39413,22,39413,Mirassou Pnt Nr Cntrl Coast,750mL,1,8.99,8.99,2024-01-07,750.0,2,0.11,3252,E & J GALLO WINERY         
34_PITMERDEN_31070,34,31070,Treana Red Calif,750mL,2,53.98,26.99,2024-01-30,750.0,2,0.22,4425,MARTIGNETTI COMPANIES
32_MOUNTMEND_1347,32,1347,Bakers Bourbon,750mL,1,39.99,39.99,2024-03-16,750.0,1,0.79,12546,JIM BEAM BRANDS COMPANY    
76_DONCASTER_24779,76,24779,Straccali Chianti,1.5L,2,29.98,14.99,2024-04-02,1500.0,2,0.45,6785,PALM BAY INTERNATIONAL INC 
4_EANVERNESS_41252,4,41252,Beringer Classic Pnt Grigio,1.5L,1,6.99,6.99,2024-07-03,1500.0,2,0.22,9819,TREASURY WINE ESTATES      
76_DONCASTER_653,76,653,Dom de Canton Ginger Liqueur,750mL,1,37.99,37.99,2024-10-21,750.0,1,0.79,3924,HEAVEN HILL DISTILLERIES   
76_DONCASTER_6499,76,6499,Kinky Liqueur,750mL,1,16.99,16.99,2024-11-19,750.0,1,0.79,7153,PINE STATE TRADING CO      
58_HARTLEPOOL_3154,58,3154,New Amsterdam Peach Vodka,750mL,1,9.99,9.99,2024-08-27,750.0,1,0.79,3252,E & J GALLO WINERY         
64_CESTERFIELD_3682,64,3682,Belvedere Vodka,750mL,1,22.99,22.99,2024-04-15,750.0,1,0.79,8112,MOET HENNESSY USA INC      
4_EANVERNESS_8470,4,8470,1800 Reposado Gold Tequila,50mL,3,8.37,2.79,2024-11-18,50.0,1,0.16,7245,PROXIMO SPIRITS INC.       
51_ABERDEEN_8737,51,8737,Freixenet Cordon Negro Brut,750mL,1,13.99,13.99,2024-07-04,750.0,2,0.11,4425,MARTIGNETTI COMPANIES
50_MOUNTMEND_3137,50,3137,Three Olives Blueberry Vodka,50mL,2,1.98,0.99,2024-04-11,50.0,1,0.1,7245,PROXIMO SPIRITS INC.       
4_EANVERNESS_3243,4,3243,Burnetts Vodka,1.75L,3,31.47,10.49,2024-07-07,1750.0,1,5.51,3924,HEAVEN HILL DISTILLERIES   
14_BROMWICH_482,14,482,Absolut 80 Proof,Liter,2,43.98,21.99,2024-08-22,1000.0,1,2.1,17035,PERNOD RICARD USA          
15_WANBORNE_1180,15,1180,Evan Williams Black Label B,1.75L,3,62.97,20.99,2024-12-21,1750.0,1,5.51,3924,HEAVEN HILL DISTILLERIES   
56_BEGGAR'S HOLE_40337,56,40337,Da Vinci Chianti Tuscany,750mL,1,10.99,10.99,2024-10-01,750.0,2,0.11,3252,E & J GALLO WINERY         
76_DONCASTER_23049,76,23049,Benziger Svgn Bl N Cst,750mL,4,35.96,8.99,2024-07-10,750.0,2,0.45,9815,WINE GROUP INC             
9_BLACKPOOL_6570,9,6570,Kendall Jackson Chard Vt RSV,750mL,1,10.99,10.99,2024-06-05,750.0,2,0.11,10000,MAJESTIC FINE WINES        
10_HORNSEY_18837,10,18837,Moonlight Meadery Red Dress,375mL,1,12.99,12.99,2024-03-12,375.0,2,0.06,6215,MOONLIGHT MEADERY          
25_CAERSHIRE_4494,25,4494,Jenkins French Brandy,1.75L,1,18.99,18.99,2024-04-18,1750.0,1,1.84,9552,M S WALKER INC             
23_ARBINGTON_3174,23,3174,Cold River Vodka,750mL,2,59.98,29.99,2024-08-20,750.0,1,1.57,4425,MARTIGNETTI COMPANIES
68_SOLARIS_16837,68,16837,Beringer Classic Pink Moscat,750mL,1,5.99,5.99,2024-07-16,750.0,2,0.11,9819,TREASURY WINE ESTATES      
73_DONCASTER_3578,73,3578,Stolichnaya Elit Vodka,750mL,2,99.98,49.99,2024-10-03,750.0,1,1.57,8664,"STOLI GROUP,(USA) LLC      "
7_STANMORE_31866,7,31866,F Coppola Diamond Merlot,750mL,1,15.99,15.99,2024-12-22,750.0,2,0.11,2000,SOUTHERN WINE & SPIRITS NE 
30_CULCHETH_14706,30,14706,Cupcake Prosecco,750mL,5,44.95,8.99,2024-06-18,750.0,2,0.56,9815,WINE GROUP INC             
38_GOULCREST_3627,38,3627,Absolut 80 Proof,375mL,6,83.94,13.99,2024-06-09,375.0,1,2.36,17035,PERNOD RICARD USA          
76_DONCASTER_31787,76,31787,Peter Vella Merlot Calif B/B,5L,1,16.99,16.99,2024-01-30,5000.0,2,0.75,3252,E & J GALLO WINERY         
8_ALNERWICK_5031,8,5031,DeKuyper Peppermint Schnapp,1.75L,2,29.98,14.99,2024-12-31,1750.0,1,3.67,12546,JIM BEAM BRANDS COMPANY    
47_PELLA'S WISH_4245,47,4245,Bacardi Superior Rum,750mL,2,27.98,13.99,2024-05-27,750.0,1,1.57,480,BACARDI USA INC            
76_DONCASTER_32074,76,32074,Warre's Kings Tawny Porto,750mL,1,12.99,12.99,2024-06-10,750.0,2,0.11,1587,VINEYARD BRANDS INC        
74_PAENTMARWY_40337,74,40337,Da Vinci Chianti Tuscany,750mL,1,9.99,9.99,2024-06-29,750.0,2,0.11,3252,E & J GALLO WINERY         
51_ABERDEEN_42766,51,42766,14 Hands Merlot Wash,750mL,2,16.98,8.49,2024-07-21,750.0,2,0.22,8673,STE MICHELLE WINE ESTATES  
25_CAERSHIRE_31915,25,31915,F Coppola Diamond Chard,750mL,1,12.99,12.99,2024-10-21,750.0,2,0.11,2000,SOUTHERN WINE & SPIRITS NE 
61_AETHELNEY_40425,61,40425,Mionetto Prosecco Brut,750mL,2,25.98,12.99,2024-04-03,750.0,2,0.22,9552,M S WALKER INC             
32_MOUNTMEND_32084,32,32084,Heidsieck Brut Monopole Epe,750mL,1,29.99,29.99,2024-03-24,750.0,2,0.11,1601,VRANKEN AMERICA            
74_PAENTMARWY_5365,74,5365,Kahlua,750mL,5,94.95,18.99,2024-03-17,750.0,1,3.94,17035,PERNOD RICARD USA          
8_ALNERWICK_3612,8,3612,Taaka Vodka,1.75L,2,21.98,10.99,2024-03-07,1750.0,1,3.67,8004,SAZERAC CO INC             
20_BREDWARDINE_4228,20,4228,Bacardi 8,750mL,1,19.99,19.99,2024-09-02,750.0,1,0.79,480,BACARDI USA INC            
67_EANVERNESS_3488,67,3488,Tanqueray,750mL,2,47.98,23.99,2024-06-26,750.0,1,1.57,3960,DIAGEO NORTH AMERICA INC   
51_ABERDEEN_3452,51,3452,Vanya Light Vodka,1.75L,1,7.29,7.29,2024-06-28,1750.0,1,1.84,9552,M S WALKER INC             
64_CESTERFIELD_8033,64,8033,Jack Daniels No 7 Black,50mL,2,5.98,2.99,2024-05-29,50.0,1,0.1,1128,BROWN-FORMAN CORP          
61_AETHELNEY_2975,61,2975,Bird Dog Blackberry Whiskey,750mL,3,44.97,14.99,2024-02-02,750.0,1,2.36,9625,WESTERN SPIRITS BEVERAGE CO
34_PITMERDEN_8689,34,8689,Paul Masson Rose,3L,1,10.99,10.99,2024-06-13,3000.0,2,0.45,1392,CONSTELLATION BRANDS INC   
34_PITMERDEN_5989,34,5989,Tanteo Jalapeno Tequila,50mL,6,17.94,2.99,2024-10-28,50.0,1,0.32,9165,ULTRA BEVERAGE COMPANY LLP 
55_DRY GULCH_2522,55,2522,The Macallan 10 Yr Fine Oak,750mL,1,55.99,55.99,2024-07-02,750.0,1,0.79,2561,EDRINGTON AMERICAS         
30_CULCHETH_33988,30,33988,Cavit Chardonnay Trentino,1.5L,2,23.5,11.75,2024-10-02,1500.0,2,0.45,6785,PALM BAY INTERNATIONAL INC 
19_WINTERVALE_3405,19,3405,Tito's Handmade Vodka,1.75L,2,65.98,32.99,2024-05-09,1750.0,1,3.67,4425,MARTIGNETTI COMPANIES
34_PITMERDEN_3020,34,3020,Pinnacle Blueberry Vodka,750mL,3,29.97,9.99,2024-12-09,750.0,1,2.36,12546,JIM BEAM BRANDS COMPANY    
43_WOLFORD_26399,43,26399,Trapiche Malbec Mendoza Oak,750mL,1,7.99,7.99,2024-09-18,750.0,2,0.11,9815,WINE GROUP INC             
71_CLARCTON_2593,71,2593,James Oliver American Whisky,750mL,1,29.99,29.99,2024-02-12,750.0,1,0.79,5455,MARSALLE COMPANY           
4_EANVERNESS_8159,4,8159,Jose Cuervo Especial,1.75L,1,26.99,26.99,2024-05-24,1750.0,1,1.84,7245,PROXIMO SPIRITS INC.       
56_BEGGAR'S HOLE_3693,56,3693,Smirnoff Ruby Red Grapefruit,750mL,2,21.98,10.99,2024-07-01,750.0,1,1.57,3960,DIAGEO NORTH AMERICA INC   
74_PAENTMARWY_4736,74,4736,Capt Morgan Spiced Rum,100mL,1,2.99,2.99,2024-10-13,100.0,1,0.1,3960,DIAGEO NORTH AMERICA INC   
81_PEMBROKE_1180,81,1180,Evan Williams Black Label B,1.75L,1,15.99,15.99,2024-10-04,1750.0,1,1.84,3924,HEAVEN HILL DISTILLERIES   
41_LARNWICK_33331,41,33331,Moletto Prosecco Della Marc,750mL,4,35.96,8.99,2024-09-17,750.0,2,0.45,4848,LAIRD & CO                 
34_PITMERDEN_13225,34,13225,Alphonse Dolly Sancerre Cvee,750mL,1,22.99,22.99,2024-08-02,750.0,2,0.11,90024,VINILANDIA USA             
60_IRRAGIN_1962,60,1962,Jim Beam Apple,750mL,1,14.49,14.49,2024-01-16,750.0,1,0.79,12546,JIM BEAM BRANDS COMPANY    
40_BULLMAR_28262,40,28262,Nathanson Creek Merlot,1.5L,1,7.99,7.99,2024-10-07,1500.0,2,0.22,1392,CONSTELLATION BRANDS INC   
73_DONCASTER_4787,73,4787,Appleton Special Gold Rum,1.75L,1,19.99,19.99,2024-07-24,1750.0,1,1.84,11567,CAMPARI AMERICA            
25_CAERSHIRE_7224,25,7224,Jagermeister Spice,750mL,1,15.99,15.99,2024-03-05,750.0,1,0.79,3089,SIDNEY FRANK IMPORTING CO  
34_PITMERDEN_27817,34,27817,Clos Pegase Carneros Chard,750mL,2,31.98,15.99,2024-04-01,750.0,2,0.22,9165,ULTRA BEVERAGE COMPANY LLP 
38_GOULCREST_3128,38,3128,Ocean Organic Vodka,50mL,3,17.97,5.99,2024-07-08,50.0,1,0.16,9165,ULTRA BEVERAGE COMPANY LLP 
69_MOUNTMEND_8329,69,8329,R Mondavi Chard Pvt Sel,750mL,1,7.99,7.99,2024-08-04,750.0,2,0.11,1392,CONSTELLATION BRANDS INC   
19_WINTERVALE_5952,19,5952,Jagermeister Liqueur,50mL,25,49.75,1.99,2024-02-26,50.0,1,1.31,3089,SIDNEY FRANK IMPORTING CO  
45_VERITAS_3960,45,3960,Tortilla Gold Tequila Liquer,1.75L,1,13.99,13.99,2024-10-13,1750.0,1,1.84,8004,SAZERAC CO INC             
41_LARNWICK_35464,41,35464,Stags Leap Artemis Cab Svgn,750mL,2,99.98,49.99,2024-07-01,750.0,2,0.22,8673,STE MICHELLE WINE ESTATES  
68_SOLARIS_3329,68,3329,Seagrams Extra Smooth Vodka,1.75L,1,14.99,14.99,2024-05-12,1750.0,1,1.84,9165,ULTRA BEVERAGE COMPANY LLP 
15_WANBORNE_3827,15,3827,Popov Vodka,1.75L,1,12.99,12.99,2024-08-27,1750.0,1,1.84,3960,DIAGEO NORTH AMERICA INC   
61_AETHELNEY_3893,61,3893,Zhenka 80 Proof,1.75L,3,29.97,9.99,2024-03-12,1750.0,1,5.51,9552,M S WALKER INC             
38_GOULCREST_3522,38,3522,Platinum 7X Distilled Vodka,1.75L,10,129.9,12.99,2024-10-28,1750.0,1,18.38,8004,SAZERAC CO INC             
66_EANVERNESS_6692,66,6692,Jaboulet Cotes du Rhone Par,750mL,2,25.98,12.99,2024-08-11,750.0,2,0.22,10754,PERFECTA WINES             
15_WANBORNE_5378,15,5378,Galliano L'Autentico Liqueur,750mL,1,27.99,27.99,2024-12-01,750.0,1,0.79,6213,MHW LTD                    
25_CAERSHIRE_24779,25,24779,Straccali Chianti,1.5L,2,19.98,9.99,2024-08-17,1500.0,2,0.45,6785,PALM BAY INTERNATIONAL INC 
32_MOUNTMEND_5292,32,5292,Rumpleminze,750mL,1,19.99,19.99,2024-01-17,750.0,1,0.79,3960,DIAGEO NORTH AMERICA INC   
64_CESTERFIELD_3787,64,3787,Jose Cuervo Especial Silver,750mL,2,29.98,14.99,2024-09-08,750.0,1,1.57,7245,PROXIMO SPIRITS INC.       
69_MOUNTMEND_8027,69,8027,Absolut Mandrin,50mL,1,1.99,1.99,2024-10-23,50.0,1,0.05,17035,PERNOD RICARD USA          
49_GARIGILL_17748,49,17748,Black Box Pnt Grigio,500mL,1,4.99,4.99,2024-01-29,500.0,2,0.08,1392,CONSTELLATION BRANDS INC   
50_MOUNTMEND_3038,50,3038,Zhenka Raspberry Vodka,1.75L,2,21.98,10.99,2024-07-03,1750.0,1,3.67,9552,M S WALKER INC             
14_BROMWICH_3987,14,3987,Smirnoff Peppermint Twist,750mL,1,10.99,10.99,2024-12-17,750.0,1,0.79,3960,DIAGEO NORTH AMERICA INC   
78_EASTHAVEN_1355,78,1355,Knob Creek Bourbon,50mL,2,6.98,3.49,2024-04-14,50.0,1,0.1,12546,JIM BEAM BRANDS COMPANY    
64_CESTERFIELD_24552,64,24552,Gnarly Head 1924 Double Blac,750mL,3,26.97,8.99,2024-10-25,750.0,2,0.34,2242,DELICATO VINEYARDS INC     
64_CESTERFIELD_2017,64,2017,Redbreast Irish Whiskey,750mL,1,64.99,64.99,2024-07-19,750.0,1,0.79,17035,PERNOD RICARD USA          
47_PELLA'S WISH_5259,47,5259,Blue Chair Bay Coconut Rum,750mL,1,16.99,16.99,2024-12-24,750.0,1,0.79,6213,MHW LTD                    
60_IRRAGIN_13458,60,13458,Ch Ste Michelle Harvest Rsl,750mL,1,7.95,7.95,2024-08-31,750.0,2,0.11,8673,STE MICHELLE WINE ESTATES  
67_EANVERNESS_3851,67,3851,Grey Goose Vodka,375mL,1,15.99,15.99,2024-06-12,375.0,1,0.39,480,BACARDI USA INC            
57_LANTEGLOS_4896,57,4896,Hiram Walker Coffee Brandy,1.75L,3,53.97,17.99,2024-08-14,1750.0,1,5.51,17035,PERNOD RICARD USA          
14_BROMWICH_5394,14,5394,Goldschlager Cinnamon Schnap,375mL,2,21.98,10.99,2024-04-29,375.0,1,0.79,3960,DIAGEO NORTH AMERICA INC   
67_EANVERNESS_14279,67,14279,Movendo Moscato,750mL,1,8.99,8.99,2024-05-30,750.0,2,0.11,516,BANFI PRODUCTS CORP        
19_WINTERVALE_3348,19,3348,Bombay Sapphire Gin,1.75L,2,73.98,36.99,2024-09-14,1750.0,1,3.67,480,BACARDI USA INC            
78_EASTHAVEN_8746,78,8746,Cavit Pinot Grigio,750mL,3,20.97,6.99,2024-02-26,750.0,2,0.34,6785,PALM BAY INTERNATIONAL INC 
10_HORNSEY_34175,10,34175,Lindemans Bin 50 Shiraz,1.5L,1,14.99,14.99,2024-04-16,1500.0,2,0.22,4425,MARTIGNETTI COMPANIES
16_LUNDY_8236,16,8236,Jim Beam,50mL,2,2.98,1.49,2024-12-19,50.0,1,0.1,12546,JIM BEAM BRANDS COMPANY    
73_DONCASTER_6682,73,6682,R M Woodbridge Chard Cal,1.5L,19,170.81,8.99,2024-12-10,1500.0,2,4.27,1392,CONSTELLATION BRANDS INC   
10_HORNSEY_3464,10,3464,UV Blue Raspberry Vodka,1.75L,1,17.99,17.99,2024-04-20,1750.0,1,1.84,9206,PHILLIPS PRODUCTS CO.      
53_HILLFAR_4303,53,4303,Calico Jack Spiced Rum,750mL,1,7.99,7.99,2024-08-25,750.0,1,0.79,12546,JIM BEAM BRANDS COMPANY    
76_DONCASTER_8296,76,8296,Knob Creek Smoked Maple,750mL,2,63.98,31.99,2024-11-19,750.0,1,1.57,12546,JIM BEAM BRANDS COMPANY    
66_EANVERNESS_14810,66,14810,Primaterra Prosecco,750mL,1,12.99,12.99,2024-08-09,750.0,2,0.11,10754,PERFECTA WINES             
14_BROMWICH_3890,14,3890,Absolut Peppar,750mL,1,17.99,17.99,2024-12-01,750.0,1,0.79,17035,PERNOD RICARD USA          
45_VERITAS_14930,45,14930,Yellow Tail Moscato,1.5L,1,9.99,9.99,2024-11-19,1500.0,2,0.22,4425,MARTIGNETTI COMPANIES
51_ABERDEEN_8513,51,8513,Baileys Irish Cream Mini's 4,100mL 4 Pk,1,8.99,8.99,2024-02-26,100.0,1,0.1,3960,DIAGEO NORTH AMERICA INC   
69_MOUNTMEND_2942,69,2942,Glen Grant 10 Yr Single Malt,750mL,1,34.99,34.99,2024-05-21,750.0,1,0.79,11567,CAMPARI AMERICA            
73_DONCASTER_2751,73,2751,Johnnie Walker Black Label,375mL,1,19.99,19.99,2024-02-26,375.0,1,0.39,3960,DIAGEO NORTH AMERICA INC   
34_PITMERDEN_25126,34,25126,Zorvino Vyds Peachez,750mL,1,9.99,9.99,2024-05-08,750.0,2,0.11,90058,ZORVINO VINEYARDS          
25_CAERSHIRE_3525,25,3525,Gold Crown Vodka,Liter,3,18.87,6.29,2024-10-14,1000.0,1,3.15,9552,M S WALKER INC             
73_DONCASTER_3834,73,3834,Skyy Vodka,750mL,1,12.99,12.99,2024-06-19,750.0,1,0.79,11567,CAMPARI AMERICA            
49_GARIGILL_3769,49,3769,Jenkins Vodka,1.75L,1,10.99,10.99,2024-07-04,1750.0,1,1.84,9552,M S WALKER INC             
4_EANVERNESS_39087,4,39087,Corbett Canyon Pnt Grigio,3L,6,65.94,10.99,2024-06-09,3000.0,2,2.7,9815,WINE GROUP INC             
62_KILMARNOCK_3879,62,3879,Smirnoff 80 Proof Traveler,750mL,2,21.98,10.99,2024-09-20,750.0,1,1.57,3960,DIAGEO NORTH AMERICA INC   
22_SHARNWICK_8961,22,8961,Jose Cuervo Especial,50mL,6,8.94,1.49,2024-12-02,50.0,1,0.32,7245,PROXIMO SPIRITS INC.       
50_MOUNTMEND_3172,50,3172,Skyy Infusions Blood Orange,750mL,2,25.98,12.99,2024-05-21,750.0,1,1.57,11567,CAMPARI AMERICA            
27_MOUNTMEND_8032,27,8032,Ballatore Gran Spumante,750mL,1,7.99,7.99,2024-11-18,750.0,2,0.11,3252,E & J GALLO WINERY         
50_MOUNTMEND_1468,50,1468,Knob Creek Single Barrel Rsv,750mL,1,41.99,41.99,2024-08-11,750.0,1,0.79,12546,JIM BEAM BRANDS COMPANY    
45_VERITAS_8068,45,8068,Absolut 80 Proof,1.75L,6,140.94,23.49,2024-08-04,1750.0,1,11.02,17035,PERNOD RICARD USA          
66_EANVERNESS_46788,66,46788,Oops Cheeky Little Svgn Bl,750mL,1,7.99,7.99,2024-02-07,750.0,2,0.11,9165,ULTRA BEVERAGE COMPANY LLP 
79_BALLYMENA_3802,79,3802,Three Olives Vodka,1.75L,1,17.99,17.99,2024-02-10,1750.0,1,1.84,7245,PROXIMO SPIRITS INC.       
33_HORNSEY_4196,33,4196,Bacardi Dragon Berry Rum,750mL,1,13.99,13.99,2024-05-11,750.0,1,0.79,480,BACARDI USA INC            
69_MOUNTMEND_3640,69,3640,Belvedere Cytrus Vodka,750mL,1,19.99,19.99,2024-03-02,750.0,1,0.79,8112,MOET HENNESSY USA INC      
16_LUNDY_6855,16,6855,Midnight Moon Apple Pie,750mL,1,19.99,19.99,2024-05-15,750.0,1,0.79,9165,ULTRA BEVERAGE COMPANY LLP 
60_IRRAGIN_3524,60,3524,Pravda Polish Vodka,750mL,1,19.99,19.99,2024-01-18,750.0,1,0.79,4380,CHARLES JACQUIN ET CIE INC 
37_PAETHSMOUTH_8379,37,8379,Wild Turkey 101,375mL,1,11.99,11.99,2024-10-07,375.0,1,0.39,11567,CAMPARI AMERICA            
38_GOULCREST_17011,38,17011,La Maialina Gertrude Red,750mL,1,12.99,12.99,2024-04-20,750.0,2,0.11,10754,PERFECTA WINES             
34_PITMERDEN_1281,34,1281,Benchmark Old #8 Bourbon,1.75L,7,125.93,17.99,2024-10-02,1750.0,1,12.86,8004,SAZERAC CO INC             
42_BLACK HOLLOW_43809,42,43809,R M Woodbridge Pnt Nr,1.5L,1,8.99,8.99,2024-07-25,1500.0,2,0.22,1392,CONSTELLATION BRANDS INC   
55_DRY GULCH_2790,55,2790,High West American Prairie,750mL,1,32.99,32.99,2024-10-11,750.0,1,0.79,9165,ULTRA BEVERAGE COMPANY LLP 
35_HALIVAARA_4260,35,4260,Capt Morgan Original Barrel,1.75L,2,39.98,19.99,2024-07-11,1750.0,1,3.67,3960,DIAGEO NORTH AMERICA INC   
76_DONCASTER_1269,76,1269,Jeffersons Bourbon,750mL,5,129.95,25.99,2024-06-13,750.0,1,3.94,1485,CASTLE BRANDS CORP.        
23_ARBINGTON_3300,23,3300,Smirnoff Sorbet Mango/Pasion,50mL,1,0.99,0.99,2024-02-13,50.0,1,0.05,3960,DIAGEO NORTH AMERICA INC   
76_DONCASTER_26442,76,26442,Fortant Heritage Lang Rouge,750mL,1,15.99,15.99,2024-12-09,750.0,2,0.11,10754,PERFECTA WINES             
47_PELLA'S WISH_3984,47,3984,Sauza Tres Generacions Anejo,750mL,1,41.99,41.99,2024-02-05,750.0,1,0.79,12546,JIM BEAM BRANDS COMPANY    
61_AETHELNEY_37842,61,37842,Dona Paula Malbec Mendoza,750mL,1,11.99,11.99,2024-08-15,750.0,2,0.11,8892,TRINCHERO FAMILY ESTATES   
10_HORNSEY_3858,10,3858,Grey Goose Vodka,750mL,5,119.95,23.99,2024-02-22,750.0,1,3.94,480,BACARDI USA INC            
9_BLACKPOOL_8408,9,8408,Wild Turkey American Honey,1.75L,1,38.99,38.99,2024-11-18,1750.0,1,1.84,11567,CAMPARI AMERICA            
59_CLAETHORPES_5750,59,5750,Malibu Rum Traveler,750mL,1,11.99,11.99,2024-07-23,750.0,1,0.79,17035,PERNOD RICARD USA          
66_EANVERNESS_8170,66,8170,Courvoisier VS Cognac,50mL,2,5.98,2.99,2024-07-12,50.0,1,0.1,12546,JIM BEAM BRANDS COMPANY    
1_HARDERSFIELD_3709,1,3709,Aslanoff Vodka,1.75L,1,13.99,13.99,2024-10-20,1750.0,1,1.84,2496,DUGGANS DISTILLED PRODUCTS 
6_GOULCREST_45496,6,45496,Conquista Malbec Mendoza,750mL,2,23.98,11.99,2024-03-31,750.0,2,0.22,7153,PINE STATE TRADING CO      
73_DONCASTER_32055,73,32055,Greg Norman Eden Vly Chard,750mL,2,19.98,9.99,2024-04-03,750.0,2,0.22,9819,TREASURY WINE ESTATES      
32_MOUNTMEND_5137,32,5137,Irish Manor Irish Cream,750mL,1,9.99,9.99,2024-08-13,750.0,1,0.79,4380,CHARLES JACQUIN ET CIE INC 
12_LEESIDE_8822,12,8822,Absolut 80 Proof,50mL,12,23.88,1.99,2024-05-20,50.0,1,0.63,17035,PERNOD RICARD USA          
34_PITMERDEN_24579,34,24579,Mt Beautiful Svgn Bl,750mL,2,29.98,14.99,2024-08-28,750.0,2,0.22,10754,PERFECTA WINES             
55_DRY GULCH_3689,55,3689,Stolichnaya Vanil,750mL,1,19.99,19.99,2024-10-21,750.0,1,0.79,8664,"STOLI GROUP,(USA) LLC      "
34_PITMERDEN_32546,34,32546,Artesa Carneros Pnt Nr,750mL,1,22.99,22.99,2024-11-18,750.0,2,0.11,9165,ULTRA BEVERAGE COMPANY LLP 
60_IRRAGIN_8905,60,8905,Livingston Cellars Red Rose,3L,2,23.98,11.99,2024-02-28,3000.0,2,0.9,3252,E & J GALLO WINERY         
79_BALLYMENA_39146,79,39146,Matua Svgn Bl Marlboro,750mL,1,11.99,11.99,2024-04-02,750.0,2,0.11,9819,TREASURY WINE ESTATES      
4_EANVERNESS_36770,4,36770,Yellow Tail Cab Svgn Ausl,1.5L,3,29.97,9.99,2024-12-02,1500.0,2,0.68,4425,MARTIGNETTI COMPANIES
44_PORTHCRAWL_8619,44,8619,Canadian Club,375mL,1,6.99,6.99,2024-06-06,375.0,1,0.39,12546,JIM BEAM BRANDS COMPANY    
29_AYLESBURY_4025,29,4025,Bacardi Oakheart Spiced Rum,50mL,1,1.79,1.79,2024-10-26,50.0,1,0.05,480,BACARDI USA INC            
58_HARTLEPOOL_3728,58,3728,Absolut Citron,1.75L,1,24.99,24.99,2024-04-18,1750.0,1,1.84,17035,PERNOD RICARD USA          
14_BROMWICH_1962,14,1962,Jim Beam Apple,750mL,2,29.98,14.99,2024-10-13,750.0,1,1.57,12546,JIM BEAM BRANDS COMPANY    
33_HORNSEY_6876,33,6876,Sutter Home Clsc Chard,187mL 4 Pk,2,11.98,5.99,2024-08-03,187.0,2,0.06,8892,TRINCHERO FAMILY ESTATES   
8_ALNERWICK_11827,8,11827,Cupcake Merlot,750mL,1,6.99,6.99,2024-07-11,750.0,2,0.11,9815,WINE GROUP INC             
35_HALIVAARA_5765,35,5765,Jose Cuervo Lime Margarita,1.75L,1,13.99,13.99,2024-02-13,1750.0,1,1.84,7245,PROXIMO SPIRITS INC.       
73_DONCASTER_37822,73,37822,Frescobaldi Chianti RSV Nip,750mL,2,33.98,16.99,2024-11-19,750.0,2,0.22,9165,ULTRA BEVERAGE COMPANY LLP 
1_HARDERSFIELD_13225,1,13225,Alphonse Dolly Sancerre Cvee,750mL,1,21.99,21.99,2024-12-23,750.0,2,0.11,90024,VINILANDIA USA             
47_PELLA'S WISH_38179,47,38179,Rex Goliath Chard,750mL,1,7.99,7.99,2024-02-05,750.0,2,0.11,1392,CONSTELLATION BRANDS INC   
74_PAENTMARWY_23739,74,23739,Liberty School Cab Svgn,750mL,1,11.95,11.95,2024-02-24,750.0,2,0.11,4425,MARTIGNETTI COMPANIES
53_HILLFAR_3656,53,3656,Stolichnaya Vanil,1.75L,3,77.97,25.99,2024-02-03,1750.0,1,5.51,8664,"STOLI GROUP,(USA) LLC      "
34_PITMERDEN_16159,34,16159,Gnarly Head Authentic Red,750mL,1,8.95,8.95,2024-03-20,750.0,2,0.11,2242,DELICATO VINEYARDS INC     
49_GARIGILL_3515,49,3515,Skyy Infusions Citrus Vodka,1.75L,1,19.99,19.99,2024-11-22,1750.0,1,1.84,11567,CAMPARI AMERICA            
34_PITMERDEN_19568,34,19568,14 Hands Moscato,750mL,1,10.99,10.99,2024-01-29,750.0,2,0.11,8673,STE MICHELLE WINE ESTATES  
76_DONCASTER_15503,76,15503,Opici Sangria,3L,1,13.99,13.99,2024-05-16,3000.0,2,0.45,9165,ULTRA BEVERAGE COMPANY LLP 
33_HORNSEY_6861,33,6861,Sutter Home Clsc Wh Znfdl,187mL 4 Pk,2,11.98,5.99,2024-05-30,187.0,2,0.06,8892,TRINCHERO FAMILY ESTATES   
66_EANVERNESS_10735,66,10735,Ch Beauchene Rose,750mL,6,83.94,13.99,2024-07-02,750.0,2,0.68,10754,PERFECTA WINES             
42_BLACK HOLLOW_1385,42,1385,Makers Mark,750mL,1,24.99,24.99,2024-11-01,750.0,1,0.79,12546,JIM BEAM BRANDS COMPANY    
9_BLACKPOOL_8606,9,8606,Baileys Espresso Creme,50mL,1,0.99,0.99,2024-02-24,50.0,1,0.05,3960,DIAGEO NORTH AMERICA INC   
10_HORNSEY_1376,10,1376,Jim Beam,1.75L,8,191.92,23.99,2024-05-28,1750.0,1,14.7,12546,JIM BEAM BRANDS COMPANY    
68_SOLARIS_8202,68,8202,Sambuca Romana,750mL,2,39.98,19.99,2024-07-04,750.0,1,1.57,3960,DIAGEO NORTH AMERICA INC   
55_DRY GULCH_26092,55,26092,Blackstone Merlot Cal,750mL,1,7.99,7.99,2024-03-02,750.0,2,0.11,1392,CONSTELLATION BRANDS INC   
23_ARBINGTON_7868,23,7868,Mumm Cordon Rouge Brut,750mL,1,37.99,37.99,2024-03-02,750.0,2,0.11,17035,PERNOD RICARD USA          
10_HORNSEY_25843,10,25843,Ch Bois du Fil Brdx,750mL,2,29.98,14.99,2024-12-19,750.0,2,0.22,7153,PINE STATE TRADING CO      
43_WOLFORD_3787,43,3787,Jose Cuervo Especial Silver,750mL,1,16.99,16.99,2024-08-01,750.0,1,0.79,7245,PROXIMO SPIRITS INC.       
1_HARDERSFIELD_16262,1,16262,The Dreaming Tree Crush Red,750mL,4,59.96,14.99,2024-09-15,750.0,2,0.45,1392,CONSTELLATION BRANDS INC   
62_KILMARNOCK_8473,62,8473,1800 Silver Tequila,1.75L,1,41.99,41.99,2024-09-30,1750.0,1,1.84,7245,PROXIMO SPIRITS INC.       
60_IRRAGIN_37313,60,37313,Salmon Run NY Rsl,750mL,2,19.98,9.99,2024-02-19,750.0,2,0.22,10754,PERFECTA WINES             
60_IRRAGIN_37731,60,37731,Corbett Canyon Chard,3L,1,10.99,10.99,2024-02-17,3000.0,2,0.45,9815,WINE GROUP INC             
38_GOULCREST_3969,38,3969,Jose Cuervo Tradicional,750mL,1,18.49,18.49,2024-07-26,750.0,1,0.79,7245,PROXIMO SPIRITS INC.       
55_DRY GULCH_7221,55,7221,M & R Sweet Vermouth,1.5L,3,31.47,10.49,2024-10-08,1500.0,2,0.68,480,BACARDI USA INC            
59_CLAETHORPES_22899,59,22899,Simi Svgn Bl,750mL,1,14.99,14.99,2024-10-23,750.0,2,0.11,1392,CONSTELLATION BRANDS INC   
25_CAERSHIRE_28138,25,28138,Columbia Crest Grand Chard,750mL,1,9.99,9.99,2024-01-19,750.0,2,0.11,8673,STE MICHELLE WINE ESTATES  
30_CULCHETH_16351,30,16351,Girls in the Vineyard Cab S,750mL,1,20.99,20.99,2024-07-24,750.0,2,0.11,10754,PERFECTA WINES             
32_MOUNTMEND_3608,32,3608,Smirnoff Orange Vodka,50mL,9,8.91,0.99,2024-05-07,50.0,1,0.47,3960,DIAGEO NORTH AMERICA INC   
60_IRRAGIN_115,60,115,Belvedere Vodka,Liter,1,27.99,27.99,2024-12-24,1000.0,1,1.05,8112,MOET HENNESSY USA INC      
44_PORTHCRAWL_1892,44,1892,Yukon Jack,50mL,5,4.95,0.99,2024-10-22,50.0,1,0.26,3960,DIAGEO NORTH AMERICA INC   
50_MOUNTMEND_21627,50,21627,Ferrari Carano Pnt Grigio,750mL,1,14.99,14.99,2024-05-08,750.0,2,0.11,2000,SOUTHERN WINE & SPIRITS NE 
76_DONCASTER_2035,76,2035,Glen Moray Classic Scotch,750mL,1,19.99,19.99,2024-08-19,750.0,1,0.79,7153,PINE STATE TRADING CO      
66_EANVERNESS_40538,66,40538,Phillips Incognito Lodi Rd,750mL,1,15.99,15.99,2024-05-24,750.0,2,0.11,4425,MARTIGNETTI COMPANIES
10_HORNSEY_7715,10,7715,Andre Extra Dry,750mL,2,11.98,5.99,2024-01-17,750.0,2,0.22,3252,E & J GALLO WINERY         
77_TAMWORTH_3879,77,3879,Smirnoff 80 Proof Traveler,750mL,1,12.99,12.99,2024-11-10,750.0,1,0.79,3960,DIAGEO NORTH AMERICA INC   
60_IRRAGIN_41940,60,41940,Lange Willamette Pnt Nr,750mL,2,41.98,20.99,2024-01-19,750.0,2,0.22,9165,ULTRA BEVERAGE COMPANY LLP 
7_STANMORE_6285,7,6285,Gallo Twin Valley Wh Znfdl C,1.5L,1,9.99,9.99,2024-01-05,1500.0,2,0.22,3252,E & J GALLO WINERY         
50_MOUNTMEND_5015,50,5015,Arrow Creme de Banana,750mL,1,7.99,7.99,2024-04-05,750.0,1,0.79,8352,LUXCO INC                  
2_ASHBORNE_5096,2,5096,DeKuyper Peachtree Schnapps,750mL,2,21.98,10.99,2024-08-06,750.0,1,1.57,12546,JIM BEAM BRANDS COMPANY    
73_DONCASTER_6552,73,6552,Harveys Bristol Cream Sherry,1.5L,2,45.98,22.99,2024-11-10,1500.0,2,0.45,12546,JIM BEAM BRANDS COMPANY    
12_LEESIDE_3746,12,3746,Gordons Vodka 80 Proof,1.75L,2,21.98,10.99,2024-09-09,1750.0,1,3.67,3960,DIAGEO NORTH AMERICA INC   
67_EANVERNESS_43292,67,43292,Fish Eye Pnt Grigio,1.5L,1,9.99,9.99,2024-02-15,1500.0,2,0.22,9815,WINE GROUP INC             
6_GOULCREST_10606,6,10606,Parducci Cab Svgn,750mL,3,35.97,11.99,2024-03-08,750.0,2,0.34,9552,M S WALKER INC             
15_WANBORNE_5367,15,5367,Sambuca di Amore,750mL,1,7.99,7.99,2024-11-09,750.0,1,0.79,660,SAZERAC NORTH AMERICA INC. 
53_HILLFAR_3671,53,3671,Stolichnaya Razberi,50mL,1,1.99,1.99,2024-09-30,50.0,1,0.05,8664,"STOLI GROUP,(USA) LLC      "
13_TARMSWORTH_8680,13,8680,Crown Royal,1.75L,1,39.99,39.99,2024-08-15,1750.0,1,1.84,3960,DIAGEO NORTH AMERICA INC   
48_NORFOLK_4563,48,4563,Christian Bros Brandy,1.75L,4,75.96,18.99,2024-12-18,1750.0,1,7.35,3924,HEAVEN HILL DISTILLERIES   
23_ARBINGTON_4413,23,4413,Casamigos Blanco,50mL,2,3.98,1.99,2024-05-29,50.0,1,0.1,6213,MHW LTD                    
78_EASTHAVEN_8184,78,8184,Kahlua,50mL,5,9.95,1.99,2024-07-02,50.0,1,0.26,17035,PERNOD RICARD USA          
76_DONCASTER_3606,76,3606,Smirnoff Raspberry Vodka,50mL,15,14.85,0.99,2024-12-30,50.0,1,0.79,3960,DIAGEO NORTH AMERICA INC   
42_BLACK HOLLOW_1174,42,1174,Rebel Yell,1.75L,6,119.94,19.99,2024-04-27,1750.0,1,11.02,8352,LUXCO INC                  
74_PAENTMARWY_42097,74,42097,Toad Hollow Eriks The Red 12,750mL,2,15.98,7.99,2024-12-26,750.0,2,0.22,9552,M S WALKER INC             
29_AYLESBURY_7865,29,7865,Moet & Chandon Imperial,750mL,2,69.98,34.99,2024-10-31,750.0,2,0.22,8112,MOET HENNESSY USA INC      
69_MOUNTMEND_2788,69,2788,Laphroaig 10 Yr Single Malt,750mL,1,44.99,44.99,2024-07-29,750.0,1,0.79,12546,JIM BEAM BRANDS COMPANY    
73_DONCASTER_10254,73,10254,Beringer Classic Chard,750mL,3,14.97,4.99,2024-09-04,750.0,2,0.34,9819,TREASURY WINE ESTATES      
40_BULLMAR_39335,40,39335,Phillips Seven Deadly Znfdl,750mL,3,44.97,14.99,2024-10-04,750.0,2,0.34,4425,MARTIGNETTI COMPANIES
8_ALNERWICK_6654,8,6654,Veuve Clicquot Brut Yellow,750mL,3,119.97,39.99,2024-05-29,750.0,2,0.34,8112,MOET HENNESSY USA INC      
1_HARDERSFIELD_35472,1,35472,R M Woodbridge Pnt Grigio,1.5L,1,8.99,8.99,2024-01-03,1500.0,2,0.22,1392,CONSTELLATION BRANDS INC   
38_GOULCREST_3636,38,3636,Dr McGillicuddy's Mentholmnt,375mL,2,12.98,6.49,2024-01-24,375.0,1,0.79,8004,SAZERAC CO INC             
22_SHARNWICK_5109,22,5109,Dr McGillicuddy's Menth Trav,750mL,1,13.99,13.99,2024-05-02,750.0,1,0.79,8004,SAZERAC CO INC             
20_BREDWARDINE_2085,20,2085,Jesse James America's Outlaw,750mL,1,13.99,13.99,2024-09-01,750.0,1,0.79,653,STATE WINE & SPIRITS   
23_ARBINGTON_4264,23,4264,Capt Morgan Spiced Rum Trav,750mL,2,29.98,14.99,2024-09-09,750.0,1,1.57,3960,DIAGEO NORTH AMERICA INC   
73_DONCASTER_2418,73,2418,Crown Royal Regal Apple,750mL,2,45.98,22.99,2024-03-18,750.0,1,1.57,3960,DIAGEO NORTH AMERICA INC   
43_WOLFORD_8512,43,8512,Baileys Irish Cream,750mL,2,39.98,19.99,2024-01-23,750.0,1,1.57,3960,DIAGEO NORTH AMERICA INC   
4_EANVERNESS_15264,4,15264,Bridlewood Cab Svgn,750mL,2,21.98,10.99,2024-11-23,750.0,2,0.22,3252,E & J GALLO WINERY         
50_MOUNTMEND_4624,50,4624,Meukow 90,750mL,1,25.99,25.99,2024-10-21,750.0,1,0.79,660,SAZERAC NORTH AMERICA INC. 
41_LARNWICK_6273,41,6273,Vendange Wh Znfdl,1.5L,1,7.99,7.99,2024-03-03,1500.0,2,0.22,1392,CONSTELLATION BRANDS INC   
31_HORNSEY_3804,31,3804,Svedka Vodka,750mL,2,19.98,9.99,2024-02-01,750.0,1,1.57,1392,CONSTELLATION BRANDS INC   
59_CLAETHORPES_4201,59,4201,Calico Jack Silver Rum,1.75L,1,12.99,12.99,2024-06-02,1750.0,1,1.84,12546,JIM BEAM BRANDS COMPANY    
45_VERITAS_17177,45,17177,Beringer Classic Merlot,1.5L,6,41.94,6.99,2024-07-01,1500.0,2,1.35,9819,TREASURY WINE ESTATES      
63_SWORDBREAK_5133,63,5133,E&J Apple Brandy,750mL,1,8.99,8.99,2024-12-16,750.0,1,0.79,3252,E & J GALLO WINERY         
33_HORNSEY_5368,33,5368,Midori Melon Liqueur,750mL,2,39.98,19.99,2024-10-01,750.0,1,1.57,12546,JIM BEAM BRANDS COMPANY    
44_PORTHCRAWL_2436,44,2436,Crown Royal,375mL,1,14.99,14.99,2024-08-02,375.0,1,0.39,3960,DIAGEO NORTH AMERICA INC   
62_KILMARNOCK_32648,62,32648,Beringer Classic Wh Znfdl,1.5L,3,29.97,9.99,2024-08-19,1500.0,2,0.68,9819,TREASURY WINE ESTATES      
38_GOULCREST_17176,38,17176,Beringer Classic Chard,1.5L,1,12.99,12.99,2024-09-16,1500.0,2,0.22,9819,TREASURY WINE ESTATES      
34_PITMERDEN_4296,34,4296,Ronrico Silver Rum,1.75L,16,207.84,12.99,2024-01-29,1750.0,1,29.4,12546,JIM BEAM BRANDS COMPANY    
34_PITMERDEN_3342,34,3342,Bully Boy Old Fashioned RTD,750mL,2,45.98,22.99,2024-09-24,750.0,1,1.57,1189,BULLY BOY DISTILLERS       
9_BLACKPOOL_8130,9,8130,Bacardi Superior Rum,50mL,5,6.45,1.29,2024-12-15,50.0,1,0.26,480,BACARDI USA INC            
3_HORNSEY_3221,3,3221,Pinnacle Raspberry Vodka,750mL,1,10.99,10.99,2024-09-26,750.0,1,0.79,12546,JIM BEAM BRANDS COMPANY    
47_PELLA'S WISH_2114,47,2114,Black Velvet Canadian Whisky,1.75L,1,15.99,15.99,2024-04-23,1750.0,1,1.84,1392,CONSTELLATION BRANDS INC   
66_EANVERNESS_4176,66,4176,Blackheart Spiced Rum,750mL,1,10.99,10.99,2024-06-12,750.0,1,0.79,3924,HEAVEN HILL DISTILLERIES   
31_HORNSEY_27351,31,27351,Almaden Chard Cal B/B,5L,2,31.98,15.99,2024-08-31,5000.0,2,1.5,9815,WINE GROUP INC             
1_HARDERSFIELD_892,1,892,Uncle Val's Botanical Gin,750mL,1,33.99,33.99,2024-05-10,750.0,1,0.79,653,STATE WINE & SPIRITS   
59_CLAETHORPES_5337,59,5337,Drambuie,750mL,1,29.99,29.99,2024-02-06,750.0,1,0.79,3664,WILLIAM GRANT & SONS INC   
1_HARDERSFIELD_5491,1,5491,Rumpleminze,50mL,3,5.97,1.99,2024-10-03,50.0,1,0.16,3960,DIAGEO NORTH AMERICA INC   
70_KELD_35914,70,35914,Stone Cellars Chard,1.5L,1,7.99,7.99,2024-01-18,1500.0,2,0.22,9819,TREASURY WINE ESTATES      
51_ABERDEEN_21985,51,21985,Menage a Trois Midnight,750mL,4,43.96,10.99,2024-03-12,750.0,2,0.45,8892,TRINCHERO FAMILY ESTATES   
52_GRAYCOTT_16394,52,16394,Ghost Pines Red L Martini,750mL,1,13.99,13.99,2024-10-14,750.0,2,0.11,3252,E & J GALLO WINERY         
30_CULCHETH_497,30,497,Capt Morgan Spiced Rum,Liter,1,19.99,19.99,2024-08-31,1000.0,1,1.05,3960,DIAGEO NORTH AMERICA INC   
7_STANMORE_7261,7,7261,Gallo X Dry Vermouth,750mL,1,5.49,5.49,2024-05-28,750.0,2,0.11,3252,E & J GALLO WINERY         
22_SHARNWICK_3804,22,3804,Svedka Vodka,750mL,3,29.97,9.99,2024-09-17,750.0,1,2.36,1392,CONSTELLATION BRANDS INC   
76_DONCASTER_15047,76,15047,Zaccagnini Pnt Grigio,750mL,1,15.99,15.99,2024-12-04,750.0,2,0.11,2000,SOUTHERN WINE & SPIRITS NE 
66_EANVERNESS_21144,66,21144,Cherry Tart Pnt Nr,750mL,2,39.98,19.99,2024-08-14,750.0,2,0.22,4425,MARTIGNETTI COMPANIES
64_CESTERFIELD_2894,64,2894,Scoresby Rare,1.75L,1,17.99,17.99,2024-04-04,1750.0,1,1.84,3960,DIAGEO NORTH AMERICA INC   
57_LANTEGLOS_1961,57,1961,Everclear 151,1.75L,2,65.98,32.99,2024-08-05,1750.0,1,3.67,8352,LUXCO INC                  
60_IRRAGIN_1394,60,1394,Makers Mark,375mL,1,16.99,16.99,2024-07-09,375.0,1,0.39,12546,JIM BEAM BRANDS COMPANY    
2_ASHBORNE_1415,2,1415,Old Grand Dad,750mL,2,27.98,13.99,2024-12-19,750.0,1,1.57,12546,JIM BEAM BRANDS COMPANY    
58_HARTLEPOOL_3522,58,3522,Platinum 7X Distilled Vodka,1.75L,4,51.96,12.99,2024-06-20,1750.0,1,7.35,8004,SAZERAC CO INC             
55_DRY GULCH_7993,55,7993,Stock Italian X Dry Vermouth,750mL,2,12.98,6.49,2024-03-14,750.0,1,1.57,8352,LUXCO INC                  
61_AETHELNEY_19940,61,19940,Bogle Petite Sirah,750mL,1,10.99,10.99,2024-03-02,750.0,2,0.11,4425,MARTIGNETTI COMPANIES
33_HORNSEY_4246,33,4246,Bacardi Superior Rum,375mL,2,15.98,7.99,2024-08-13,375.0,1,0.79,480,BACARDI USA INC            
1_HARDERSFIELD_3386,1,3386,Skyy Infusions Cranberry,50mL,3,2.97,0.99,2024-09-29,50.0,1,0.16,11567,CAMPARI AMERICA            
79_BALLYMENA_4198,79,4198,Sailor Jerry Spiced Navy Rum,1.75L,3,74.97,24.99,2024-05-21,1750.0,1,5.51,3664,WILLIAM GRANT & SONS INC   
67_EANVERNESS_3305,67,3305,Canada House Canadian Whisky,1.75L,4,39.96,9.99,2024-07-17,1750.0,1,7.35,8352,LUXCO INC                  
58_HARTLEPOOL_8453,58,8453,1800 Silver Tequila,50mL,1,2.79,2.79,2024-12-22,50.0,1,0.05,7245,PROXIMO SPIRITS INC.       
34_PITMERDEN_14701,34,14701,Cupcake Red Velvet,750mL,12,83.88,6.99,2024-11-12,750.0,2,1.35,9815,WINE GROUP INC             
43_WOLFORD_31349,43,31349,Big House Red Cal,750mL,1,6.99,6.99,2024-03-07,750.0,2,0.11,9815,WINE GROUP INC             
25_CAERSHIRE_14240,25,14240,Ninety+Cellars Lot 2 Svgn Bl,750mL,3,32.97,10.99,2024-05-14,750.0,2,0.34,4950,LATITUDE BEVERAGE COMPANY  
66_EANVERNESS_20532,66,20532,Bread & Butter Pnt Nr,750mL,1,12.99,12.99,2024-05-22,750.0,2,0.11,653,STATE WINE & SPIRITS   
76_DONCASTER_3639,76,3639,Burnetts Peach Vodka,1.75L,5,49.95,9.99,2024-05-16,1750.0,1,9.19,3924,HEAVEN HILL DISTILLERIES   
47_PELLA'S WISH_3545,47,3545,Ketel One Vodka,1.75L,1,29.99,29.99,2024-01-05,1750.0,1,1.84,3960,DIAGEO NORTH AMERICA INC   
21_BALERNO_16806,21,16806,Apothic Winemakers White,750mL,1,9.99,9.99,2024-06-18,750.0,2,0.11,3252,E & J GALLO WINERY         
30_CULCHETH_16328,30,16328,Black Box Chard,500mL,2,9.98,4.99,2024-01-04,500.0,2,0.15,1392,CONSTELLATION BRANDS INC   
43_WOLFORD_3871,43,3871,Smirnoff Watermelon Vodka,750mL,1,10.99,10.99,2024-04-07,750.0,1,0.79,3960,DIAGEO NORTH AMERICA INC   
39_EASTHALLOW_3693,39,3693,Smirnoff Ruby Red Grapefruit,750mL,1,12.99,12.99,2024-10-27,750.0,1,0.79,3960,DIAGEO NORTH AMERICA INC   
62_KILMARNOCK_5101,62,5101,Dr McGillicuddy's Mentholmnt,750mL,1,13.99,13.99,2024-02-13,750.0,1,0.79,8004,SAZERAC CO INC             
12_LEESIDE_8296,12,8296,Knob Creek Smoked Maple,750mL,1,27.99,27.99,2024-04-23,750.0,1,0.79,12546,JIM BEAM BRANDS COMPANY    
7_STANMORE_7221,7,7221,M & R Sweet Vermouth,1.5L,4,41.96,10.49,2024-04-18,1500.0,2,0.9,480,BACARDI USA INC            
24_PALPERROTH_3726,24,3726,Gilbeys Vodka Traveler,750mL,1,5.99,5.99,2024-03-07,750.0,1,0.79,12546,JIM BEAM BRANDS COMPANY    
30_CULCHETH_23739,30,23739,Liberty School Cab Svgn,750mL,1,14.99,14.99,2024-11-07,750.0,2,0.11,4425,MARTIGNETTI COMPANIES
25_CAERSHIRE_37792,25,37792,Blackstone Pnt Nr Monterey,750mL,1,7.99,7.99,2024-04-17,750.0,2,0.11,1392,CONSTELLATION BRANDS INC   
1_HARDERSFIELD_14415,1,14415,Peter Lehmann Layers Red,750mL,6,47.94,7.99,2024-03-17,750.0,2,0.68,4425,MARTIGNETTI COMPANIES
60_IRRAGIN_2676,60,2676,Grand MacNish,1.75L,2,27.98,13.99,2024-09-27,1750.0,1,3.67,9552,M S WALKER INC             
28_LARNWICK_12227,28,12227,Korbel Sweet Rose,750mL,3,41.97,13.99,2024-07-03,750.0,2,0.34,1128,BROWN-FORMAN CORP          
17_OLDHAM_3054,17,3054,Smirnoff Kissed Caramel,750mL,6,65.94,10.99,2024-10-29,750.0,1,4.72,3960,DIAGEO NORTH AMERICA INC   
30_CULCHETH_415,30,415,Jose Cuervo Especial,Liter,1,21.99,21.99,2024-12-13,1000.0,1,1.05,7245,PROXIMO SPIRITS INC.       
38_GOULCREST_37313,38,37313,Salmon Run NY Rsl,750mL,1,11.99,11.99,2024-12-22,750.0,2,0.11,10754,PERFECTA WINES             
1_HARDERSFIELD_3598,1,3598,Ice Pik Vodka,750mL,1,13.99,13.99,2024-09-09,750.0,1,0.79,8150,SEA HAGG DISTILLERY LLC    
41_LARNWICK_14006,41,14006,Apothic Winemakers Red Blend,750mL,8,79.92,9.99,2024-07-10,750.0,2,0.9,3252,E & J GALLO WINERY         
69_MOUNTMEND_24953,69,24953,Chloe Prosecco,750mL,3,32.97,10.99,2024-04-02,750.0,2,0.34,9815,WINE GROUP INC             
1_HARDERSFIELD_39335,1,39335,Phillips Seven Deadly Znfdl,750mL,5,74.95,14.99,2024-10-02,750.0,2,0.56,4425,MARTIGNETTI COMPANIES
76_DONCASTER_11460,76,11460,Freemark Abbey Cab Svgn Napa,750mL,5,199.95,39.99,2024-08-26,750.0,2,0.56,9552,M S WALKER INC             
7_STANMORE_27351,7,27351,Almaden Chard Cal B/B,5L,2,31.98,15.99,2024-10-30,5000.0,2,1.5,9815,WINE GROUP INC             
50_MOUNTMEND_8214,50,8214,E & J Brandy VS,750mL,2,19.98,9.99,2024-08-08,750.0,1,1.57,3252,E & J GALLO WINERY         
23_ARBINGTON_6682,23,6682,R M Woodbridge Chard Cal,1.5L,11,109.89,9.99,2024-11-19,1500.0,2,2.47,1392,CONSTELLATION BRANDS INC   
76_DONCASTER_2975,76,2975,Bird Dog Blackberry Whiskey,750mL,1,14.99,14.99,2024-12-21,750.0,1,0.79,9625,WESTERN SPIRITS BEVERAGE CO
73_DONCASTER_3364,73,3364,Absolut Ruby Red,1.75L,3,74.97,24.99,2024-11-20,1750.0,1,5.51,17035,PERNOD RICARD USA          
45_VERITAS_4199,45,4199,Sauza Blanco Tequila,1.75L,2,45.98,22.99,2024-08-05,1750.0,1,3.67,12546,JIM BEAM BRANDS COMPANY    
15_WANBORNE_37310,15,37310,Salmon Run Coho Red NY,750mL,2,19.98,9.99,2024-12-05,750.0,2,0.22,10754,PERFECTA WINES             
59_CLAETHORPES_6565,59,6565,Clos du Bois Cab Svgn N Cst,750mL,1,12.99,12.99,2024-02-12,750.0,2,0.11,1392,CONSTELLATION BRANDS INC   
10_HORNSEY_1623,10,1623,Bulleit 95 Rye,375mL,1,15.99,15.99,2024-07-16,375.0,1,0.39,3960,DIAGEO NORTH AMERICA INC   
9_BLACKPOOL_5490,9,5490,DeKuyper Hot Damn Cinnamon,50mL,5,4.95,0.99,2024-09-08,50.0,1,0.26,12546,JIM BEAM BRANDS COMPANY    
30_CULCHETH_3837,30,3837,Skyy Vodka,50mL,3,2.97,0.99,2024-11-22,50.0,1,0.16,11567,CAMPARI AMERICA            
55_DRY GULCH_3545,55,3545,Ketel One Vodka,1.75L,12,383.88,31.99,2024-03-30,1750.0,1,22.05,3960,DIAGEO NORTH AMERICA INC   
34_PITMERDEN_28474,34,28474,Burgans Albarino Baixas Rio,750mL,2,21.98,10.99,2024-07-08,750.0,2,0.22,9552,M S WALKER INC             
38_GOULCREST_3545,38,3545,Ketel One Vodka,1.75L,29,869.71,29.99,2024-06-27,1750.0,1,53.29,3960,DIAGEO NORTH AMERICA INC   
55_DRY GULCH_8252,55,8252,Gazdina Rakija Plum Brandy,750mL,1,18.99,18.99,2024-12-19,750.0,1,0.79,7154,PREMIER DISTRIBUTORS       
17_OLDHAM_2122,17,2122,Canadian Club 1858,750mL,1,9.99,9.99,2024-11-06,750.0,1,0.79,12546,JIM BEAM BRANDS COMPANY    
11_CARDEND_2254,11,2254,Canadian Club Triple Aged,750mL,1,12.99,12.99,2024-08-21,750.0,1,0.79,12546,JIM BEAM BRANDS COMPANY    
73_DONCASTER_31070,73,31070,Treana Red Calif,750mL,1,32.99,32.99,2024-05-26,750.0,2,0.11,4425,MARTIGNETTI COMPANIES
41_LARNWICK_4370,41,4370,Ron Virgin White,1.75L,2,25.98,12.99,2024-01-04,1750.0,1,3.67,9552,M S WALKER INC             
66_EANVERNESS_2932,66,2932,Jameson Black Barrel,750mL,1,31.99,31.99,2024-03-02,750.0,1,0.79,17035,PERNOD RICARD USA          
69_MOUNTMEND_812,69,812,Jagermeister Liqueur,Liter,4,79.96,19.99,2024-11-23,1000.0,1,4.2,3089,SIDNEY FRANK IMPORTING CO  
41_LARNWICK_38899,41,38899,L Martini Cab Svgn Sonoma,750mL,4,47.96,11.99,2024-11-26,750.0,2,0.45,3252,E & J GALLO WINERY         
12_LEESIDE_25505,12,25505,B Doon Not Drinking Any Merl,750mL,4,39.96,9.99,2024-08-06,750.0,2,0.45,4425,MARTIGNETTI COMPANIES
20_BREDWARDINE_31452,20,31452,Foxhorn SE Cab Svgn Australi,1.5L,1,7.99,7.99,2024-06-14,1500.0,2,0.22,9815,WINE GROUP INC             
64_CESTERFIELD_435,64,435,Il Tramonto Limoncello,750mL,1,16.99,16.99,2024-09-02,750.0,1,0.79,7153,PINE STATE TRADING CO      
27_MOUNTMEND_8424,27,8424,1800 Coconut Tequila,750mL,1,26.99,26.99,2024-02-24,750.0,1,0.79,7245,PROXIMO SPIRITS INC.       
72_HARDERSFIELD_1892,72,1892,Yukon Jack,50mL,10,9.9,0.99,2024-04-25,50.0,1,0.52,3960,DIAGEO NORTH AMERICA INC   
41_LARNWICK_3857,41,3857,Grey Goose Vodka,1.75L,3,149.97,49.99,2024-08-20,1750.0,1,5.51,480,BACARDI USA INC            
15_WANBORNE_5696,15,5696,Midori Melon Liqueur,375mL,1,10.99,10.99,2024-08-03,375.0,1,0.39,12546,JIM BEAM BRANDS COMPANY    
49_GARIGILL_6896,49,6896,Sterling Merlot,750mL,1,17.99,17.99,2024-09-12,750.0,2,0.11,1590,DIAGEO CHATEAU ESTATE WINES
1_HARDERSFIELD_1375,1,1375,Jim Beam,750mL,2,29.98,14.99,2024-05-23,750.0,1,1.57,12546,JIM BEAM BRANDS COMPANY    
73_DONCASTER_27503,73,27503,Ch Ste Michelle Hrse Hvn Svg,750mL,1,14.99,14.99,2024-01-14,750.0,2,0.11,8673,STE MICHELLE WINE ESTATES  
1_HARDERSFIELD_10723,1,10723,R M Woodbridge Chard,1.5L,8,71.92,8.99,2024-12-29,1500.0,2,1.8,1392,CONSTELLATION BRANDS INC   
32_MOUNTMEND_4882,32,4882,Arrow Coffee Brandy,750mL,1,6.49,6.49,2024-04-15,750.0,1,0.79,8352,LUXCO INC                  
13_TARMSWORTH_11827,13,11827,Cupcake Merlot,750mL,1,6.99,6.99,2024-06-27,750.0,2,0.11,9815,WINE GROUP INC             
34_PITMERDEN_8298,34,8298,Skinnygirl Grapefruit Marg,750mL,1,9.99,9.99,2024-08-26,750.0,1,0.79,12546,JIM BEAM BRANDS COMPANY    
66_EANVERNESS_23649,66,23649,Tom Gore Cabernet Svgn CA,750mL,1,12.99,12.99,2024-03-28,750.0,2,0.11,1392,CONSTELLATION BRANDS INC   
28_LARNWICK_3452,28,3452,Vanya Light Vodka,1.75L,8,58.32,7.29,2024-06-19,1750.0,1,14.7,9552,M S WALKER INC             
50_MOUNTMEND_4229,50,4229,Bacardi Black,1.75L,1,19.99,19.99,2024-06-27,1750.0,1,1.84,480,BACARDI USA INC            
34_PITMERDEN_40559,34,40559,McManis Cab Svgn Cal,750mL,1,11.99,11.99,2024-09-29,750.0,2,0.11,653,STATE WINE & SPIRITS   
7_STANMORE_15922,7,15922,Primo Amore Moscato,750mL,1,9.99,9.99,2024-09-30,750.0,2,0.11,4425,MARTIGNETTI COMPANIES
66_EANVERNESS_8202,66,8202,Sambuca Romana,750mL,6,119.94,19.99,2024-06-03,750.0,1,4.72,3960,DIAGEO NORTH AMERICA INC   
38_GOULCREST_3485,38,3485,Luksusowa Potato Vodka,1.75L,2,39.98,19.99,2024-07-17,1750.0,1,3.67,4425,MARTIGNETTI COMPANIES
51_ABERDEEN_2115,51,2115,Black Velvet,750mL,1,6.49,6.49,2024-04-12,750.0,1,0.79,1392,CONSTELLATION BRANDS INC   
19_WINTERVALE_6575,19,6575,Kendall Jackson RSV Svgn Bl,750mL,1,11.99,11.99,2024-01-31,750.0,2,0.11,10000,MAJESTIC FINE WINES        
50_MOUNTMEND_3016,50,3016,Bombay Sapphire East Gin,750mL,1,24.99,24.99,2024-04-26,750.0,1,0.79,480,BACARDI USA INC            
69_MOUNTMEND_3987,69,3987,Smirnoff Peppermint Twist,750mL,1,10.99,10.99,2024-11-23,750.0,1,0.79,3960,DIAGEO NORTH AMERICA INC   
19_WINTERVALE_23973,19,23973,Catena RSV Cab Svgn,750mL,1,16.99,16.99,2024-02-04,750.0,2,0.11,9552,M S WALKER INC             
66_EANVERNESS_6586,66,6586,Citra Montepulciano,1.5L,1,9.99,9.99,2024-07-07,1500.0,2,0.22,6785,PALM BAY INTERNATIONAL INC 
31_HORNSEY_3161,31,3161,New Amsterdam Red Berry,750mL,1,10.99,10.99,2024-07-14,750.0,1,0.79,3252,E & J GALLO WINERY         
73_DONCASTER_450,73,450,Vincent Van Gogh Double Esp,750mL,3,74.97,24.99,2024-03-29,750.0,1,2.36,4425,MARTIGNETTI COMPANIES
69_MOUNTMEND_46093,69,46093,Mouton Cadet Rose,750mL,1,9.99,9.99,2024-04-16,750.0,2,0.11,1392,CONSTELLATION BRANDS INC   
1_HARDERSFIELD_23866,1,23866,Landhaus Mayer Gruner Veltli,750mL,2,23.98,11.99,2024-12-13,750.0,2,0.22,9552,M S WALKER INC             
59_CLAETHORPES_17954,59,17954,Drops of Jupiter Red,750mL,4,31.96,7.99,2024-09-07,750.0,2,0.45,9815,WINE GROUP INC             
70_KELD_5365,70,5365,Kahlua,750mL,2,39.98,19.99,2024-01-09,750.0,1,1.57,17035,PERNOD RICARD USA          
66_EANVERNESS_3951,66,3951,Hornitos Reposado Tequila,50mL,1,2.49,2.49,2024-01-13,50.0,1,0.05,12546,JIM BEAM BRANDS COMPANY    
59_CLAETHORPES_2722,59,2722,J & B Rare,750mL,1,21.99,21.99,2024-11-17,750.0,1,0.79,3960,DIAGEO NORTH AMERICA INC   
69_MOUNTMEND_4196,69,4196,Bacardi Dragon Berry Rum,750mL,5,59.95,11.99,2024-03-05,750.0,1,3.94,480,BACARDI USA INC            
60_IRRAGIN_8275,60,8275,El Mayor Anejo Tequila,750mL,1,36.99,36.99,2024-06-21,750.0,1,0.79,8352,LUXCO INC                  
62_KILMARNOCK_5440,62,5440,Jagermeister Liqueur,1.75L,3,104.97,34.99,2024-07-08,1750.0,1,5.51,3089,SIDNEY FRANK IMPORTING CO  
44_PORTHCRAWL_1373,44,1373,Jim Beam Honey,750mL,1,14.49,14.49,2024-01-06,750.0,1,0.79,12546,JIM BEAM BRANDS COMPANY    
7_STANMORE_6096,7,6096,Kinky Blue Liqueur,750mL,1,17.99,17.99,2024-06-01,750.0,1,0.79,7153,PINE STATE TRADING CO      
50_MOUNTMEND_8102,50,8102,Absolut Mandrin,1.75L,1,24.99,24.99,2024-05-11,1750.0,1,1.84,17035,PERNOD RICARD USA          
38_GOULCREST_3278,38,3278,Gordons London Dry,750mL,3,23.97,7.99,2024-07-01,750.0,1,2.36,3960,DIAGEO NORTH AMERICA INC   
76_DONCASTER_7788,76,7788,Piehole Apple Pie,750mL,1,12.99,12.99,2024-11-07,750.0,1,0.79,3960,DIAGEO NORTH AMERICA INC   
66_EANVERNESS_4416,66,4416,Cruzan Coconut Flavored Rum,750mL,1,9.99,9.99,2024-12-18,750.0,1,0.79,12546,JIM BEAM BRANDS COMPANY    
48_NORFOLK_4264,48,4264,Capt Morgan Spiced Rum Trav,750mL,1,14.99,14.99,2024-07-30,750.0,1,0.79,3960,DIAGEO NORTH AMERICA INC   
32_MOUNTMEND_8130,32,8130,Bacardi Superior Rum,50mL,3,3.87,1.29,2024-07-25,50.0,1,0.16,480,BACARDI USA INC            
10_HORNSEY_4218,10,4218,Sailor Jerry Spiced Navy Rum,750mL,1,16.99,16.99,2024-04-07,750.0,1,0.79,3664,WILLIAM GRANT & SONS INC   
7_STANMORE_2494,7,2494,Crown Royal Regal Apple,1.75L,1,46.99,46.99,2024-03-20,1750.0,1,1.84,3960,DIAGEO NORTH AMERICA INC   
68_SOLARIS_3879,68,3879,Smirnoff 80 Proof Traveler,750mL,1,12.99,12.99,2024-09-03,750.0,1,0.79,3960,DIAGEO NORTH AMERICA INC   
17_OLDHAM_4363,17,4363,Capt Morgan Black Spiced Rum,1.75L,1,32.99,32.99,2024-11-28,1750.0,1,1.84,3960,DIAGEO NORTH AMERICA INC   
34_PITMERDEN_6570,34,6570,Kendall Jackson Chard Vt RSV,750mL,62,619.38,9.99,2024-12-17,750.0,2,6.97,10000,MAJESTIC FINE WINES        
72_HARDERSFIELD_19662,72,19662,Santa Rita 120 Svgn Bl,750mL,2,11.98,5.99,2024-01-15,750.0,2,0.22,6785,PALM BAY INTERNATIONAL INC 
46_TYWARDREATH_15393,46,15393,Cupcake Pnt Grigio,750mL,7,55.93,7.99,2024-05-21,750.0,2,0.79,9815,WINE GROUP INC             
58_HARTLEPOOL_3798,58,3798,Ciroc Apple Vodka,750mL,2,49.98,24.99,2024-07-23,750.0,1,1.57,3960,DIAGEO NORTH AMERICA INC   
64_CESTERFIELD_1375,64,1375,Jim Beam,750mL,2,32.98,16.49,2024-03-03,750.0,1,1.57,12546,JIM BEAM BRANDS COMPANY    
76_DONCASTER_42462,76,42462,Gnarly Head Old Vine Znfdl,750mL,1,8.95,8.95,2024-03-31,750.0,2,0.11,2242,DELICATO VINEYARDS INC     
62_KILMARNOCK_33874,62,33874,Bella Sera Pinot Grigio Del,1.5L,2,19.98,9.99,2024-01-02,1500.0,2,0.45,3252,E & J GALLO WINERY         
57_LANTEGLOS_8135,57,8135,Choco Lat Liqueur,750mL,1,10.99,10.99,2024-11-25,750.0,1,0.79,9552,M S WALKER INC             
34_PITMERDEN_3987,34,3987,Smirnoff Peppermint Twist,750mL,6,65.94,10.99,2024-10-15,750.0,1,4.72,3960,DIAGEO NORTH AMERICA INC   
1_HARDERSFIELD_4563,1,4563,Christian Bros Brandy,1.75L,1,18.99,18.99,2024-03-12,1750.0,1,1.84,3924,HEAVEN HILL DISTILLERIES   
49_GARIGILL_40097,49,40097,Black Box Chard,3L,2,37.98,18.99,2024-05-02,3000.0,2,0.9,1392,CONSTELLATION BRANDS INC   
1_HARDERSFIELD_8680,1,8680,Crown Royal,1.75L,1,39.99,39.99,2024-06-12,1750.0,1,1.84,3960,DIAGEO NORTH AMERICA INC   
1_HARDERSFIELD_4345,1,4345,Capt Morgan Tattoo Rum,750mL,1,19.99,19.99,2024-01-15,750.0,1,0.79,3960,DIAGEO NORTH AMERICA INC   
74_PAENTMARWY_6116,74,6116,Sogno di Sorrento Lemoncell,750mL,1,25.99,25.99,2024-09-23,750.0,1,0.79,9165,ULTRA BEVERAGE COMPANY LLP 
48_NORFOLK_28069,48,28069,Sutter Home Merlot Cal,1.5L,2,19.98,9.99,2024-09-02,1500.0,2,0.45,8892,TRINCHERO FAMILY ESTATES   
59_CLAETHORPES_8815,59,8815,Ch Ste Michelle Chard Colmbi,750mL,1,7.95,7.95,2024-11-14,750.0,2,0.11,8673,STE MICHELLE WINE ESTATES  
67_EANVERNESS_44340,67,44340,Irony Pnt Nr Monterey,750mL,1,14.99,14.99,2024-02-14,750.0,2,0.11,2242,DELICATO VINEYARDS INC     
10_HORNSEY_37311,10,37311,Salmon Run NY Chard,750mL,1,9.99,9.99,2024-04-13,750.0,2,0.11,10754,PERFECTA WINES             
74_PAENTMARWY_23523,74,23523,19 Crimes Cab Svgn,750mL,1,10.99,10.99,2024-09-25,750.0,2,0.11,9819,TREASURY WINE ESTATES      
79_BALLYMENA_822,79,822,Tanqueray,Liter,1,26.99,26.99,2024-05-03,1000.0,1,1.05,3960,DIAGEO NORTH AMERICA INC   
21_BALERNO_8815,21,8815,Ch Ste Michelle Chard Colmbi,750mL,9,80.91,8.99,2024-07-08,750.0,2,1.01,8673,STE MICHELLE WINE ESTATES  
16_LUNDY_5410,16,5410,Raspberry di Amore,750mL,1,9.99,9.99,2024-04-28,750.0,1,0.79,660,SAZERAC NORTH AMERICA INC. 
16_LUNDY_17177,16,17177,Beringer Classic Merlot,1.5L,1,12.99,12.99,2024-03-06,1500.0,2,0.22,9819,TREASURY WINE ESTATES      
30_CULCHETH_811,30,811,Jack Daniels No 7 Black,Liter,6,191.94,31.99,2024-09-20,1000.0,1,6.3,1128,BROWN-FORMAN CORP          
31_HORNSEY_5490,31,5490,DeKuyper Hot Damn Cinnamon,50mL,2,1.98,0.99,2024-04-05,50.0,1,0.1,12546,JIM BEAM BRANDS COMPANY    
55_DRY GULCH_2586,55,2586,Jameson Irish Whiskey,50mL,4,11.96,2.99,2024-09-29,50.0,1,0.21,17035,PERNOD RICARD USA          
2_ASHBORNE_1180,2,1180,Evan Williams Black Label B,1.75L,2,41.98,20.99,2024-08-27,1750.0,1,3.67,3924,HEAVEN HILL DISTILLERIES   
2_ASHBORNE_14184,2,14184,Ch M Vert Lussac St Emilion,750mL,2,25.98,12.99,2024-03-11,750.0,2,0.22,7153,PINE STATE TRADING CO      
76_DONCASTER_8130,76,8130,Bacardi Superior Rum,50mL,1,1.29,1.29,2024-01-17,50.0,1,0.05,480,BACARDI USA INC            
66_EANVERNESS_43362,66,43362,Silver Oak Cab Svgn Napa,750mL,1,109.99,109.99,2024-09-10,750.0,2,0.11,4425,MARTIGNETTI COMPANIES
51_ABERDEEN_3724,51,3724,Absolut Citron,750mL,2,35.98,17.99,2024-06-08,750.0,1,1.57,17035,PERNOD RICARD USA          
34_PITMERDEN_24673,34,24673,Bolla Pinot Grigio,1.5L,2,25.98,12.99,2024-04-21,1500.0,2,0.45,516,BANFI PRODUCTS CORP        
31_HORNSEY_3104,31,3104,Smirnoff Whipped Cream,750mL,1,10.99,10.99,2024-12-17,750.0,1,0.79,3960,DIAGEO NORTH AMERICA INC   
34_PITMERDEN_5661,34,5661,Dr McGillicuddy's Root Beer,750mL,1,13.99,13.99,2024-10-24,750.0,1,0.79,8004,SAZERAC CO INC             
49_GARIGILL_32969,49,32969,Alice White Shiraz Ausl,1.5L,1,10.99,10.99,2024-11-16,1500.0,2,0.22,1392,CONSTELLATION BRANDS INC   
52_GRAYCOTT_3893,52,3893,Zhenka 80 Proof,1.75L,3,29.97,9.99,2024-08-13,1750.0,1,5.51,9552,M S WALKER INC             
51_ABERDEEN_37433,51,37433,C Y Toro Casillero Carmenere,750mL,1,11.99,11.99,2024-07-01,750.0,2,0.11,516,BANFI PRODUCTS CORP        
73_DONCASTER_22297,73,22297,Zorvino Vyds Pearz,750mL,1,9.99,9.99,2024-02-28,750.0,2,0.11,90058,ZORVINO VINEYARDS          
38_GOULCREST_26134,38,26134,Clos du Bois Znfdl Sonoma,750mL,1,8.99,8.99,2024-12-11,750.0,2,0.11,1392,CONSTELLATION BRANDS INC   
38_GOULCREST_5297,38,5297,Southern Comfort,750mL,2,27.98,13.99,2024-04-12,750.0,1,1.57,1128,BROWN-FORMAN CORP          
21_BALERNO_16317,21,16317,Noble Vines 446 Chard Monter,750mL,1,9.99,9.99,2024-12-27,750.0,2,0.11,2242,DELICATO VINEYARDS INC     
34_PITMERDEN_3636,34,3636,Dr McGillicuddy's Mentholmnt,375mL,3,22.47,7.49,2024-05-25,375.0,1,1.18,8004,SAZERAC CO INC             
25_CAERSHIRE_1962,25,1962,Jim Beam Apple,750mL,2,33.98,16.99,2024-06-04,750.0,1,1.57,12546,JIM BEAM BRANDS COMPANY    
79_BALLYMENA_8512,79,8512,Baileys Irish Cream,750mL,3,56.97,18.99,2024-01-02,750.0,1,2.36,3960,DIAGEO NORTH AMERICA INC   
14_BROMWICH_6168,14,6168,Kinky Pink Liqueur,375mL,1,6.49,6.49,2024-06-09,375.0,1,0.39,7153,PINE STATE TRADING CO      
2_ASHBORNE_20863,2,20863,W Hill Est Chard N Coast,750mL,1,10.99,10.99,2024-11-20,750.0,2,0.11,3252,E & J GALLO WINERY         
19_WINTERVALE_8144,19,8144,Corralejo Reposado Tequila,750mL,1,29.99,29.99,2024-06-24,750.0,1,0.79,9165,ULTRA BEVERAGE COMPANY LLP 
25_CAERSHIRE_1376,25,1376,Jim Beam,1.75L,4,83.96,20.99,2024-11-20,1750.0,1,7.35,12546,JIM BEAM BRANDS COMPANY    
66_EANVERNESS_2694,66,2694,Glenmorangie LaSanta,750mL,1,52.99,52.99,2024-01-27,750.0,1,0.79,8112,MOET HENNESSY USA INC      
76_DONCASTER_40097,76,40097,Black Box Chard,3L,2,37.98,18.99,2024-08-08,3000.0,2,0.9,1392,CONSTELLATION BRANDS INC   
66_EANVERNESS_46485,66,46485,Shafer Merlot Napa,750mL,2,111.98,55.99,2024-01-28,750.0,2,0.22,4425,MARTIGNETTI COMPANIES
60_IRRAGIN_41714,60,41714,Fish Eye Pnt Grigio,750mL,1,4.99,4.99,2024-12-04,750.0,2,0.11,9815,WINE GROUP INC             
34_PITMERDEN_4634,34,4634,Gold Crown Wh Rum,1.75L,3,32.97,10.99,2024-11-05,1750.0,1,5.51,9552,M S WALKER INC             
66_EANVERNESS_38370,66,38370,Oyster Bay Svgn Bl Marlboro,750mL,63,563.85,8.95,2024-07-02,750.0,2,7.09,4425,MARTIGNETTI COMPANIES
55_DRY GULCH_39750,55,39750,Red Diamond Merlot Wash,750mL,1,8.99,8.99,2024-12-14,750.0,2,0.11,8673,STE MICHELLE WINE ESTATES  
50_MOUNTMEND_4102,50,4102,Bacardi Raspberry Rum,750mL,1,9.99,9.99,2024-11-27,750.0,1,0.79,480,BACARDI USA INC            
74_PAENTMARWY_5251,74,5251,DeKuyper Buttershots Schnpps,50mL,2,1.98,0.99,2024-09-01,50.0,1,0.1,12546,JIM BEAM BRANDS COMPANY    
60_IRRAGIN_5197,60,5197,Southern Comfort,375mL,1,8.99,8.99,2024-04-08,375.0,1,0.39,1128,BROWN-FORMAN CORP          
38_GOULCREST_35490,38,35490,Sierra Cantabria Rioja Tint,750mL,4,47.96,11.99,2024-05-20,750.0,2,0.45,9552,M S WALKER INC             
69_MOUNTMEND_26403,69,26403,Mouton Cadet Ryder Cup Red B,750mL,1,14.99,14.99,2024-06-08,750.0,2,0.11,1392,CONSTELLATION BRANDS INC   
69_MOUNTMEND_1955,69,1955,Jack Daniels Tennessee Honey,375mL,1,10.99,10.99,2024-12-14,375.0,1,0.39,1128,BROWN-FORMAN CORP          
64_CESTERFIELD_23595,64,23595,Almaden Burgundy B/B,5L,1,14.99,14.99,2024-08-27,5000.0,2,0.75,9815,WINE GROUP INC             
48_NORFOLK_3826,48,3826,Skyy Vodka,1.75L,3,59.97,19.99,2024-10-26,1750.0,1,5.51,11567,CAMPARI AMERICA            
64_CESTERFIELD_15393,64,15393,Cupcake Pnt Grigio,750mL,5,39.95,7.99,2024-03-19,750.0,2,0.56,9815,WINE GROUP INC             
1_HARDERSFIELD_32989,1,32989,Barefoot Cab Svgn Cal,1.5L,1,10.99,10.99,2024-12-01,1500.0,2,0.22,3252,E & J GALLO WINERY         
23_ARBINGTON_5628,23,5628,Baja Rosa Strawberry Liqueur,750mL,2,19.98,9.99,2024-04-27,750.0,1,1.57,8004,SAZERAC CO INC             
2_ASHBORNE_3282,2,3282,Skyy Watermelon Fresca Vodka,50mL,2,1.98,0.99,2024-02-03,50.0,1,0.1,11567,CAMPARI AMERICA            
55_DRY GULCH_8413,55,8413,St Elder Elderflower Liqueur,750mL,1,17.99,17.99,2024-08-13,750.0,1,0.79,9552,M S WALKER INC             
43_WOLFORD_10957,43,10957,Seaglass Svgn Bl Snt Barbara,750mL,1,9.99,9.99,2024-01-22,750.0,2,0.11,8892,TRINCHERO FAMILY ESTATES   
56_BEGGAR'S HOLE_2589,56,2589,Jameson Irish Whiskey,1.75L,1,39.99,39.99,2024-10-07,1750.0,1,1.84,17035,PERNOD RICARD USA          
78_EASTHAVEN_3522,78,3522,Platinum 7X Distilled Vodka,1.75L,2,25.98,12.99,2024-06-29,1750.0,1,3.67,8004,SAZERAC CO INC             
54_GUTHRAM_3139,54,3139,Grey Goose Le Melon,750mL,1,23.99,23.99,2024-04-30,750.0,1,0.79,480,BACARDI USA INC            
51_ABERDEEN_8815,51,8815,Ch Ste Michelle Chard Colmbi,750mL,7,55.65,7.95,2024-11-10,750.0,2,0.79,8673,STE MICHELLE WINE ESTATES  
23_ARBINGTON_29077,23,29077,Pine Ridge Chn Bl/Viognier,750mL,1,14.99,14.99,2024-02-21,750.0,2,0.11,4425,MARTIGNETTI COMPANIES
21_BALERNO_20419,21,20419,Spalletti Toscana Rosso Palz,750mL,1,19.49,19.49,2024-02-11,750.0,2,0.11,4692,KOBRAND CORPORATION        
65_LUTON_3102,65,3102,Smirnoff Traveler,1.75L,2,35.98,17.99,2024-08-21,1750.0,1,3.67,3960,DIAGEO NORTH AMERICA INC   
30_CULCHETH_47014,30,47014,Juan Gil Jumilla Rd,750mL,2,23.98,11.99,2024-06-09,750.0,2,0.22,9552,M S WALKER INC             
38_GOULCREST_5330,38,5330,Kahlua White Russian RTD,1.75L,1,15.99,15.99,2024-12-21,1750.0,1,1.84,17035,PERNOD RICARD USA          
45_VERITAS_3050,45,3050,Bowman Vodka,1.75L,1,8.99,8.99,2024-01-17,1750.0,1,1.84,8004,SAZERAC CO INC             
7_STANMORE_40098,7,40098,Black Box Merlot Cal,3L,2,37.98,18.99,2024-12-08,3000.0,2,0.9,1392,CONSTELLATION BRANDS INC   
65_LUTON_27042,65,27042,Luna di Luna Chard/Pnt Grigo,750mL,1,9.99,9.99,2024-11-25,750.0,2,0.11,9552,M S WALKER INC             
21_BALERNO_36620,21,36620,Talbott Kali Hart Mtry Chard,750mL,1,16.99,16.99,2024-07-24,750.0,2,0.11,3252,E & J GALLO WINERY         
76_DONCASTER_2876,76,2876,The Irishman Single Malt,750mL,1,32.99,32.99,2024-10-10,750.0,1,0.79,6785,PALM BAY INTERNATIONAL INC 
18_FURNESS_5096,18,5096,DeKuyper Peachtree Schnapps,750mL,1,9.99,9.99,2024-05-25,750.0,1,0.79,12546,JIM BEAM BRANDS COMPANY    
6_GOULCREST_6174,6,6174,Columbia Crest Grand Merlot,750mL,1,9.99,9.99,2024-01-29,750.0,2,0.11,8673,STE MICHELLE WINE ESTATES  
33_HORNSEY_495,33,495,Sweet Carolina Sweet Tea Vdk,Liter,2,31.98,15.99,2024-08-18,1000.0,1,2.1,8004,SAZERAC CO INC             
66_EANVERNESS_16289,66,16289,Barefoot Bubbly Pink Moscato,750mL,3,29.97,9.99,2024-02-15,750.0,2,0.34,3252,E & J GALLO WINERY         
2_ASHBORNE_5003,2,5003,Brinley Shipwreck Coconut Cr,50mL,6,5.94,0.99,2024-06-29,50.0,1,0.32,9165,ULTRA BEVERAGE COMPANY LLP 
63_SWORDBREAK_1817,63,1817,Irishman Founders RSV Whisky,750mL,1,21.99,21.99,2024-10-13,750.0,1,0.79,6785,PALM BAY INTERNATIONAL INC 
39_EASTHALLOW_8187,39,8187,Wild Turkey,750mL,1,19.99,19.99,2024-10-06,750.0,1,0.79,11567,CAMPARI AMERICA            
59_CLAETHORPES_28474,59,28474,Burgans Albarino Baixas Rio,750mL,3,32.97,10.99,2024-06-30,750.0,2,0.34,9552,M S WALKER INC             
62_KILMARNOCK_31497,62,31497,Barefoot Svgn Bl Cal,1.5L,1,8.75,8.75,2024-07-02,1500.0,2,0.22,3252,E & J GALLO WINERY         
49_GARIGILL_5404,49,5404,E & J Superior Rsv VSOP,375mL,2,10.98,5.49,2024-10-04,375.0,1,0.79,3252,E & J GALLO WINERY         
55_DRY GULCH_824,55,824,Dewars White Label Scotch,Liter,1,26.99,26.99,2024-06-01,1000.0,1,1.05,480,BACARDI USA INC            
48_NORFOLK_3837,48,3837,Skyy Vodka,50mL,2,1.98,0.99,2024-01-31,50.0,1,0.1,11567,CAMPARI AMERICA            
77_TAMWORTH_4764,77,4764,Flor de Cana Gran Rsv Rum,750mL,2,39.98,19.99,2024-03-25,750.0,1,1.57,3664,WILLIAM GRANT & SONS INC   
73_DONCASTER_4429,73,4429,Capt Morgan Silver Spicd Rum,1.75L,7,160.93,22.99,2024-10-16,1750.0,1,12.86,3960,DIAGEO NORTH AMERICA INC   
19_WINTERVALE_6096,19,6096,Kinky Blue Liqueur,750mL,1,17.99,17.99,2024-10-28,750.0,1,0.79,7153,PINE STATE TRADING CO      
78_EASTHAVEN_5401,78,5401,Jagermeister Liqueur,200mL,2,11.98,5.99,2024-05-30,200.0,1,0.42,3089,SIDNEY FRANK IMPORTING CO  
52_GRAYCOTT_3687,52,3687,Fleischmanns Royal Traveler,750mL,1,5.99,5.99,2024-09-12,750.0,1,0.79,660,SAZERAC NORTH AMERICA INC. 
75_BARNCOMBE_822,75,822,Tanqueray,Liter,2,53.98,26.99,2024-02-12,1000.0,1,2.1,3960,DIAGEO NORTH AMERICA INC   
2_ASHBORNE_1388,2,1388,Red Stag by Jim Beam,1.75L,6,167.94,27.99,2024-11-13,1750.0,1,11.02,12546,JIM BEAM BRANDS COMPANY    
34_PITMERDEN_8519,34,8519,Dekuyper Orange Curacao,750mL,1,6.99,6.99,2024-10-21,750.0,1,0.79,12546,JIM BEAM BRANDS COMPANY    
75_BARNCOMBE_4798,75,4798,Sambuca Romana Liqueur,50mL,9,17.91,1.99,2024-12-31,50.0,1,0.47,3960,DIAGEO NORTH AMERICA INC   
50_MOUNTMEND_5197,50,5197,Southern Comfort,375mL,3,23.97,7.99,2024-11-23,375.0,1,1.18,8004,SAZERAC CO INC             
23_ARBINGTON_6226,23,6226,Marcus James Chard,1.5L,4,31.96,7.99,2024-04-04,1500.0,2,0.9,1392,CONSTELLATION BRANDS INC   
66_EANVERNESS_21864,66,21864,Dom Carneros Brut,750mL,5,124.95,24.99,2024-06-29,750.0,2,0.56,4692,KOBRAND CORPORATION        
69_MOUNTMEND_2432,69,2432,Crown Royal,750mL,1,24.99,24.99,2024-09-25,750.0,1,0.79,3960,DIAGEO NORTH AMERICA INC   
30_CULCHETH_3183,30,3183,Jose Cuervo Tradicional Slvr,750mL,1,19.99,19.99,2024-03-05,750.0,1,0.79,7245,PROXIMO SPIRITS INC.       
61_AETHELNEY_3745,61,3745,Taaka Vodka Traveler,750mL,2,9.98,4.99,2024-04-09,750.0,1,1.57,8004,SAZERAC CO INC             
79_BALLYMENA_1867,79,1867,Jack Daniels Tennessee Honey,50mL,3,8.97,2.99,2024-09-02,50.0,1,0.16,1128,BROWN-FORMAN CORP          
63_SWORDBREAK_3684,63,3684,Fleischmanns Royal Vodka,1.75L,5,49.95,9.99,2024-03-16,1750.0,1,9.19,660,SAZERAC NORTH AMERICA INC. 
25_CAERSHIRE_3505,25,3505,Tito's Handmade Vodka,750mL,1,18.99,18.99,2024-02-28,750.0,1,0.79,4425,MARTIGNETTI COMPANIES
14_BROMWICH_435,14,435,Il Tramonto Limoncello,750mL,1,15.99,15.99,2024-06-04,750.0,1,0.79,7153,PINE STATE TRADING CO      
37_PAETHSMOUTH_34137,37,34137,Fat Bastard Chard,750mL,1,9.99,9.99,2024-09-02,750.0,2,0.11,7153,PINE STATE TRADING CO      
39_EASTHALLOW_26551,39,26551,C R Clrs Fortissimo Red,4L,1,21.99,21.99,2024-12-21,4000.0,2,0.6,2000,SOUTHERN WINE & SPIRITS NE 
27_MOUNTMEND_3464,27,3464,UV Blue Raspberry Vodka,1.75L,1,17.99,17.99,2024-05-13,1750.0,1,1.84,9206,PHILLIPS PRODUCTS CO.      
20_BREDWARDINE_41144,20,41144,Red Diamond Chard Wash,750mL,12,107.88,8.99,2024-02-26,750.0,2,1.35,8673,STE MICHELLE WINE ESTATES  
8_ALNERWICK_23273,8,23273,Apothic Crush,750mL,1,7.46,7.46,2024-05-04,750.0,2,0.11,3252,E & J GALLO WINERY         
63_SWORDBREAK_2834,63,2834,Old Smuggler P E T,1.75L,1,16.99,16.99,2024-03-26,1750.0,1,1.84,8320,SHAW ROSS INT L IMP LTD    
76_DONCASTER_5676,76,5676,Kinky Liqueur,50mL,9,17.91,1.99,2024-06-20,50.0,1,0.47,7153,PINE STATE TRADING CO      
33_HORNSEY_22362,33,22362,Barefoot Bubbly Peach Fusion,750mL,1,9.99,9.99,2024-03-18,750.0,2,0.11,3252,E & J GALLO WINERY         
10_HORNSEY_4804,10,4804,Rhum Barbancourt RSV Special,750mL,1,20.99,20.99,2024-09-25,750.0,1,0.79,6213,MHW LTD                    
20_BREDWARDINE_11219,20,11219,Josh Cellars Cab Svgn Sonoma,750mL,3,44.97,14.99,2024-01-29,750.0,2,0.34,4425,MARTIGNETTI COMPANIES
72_HARDERSFIELD_6725,72,6725,Franzia Crisp White Tap,5L,4,59.96,14.99,2024-05-18,5000.0,2,3.0,9815,WINE GROUP INC             
79_BALLYMENA_5317,79,5317,B & B Liqueur Dom,50mL,2,6.58,3.29,2024-12-31,50.0,1,0.1,480,BACARDI USA INC            
1_HARDERSFIELD_3046,1,3046,Ciroc Peach Vodka,1.75L,1,48.99,48.99,2024-12-31,1750.0,1,1.84,3960,DIAGEO NORTH AMERICA INC   
11_CARDEND_28163,11,28163,Villa Maria Svgn Bl Pvt Bin,750mL,1,12.99,12.99,2024-02-12,750.0,2,0.11,8673,STE MICHELLE WINE ESTATES  
68_SOLARIS_44038,68,44038,Barefoot Pnt Grigio Cal,1.5L,3,35.97,11.99,2024-02-12,1500.0,2,0.68,3252,E & J GALLO WINERY         
68_SOLARIS_5392,68,5392,Goldschlager Cinnamon Schnps,750mL,1,19.99,19.99,2024-05-21,750.0,1,0.79,3960,DIAGEO NORTH AMERICA INC   
51_ABERDEEN_29477,51,29477,R Mondavi Pvt Sel Rsl,750mL,1,10.99,10.99,2024-11-22,750.0,2,0.11,1392,CONSTELLATION BRANDS INC   
53_HILLFAR_3310,53,3310,Pinnacle Vodka,375mL,1,4.99,4.99,2024-02-11,375.0,1,0.39,12546,JIM BEAM BRANDS COMPANY    
13_TARMSWORTH_2432,13,2432,Crown Royal,750mL,1,20.99,20.99,2024-07-17,750.0,1,0.79,3960,DIAGEO NORTH AMERICA INC   
38_GOULCREST_12213,38,12213,Evodia Garnacha Old Vine,750mL,2,17.98,8.99,2024-11-19,750.0,2,0.22,9552,M S WALKER INC             
68_SOLARIS_6224,68,6224,La Belle Orange Liqueur,750mL,1,16.99,16.99,2024-06-23,750.0,1,0.79,8004,SAZERAC CO INC             
36_LEWES_10596,36,10596,Almaden Mt Rhine Calif B/B,5L,2,33.98,16.99,2024-03-12,5000.0,2,1.5,9815,WINE GROUP INC             
52_GRAYCOTT_8112,52,8112,Stolichnaya,1.75L,12,299.88,24.99,2024-07-18,1750.0,1,22.05,8664,"STOLI GROUP,(USA) LLC      "
9_BLACKPOOL_8506,9,8506,Myers Original Dark Rum,1.75L,1,29.99,29.99,2024-07-09,1750.0,1,1.84,3960,DIAGEO NORTH AMERICA INC   
61_AETHELNEY_2465,61,2465,Crown Royal Mini,50mL,2,5.98,2.99,2024-10-08,50.0,1,0.1,3960,DIAGEO NORTH AMERICA INC   
10_HORNSEY_19996,10,19996,Inspired Red Blend CA,750mL,1,5.99,5.99,2024-08-16,750.0,2,0.11,9552,M S WALKER INC             
79_BALLYMENA_802,79,802,Bacardi Torched Cherry Rum,750mL,1,11.99,11.99,2024-03-19,750.0,1,0.79,480,BACARDI USA INC            
1_HARDERSFIELD_5447,1,5447,Jagermeister Liqueur,375mL,4,39.96,9.99,2024-08-27,375.0,1,1.57,3089,SIDNEY FRANK IMPORTING CO  
25_CAERSHIRE_5714,25,5714,Jose Cuervo Lime Margarita,200mL 4 Pk,2,19.98,9.99,2024-06-25,200.0,1,0.42,7245,PROXIMO SPIRITS INC.       
55_DRY GULCH_8961,55,8961,Jose Cuervo Especial,50mL,7,10.43,1.49,2024-01-16,50.0,1,0.37,7245,PROXIMO SPIRITS INC.       
47_PELLA'S WISH_16260,47,16260,The Dreaming Tree Cab Svgn,750mL,3,35.97,11.99,2024-12-02,750.0,2,0.34,1392,CONSTELLATION BRANDS INC   
32_MOUNTMEND_3244,32,3244,Burnetts Vodka,750mL,1,6.79,6.79,2024-06-04,750.0,1,0.79,3924,HEAVEN HILL DISTILLERIES   
25_CAERSHIRE_25046,25,25046,Bully Hill Love My Goat Rd,750mL,2,21.98,10.99,2024-03-26,750.0,2,0.22,2000,SOUTHERN WINE & SPIRITS NE 
58_HARTLEPOOL_32648,58,32648,Beringer Classic Wh Znfdl,1.5L,5,49.95,9.99,2024-08-19,1500.0,2,1.12,9819,TREASURY WINE ESTATES      
55_DRY GULCH_599,55,599,Stolichnaya Razberi,Liter,6,149.94,24.99,2024-03-08,1000.0,1,6.3,8664,"STOLI GROUP,(USA) LLC      "
73_DONCASTER_8166,73,8166,Mount Gay Eclipse,750mL,4,79.96,19.99,2024-02-19,750.0,1,3.15,7239,REMY COINTREAU USA INC     
11_CARDEND_38441,11,38441,Toasted Head Cab Svgn,750mL,2,21.98,10.99,2024-06-02,750.0,2,0.22,1392,CONSTELLATION BRANDS INC   
49_GARIGILL_3798,49,3798,Ciroc Apple Vodka,750mL,1,24.99,24.99,2024-10-01,750.0,1,0.79,3960,DIAGEO NORTH AMERICA INC   
23_ARBINGTON_7978,23,7978,M & R X Dry Vermouth,750mL,1,7.49,7.49,2024-03-18,750.0,1,0.79,480,BACARDI USA INC            
38_GOULCREST_4304,38,4304,Bacardi Mango Fusion,50mL,2,1.98,0.99,2024-04-13,50.0,1,0.1,480,BACARDI USA INC            
32_MOUNTMEND_7262,32,7262,Gallo Sweet Vermouth,750mL,1,5.49,5.49,2024-06-30,750.0,2,0.11,3252,E & J GALLO WINERY         
75_BARNCOMBE_3038,75,3038,Zhenka Raspberry Vodka,1.75L,2,21.98,10.99,2024-06-24,1750.0,1,3.67,9552,M S WALKER INC             
38_GOULCREST_1269,38,1269,Jeffersons Bourbon,750mL,2,51.98,25.99,2024-11-15,750.0,1,1.57,1485,CASTLE BRANDS CORP.        
79_BALLYMENA_3773,79,3773,General John Stark Vodka,750mL,1,29.99,29.99,2024-10-27,750.0,1,0.79,17031,FLAG HILL WINERY & VINEYARD
25_CAERSHIRE_2924,25,2924,Speyburn 10-Yr Single Malt,750mL,2,47.98,23.99,2024-05-27,750.0,1,1.57,8004,SAZERAC CO INC             
28_LARNWICK_31320,28,31320,La Vieille Ferme Rose Vntoux,750mL,2,13.98,6.99,2024-02-29,750.0,2,0.22,1587,VINEYARD BRANDS INC        
65_LUTON_8053,65,8053,Seagrams 7 Crown,50mL,2,1.98,0.99,2024-02-15,50.0,1,0.1,3960,DIAGEO NORTH AMERICA INC   
74_PAENTMARWY_3728,74,3728,Absolut Citron,1.75L,1,24.99,24.99,2024-07-14,1750.0,1,1.84,17035,PERNOD RICARD USA          
55_DRY GULCH_18369,55,18369,Sequin Delicately Moscato,750mL,1,7.99,7.99,2024-12-17,750.0,2,0.11,2242,DELICATO VINEYARDS INC     
8_ALNERWICK_3684,8,3684,Fleischmanns Royal Vodka,1.75L,15,149.85,9.99,2024-07-16,1750.0,1,27.56,660,SAZERAC NORTH AMERICA INC. 
1_HARDERSFIELD_26732,1,26732,Bonterra Cab Svgn Organic,750mL,2,23.98,11.99,2024-11-20,750.0,2,0.22,9165,ULTRA BEVERAGE COMPANY LLP 
27_MOUNTMEND_3489,27,3489,Tanqueray,1.75L,2,59.98,29.99,2024-10-19,1750.0,1,3.67,3960,DIAGEO NORTH AMERICA INC   
6_GOULCREST_14342,6,14342,Cupcake Pnt Nr,750mL,1,6.99,6.99,2024-12-01,750.0,2,0.11,9815,WINE GROUP INC             
50_MOUNTMEND_2148,50,2148,Canadian Mist Traveler,750mL,1,8.99,8.99,2024-04-30,750.0,1,0.79,1128,BROWN-FORMAN CORP          
72_HARDERSFIELD_3345,72,3345,Bombay Sapphire Gin,50mL,4,7.96,1.99,2024-06-08,50.0,1,0.21,480,BACARDI USA INC            
52_GRAYCOTT_3684,52,3684,Fleischmanns Royal Vodka,1.75L,8,79.92,9.99,2024-08-18,1750.0,1,14.7,660,SAZERAC NORTH AMERICA INC. 
6_GOULCREST_10609,6,10609,Oyster Bay Chard Marlboro,750mL,1,14.99,14.99,2024-10-13,750.0,2,0.11,4425,MARTIGNETTI COMPANIES
54_GUTHRAM_6984,54,6984,Kendall Jackson Vntrs RSV Me,750mL,1,15.99,15.99,2024-12-26,750.0,2,0.11,10000,MAJESTIC FINE WINES        
15_WANBORNE_38406,15,38406,Simi Landslide Cab Svgn Alex,750mL,1,23.99,23.99,2024-07-16,750.0,2,0.11,1392,CONSTELLATION BRANDS INC   
16_LUNDY_6499,16,6499,Kinky Liqueur,750mL,1,17.99,17.99,2024-06-29,750.0,1,0.79,7153,PINE STATE TRADING CO      
27_MOUNTMEND_41713,27,41713,Fish Eye Merlot,750mL,1,4.99,4.99,2024-11-21,750.0,2,0.11,9815,WINE GROUP INC             
2_ASHBORNE_21308,2,21308,Chloe Pnt Grigio,750mL,1,10.99,10.99,2024-12-10,750.0,2,0.11,9815,WINE GROUP INC             
4_EANVERNESS_1892,4,1892,Yukon Jack,50mL,1,0.99,0.99,2024-01-24,50.0,1,0.05,3960,DIAGEO NORTH AMERICA INC   
77_TAMWORTH_5242,77,5242,Cointreau Liqueur,750mL,1,29.99,29.99,2024-12-30,750.0,1,0.79,7239,REMY COINTREAU USA INC     
44_PORTHCRAWL_2155,44,2155,McClelland Islay Single Malt,1.75L,2,71.98,35.99,2024-05-22,1750.0,1,3.67,12546,JIM BEAM BRANDS COMPANY    
66_EANVERNESS_3745,66,3745,Taaka Vodka Traveler,750mL,1,4.99,4.99,2024-02-04,750.0,1,0.79,8004,SAZERAC CO INC             
54_GUTHRAM_3607,54,3607,Smirnoff Citrus Vodka,50mL,6,5.94,0.99,2024-09-03,50.0,1,0.32,3960,DIAGEO NORTH AMERICA INC   
72_HARDERSFIELD_16180,72,16180,Skinnygirl Sangria,750mL,1,10.99,10.99,2024-02-13,750.0,2,0.11,12546,JIM BEAM BRANDS COMPANY    
64_CESTERFIELD_46489,64,46489,Eppa Red Sangria Organic,750mL,1,10.99,10.99,2024-11-29,750.0,2,0.11,4425,MARTIGNETTI COMPANIES
73_DONCASTER_3512,73,3512,Pinnacle Vodka,1.75L,1,16.99,16.99,2024-01-27,1750.0,1,1.84,12546,JIM BEAM BRANDS COMPANY    
39_EASTHALLOW_18743,39,18743,Ca'Momi Merlot Napa Valley,750mL,8,79.92,9.99,2024-04-02,750.0,2,0.9,10754,PERFECTA WINES             
62_KILMARNOCK_5731,62,5731,Malibu Passion Fruit Rum,750mL,1,11.99,11.99,2024-07-08,750.0,1,0.79,17035,PERNOD RICARD USA          
75_BARNCOMBE_32648,75,32648,Beringer Classic Wh Znfdl,1.5L,2,13.98,6.99,2024-07-19,1500.0,2,0.45,9819,TREASURY WINE ESTATES      
32_MOUNTMEND_1993,32,1993,Maker's Mark 46,375mL,1,20.99,20.99,2024-10-06,375.0,1,0.39,12546,JIM BEAM BRANDS COMPANY    
34_PITMERDEN_17876,34,17876,Darkhorse Cab Svgn,750mL,2,15.98,7.99,2024-11-20,750.0,2,0.22,3252,E & J GALLO WINERY         
24_PALPERROTH_2155,24,2155,McClelland Islay Single Malt,1.75L,1,33.99,33.99,2024-06-11,1750.0,1,1.84,12546,JIM BEAM BRANDS COMPANY    
34_PITMERDEN_8497,34,8497,Kamora Coffee,750mL,1,10.99,10.99,2024-06-10,750.0,1,0.79,12546,JIM BEAM BRANDS COMPANY    
25_CAERSHIRE_6278,25,6278,Sterling Svgn Bl,750mL,2,25.98,12.99,2024-07-14,750.0,2,0.22,1590,DIAGEO CHATEAU ESTATE WINES
66_EANVERNESS_3522,66,3522,Platinum 7X Distilled Vodka,1.75L,3,38.97,12.99,2024-08-15,1750.0,1,5.51,8004,SAZERAC CO INC             
48_NORFOLK_3351,48,3351,Pinnacle Whipped Vodka,1.75L,1,16.99,16.99,2024-02-14,1750.0,1,1.84,12546,JIM BEAM BRANDS COMPANY    
38_GOULCREST_4882,38,4882,Arrow Coffee Brandy,750mL,1,8.49,8.49,2024-11-23,750.0,1,0.79,8352,LUXCO INC                  
7_STANMORE_4724,7,4724,Patron Citronge Lime Liqueur,750mL,1,20.99,20.99,2024-05-29,750.0,1,0.79,9165,ULTRA BEVERAGE COMPANY LLP 
69_MOUNTMEND_3963,69,3963,Menage A Trois Vodka,750mL,3,32.97,10.99,2024-12-31,750.0,1,2.36,8892,TRINCHERO FAMILY ESTATES   
53_HILLFAR_2602,53,2602,Caol Ila 12 Yr Islay Single,750mL,1,59.99,59.99,2024-08-06,750.0,1,0.79,3960,DIAGEO NORTH AMERICA INC   
66_EANVERNESS_37984,66,37984,Barone Fini Pnt Gr Valdadige,750mL,1,10.99,10.99,2024-02-14,750.0,2,0.11,4425,MARTIGNETTI COMPANIES
41_LARNWICK_3924,41,3924,Espolon Blanco Tequila,750mL,1,26.99,26.99,2024-10-29,750.0,1,0.79,11567,CAMPARI AMERICA            
56_BEGGAR'S HOLE_8111,56,8111,Smirnoff 80 Proof,50mL,8,7.92,0.99,2024-06-13,50.0,1,0.42,3960,DIAGEO NORTH AMERICA INC   
30_CULCHETH_3503,30,3503,Smirnoff Sorbet Rasp/Pomegra,750mL,1,10.99,10.99,2024-01-23,750.0,1,0.79,3960,DIAGEO NORTH AMERICA INC   
1_HARDERSFIELD_40098,1,40098,Black Box Merlot Cal,3L,2,37.98,18.99,2024-11-23,3000.0,2,0.9,1392,CONSTELLATION BRANDS INC   
64_CESTERFIELD_12478,64,12478,Commanderie Bargmn Prov Rose,750mL,1,16.99,16.99,2024-04-24,750.0,2,0.11,10754,PERFECTA WINES             
74_PAENTMARWY_44916,74,44916,Ferreira Dona Antonio RSV,750mL,1,17.99,17.99,2024-11-17,750.0,2,0.11,90024,VINILANDIA USA             
15_WANBORNE_2517,15,2517,Balvenie 14 Yr Caribean Cask,750mL,1,67.99,67.99,2024-11-27,750.0,1,0.79,3664,WILLIAM GRANT & SONS INC   
79_BALLYMENA_3781,79,3781,Three Olives Vanilla Vodka,750mL,2,23.98,11.99,2024-12-03,750.0,1,1.57,7245,PROXIMO SPIRITS INC.       
23_ARBINGTON_8066,23,8066,DeKuyper Triple Sec,1.75L,23,229.77,9.99,2024-09-03,1750.0,1,42.26,12546,JIM BEAM BRANDS COMPANY    
40_BULLMAR_2534,40,2534,The Dalmore 12Yr Single Malt,750mL,1,64.99,64.99,2024-11-19,750.0,1,0.79,3252,E & J GALLO WINERY         
9_BLACKPOOL_31465,9,31465,Franzia Tap Chard,5L,3,47.97,15.99,2024-03-04,5000.0,2,2.25,9815,WINE GROUP INC             
2_ASHBORNE_13665,2,13665,Josh Cellars Chard,750mL,2,25.98,12.99,2024-02-15,750.0,2,0.22,4425,MARTIGNETTI COMPANIES
21_BALERNO_5096,21,5096,DeKuyper Peachtree Schnapps,750mL,1,10.99,10.99,2024-12-16,750.0,1,0.79,12546,JIM BEAM BRANDS COMPANY    
60_IRRAGIN_23143,60,23143,Bogle Chard,750mL,2,19.98,9.99,2024-10-21,750.0,2,0.22,4425,MARTIGNETTI COMPANIES
37_PAETHSMOUTH_3246,37,3246,Bentley's Vodka,1.75L,2,17.58,8.79,2024-10-11,1750.0,1,3.67,8004,SAZERAC CO INC             
19_WINTERVALE_41711,19,41711,Fish Eye Cab Svgn,750mL,4,19.96,4.99,2024-01-22,750.0,2,0.45,9815,WINE GROUP INC             
12_LEESIDE_3405,12,3405,Tito's Handmade Vodka,1.75L,13,389.87,29.99,2024-08-01,1750.0,1,23.89,4425,MARTIGNETTI COMPANIES
40_BULLMAR_8231,40,8231,Folonari Valpolicella,1.5L,1,12.99,12.99,2024-05-06,1500.0,1,1.57,9744,FREDERICK WILDMAN & SONS   
40_BULLMAR_3476,40,3476,Reyka Vodka,750mL,2,39.98,19.99,2024-12-16,750.0,1,1.57,3664,WILLIAM GRANT & SONS INC   
73_DONCASTER_32367,73,32367,Cavit Pinot Noir Delle Vene,750mL,1,6.99,6.99,2024-11-14,750.0,2,0.11,6785,PALM BAY INTERNATIONAL INC 
34_PITMERDEN_5075,34,5075,Tuaca Italian Liqueur,750mL,1,21.99,21.99,2024-05-30,750.0,1,0.79,1128,BROWN-FORMAN CORP          
43_WOLFORD_3571,43,3571,Absolut Vanilia,50mL,1,1.99,1.99,2024-06-10,50.0,1,0.05,17035,PERNOD RICARD USA          
11_CARDEND_4359,11,4359,Mr Boston Light Rum,1.75L,6,80.94,13.49,2024-03-31,1750.0,1,11.02,660,SAZERAC NORTH AMERICA INC. 
7_STANMORE_1883,7,1883,Seagrams 7 Crown,1.75L,1,17.99,17.99,2024-09-15,1750.0,1,1.84,3960,DIAGEO NORTH AMERICA INC   
78_EASTHAVEN_3609,78,3609,Smirnoff Vanilla Vodka,50mL,1,0.99,0.99,2024-04-19,50.0,1,0.05,3960,DIAGEO NORTH AMERICA INC   
59_CLAETHORPES_2258,59,2258,Dewars Special Reserve 12 Yr,375mL,1,12.99,12.99,2024-11-03,375.0,1,0.39,480,BACARDI USA INC            
30_CULCHETH_8437,30,8437,Maestro Dobel Diamond Tequla,750mL,1,49.99,49.99,2024-09-01,750.0,1,0.79,7245,PROXIMO SPIRITS INC.       
68_SOLARIS_4265,68,4265,Capt Morgan Spiced Rum,375mL,2,21.98,10.99,2024-02-07,375.0,1,0.79,3960,DIAGEO NORTH AMERICA INC   
73_DONCASTER_37313,73,37313,Salmon Run NY Rsl,750mL,1,13.99,13.99,2024-09-10,750.0,2,0.11,10754,PERFECTA WINES             
69_MOUNTMEND_19392,69,19392,Dom Virginie Thunevin Brdx,750mL,1,16.99,16.99,2024-12-23,750.0,2,0.11,4425,MARTIGNETTI COMPANIES
74_PAENTMARWY_858,74,858,Canadian Club,Liter,1,11.99,11.99,2024-08-12,1000.0,1,1.05,12546,JIM BEAM BRANDS COMPANY    
41_LARNWICK_3831,41,3831,Grey Goose L'Orange Vodka,50mL,1,3.99,3.99,2024-12-23,50.0,1,0.05,480,BACARDI USA INC            
76_DONCASTER_25260,76,25260,Lavergne Brdx Rouge,750mL,5,39.95,7.99,2024-02-12,750.0,2,0.56,10754,PERFECTA WINES             
20_BREDWARDINE_8576,20,8576,E & J Brandy VS,375mL,3,14.97,4.99,2024-05-03,375.0,1,1.18,3252,E & J GALLO WINERY         
43_WOLFORD_3012,43,3012,Pinnacle Vodka,50mL,6,5.94,0.99,2024-05-26,50.0,1,0.32,12546,JIM BEAM BRANDS COMPANY    
38_GOULCREST_44613,38,44613,Bodegas Borsao 14 Rose,750mL,2,15.98,7.99,2024-06-24,750.0,2,0.22,9552,M S WALKER INC             
40_BULLMAR_3769,40,3769,Jenkins Vodka,1.75L,3,26.97,8.99,2024-12-02,1750.0,1,5.51,9552,M S WALKER INC             
76_DONCASTER_20855,76,20855,Cockburns Special RSV,750mL,1,12.99,12.99,2024-02-17,750.0,2,0.11,7240,"PREMIUM PORT WINES, INC.   "
39_EASTHALLOW_6688,39,6688,Ch St Jean Chard California,750mL,3,32.97,10.99,2024-06-29,750.0,2,0.34,9819,TREASURY WINE ESTATES      
55_DRY GULCH_6918,55,6918,Franzia Tap Cab Svgn,5L,1,15.99,15.99,2024-03-21,5000.0,2,0.75,9815,WINE GROUP INC             
39_EASTHALLOW_17431,39,17431,Rhiannon Proprietor's Red,750mL,12,131.88,10.99,2024-01-18,750.0,2,1.35,4425,MARTIGNETTI COMPANIES
70_KELD_2975,70,2975,Bird Dog Blackberry Whiskey,750mL,1,15.99,15.99,2024-06-12,750.0,1,0.79,9625,WESTERN SPIRITS BEVERAGE CO
68_SOLARIS_8097,68,8097,Patron Citronge Orange,375mL,2,23.98,11.99,2024-08-27,375.0,1,0.79,9165,ULTRA BEVERAGE COMPANY LLP 
15_WANBORNE_3189,15,3189,Skyy Infusions Dragon Fruit,750mL,1,12.99,12.99,2024-10-28,750.0,1,0.79,11567,CAMPARI AMERICA            
70_KELD_29942,70,29942,Livingston Merlot Cal,3L,1,12.99,12.99,2024-07-04,3000.0,2,0.45,3252,E & J GALLO WINERY         
41_LARNWICK_1076,41,1076,Capt Morgan Jack O Blast,50mL,8,7.92,0.99,2024-10-06,50.0,1,0.42,3960,DIAGEO NORTH AMERICA INC   
41_LARNWICK_4258,41,4258,Bacardi Mango Fusion,750mL,4,39.96,9.99,2024-07-02,750.0,1,3.15,480,BACARDI USA INC            
2_ASHBORNE_18893,2,18893,19 Crimes Red,750mL,1,9.99,9.99,2024-06-23,750.0,2,0.11,9819,TREASURY WINE ESTATES      
39_EASTHALLOW_8387,39,8387,Wild Turkey 101,750mL,1,21.99,21.99,2024-09-16,750.0,1,0.79,11567,CAMPARI AMERICA            
44_PORTHCRAWL_43223,44,43223,Ch Beauchene Cotes du Rhone,750mL,12,107.88,8.99,2024-12-19,750.0,2,1.35,10754,PERFECTA WINES             
10_HORNSEY_6567,10,6567,Clos du Bois Merlot N Cst,750mL,5,44.95,8.99,2024-04-21,750.0,2,0.56,1392,CONSTELLATION BRANDS INC   
62_KILMARNOCK_5828,62,5828,Ryans Irish Cream,750mL,1,8.99,8.99,2024-07-15,750.0,1,0.79,8004,SAZERAC CO INC             
49_GARIGILL_35959,49,35959,Stags Leap Winery Cab Svgn,750mL,1,54.99,54.99,2024-12-31,750.0,2,0.11,9819,TREASURY WINE ESTATES      
74_PAENTMARWY_8628,74,8628,Jadot Macon Villages Blanc,750mL,2,21.98,10.99,2024-04-16,750.0,2,0.22,4692,KOBRAND CORPORATION        
19_WINTERVALE_3776,19,3776,Jose Cuervo Especial Silver,1.75L,2,53.98,26.99,2024-12-31,1750.0,1,3.67,7245,PROXIMO SPIRITS INC.       
14_BROMWICH_42881,14,42881,La Bastarda Pnt Gr Sicily,750mL,1,8.99,8.99,2024-12-09,750.0,2,0.11,10754,PERFECTA WINES             
64_CESTERFIELD_24357,64,24357,Bota Box Nighthawk Dark Red,3L,1,17.99,17.99,2024-11-25,3000.0,2,0.45,2242,DELICATO VINEYARDS INC     
31_HORNSEY_3545,31,3545,Ketel One Vodka,1.75L,3,89.97,29.99,2024-07-17,1750.0,1,5.51,3960,DIAGEO NORTH AMERICA INC   
15_WANBORNE_41072,15,41072,Angeline Pnt Nr Rsv,750mL,1,14.99,14.99,2024-09-02,750.0,2,0.11,9552,M S WALKER INC             
76_DONCASTER_12994,76,12994,Acrobat Pnt Gris Oregon,750mL,1,12.99,12.99,2024-04-19,750.0,2,0.11,4425,MARTIGNETTI COMPANIES
3_HORNSEY_8726,3,8726,Baileys Irish Cream,50mL,5,9.95,1.99,2024-10-28,50.0,1,0.26,3960,DIAGEO NORTH AMERICA INC   
17_OLDHAM_45496,17,45496,Conquista Malbec Mendoza,750mL,1,7.99,7.99,2024-08-20,750.0,2,0.11,7153,PINE STATE TRADING CO      
50_MOUNTMEND_1276,50,1276,Jack Daniels Single Barrel,50mL,4,19.96,4.99,2024-12-03,50.0,1,0.21,1128,BROWN-FORMAN CORP          
66_EANVERNESS_16656,66,16656,Dom Bousquet Malbec Mendoza,750mL,5,59.95,11.99,2024-09-15,750.0,2,0.56,10754,PERFECTA WINES             
30_CULCHETH_3351,30,3351,Pinnacle Whipped Vodka,1.75L,1,16.99,16.99,2024-08-13,1750.0,1,1.84,12546,JIM BEAM BRANDS COMPANY    
59_CLAETHORPES_41251,59,41251,Beringer Classic Pnt Grigio,750mL,2,9.98,4.99,2024-04-17,750.0,2,0.22,9819,TREASURY WINE ESTATES      
20_BREDWARDINE_8078,20,8078,Glenfiddich Special Rsv 12Yr,375mL,1,19.99,19.99,2024-12-08,375.0,1,0.39,3664,WILLIAM GRANT & SONS INC   
42_BLACK HOLLOW_3696,42,3696,Gilbeys Vodka,1.75L,1,10.49,10.49,2024-10-10,1750.0,1,1.84,12546,JIM BEAM BRANDS COMPANY    
35_HALIVAARA_1390,35,1390,Makers Mark,Liter,1,36.99,36.99,2024-05-25,1000.0,1,1.05,12546,JIM BEAM BRANDS COMPANY    
1_HARDERSFIELD_3329,1,3329,Seagrams Extra Smooth Vodka,1.75L,3,44.97,14.99,2024-05-18,1750.0,1,5.51,9165,ULTRA BEVERAGE COMPANY LLP 
76_DONCASTER_35666,76,35666,Redwood Creek Chard Cal,1.5L,1,9.99,9.99,2024-01-30,1500.0,2,0.22,3252,E & J GALLO WINERY         
14_BROMWICH_3989,14,3989,Deep Eddy Lemon Vodka,750mL,1,15.99,15.99,2024-08-21,750.0,1,0.79,3924,HEAVEN HILL DISTILLERIES   
64_CESTERFIELD_4829,64,4829,Mr Boston Blackberry Brandy,1.75L,1,11.99,11.99,2024-05-10,1750.0,1,1.84,660,SAZERAC NORTH AMERICA INC. 
20_BREDWARDINE_3568,20,3568,Pearl Cucumber Vodka,50mL,1,0.99,0.99,2024-03-10,50.0,1,0.05,8352,LUXCO INC                  
69_MOUNTMEND_8036,69,8036,Livingston Chablis Cal,3L,1,11.99,11.99,2024-11-23,3000.0,2,0.45,3252,E & J GALLO WINERY         
4_EANVERNESS_3326,4,3326,Jenkins Gin,1.75L,1,9.49,9.49,2024-11-16,1750.0,1,1.84,9552,M S WALKER INC             
35_HALIVAARA_8178,35,8178,Bulleit Bourbon,750mL,5,129.95,25.99,2024-11-19,750.0,1,3.94,3960,DIAGEO NORTH AMERICA INC   
41_LARNWICK_4734,41,4734,Capt Morgan Cannon Blast,750mL,1,14.99,14.99,2024-11-05,750.0,1,0.79,3960,DIAGEO NORTH AMERICA INC   
71_CLARCTON_5725,71,5725,DeKuyper Sour Apple Pucker,750mL,1,9.99,9.99,2024-10-21,750.0,1,0.79,12546,JIM BEAM BRANDS COMPANY    
27_MOUNTMEND_8338,27,8338,The Glenlivet 12 Yr Single,375mL,1,19.99,19.99,2024-02-03,375.0,1,0.39,17035,PERNOD RICARD USA          
10_HORNSEY_8103,10,8103,Sauza Gold Tequila,50mL,17,16.83,0.99,2024-02-26,50.0,1,0.89,12546,JIM BEAM BRANDS COMPANY    
1_HARDERSFIELD_3899,1,3899,Platinum 7X Distilled Vodka,375mL,11,43.89,3.99,2024-11-12,375.0,1,4.33,8004,SAZERAC CO INC             
22_SHARNWICK_3769,22,3769,Jenkins Vodka,1.75L,1,10.99,10.99,2024-04-13,1750.0,1,1.84,9552,M S WALKER INC             
29_AYLESBURY_6499,29,6499,Kinky Liqueur,750mL,1,16.99,16.99,2024-01-21,750.0,1,0.79,7153,PINE STATE TRADING CO      
37_PAETHSMOUTH_24327,37,24327,La Crema Pnt Nr Sonoma Cst,750mL,3,65.97,21.99,2024-06-30,750.0,2,0.34,10000,MAJESTIC FINE WINES        
27_MOUNTMEND_6570,27,6570,Kendall Jackson Chard Vt RSV,750mL,2,19.98,9.99,2024-04-15,750.0,2,0.22,10000,MAJESTIC FINE WINES        
53_HILLFAR_8000,53,8000,The Glenlivet 12 Yr Single,1.75L,2,135.98,67.99,2024-01-31,1750.0,1,3.67,17035,PERNOD RICARD USA          
63_SWORDBREAK_45848,63,45848,Kendall Jackson Summation Re,750mL,1,13.99,13.99,2024-02-27,750.0,2,0.11,10000,MAJESTIC FINE WINES        
25_CAERSHIRE_7978,25,7978,M & R X Dry Vermouth,750mL,2,10.98,5.49,2024-07-31,750.0,1,1.57,480,BACARDI USA INC            
76_DONCASTER_15043,76,15043,Cuvee Aurora Rose Sparkling,750mL,1,22.99,22.99,2024-08-15,750.0,2,0.11,516,BANFI PRODUCTS CORP        
51_ABERDEEN_5457,51,5457,After Shock Hot & Cool Cinmn,50mL,6,11.94,1.99,2024-12-15,50.0,1,0.32,12546,JIM BEAM BRANDS COMPANY    
73_DONCASTER_23635,73,23635,Tortoise Creek Rose le Charm,750mL,3,38.97,12.99,2024-08-06,750.0,2,0.34,90024,VINILANDIA USA             
10_HORNSEY_4066,10,4066,Bacardi Oakheart Spiced Rum,1.75L,1,17.99,17.99,2024-01-02,1750.0,1,1.84,480,BACARDI USA INC            
49_GARIGILL_8103,49,8103,Sauza Gold Tequila,50mL,4,3.96,0.99,2024-07-03,50.0,1,0.21,12546,JIM BEAM BRANDS COMPANY    
55_DRY GULCH_25992,55,25992,Murphy-Goode Cab Svgn Cal,750mL,1,12.99,12.99,2024-09-25,750.0,2,0.11,9552,M S WALKER INC             
49_GARIGILL_29248,49,29248,Toasted Head Chard,750mL,2,19.98,9.99,2024-10-06,750.0,2,0.22,1392,CONSTELLATION BRANDS INC   
51_ABERDEEN_3511,51,3511,New Amsterdam Vodka,750mL,1,9.99,9.99,2024-06-06,750.0,1,0.79,3252,E & J GALLO WINERY         
14_BROMWICH_13665,14,13665,Josh Cellars Chard,750mL,2,25.98,12.99,2024-02-13,750.0,2,0.22,4425,MARTIGNETTI COMPANIES
51_ABERDEEN_31500,51,31500,Barefoot Wh Znfdl Cal,750mL,1,6.29,6.29,2024-09-03,750.0,2,0.11,3252,E & J GALLO WINERY         
38_GOULCREST_12772,38,12772,Joel Gott Chard,750mL,1,13.99,13.99,2024-11-28,750.0,2,0.11,8892,TRINCHERO FAMILY ESTATES   
35_HALIVAARA_5165,35,5165,Hpnotiq Liqueur,750mL,1,19.99,19.99,2024-04-08,750.0,1,0.79,3924,HEAVEN HILL DISTILLERIES   
50_MOUNTMEND_1380,50,1380,Bulleit 95 Rye,1.75L,3,152.97,50.99,2024-12-03,1750.0,1,5.51,3960,DIAGEO NORTH AMERICA INC   
58_HARTLEPOOL_1366,58,1366,Red Stag by Jim Beam,50mL,2,2.58,1.29,2024-09-17,50.0,1,0.1,12546,JIM BEAM BRANDS COMPANY    
76_DONCASTER_15508,76,15508,Mollydooker Enchanted Path,750mL,1,79.99,79.99,2024-10-07,750.0,2,0.11,90047,CRUSH WINES                
10_HORNSEY_3524,10,3524,Pravda Polish Vodka,750mL,1,19.99,19.99,2024-12-23,750.0,1,0.79,4380,CHARLES JACQUIN ET CIE INC 
50_MOUNTMEND_22143,50,22143,Simi Cab Svgn,750mL,4,79.96,19.99,2024-09-29,750.0,2,0.45,1392,CONSTELLATION BRANDS INC   
10_HORNSEY_3726,10,3726,Gilbeys Vodka Traveler,750mL,15,74.85,4.99,2024-07-22,750.0,1,11.81,12546,JIM BEAM BRANDS COMPANY    
14_BROMWICH_5153,14,5153,Fireball Cinn Whisky Trav,750mL,2,31.98,15.99,2024-01-18,750.0,1,1.57,8004,SAZERAC CO INC             
56_BEGGAR'S HOLE_29081,56,29081,Beringer Wh Znfdl/Chard LVS,750mL,1,9.99,9.99,2024-12-10,750.0,2,0.11,9819,TREASURY WINE ESTATES      
55_DRY GULCH_4280,55,4280,Capt Morgan Parrot Bay Coco,1.75L,1,23.99,23.99,2024-06-23,1750.0,1,1.84,3960,DIAGEO NORTH AMERICA INC   
68_SOLARIS_27813,68,27813,Warre's Warrior Port,750mL,4,59.96,14.99,2024-09-23,750.0,2,0.45,1587,VINEYARD BRANDS INC        
61_AETHELNEY_3804,61,3804,Svedka Vodka,750mL,2,19.98,9.99,2024-06-03,750.0,1,1.57,1392,CONSTELLATION BRANDS INC   
31_HORNSEY_37786,31,37786,Lindemans Bin 45 Cab Svgn,1.5L,1,11.99,11.99,2024-08-27,1500.0,2,0.22,4425,MARTIGNETTI COMPANIES
53_HILLFAR_2418,53,2418,Crown Royal Regal Apple,750mL,1,22.99,22.99,2024-02-12,750.0,1,0.79,3960,DIAGEO NORTH AMERICA INC   
34_PITMERDEN_8149,34,8149,Sebastiani Cab Svgn Sonoma,750mL,1,19.99,19.99,2024-08-10,750.0,2,0.11,4425,MARTIGNETTI COMPANIES
69_MOUNTMEND_5333,69,5333,Jenkins Amaretto,1.75L,2,21.98,10.99,2024-11-17,1750.0,1,3.67,9552,M S WALKER INC             
60_IRRAGIN_8504,60,8504,R M Woodbridge Cab Svgn Cal,1.5L,10,99.9,9.99,2024-06-05,1500.0,2,2.25,1392,CONSTELLATION BRANDS INC   
53_HILLFAR_5382,53,5382,Ice 101 Peppermint Schnapps,750mL,1,12.99,12.99,2024-01-27,750.0,1,0.79,8004,SAZERAC CO INC             
31_HORNSEY_381,31,381,Baileys Irish Cream w/4 Glss,750mL,1,19.99,19.99,2024-10-19,750.0,1,0.79,3960,DIAGEO NORTH AMERICA INC   
67_EANVERNESS_14393,67,14393,Ch Montaud Cotes de Prov Rse,750mL,1,12.99,12.99,2024-04-29,750.0,2,0.11,7153,PINE STATE TRADING CO      
76_DONCASTER_1220,76,1220,Woodford Reserve Bourbon,750mL,1,34.99,34.99,2024-01-23,750.0,1,0.79,1128,BROWN-FORMAN CORP          
11_CARDEND_1382,11,1382,Makers 46,750mL,1,41.99,41.99,2024-01-17,750.0,1,0.79,12546,JIM BEAM BRANDS COMPANY    
56_BEGGAR'S HOLE_6459,56,6459,Freixenet Cordon Negro Extr,750mL,1,10.99,10.99,2024-06-06,750.0,2,0.11,4425,MARTIGNETTI COMPANIES
34_PITMERDEN_43662,34,43662,L'Ecole No 41 Cab Svgn Clmba,750mL,1,30.99,30.99,2024-06-09,750.0,2,0.11,10754,PERFECTA WINES             
73_DONCASTER_12203,73,12203,Cavit Prosecco Lunetta,187mL 3 Pk,3,29.97,9.99,2024-08-07,187.0,2,0.08,6785,PALM BAY INTERNATIONAL INC 
11_CARDEND_20395,11,20395,Antico Colle Rosso di Montep,750mL,1,9.99,9.99,2024-11-09,750.0,2,0.11,7255,PSP WINES 
38_GOULCREST_1955,38,1955,Jack Daniels Tennessee Honey,375mL,1,12.99,12.99,2024-06-26,375.0,1,0.39,1128,BROWN-FORMAN CORP          
71_CLARCTON_41714,71,41714,Fish Eye Pnt Grigio,750mL,1,4.99,4.99,2024-05-18,750.0,2,0.11,9815,WINE GROUP INC             
47_PELLA'S WISH_26827,47,26827,Cavit Merlot Trentino,1.5L,1,9.99,9.99,2024-03-19,1500.0,2,0.22,6785,PALM BAY INTERNATIONAL INC 
38_GOULCREST_28947,38,28947,R M Woodbridge Merlot Cal,1.5L,5,49.95,9.99,2024-04-05,1500.0,2,1.12,1392,CONSTELLATION BRANDS INC   
48_NORFOLK_3533,48,3533,Lidestri Pink Limoncello,750mL,1,18.99,18.99,2024-05-06,750.0,1,0.79,7153,PINE STATE TRADING CO      
58_HARTLEPOOL_4368,58,4368,Capt Morgan Private Stock,1.75L,2,65.98,32.99,2024-06-11,1750.0,1,3.67,3960,DIAGEO NORTH AMERICA INC   
66_EANVERNESS_1385,66,1385,Makers Mark,750mL,1,30.99,30.99,2024-05-11,750.0,1,0.79,12546,JIM BEAM BRANDS COMPANY    
75_BARNCOMBE_1373,75,1373,Jim Beam Honey,750mL,2,28.98,14.49,2024-01-15,750.0,1,1.57,12546,JIM BEAM BRANDS COMPANY    
51_ABERDEEN_27461,51,27461,Ecco Domani Pnt Grigio Venez,750mL,2,17.98,8.99,2024-03-11,750.0,2,0.22,3252,E & J GALLO WINERY         
68_SOLARIS_25935,68,25935,Gabbiano Chianti Clsc RSV,750mL,4,39.96,9.99,2024-10-07,750.0,2,0.45,9819,TREASURY WINE ESTATES      
2_ASHBORNE_3859,2,3859,Smirnoff 80 Proof,375mL,1,8.99,8.99,2024-08-05,375.0,1,0.39,3960,DIAGEO NORTH AMERICA INC   
78_EASTHAVEN_5713,78,5713,DeKuyper Sour Apple Pucker,1.75L,1,16.99,16.99,2024-04-16,1750.0,1,1.84,12546,JIM BEAM BRANDS COMPANY    
1_HARDERSFIELD_8345,1,8345,R M Woodbridge Cab Svgn Cal,750mL,2,11.98,5.99,2024-06-05,750.0,2,0.22,1392,CONSTELLATION BRANDS INC   
67_EANVERNESS_43362,67,43362,Silver Oak Cab Svgn Napa,750mL,2,219.98,109.99,2024-02-13,750.0,2,0.22,4425,MARTIGNETTI COMPANIES
41_LARNWICK_2924,41,2924,Speyburn 10-Yr Single Malt,750mL,1,23.99,23.99,2024-12-10,750.0,1,0.79,8004,SAZERAC CO INC             
55_DRY GULCH_13940,55,13940,Black Box Malbec,3L,4,75.96,18.99,2024-12-02,3000.0,2,1.8,1392,CONSTELLATION BRANDS INC   
18_FURNESS_8534,18,8534,M & R Asti,375mL,1,5.99,5.99,2024-09-24,375.0,2,0.06,480,BACARDI USA INC            
48_NORFOLK_16837,48,16837,Beringer Classic Pink Moscat,750mL,1,6.99,6.99,2024-02-24,750.0,2,0.11,9819,TREASURY WINE ESTATES      
50_MOUNTMEND_37235,50,37235,Mionetto Il Prosecco Spklg,750mL,1,13.99,13.99,2024-03-18,750.0,2,0.11,9552,M S WALKER INC             
19_WINTERVALE_3627,19,3627,Absolut 80 Proof,375mL,1,13.99,13.99,2024-07-01,375.0,1,0.39,17035,PERNOD RICARD USA          
58_HARTLEPOOL_8823,58,8823,Leroux Apricot Brandy,750mL,1,7.99,7.99,2024-03-23,750.0,1,0.79,12546,JIM BEAM BRANDS COMPANY    
6_GOULCREST_3503,6,3503,Smirnoff Sorbet Rasp/Pomegra,750mL,1,10.99,10.99,2024-08-08,750.0,1,0.79,3960,DIAGEO NORTH AMERICA INC   
73_DONCASTER_6552,73,6552,Harveys Bristol Cream Sherry,1.5L,1,22.99,22.99,2024-12-05,1500.0,2,0.22,12546,JIM BEAM BRANDS COMPANY    
75_BARNCOMBE_3840,75,3840,Smirnoff Raspberry Vodka,1.75L,1,19.99,19.99,2024-02-28,1750.0,1,1.84,3960,DIAGEO NORTH AMERICA INC   
18_FURNESS_1231,18,1231,Jack Daniels No 7 Black,375mL,1,12.99,12.99,2024-09-08,375.0,1,0.39,1128,BROWN-FORMAN CORP          
61_AETHELNEY_8749,61,8749,Lugny Les Charmes Macon,750mL,1,14.99,14.99,2024-03-21,750.0,2,0.11,2000,SOUTHERN WINE & SPIRITS NE 
67_EANVERNESS_8346,67,8346,Marques de Riscal Rioja Red,750mL,7,97.93,13.99,2024-08-07,750.0,2,0.79,8320,SHAW ROSS INT L IMP LTD    
9_BLACKPOOL_8673,9,8673,Skinnygirl Margarita,750mL,1,9.99,9.99,2024-06-14,750.0,1,0.79,12546,JIM BEAM BRANDS COMPANY    
14_BROMWICH_35412,14,35412,Yellow Tail Chard Ausl,1.5L,15,134.25,8.95,2024-03-18,1500.0,2,3.37,4425,MARTIGNETTI COMPANIES
64_CESTERFIELD_6278,64,6278,Sterling Svgn Bl,750mL,1,8.99,8.99,2024-12-14,750.0,2,0.11,1590,DIAGEO CHATEAU ESTATE WINES
64_CESTERFIELD_6293,64,6293,Fetzer Gewurz,750mL,2,19.98,9.99,2024-08-22,750.0,2,0.22,9165,ULTRA BEVERAGE COMPANY LLP 
50_MOUNTMEND_8131,50,8131,Lillet White French Aperiti,750mL,3,53.97,17.99,2024-03-17,750.0,2,0.34,17035,PERNOD RICARD USA          
8_ALNERWICK_3746,8,3746,Gordons Vodka 80 Proof,1.75L,5,64.95,12.99,2024-11-27,1750.0,1,9.19,3960,DIAGEO NORTH AMERICA INC   
66_EANVERNESS_38133,66,38133,Il Bastardo Sangiovese Tosc,750mL,1,7.99,7.99,2024-02-21,750.0,2,0.11,10754,PERFECTA WINES             
62_KILMARNOCK_3745,62,3745,Taaka Vodka Traveler,750mL,1,4.99,4.99,2024-08-29,750.0,1,0.79,8004,SAZERAC CO INC             
66_EANVERNESS_6570,66,6570,Kendall Jackson Chard Vt RSV,750mL,64,639.36,9.99,2024-11-11,750.0,2,7.2,10000,MAJESTIC FINE WINES        
38_GOULCREST_44921,38,44921,Quinta do Crasto Douro Rd,750mL,1,14.99,14.99,2024-06-16,750.0,2,0.11,90024,VINILANDIA USA             
15_WANBORNE_11414,15,11414,Beringer Classic Moscato,750mL,2,9.98,4.99,2024-09-03,750.0,2,0.22,9819,TREASURY WINE ESTATES      
39_EASTHALLOW_3694,39,3694,Stolichnaya Razberi,750mL,1,16.99,16.99,2024-04-01,750.0,1,0.79,8664,"STOLI GROUP,(USA) LLC      "
47_PELLA'S WISH_13708,47,13708,Bota Box Cab Svgn,3L,1,17.99,17.99,2024-07-26,3000.0,2,0.45,2242,DELICATO VINEYARDS INC     
49_GARIGILL_2788,49,2788,Laphroaig 10 Yr Single Malt,750mL,1,44.99,44.99,2024-11-25,750.0,1,0.79,12546,JIM BEAM BRANDS COMPANY    
69_MOUNTMEND_8730,69,8730,Ruffino Orvieto Clsc,750mL,1,7.99,7.99,2024-01-12,750.0,1,0.79,1392,CONSTELLATION BRANDS INC   
6_GOULCREST_7143,6,7143,Smirnoff Watermelon Vodka,1.75L,1,18.99,18.99,2024-09-16,1750.0,1,1.84,3960,DIAGEO NORTH AMERICA INC   
48_NORFOLK_3754,48,3754,Smirnoff Blueberry Vodka,750mL,1,12.99,12.99,2024-07-03,750.0,1,0.79,3960,DIAGEO NORTH AMERICA INC   
72_HARDERSFIELD_5440,72,5440,Jagermeister Liqueur,1.75L,2,69.98,34.99,2024-02-12,1750.0,1,3.67,3089,SIDNEY FRANK IMPORTING CO  
33_HORNSEY_4722,33,4722,Remy Martin VSOP Cognac,750mL,1,40.99,40.99,2024-02-20,750.0,1,0.79,7239,REMY COINTREAU USA INC     
42_BLACK HOLLOW_3216,42,3216,Fleischmanns X Dry Gin,1.75L,2,19.98,9.99,2024-06-17,1750.0,1,3.67,660,SAZERAC NORTH AMERICA INC. 
45_VERITAS_2114,45,2114,Black Velvet Canadian Whisky,1.75L,1,12.99,12.99,2024-08-25,1750.0,1,1.84,1392,CONSTELLATION BRANDS INC   
79_BALLYMENA_3310,79,3310,Pinnacle Vodka,375mL,3,14.97,4.99,2024-02-11,375.0,1,1.18,12546,JIM BEAM BRANDS COMPANY    
75_BARNCOMBE_6567,75,6567,Clos du Bois Merlot N Cst,750mL,6,53.94,8.99,2024-07-23,750.0,2,0.68,1392,CONSTELLATION BRANDS INC   
59_CLAETHORPES_20357,59,20357,Apothic Dark,750mL,2,15.98,7.99,2024-12-26,750.0,2,0.22,3252,E & J GALLO WINERY         
32_MOUNTMEND_8068,32,8068,Absolut 80 Proof,1.75L,2,49.98,24.99,2024-04-04,1750.0,1,3.67,17035,PERNOD RICARD USA          
67_EANVERNESS_8712,67,8712,Cuervo RTD Golden Grapefruit,1.75L,2,27.98,13.99,2024-12-17,1750.0,1,3.67,7245,PROXIMO SPIRITS INC.       
58_HARTLEPOOL_16289,58,16289,Barefoot Bubbly Pink Moscato,750mL,5,49.95,9.99,2024-11-12,750.0,2,0.56,3252,E & J GALLO WINERY         
16_LUNDY_15619,16,15619,Beringer Classic Red Moscato,750mL,1,4.99,4.99,2024-09-05,750.0,2,0.11,9819,TREASURY WINE ESTATES      
50_MOUNTMEND_3162,50,3162,Burnett's Peach Vodka,50mL,3,2.97,0.99,2024-02-19,50.0,1,0.16,3924,HEAVEN HILL DISTILLERIES   
30_CULCHETH_44038,30,44038,Barefoot Pnt Grigio Cal,1.5L,1,11.99,11.99,2024-10-02,1500.0,2,0.22,3252,E & J GALLO WINERY         
50_MOUNTMEND_3612,50,3612,Taaka Vodka,1.75L,6,53.94,8.99,2024-05-29,1750.0,1,11.02,8004,SAZERAC CO INC             
16_LUNDY_8312,16,8312,Bols Curacao Orange,750mL,12,107.88,8.99,2024-08-13,750.0,1,9.45,6213,MHW LTD                    
31_HORNSEY_4410,31,4410,Cruzan Mango Flavored Rum,750mL,4,39.96,9.99,2024-06-16,750.0,1,3.15,12546,JIM BEAM BRANDS COMPANY    
73_DONCASTER_25605,73,25605,Frog's Leap Petite Sirah,750mL,2,69.98,34.99,2024-04-21,750.0,2,0.22,4425,MARTIGNETTI COMPANIES
38_GOULCREST_12271,38,12271,Caposaldo Prosecco Brut,750mL,1,12.99,12.99,2024-08-14,750.0,2,0.11,4692,KOBRAND CORPORATION        
15_WANBORNE_1395,15,1395,Old Crow,750mL,3,23.97,7.99,2024-01-22,750.0,1,2.36,12546,JIM BEAM BRANDS COMPANY    
8_ALNERWICK_5734,8,5734,Malibu Rum,1.75L,1,21.99,21.99,2024-04-16,1750.0,1,1.84,17035,PERNOD RICARD USA          
35_HALIVAARA_3356,35,3356,Svedka Vodka,375mL,1,6.99,6.99,2024-12-11,375.0,1,0.39,1392,CONSTELLATION BRANDS INC   
81_PEMBROKE_6570,81,6570,Kendall Jackson Chard Vt RSV,750mL,4,47.96,11.99,2024-10-15,750.0,2,0.45,10000,MAJESTIC FINE WINES        
76_DONCASTER_3706,76,3706,Pinnacle Citrus Vodka,1.75L,2,33.98,16.99,2024-09-14,1750.0,1,3.67,12546,JIM BEAM BRANDS COMPANY    
61_AETHELNEY_4683,61,4683,Hennessy VS Cognac,50mL,1,3.99,3.99,2024-12-18,50.0,1,0.05,8112,MOET HENNESSY USA INC      
76_DONCASTER_15503,76,15503,Opici Sangria,3L,4,55.96,13.99,2024-12-03,3000.0,2,1.8,9165,ULTRA BEVERAGE COMPANY LLP 
24_PALPERROTH_12220,24,12220,Angeline Pnt Nr,750mL,1,10.99,10.99,2024-09-13,750.0,2,0.11,9552,M S WALKER INC             
22_SHARNWICK_18893,22,18893,19 Crimes Red,750mL,4,39.96,9.99,2024-02-06,750.0,2,0.45,9819,TREASURY WINE ESTATES      
15_WANBORNE_4330,15,4330,Capt Morgan Spiced Rum 100,1.75L,1,28.99,28.99,2024-10-16,1750.0,1,1.84,3960,DIAGEO NORTH AMERICA INC   
74_PAENTMARWY_5198,74,5198,The Bitter Truth Violet,750mL,1,34.99,34.99,2024-12-21,750.0,1,0.79,4425,MARTIGNETTI COMPANIES
23_ARBINGTON_8110,23,8110,Tribuno Dry Vermouth,1.5L,1,8.99,8.99,2024-02-14,1500.0,1,1.57,9815,WINE GROUP INC             
34_PITMERDEN_8455,34,8455,R Mondavi Fume Bl Napa Vly,750mL,1,14.99,14.99,2024-07-09,750.0,2,0.11,1392,CONSTELLATION BRANDS INC   
2_ASHBORNE_2676,2,2676,Grand MacNish,1.75L,1,13.99,13.99,2024-10-17,1750.0,1,1.84,9552,M S WALKER INC             
1_HARDERSFIELD_6682,1,6682,R M Woodbridge Chard Cal,1.5L,1,9.99,9.99,2024-04-15,1500.0,2,0.22,1392,CONSTELLATION BRANDS INC   
50_MOUNTMEND_25827,50,25827,Angeline Cab Svgn California,750mL,78,451.62,5.79,2024-11-22,750.0,2,8.77,9552,M S WALKER INC             
66_EANVERNESS_21233,66,21233,Cavicchioli Prosecco,750mL,3,32.97,10.99,2024-04-07,750.0,2,0.34,9744,FREDERICK WILDMAN & SONS   
31_HORNSEY_171,31,171,Gentleman Jack,1.75L,1,49.99,49.99,2024-12-29,1750.0,1,1.84,1128,BROWN-FORMAN CORP          
54_GUTHRAM_14184,54,14184,Ch M Vert Lussac St Emilion,750mL,1,14.99,14.99,2024-07-27,750.0,2,0.11,7153,PINE STATE TRADING CO      
76_DONCASTER_2912,76,2912,Platte Valley KY Moonshine,750mL,3,50.97,16.99,2024-03-02,750.0,1,2.36,5992,MCCORMICK DISTILLING CO    
53_HILLFAR_3512,53,3512,Pinnacle Vodka,1.75L,5,79.95,15.99,2024-09-06,1750.0,1,9.19,12546,JIM BEAM BRANDS COMPANY    
66_EANVERNESS_21232,66,21232,Barefoot Bubbly Prosecco,750mL,1,9.99,9.99,2024-02-18,750.0,2,0.11,3252,E & J GALLO WINERY         
6_GOULCREST_16393,6,16393,Alamos Red Mendoza,750mL,1,9.99,9.99,2024-01-17,750.0,2,0.11,3252,E & J GALLO WINERY         
15_WANBORNE_8068,15,8068,Absolut 80 Proof,1.75L,1,25.99,25.99,2024-01-25,1750.0,1,1.84,17035,PERNOD RICARD USA          
25_CAERSHIRE_37604,25,37604,Hardys Chard Ausl,3L,1,13.99,13.99,2024-01-13,3000.0,2,0.45,2000,SOUTHERN WINE & SPIRITS NE 
36_LEWES_2143,36,2143,Canadian Mist,1.75L,1,13.99,13.99,2024-08-27,1750.0,1,1.84,1128,BROWN-FORMAN CORP          
73_DONCASTER_4313,73,4313,Sauza Blue Silver Tequila,1.75L,3,80.97,26.99,2024-08-24,1750.0,1,5.51,12546,JIM BEAM BRANDS COMPANY    
9_BLACKPOOL_3745,9,3745,Taaka Vodka Traveler,750mL,8,39.92,4.99,2024-03-25,750.0,1,6.3,8004,SAZERAC CO INC             
51_ABERDEEN_3893,51,3893,Zhenka 80 Proof,1.75L,2,19.98,9.99,2024-11-06,1750.0,1,3.67,9552,M S WALKER INC             
60_IRRAGIN_25649,60,25649,De Loach Chard Cal,750mL,4,39.96,9.99,2024-06-23,750.0,2,0.45,4425,MARTIGNETTI COMPANIES
7_STANMORE_25934,7,25934,Gabbiano Chianti,750mL,1,7.99,7.99,2024-07-14,750.0,2,0.11,9819,TREASURY WINE ESTATES      
27_MOUNTMEND_6725,27,6725,Franzia Crisp White Tap,5L,9,116.91,12.99,2024-02-06,5000.0,2,6.75,9815,WINE GROUP INC             
68_SOLARIS_34903,68,34903,Smoking Loon Cab Svgn,750mL,1,9.99,9.99,2024-05-01,750.0,2,0.11,9552,M S WALKER INC             
47_PELLA'S WISH_540,47,540,Bacardi Pineapple Fusion,50mL,6,5.94,0.99,2024-01-23,50.0,1,0.32,480,BACARDI USA INC            
72_HARDERSFIELD_3054,72,3054,Smirnoff Kissed Caramel,750mL,1,12.99,12.99,2024-08-05,750.0,1,0.79,3960,DIAGEO NORTH AMERICA INC   
78_EASTHAVEN_2127,78,2127,Canadian Ltd,1.75L,1,10.49,10.49,2024-02-03,1750.0,1,1.84,660,SAZERAC NORTH AMERICA INC. 
64_CESTERFIELD_8288,64,8288,Korbel Brut,750mL,1,11.99,11.99,2024-08-04,750.0,2,0.11,1128,BROWN-FORMAN CORP          
76_DONCASTER_305,76,305,Crown Royal Canadian Whisky,Liter,1,27.99,27.99,2024-11-18,1000.0,1,1.05,3960,DIAGEO NORTH AMERICA INC   
25_CAERSHIRE_3791,25,3791,Jose Cuervo Especial Silver,375mL,1,10.99,10.99,2024-12-26,375.0,1,0.39,7245,PROXIMO SPIRITS INC.       
75_BARNCOMBE_2757,75,2757,Johnnie Walker Red Label,1.75L,1,29.99,29.99,2024-09-25,1750.0,1,1.84,3960,DIAGEO NORTH AMERICA INC   
33_HORNSEY_1226,33,1226,Lexington Bourbon,750mL,1,27.99,27.99,2024-01-15,750.0,1,0.79,9625,WESTERN SPIRITS BEVERAGE CO
68_SOLARIS_3423,68,3423,Beefeater,1.75L,1,26.99,26.99,2024-05-08,1750.0,1,1.84,17035,PERNOD RICARD USA          
38_GOULCREST_43652,38,43652,Barbera d'Alba Alessandria,750mL,1,21.99,21.99,2024-09-09,750.0,2,0.11,90011,FORTUNE WINE BROKERS LLC   
35_HALIVAARA_24928,35,24928,Rive Droite Rive Gauche CDR,750mL,1,8.99,8.99,2024-04-12,750.0,2,0.11,10754,PERFECTA WINES             
66_EANVERNESS_22531,66,22531,BV Coastal Estate Chard,750mL,1,8.99,8.99,2024-08-04,750.0,2,0.11,1590,DIAGEO CHATEAU ESTATE WINES
68_SOLARIS_40926,68,40926,Taylor Madeira NY,750mL,3,14.97,4.99,2024-10-21,750.0,2,0.34,1392,CONSTELLATION BRANDS INC   
2_ASHBORNE_4135,2,4135,Smirnoff Blueberry Vodka,50mL,4,3.96,0.99,2024-01-16,50.0,1,0.21,3960,DIAGEO NORTH AMERICA INC   
31_HORNSEY_5105,31,5105,Dr McGillicuddy's Mentholmnt,1.75L,1,19.99,19.99,2024-06-21,1750.0,1,1.84,8004,SAZERAC CO INC             
48_NORFOLK_28658,48,28658,R Mondavi Pnt Nr Pvt Sel,750mL,1,8.99,8.99,2024-01-17,750.0,2,0.11,1392,CONSTELLATION BRANDS INC   
34_PITMERDEN_3835,34,3835,Smirnoff Raspberry Vodka,750mL,3,32.97,10.99,2024-07-15,750.0,1,2.36,3960,DIAGEO NORTH AMERICA INC   
42_BLACK HOLLOW_4234,42,4234,Bacardi Pineapple Fusion,750mL,1,9.99,9.99,2024-06-14,750.0,1,0.79,480,BACARDI USA INC            
55_DRY GULCH_37313,55,37313,Salmon Run NY Rsl,750mL,2,21.98,10.99,2024-06-22,750.0,2,0.22,10754,PERFECTA WINES             
51_ABERDEEN_8485,51,8485,Gozio Amaretto,750mL,1,18.99,18.99,2024-07-22,750.0,1,0.79,1485,CASTLE BRANDS CORP.        
72_HARDERSFIELD_28579,72,28579,R M Woodbridge Merlot Cal,750mL,2,11.98,5.99,2024-07-02,750.0,2,0.22,1392,CONSTELLATION BRANDS INC   
69_MOUNTMEND_1891,69,1891,Oban 18 Yr Single Malt,750mL,1,109.99,109.99,2024-10-26,750.0,1,0.79,3960,DIAGEO NORTH AMERICA INC   
50_MOUNTMEND_1595,50,1595,Gentleman Jack,375mL,1,13.99,13.99,2024-04-22,375.0,1,0.39,1128,BROWN-FORMAN CORP          
69_MOUNTMEND_29169,69,29169,Franzia Tap Merlot,5L,2,31.98,15.99,2024-01-14,5000.0,2,1.5,9815,WINE GROUP INC             
56_BEGGAR'S HOLE_40097,56,40097,Black Box Chard,3L,3,56.97,18.99,2024-09-04,3000.0,2,1.35,1392,CONSTELLATION BRANDS INC   
23_ARBINGTON_8214,23,8214,E & J Brandy VS,750mL,2,19.98,9.99,2024-06-24,750.0,1,1.57,3252,E & J GALLO WINERY         
47_PELLA'S WISH_4025,47,4025,Bacardi Oakheart Spiced Rum,50mL,1,1.79,1.79,2024-09-10,50.0,1,0.05,480,BACARDI USA INC            
64_CESTERFIELD_3278,64,3278,Gordons London Dry,750mL,4,31.96,7.99,2024-06-09,750.0,1,3.15,3960,DIAGEO NORTH AMERICA INC   
69_MOUNTMEND_3534,69,3534,Milagro Silver Tequila,750mL,2,51.98,25.99,2024-06-12,750.0,1,1.57,3664,WILLIAM GRANT & SONS INC   
3_HORNSEY_8512,3,8512,Baileys Irish Cream,750mL,1,18.99,18.99,2024-03-01,750.0,1,0.79,3960,DIAGEO NORTH AMERICA INC   
7_STANMORE_19376,7,19376,The Naked Grape Pnt Grigio,3L,1,15.99,15.99,2024-12-16,3000.0,2,0.45,3252,E & J GALLO WINERY         
69_MOUNTMEND_1515,69,1515,Old Overholt,750mL,1,14.99,14.99,2024-11-27,750.0,1,0.79,12546,JIM BEAM BRANDS COMPANY    
51_ABERDEEN_2675,51,2675,Crown Royal XO,750mL,1,44.99,44.99,2024-11-21,750.0,1,0.79,3960,DIAGEO NORTH AMERICA INC   
38_GOULCREST_6857,38,6857,Sutter Home Wh Znfdl,1.5L,2,19.98,9.99,2024-08-02,1500.0,2,0.45,8892,TRINCHERO FAMILY ESTATES   
67_EANVERNESS_45921,67,45921,Estancia Svgn Bl Pinnacles,750mL,1,11.99,11.99,2024-09-13,750.0,2,0.11,1392,CONSTELLATION BRANDS INC   
1_HARDERSFIELD_13081,1,13081,Dom Ferret Pouilly Fuisse,750mL,1,30.99,30.99,2024-04-21,750.0,2,0.11,4692,KOBRAND CORPORATION        
78_EASTHAVEN_4222,78,4222,Bacardi Gold Rum,750mL,1,11.99,11.99,2024-10-28,750.0,1,0.79,480,BACARDI USA INC            
51_ABERDEEN_40098,51,40098,Black Box Merlot Cal,3L,1,15.99,15.99,2024-07-15,3000.0,2,0.45,1392,CONSTELLATION BRANDS INC   
76_DONCASTER_18988,76,18988,Franzia Chillable Red Tap,5L,3,38.97,12.99,2024-10-23,5000.0,2,2.25,9815,WINE GROUP INC             
72_HARDERSFIELD_5490,72,5490,DeKuyper Hot Damn Cinnamon,50mL,1,0.99,0.99,2024-07-17,50.0,1,0.05,12546,JIM BEAM BRANDS COMPANY    
15_WANBORNE_32989,15,32989,Barefoot Cab Svgn Cal,1.5L,3,26.25,8.75,2024-07-30,1500.0,2,0.68,3252,E & J GALLO WINERY         
72_HARDERSFIELD_3625,72,3625,Absolut 80 Proof,750mL,6,107.94,17.99,2024-02-13,750.0,1,4.72,17035,PERNOD RICARD USA          
31_HORNSEY_5138,31,5138,Fireball Cinnamon Whisky,750mL,3,41.97,13.99,2024-01-01,750.0,1,2.36,8004,SAZERAC CO INC             
20_BREDWARDINE_4282,20,4282,Capt Morgan White Pineapple,750mL,2,25.98,12.99,2024-08-01,750.0,1,1.57,3960,DIAGEO NORTH AMERICA INC   
38_GOULCREST_4327,38,4327,Capt Morgan Spiced Rum 100,750mL,4,79.96,19.99,2024-05-17,750.0,1,3.15,3960,DIAGEO NORTH AMERICA INC   
67_EANVERNESS_15476,67,15476,Vietti Barolo Castiglione,750mL,1,49.99,49.99,2024-06-19,750.0,2,0.11,9552,M S WALKER INC             
21_BALERNO_5027,21,5027,99 Apples Schnapps Liqueur,750mL,1,15.99,15.99,2024-01-22,750.0,1,0.79,660,SAZERAC NORTH AMERICA INC. 
9_BLACKPOOL_8670,9,8670,Arrow Coffee Brandy,1.75L,2,30.98,15.49,2024-09-28,1750.0,1,3.67,8352,LUXCO INC                  
38_GOULCREST_5230,38,5230,Bacardi Party Drinks Bahama,1.75L,2,31.98,15.99,2024-09-22,1750.0,1,3.67,480,BACARDI USA INC            
67_EANVERNESS_8267,67,8267,Gazdina Rakija Pear Brandy,750mL,1,24.99,24.99,2024-01-31,750.0,1,0.79,7154,PREMIER DISTRIBUTORS       
67_EANVERNESS_33672,67,33672,Toasted Head Merlot Cal,750mL,1,10.99,10.99,2024-07-15,750.0,2,0.11,1392,CONSTELLATION BRANDS INC   
63_SWORDBREAK_1376,63,1376,Jim Beam,1.75L,3,65.97,21.99,2024-06-16,1750.0,1,5.51,12546,JIM BEAM BRANDS COMPANY    
20_BREDWARDINE_3329,20,3329,Seagrams Extra Smooth Vodka,1.75L,1,16.99,16.99,2024-02-21,1750.0,1,1.84,9165,ULTRA BEVERAGE COMPANY LLP 
50_MOUNTMEND_5661,50,5661,Dr McGillicuddy's Root Beer,750mL,1,12.99,12.99,2024-04-13,750.0,1,0.79,8004,SAZERAC CO INC             
76_DONCASTER_3745,76,3745,Taaka Vodka Traveler,750mL,2,9.98,4.99,2024-07-17,750.0,1,1.57,8004,SAZERAC CO INC             
33_HORNSEY_1634,33,1634,The Famous Grouse,1.75L,1,39.99,39.99,2024-06-18,1750.0,1,1.84,2561,EDRINGTON AMERICAS         
43_WOLFORD_5153,43,5153,Fireball Cinn Whisky Trav,750mL,3,41.97,13.99,2024-12-18,750.0,1,2.36,8004,SAZERAC CO INC             
51_ABERDEEN_3668,51,3668,Belvedere Polish Vodka,1.75L,1,43.99,43.99,2024-05-07,1750.0,1,1.84,8112,MOET HENNESSY USA INC      
67_EANVERNESS_1869,67,1869,Oban 14-Yr Single Malt,750mL,1,59.99,59.99,2024-04-29,750.0,1,0.79,3960,DIAGEO NORTH AMERICA INC   
64_CESTERFIELD_4416,64,4416,Cruzan Coconut Flavored Rum,750mL,1,9.99,9.99,2024-06-19,750.0,1,0.79,12546,JIM BEAM BRANDS COMPANY    
12_LEESIDE_2122,12,2122,Canadian Club 1858,750mL,1,10.99,10.99,2024-05-15,750.0,1,0.79,12546,JIM BEAM BRANDS COMPANY    
7_STANMORE_10723,7,10723,R M Woodbridge Chard,1.5L,3,29.97,9.99,2024-10-14,1500.0,2,0.68,1392,CONSTELLATION BRANDS INC   
46_TYWARDREATH_1639,46,1639,The Famous Grouse,750mL,1,19.99,19.99,2024-01-27,750.0,1,0.79,2561,EDRINGTON AMERICAS         
73_DONCASTER_7860,73,7860,Sutter Home Wh Znfdl,750mL,2,11.98,5.99,2024-09-23,750.0,2,0.22,8892,TRINCHERO FAMILY ESTATES   
69_MOUNTMEND_33682,69,33682,R Mondavi Pvt Slctn Cab Sv,1.5L,1,17.99,17.99,2024-02-08,1500.0,2,0.22,1392,CONSTELLATION BRANDS INC   
45_VERITAS_15619,45,15619,Beringer Classic Red Moscato,750mL,1,4.99,4.99,2024-08-16,750.0,2,0.11,9819,TREASURY WINE ESTATES      
53_HILLFAR_27461,53,27461,Ecco Domani Pnt Grigio Venez,750mL,2,17.98,8.99,2024-02-13,750.0,2,0.22,3252,E & J GALLO WINERY         
25_CAERSHIRE_3879,25,3879,Smirnoff 80 Proof Traveler,750mL,2,21.98,10.99,2024-10-21,750.0,1,1.57,3960,DIAGEO NORTH AMERICA INC   
25_CAERSHIRE_13711,25,13711,Venta Morales Tempranillo,750mL,1,8.99,8.99,2024-02-25,750.0,2,0.11,9552,M S WALKER INC             
14_BROMWICH_8064,14,8064,Canadian Club,50mL,2,1.98,0.99,2024-04-16,50.0,1,0.1,12546,JIM BEAM BRANDS COMPANY    
23_ARBINGTON_13779,23,13779,Banfi Centine Rose Toscana,750mL,1,9.99,9.99,2024-10-12,750.0,2,0.11,516,BANFI PRODUCTS CORP        
4_EANVERNESS_8082,4,8082,Baileys Irish Cream,1.75L,2,63.98,31.99,2024-04-06,1750.0,1,3.67,3960,DIAGEO NORTH AMERICA INC   
76_DONCASTER_2958,76,2958,Dalwhinnie 15-Yr Single Mal,750mL,1,57.99,57.99,2024-12-05,750.0,1,0.79,3960,DIAGEO NORTH AMERICA INC   
35_HALIVAARA_8506,35,8506,Myers Original Dark Rum,1.75L,1,32.99,32.99,2024-02-13,1750.0,1,1.84,3960,DIAGEO NORTH AMERICA INC   
41_LARNWICK_8537,41,8537,Dom Chandon Brut Cuvee,750mL,1,14.99,14.99,2024-06-24,750.0,2,0.11,8112,MOET HENNESSY USA INC      
41_LARNWICK_44208,41,44208,Black Box Pnt Grigio,3L,4,75.96,18.99,2024-10-18,3000.0,2,1.8,1392,CONSTELLATION BRANDS INC   
2_ASHBORNE_22822,2,22822,Corvo Pnt Nr,750mL,2,23.98,11.99,2024-07-04,750.0,2,0.22,10754,PERFECTA WINES             
38_GOULCREST_24532,38,24532,Joseph Drouhin Cote de Nuits,750mL,1,27.99,27.99,2024-11-05,750.0,2,0.11,4425,MARTIGNETTI COMPANIES
12_LEESIDE_5491,12,5491,Rumpleminze,50mL,1,1.99,1.99,2024-04-18,50.0,1,0.05,3960,DIAGEO NORTH AMERICA INC   
35_HALIVAARA_3746,35,3746,Gordons Vodka 80 Proof,1.75L,2,25.98,12.99,2024-04-17,1750.0,1,3.67,3960,DIAGEO NORTH AMERICA INC   
62_KILMARNOCK_5489,62,5489,DeKuyper Hot Damn Cinnamon,750mL,2,21.98,10.99,2024-08-25,750.0,1,1.57,12546,JIM BEAM BRANDS COMPANY    
32_MOUNTMEND_5707,32,5707,Art in the Age Rhubarb Tea,750mL,1,29.99,29.99,2024-07-04,750.0,1,0.79,3664,WILLIAM GRANT & SONS INC   
28_LARNWICK_5105,28,5105,Dr McGillicuddy's Mentholmnt,1.75L,1,25.99,25.99,2024-05-14,1750.0,1,1.84,8004,SAZERAC CO INC             
79_BALLYMENA_5656,79,5656,Cabin Fever Maple Liqueur,50mL,3,4.47,1.49,2024-07-06,50.0,1,0.16,3960,DIAGEO NORTH AMERICA INC   
15_WANBORNE_5315,15,5315,B & B Liqueur Dom,750mL,3,74.97,24.99,2024-12-25,750.0,1,2.36,480,BACARDI USA INC            
39_EASTHALLOW_36161,39,36161,Ch Ste Michelle Pnt Gris Was,750mL,1,8.99,8.99,2024-08-22,750.0,2,0.11,8673,STE MICHELLE WINE ESTATES  
58_HARTLEPOOL_1232,58,1232,Jack Daniels No 7 Black,750mL,3,68.97,22.99,2024-01-10,750.0,1,2.36,1128,BROWN-FORMAN CORP          
71_CLARCTON_21329,71,21329,Masi Campofiorin,750mL,1,16.99,16.99,2024-07-16,750.0,2,0.11,9165,ULTRA BEVERAGE COMPANY LLP 
41_LARNWICK_4422,41,4422,Jenkins Spiced Rum,1.75L,2,15.98,7.99,2024-09-20,1750.0,1,3.67,9552,M S WALKER INC             
69_MOUNTMEND_2114,69,2114,Black Velvet Canadian Whisky,1.75L,4,51.96,12.99,2024-08-07,1750.0,1,7.35,1392,CONSTELLATION BRANDS INC   
38_GOULCREST_3875,38,3875,Svedka Cucumber Lime Vodka,750mL,1,10.99,10.99,2024-12-11,750.0,1,0.79,1392,CONSTELLATION BRANDS INC   
19_WINTERVALE_26945,19,26945,Ferrari-Carano Fume Bl,750mL,2,27.98,13.99,2024-10-07,750.0,2,0.22,2000,SOUTHERN WINE & SPIRITS NE 
74_PAENTMARWY_8370,74,8370,Chi Chi's Margarita,1.75L,2,15.98,7.99,2024-08-16,1750.0,1,3.67,660,SAZERAC NORTH AMERICA INC. 
1_HARDERSFIELD_1271,1,1271,Jeffersons Reserve Bourbon,750mL,1,49.99,49.99,2024-06-25,750.0,1,0.79,1485,CASTLE BRANDS CORP.        
23_ARBINGTON_18641,23,18641,Yellow Tail Big Bold Red,1.5L,1,9.99,9.99,2024-11-14,1500.0,2,0.22,4425,MARTIGNETTI COMPANIES
50_MOUNTMEND_8155,50,8155,Black Velvet Plastic,375mL,2,9.98,4.99,2024-04-20,375.0,1,0.79,1392,CONSTELLATION BRANDS INC   
58_HARTLEPOOL_43434,58,43434,Phillips Earthquake Cab Svgn,750mL,2,49.98,24.99,2024-12-23,750.0,2,0.22,4425,MARTIGNETTI COMPANIES
56_BEGGAR'S HOLE_28658,56,28658,R Mondavi Pnt Nr Pvt Sel,750mL,1,6.98,6.98,2024-10-12,750.0,2,0.11,1392,CONSTELLATION BRANDS INC   
7_STANMORE_38457,7,38457,Smoking Loon Pnt Nr,750mL,2,15.98,7.99,2024-02-22,750.0,2,0.22,9552,M S WALKER INC             
38_GOULCREST_4247,38,4247,Bacardi Limon Rum,750mL,2,19.98,9.99,2024-11-19,750.0,1,1.57,480,BACARDI USA INC            
34_PITMERDEN_24928,34,24928,Rive Droite Rive Gauche CDR,750mL,2,17.98,8.99,2024-03-11,750.0,2,0.22,10754,PERFECTA WINES             
43_WOLFORD_5445,43,5445,Jagermeister Liqueur,750mL,2,31.98,15.99,2024-07-09,750.0,1,1.57,3089,SIDNEY FRANK IMPORTING CO  
57_LANTEGLOS_28147,57,28147,Kris Pnt Grigio Alto Adige,750mL,3,32.97,10.99,2024-12-28,750.0,2,0.34,2000,SOUTHERN WINE & SPIRITS NE 
55_DRY GULCH_4225,55,4225,Goslings Black Seal Bermuda,1.75L,2,51.98,25.99,2024-10-03,1750.0,1,3.67,1485,CASTLE BRANDS CORP.        
72_HARDERSFIELD_14672,72,14672,Duckhorn Decoy Cab Svgn,750mL,2,39.98,19.99,2024-10-30,750.0,2,0.22,4425,MARTIGNETTI COMPANIES
32_MOUNTMEND_5391,32,5391,Kamora Coffee,1.75L,1,19.99,19.99,2024-05-26,1750.0,1,1.84,12546,JIM BEAM BRANDS COMPANY    
71_CLARCTON_4176,71,4176,Blackheart Spiced Rum,750mL,1,10.99,10.99,2024-03-06,750.0,1,0.79,3924,HEAVEN HILL DISTILLERIES   
23_ARBINGTON_13268,23,13268,Backhouse Chard,750mL,1,6.99,6.99,2024-01-15,750.0,2,0.11,7153,PINE STATE TRADING CO      
73_DONCASTER_35414,73,35414,Yellow Tail Shiraz Ausl,1.5L,17,152.15,8.95,2024-12-26,1500.0,2,3.82,4425,MARTIGNETTI COMPANIES
59_CLAETHORPES_15105,59,15105,Kendall Jackson Avant Chard,750mL,1,10.99,10.99,2024-07-29,750.0,2,0.11,10000,MAJESTIC FINE WINES        
21_BALERNO_3253,21,3253,Gilbeys London Dry,1.75L,2,23.98,11.99,2024-11-08,1750.0,1,3.67,12546,JIM BEAM BRANDS COMPANY    
13_TARMSWORTH_5877,13,5877,Ryans Irish Cream,50mL,1,0.99,0.99,2024-01-09,50.0,1,0.05,8004,SAZERAC CO INC             
35_HALIVAARA_4141,35,4141,Wild Turkey American Honey,50mL,8,7.92,0.99,2024-12-31,50.0,1,0.42,11567,CAMPARI AMERICA            
67_EANVERNESS_126,67,126,Grey Goose Vodka,Liter,3,98.97,32.99,2024-01-09,1000.0,1,3.15,480,BACARDI USA INC            
17_OLDHAM_1003,17,1003,Crown Royal +2 Reusable Cups,750mL,2,45.98,22.99,2024-10-15,750.0,1,1.57,3960,DIAGEO NORTH AMERICA INC   
30_CULCHETH_9037,30,9037,Prairie Organic Cucumber Vod,750mL,2,39.98,19.99,2024-07-27,750.0,1,1.57,9206,PHILLIPS PRODUCTS CO.      
50_MOUNTMEND_6727,50,6727,Antinori Toscana Rd,750mL,1,17.99,17.99,2024-07-22,750.0,2,0.11,8673,STE MICHELLE WINE ESTATES  
60_IRRAGIN_8781,60,8781,Rodney Strong Cab Svgn,750mL,1,17.99,17.99,2024-06-18,750.0,2,0.11,4425,MARTIGNETTI COMPANIES
38_GOULCREST_31915,38,31915,F Coppola Diamond Chard,750mL,4,47.96,11.99,2024-03-17,750.0,2,0.45,2000,SOUTHERN WINE & SPIRITS NE 
55_DRY GULCH_5776,55,5776,Malibu Black,1.75L,1,22.99,22.99,2024-10-26,1750.0,1,1.84,17035,PERNOD RICARD USA          
69_MOUNTMEND_870,69,870,Carpano Antica Formula,Liter,1,26.99,26.99,2024-03-15,1000.0,2,0.15,9165,ULTRA BEVERAGE COMPANY LLP 
22_SHARNWICK_8064,22,8064,Canadian Club,50mL,3,2.97,0.99,2024-11-18,50.0,1,0.16,12546,JIM BEAM BRANDS COMPANY    
66_EANVERNESS_8781,66,8781,Rodney Strong Cab Svgn,750mL,2,33.98,16.99,2024-07-18,750.0,2,0.22,4425,MARTIGNETTI COMPANIES
79_BALLYMENA_5330,79,5330,Kahlua White Russian RTD,1.75L,1,15.99,15.99,2024-07-15,1750.0,1,1.84,17035,PERNOD RICARD USA          
62_KILMARNOCK_79,62,79,Three Olives Loopy Vodka,750mL,2,25.98,12.99,2024-06-03,750.0,1,1.57,7245,PROXIMO SPIRITS INC.       
60_IRRAGIN_2729,60,2729,Hell-Cat Maggie Irish Whisky,750mL,1,16.99,16.99,2024-06-15,750.0,1,0.79,9206,PHILLIPS PRODUCTS CO.      
49_GARIGILL_27515,49,27515,Clos du Bois RSV Chard RRV,750mL,1,13.99,13.99,2024-06-03,750.0,2,0.11,1392,CONSTELLATION BRANDS INC   
75_BARNCOMBE_5872,75,5872,Godiva Chocolate Liqueur,50mL,2,5.98,2.99,2024-02-12,50.0,1,0.1,3960,DIAGEO NORTH AMERICA INC   
23_ARBINGTON_33039,23,33039,Beringer Fndrs Est Merlot,1.5L,6,107.94,17.99,2024-07-02,1500.0,2,1.35,9819,TREASURY WINE ESTATES      
26_KNIFE'S EDGE_41252,26,41252,Beringer Classic Pnt Grigio,1.5L,2,19.98,9.99,2024-10-17,1500.0,2,0.45,9819,TREASURY WINE ESTATES      
11_CARDEND_37401,11,37401,Excelsior S Afr Cab Svgn,750mL,1,8.99,8.99,2024-12-17,750.0,2,0.11,9552,M S WALKER INC             
13_TARMSWORTH_4145,13,4145,Don Q Cristal Rum,1.75L,1,16.99,16.99,2024-04-19,1750.0,1,1.84,98450,Serralles Usa LLC          
8_ALNERWICK_4181,8,4181,Calypso Spiced Rum,1.75L,1,11.99,11.99,2024-03-08,1750.0,1,1.84,660,SAZERAC NORTH AMERICA INC. 
23_ARBINGTON_8451,23,8451,Cruzan Aged Dark Rum,1.75L,1,16.99,16.99,2024-03-29,1750.0,1,1.84,12546,JIM BEAM BRANDS COMPANY    
56_BEGGAR'S HOLE_5708,56,5708,Dr McGillicuddy's Root Beer,50mL,2,1.98,0.99,2024-05-29,50.0,1,0.1,8004,SAZERAC CO INC             
68_SOLARIS_8345,68,8345,R M Woodbridge Cab Svgn Cal,750mL,5,29.95,5.99,2024-08-28,750.0,2,0.56,1392,CONSTELLATION BRANDS INC   
10_HORNSEY_16175,10,16175,The Naked Grape Moscato,750mL,1,6.99,6.99,2024-07-18,750.0,2,0.11,3252,E & J GALLO WINERY         
2_ASHBORNE_4149,2,4149,Sailor Jerry Spiced Navy Rum,50mL,1,1.49,1.49,2024-12-04,50.0,1,0.05,3664,WILLIAM GRANT & SONS INC   
58_HARTLEPOOL_1233,58,1233,Jack Daniels No 7 Black,1.75L,7,251.93,35.99,2024-03-29,1750.0,1,12.86,1128,BROWN-FORMAN CORP          
75_BARNCOMBE_38888,75,38888,Justin Cab Svgn Paso Robles,750mL,1,26.99,26.99,2024-04-26,750.0,2,0.11,9552,M S WALKER INC             
16_LUNDY_6105,16,6105,Midnight Moon,750mL,1,19.99,19.99,2024-10-19,750.0,1,0.79,9165,ULTRA BEVERAGE COMPANY LLP 
55_DRY GULCH_24934,55,24934,T-Vine Zinfandel Napa,750mL,1,14.99,14.99,2024-10-14,750.0,2,0.11,4425,MARTIGNETTI COMPANIES
42_BLACK HOLLOW_6081,42,6081,Kinky Blue Liqueur,50mL,2,3.98,1.99,2024-07-28,50.0,1,0.1,7153,PINE STATE TRADING CO      
33_HORNSEY_8264,33,8264,Ch Ste Michelle Rsl,750mL,1,8.99,8.99,2024-07-20,750.0,2,0.11,8673,STE MICHELLE WINE ESTATES  
76_DONCASTER_20731,76,20731,Villa Jolanda Strwby Moscato,750mL,1,9.99,9.99,2024-12-21,750.0,2,0.11,7153,PINE STATE TRADING CO      
66_EANVERNESS_42117,66,42117,Jewell Towne Chardonnay,750mL,1,14.49,14.49,2024-09-10,750.0,2,0.11,17032,JEWELL TOWNE VINEYARDS     
25_CAERSHIRE_29248,25,29248,Toasted Head Chard,750mL,1,10.99,10.99,2024-02-29,750.0,2,0.11,1392,CONSTELLATION BRANDS INC   
2_ASHBORNE_3871,2,3871,Smirnoff Watermelon Vodka,750mL,1,12.99,12.99,2024-12-18,750.0,1,0.79,3960,DIAGEO NORTH AMERICA INC   
52_GRAYCOTT_6281,52,6281,Franzia Sunset Blush Tap,5L,1,14.99,14.99,2024-07-05,5000.0,2,0.75,9815,WINE GROUP INC             
12_LEESIDE_15393,12,15393,Cupcake Pnt Grigio,750mL,6,41.94,6.99,2024-09-02,750.0,2,0.68,9815,WINE GROUP INC             
74_PAENTMARWY_19948,74,19948,Josh Cellars Pnt Nr,750mL,1,16.99,16.99,2024-12-24,750.0,2,0.11,4425,MARTIGNETTI COMPANIES
76_DONCASTER_43553,76,43553,La Puerta La Rioja Malbec,750mL,1,8.99,8.99,2024-04-23,750.0,2,0.11,10754,PERFECTA WINES             
49_GARIGILL_7849,49,7849,Tooters Apple-tini 15 Pk,375mL,1,8.99,8.99,2024-08-03,375.0,1,0.39,5270,MANGO BOTTLING INC         
51_ABERDEEN_38370,51,38370,Oyster Bay Svgn Bl Marlboro,750mL,2,17.9,8.95,2024-08-13,750.0,2,0.22,4425,MARTIGNETTI COMPANIES
49_GARIGILL_8386,49,8386,Dry Sack Sherry,750mL,2,26.98,13.49,2024-04-16,750.0,1,1.57,6785,PALM BAY INTERNATIONAL INC 
77_TAMWORTH_5060,77,5060,Dr McGillicuddy's Butterscth,750mL,1,13.99,13.99,2024-08-20,750.0,1,0.79,8004,SAZERAC CO INC             
71_CLARCTON_23739,71,23739,Liberty School Cab Svgn,750mL,2,23.9,11.95,2024-10-07,750.0,2,0.22,4425,MARTIGNETTI COMPANIES
59_CLAETHORPES_12212,59,12212,Black Box Svgn Bl,3L,3,47.97,15.99,2024-06-16,3000.0,2,1.35,1392,CONSTELLATION BRANDS INC   
67_EANVERNESS_5253,67,5253,Kahlua Original Mudslide RTD,1.75L,1,15.99,15.99,2024-07-22,1750.0,1,1.84,17035,PERNOD RICARD USA          
56_BEGGAR'S HOLE_5191,56,5191,Fireball Cinnamon Whiskey,375mL,2,19.98,9.99,2024-10-16,375.0,1,0.79,8004,SAZERAC CO INC             
61_AETHELNEY_6738,61,6738,Dream Catcher Irish Liqueur,50mL,2,1.98,0.99,2024-08-13,50.0,1,0.1,4380,CHARLES JACQUIN ET CIE INC 
64_CESTERFIELD_25932,64,25932,Gabbiano Chianti Clsc,750mL,1,9.99,9.99,2024-03-05,750.0,2,0.11,9819,TREASURY WINE ESTATES      
66_EANVERNESS_14363,66,14363,Educated Guess Cab Svgn Napa,750mL,2,45.98,22.99,2024-02-12,750.0,2,0.22,4425,MARTIGNETTI COMPANIES
6_GOULCREST_46093,6,46093,Mouton Cadet Rose,750mL,3,32.97,10.99,2024-05-28,750.0,2,0.34,1392,CONSTELLATION BRANDS INC   
15_WANBORNE_8485,15,8485,Gozio Amaretto,750mL,1,17.99,17.99,2024-11-29,750.0,1,0.79,1485,CASTLE BRANDS CORP.        
69_MOUNTMEND_8840,69,8840,Burnetts Gin,1.75L,3,41.97,13.99,2024-03-17,1750.0,1,5.51,3924,HEAVEN HILL DISTILLERIES   
79_BALLYMENA_3595,79,3595,Smirnoff Blue 100 Proof,750mL,2,31.98,15.99,2024-09-11,750.0,1,1.57,3960,DIAGEO NORTH AMERICA INC   
49_GARIGILL_2792,49,2792,Jim Beam Apple,50mL,1,0.99,0.99,2024-04-28,50.0,1,0.05,12546,JIM BEAM BRANDS COMPANY    
60_IRRAGIN_12771,60,12771,Joel Gott Cab Svgn 815,750mL,2,25.98,12.99,2024-12-28,750.0,2,0.22,8892,TRINCHERO FAMILY ESTATES   
4_EANVERNESS_4269,4,4269,Calico Jack Spiced Rum,1.75L,1,11.99,11.99,2024-06-24,1750.0,1,1.84,12546,JIM BEAM BRANDS COMPANY    
14_BROMWICH_19996,14,19996,Inspired Red Blend CA,750mL,1,5.99,5.99,2024-07-13,750.0,2,0.11,9552,M S WALKER INC             
39_EASTHALLOW_3896,39,3896,Zhenka Vodka,375mL,3,9.87,3.29,2024-12-01,375.0,1,1.18,9552,M S WALKER INC             
25_CAERSHIRE_7341,25,7341,Smirnoff Watermelon,50mL,3,2.97,0.99,2024-05-10,50.0,1,0.16,3960,DIAGEO NORTH AMERICA INC   
10_HORNSEY_25694,10,25694,Cornerstone Pnt Gris 13 Napa,750mL,2,19.98,9.99,2024-12-07,750.0,2,0.22,9165,ULTRA BEVERAGE COMPANY LLP 
1_HARDERSFIELD_14008,1,14008,Cigar Box Malbec Mendoza,750mL,3,35.97,11.99,2024-10-08,750.0,2,0.34,9552,M S WALKER INC             
72_HARDERSFIELD_8448,72,8448,Cruzan Aged Dark Rum,750mL,2,19.98,9.99,2024-04-07,750.0,1,1.57,12546,JIM BEAM BRANDS COMPANY    
31_HORNSEY_9109,31,9109,Deep Eddy Ruby Red Vodka,50mL,1,0.99,0.99,2024-01-07,50.0,1,0.05,3924,HEAVEN HILL DISTILLERIES   
51_ABERDEEN_38888,51,38888,Justin Cab Svgn Paso Robles,750mL,2,63.98,31.99,2024-09-23,750.0,2,0.22,9552,M S WALKER INC             
2_ASHBORNE_7341,2,7341,Smirnoff Watermelon,50mL,1,0.99,0.99,2024-02-20,50.0,1,0.05,3960,DIAGEO NORTH AMERICA INC   
76_DONCASTER_12994,76,12994,Acrobat Pnt Gris Oregon,750mL,5,64.95,12.99,2024-04-23,750.0,2,0.56,4425,MARTIGNETTI COMPANIES
33_HORNSEY_19464,33,19464,Flagstone Noon Gun White,750mL,2,13.98,6.99,2024-07-18,750.0,2,0.22,2000,SOUTHERN WINE & SPIRITS NE 
30_CULCHETH_3879,30,3879,Smirnoff 80 Proof Traveler,750mL,3,32.97,10.99,2024-07-15,750.0,1,2.36,3960,DIAGEO NORTH AMERICA INC   
73_DONCASTER_14393,73,14393,Ch Montaud Cotes de Prov Rse,750mL,12,143.88,11.99,2024-11-01,750.0,2,1.35,7153,PINE STATE TRADING CO      
73_DONCASTER_26319,73,26319,Steak House Cab Svgn,750mL,2,19.98,9.99,2024-09-14,750.0,2,0.22,10754,PERFECTA WINES             
25_CAERSHIRE_3760,25,3760,Absolut Pears,750mL,1,16.99,16.99,2024-08-19,750.0,1,0.79,17035,PERNOD RICARD USA          
73_DONCASTER_23474,73,23474,Anew Rose,750mL,2,19.98,9.99,2024-12-29,750.0,2,0.22,8673,STE MICHELLE WINE ESTATES  
71_CLARCTON_5364,71,5364,Kahlua,1.75L,2,59.98,29.99,2024-10-16,1750.0,1,3.67,17035,PERNOD RICARD USA          
23_ARBINGTON_5977,23,5977,Absinthe Ordinaire,750mL,1,22.99,22.99,2024-05-15,750.0,1,0.79,6213,MHW LTD                    
43_WOLFORD_8214,43,8214,E & J Brandy VS,750mL,1,9.99,9.99,2024-07-29,750.0,1,0.79,3252,E & J GALLO WINERY         
50_MOUNTMEND_31866,50,31866,F Coppola Diamond Merlot,750mL,2,27.98,13.99,2024-09-08,750.0,2,0.22,2000,SOUTHERN WINE & SPIRITS NE 
81_PEMBROKE_5128,81,5128,Carolans Irish Cream,750mL,1,11.99,11.99,2024-11-20,750.0,1,0.79,11567,CAMPARI AMERICA            
73_DONCASTER_3571,73,3571,Absolut Vanilia,50mL,3,5.97,1.99,2024-05-10,50.0,1,0.16,17035,PERNOD RICARD USA          
56_BEGGAR'S HOLE_15527,56,15527,Roscato Rosso,750mL,2,21.98,10.99,2024-02-20,750.0,2,0.22,6785,PALM BAY INTERNATIONAL INC 
71_CLARCTON_41965,71,41965,F Coppola Sofia Rose,750mL,1,15.99,15.99,2024-01-30,750.0,2,0.11,2000,SOUTHERN WINE & SPIRITS NE 
52_GRAYCOTT_5015,52,5015,Arrow Creme de Banana,750mL,1,7.99,7.99,2024-12-24,750.0,1,0.79,8352,LUXCO INC                  
74_PAENTMARWY_8284,74,8284,Suerte Reposado Tequila,750mL,1,41.99,41.99,2024-09-16,750.0,1,0.79,9165,ULTRA BEVERAGE COMPANY LLP 
51_ABERDEEN_8512,51,8512,Baileys Irish Cream,750mL,1,19.99,19.99,2024-01-07,750.0,1,0.79,3960,DIAGEO NORTH AMERICA INC   
37_PAETHSMOUTH_3780,37,3780,Three Olives Raspberry Vodk,750mL,1,11.99,11.99,2024-03-15,750.0,1,0.79,7245,PROXIMO SPIRITS INC.       
66_EANVERNESS_856,66,856,Chinaco Blanco Tequila,750mL,1,29.99,29.99,2024-06-04,750.0,1,0.79,9165,ULTRA BEVERAGE COMPANY LLP 
34_PITMERDEN_5661,34,5661,Dr McGillicuddy's Root Beer,750mL,3,38.97,12.99,2024-04-06,750.0,1,2.36,8004,SAZERAC CO INC             
68_SOLARIS_8120,68,8120,Tribuno Sweet Vermouth,1.5L,1,8.99,8.99,2024-06-01,1500.0,1,1.57,9815,WINE GROUP INC             
11_CARDEND_3133,11,3133,Svedka Strwbry Lemonad Vodka,750mL,2,25.98,12.99,2024-05-21,750.0,1,1.57,1392,CONSTELLATION BRANDS INC   
33_HORNSEY_2658,33,2658,Cutty Sark,750mL,1,15.99,15.99,2024-07-22,750.0,1,0.79,2561,EDRINGTON AMERICAS         
45_VERITAS_2658,45,2658,Cutty Sark,750mL,1,15.99,15.99,2024-01-02,750.0,1,0.79,2561,EDRINGTON AMERICAS         
51_ABERDEEN_8691,51,8691,Jose Cuervo Especial,750mL,4,67.96,16.99,2024-04-09,750.0,1,3.15,7245,PROXIMO SPIRITS INC.       
38_GOULCREST_31231,38,31231,Nobilo Svgn Bl MarlborougH,750mL,1,10.99,10.99,2024-09-30,750.0,2,0.11,1392,CONSTELLATION BRANDS INC   
34_PITMERDEN_19821,34,19821,Castello Chianti Classico,750mL,1,16.99,16.99,2024-06-03,750.0,2,0.11,4425,MARTIGNETTI COMPANIES
66_EANVERNESS_41252,66,41252,Beringer Classic Pnt Grigio,1.5L,14,139.86,9.99,2024-02-20,1500.0,2,3.15,9819,TREASURY WINE ESTATES      
76_DONCASTER_6651,76,6651,Rocca Delle Macie Chianti C,750mL,1,11.99,11.99,2024-08-12,750.0,2,0.11,6785,PALM BAY INTERNATIONAL INC 
50_MOUNTMEND_8130,50,8130,Bacardi Superior Rum,50mL,6,7.74,1.29,2024-03-11,50.0,1,0.32,480,BACARDI USA INC            
50_MOUNTMEND_18868,50,18868,Josh Cellars Merlot,750mL,3,41.97,13.99,2024-09-03,750.0,2,0.34,4425,MARTIGNETTI COMPANIES
53_HILLFAR_10254,53,10254,Beringer Classic Chard,750mL,3,14.97,4.99,2024-04-09,750.0,2,0.34,9819,TREASURY WINE ESTATES      
34_PITMERDEN_46202,34,46202,Yellow Tail Pnt Grigio Ausl,1.5L,7,73.71,10.53,2024-09-23,1500.0,2,1.57,4425,MARTIGNETTI COMPANIES
59_CLAETHORPES_3107,59,3107,Don Julio 70th Anniversary,750mL,1,66.99,66.99,2024-06-03,750.0,1,0.79,3960,DIAGEO NORTH AMERICA INC   
37_PAETHSMOUTH_8112,37,8112,Stolichnaya,1.75L,1,25.99,25.99,2024-09-06,1750.0,1,1.84,8664,"STOLI GROUP,(USA) LLC      "
77_TAMWORTH_1883,77,1883,Seagrams 7 Crown,1.75L,2,35.98,17.99,2024-04-18,1750.0,1,3.67,3960,DIAGEO NORTH AMERICA INC   
50_MOUNTMEND_15105,50,15105,Kendall Jackson Avant Chard,750mL,4,39.96,9.99,2024-11-16,750.0,2,0.45,10000,MAJESTIC FINE WINES        
66_EANVERNESS_29810,66,29810,Fess Parker Chard,750mL,1,17.99,17.99,2024-05-13,750.0,2,0.11,7153,PINE STATE TRADING CO      
7_STANMORE_743,7,743,Angels Envy Whiskey,750mL,1,49.99,49.99,2024-02-29,750.0,1,0.79,480,BACARDI USA INC            
34_PITMERDEN_10370,34,10370,Bouvier Marsannay Rose,750mL,1,25.99,25.99,2024-05-27,750.0,2,0.11,4425,MARTIGNETTI COMPANIES
69_MOUNTMEND_23240,69,23240,14 Hands Red Blend Ltd,750mL,2,19.98,9.99,2024-03-12,750.0,2,0.22,8673,STE MICHELLE WINE ESTATES  
49_GARIGILL_15428,49,15428,Ruffino Prosecco Sparkling,750mL,4,51.96,12.99,2024-03-05,750.0,2,0.45,1392,CONSTELLATION BRANDS INC   
44_PORTHCRAWL_5491,44,5491,Rumpleminze,50mL,5,9.95,1.99,2024-05-21,50.0,1,0.26,3960,DIAGEO NORTH AMERICA INC   
65_LUTON_5694,65,5694,Ice Box Mudslide,1.75L,1,9.99,9.99,2024-07-26,1750.0,1,1.84,8004,SAZERAC CO INC             
9_BLACKPOOL_8627,9,8627,Jadot Beaujolais Villages,750mL,2,17.98,8.99,2024-04-29,750.0,2,0.22,4692,KOBRAND CORPORATION        
14_BROMWICH_3315,14,3315,Smirnoff Sorbet Rasp/Pomegra,50mL,2,1.98,0.99,2024-05-22,50.0,1,0.1,3960,DIAGEO NORTH AMERICA INC   
37_PAETHSMOUTH_8103,37,8103,Sauza Gold Tequila,50mL,2,1.98,0.99,2024-02-23,50.0,1,0.1,12546,JIM BEAM BRANDS COMPANY    
32_MOUNTMEND_40193,32,40193,Mark West Chard Sonoma Cnty,750mL,1,9.99,9.99,2024-09-20,750.0,2,0.11,1392,CONSTELLATION BRANDS INC   
73_DONCASTER_3513,73,3513,Ciroc Snap Frost Vodka,750mL,1,23.99,23.99,2024-06-18,750.0,1,0.79,3960,DIAGEO NORTH AMERICA INC   
76_DONCASTER_4679,76,4679,Courvoisier VS Cognac,375mL,2,23.98,11.99,2024-03-26,375.0,1,0.79,12546,JIM BEAM BRANDS COMPANY    
43_WOLFORD_3960,43,3960,Tortilla Gold Tequila Liquer,1.75L,1,11.99,11.99,2024-12-15,1750.0,1,1.84,8004,SAZERAC CO INC             
41_LARNWICK_26427,41,26427,Latour Pouilly Fuisse,750mL,4,87.96,21.99,2024-07-28,750.0,2,0.45,9552,M S WALKER INC             
32_MOUNTMEND_7341,32,7341,Smirnoff Watermelon,50mL,9,8.91,0.99,2024-10-28,50.0,1,0.47,3960,DIAGEO NORTH AMERICA INC   
68_SOLARIS_22079,68,22079,C Y Toro Casa Diblo Cab Svgn,750mL,1,9.99,9.99,2024-05-27,750.0,2,0.11,516,BANFI PRODUCTS CORP        
69_MOUNTMEND_16794,69,16794,Freakshow Cab Svgn,750mL,1,17.99,17.99,2024-07-15,750.0,2,0.11,4425,MARTIGNETTI COMPANIES
61_AETHELNEY_4181,61,4181,Calypso Spiced Rum,1.75L,3,35.97,11.99,2024-06-20,1750.0,1,5.51,660,SAZERAC NORTH AMERICA INC. 
67_EANVERNESS_5750,67,5750,Malibu Rum Traveler,750mL,1,12.99,12.99,2024-02-12,750.0,1,0.79,17035,PERNOD RICARD USA          
8_ALNERWICK_4626,8,4626,Meukow VS Cognac,750mL,1,16.99,16.99,2024-08-26,750.0,1,0.79,660,SAZERAC NORTH AMERICA INC. 
31_HORNSEY_3780,31,3780,Three Olives Raspberry Vodk,750mL,1,12.99,12.99,2024-04-18,750.0,1,0.79,7245,PROXIMO SPIRITS INC.       
52_GRAYCOTT_36523,52,36523,Ch Macard Brdx Superieur,750mL,1,14.99,14.99,2024-02-04,750.0,2,0.11,4425,MARTIGNETTI COMPANIES
31_HORNSEY_3769,31,3769,Jenkins Vodka,1.75L,1,9.49,9.49,2024-05-24,1750.0,1,1.84,9552,M S WALKER INC             
41_LARNWICK_4145,41,4145,Don Q Cristal Rum,1.75L,3,50.97,16.99,2024-09-23,1750.0,1,5.51,98450,Serralles Usa LLC          
26_KNIFE'S EDGE_39384,26,39384,F Coppola Diamond Pnt Nr,750mL,1,12.95,12.95,2024-02-14,750.0,2,0.11,2000,SOUTHERN WINE & SPIRITS NE 
19_WINTERVALE_3847,19,3847,Grey Goose Vodka,50mL,1,3.99,3.99,2024-10-15,50.0,1,0.05,480,BACARDI USA INC            
61_AETHELNEY_4130,61,4130,Kraken Black Spiced Rum,375mL,1,10.99,10.99,2024-03-17,375.0,1,0.39,7245,PROXIMO SPIRITS INC.       
64_CESTERFIELD_29619,64,29619,Schmitt Sohne Auslese,750mL,1,15.99,15.99,2024-12-22,750.0,2,0.11,9552,M S WALKER INC             
34_PITMERDEN_12368,34,12368,Vina Zaco Tempranillo Rioja,750mL,1,10.99,10.99,2024-06-03,750.0,2,0.11,9165,ULTRA BEVERAGE COMPANY LLP 
2_ASHBORNE_3153,2,3153,Rye Harbor Vodka,750mL,1,17.99,17.99,2024-07-23,750.0,1,0.79,653,STATE WINE & SPIRITS   
66_EANVERNESS_998,66,998,Corralejo Blanco Tequila,750mL,1,24.99,24.99,2024-06-17,750.0,1,0.79,9165,ULTRA BEVERAGE COMPANY LLP 
68_SOLARIS_17186,68,17186,Columna Albarino,750mL,1,14.99,14.99,2024-07-23,750.0,2,0.11,10754,PERFECTA WINES             
60_IRRAGIN_46424,60,46424,Hob Nob Pnt Nr VDP D'Oc,750mL,1,9.99,9.99,2024-11-18,750.0,2,0.11,4425,MARTIGNETTI COMPANIES
50_MOUNTMEND_25352,50,25352,Cecchi Chianti DOCG,750mL,1,10.99,10.99,2024-05-07,750.0,2,0.11,9165,ULTRA BEVERAGE COMPANY LLP 
49_GARIGILL_42678,49,42678,Fish Eye Shiraz,750mL,2,9.98,4.99,2024-11-06,750.0,2,0.22,9815,WINE GROUP INC             
34_PITMERDEN_3804,34,3804,Svedka Vodka,750mL,1,12.99,12.99,2024-05-14,750.0,1,0.79,1392,CONSTELLATION BRANDS INC   
42_BLACK HOLLOW_32831,42,32831,Carpineto Dogajolo Tuscan Rd,750mL,3,35.97,11.99,2024-11-07,750.0,2,0.34,9165,ULTRA BEVERAGE COMPANY LLP 
59_CLAETHORPES_2757,59,2757,Johnnie Walker Red Label,1.75L,3,89.97,29.99,2024-03-30,1750.0,1,5.51,3960,DIAGEO NORTH AMERICA INC   
72_HARDERSFIELD_6937,72,6937,Cavit Pinot Grigio,1.5L,1,14.99,14.99,2024-10-22,1500.0,2,0.22,6785,PALM BAY INTERNATIONAL INC 
34_PITMERDEN_35959,34,35959,Stags Leap Winery Cab Svgn,750mL,1,54.99,54.99,2024-12-15,750.0,2,0.11,9819,TREASURY WINE ESTATES      
59_CLAETHORPES_9145,59,9145,Smirnoff Kissed Caramel,50mL,5,4.95,0.99,2024-03-11,50.0,1,0.26,3960,DIAGEO NORTH AMERICA INC   
55_DRY GULCH_35414,55,35414,Yellow Tail Shiraz Ausl,1.5L,7,62.65,8.95,2024-07-02,1500.0,2,1.57,4425,MARTIGNETTI COMPANIES
44_PORTHCRAWL_3344,44,3344,Bombay Sapphire Gin,750mL,1,24.99,24.99,2024-04-09,750.0,1,0.79,480,BACARDI USA INC            
6_GOULCREST_25603,6,25603,Verrazzano Chianti Clsc,750mL,1,17.99,17.99,2024-04-26,750.0,2,0.11,6785,PALM BAY INTERNATIONAL INC 
32_MOUNTMEND_8617,32,8617,Bacardi Black,750mL,1,13.99,13.99,2024-05-27,750.0,1,0.79,480,BACARDI USA INC            
38_GOULCREST_15355,38,15355,Decoy Duckhorn Chard Sonoma,750mL,2,33.9,16.95,2024-11-17,750.0,2,0.22,4425,MARTIGNETTI COMPANIES
13_TARMSWORTH_1232,13,1232,Jack Daniels No 7 Black,750mL,2,45.98,22.99,2024-06-27,750.0,1,1.57,1128,BROWN-FORMAN CORP          
38_GOULCREST_34460,38,34460,Dr Loosen Rsl 'Dr L' M,750mL,1,11.99,11.99,2024-07-22,750.0,2,0.11,4425,MARTIGNETTI COMPANIES
20_BREDWARDINE_13695,20,13695,Red Rock Winery Malbec,750mL,1,9.99,9.99,2024-12-09,750.0,2,0.11,3252,E & J GALLO WINERY         
14_BROMWICH_14706,14,14706,Cupcake Prosecco,750mL,1,10.49,10.49,2024-01-07,750.0,2,0.11,9815,WINE GROUP INC             
78_EASTHAVEN_16328,78,16328,Black Box Chard,500mL,2,7.98,3.99,2024-12-08,500.0,2,0.15,1392,CONSTELLATION BRANDS INC   
19_WINTERVALE_3577,19,3577,Effen Black Cherry & Vanilla,750mL,1,19.99,19.99,2024-10-13,750.0,1,0.79,12546,JIM BEAM BRANDS COMPANY    
8_ALNERWICK_3405,8,3405,Tito's Handmade Vodka,1.75L,5,144.95,28.99,2024-02-20,1750.0,1,9.19,4425,MARTIGNETTI COMPANIES
31_HORNSEY_7282,31,7282,Colombo Marsala Sweet,750mL,1,9.99,9.99,2024-04-16,750.0,2,0.11,9552,M S WALKER INC             
6_GOULCREST_1760,6,1760,William Grant Scotch,1.75L,1,24.99,24.99,2024-12-19,1750.0,1,1.84,3664,WILLIAM GRANT & SONS INC   
62_KILMARNOCK_3606,62,3606,Smirnoff Raspberry Vodka,50mL,3,2.97,0.99,2024-08-15,50.0,1,0.16,3960,DIAGEO NORTH AMERICA INC   
51_ABERDEEN_2120,51,2120,Canadian Club,1.75L,2,29.98,14.99,2024-02-25,1750.0,1,3.67,12546,JIM BEAM BRANDS COMPANY    
46_TYWARDREATH_5111,46,5111,Dr McGillicuddy's Mentholmnt,50mL,1,0.99,0.99,2024-01-31,50.0,1,0.05,8004,SAZERAC CO INC             
36_LEWES_32368,36,32368,Cavit Pinot Noir Delle Vene,1.5L,1,9.99,9.99,2024-07-07,1500.0,2,0.22,6785,PALM BAY INTERNATIONAL INC 
78_EASTHAVEN_3295,78,3295,Tito's Handmade Vodka,375mL,4,39.96,9.99,2024-08-21,375.0,1,1.57,4425,MARTIGNETTI COMPANIES
2_ASHBORNE_8737,2,8737,Freixenet Cordon Negro Brut,750mL,1,11.99,11.99,2024-12-17,750.0,2,0.11,4425,MARTIGNETTI COMPANIES
2_ASHBORNE_7878,2,7878,Allens Coffee Brandy,1.75L,1,13.99,13.99,2024-11-13,1750.0,1,1.84,9552,M S WALKER INC             
73_DONCASTER_39923,73,39923,Sterling Vintner Clt Svgn Bl,750mL,1,9.99,9.99,2024-06-05,750.0,2,0.11,1590,DIAGEO CHATEAU ESTATE WINES
41_LARNWICK_26827,41,26827,Cavit Merlot Trentino,1.5L,2,19.98,9.99,2024-11-13,1500.0,2,0.45,6785,PALM BAY INTERNATIONAL INC 
30_CULCHETH_34870,30,34870,Arca Nova Vinho Verde,750mL,1,8.99,8.99,2024-05-06,750.0,2,0.11,10754,PERFECTA WINES             
74_PAENTMARWY_7978,74,7978,M & R X Dry Vermouth,750mL,1,7.49,7.49,2024-10-06,750.0,1,0.79,480,BACARDI USA INC            
17_OLDHAM_8107,17,8107,Wild Turkey 101,1.75L,1,34.99,34.99,2024-08-13,1750.0,1,1.84,11567,CAMPARI AMERICA            
76_DONCASTER_25515,76,25515,Bootstrap Red,750mL,1,7.99,7.99,2024-04-14,750.0,2,0.11,10754,PERFECTA WINES             
66_EANVERNESS_5776,66,5776,Malibu Black,1.75L,1,21.99,21.99,2024-05-28,1750.0,1,1.84,17035,PERNOD RICARD USA          
76_DONCASTER_7302,76,7302,Marques de Caceres Rioja Re,750mL,3,35.25,11.75,2024-09-15,750.0,2,0.34,1587,VINEYARD BRANDS INC        
55_DRY GULCH_27393,55,27393,Victor Vineyards Cab Svgn 13,750mL,4,39.96,9.99,2024-12-23,750.0,2,0.45,9165,ULTRA BEVERAGE COMPANY LLP 
32_MOUNTMEND_44717,32,44717,Dom Chandon Rose Spklg,750mL,1,13.99,13.99,2024-07-21,750.0,2,0.11,8112,MOET HENNESSY USA INC      
10_HORNSEY_3315,10,3315,Smirnoff Sorbet Rasp/Pomegra,50mL,6,5.94,0.99,2024-03-13,50.0,1,0.32,3960,DIAGEO NORTH AMERICA INC   
77_TAMWORTH_39335,77,39335,Phillips Seven Deadly Znfdl,750mL,1,14.99,14.99,2024-06-18,750.0,2,0.11,4425,MARTIGNETTI COMPANIES
2_ASHBORNE_6879,2,6879,Maurice's Mentholated Mint,50mL,1,0.99,0.99,2024-12-08,50.0,1,0.05,9552,M S WALKER INC             
13_TARMSWORTH_3511,13,3511,New Amsterdam Vodka,750mL,1,9.99,9.99,2024-08-13,750.0,1,0.79,3252,E & J GALLO WINERY         
56_BEGGAR'S HOLE_3325,56,3325,Pinnacle Caramel Apple Vodka,750mL,1,10.99,10.99,2024-11-23,750.0,1,0.79,12546,JIM BEAM BRANDS COMPANY    
59_CLAETHORPES_3614,59,3614,Finlandia Vodka,1.75L,1,22.99,22.99,2024-10-21,1750.0,1,1.84,1128,BROWN-FORMAN CORP          
66_EANVERNESS_1233,66,1233,Jack Daniels No 7 Black,1.75L,3,116.97,38.99,2024-05-11,1750.0,1,5.51,1128,BROWN-FORMAN CORP          
53_HILLFAR_757,53,757,Jim Beam Rye,750mL,1,18.99,18.99,2024-04-22,750.0,1,0.79,12546,JIM BEAM BRANDS COMPANY    
1_HARDERSFIELD_3427,1,3427,Stolichnaya Blueberi,1.75L,1,24.99,24.99,2024-06-07,1750.0,1,1.84,8664,"STOLI GROUP,(USA) LLC      "
49_GARIGILL_8203,49,8203,Grand Marnier,50mL,9,26.91,2.99,2024-01-05,50.0,1,0.47,8112,MOET HENNESSY USA INC      
48_NORFOLK_8111,48,8111,Smirnoff 80 Proof,50mL,15,14.85,0.99,2024-10-22,50.0,1,0.79,3960,DIAGEO NORTH AMERICA INC   
51_ABERDEEN_44148,51,44148,Polka Dot Rsl Pfalz,750mL,1,6.99,6.99,2024-03-31,750.0,2,0.11,3252,E & J GALLO WINERY         
4_EANVERNESS_3766,4,3766,Three Olives Grape Vodka,750mL,12,155.88,12.99,2024-02-12,750.0,1,9.45,7245,PROXIMO SPIRITS INC.       
8_ALNERWICK_2704,8,2704,Serpent's Bite Cider Whiskey,50mL,1,0.99,0.99,2024-05-28,50.0,1,0.05,1392,CONSTELLATION BRANDS INC   
59_CLAETHORPES_6864,59,6864,St Francis Chard,750mL,2,21.98,10.99,2024-11-11,750.0,2,0.22,4692,KOBRAND CORPORATION        
52_GRAYCOTT_6273,52,6273,Vendange Wh Znfdl,1.5L,1,7.99,7.99,2024-05-26,1500.0,2,0.22,1392,CONSTELLATION BRANDS INC   
62_KILMARNOCK_3879,62,3879,Smirnoff 80 Proof Traveler,750mL,1,10.99,10.99,2024-04-25,750.0,1,0.79,3960,DIAGEO NORTH AMERICA INC   
23_ARBINGTON_13422,23,13422,Gnarly Head Pnt Nr,750mL,1,12.99,12.99,2024-01-08,750.0,2,0.11,2242,DELICATO VINEYARDS INC     
67_EANVERNESS_1232,67,1232,Jack Daniels No 7 Black,750mL,2,45.98,22.99,2024-06-19,750.0,1,1.57,1128,BROWN-FORMAN CORP          
66_EANVERNESS_4225,66,4225,Goslings Black Seal Bermuda,1.75L,5,129.95,25.99,2024-10-16,1750.0,1,9.19,1485,CASTLE BRANDS CORP.        
28_LARNWICK_8451,28,8451,Cruzan Aged Dark Rum,1.75L,1,17.99,17.99,2024-11-06,1750.0,1,1.84,12546,JIM BEAM BRANDS COMPANY    
73_DONCASTER_5767,73,5767,Jose Cuervo Strawberry Marg,1.75L,1,13.99,13.99,2024-01-08,1750.0,1,1.84,7245,PROXIMO SPIRITS INC.       
35_HALIVAARA_6599,35,6599,Estancia Cab Svgn Paso Roble,750mL,1,9.49,9.49,2024-08-29,750.0,2,0.11,1392,CONSTELLATION BRANDS INC   
50_MOUNTMEND_17867,50,17867,Beringer Classic Wh Zin Mosc,750mL,1,4.99,4.99,2024-04-30,750.0,2,0.11,9819,TREASURY WINE ESTATES      
1_HARDERSFIELD_5735,1,5735,Malibu Rum,750mL,2,25.98,12.99,2024-04-03,750.0,1,1.57,17035,PERNOD RICARD USA          
67_EANVERNESS_34123,67,34123,Freixenet Cordon Negro Brut,187mL,1,3.99,3.99,2024-03-31,187.0,2,0.03,4425,MARTIGNETTI COMPANIES
7_STANMORE_3243,7,3243,Burnetts Vodka,1.75L,2,20.98,10.49,2024-02-10,1750.0,1,3.67,3924,HEAVEN HILL DISTILLERIES   
73_DONCASTER_21834,73,21834,Meiomi Chard,750mL,2,31.98,15.99,2024-07-16,750.0,2,0.22,1392,CONSTELLATION BRANDS INC   
68_SOLARIS_20800,68,20800,Talamonti Moda Montepulciano,750mL,1,8.99,8.99,2024-12-29,750.0,2,0.11,9552,M S WALKER INC             
23_ARBINGTON_46429,23,46429,Villa Pozzi Pnt Grigio Vnzie,750mL,1,9.99,9.99,2024-07-25,750.0,2,0.11,4425,MARTIGNETTI COMPANIES
69_MOUNTMEND_20204,69,20204,Dibon Cava Brut Rsv,750mL,1,12.99,12.99,2024-05-08,750.0,2,0.11,90024,VINILANDIA USA             
69_MOUNTMEND_6524,69,6524,Rosemount Diamond Shiraz,750mL,2,13.98,6.99,2024-04-08,750.0,2,0.22,4425,MARTIGNETTI COMPANIES
61_AETHELNEY_13461,61,13461,R M Woodbridge Moscato,1.5L,1,9.99,9.99,2024-06-28,1500.0,2,0.22,1392,CONSTELLATION BRANDS INC   
59_CLAETHORPES_25269,59,25269,R Mondavi Cab Svgn Pvt Sel,750mL,1,8.99,8.99,2024-01-30,750.0,2,0.11,1392,CONSTELLATION BRANDS INC   
47_PELLA'S WISH_3842,47,3842,Barton Vodka,Liter,1,5.79,5.79,2024-06-18,1000.0,1,1.05,660,SAZERAC NORTH AMERICA INC. 
47_PELLA'S WISH_661,47,661,Red Stag by Jim Beam,750mL,1,14.99,14.99,2024-07-02,750.0,1,0.79,12546,JIM BEAM BRANDS COMPANY    
20_BREDWARDINE_17865,20,17865,Ch St Jean Pnt Nr,750mL,1,11.99,11.99,2024-12-19,750.0,2,0.11,9819,TREASURY WINE ESTATES      
7_STANMORE_3529,7,3529,U V Vodka,1.75L,1,13.99,13.99,2024-03-10,1750.0,1,1.84,9206,PHILLIPS PRODUCTS CO.      
61_AETHELNEY_38651,61,38651,Carpineto Chianti Clsc,750mL,1,15.99,15.99,2024-11-22,750.0,2,0.11,9165,ULTRA BEVERAGE COMPANY LLP 
35_HALIVAARA_5734,35,5734,Malibu Rum,1.75L,1,21.99,21.99,2024-08-07,1750.0,1,1.84,17035,PERNOD RICARD USA          
15_WANBORNE_4245,15,4245,Bacardi Superior Rum,750mL,2,27.98,13.99,2024-09-25,750.0,1,1.57,480,BACARDI USA INC            
10_HORNSEY_23239,10,23239,Hay Maker Svgn Bl,750mL,1,10.99,10.99,2024-11-23,750.0,2,0.11,2000,SOUTHERN WINE & SPIRITS NE 
19_WINTERVALE_7341,19,7341,Smirnoff Watermelon,50mL,5,4.95,0.99,2024-04-11,50.0,1,0.26,3960,DIAGEO NORTH AMERICA INC   
12_LEESIDE_8184,12,8184,Kahlua,50mL,1,1.99,1.99,2024-10-22,50.0,1,0.05,17035,PERNOD RICARD USA          
41_LARNWICK_38546,41,38546,Mark West Pnt Nr Sonoma,750mL,4,39.96,9.99,2024-11-03,750.0,2,0.45,1392,CONSTELLATION BRANDS INC   
15_WANBORNE_1181,15,1181,Kahlua Peppermint Mocha,750mL,1,18.99,18.99,2024-01-09,750.0,1,0.79,17035,PERNOD RICARD USA          
74_PAENTMARWY_1789,74,1789,Jack Daniels Tennesse Fire,750mL,4,91.96,22.99,2024-05-14,750.0,1,3.15,1128,BROWN-FORMAN CORP          
23_ARBINGTON_43808,23,43808,R M Woodbridge Pnt Nr Cal,750mL,1,6.99,6.99,2024-11-23,750.0,2,0.11,1392,CONSTELLATION BRANDS INC   
67_EANVERNESS_1545,67,1545,Gentleman Jack,750mL,2,57.98,28.99,2024-12-27,750.0,1,1.57,1128,BROWN-FORMAN CORP          
50_MOUNTMEND_8623,50,8623,Casamigos Anejo Tequila,50mL,1,2.99,2.99,2024-08-20,50.0,1,0.05,6213,MHW LTD                    
78_EASTHAVEN_23739,78,23739,Liberty School Cab Svgn,750mL,1,13.99,13.99,2024-03-04,750.0,2,0.11,4425,MARTIGNETTI COMPANIES
58_HARTLEPOOL_3982,58,3982,Hornitos Reposado Tequila,750mL,1,20.99,20.99,2024-05-12,750.0,1,0.79,12546,JIM BEAM BRANDS COMPANY    
50_MOUNTMEND_2752,50,2752,Johnnie Walker Black Label,750mL,1,38.99,38.99,2024-03-22,750.0,1,0.79,3960,DIAGEO NORTH AMERICA INC   
74_PAENTMARWY_18125,74,18125,Laya Tinto Almansa,750mL,2,17.98,8.99,2024-12-08,750.0,2,0.22,9552,M S WALKER INC             
41_LARNWICK_5798,41,5798,1800 Raspberry Margarita RTD,1.75L,2,33.98,16.99,2024-10-08,1750.0,1,3.67,7245,PROXIMO SPIRITS INC.       
76_DONCASTER_3356,76,3356,Svedka Vodka,375mL,3,20.97,6.99,2024-12-23,375.0,1,1.18,1392,CONSTELLATION BRANDS INC   
15_WANBORNE_6356,15,6356,Taylor Cream Sherry,1.5L,1,7.79,7.79,2024-11-21,1500.0,2,0.22,1392,CONSTELLATION BRANDS INC   
54_GUTHRAM_3704,54,3704,Ciroc Pineapple Vodka,750mL,1,24.99,24.99,2024-09-27,750.0,1,0.79,3960,DIAGEO NORTH AMERICA INC   
1_HARDERSFIELD_3174,1,3174,Cold River Vodka,750mL,2,69.98,34.99,2024-03-19,750.0,1,1.57,4425,MARTIGNETTI COMPANIES
66_EANVERNESS_3234,66,3234,Hendrick's Gin,1.75L,3,179.97,59.99,2024-11-12,1750.0,1,5.51,3664,WILLIAM GRANT & SONS INC   
62_KILMARNOCK_3356,62,3356,Svedka Vodka,375mL,2,13.98,6.99,2024-09-27,375.0,1,0.79,1392,CONSTELLATION BRANDS INC   
39_EASTHALLOW_43877,39,43877,Duckhorn Svgn Bl Napa,750mL,1,26.99,26.99,2024-07-03,750.0,2,0.11,4425,MARTIGNETTI COMPANIES
68_SOLARIS_4390,68,4390,Ron Zacapa 23 Yr Old Rum,750mL,2,85.98,42.99,2024-12-10,750.0,1,1.57,3960,DIAGEO NORTH AMERICA INC   
7_STANMORE_19996,7,19996,Inspired Red Blend CA,750mL,1,5.99,5.99,2024-06-12,750.0,2,0.11,9552,M S WALKER INC             
19_WINTERVALE_8730,19,8730,Ruffino Orvieto Clsc,750mL,1,7.99,7.99,2024-01-08,750.0,1,0.79,1392,CONSTELLATION BRANDS INC   
23_ARBINGTON_5382,23,5382,Ice 101 Peppermint Schnapps,750mL,1,11.99,11.99,2024-04-08,750.0,1,0.79,8004,SAZERAC CO INC             
68_SOLARIS_3788,68,3788,Patron Silver Tequila,375mL,2,55.98,27.99,2024-06-26,375.0,1,0.79,9165,ULTRA BEVERAGE COMPANY LLP 
62_KILMARNOCK_12227,62,12227,Korbel Sweet Rose,750mL,1,12.99,12.99,2024-07-09,750.0,2,0.11,1128,BROWN-FORMAN CORP          
37_PAETHSMOUTH_26463,37,26463,Ravenswood Vints Blend Znfdl,750mL,1,6.79,6.79,2024-02-23,750.0,2,0.11,1392,CONSTELLATION BRANDS INC   
72_HARDERSFIELD_3826,72,3826,Skyy Vodka,1.75L,18,359.82,19.99,2024-04-02,1750.0,1,33.07,11567,CAMPARI AMERICA            
69_MOUNTMEND_27644,69,27644,Cline Znfdl Cal,750mL,4,39.96,9.99,2024-10-08,750.0,2,0.45,4425,MARTIGNETTI COMPANIES
24_PALPERROTH_3608,24,3608,Smirnoff Orange Vodka,50mL,4,3.96,0.99,2024-08-05,50.0,1,0.21,3960,DIAGEO NORTH AMERICA INC   
12_LEESIDE_5137,12,5137,Irish Manor Irish Cream,750mL,1,9.99,9.99,2024-12-03,750.0,1,0.79,4380,CHARLES JACQUIN ET CIE INC 
73_DONCASTER_6937,73,6937,Cavit Pinot Grigio,1.5L,3,44.97,14.99,2024-06-16,1500.0,2,0.68,6785,PALM BAY INTERNATIONAL INC 
71_CLARCTON_8424,71,8424,1800 Coconut Tequila,750mL,1,22.99,22.99,2024-07-03,750.0,1,0.79,7245,PROXIMO SPIRITS INC.       
50_MOUNTMEND_3272,50,3272,Sobieski Vodka,1.75L,1,17.99,17.99,2024-10-27,1750.0,1,1.84,9552,M S WALKER INC             
66_EANVERNESS_24303,66,24303,Cupcake Black Forest,750mL,1,6.99,6.99,2024-06-02,750.0,2,0.11,9815,WINE GROUP INC             
39_EASTHALLOW_7978,39,7978,M & R X Dry Vermouth,750mL,2,14.98,7.49,2024-10-22,750.0,1,1.57,480,BACARDI USA INC            
2_ASHBORNE_4135,2,4135,Smirnoff Blueberry Vodka,50mL,5,4.95,0.99,2024-12-20,50.0,1,0.26,3960,DIAGEO NORTH AMERICA INC   
58_HARTLEPOOL_13458,58,13458,Ch Ste Michelle Harvest Rsl,750mL,3,26.97,8.99,2024-10-09,750.0,2,0.34,8673,STE MICHELLE WINE ESTATES  
41_LARNWICK_40545,41,40545,Whitehaven Svgn Bl Marlboro,750mL,1,14.99,14.99,2024-08-18,750.0,2,0.11,3252,E & J GALLO WINERY         
11_CARDEND_4437,11,4437,Mount Gay Eclipse,1.75L,2,63.98,31.99,2024-08-12,1750.0,1,3.67,7239,REMY COINTREAU USA INC     
48_NORFOLK_3042,48,3042,Ciroc Red Berry Vodka,375mL,1,11.99,11.99,2024-03-19,375.0,1,0.39,3960,DIAGEO NORTH AMERICA INC   
33_HORNSEY_1886,33,1886,Seagrams 7 Crown,750mL,1,10.99,10.99,2024-06-06,750.0,1,0.79,3960,DIAGEO NORTH AMERICA INC   
56_BEGGAR'S HOLE_3650,56,3650,Patron Silver Tequila,750mL,1,48.99,48.99,2024-12-04,750.0,1,0.79,9165,ULTRA BEVERAGE COMPANY LLP 
71_CLARCTON_897,71,897,Montezuma Blue,Liter,3,20.37,6.79,2024-05-05,1000.0,1,3.15,660,SAZERAC NORTH AMERICA INC. 
67_EANVERNESS_4259,67,4259,Castillo Spiced Rum,1.75L,2,23.98,11.99,2024-05-26,1750.0,1,3.67,480,BACARDI USA INC            
50_MOUNTMEND_8232,50,8232,Riunite Lambrusco,1.5L,3,23.97,7.99,2024-04-20,1500.0,2,0.68,516,BANFI PRODUCTS CORP        
68_SOLARIS_2917,68,2917,Paddy's Irish Whiskey,750mL,1,19.99,19.99,2024-06-06,750.0,1,0.79,17035,PERNOD RICARD USA          
7_STANMORE_1715,7,1715,Ole Smoky Apple Pie Moonshne,750mL,1,19.99,19.99,2024-06-24,750.0,1,0.79,6359,OLE SMOKY DISTILLERY LLC   
21_BALERNO_2183,21,2183,McClelland Highland Single,750mL,1,19.99,19.99,2024-04-21,750.0,1,0.79,12546,JIM BEAM BRANDS COMPANY    
56_BEGGAR'S HOLE_3610,56,3610,Smirnoff Cranberry Vodka,750mL,1,10.99,10.99,2024-07-16,750.0,1,0.79,3960,DIAGEO NORTH AMERICA INC   
63_SWORDBREAK_8498,63,8498,R M Woodbridge Svgn Bl Cal,1.5L,2,27.98,13.99,2024-05-14,1500.0,2,0.45,1392,CONSTELLATION BRANDS INC   
30_CULCHETH_2047,30,2047,Sheep Dip Scotch,750mL,1,34.99,34.99,2024-10-01,750.0,1,0.79,9744,FREDERICK WILDMAN & SONS   
43_WOLFORD_38546,43,38546,Mark West Pnt Nr Sonoma,750mL,3,29.97,9.99,2024-07-08,750.0,2,0.34,1392,CONSTELLATION BRANDS INC   
19_WINTERVALE_8339,19,8339,The Glenlivet 12 Yr Single,750mL,1,43.99,43.99,2024-06-14,750.0,1,0.79,17035,PERNOD RICARD USA          
65_LUTON_5111,65,5111,Dr McGillicuddy's Mentholmnt,50mL,27,26.73,0.99,2024-02-10,50.0,1,1.42,8004,SAZERAC CO INC             
34_PITMERDEN_4450,34,4450,Leblon Natural Cane Cachaca,750mL,1,28.99,28.99,2024-11-05,750.0,1,0.79,480,BACARDI USA INC            
68_SOLARIS_21627,68,21627,Ferrari Carano Pnt Grigio,750mL,1,14.99,14.99,2024-07-02,750.0,2,0.11,2000,SOUTHERN WINE & SPIRITS NE 
38_GOULCREST_2143,38,2143,Canadian Mist,1.75L,17,220.83,12.99,2024-05-08,1750.0,1,31.24,1128,BROWN-FORMAN CORP          
49_GARIGILL_3694,49,3694,Stolichnaya Razberi,750mL,5,84.95,16.99,2024-12-31,750.0,1,3.94,8664,"STOLI GROUP,(USA) LLC      "
30_CULCHETH_31915,30,31915,F Coppola Diamond Chard,750mL,2,19.9,9.95,2024-02-12,750.0,2,0.22,2000,SOUTHERN WINE & SPIRITS NE 
38_GOULCREST_5202,38,5202,Dr McGillicuddy's Vanilla,750mL,1,15.99,15.99,2024-03-02,750.0,1,0.79,8004,SAZERAC CO INC             
8_ALNERWICK_5706,8,5706,Gr Marnier Raspberry Peach,750mL,1,28.99,28.99,2024-02-20,750.0,1,0.79,8112,MOET HENNESSY USA INC      
15_WANBORNE_3522,15,3522,Platinum 7X Distilled Vodka,1.75L,6,77.94,12.99,2024-12-16,1750.0,1,11.02,8004,SAZERAC CO INC             
67_EANVERNESS_8259,67,8259,Hornitos Platas Silver,50mL,6,14.94,2.49,2024-07-23,50.0,1,0.32,12546,JIM BEAM BRANDS COMPANY    
77_TAMWORTH_30602,77,30602,Zardetto Prosecco Conegliano,750mL,2,27.98,13.99,2024-09-30,750.0,2,0.22,2000,SOUTHERN WINE & SPIRITS NE 
51_ABERDEEN_8107,51,8107,Wild Turkey 101,1.75L,1,34.99,34.99,2024-02-15,1750.0,1,1.84,11567,CAMPARI AMERICA            
56_BEGGAR'S HOLE_13963,56,13963,Yellow Tail Pnt Nr,1.5L,2,19.98,9.99,2024-08-08,1500.0,2,0.45,4425,MARTIGNETTI COMPANIES
6_GOULCREST_44719,6,44719,Cavit Prosecco Lunetta,750mL,1,9.99,9.99,2024-11-30,750.0,2,0.11,6785,PALM BAY INTERNATIONAL INC 
58_HARTLEPOOL_4066,58,4066,Bacardi Oakheart Spiced Rum,1.75L,1,19.99,19.99,2024-02-07,1750.0,1,1.84,480,BACARDI USA INC            
41_LARNWICK_3326,41,3326,Jenkins Gin,1.75L,1,9.49,9.49,2024-12-06,1750.0,1,1.84,9552,M S WALKER INC             
10_HORNSEY_13968,10,13968,Spellbound Chard,750mL,1,12.99,12.99,2024-07-15,750.0,2,0.11,9165,ULTRA BEVERAGE COMPANY LLP 
49_GARIGILL_15954,49,15954,Jacobs Crk Moscato Rose,750mL,2,29.98,14.99,2024-02-08,750.0,2,0.22,17035,PERNOD RICARD USA          
22_SHARNWICK_14078,22,14078,Bota Box Malbec,3L,1,17.99,17.99,2024-11-13,3000.0,2,0.45,2242,DELICATO VINEYARDS INC     
13_TARMSWORTH_31465,13,31465,Franzia Tap Chard,5L,1,17.99,17.99,2024-04-19,5000.0,2,0.75,9815,WINE GROUP INC             
14_BROMWICH_4829,14,4829,Mr Boston Blackberry Brandy,1.75L,1,11.99,11.99,2024-10-10,1750.0,1,1.84,660,SAZERAC NORTH AMERICA INC. 
64_CESTERFIELD_5364,64,5364,Kahlua,1.75L,3,95.97,31.99,2024-02-20,1750.0,1,5.51,17035,PERNOD RICARD USA          
69_MOUNTMEND_14624,69,14624,The Naked Grape Pnt Nr,750mL,1,5.99,5.99,2024-10-29,750.0,2,0.11,3252,E & J GALLO WINERY         
21_BALERNO_3726,21,3726,Gilbeys Vodka Traveler,750mL,4,23.96,5.99,2024-10-08,750.0,1,3.15,12546,JIM BEAM BRANDS COMPANY    
56_BEGGAR'S HOLE_8068,56,8068,Absolut 80 Proof,1.75L,4,103.96,25.99,2024-01-10,1750.0,1,7.35,17035,PERNOD RICARD USA          
33_HORNSEY_46424,33,46424,Hob Nob Pnt Nr VDP D'Oc,750mL,1,8.99,8.99,2024-03-10,750.0,2,0.11,4425,MARTIGNETTI COMPANIES
34_PITMERDEN_3409,34,3409,Crystal Head Vodka,750mL,1,45.99,45.99,2024-02-06,750.0,1,0.79,9165,ULTRA BEVERAGE COMPANY LLP 
47_PELLA'S WISH_3549,47,3549,Ketel One Vodka,750mL,1,26.99,26.99,2024-06-21,750.0,1,0.79,3960,DIAGEO NORTH AMERICA INC   
50_MOUNTMEND_5311,50,5311,Amaretto DiSaronno,1.75L,2,71.98,35.99,2024-02-03,1750.0,1,3.67,2555,DISARONNO INTERNATIONAL LLC
7_STANMORE_8837,7,8837,Santa Rita 120 Cab Svgn,750mL,12,71.88,5.99,2024-09-15,750.0,2,1.35,6785,PALM BAY INTERNATIONAL INC 
56_BEGGAR'S HOLE_16431,56,16431,HandCraft Artisan Coll Cab S,750mL,2,19.98,9.99,2024-04-08,750.0,2,0.22,2242,DELICATO VINEYARDS INC     
76_DONCASTER_23161,76,23161,Loft Cab Svgn,3L,3,59.97,19.99,2024-03-03,3000.0,2,1.35,2242,DELICATO VINEYARDS INC     
66_EANVERNESS_16826,66,16826,Simply Naked Unoaked Svgn Bl,750mL,1,6.99,6.99,2024-08-01,750.0,2,0.11,1392,CONSTELLATION BRANDS INC   
67_EANVERNESS_25554,67,25554,Brotte Espirit CdR,750mL,2,15.98,7.99,2024-10-08,750.0,2,0.22,9165,ULTRA BEVERAGE COMPANY LLP 
69_MOUNTMEND_1059,69,1059,Old St Nick's Egg Nog,750mL,4,23.96,5.99,2024-12-07,750.0,1,3.15,8004,SAZERAC CO INC             
64_CESTERFIELD_8000,64,8000,The Glenlivet 12 Yr Single,1.75L,1,69.99,69.99,2024-11-18,1750.0,1,1.84,17035,PERNOD RICARD USA          
57_LANTEGLOS_1767,57,1767,Buffalo Trace Bourbon,750mL,2,49.98,24.99,2024-10-07,750.0,1,1.57,8004,SAZERAC CO INC             
25_CAERSHIRE_171,25,171,Gentleman Jack,1.75L,1,49.99,49.99,2024-10-05,1750.0,1,1.84,1128,BROWN-FORMAN CORP          
39_EASTHALLOW_8535,39,8535,Arrow Peppermint Schnapps,375mL,1,3.49,3.49,2024-12-02,375.0,1,0.39,8352,LUXCO INC                  
55_DRY GULCH_2694,55,2694,Glenmorangie LaSanta,750mL,1,50.99,50.99,2024-03-12,750.0,1,0.79,8112,MOET HENNESSY USA INC      
72_HARDERSFIELD_3896,72,3896,Zhenka Vodka,375mL,3,9.87,3.29,2024-02-29,375.0,1,1.18,9552,M S WALKER INC             
66_EANVERNESS_17209,66,17209,The Divining Rod Cab Svgn,750mL,1,15.99,15.99,2024-08-06,750.0,2,0.11,2000,SOUTHERN WINE & SPIRITS NE 
38_GOULCREST_6938,38,6938,Vendange Chard,1.5L,1,7.99,7.99,2024-06-30,1500.0,2,0.22,1392,CONSTELLATION BRANDS INC   
78_EASTHAVEN_3161,78,3161,New Amsterdam Red Berry,750mL,1,10.99,10.99,2024-11-06,750.0,1,0.79,3252,E & J GALLO WINERY         
8_ALNERWICK_5815,8,5815,Godiva Dark Chocolate,750mL,1,21.99,21.99,2024-12-11,750.0,1,0.79,3960,DIAGEO NORTH AMERICA INC   
53_HILLFAR_3650,53,3650,Patron Silver Tequila,750mL,2,97.98,48.99,2024-03-22,750.0,1,1.57,9165,ULTRA BEVERAGE COMPANY LLP 
19_WINTERVALE_4346,19,4346,Mr Boston Dark Rum,1.75L,1,9.99,9.99,2024-06-10,1750.0,1,1.84,660,SAZERAC NORTH AMERICA INC. 
44_PORTHCRAWL_1380,44,1380,Bulleit 95 Rye,1.75L,1,47.99,47.99,2024-10-03,1750.0,1,1.84,3960,DIAGEO NORTH AMERICA INC   
41_LARNWICK_3960,41,3960,Tortilla Gold Tequila Liquer,1.75L,1,13.99,13.99,2024-02-11,1750.0,1,1.84,8004,SAZERAC CO INC             
57_LANTEGLOS_3534,57,3534,Milagro Silver Tequila,750mL,1,25.99,25.99,2024-04-26,750.0,1,0.79,3664,WILLIAM GRANT & SONS INC   
27_MOUNTMEND_2468,27,2468,Crown Royal Nrth Harvest Rye,750mL,1,29.99,29.99,2024-05-16,750.0,1,0.79,3960,DIAGEO NORTH AMERICA INC   
69_MOUNTMEND_2607,69,2607,Grand MacNish 12 Yr Old,750mL,1,21.99,21.99,2024-03-01,750.0,1,0.79,9552,M S WALKER INC             
55_DRY GULCH_4102,55,4102,Bacardi Raspberry Rum,750mL,4,39.96,9.99,2024-12-11,750.0,1,3.15,480,BACARDI USA INC            
10_HORNSEY_1385,10,1385,Makers Mark,750mL,6,167.94,27.99,2024-08-05,750.0,1,4.72,12546,JIM BEAM BRANDS COMPANY    
21_BALERNO_23212,21,23212,The Dreaming Tree Pnt Nr CA,750mL,1,12.99,12.99,2024-03-19,750.0,2,0.11,1392,CONSTELLATION BRANDS INC   
51_ABERDEEN_4829,51,4829,Mr Boston Blackberry Brandy,1.75L,1,13.99,13.99,2024-02-25,1750.0,1,1.84,660,SAZERAC NORTH AMERICA INC. 
50_MOUNTMEND_16568,50,16568,Moonlight Meadery Sumptuous,375mL,1,12.99,12.99,2024-12-22,375.0,2,0.06,6215,MOONLIGHT MEADERY          
67_EANVERNESS_6647,67,6647,Estancia Chard,750mL,4,35.96,8.99,2024-10-16,750.0,2,0.45,1392,CONSTELLATION BRANDS INC   
68_SOLARIS_25510,68,25510,K Volk Pnt Nr San Benito,750mL,1,18.99,18.99,2024-09-21,750.0,2,0.11,4425,MARTIGNETTI COMPANIES
54_GUTHRAM_32906,54,32906,Sterling Vintners Cab Svgn C,750mL,1,9.99,9.99,2024-12-28,750.0,2,0.11,1590,DIAGEO CHATEAU ESTATE WINES
19_WINTERVALE_1385,19,1385,Makers Mark,750mL,2,55.98,27.99,2024-07-24,750.0,1,1.57,12546,JIM BEAM BRANDS COMPANY    
40_BULLMAR_1867,40,1867,Jack Daniels Tennessee Honey,50mL,3,8.97,2.99,2024-09-23,50.0,1,0.16,1128,BROWN-FORMAN CORP          
21_BALERNO_3878,21,3878,Smirnoff 80 Proof,750mL,1,12.99,12.99,2024-10-14,750.0,1,0.79,3960,DIAGEO NORTH AMERICA INC   
34_PITMERDEN_41321,34,41321,Bogle Phantom Red Cal,750mL,5,94.95,18.99,2024-06-05,750.0,2,0.56,4425,MARTIGNETTI COMPANIES
33_HORNSEY_37731,33,37731,Corbett Canyon Chard,3L,1,10.99,10.99,2024-12-21,3000.0,2,0.45,9815,WINE GROUP INC             
69_MOUNTMEND_4563,69,4563,Christian Bros Brandy,1.75L,1,16.99,16.99,2024-07-19,1750.0,1,1.84,3924,HEAVEN HILL DISTILLERIES   
13_TARMSWORTH_5138,13,5138,Fireball Cinnamon Whisky,750mL,5,69.95,13.99,2024-02-05,750.0,1,3.94,8004,SAZERAC CO INC             
33_HORNSEY_2646,33,2646,Chivas Regal,1.75L,1,56.99,56.99,2024-08-22,1750.0,1,1.84,17035,PERNOD RICARD USA          
61_AETHELNEY_3835,61,3835,Smirnoff Raspberry Vodka,750mL,1,10.99,10.99,2024-05-26,750.0,1,0.79,3960,DIAGEO NORTH AMERICA INC   
66_EANVERNESS_6864,66,6864,St Francis Chard,750mL,3,29.97,9.99,2024-12-16,750.0,2,0.34,4692,KOBRAND CORPORATION        
6_GOULCREST_4241,6,4241,Capt Morgan Spiced Rum,50mL,11,21.89,1.99,2024-09-19,50.0,1,0.58,3960,DIAGEO NORTH AMERICA INC   
15_WANBORNE_10927,15,10927,Barefoot Sparklng Pnt Grigio,750mL,1,9.99,9.99,2024-11-05,750.0,2,0.11,3252,E & J GALLO WINERY         
17_OLDHAM_8448,17,8448,Cruzan Aged Dark Rum,750mL,1,9.99,9.99,2024-04-12,750.0,1,0.79,12546,JIM BEAM BRANDS COMPANY    
72_HARDERSFIELD_3583,72,3583,Smirnoff Orange Vodka,1.75L,1,22.99,22.99,2024-07-08,1750.0,1,1.84,3960,DIAGEO NORTH AMERICA INC   
55_DRY GULCH_8023,55,8023,DeKuyper Triple Sec,750mL,5,24.95,4.99,2024-12-01,750.0,1,3.94,12546,JIM BEAM BRANDS COMPANY    
56_BEGGAR'S HOLE_2255,56,2255,Crown Royal Party Pak,1.75L,1,39.99,39.99,2024-05-13,1750.0,1,1.84,3960,DIAGEO NORTH AMERICA INC   
74_PAENTMARWY_15837,74,15837,Ninety+Cellars Lot 37 Shiraz,750mL,1,9.99,9.99,2024-09-11,750.0,2,0.11,4950,LATITUDE BEVERAGE COMPANY  
57_LANTEGLOS_4858,57,4858,Kraken Black Spiced Rum,50mL,2,3.98,1.99,2024-09-20,50.0,1,0.1,7245,PROXIMO SPIRITS INC.       
62_KILMARNOCK_29128,62,29128,Sutter Home Merlot Cal,187mL 4 Pk,1,5.99,5.99,2024-11-19,187.0,2,0.03,8892,TRINCHERO FAMILY ESTATES   
42_BLACK HOLLOW_3746,42,3746,Gordons Vodka 80 Proof,1.75L,4,51.96,12.99,2024-11-08,1750.0,1,7.35,3960,DIAGEO NORTH AMERICA INC   
71_CLARCTON_18641,71,18641,Yellow Tail Big Bold Red,1.5L,2,19.98,9.99,2024-11-20,1500.0,2,0.45,4425,MARTIGNETTI COMPANIES
61_AETHELNEY_3580,61,3580,Smirnoff Orange Vodka,750mL,1,12.99,12.99,2024-04-26,750.0,1,0.79,3960,DIAGEO NORTH AMERICA INC   
34_PITMERDEN_23420,34,23420,Dom D'Andezon CdRhone Red,750mL,1,12.99,12.99,2024-01-08,750.0,2,0.11,9552,M S WALKER INC             
61_AETHELNEY_19039,61,19039,The Path Pnt Nr,750mL,2,21.98,10.99,2024-03-11,750.0,2,0.22,90047,CRUSH WINES                
73_DONCASTER_42801,73,42801,Benton Lane Pnt Gris Willamt,750mL,1,15.99,15.99,2024-11-16,750.0,2,0.11,9552,M S WALKER INC             
42_BLACK HOLLOW_31493,42,31493,Barefoot Merlot Cal,750mL,5,24.95,4.99,2024-11-23,750.0,2,0.56,3252,E & J GALLO WINERY         
77_TAMWORTH_2586,77,2586,Jameson Irish Whiskey,50mL,1,2.99,2.99,2024-07-08,50.0,1,0.05,17035,PERNOD RICARD USA          
78_EASTHAVEN_3703,78,3703,OuterSpace Vodka,50mL,2,11.98,5.99,2024-12-14,50.0,1,0.1,10754,PERFECTA WINES             
41_LARNWICK_5191,41,5191,Fireball Cinnamon Whiskey,375mL,4,39.96,9.99,2024-03-25,375.0,1,1.57,8004,SAZERAC CO INC             
67_EANVERNESS_42953,67,42953,Tozai Well of Wisdom Sake,720mL,1,22.99,22.99,2024-04-17,720.0,2,0.11,653,STATE WINE & SPIRITS   
56_BEGGAR'S HOLE_2830,56,2830,Serpent's Bite Cider Whiskey,750mL,1,12.99,12.99,2024-03-13,750.0,1,0.79,1392,CONSTELLATION BRANDS INC   
50_MOUNTMEND_344,50,344,Punt e Mes Sweet Vermouth,750mL,1,19.99,19.99,2024-05-15,750.0,1,0.79,9165,ULTRA BEVERAGE COMPANY LLP 
71_CLARCTON_3899,71,3899,Platinum 7X Distilled Vodka,375mL,1,3.99,3.99,2024-04-09,375.0,1,0.39,8004,SAZERAC CO INC             
53_HILLFAR_3671,53,3671,Stolichnaya Razberi,50mL,7,13.93,1.99,2024-10-11,50.0,1,0.37,8664,"STOLI GROUP,(USA) LLC      "
55_DRY GULCH_8172,55,8172,DK Burst Blustery Peppermint,50mL,6,5.94,0.99,2024-01-24,50.0,1,0.32,12546,JIM BEAM BRANDS COMPANY    
46__6396,46,6396,Taylor Dry Sherry,1.5L,1,7.79,7.79,2024-06-21,1500.0,2,0.22,1392,CONSTELLATION BRANDS INC   
28_LARNWICK_5399,28,5399,Goldschlager Cinnamon Schna,50mL,2,3.98,1.99,2024-06-23,50.0,1,0.1,3960,DIAGEO NORTH AMERICA INC   
35_HALIVAARA_1476,35,1476,Jim Beam Traveler,1.75L,2,45.98,22.99,2024-02-07,1750.0,1,3.67,12546,JIM BEAM BRANDS COMPANY    
18_FURNESS_3837,18,3837,Skyy Vodka,50mL,47,46.53,0.99,2024-11-23,50.0,1,2.47,11567,CAMPARI AMERICA            
47_PELLA'S WISH_3265,47,3265,Firefly Sweet Tea Vodka,50mL,16,7.84,0.49,2024-07-18,50.0,1,0.84,8004,SAZERAC CO INC             
7_STANMORE_10957,7,10957,Seaglass Svgn Bl Snt Barbara,750mL,1,9.99,9.99,2024-09-23,750.0,2,0.11,8892,TRINCHERO FAMILY ESTATES   
76_DONCASTER_13694,76,13694,MacMurray Ranch Chard Sonoma,750mL,1,15.99,15.99,2024-11-10,750.0,2,0.11,3252,E & J GALLO WINERY         
38_GOULCREST_1465,38,1465,Woodford Rsv Bourbon,375mL,4,63.96,15.99,2024-12-04,375.0,1,1.57,1128,BROWN-FORMAN CORP          
74_PAENTMARWY_21329,74,21329,Masi Campofiorin,750mL,1,15.99,15.99,2024-04-25,750.0,2,0.11,9165,ULTRA BEVERAGE COMPANY LLP 
63_SWORDBREAK_2496,63,2496,Crown Royal Black,1.75L,1,52.99,52.99,2024-12-06,1750.0,1,1.84,3960,DIAGEO NORTH AMERICA INC   
2_ASHBORNE_5075,2,5075,Tuaca Italian Liqueur,750mL,1,19.99,19.99,2024-10-27,750.0,1,0.79,8004,SAZERAC CO INC             
15_WANBORNE_5060,15,5060,Dr McGillicuddy's Butterscth,750mL,2,27.98,13.99,2024-07-18,750.0,1,1.57,8004,SAZERAC CO INC             
74_PAENTMARWY_46201,74,46201,Petite Petit Phillips Lodi,750mL,1,17.99,17.99,2024-07-24,750.0,2,0.11,4425,MARTIGNETTI COMPANIES
41_LARNWICK_3808,41,3808,Three Olives Vodka,750mL,1,14.99,14.99,2024-09-27,750.0,1,0.79,7245,PROXIMO SPIRITS INC.       
61_AETHELNEY_2648,61,2648,Chivas Regal,375mL,1,15.99,15.99,2024-08-27,375.0,1,0.39,17035,PERNOD RICARD USA          
64_CESTERFIELD_22899,64,22899,Simi Svgn Bl,750mL,4,59.96,14.99,2024-09-16,750.0,2,0.45,1392,CONSTELLATION BRANDS INC   
19_WINTERVALE_1373,19,1373,Jim Beam Honey,750mL,1,14.99,14.99,2024-05-05,750.0,1,0.79,12546,JIM BEAM BRANDS COMPANY    
66_EANVERNESS_15252,66,15252,Bota Mini Chard,500mL,2,7.98,3.99,2024-03-24,500.0,2,0.15,2242,DELICATO VINEYARDS INC     
8_ALNERWICK_5765,8,5765,Jose Cuervo Lime Margarita,1.75L,2,31.98,15.99,2024-09-22,1750.0,1,3.67,7245,PROXIMO SPIRITS INC.       
31_HORNSEY_3794,31,3794,Cabo Wabo Reposado Tequila,750mL,1,36.99,36.99,2024-07-24,750.0,1,0.79,11567,CAMPARI AMERICA            
31_HORNSEY_24875,31,24875,Glen Ellen Merlot RSV,1.5L,6,41.94,6.99,2024-01-01,1500.0,2,1.35,9815,WINE GROUP INC             
8_ALNERWICK_4346,8,4346,Mr Boston Dark Rum,1.75L,3,29.97,9.99,2024-08-05,1750.0,1,5.51,660,SAZERAC NORTH AMERICA INC. 
27_MOUNTMEND_4246,27,4246,Bacardi Superior Rum,375mL,5,39.95,7.99,2024-01-23,375.0,1,1.97,480,BACARDI USA INC            
63_SWORDBREAK_5254,63,5254,DeKuyper Buttershots Schnpps,750mL,1,10.99,10.99,2024-08-27,750.0,1,0.79,12546,JIM BEAM BRANDS COMPANY    
5_SUTTON_8111,5,8111,Smirnoff 80 Proof,50mL,1,0.99,0.99,2024-03-30,50.0,1,0.05,3960,DIAGEO NORTH AMERICA INC   
59_CLAETHORPES_3547,59,3547,Ketel One Vodka,50mL,3,8.37,2.79,2024-05-14,50.0,1,0.16,3960,DIAGEO NORTH AMERICA INC   
74_PAENTMARWY_42640,74,42640,The Monterey Vyds Chard,750mL,2,19.98,9.99,2024-10-21,750.0,2,0.22,1590,DIAGEO CHATEAU ESTATE WINES
65_LUTON_3779,65,3779,Three Olives Cherry Vodka,750mL,2,25.98,12.99,2024-07-01,750.0,1,1.57,7245,PROXIMO SPIRITS INC.       
68_SOLARIS_21329,68,21329,Masi Campofiorin,750mL,1,12.95,12.95,2024-03-18,750.0,2,0.11,9165,ULTRA BEVERAGE COMPANY LLP 
55_DRY GULCH_8512,55,8512,Baileys Irish Cream,750mL,1,19.99,19.99,2024-04-29,750.0,1,0.79,3960,DIAGEO NORTH AMERICA INC   
55_DRY GULCH_32908,55,32908,Sterling Vintners Cltn Merlo,750mL,13,129.87,9.99,2024-07-25,750.0,2,1.46,1590,DIAGEO CHATEAU ESTATE WINES
54_GUTHRAM_10443,54,10443,Charles Smith Kung Fu Girl R,750mL,1,9.49,9.49,2024-03-16,750.0,2,0.11,10754,PERFECTA WINES             
13_TARMSWORTH_44038,13,44038,Barefoot Pnt Grigio Cal,1.5L,2,23.98,11.99,2024-03-14,1500.0,2,0.45,3252,E & J GALLO WINERY         
43_WOLFORD_2374,43,2374,Tullamore Dew,1.75L,1,39.99,39.99,2024-11-23,1750.0,1,1.84,3664,WILLIAM GRANT & SONS INC   
34_PITMERDEN_20357,34,20357,Apothic Dark,750mL,5,49.95,9.99,2024-04-13,750.0,2,0.56,3252,E & J GALLO WINERY         
77_TAMWORTH_2120,77,2120,Canadian Club,1.75L,12,179.88,14.99,2024-10-12,1750.0,1,22.05,12546,JIM BEAM BRANDS COMPANY    
76_DONCASTER_11199,76,11199,Carpene Malvolti Prosecco,750mL,1,16.99,16.99,2024-08-10,750.0,2,0.11,7153,PINE STATE TRADING CO      
76_DONCASTER_4358,76,4358,Mr Boston Light Rum,750mL,2,12.98,6.49,2024-02-21,750.0,1,1.57,660,SAZERAC NORTH AMERICA INC. 
50_MOUNTMEND_4149,50,4149,Sailor Jerry Spiced Navy Rum,50mL,3,4.47,1.49,2024-12-12,50.0,1,0.16,3664,WILLIAM GRANT & SONS INC   
76_DONCASTER_34429,76,34429,Frei Bros RSV Mendcno Merlot,750mL,1,16.99,16.99,2024-05-27,750.0,2,0.11,3252,E & J GALLO WINERY         
21_BALERNO_854,21,854,Seagrams VO Canadian Whiskey,Liter,1,15.99,15.99,2024-05-26,1000.0,1,1.05,3960,DIAGEO NORTH AMERICA INC   
76_DONCASTER_14624,76,14624,The Naked Grape Pnt Nr,750mL,4,23.96,5.99,2024-09-11,750.0,2,0.45,3252,E & J GALLO WINERY         
55_DRY GULCH_1789,55,1789,Jack Daniels Tennesse Fire,750mL,1,25.99,25.99,2024-02-26,750.0,1,0.79,1128,BROWN-FORMAN CORP          
76_DONCASTER_25647,76,25647,De Loach Russian River Chard,750mL,1,17.99,17.99,2024-08-02,750.0,2,0.11,4425,MARTIGNETTI COMPANIES
68_SOLARIS_6937,68,6937,Cavit Pinot Grigio,1.5L,2,29.98,14.99,2024-01-04,1500.0,2,0.45,6785,PALM BAY INTERNATIONAL INC 
49_GARIGILL_3696,49,3696,Gilbeys Vodka,1.75L,1,10.49,10.49,2024-04-18,1750.0,1,1.84,12546,JIM BEAM BRANDS COMPANY    
79_BALLYMENA_13695,79,13695,Red Rock Winery Malbec,750mL,1,8.99,8.99,2024-01-03,750.0,2,0.11,3252,E & J GALLO WINERY         
9_BLACKPOOL_12495,9,12495,Cupcake Malbec,750mL,2,15.98,7.99,2024-02-18,750.0,2,0.22,9815,WINE GROUP INC             
68_SOLARIS_15399,68,15399,Lobster Reef Svgn Bl,750mL,2,21.98,10.99,2024-10-29,750.0,2,0.22,9552,M S WALKER INC             
41_LARNWICK_857,41,857,Kahlua,Liter,1,23.99,23.99,2024-10-08,1000.0,1,1.05,17035,PERNOD RICARD USA          
72_HARDERSFIELD_2647,72,2647,Wiggly Bridge Bourbon Sm Brl,750mL,1,52.99,52.99,2024-12-07,750.0,1,0.79,4425,MARTIGNETTI COMPANIES
51_ABERDEEN_14078,51,14078,Bota Box Malbec,3L,1,17.99,17.99,2024-08-09,3000.0,2,0.45,2242,DELICATO VINEYARDS INC     
28_LARNWICK_31494,28,31494,Barefoot Merlot Cal,1.5L,1,8.75,8.75,2024-07-22,1500.0,2,0.22,3252,E & J GALLO WINERY         
60_IRRAGIN_3306,60,3306,Hammer & Sickle Vodka,1.75L,1,39.99,39.99,2024-12-24,1750.0,1,1.84,4550,KLIN SPIRITS LLC           
49_GARIGILL_37904,49,37904,Trapiche Broquel Mndz Malbec,750mL,2,23.98,11.99,2024-03-01,750.0,2,0.22,9815,WINE GROUP INC             
73_DONCASTER_5242,73,5242,Cointreau Liqueur,750mL,5,149.95,29.99,2024-03-20,750.0,1,3.94,7239,REMY COINTREAU USA INC     
6_GOULCREST_1366,6,1366,Red Stag by Jim Beam,50mL,3,3.87,1.29,2024-08-20,50.0,1,0.16,12546,JIM BEAM BRANDS COMPANY    
1_HARDERSFIELD_6281,1,6281,Franzia Sunset Blush Tap,5L,3,44.97,14.99,2024-05-06,5000.0,2,2.25,9815,WINE GROUP INC             
34_PITMERDEN_32924,34,32924,Silverado Cab Svgn Napa,750mL,1,44.99,44.99,2024-08-06,750.0,2,0.11,4425,MARTIGNETTI COMPANIES
60_IRRAGIN_5815,60,5815,Godiva Dark Chocolate,750mL,1,23.99,23.99,2024-09-23,750.0,1,0.79,3960,DIAGEO NORTH AMERICA INC   
69_MOUNTMEND_24546,69,24546,Selini Nano Svgn Bl,187mL,2,7.98,3.99,2024-10-03,187.0,2,0.06,7153,PINE STATE TRADING CO      
61_AETHELNEY_15228,61,15228,Saldo Znfdl Cal,750mL,1,32.99,32.99,2024-10-02,750.0,2,0.11,1392,CONSTELLATION BRANDS INC   
6_GOULCREST_5491,6,5491,Rumpleminze,50mL,6,11.94,1.99,2024-04-04,50.0,1,0.32,3960,DIAGEO NORTH AMERICA INC   
1_HARDERSFIELD_5390,1,5390,Dr McGillicuddy's Peach,50mL,6,5.94,0.99,2024-01-05,50.0,1,0.32,8004,SAZERAC CO INC             
67_EANVERNESS_32648,67,32648,Beringer Classic Wh Znfdl,1.5L,1,7.99,7.99,2024-12-20,1500.0,2,0.22,9819,TREASURY WINE ESTATES      
43_WOLFORD_24253,43,24253,Franzia Dark Red Blend,5L,1,17.99,17.99,2024-06-24,5000.0,2,0.75,9815,WINE GROUP INC             
76_DONCASTER_24299,76,24299,Rosemount Diamond Merlot,750mL,1,8.99,8.99,2024-11-12,750.0,2,0.11,4425,MARTIGNETTI COMPANIES
38_GOULCREST_15255,38,15255,Bota Mini Pnt Grigio,500mL,1,3.99,3.99,2024-02-06,500.0,2,0.08,2242,DELICATO VINEYARDS INC     
8_ALNERWICK_19848,8,19848,Carnivor Cab Svgn,750mL,1,7.95,7.95,2024-03-15,750.0,2,0.11,3252,E & J GALLO WINERY         
20_BREDWARDINE_3486,20,3486,Tanqueray,375mL,1,12.99,12.99,2024-08-22,375.0,1,0.39,3960,DIAGEO NORTH AMERICA INC   
50_MOUNTMEND_812,50,812,Jagermeister Liqueur,Liter,3,68.97,22.99,2024-04-23,1000.0,1,3.15,3089,SIDNEY FRANK IMPORTING CO  
19_WINTERVALE_1378,19,1378,Jim Beam,375mL,1,9.49,9.49,2024-04-26,375.0,1,0.39,12546,JIM BEAM BRANDS COMPANY    
23_ARBINGTON_2125,23,2125,Glenfiddich 14 Yr Barrel Rsv,750mL,1,49.99,49.99,2024-08-16,750.0,1,0.79,3664,WILLIAM GRANT & SONS INC   
21_BALERNO_8504,21,8504,R M Woodbridge Cab Svgn Cal,1.5L,14,125.86,8.99,2024-03-25,1500.0,2,3.15,1392,CONSTELLATION BRANDS INC   
35_HALIVAARA_2958,35,2958,Dalwhinnie 15-Yr Single Mal,750mL,1,59.99,59.99,2024-09-17,750.0,1,0.79,3960,DIAGEO NORTH AMERICA INC   
15_WANBORNE_16568,15,16568,Moonlight Meadery Sumptuous,375mL,1,12.99,12.99,2024-03-03,375.0,2,0.06,6215,MOONLIGHT MEADERY          
38_GOULCREST_45496,38,45496,Conquista Malbec Mendoza,750mL,1,7.99,7.99,2024-12-04,750.0,2,0.11,7153,PINE STATE TRADING CO      
76_DONCASTER_6599,76,6599,Estancia Cab Svgn Paso Roble,750mL,2,25.98,12.99,2024-12-08,750.0,2,0.22,1392,CONSTELLATION BRANDS INC   
76_DONCASTER_10874,76,10874,Cantine Maschio Prosecco Brt,750mL,5,54.95,10.99,2024-09-08,750.0,2,0.56,516,BANFI PRODUCTS CORP        
34_PITMERDEN_3089,34,3089,Evan Williams Honey Reserve,750mL,1,9.99,9.99,2024-01-26,750.0,1,0.79,3924,HEAVEN HILL DISTILLERIES   
29_AYLESBURY_5365,29,5365,Kahlua,750mL,3,56.97,18.99,2024-11-23,750.0,1,2.36,17035,PERNOD RICARD USA          
72_HARDERSFIELD_6173,72,6173,Gallo Fairbanks Red Port,1.5L,4,31.96,7.99,2024-01-05,1500.0,2,0.9,3252,E & J GALLO WINERY         
49_GARIGILL_857,49,857,Kahlua,Liter,2,47.98,23.99,2024-05-30,1000.0,1,2.1,17035,PERNOD RICARD USA          
10_HORNSEY_27350,10,27350,Almaden Cab Svgn Cal B/B,5L,2,31.98,15.99,2024-04-09,5000.0,2,1.5,9815,WINE GROUP INC             
34_PITMERDEN_13505,34,13505,C Y Toro Casillero Pnt Nr,750mL,1,8.99,8.99,2024-08-14,750.0,2,0.11,516,BANFI PRODUCTS CORP        
34_PITMERDEN_21985,34,21985,Menage a Trois Midnight,750mL,1,10.99,10.99,2024-07-13,750.0,2,0.11,8892,TRINCHERO FAMILY ESTATES   
8_ALNERWICK_2679,8,2679,Dewars Highlander Honey,750mL,1,19.99,19.99,2024-04-01,750.0,1,0.79,480,BACARDI USA INC            
61_AETHELNEY_2121,61,2121,Canadian Club Traveler,750mL,1,9.99,9.99,2024-07-01,750.0,1,0.79,12546,JIM BEAM BRANDS COMPANY    
75_BARNCOMBE_2418,75,2418,Crown Royal Regal Apple,750mL,1,22.99,22.99,2024-07-27,750.0,1,0.79,3960,DIAGEO NORTH AMERICA INC   
23_ARBINGTON_6952,23,6952,Marie Brizard Cassis d Dijon,750mL,1,19.99,19.99,2024-08-15,750.0,1,0.79,8735,SURVILLE ENTERPRISES CORP  
23_ARBINGTON_2436,23,2436,Crown Royal,375mL,1,14.99,14.99,2024-05-14,375.0,1,0.39,3960,DIAGEO NORTH AMERICA INC   
8_ALNERWICK_33874,8,33874,Bella Sera Pinot Grigio Del,1.5L,1,10.99,10.99,2024-10-16,1500.0,2,0.22,3252,E & J GALLO WINERY         
56_BEGGAR'S HOLE_261,56,261,Svedka Citron Vodka,Liter,2,25.98,12.99,2024-04-15,1000.0,1,2.1,1392,CONSTELLATION BRANDS INC   
66_EANVERNESS_4267,66,4267,Bacardi Limon Rum,1.75L,1,19.99,19.99,2024-11-27,1750.0,1,1.84,480,BACARDI USA INC            
21_BALERNO_23095,21,23095,Glen Ellen Cab Svgn RSV,1.5L,1,6.99,6.99,2024-10-18,1500.0,2,0.22,9815,WINE GROUP INC             
53_HILLFAR_3910,53,3910,Hornitos Plata Tequila,375mL,1,11.49,11.49,2024-12-12,375.0,1,0.39,12546,JIM BEAM BRANDS COMPANY    
14_BROMWICH_1396,14,1396,Old Crow,1.75L,1,13.99,13.99,2024-05-22,1750.0,1,1.84,12546,JIM BEAM BRANDS COMPANY    
23_ARBINGTON_42881,23,42881,La Bastarda Pnt Gr Sicily,750mL,4,23.96,5.99,2024-07-07,750.0,2,0.45,10754,PERFECTA WINES             
76_DONCASTER_14129,76,14129,14 Hands Hot to Trot Red,750mL,3,23.97,7.99,2024-02-02,750.0,2,0.34,8673,STE MICHELLE WINE ESTATES  
55_DRY GULCH_6329,55,6329,R M Woodbridge Wh Znfdl Cal,1.5L,1,13.99,13.99,2024-09-16,1500.0,2,0.22,1392,CONSTELLATION BRANDS INC   
74_PAENTMARWY_4176,74,4176,Blackheart Spiced Rum,750mL,1,10.99,10.99,2024-08-15,750.0,1,0.79,3924,HEAVEN HILL DISTILLERIES   
76_DONCASTER_12123,76,12123,Barefoot Cellars Rsl,750mL,1,6.29,6.29,2024-05-21,750.0,2,0.11,3252,E & J GALLO WINERY         
61_AETHELNEY_4089,61,4089,Capt Morgan White,1.75L,3,59.97,19.99,2024-04-22,1750.0,1,5.51,3960,DIAGEO NORTH AMERICA INC   
62_KILMARNOCK_10453,62,10453,Line 39 Svgn Bl Lake County,750mL,2,19.98,9.99,2024-05-27,750.0,2,0.22,7153,PINE STATE TRADING CO      
77_TAMWORTH_4179,77,4179,Bacardi Dragon Berry Rum,1.75L,1,19.99,19.99,2024-10-27,1750.0,1,1.84,480,BACARDI USA INC            
55_DRY GULCH_3364,55,3364,Absolut Ruby Red,1.75L,2,49.98,24.99,2024-07-18,1750.0,1,3.67,17035,PERNOD RICARD USA          
70_KELD_7345,70,7345,M & R Asti,750mL,2,21.98,10.99,2024-11-19,750.0,2,0.22,480,BACARDI USA INC            
30_CULCHETH_2770,30,2770,Hudson Single Malt Whiskey,375mL,1,39.99,39.99,2024-04-16,375.0,1,0.39,3664,WILLIAM GRANT & SONS INC   
68_SOLARIS_5676,68,5676,Kinky Liqueur,50mL,2,3.98,1.99,2024-02-28,50.0,1,0.1,7153,PINE STATE TRADING CO      
17_OLDHAM_2121,17,2121,Canadian Club Traveler,750mL,2,21.98,10.99,2024-05-27,750.0,1,1.57,12546,JIM BEAM BRANDS COMPANY    
2_ASHBORNE_1379,2,1379,Jim Beam Traveler,750mL,1,14.49,14.49,2024-02-24,750.0,1,0.79,12546,JIM BEAM BRANDS COMPANY    
11_CARDEND_3348,11,3348,Bombay Sapphire Gin,1.75L,6,179.94,29.99,2024-05-18,1750.0,1,11.02,480,BACARDI USA INC            
7_STANMORE_9160,7,9160,Deep Eddy Peach Vodka,50mL,1,0.99,0.99,2024-06-24,50.0,1,0.05,3924,HEAVEN HILL DISTILLERIES   
62_KILMARNOCK_4268,62,4268,Capt Morgan Private Stock,750mL,1,22.99,22.99,2024-01-30,750.0,1,0.79,3960,DIAGEO NORTH AMERICA INC   
70_KELD_3485,70,3485,Luksusowa Potato Vodka,1.75L,2,39.98,19.99,2024-11-08,1750.0,1,3.67,4425,MARTIGNETTI COMPANIES
74_PAENTMARWY_19748,74,19748,Clos du Bois Chard,1.5L,7,111.93,15.99,2024-09-19,1500.0,2,1.57,1392,CONSTELLATION BRANDS INC   
11_CARDEND_6553,11,6553,Harveys Bristol Cream Sherry,750mL,1,13.99,13.99,2024-12-31,750.0,2,0.11,12546,JIM BEAM BRANDS COMPANY    
60_IRRAGIN_42122,60,42122,Smoking Loon Svgn Bl Cal,750mL,12,119.88,9.99,2024-09-28,750.0,2,1.35,9552,M S WALKER INC             
53_HILLFAR_5297,53,5297,Southern Comfort,750mL,1,13.99,13.99,2024-07-21,750.0,1,0.79,8004,SAZERAC CO INC             
3_HORNSEY_4131,3,4131,Sea Hagg Blueberry Rum,750mL,1,27.99,27.99,2024-09-05,750.0,1,0.79,8150,SEA HAGG DISTILLERY LLC    
45_VERITAS_8368,45,8368,Bacardi Superior Rum,100mL,2,3.98,1.99,2024-12-12,100.0,1,0.21,480,BACARDI USA INC            
10_HORNSEY_4135,10,4135,Smirnoff Blueberry Vodka,50mL,10,9.9,0.99,2024-08-14,50.0,1,0.52,3960,DIAGEO NORTH AMERICA INC   
63_SWORDBREAK_10472,63,10472,Clos du Bois Pnt Nr Cal,750mL,1,8.99,8.99,2024-11-27,750.0,2,0.11,1392,CONSTELLATION BRANDS INC   
53_HILLFAR_782,53,782,Remy Martin 1738 Accord Ryl,750mL,2,109.98,54.99,2024-01-10,750.0,1,1.57,7239,REMY COINTREAU USA INC     
70_KELD_4227,70,4227,Bacardi Superior Rum Trav,1.75L,4,71.96,17.99,2024-08-19,1750.0,1,7.35,480,BACARDI USA INC            
73_DONCASTER_22963,73,22963,Phillipine de St-Cyrille CdP,750mL,3,77.97,25.99,2024-02-28,750.0,2,0.34,7153,PINE STATE TRADING CO      
50_MOUNTMEND_14701,50,14701,Cupcake Red Velvet,750mL,4,27.96,6.99,2024-08-27,750.0,2,0.45,9815,WINE GROUP INC             
39_EASTHALLOW_4416,39,4416,Cruzan Coconut Flavored Rum,750mL,1,9.99,9.99,2024-12-14,750.0,1,0.79,12546,JIM BEAM BRANDS COMPANY    
5_SUTTON_5725,5,5725,DeKuyper Sour Apple Pucker,750mL,1,9.99,9.99,2024-10-28,750.0,1,0.79,12546,JIM BEAM BRANDS COMPANY    
34_PITMERDEN_4025,34,4025,Bacardi Oakheart Spiced Rum,50mL,2,3.58,1.79,2024-11-12,50.0,1,0.1,480,BACARDI USA INC            
20_BREDWARDINE_25539,20,25539,Three Knights Svgn Bl,750mL,2,19.98,9.99,2024-05-18,750.0,2,0.22,653,STATE WINE & SPIRITS   
55_DRY GULCH_2656,55,2656,Cutty Sark,1.75L,1,24.99,24.99,2024-04-02,1750.0,1,1.84,2561,EDRINGTON AMERICAS         
60_IRRAGIN_3693,60,3693,Smirnoff Ruby Red Grapefruit,750mL,1,12.99,12.99,2024-10-07,750.0,1,0.79,3960,DIAGEO NORTH AMERICA INC   
12_LEESIDE_32368,12,32368,Cavit Pinot Noir Delle Vene,1.5L,2,19.98,9.99,2024-05-16,1500.0,2,0.45,6785,PALM BAY INTERNATIONAL INC 
73_DONCASTER_4103,73,4103,Capt Morgan White,750mL,2,29.98,14.99,2024-07-15,750.0,1,1.57,3960,DIAGEO NORTH AMERICA INC   
27_MOUNTMEND_35471,27,35471,R M Woodbridge Pnt Grigio,750mL,2,15.98,7.99,2024-07-26,750.0,2,0.22,1392,CONSTELLATION BRANDS INC   
50_MOUNTMEND_39348,50,39348,Sterling Vintners Cltn Pnt N,750mL,2,19.98,9.99,2024-08-13,750.0,2,0.22,1590,DIAGEO CHATEAU ESTATE WINES
30_CULCHETH_8103,30,8103,Sauza Gold Tequila,50mL,7,6.93,0.99,2024-01-31,50.0,1,0.37,12546,JIM BEAM BRANDS COMPANY    
49_GARIGILL_5195,49,5195,Jenkins Melon Liqueur,750mL,1,9.99,9.99,2024-03-11,750.0,1,0.79,9552,M S WALKER INC             
55_DRY GULCH_1379,55,1379,Jim Beam Traveler,750mL,1,16.99,16.99,2024-08-24,750.0,1,0.79,12546,JIM BEAM BRANDS COMPANY    
23_ARBINGTON_24829,23,24829,Cecchi Chianti Classico,750mL,1,11.99,11.99,2024-06-20,750.0,2,0.11,9165,ULTRA BEVERAGE COMPANY LLP 
42_BLACK HOLLOW_8815,42,8815,Ch Ste Michelle Chard Colmbi,750mL,2,17.98,8.99,2024-02-02,750.0,2,0.22,8673,STE MICHELLE WINE ESTATES  
16_LUNDY_5725,16,5725,DeKuyper Sour Apple Pucker,750mL,1,10.99,10.99,2024-01-31,750.0,1,0.79,12546,JIM BEAM BRANDS COMPANY    
65_LUTON_3016,65,3016,Bombay Sapphire East Gin,750mL,2,39.98,19.99,2024-06-11,750.0,1,1.57,480,BACARDI USA INC            
36_LEWES_1692,36,1692,Everclear 151,750mL,1,18.49,18.49,2024-01-02,750.0,1,0.79,8352,LUXCO INC                  
16_LUNDY_43223,16,43223,Ch Beauchene Cotes du Rhone,750mL,1,11.99,11.99,2024-01-28,750.0,2,0.11,10754,PERFECTA WINES             
10_HORNSEY_8822,10,8822,Absolut 80 Proof,50mL,6,11.94,1.99,2024-05-02,50.0,1,0.32,17035,PERNOD RICARD USA          
19_WINTERVALE_7302,19,7302,Marques de Caceres Rioja Re,750mL,1,11.75,11.75,2024-09-24,750.0,2,0.11,1587,VINEYARD BRANDS INC        
14_BROMWICH_3762,14,3762,Patron Silver Tequila,50mL,1,5.99,5.99,2024-01-09,50.0,1,0.05,9165,ULTRA BEVERAGE COMPANY LLP 
78_EASTHAVEN_8111,78,8111,Smirnoff 80 Proof,50mL,16,15.84,0.99,2024-01-24,50.0,1,0.84,3960,DIAGEO NORTH AMERICA INC   
28_LARNWICK_11219,28,11219,Josh Cellars Cab Svgn Sonoma,750mL,3,47.97,15.99,2024-04-08,750.0,2,0.34,4425,MARTIGNETTI COMPANIES
48_NORFOLK_18988,48,18988,Franzia Chillable Red Tap,5L,3,44.97,14.99,2024-01-26,5000.0,2,2.25,9815,WINE GROUP INC             
30_CULCHETH_2127,30,2127,Canadian Ltd,1.75L,2,20.98,10.49,2024-03-26,1750.0,1,3.67,660,SAZERAC NORTH AMERICA INC. 
34_PITMERDEN_3668,34,3668,Belvedere Polish Vodka,1.75L,4,171.96,42.99,2024-02-12,1750.0,1,7.35,8112,MOET HENNESSY USA INC      
33_HORNSEY_4278,33,4278,Capt Morgan Parrot Bay Cocnt,750mL,1,11.99,11.99,2024-02-19,750.0,1,0.79,3960,DIAGEO NORTH AMERICA INC   
12_LEESIDE_6081,12,6081,Kinky Blue Liqueur,50mL,2,3.98,1.99,2024-08-25,50.0,1,0.1,7153,PINE STATE TRADING CO      
54_GUTHRAM_2615,54,2615,Chivas Regal,50mL,1,3.49,3.49,2024-03-04,50.0,1,0.05,17035,PERNOD RICARD USA          
9_BLACKPOOL_3025,9,3025,Ciroc Snap Frost Vodka,375mL,1,15.49,15.49,2024-08-30,375.0,1,0.39,3960,DIAGEO NORTH AMERICA INC   
60_IRRAGIN_23764,60,23764,Cashmore Black Opal Shiraz,750mL,1,9.99,9.99,2024-02-20,750.0,2,0.11,9819,TREASURY WINE ESTATES      
41_LARNWICK_7262,41,7262,Gallo Sweet Vermouth,750mL,2,10.98,5.49,2024-09-19,750.0,2,0.22,3252,E & J GALLO WINERY         
40_BULLMAR_2894,40,2894,Scoresby Rare,1.75L,1,17.99,17.99,2024-02-01,1750.0,1,1.84,3960,DIAGEO NORTH AMERICA INC   
4_EANVERNESS_6681,4,6681,Cakebread Svgn Bl,750mL,1,23.99,23.99,2024-02-11,750.0,2,0.11,4692,KOBRAND CORPORATION        
49_GARIGILL_25904,49,25904,Casal Garcia Sangria,750mL,2,13.98,6.99,2024-08-05,750.0,2,0.22,4425,MARTIGNETTI COMPANIES
8_ALNERWICK_19260,8,19260,The Beach House Pinot Grigio,750mL,1,8.99,8.99,2024-08-03,750.0,2,0.11,653,STATE WINE & SPIRITS   
30_CULCHETH_10579,30,10579,High Note Malbec Mendoza,750mL,1,9.94,9.94,2024-10-20,750.0,2,0.11,7153,PINE STATE TRADING CO      
34_PITMERDEN_5298,34,5298,Southern Comfort 100 Proof,750mL,1,16.99,16.99,2024-09-07,750.0,1,0.79,8004,SAZERAC CO INC             
76_DONCASTER_28114,76,28114,Steele Chard Cal,750mL,2,33.98,16.99,2024-06-19,750.0,2,0.22,9552,M S WALKER INC             
76_DONCASTER_3690,76,3690,Tanqueray Ten Gin,750mL,1,29.99,29.99,2024-07-26,750.0,1,0.79,3960,DIAGEO NORTH AMERICA INC   
2_ASHBORNE_8379,2,8379,Wild Turkey 101,375mL,1,11.99,11.99,2024-07-06,375.0,1,0.39,11567,CAMPARI AMERICA            
72_HARDERSFIELD_7254,72,7254,Cribari Marsala,750mL,1,7.99,7.99,2024-12-14,750.0,2,0.11,1392,CONSTELLATION BRANDS INC   
69_MOUNTMEND_24299,69,24299,Rosemount Diamond Merlot,750mL,2,17.98,8.99,2024-03-25,750.0,2,0.22,4425,MARTIGNETTI COMPANIES
2_ASHBORNE_41530,2,41530,Septima Malbec Mendoza,750mL,1,8.99,8.99,2024-03-02,750.0,2,0.11,9165,ULTRA BEVERAGE COMPANY LLP 
75_BARNCOMBE_27854,75,27854,F Coppola Black Label Claret,750mL,1,15.99,15.99,2024-06-30,750.0,2,0.11,2000,SOUTHERN WINE & SPIRITS NE 
55_DRY GULCH_40096,55,40096,Black Box Cab Svgn,3L,9,143.91,15.99,2024-06-09,3000.0,2,4.05,1392,CONSTELLATION BRANDS INC   
79_BALLYMENA_3837,79,3837,Skyy Vodka,50mL,7,6.93,0.99,2024-10-24,50.0,1,0.37,11567,CAMPARI AMERICA            
17_OLDHAM_8696,17,8696,Gekkeikan Plum Wine,750mL,1,10.99,10.99,2024-02-13,750.0,2,0.11,8320,SHAW ROSS INT L IMP LTD    
11_CARDEND_3617,11,3617,Olmeca Altos Reposado,750mL,1,21.99,21.99,2024-09-08,750.0,1,0.79,17035,PERNOD RICARD USA          
60_IRRAGIN_4736,60,4736,Capt Morgan Spiced Rum,100mL,2,5.98,2.99,2024-12-29,100.0,1,0.21,3960,DIAGEO NORTH AMERICA INC   
25_CAERSHIRE_8921,25,8921,Sterling Cab Svgn,750mL,1,18.99,18.99,2024-03-24,750.0,2,0.11,1590,DIAGEO CHATEAU ESTATE WINES
49_GARIGILL_6864,49,6864,St Francis Chard,750mL,1,10.99,10.99,2024-11-04,750.0,2,0.11,4692,KOBRAND CORPORATION        
74_PAENTMARWY_24188,74,24188,St Francis Cab Svgn Sonoma,750mL,1,15.99,15.99,2024-06-02,750.0,2,0.11,4692,KOBRAND CORPORATION        
25_CAERSHIRE_3804,25,3804,Svedka Vodka,750mL,1,9.99,9.99,2024-04-20,750.0,1,0.79,1392,CONSTELLATION BRANDS INC   
55_DRY GULCH_5148,55,5148,St Brendans Irish Cream,1.75L,2,35.98,17.99,2024-12-24,1750.0,1,3.67,8352,LUXCO INC                  
13_TARMSWORTH_11456,13,11456,Burgess Cab Svgn Napa,750mL,1,36.99,36.99,2024-04-16,750.0,2,0.11,4425,MARTIGNETTI COMPANIES
65_LUTON_17177,65,17177,Beringer Classic Merlot,1.5L,2,19.98,9.99,2024-10-05,1500.0,2,0.45,9819,TREASURY WINE ESTATES      
66_EANVERNESS_12110,66,12110,La Crema Chardonnay Monterey,750mL,1,15.99,15.99,2024-12-12,750.0,2,0.11,10000,MAJESTIC FINE WINES        
11_CARDEND_2164,11,2164,New Amsterdam Gin,1.75L,1,18.99,18.99,2024-04-26,1750.0,1,1.84,3252,E & J GALLO WINERY         
22_SHARNWICK_5111,22,5111,Dr McGillicuddy's Mentholmnt,50mL,10,9.9,0.99,2024-01-12,50.0,1,0.52,8004,SAZERAC CO INC             
5_SUTTON_1232,5,1232,Jack Daniels No 7 Black,750mL,5,109.95,21.99,2024-11-02,750.0,1,3.94,1128,BROWN-FORMAN CORP          
33_HORNSEY_11353,33,11353,Latour Meursault AC Blanc,750mL,1,64.99,64.99,2024-12-13,750.0,2,0.11,9552,M S WALKER INC             
61_AETHELNEY_5445,61,5445,Jagermeister Liqueur,750mL,1,15.99,15.99,2024-03-13,750.0,1,0.79,3089,SIDNEY FRANK IMPORTING CO  
32_MOUNTMEND_18860,32,18860,Barefoot Refresh Summer Red,750mL,1,5.99,5.99,2024-02-12,750.0,2,0.11,3252,E & J GALLO WINERY         
38_GOULCREST_4412,38,4412,Pusser's British Navy Rum,750mL,2,35.98,17.99,2024-01-16,750.0,1,1.57,8320,SHAW ROSS INT L IMP LTD    
20_BREDWARDINE_1955,20,1955,Jack Daniels Tennessee Honey,375mL,1,12.99,12.99,2024-08-04,375.0,1,0.39,1128,BROWN-FORMAN CORP          
35_HALIVAARA_661,35,661,Red Stag by Jim Beam,750mL,2,29.98,14.99,2024-07-21,750.0,1,1.57,12546,JIM BEAM BRANDS COMPANY    
33_HORNSEY_40926,33,40926,Taylor Madeira NY,750mL,1,4.99,4.99,2024-03-14,750.0,2,0.11,1392,CONSTELLATION BRANDS INC   
32_MOUNTMEND_115,32,115,Belvedere Vodka,Liter,2,55.98,27.99,2024-12-23,1000.0,1,2.1,8112,MOET HENNESSY USA INC      
69_MOUNTMEND_17954,69,17954,Drops of Jupiter Red,750mL,1,7.99,7.99,2024-07-21,750.0,2,0.11,9815,WINE GROUP INC             
44_PORTHCRAWL_6650,44,6650,Simi Chard,750mL,2,29.98,14.99,2024-11-18,750.0,2,0.22,1392,CONSTELLATION BRANDS INC   
33_HORNSEY_12662,33,12662,Castillo Monastrell Red,750mL,7,97.93,13.99,2024-02-25,750.0,2,0.79,9552,M S WALKER INC             
25_CAERSHIRE_7978,25,7978,M & R X Dry Vermouth,750mL,1,7.49,7.49,2024-04-30,750.0,1,0.79,480,BACARDI USA INC            
74_PAENTMARWY_14852,74,14852,Mooiplaas The Bean Pinotage,750mL,2,25.98,12.99,2024-07-28,750.0,2,0.22,90047,CRUSH WINES                
78_EASTHAVEN_8680,78,8680,Crown Royal,1.75L,2,79.98,39.99,2024-10-15,1750.0,1,3.67,3960,DIAGEO NORTH AMERICA INC   
56_BEGGAR'S HOLE_12113,56,12113,Peter Lehmann Layers White,750mL,2,15.98,7.99,2024-07-01,750.0,2,0.22,4425,MARTIGNETTI COMPANIES
9_BLACKPOOL_3583,9,3583,Smirnoff Orange Vodka,1.75L,1,18.99,18.99,2024-11-23,1750.0,1,1.84,3960,DIAGEO NORTH AMERICA INC   
77_TAMWORTH_16477,77,16477,Cupcake Angel Food,750mL,2,15.98,7.99,2024-05-29,750.0,2,0.22,9815,WINE GROUP INC             
15_WANBORNE_3513,15,3513,Ciroc Snap Frost Vodka,750mL,1,24.99,24.99,2024-08-23,750.0,1,0.79,3960,DIAGEO NORTH AMERICA INC   
55_DRY GULCH_21270,55,21270,Kendall Jackson AVANT Svgn B,750mL,1,9.99,9.99,2024-09-14,750.0,2,0.11,10000,MAJESTIC FINE WINES        
43_WOLFORD_5058,43,5058,Capt Morgan Long Isl Tea RTD,1.75L,1,15.99,15.99,2024-08-08,1750.0,1,1.84,3960,DIAGEO NORTH AMERICA INC   
7_STANMORE_31465,7,31465,Franzia Tap Chard,5L,1,15.99,15.99,2024-09-08,5000.0,2,0.75,9815,WINE GROUP INC             
50_MOUNTMEND_3316,50,3316,Ciroc Peach Vodka,375mL,3,35.97,11.99,2024-05-07,375.0,1,1.18,3960,DIAGEO NORTH AMERICA INC   
10_HORNSEY_2767,10,2767,Johnnie Walker Blue Label,750mL,1,219.99,219.99,2024-02-22,750.0,1,0.79,3960,DIAGEO NORTH AMERICA INC   
42_BLACK HOLLOW_41321,42,41321,Bogle Phantom Red Cal,750mL,4,67.8,16.95,2024-12-23,750.0,2,0.45,4425,MARTIGNETTI COMPANIES
73_DONCASTER_4582,73,4582,Diplomatico Venezln Rsva Rum,750mL,1,34.99,34.99,2024-11-11,750.0,1,0.79,9552,M S WALKER INC             
33_HORNSEY_25211,33,25211,Ch de Carles Brdx,750mL,2,25.98,12.99,2024-04-16,750.0,2,0.22,1590,DIAGEO CHATEAU ESTATE WINES
23_ARBINGTON_32826,23,32826,Rombauer Carneros Chard,750mL,2,65.9,32.95,2024-04-30,750.0,2,0.22,4425,MARTIGNETTI COMPANIES
54_GUTHRAM_25504,54,25504,Renwood Clarion Red,750mL,2,21.98,10.99,2024-03-26,750.0,2,0.22,4425,MARTIGNETTI COMPANIES
42_BLACK HOLLOW_3436,42,3436,Bombay Dry Gin,1.75L,1,24.99,24.99,2024-11-14,1750.0,1,1.84,480,BACARDI USA INC            
65_LUTON_889,65,889,DeKuyper Sour Apple Pucker,Liter,1,12.99,12.99,2024-06-09,1000.0,1,1.05,12546,JIM BEAM BRANDS COMPANY    
30_CULCHETH_6224,30,6224,La Belle Orange Liqueur,750mL,1,16.99,16.99,2024-06-23,750.0,1,0.79,8004,SAZERAC CO INC             
17_OLDHAM_3580,17,3580,Smirnoff Orange Vodka,750mL,1,10.99,10.99,2024-05-20,750.0,1,0.79,3960,DIAGEO NORTH AMERICA INC   
69_MOUNTMEND_8064,69,8064,Canadian Club,50mL,6,5.94,0.99,2024-09-18,50.0,1,0.32,12546,JIM BEAM BRANDS COMPANY    
9_BLACKPOOL_3356,9,3356,Svedka Vodka,375mL,1,5.99,5.99,2024-07-26,375.0,1,0.39,1392,CONSTELLATION BRANDS INC   
10_HORNSEY_4157,10,4157,Smirnoff Green Apple Vodka,50mL,27,26.73,0.99,2024-08-26,50.0,1,1.42,3960,DIAGEO NORTH AMERICA INC   
60_IRRAGIN_1396,60,1396,Old Crow,1.75L,1,13.99,13.99,2024-05-03,1750.0,1,1.84,12546,JIM BEAM BRANDS COMPANY    
72_HARDERSFIELD_4199,72,4199,Sauza Blanco Tequila,1.75L,2,43.98,21.99,2024-07-08,1750.0,1,3.67,12546,JIM BEAM BRANDS COMPANY    
75_BARNCOMBE_6575,75,6575,Kendall Jackson RSV Svgn Bl,750mL,2,19.98,9.99,2024-11-29,750.0,2,0.22,10000,MAJESTIC FINE WINES        
73_DONCASTER_24294,73,24294,La Gr Comtadine Vacqueyras C,750mL,9,179.91,19.99,2024-04-27,750.0,2,1.01,4425,MARTIGNETTI COMPANIES
30_CULCHETH_3606,30,3606,Smirnoff Raspberry Vodka,50mL,2,1.98,0.99,2024-03-11,50.0,1,0.1,3960,DIAGEO NORTH AMERICA INC   
60_IRRAGIN_1767,60,1767,Buffalo Trace Bourbon,750mL,1,25.99,25.99,2024-12-28,750.0,1,0.79,8004,SAZERAC CO INC             
23_ARBINGTON_3746,23,3746,Gordons Vodka 80 Proof,1.75L,1,12.99,12.99,2024-05-11,1750.0,1,1.84,3960,DIAGEO NORTH AMERICA INC   
11_CARDEND_25260,11,25260,Lavergne Brdx Rouge,750mL,2,15.98,7.99,2024-08-30,750.0,2,0.22,10754,PERFECTA WINES             
15_WANBORNE_20255,15,20255,Breca OV Garnacha Calatayud,750mL,1,13.99,13.99,2024-07-29,750.0,2,0.11,9552,M S WALKER INC             
56_BEGGAR'S HOLE_3272,56,3272,Sobieski Vodka,1.75L,1,17.99,17.99,2024-09-24,1750.0,1,1.84,9552,M S WALKER INC             
53_HILLFAR_24327,53,24327,La Crema Pnt Nr Sonoma Cst,750mL,8,151.92,18.99,2024-12-24,750.0,2,0.9,10000,MAJESTIC FINE WINES        
25_CAERSHIRE_10723,25,10723,R M Woodbridge Chard,1.5L,3,29.97,9.99,2024-06-25,1500.0,2,0.68,1392,CONSTELLATION BRANDS INC   
30_CULCHETH_3606,30,3606,Smirnoff Raspberry Vodka,50mL,1,0.99,0.99,2024-07-06,50.0,1,0.05,3960,DIAGEO NORTH AMERICA INC   
67_EANVERNESS_6438,67,6438,Beringer Classic Chenin Blan,750mL,1,4.99,4.99,2024-04-23,750.0,2,0.11,9819,TREASURY WINE ESTATES      
40_BULLMAR_5708,40,5708,Dr McGillicuddy's Root Beer,50mL,6,5.94,0.99,2024-11-11,50.0,1,0.32,8004,SAZERAC CO INC             
53_HILLFAR_38946,53,38946,Bully Hill Sweet Walter Rd,750mL,2,21.98,10.99,2024-04-03,750.0,2,0.22,2000,SOUTHERN WINE & SPIRITS NE 
16_LUNDY_5399,16,5399,Goldschlager Cinnamon Schna,50mL,1,1.99,1.99,2024-12-17,50.0,1,0.05,3960,DIAGEO NORTH AMERICA INC   
32_MOUNTMEND_4346,32,4346,Mr Boston Dark Rum,1.75L,2,24.98,12.49,2024-07-22,1750.0,1,3.67,660,SAZERAC NORTH AMERICA INC. 
40_BULLMAR_41711,40,41711,Fish Eye Cab Svgn,750mL,1,5.99,5.99,2024-02-26,750.0,2,0.11,9815,WINE GROUP INC             
78_EASTHAVEN_6269,78,6269,Sutter Home Cab Svgn,1.5L,1,9.99,9.99,2024-05-17,1500.0,2,0.22,8892,TRINCHERO FAMILY ESTATES   
76_DONCASTER_4064,76,4064,Calico Jack Pin/Coc Rum,1.75L,2,25.98,12.99,2024-04-16,1750.0,1,3.67,12546,JIM BEAM BRANDS COMPANY    
38_GOULCREST_3607,38,3607,Smirnoff Citrus Vodka,50mL,2,1.98,0.99,2024-08-01,50.0,1,0.1,3960,DIAGEO NORTH AMERICA INC   
68_SOLARIS_6586,68,6586,Citra Montepulciano,1.5L,2,19.98,9.99,2024-07-14,1500.0,2,0.45,6785,PALM BAY INTERNATIONAL INC 
23_ARBINGTON_46568,23,46568,R M Woodbridge Cab/Merlot,1.5L,1,9.99,9.99,2024-06-02,1500.0,2,0.22,1392,CONSTELLATION BRANDS INC   
48_NORFOLK_3606,48,3606,Smirnoff Raspberry Vodka,50mL,17,16.83,0.99,2024-03-02,50.0,1,0.89,3960,DIAGEO NORTH AMERICA INC   
66_EANVERNESS_4254,66,4254,Remy Martin 1738 Accord Royl,375mL,1,29.99,29.99,2024-06-05,375.0,1,0.39,7239,REMY COINTREAU USA INC     
81_PEMBROKE_29169,81,29169,Franzia Tap Merlot,5L,2,35.98,17.99,2024-12-22,5000.0,2,1.5,9815,WINE GROUP INC             
59_CLAETHORPES_1595,59,1595,Gentleman Jack,375mL,1,15.99,15.99,2024-03-17,375.0,1,0.39,1128,BROWN-FORMAN CORP          
50_MOUNTMEND_6553,50,6553,Harveys Bristol Cream Sherry,750mL,1,13.99,13.99,2024-09-06,750.0,2,0.11,12546,JIM BEAM BRANDS COMPANY    
73_DONCASTER_42462,73,42462,Gnarly Head Old Vine Znfdl,750mL,5,49.95,9.99,2024-06-18,750.0,2,0.56,2242,DELICATO VINEYARDS INC     
30_CULCHETH_5202,30,5202,Dr McGillicuddy's Vanilla,750mL,1,13.99,13.99,2024-07-07,750.0,1,0.79,8004,SAZERAC CO INC             
21_BALERNO_1232,21,1232,Jack Daniels No 7 Black,750mL,2,45.98,22.99,2024-10-27,750.0,1,1.57,1128,BROWN-FORMAN CORP          
42_BLACK HOLLOW_2116,42,2116,Sapling Maple Bourbon,750mL,1,40.99,40.99,2024-12-03,750.0,1,0.79,9165,ULTRA BEVERAGE COMPANY LLP 
5_SUTTON_5364,5,5364,Kahlua,1.75L,1,29.99,29.99,2024-07-23,1750.0,1,1.84,17035,PERNOD RICARD USA          
19_WINTERVALE_3915,19,3915,Sauza Silver Tequila,750mL,1,14.99,14.99,2024-07-07,750.0,1,0.79,12546,JIM BEAM BRANDS COMPANY    
9_BLACKPOOL_5616,9,5616,Emmets Irish Cream,1.75L,1,19.99,19.99,2024-06-17,1750.0,1,1.84,3960,DIAGEO NORTH AMERICA INC   
38_GOULCREST_3887,38,3887,Wolfschmidt Vodka 80 Proof,1.75L,1,10.99,10.99,2024-08-24,1750.0,1,1.84,8352,LUXCO INC                  
74_PAENTMARWY_11828,74,11828,Cupcake Svgn Bl,750mL,2,13.98,6.99,2024-07-26,750.0,2,0.22,9815,WINE GROUP INC             
31_HORNSEY_3667,31,3667,Boru Original Irish Vodka,1.75L,1,19.99,19.99,2024-04-29,1750.0,1,1.84,1485,CASTLE BRANDS CORP.        
76_DONCASTER_16151,76,16151,Cavit Alta Luna Pnt Grigio,750mL,3,32.97,10.99,2024-03-11,750.0,2,0.34,6785,PALM BAY INTERNATIONAL INC 
60_IRRAGIN_24188,60,24188,St Francis Cab Svgn Sonoma,750mL,3,41.85,13.95,2024-03-31,750.0,2,0.34,4692,KOBRAND CORPORATION        
11_CARDEND_25570,11,25570,Steele Wines Scarlet Lake Cn,750mL,1,6.99,6.99,2024-08-14,750.0,2,0.11,9552,M S WALKER INC             
76_DONCASTER_3704,76,3704,Ciroc Pineapple Vodka,750mL,2,49.98,24.99,2024-12-31,750.0,1,1.57,3960,DIAGEO NORTH AMERICA INC   
22_SHARNWICK_3913,22,3913,Svedka Vodka,1.75L,2,33.98,16.99,2024-12-17,1750.0,1,3.67,1392,CONSTELLATION BRANDS INC   
27_MOUNTMEND_40296,27,40296,Choya Plum Wine,750mL,1,20.99,20.99,2024-12-13,750.0,2,0.11,7153,PINE STATE TRADING CO      
17_OLDHAM_8504,17,8504,R M Woodbridge Cab Svgn Cal,1.5L,1,11.99,11.99,2024-02-03,1500.0,2,0.22,1392,CONSTELLATION BRANDS INC   
55_DRY GULCH_2781,55,2781,High West Campfire Whiskey,750mL,1,59.99,59.99,2024-11-22,750.0,1,0.79,9165,ULTRA BEVERAGE COMPANY LLP 
58_HARTLEPOOL_8021,58,8021,Glenfiddich Special Rsv 12,750mL,1,47.99,47.99,2024-09-18,750.0,1,0.79,3664,WILLIAM GRANT & SONS INC   
76_DONCASTER_12650,76,12650,Harbor Town Svgn Bl,750mL,18,161.82,8.99,2024-08-13,750.0,2,2.02,9552,M S WALKER INC             
32_MOUNTMEND_5627,32,5627,Flag Hill Sugar Maple Liquer,375mL,2,37.98,18.99,2024-11-22,375.0,1,0.79,17031,FLAG HILL WINERY & VINEYARD
32_MOUNTMEND_4299,32,4299,Capt Morgan White Grapefruit,750mL,1,12.99,12.99,2024-06-29,750.0,1,0.79,3960,DIAGEO NORTH AMERICA INC   
51_ABERDEEN_5096,51,5096,DeKuyper Peachtree Schnapps,750mL,2,19.98,9.99,2024-03-18,750.0,1,1.57,12546,JIM BEAM BRANDS COMPANY    
66_EANVERNESS_25711,66,25711,Alexander Vly Vyd Cab Svgn,750mL,1,14.99,14.99,2024-04-04,750.0,2,0.11,7153,PINE STATE TRADING CO      
41_LARNWICK_8691,41,8691,Jose Cuervo Especial,750mL,1,16.99,16.99,2024-01-13,750.0,1,0.79,7245,PROXIMO SPIRITS INC.       
68_SOLARIS_26557,68,26557,King Est Pnt Gris Ore,750mL,1,17.99,17.99,2024-08-08,750.0,2,0.11,4425,MARTIGNETTI COMPANIES
59_CLAETHORPES_7978,59,7978,M & R X Dry Vermouth,750mL,1,5.49,5.49,2024-07-16,750.0,1,0.79,480,BACARDI USA INC            
1_HARDERSFIELD_8068,1,8068,Absolut 80 Proof,1.75L,12,299.88,24.99,2024-03-26,1750.0,1,22.05,17035,PERNOD RICARD USA          
65_LUTON_2015,65,2015,Jack Daniels Tennessee Honey,750mL,1,22.99,22.99,2024-09-04,750.0,1,0.79,1128,BROWN-FORMAN CORP          
9_BLACKPOOL_41253,9,41253,Ch St Jean Cab Svgn Cal,750mL,3,26.85,8.95,2024-11-25,750.0,2,0.34,9819,TREASURY WINE ESTATES      
49_GARIGILL_4262,49,4262,Capt Morgan Spiced Rum,750mL,7,104.93,14.99,2024-08-13,750.0,1,5.51,3960,DIAGEO NORTH AMERICA INC   
1_HARDERSFIELD_16816,1,16816,H3 Horse Heaven Hills Merlot,750mL,1,11.99,11.99,2024-01-23,750.0,2,0.11,8673,STE MICHELLE WINE ESTATES  
72_HARDERSFIELD_12216,72,12216,Da Vinci Pnt Grigio,750mL,1,10.99,10.99,2024-09-16,750.0,2,0.11,3252,E & J GALLO WINERY         
71_CLARCTON_1789,71,1789,Jack Daniels Tennesse Fire,750mL,2,45.98,22.99,2024-09-04,750.0,1,1.57,1128,BROWN-FORMAN CORP          
10_HORNSEY_3040,10,3040,Tito's Handmade Vodka,Liter,1,23.99,23.99,2024-10-02,1000.0,1,1.05,4425,MARTIGNETTI COMPANIES
32_MOUNTMEND_40425,32,40425,Mionetto Prosecco Brut,750mL,1,10.99,10.99,2024-08-23,750.0,2,0.11,9552,M S WALKER INC             
52_GRAYCOTT_6575,52,6575,Kendall Jackson RSV Svgn Bl,750mL,2,19.98,9.99,2024-10-08,750.0,2,0.22,10000,MAJESTIC FINE WINES        
69_MOUNTMEND_3522,69,3522,Platinum 7X Distilled Vodka,1.75L,3,38.97,12.99,2024-09-15,1750.0,1,5.51,8004,SAZERAC CO INC             
13_TARMSWORTH_5138,13,5138,Fireball Cinnamon Whisky,750mL,7,97.93,13.99,2024-12-22,750.0,1,5.51,8004,SAZERAC CO INC             
71_CLARCTON_2136,71,2136,Elijah Craig 12 Yr Bourbon,750mL,2,57.98,28.99,2024-04-02,750.0,1,1.57,3924,HEAVEN HILL DISTILLERIES   
23_ARBINGTON_8118,23,8118,Mr Boston Blackberry Brandy,750mL,1,5.99,5.99,2024-10-28,750.0,1,0.79,660,SAZERAC NORTH AMERICA INC. 
79_BALLYMENA_8622,79,8622,Dom Perignon,750mL,1,139.99,139.99,2024-09-02,750.0,2,0.11,8112,MOET HENNESSY USA INC      
31_HORNSEY_5822,31,5822,Ryans Irish Cream,375mL,1,7.99,7.99,2024-10-02,375.0,1,0.39,8004,SAZERAC CO INC             
48_NORFOLK_1906,48,1906,Jack Daniels Tenn Fire VAP,750mL,1,22.99,22.99,2024-06-11,750.0,1,0.79,1128,BROWN-FORMAN CORP          
69_MOUNTMEND_6174,69,6174,Columbia Crest Grand Merlot,750mL,1,9.99,9.99,2024-01-26,750.0,2,0.11,8673,STE MICHELLE WINE ESTATES  
69_MOUNTMEND_5060,69,5060,Dr McGillicuddy's Butterscth,750mL,2,27.98,13.99,2024-10-28,750.0,1,1.57,8004,SAZERAC CO INC             
48_NORFOLK_3827,48,3827,Popov Vodka,1.75L,3,38.97,12.99,2024-06-26,1750.0,1,5.51,3960,DIAGEO NORTH AMERICA INC   
38_GOULCREST_25158,38,25158,M Lynch Bordeaux Rouge Medoc,750mL,1,14.99,14.99,2024-04-19,750.0,2,0.11,10754,PERFECTA WINES             
8_ALNERWICK_4563,8,4563,Christian Bros Brandy,1.75L,1,16.99,16.99,2024-01-23,1750.0,1,1.84,3924,HEAVEN HILL DISTILLERIES   
50_MOUNTMEND_21609,50,21609,Josh Cellars Legacy Red,750mL,1,13.99,13.99,2024-12-28,750.0,2,0.11,4425,MARTIGNETTI COMPANIES
68_SOLARIS_2398,68,2398,Tullamore Dew,750mL,1,21.99,21.99,2024-05-11,750.0,1,0.79,3664,WILLIAM GRANT & SONS INC   
31_HORNSEY_3727,31,3727,Absolut Citron,50mL,5,9.95,1.99,2024-06-30,50.0,1,0.26,17035,PERNOD RICARD USA          
17_OLDHAM_3512,17,3512,Pinnacle Vodka,1.75L,7,118.93,16.99,2024-01-22,1750.0,1,12.86,12546,JIM BEAM BRANDS COMPANY    
77_TAMWORTH_6357,77,6357,Taylor Golden Sherry,3L,1,13.99,13.99,2024-04-06,3000.0,2,0.45,1392,CONSTELLATION BRANDS INC   
71_CLARCTON_6570,71,6570,Kendall Jackson Chard Vt RSV,750mL,7,76.93,10.99,2024-09-02,750.0,2,0.79,10000,MAJESTIC FINE WINES        
73_DONCASTER_6687,73,6687,Hedges Red Columbia Vly,750mL,1,13.99,13.99,2024-10-17,750.0,2,0.11,4425,MARTIGNETTI COMPANIES
34_PITMERDEN_1867,34,1867,Jack Daniels Tennessee Honey,50mL,3,8.97,2.99,2024-03-31,50.0,1,0.16,1128,BROWN-FORMAN CORP          
55_DRY GULCH_40096,55,40096,Black Box Cab Svgn,3L,4,75.96,18.99,2024-10-08,3000.0,2,1.8,1392,CONSTELLATION BRANDS INC   
34_PITMERDEN_1388,34,1388,Red Stag by Jim Beam,1.75L,1,24.99,24.99,2024-12-30,1750.0,1,1.84,12546,JIM BEAM BRANDS COMPANY    
73_DONCASTER_25640,73,25640,Picket Fence Cab Svgn Alexan,750mL,2,27.98,13.99,2024-03-18,750.0,2,0.22,4425,MARTIGNETTI COMPANIES
10_HORNSEY_2696,10,2696,McClelland Highland Sgl Malt,1.75L,1,33.99,33.99,2024-06-03,1750.0,1,1.84,12546,JIM BEAM BRANDS COMPANY    
46_TYWARDREATH_34175,46,34175,Lindemans Bin 50 Shiraz,1.5L,6,53.94,8.99,2024-02-19,1500.0,2,1.35,4425,MARTIGNETTI COMPANIES
67_EANVERNESS_6647,67,6647,Estancia Chard,750mL,1,8.99,8.99,2024-10-05,750.0,2,0.11,1392,CONSTELLATION BRANDS INC   
7_STANMORE_5656,7,5656,Cabin Fever Maple Liqueur,50mL,3,4.47,1.49,2024-05-03,50.0,1,0.16,3960,DIAGEO NORTH AMERICA INC   
53_HILLFAR_8264,53,8264,Ch Ste Michelle Rsl,750mL,3,29.97,9.99,2024-06-04,750.0,2,0.34,8673,STE MICHELLE WINE ESTATES  
79_BALLYMENA_2547,79,2547,WhistlePig 10Yr Straight Rye,50mL,2,13.98,6.99,2024-04-28,50.0,1,0.1,10754,PERFECTA WINES             
7_STANMORE_15393,7,15393,Cupcake Pnt Grigio,750mL,4,27.96,6.99,2024-06-24,750.0,2,0.45,9815,WINE GROUP INC             
34_PITMERDEN_45866,34,45866,Jose Maria de Fonseca Periq,750mL,1,9.99,9.99,2024-04-17,750.0,2,0.11,4425,MARTIGNETTI COMPANIES
27_MOUNTMEND_40425,27,40425,Mionetto Prosecco Brut,750mL,1,10.99,10.99,2024-09-02,750.0,2,0.11,9552,M S WALKER INC             
59_CLAETHORPES_6581,59,6581,Ch Ste Michelle Merlot Colum,750mL,1,13.99,13.99,2024-04-29,750.0,2,0.11,8673,STE MICHELLE WINE ESTATES  
53_HILLFAR_3733,53,3733,Patron Silver Tequila,1.75L,1,119.99,119.99,2024-02-12,1750.0,1,1.84,9165,ULTRA BEVERAGE COMPANY LLP 
56_BEGGAR'S HOLE_5410,56,5410,Raspberry di Amore,750mL,1,8.49,8.49,2024-02-11,750.0,1,0.79,660,SAZERAC NORTH AMERICA INC. 
53_HILLFAR_5505,53,5505,Pallini Limoncello Liqueur,750mL,1,18.99,18.99,2024-12-09,750.0,1,0.79,1485,CASTLE BRANDS CORP.        
27_MOUNTMEND_4626,27,4626,Meukow VS Cognac,750mL,1,17.99,17.99,2024-04-16,750.0,1,0.79,660,SAZERAC NORTH AMERICA INC. 
40_BULLMAR_6552,40,6552,Harveys Bristol Cream Sherry,1.5L,2,45.98,22.99,2024-10-28,1500.0,2,0.45,12546,JIM BEAM BRANDS COMPANY    
50_MOUNTMEND_7077,50,7077,Smirnoff Strawberry Vodka,50mL,2,1.98,0.99,2024-07-07,50.0,1,0.1,3960,DIAGEO NORTH AMERICA INC   
16_LUNDY_5399,16,5399,Goldschlager Cinnamon Schna,50mL,1,1.99,1.99,2024-05-17,50.0,1,0.05,3960,DIAGEO NORTH AMERICA INC   
52_GRAYCOTT_8033,52,8033,Jack Daniels No 7 Black,50mL,1,2.99,2.99,2024-02-23,50.0,1,0.05,1128,BROWN-FORMAN CORP          
67_EANVERNESS_79,67,79,Three Olives Loopy Vodka,750mL,2,25.98,12.99,2024-06-04,750.0,1,1.57,7245,PROXIMO SPIRITS INC.       
7_STANMORE_3617,7,3617,Olmeca Altos Reposado,750mL,3,65.97,21.99,2024-09-17,750.0,1,2.36,17035,PERNOD RICARD USA          
76_DONCASTER_45605,76,45605,Bex Rsl Mosel,750mL,1,10.99,10.99,2024-11-05,750.0,2,0.11,9552,M S WALKER INC             
11_CARDEND_38546,11,38546,Mark West Pnt Nr Sonoma,750mL,1,9.99,9.99,2024-11-14,750.0,2,0.11,1392,CONSTELLATION BRANDS INC   
3_HORNSEY_1389,3,1389,Makers Mark,50mL,1,2.99,2.99,2024-09-27,50.0,1,0.05,12546,JIM BEAM BRANDS COMPANY    
33_HORNSEY_3630,33,3630,Stolichnaya Razberi,1.75L,1,24.99,24.99,2024-08-08,1750.0,1,1.84,8664,"STOLI GROUP,(USA) LLC      "
4_EANVERNESS_8259,4,8259,Hornitos Platas Silver,50mL,2,4.98,2.49,2024-11-10,50.0,1,0.1,12546,JIM BEAM BRANDS COMPANY    
10_HORNSEY_3498,10,3498,Baileys Vanilla Cinnamon,750mL,1,21.99,21.99,2024-01-14,750.0,1,0.79,3960,DIAGEO NORTH AMERICA INC   
12_LEESIDE_32749,12,32749,Brancott Svgn Bl Marlboro,750mL,2,19.98,9.99,2024-02-03,750.0,2,0.22,17035,PERNOD RICARD USA          
69_MOUNTMEND_693,69,693,Svedka Vanilla Vodka,Liter,1,12.99,12.99,2024-12-22,1000.0,1,1.05,1392,CONSTELLATION BRANDS INC   
41_LARNWICK_3568,41,3568,Pearl Cucumber Vodka,50mL,1,0.99,0.99,2024-03-02,50.0,1,0.05,8352,LUXCO INC                  
66_EANVERNESS_4221,66,4221,Bacardi Gold Rum Traveler,1.75L,1,19.99,19.99,2024-04-04,1750.0,1,1.84,480,BACARDI USA INC            
2_ASHBORNE_25716,2,25716,Grgich Hills Chard Napa,750mL,1,46.99,46.99,2024-09-30,750.0,2,0.11,4425,MARTIGNETTI COMPANIES
61_AETHELNEY_3879,61,3879,Smirnoff 80 Proof Traveler,750mL,1,12.99,12.99,2024-12-24,750.0,1,0.79,3960,DIAGEO NORTH AMERICA INC   
39_EASTHALLOW_38370,39,38370,Oyster Bay Svgn Bl Marlboro,750mL,2,23.98,11.99,2024-11-21,750.0,2,0.22,4425,MARTIGNETTI COMPANIES
6_GOULCREST_32831,6,32831,Carpineto Dogajolo Tuscan Rd,750mL,5,49.95,9.99,2024-10-16,750.0,2,0.56,9165,ULTRA BEVERAGE COMPANY LLP 
50_MOUNTMEND_1095,50,1095,Southern Comfort wShaker,750mL,5,69.95,13.99,2024-12-22,750.0,1,3.94,8004,SAZERAC CO INC             
67_EANVERNESS_20731,67,20731,Villa Jolanda Strwby Moscato,750mL,1,9.99,9.99,2024-08-25,750.0,2,0.11,7153,PINE STATE TRADING CO      
73_DONCASTER_9147,73,9147,Green Spot Irish Whiskey,750mL,1,59.99,59.99,2024-11-19,750.0,1,0.79,17035,PERNOD RICARD USA          
10_HORNSEY_10874,10,10874,Cantine Maschio Prosecco Brt,750mL,2,21.98,10.99,2024-11-23,750.0,2,0.22,516,BANFI PRODUCTS CORP        
22_SHARNWICK_13661,22,13661,Duckhorn Decoy Pnt Nr,750mL,1,16.95,16.95,2024-12-09,750.0,2,0.11,4425,MARTIGNETTI COMPANIES
49_GARIGILL_408,49,408,Wild Turkey American Honey,750mL,1,17.99,17.99,2024-04-14,750.0,1,0.79,11567,CAMPARI AMERICA            
52_GRAYCOTT_23273,52,23273,Apothic Crush,750mL,4,39.96,9.99,2024-02-27,750.0,2,0.45,3252,E & J GALLO WINERY         
76_DONCASTER_1760,76,1760,William Grant Scotch,1.75L,1,25.99,25.99,2024-07-24,1750.0,1,1.84,3664,WILLIAM GRANT & SONS INC   
38_GOULCREST_3627,38,3627,Absolut 80 Proof,375mL,3,41.97,13.99,2024-09-09,375.0,1,1.18,17035,PERNOD RICARD USA          
34_PITMERDEN_24952,34,24952,Jackhammer Chard Monterey,750mL,1,8.79,8.79,2024-07-04,750.0,2,0.11,10754,PERFECTA WINES             
60_IRRAGIN_1178,60,1178,Evan Williams Black Label B,750mL,1,11.49,11.49,2024-06-17,750.0,1,0.79,3924,HEAVEN HILL DISTILLERIES   
67_EANVERNESS_15980,67,15980,Moonlight Meadery Apple Pie,375mL,1,12.99,12.99,2024-08-19,375.0,2,0.06,6215,MOONLIGHT MEADERY          
33_HORNSEY_4673,33,4673,Hennessy VS Cognac,1.75L,1,62.99,62.99,2024-07-02,1750.0,1,1.84,8112,MOET HENNESSY USA INC      
75_BARNCOMBE_3763,75,3763,Patron Anejo Tequila,375mL,1,27.99,27.99,2024-08-16,375.0,1,0.39,9165,ULTRA BEVERAGE COMPANY LLP 
50_MOUNTMEND_21864,50,21864,Dom Carneros Brut,750mL,1,29.99,29.99,2024-07-23,750.0,2,0.11,4692,KOBRAND CORPORATION        
73_DONCASTER_25827,73,25827,Angeline Cab Svgn California,750mL,3,17.37,5.79,2024-07-01,750.0,2,0.34,9552,M S WALKER INC             
50_MOUNTMEND_178,50,178,Wild Turkey Russell's RSV,750mL,1,29.99,29.99,2024-11-05,750.0,1,0.79,11567,CAMPARI AMERICA            
42_BLACK HOLLOW_37678,42,37678,Castle Rock Pnt Nr,750mL,2,25.98,12.99,2024-03-31,750.0,2,0.22,4425,MARTIGNETTI COMPANIES
65_LUTON_14930,65,14930,Yellow Tail Moscato,1.5L,1,14.99,14.99,2024-10-08,1500.0,2,0.22,4425,MARTIGNETTI COMPANIES
11_CARDEND_3527,11,3527,Reyka Vodka,1.75L,3,89.97,29.99,2024-09-02,1750.0,1,5.51,3664,WILLIAM GRANT & SONS INC   
67_EANVERNESS_13163,67,13163,Barefoot Bubbly Moscato,750mL,5,34.75,6.95,2024-09-03,750.0,2,0.56,3252,E & J GALLO WINERY         
75_BARNCOMBE_3221,75,3221,Pinnacle Raspberry Vodka,750mL,2,21.98,10.99,2024-07-06,750.0,1,1.57,12546,JIM BEAM BRANDS COMPANY    
47_PELLA'S WISH_5445,47,5445,Jagermeister Liqueur,750mL,1,15.99,15.99,2024-06-18,750.0,1,0.79,3089,SIDNEY FRANK IMPORTING CO  
68_SOLARIS_8232,68,8232,Riunite Lambrusco,1.5L,1,8.99,8.99,2024-05-20,1500.0,2,0.22,516,BANFI PRODUCTS CORP        
67_EANVERNESS_26560,67,26560,Castello di Bossi Chianti Cl,750mL,1,15.99,15.99,2024-12-20,750.0,2,0.11,2000,SOUTHERN WINE & SPIRITS NE 
55_DRY GULCH_6479,55,6479,Clos du Bois Chard,750mL,5,44.95,8.99,2024-09-13,750.0,2,0.56,1392,CONSTELLATION BRANDS INC   
79_BALLYMENA_16441,79,16441,Bota Box RedVolution,3L,1,17.99,17.99,2024-08-07,3000.0,2,0.45,2242,DELICATO VINEYARDS INC     
57_LANTEGLOS_3859,57,3859,Smirnoff 80 Proof,375mL,3,26.97,8.99,2024-06-18,375.0,1,1.18,3960,DIAGEO NORTH AMERICA INC   
22_SHARNWICK_6692,22,6692,Jaboulet Cotes du Rhone Par,750mL,3,29.85,9.95,2024-01-31,750.0,2,0.34,9744,FREDERICK WILDMAN & SONS   
41_LARNWICK_20357,41,20357,Apothic Dark,750mL,5,37.3,7.46,2024-05-29,750.0,2,0.56,3252,E & J GALLO WINERY         
12_LEESIDE_4626,12,4626,Meukow VS Cognac,750mL,1,16.99,16.99,2024-08-29,750.0,1,0.79,660,SAZERAC NORTH AMERICA INC. 
78_EASTHAVEN_8082,78,8082,Baileys Irish Cream,1.75L,1,29.99,29.99,2024-10-11,1750.0,1,1.84,3960,DIAGEO NORTH AMERICA INC   
50_MOUNTMEND_27143,50,27143,Bouchaine Chard Carneros,750mL,1,17.99,17.99,2024-12-10,750.0,2,0.11,4425,MARTIGNETTI COMPANIES
8_ALNERWICK_3836,8,3836,Smirnoff Citrus Vodka,750mL,2,21.98,10.99,2024-07-12,750.0,1,1.57,3960,DIAGEO NORTH AMERICA INC   
48_NORFOLK_3243,48,3243,Burnetts Vodka,1.75L,1,10.99,10.99,2024-10-06,1750.0,1,1.84,3924,HEAVEN HILL DISTILLERIES   
19_WINTERVALE_8746,19,8746,Cavit Pinot Grigio,750mL,1,6.99,6.99,2024-05-12,750.0,2,0.11,6785,PALM BAY INTERNATIONAL INC 
14_BROMWICH_23095,14,23095,Glen Ellen Cab Svgn RSV,1.5L,11,76.89,6.99,2024-01-15,1500.0,2,2.47,9815,WINE GROUP INC             
41_LARNWICK_3102,41,3102,Smirnoff Traveler,1.75L,2,33.98,16.99,2024-11-08,1750.0,1,3.67,3960,DIAGEO NORTH AMERICA INC   
76_DONCASTER_17168,76,17168,Kendall Jackson Vntrs Rsl Rs,750mL,3,35.97,11.99,2024-09-16,750.0,2,0.34,10000,MAJESTIC FINE WINES        
69_MOUNTMEND_21319,69,21319,Wlm Hill Est No Cst Svgn Bl,750mL,3,38.97,12.99,2024-01-31,750.0,2,0.34,3252,E & J GALLO WINERY         
15_WANBORNE_8677,15,8677,Wild Turkey Rare Breed,750mL,1,38.99,38.99,2024-07-21,750.0,1,0.79,11567,CAMPARI AMERICA            
44_PORTHCRAWL_3522,44,3522,Platinum 7X Distilled Vodka,1.75L,3,38.97,12.99,2024-12-16,1750.0,1,5.51,8004,SAZERAC CO INC             
32_MOUNTMEND_3706,32,3706,Pinnacle Citrus Vodka,1.75L,1,16.99,16.99,2024-07-08,1750.0,1,1.84,12546,JIM BEAM BRANDS COMPANY    
46_TYWARDREATH_39356,46,39356,Bota Box Chard Cal,3L,1,17.99,17.99,2024-02-15,3000.0,2,0.45,2242,DELICATO VINEYARDS INC     
2_ASHBORNE_15428,2,15428,Ruffino Prosecco Sparkling,750mL,1,11.99,11.99,2024-12-01,750.0,2,0.11,1392,CONSTELLATION BRANDS INC   
73_DONCASTER_23896,73,23896,Riebeek Cellars Cape Rose,750mL,1,12.99,12.99,2024-11-28,750.0,2,0.11,10754,PERFECTA WINES             
55_DRY GULCH_1892,55,1892,Yukon Jack,50mL,6,5.94,0.99,2024-08-02,50.0,1,0.32,3960,DIAGEO NORTH AMERICA INC   
61_AETHELNEY_305,61,305,Crown Royal Canadian Whisky,Liter,3,83.97,27.99,2024-08-04,1000.0,1,3.15,3960,DIAGEO NORTH AMERICA INC   
1_HARDERSFIELD_3257,1,3257,Gilbeys London Dry Trav,750mL,1,5.99,5.99,2024-05-22,750.0,1,0.79,12546,JIM BEAM BRANDS COMPANY    
1_HARDERSFIELD_2790,1,2790,High West American Prairie,750mL,1,29.99,29.99,2024-11-25,750.0,1,0.79,9165,ULTRA BEVERAGE COMPANY LLP 
4_EANVERNESS_1231,4,1231,Jack Daniels No 7 Black,375mL,1,10.99,10.99,2024-12-02,375.0,1,0.39,1128,BROWN-FORMAN CORP          
7_STANMORE_5031,7,5031,DeKuyper Peppermint Schnapp,1.75L,1,14.99,14.99,2024-12-03,1750.0,1,1.84,12546,JIM BEAM BRANDS COMPANY    
21_BALERNO_4215,21,4215,Kingfish Silver Rum,750mL,1,25.99,25.99,2024-11-23,750.0,1,0.79,172662,SWEETWATER FARM         
8_ALNERWICK_10443,8,10443,Charles Smith Kung Fu Girl R,750mL,1,9.49,9.49,2024-03-10,750.0,2,0.11,10754,PERFECTA WINES             
17_OLDHAM_3238,17,3238,Hendrick's Gin,750mL,2,59.98,29.99,2024-11-11,750.0,1,1.57,3664,WILLIAM GRANT & SONS INC   
34_PITMERDEN_4103,34,4103,Capt Morgan White,750mL,1,14.99,14.99,2024-11-30,750.0,1,0.79,3960,DIAGEO NORTH AMERICA INC   
1_HARDERSFIELD_6595,1,6595,Bogle Merlot,750mL,3,23.85,7.95,2024-11-26,750.0,2,0.34,4425,MARTIGNETTI COMPANIES
25_CAERSHIRE_24535,25,24535,Giesen Svgn Bl,750mL,2,21.98,10.99,2024-11-03,750.0,2,0.22,653,STATE WINE & SPIRITS   
72_HARDERSFIELD_3218,72,3218,Firefly Sweet Tea Vodka,750mL,1,12.99,12.99,2024-09-24,750.0,1,0.79,8004,SAZERAC CO INC             
50_MOUNTMEND_3046,50,3046,Ciroc Peach Vodka,1.75L,3,146.97,48.99,2024-11-13,1750.0,1,5.51,3960,DIAGEO NORTH AMERICA INC   
73_DONCASTER_25934,73,25934,Gabbiano Chianti,750mL,1,7.99,7.99,2024-04-07,750.0,2,0.11,9819,TREASURY WINE ESTATES      
79_BALLYMENA_3660,79,3660,Deep Eddy Ruby Red Vodka,1.75L,1,24.99,24.99,2024-10-06,1750.0,1,1.84,3924,HEAVEN HILL DISTILLERIES   
78_EASTHAVEN_3636,78,3636,Dr McGillicuddy's Mentholmnt,375mL,1,7.49,7.49,2024-04-04,375.0,1,0.39,8004,SAZERAC CO INC             
4_EANVERNESS_2757,4,2757,Johnnie Walker Red Label,1.75L,1,29.99,29.99,2024-06-02,1750.0,1,1.84,3960,DIAGEO NORTH AMERICA INC   
45_VERITAS_1233,45,1233,Jack Daniels No 7 Black,1.75L,1,35.99,35.99,2024-02-16,1750.0,1,1.84,1128,BROWN-FORMAN CORP          
6_GOULCREST_3876,6,3876,Smirnoff 80 Proof,1.75L,1,19.99,19.99,2024-07-04,1750.0,1,1.84,3960,DIAGEO NORTH AMERICA INC   
59_CLAETHORPES_31915,59,31915,F Coppola Diamond Chard,750mL,2,25.98,12.99,2024-01-05,750.0,2,0.22,2000,SOUTHERN WINE & SPIRITS NE 
7_STANMORE_4239,7,4239,Pampero Ron Anejo Aniversari,750mL,1,21.99,21.99,2024-06-13,750.0,1,0.79,3960,DIAGEO NORTH AMERICA INC   
38_GOULCREST_4583,38,4583,Perc Coffee Liqueur,750mL,1,22.99,22.99,2024-03-30,750.0,1,0.79,9165,ULTRA BEVERAGE COMPANY LLP 
57_LANTEGLOS_1730,57,1730,La Collection NH Summer,750mL,1,29.99,29.99,2024-07-10,750.0,2,0.11,9165,ULTRA BEVERAGE COMPANY LLP 
62_KILMARNOCK_2127,62,2127,Canadian Ltd,1.75L,2,20.98,10.49,2024-12-09,1750.0,1,3.67,660,SAZERAC NORTH AMERICA INC. 
13_TARMSWORTH_3612,13,3612,Taaka Vodka,1.75L,1,8.99,8.99,2024-07-25,1750.0,1,1.84,8004,SAZERAC CO INC             
2_ASHBORNE_3244,2,3244,Burnetts Vodka,750mL,1,6.99,6.99,2024-09-24,750.0,1,0.79,3924,HEAVEN HILL DISTILLERIES   
6_GOULCREST_3899,6,3899,Platinum 7X Distilled Vodka,375mL,5,19.95,3.99,2024-07-30,375.0,1,1.97,8004,SAZERAC CO INC             
19_WINTERVALE_21791,19,21791,Michael David Svgn Bl,750mL,1,9.99,9.99,2024-07-13,750.0,2,0.11,4425,MARTIGNETTI COMPANIES
69_MOUNTMEND_2170,69,2170,Woodford Reserve Bourbon,50mL,3,10.47,3.49,2024-12-13,50.0,1,0.16,1128,BROWN-FORMAN CORP          
17_OLDHAM_4247,17,4247,Bacardi Limon Rum,750mL,2,19.98,9.99,2024-07-06,750.0,1,1.57,480,BACARDI USA INC            
51_ABERDEEN_43434,51,43434,Phillips Earthquake Cab Svgn,750mL,1,24.99,24.99,2024-12-31,750.0,2,0.11,4425,MARTIGNETTI COMPANIES
31_HORNSEY_2432,31,2432,Crown Royal,750mL,1,20.99,20.99,2024-06-18,750.0,1,0.79,3960,DIAGEO NORTH AMERICA INC   
39_EASTHALLOW_2117,39,2117,Black Velvet Traveler,750mL,1,7.99,7.99,2024-04-11,750.0,1,0.79,1392,CONSTELLATION BRANDS INC   
61_AETHELNEY_3893,61,3893,Zhenka 80 Proof,1.75L,1,9.99,9.99,2024-09-22,1750.0,1,1.84,9552,M S WALKER INC             
27_MOUNTMEND_19848,27,19848,Carnivor Cab Svgn,750mL,1,9.99,9.99,2024-01-01,750.0,2,0.11,3252,E & J GALLO WINERY         
48_NORFOLK_6570,48,6570,Kendall Jackson Chard Vt RSV,750mL,1,13.99,13.99,2024-02-01,750.0,2,0.11,10000,MAJESTIC FINE WINES        
19_WINTERVALE_3625,19,3625,Absolut 80 Proof,750mL,4,71.96,17.99,2024-09-22,750.0,1,3.15,17035,PERNOD RICARD USA          
41_LARNWICK_812,41,812,Jagermeister Liqueur,Liter,1,20.99,20.99,2024-10-17,1000.0,1,1.05,3089,SIDNEY FRANK IMPORTING CO  
54_GUTHRAM_2127,54,2127,Canadian Ltd,1.75L,2,20.98,10.49,2024-12-14,1750.0,1,3.67,660,SAZERAC NORTH AMERICA INC. 
17_OLDHAM_6140,17,6140,R M Woodbridge Wh Znfdl Cal,750mL,1,5.99,5.99,2024-08-06,750.0,2,0.11,1392,CONSTELLATION BRANDS INC   
60_IRRAGIN_2665,60,2665,Dewars White Label,750mL,2,39.98,19.99,2024-03-12,750.0,1,1.57,480,BACARDI USA INC            
6_GOULCREST_10452,6,10452,Line 39 Lk Cnty Petite Sirah,750mL,1,9.99,9.99,2024-11-26,750.0,2,0.11,7153,PINE STATE TRADING CO      
73_DONCASTER_2624,73,2624,Dewars 18 Yr Old Founders Rv,750mL,1,64.99,64.99,2024-09-08,750.0,1,0.79,480,BACARDI USA INC            
38_GOULCREST_5730,38,5730,Galliano L'Autentico Liqueur,50mL,5,9.95,1.99,2024-09-24,50.0,1,0.26,6213,MHW LTD                    
75_BARNCOMBE_13461,75,13461,R M Woodbridge Moscato,1.5L,3,26.97,8.99,2024-12-23,1500.0,2,0.68,1392,CONSTELLATION BRANDS INC   
74_PAENTMARWY_3709,74,3709,Aslanoff Vodka,1.75L,1,13.99,13.99,2024-11-07,1750.0,1,1.84,2496,DUGGANS DISTILLED PRODUCTS 
7_STANMORE_5223,7,5223,Paul Masson Red Berry Brandy,750mL,1,7.99,7.99,2024-02-15,750.0,1,0.79,1392,CONSTELLATION BRANDS INC   
76_DONCASTER_12155,76,12155,Root 1 Carmenere,750mL,2,21.98,10.99,2024-10-06,750.0,2,0.22,7153,PINE STATE TRADING CO      
1_HARDERSFIELD_175,1,175,1800 Anejo Tequila,750mL,1,41.99,41.99,2024-01-06,750.0,1,0.79,7245,PROXIMO SPIRITS INC.       
54_GUTHRAM_6570,54,6570,Kendall Jackson Chard Vt RSV,750mL,36,359.64,9.99,2024-12-17,750.0,2,4.05,10000,MAJESTIC FINE WINES        
44_PORTHCRAWL_2476,44,2476,Crown Royal Maple Whisky,750mL,1,25.99,25.99,2024-01-21,750.0,1,0.79,3960,DIAGEO NORTH AMERICA INC   
56_BEGGAR'S HOLE_2665,56,2665,Dewars White Label,750mL,2,39.98,19.99,2024-02-19,750.0,1,1.57,480,BACARDI USA INC            
52_GRAYCOTT_8470,52,8470,1800 Reposado Gold Tequila,50mL,6,16.74,2.79,2024-04-02,50.0,1,0.32,7245,PROXIMO SPIRITS INC.       
69_MOUNTMEND_16262,69,16262,The Dreaming Tree Crush Red,750mL,1,10.79,10.79,2024-05-09,750.0,2,0.11,1392,CONSTELLATION BRANDS INC   
25_CAERSHIRE_14415,25,14415,Peter Lehmann Layers Red,750mL,2,15.98,7.99,2024-02-18,750.0,2,0.22,4425,MARTIGNETTI COMPANIES
73_DONCASTER_43553,73,43553,La Puerta La Rioja Malbec,750mL,1,8.99,8.99,2024-04-20,750.0,2,0.11,10754,PERFECTA WINES             
1_HARDERSFIELD_7341,1,7341,Smirnoff Watermelon,50mL,4,3.96,0.99,2024-07-24,50.0,1,0.21,3960,DIAGEO NORTH AMERICA INC   
75_BARNCOMBE_1346,75,1346,Knob Creek Bourbon,750mL,1,30.99,30.99,2024-09-26,750.0,1,0.79,12546,JIM BEAM BRANDS COMPANY    
20_BREDWARDINE_1024,20,1024,Hennessey VS +VSOP 50mL,750mL,10,329.9,32.99,2024-02-12,750.0,1,7.87,8112,MOET HENNESSY USA INC      
28_LARNWICK_8103,28,8103,Sauza Gold Tequila,50mL,2,1.98,0.99,2024-07-03,50.0,1,0.1,12546,JIM BEAM BRANDS COMPANY    
73_DONCASTER_10451,73,10451,Line 39 Cab Svgn Lake Cnty,750mL,3,32.97,10.99,2024-03-06,750.0,2,0.34,7153,PINE STATE TRADING CO      
25_CAERSHIRE_6595,25,6595,Bogle Merlot,750mL,5,39.75,7.95,2024-11-18,750.0,2,0.56,4425,MARTIGNETTI COMPANIES
76_DONCASTER_11828,76,11828,Cupcake Svgn Bl,750mL,7,55.93,7.99,2024-03-23,750.0,2,0.79,9815,WINE GROUP INC             
1_HARDERSFIELD_3762,1,3762,Patron Silver Tequila,50mL,2,11.98,5.99,2024-04-08,50.0,1,0.1,9165,ULTRA BEVERAGE COMPANY LLP 
38_GOULCREST_41990,38,41990,Heitz Cab Svgn Napa,750mL,1,54.99,54.99,2024-08-10,750.0,2,0.11,4425,MARTIGNETTI COMPANIES
12_LEESIDE_39384,12,39384,F Coppola Diamond Pnt Nr,750mL,2,31.98,15.99,2024-05-08,750.0,2,0.22,2000,SOUTHERN WINE & SPIRITS NE 
30_CULCHETH_5297,30,5297,Southern Comfort,750mL,3,47.97,15.99,2024-05-13,750.0,1,2.36,1128,BROWN-FORMAN CORP          
50_MOUNTMEND_1060,50,1060,Jack Daniels Bruins Glass Pk,Liter,4,111.96,27.99,2024-10-29,1000.0,1,4.2,1128,BROWN-FORMAN CORP          
67_EANVERNESS_3315,67,3315,Smirnoff Sorbet Rasp/Pomegra,50mL,1,0.99,0.99,2024-02-01,50.0,1,0.05,3960,DIAGEO NORTH AMERICA INC   
49_GARIGILL_8737,49,8737,Freixenet Cordon Negro Brut,750mL,9,107.91,11.99,2024-10-26,750.0,2,1.01,4425,MARTIGNETTI COMPANIES
60_IRRAGIN_5731,60,5731,Malibu Passion Fruit Rum,750mL,1,12.99,12.99,2024-03-24,750.0,1,0.79,17035,PERNOD RICARD USA          
68_SOLARIS_4064,68,4064,Calico Jack Pin/Coc Rum,1.75L,2,25.98,12.99,2024-08-21,1750.0,1,3.67,12546,JIM BEAM BRANDS COMPANY    
34_PITMERDEN_4798,34,4798,Sambuca Romana Liqueur,50mL,12,23.88,1.99,2024-02-17,50.0,1,0.63,3960,DIAGEO NORTH AMERICA INC   
6_GOULCREST_1892,6,1892,Yukon Jack,50mL,17,16.83,0.99,2024-11-04,50.0,1,0.89,3960,DIAGEO NORTH AMERICA INC   
45_VERITAS_3754,45,3754,Smirnoff Blueberry Vodka,750mL,1,10.99,10.99,2024-05-06,750.0,1,0.79,3960,DIAGEO NORTH AMERICA INC   
9_BLACKPOOL_32908,9,32908,Sterling Vintners Cltn Merlo,750mL,1,9.99,9.99,2024-07-13,750.0,2,0.11,1590,DIAGEO CHATEAU ESTATE WINES
69_MOUNTMEND_20968,69,20968,Ninety+Cellars Lot 113 B Red,750mL,3,32.97,10.99,2024-05-07,750.0,2,0.34,4950,LATITUDE BEVERAGE COMPANY  
69_MOUNTMEND_41940,69,41940,Lange Willamette Pnt Nr,750mL,1,23.99,23.99,2024-12-24,750.0,2,0.11,9165,ULTRA BEVERAGE COMPANY LLP 
10_HORNSEY_33988,10,33988,Cavit Chardonnay Trentino,1.5L,1,9.99,9.99,2024-09-04,1500.0,2,0.22,6785,PALM BAY INTERNATIONAL INC 
69_MOUNTMEND_2212,69,2212,Canadian Rich & Rare,1.75L,3,32.97,10.99,2024-03-17,1750.0,1,5.51,8004,SAZERAC CO INC             
50_MOUNTMEND_3423,50,3423,Beefeater,1.75L,4,107.96,26.99,2024-04-06,1750.0,1,7.35,17035,PERNOD RICARD USA          
35_HALIVAARA_8910,35,8910,Finlandia Vodka,50mL,3,2.97,0.99,2024-05-06,50.0,1,0.16,1128,BROWN-FORMAN CORP          
1_HARDERSFIELD_5765,1,5765,Jose Cuervo Lime Margarita,1.75L,4,55.96,13.99,2024-08-21,1750.0,1,7.35,7245,PROXIMO SPIRITS INC.       
72_HARDERSFIELD_19934,72,19934,Perrin Cotes du Rhone RSV Rg,750mL,1,8.99,8.99,2024-08-14,750.0,2,0.11,1587,VINEYARD BRANDS INC        
14_BROMWICH_5353,14,5353,Grand Marnier,375mL,1,18.99,18.99,2024-12-07,375.0,1,0.39,8112,MOET HENNESSY USA INC      
38_GOULCREST_2967,38,2967,Glenfiddich Solera 15-Yr RS,750mL,4,223.96,55.99,2024-12-24,750.0,1,3.15,3664,WILLIAM GRANT & SONS INC   
48_NORFOLK_2145,48,2145,WolfHound Irish Whiskey,750mL,1,17.99,17.99,2024-02-13,750.0,1,0.79,7153,PINE STATE TRADING CO      
6_GOULCREST_7865,6,7865,Moet & Chandon Imperial,750mL,2,75.98,37.99,2024-09-16,750.0,2,0.22,8112,MOET HENNESSY USA INC      
71_CLARCTON_1386,71,1386,George Dickel No 8 Bourbon,750mL,1,20.99,20.99,2024-11-18,750.0,1,0.79,3960,DIAGEO NORTH AMERICA INC   
69_MOUNTMEND_25295,69,25295,Stark Conde Cab Svgn,750mL,2,19.98,9.99,2024-09-02,750.0,2,0.22,1587,VINEYARD BRANDS INC        
60_IRRAGIN_3731,60,3731,Absolut Apeach,750mL,1,16.99,16.99,2024-05-29,750.0,1,0.79,17035,PERNOD RICARD USA          
23_ARBINGTON_39412,23,39412,Mirassou Merlot Cal,750mL,2,19.98,9.99,2024-05-14,750.0,2,0.22,3252,E & J GALLO WINERY         
23_ARBINGTON_5708,23,5708,Dr McGillicuddy's Root Beer,50mL,3,2.97,0.99,2024-04-11,50.0,1,0.16,8004,SAZERAC CO INC             
41_LARNWICK_2258,41,2258,Dewars Special Reserve 12 Yr,375mL,3,38.97,12.99,2024-07-02,375.0,1,1.18,480,BACARDI USA INC            
13_TARMSWORTH_17176,13,17176,Beringer Classic Chard,1.5L,4,39.96,9.99,2024-02-09,1500.0,2,0.9,9819,TREASURY WINE ESTATES      
55_DRY GULCH_24875,55,24875,Glen Ellen Merlot RSV,1.5L,2,13.98,6.99,2024-10-12,1500.0,2,0.45,9815,WINE GROUP INC             
4_EANVERNESS_4261,4,4261,Capt Morgan Spiced Rum,1.75L,9,197.91,21.99,2024-01-30,1750.0,1,16.54,3960,DIAGEO NORTH AMERICA INC   
48_NORFOLK_45822,48,45822,Masciarelli Montepulciano,750mL,2,15.98,7.99,2024-03-05,750.0,2,0.22,10754,PERFECTA WINES             
73_DONCASTER_3142,73,3142,Smirnoff Sourced Cran/Apple,50mL,2,1.98,0.99,2024-08-04,50.0,1,0.1,3960,DIAGEO NORTH AMERICA INC   
60_IRRAGIN_33278,60,33278,Villa Cornaro Pnt Grigio LTD,750mL,1,8.99,8.99,2024-04-08,750.0,2,0.11,4425,MARTIGNETTI COMPANIES
53_HILLFAR_6570,53,6570,Kendall Jackson Chard Vt RSV,750mL,1,10.99,10.99,2024-06-16,750.0,2,0.11,10000,MAJESTIC FINE WINES        
42_BLACK HOLLOW_25138,42,25138,Terlatto & Chapoutier Shiraz,750mL,1,19.99,19.99,2024-07-07,750.0,2,0.11,4425,MARTIGNETTI COMPANIES
75_BARNCOMBE_2183,75,2183,McClelland Highland Single,750mL,1,19.99,19.99,2024-09-02,750.0,1,0.79,12546,JIM BEAM BRANDS COMPANY    
68_SOLARIS_25201,68,25201,Ch Croix de Jaugue St Emilio,750mL,1,18.99,18.99,2024-05-14,750.0,2,0.11,10754,PERFECTA WINES             
71_CLARCTON_3997,71,3997,Hornitos Plata Tequila,750mL,2,41.98,20.99,2024-12-01,750.0,1,1.57,12546,JIM BEAM BRANDS COMPANY    
17_OLDHAM_4243,17,4243,Bacardi Superior Rum,1.75L,2,39.98,19.99,2024-09-03,1750.0,1,3.67,480,BACARDI USA INC            
50_MOUNTMEND_33683,50,33683,R Mondavi Privt Slct Chard,1.5L,1,20.99,20.99,2024-12-27,1500.0,2,0.22,1392,CONSTELLATION BRANDS INC   
73_DONCASTER_6596,73,6596,Kenwood Svgn Bl Sonoma,750mL,3,32.97,10.99,2024-12-23,750.0,2,0.34,17035,PERNOD RICARD USA          
77_TAMWORTH_3522,77,3522,Platinum 7X Distilled Vodka,1.75L,1,11.99,11.99,2024-05-04,1750.0,1,1.84,8004,SAZERAC CO INC             
47_PELLA'S WISH_6231,47,6231,Mumm Brut Prestige,750mL,1,20.99,20.99,2024-06-25,750.0,2,0.11,17035,PERNOD RICARD USA          
29_AYLESBURY_5680,29,5680,Barenjager Honey Liqueur,50mL,3,5.97,1.99,2024-01-22,50.0,1,0.16,6355,NICHE W & S                
23_ARBINGTON_3396,23,3396,Smirnoff Vanilla Vodka,1.75L,1,19.99,19.99,2024-07-02,1750.0,1,1.84,3960,DIAGEO NORTH AMERICA INC   
8_ALNERWICK_5447,8,5447,Jagermeister Liqueur,375mL,1,9.99,9.99,2024-03-16,375.0,1,0.39,3089,SIDNEY FRANK IMPORTING CO  
19_WINTERVALE_8205,19,8205,Frangelico Hazelnut Liqueur,50mL,1,2.99,2.99,2024-10-15,50.0,1,0.05,11567,CAMPARI AMERICA            
54_GUTHRAM_40096,54,40096,Black Box Cab Svgn,3L,3,56.97,18.99,2024-04-28,3000.0,2,1.35,1392,CONSTELLATION BRANDS INC   
78_EASTHAVEN_4152,78,4152,Jenkins Rum,750mL,2,10.98,5.49,2024-06-28,750.0,1,1.57,9552,M S WALKER INC             
69_MOUNTMEND_22923,69,22923,Patricius Tokaj Harslevelu,750mL,1,6.99,6.99,2024-10-20,750.0,2,0.11,9165,ULTRA BEVERAGE COMPANY LLP 
13_TARMSWORTH_6281,13,6281,Franzia Sunset Blush Tap,5L,1,12.99,12.99,2024-09-10,5000.0,2,0.75,9815,WINE GROUP INC             
61_AETHELNEY_27644,61,27644,Cline Znfdl Cal,750mL,1,9.99,9.99,2024-05-16,750.0,2,0.11,4425,MARTIGNETTI COMPANIES
4_EANVERNESS_40332,4,40332,Terrazas RSV Malbec Mendoza,750mL,1,15.49,15.49,2024-11-20,750.0,2,0.11,8112,MOET HENNESSY USA INC      
13_TARMSWORTH_31458,13,31458,Foxhorn Wh Znfdl Cal,1.5L,1,7.99,7.99,2024-02-26,1500.0,2,0.22,9815,WINE GROUP INC             
38_GOULCREST_24697,38,24697,Schmitt Sohne Relax Pink Ros,750mL,1,10.99,10.99,2024-07-24,750.0,2,0.11,9552,M S WALKER INC             
10_HORNSEY_5872,10,5872,Godiva Chocolate Liqueur,50mL,1,2.99,2.99,2024-07-01,50.0,1,0.05,3960,DIAGEO NORTH AMERICA INC   
39_EASTHALLOW_1373,39,1373,Jim Beam Honey,750mL,1,14.99,14.99,2024-10-24,750.0,1,0.79,12546,JIM BEAM BRANDS COMPANY    
10_HORNSEY_3788,10,3788,Patron Silver Tequila,375mL,2,55.98,27.99,2024-07-16,375.0,1,0.79,9165,ULTRA BEVERAGE COMPANY LLP 
77_TAMWORTH_4278,77,4278,Capt Morgan Parrot Bay Cocnt,750mL,2,23.98,11.99,2024-04-07,750.0,1,1.57,3960,DIAGEO NORTH AMERICA INC   
67_EANVERNESS_38635,67,38635,Cesari Mara Vino di Ripasso,750mL,2,35.98,17.99,2024-10-10,750.0,2,0.22,9165,ULTRA BEVERAGE COMPANY LLP 
7_STANMORE_3591,7,3591,Absolut Vanilia,750mL,1,16.99,16.99,2024-08-08,750.0,1,0.79,17035,PERNOD RICARD USA          
10_HORNSEY_1424,10,1424,Bulleit Bourbon,375mL,1,15.99,15.99,2024-05-18,375.0,1,0.39,3960,DIAGEO NORTH AMERICA INC   
70_KELD_807,70,807,Jim Beam,Liter,2,35.98,17.99,2024-06-04,1000.0,1,2.1,12546,JIM BEAM BRANDS COMPANY    
76_DONCASTER_1112,76,1112,Ardbeg Exploration Pk +50mls,750mL,1,43.99,43.99,2024-11-17,750.0,1,0.79,8112,MOET HENNESSY USA INC      
66_EANVERNESS_8517,66,8517,Baileys Salted Caramel,750mL,1,18.99,18.99,2024-05-20,750.0,1,0.79,3960,DIAGEO NORTH AMERICA INC   
76_DONCASTER_42350,76,42350,Black Box Shiraz Cntrl Coast,3L,1,18.99,18.99,2024-04-23,3000.0,2,0.45,1392,CONSTELLATION BRANDS INC   
7_STANMORE_1180,7,1180,Evan Williams Black Label B,1.75L,2,41.98,20.99,2024-11-21,1750.0,1,3.67,3924,HEAVEN HILL DISTILLERIES   
13_TARMSWORTH_1345,13,1345,Basil Hayden Bourbon,750mL,1,38.99,38.99,2024-01-15,750.0,1,0.79,12546,JIM BEAM BRANDS COMPANY    
57_LANTEGLOS_8066,57,8066,DeKuyper Triple Sec,1.75L,1,9.99,9.99,2024-08-08,1750.0,1,1.84,12546,JIM BEAM BRANDS COMPANY    
34_PITMERDEN_25754,34,25754,Barefoot Refresh Summer Whit,250mL 4 Pk,1,7.99,7.99,2024-07-27,250.0,2,0.04,3252,E & J GALLO WINERY         
59_CLAETHORPES_2591,59,2591,Cardhu Scotch,750mL,2,79.98,39.99,2024-09-17,750.0,1,1.57,3960,DIAGEO NORTH AMERICA INC   
56_BEGGAR'S HOLE_2121,56,2121,Canadian Club Traveler,750mL,2,21.98,10.99,2024-05-25,750.0,1,1.57,12546,JIM BEAM BRANDS COMPANY    
73_DONCASTER_15295,73,15295,Flip Flop Pnt Grigio,750mL,3,17.97,5.99,2024-10-20,750.0,2,0.34,9815,WINE GROUP INC             
38_GOULCREST_17876,38,17876,Darkhorse Cab Svgn,750mL,2,15.98,7.99,2024-05-22,750.0,2,0.22,3252,E & J GALLO WINERY         
33_HORNSEY_3679,33,3679,Chopin Vodka,750mL,1,21.99,21.99,2024-05-27,750.0,1,0.79,6213,MHW LTD                    
78_EASTHAVEN_4294,78,4294,Goslings Black Seal 151,750mL,3,47.97,15.99,2024-11-23,750.0,1,2.36,1485,CASTLE BRANDS CORP.        
54_GUTHRAM_11827,54,11827,Cupcake Merlot,750mL,2,13.98,6.99,2024-06-13,750.0,2,0.22,9815,WINE GROUP INC             
15_WANBORNE_1962,15,1962,Jim Beam Apple,750mL,1,14.49,14.49,2024-04-14,750.0,1,0.79,12546,JIM BEAM BRANDS COMPANY    
50_MOUNTMEND_20969,50,20969,Ninety Cellars Lot 105 Chard,750mL,2,25.98,12.99,2024-10-21,750.0,2,0.22,4950,LATITUDE BEVERAGE COMPANY  
56_BEGGAR'S HOLE_33582,56,33582,Villa Cornaro Prosecco Del,750mL,1,11.75,11.75,2024-09-26,750.0,2,0.11,4425,MARTIGNETTI COMPANIES
66_EANVERNESS_13662,66,13662,Duckhorn Decoy Svgn Bl,750mL,2,39.98,19.99,2024-01-23,750.0,2,0.22,4425,MARTIGNETTI COMPANIES
76_DONCASTER_26392,76,26392,Pepperwood Grove Pnt Nr,750mL,2,13.98,6.99,2024-06-25,750.0,2,0.22,9552,M S WALKER INC             
38_GOULCREST_14475,38,14475,Belcreme de Lys Chard,750mL,1,9.99,9.99,2024-11-11,750.0,2,0.11,1590,DIAGEO CHATEAU ESTATE WINES
6_GOULCREST_2547,6,2547,WhistlePig 10Yr Straight Rye,50mL,3,20.97,6.99,2024-07-21,50.0,1,0.16,10754,PERFECTA WINES             
23_ARBINGTON_8107,23,8107,Wild Turkey 101,1.75L,1,34.99,34.99,2024-11-12,1750.0,1,1.84,11567,CAMPARI AMERICA            
74_PAENTMARWY_21700,74,21700,Ram Island Lavender Lemonade,500mL,6,41.94,6.99,2024-05-28,500.0,2,0.45,9165,ULTRA BEVERAGE COMPANY LLP 
60_IRRAGIN_3999,60,3999,Hornitos Anejo Tequila,750mL,1,21.99,21.99,2024-05-19,750.0,1,0.79,12546,JIM BEAM BRANDS COMPANY    
24_PALPERROTH_8064,24,8064,Canadian Club,50mL,4,3.96,0.99,2024-08-08,50.0,1,0.21,12546,JIM BEAM BRANDS COMPANY    
68_SOLARIS_24310,68,24310,Hi! Prosecco,750mL,4,31.96,7.99,2024-11-08,750.0,2,0.45,10754,PERFECTA WINES             
64_CESTERFIELD_3913,64,3913,Svedka Vodka,1.75L,1,18.99,18.99,2024-04-03,1750.0,1,1.84,1392,CONSTELLATION BRANDS INC   
30_CULCHETH_10472,30,10472,Clos du Bois Pnt Nr Cal,750mL,1,8.99,8.99,2024-03-17,750.0,2,0.11,1392,CONSTELLATION BRANDS INC   
39_EASTHALLOW_4264,39,4264,Capt Morgan Spiced Rum Trav,750mL,2,33.98,16.99,2024-11-26,750.0,1,1.57,3960,DIAGEO NORTH AMERICA INC   
66_EANVERNESS_5105,66,5105,Dr McGillicuddy's Mentholmnt,1.75L,1,25.99,25.99,2024-08-10,1750.0,1,1.84,8004,SAZERAC CO INC             
23_ARBINGTON_3310,23,3310,Pinnacle Vodka,375mL,1,5.99,5.99,2024-11-04,375.0,1,0.39,12546,JIM BEAM BRANDS COMPANY    
53_HILLFAR_28984,53,28984,Kendall Jackson Grand RSV Me,750mL,1,18.99,18.99,2024-02-19,750.0,2,0.11,10000,MAJESTIC FINE WINES        
68_SOLARIS_23877,68,23877,Love Lane Carmenere,750mL,1,10.99,10.99,2024-10-22,750.0,2,0.11,9165,ULTRA BEVERAGE COMPANY LLP 
73_DONCASTER_482,73,482,Absolut 80 Proof,Liter,1,19.99,19.99,2024-05-17,1000.0,1,1.05,17035,PERNOD RICARD USA          
25_CAERSHIRE_10239,25,10239,Cannonball Cab Svgn Cal,750mL,1,16.99,16.99,2024-05-27,750.0,2,0.11,4425,MARTIGNETTI COMPANIES
38_GOULCREST_4898,38,4898,Mount Gay Extra Old Rum,750mL,1,39.99,39.99,2024-06-17,750.0,1,0.79,7239,REMY COINTREAU USA INC     
55_DRY GULCH_26383,55,26383,Buehler Chard RRV,750mL,2,23.98,11.99,2024-09-26,750.0,2,0.22,4425,MARTIGNETTI COMPANIES
44_PORTHCRAWL_31465,44,31465,Franzia Tap Chard,5L,1,15.99,15.99,2024-09-11,5000.0,2,0.75,9815,WINE GROUP INC             
69_MOUNTMEND_4258,69,4258,Bacardi Mango Fusion,750mL,1,11.99,11.99,2024-09-03,750.0,1,0.79,480,BACARDI USA INC            
56_BEGGAR'S HOLE_5780,56,5780,Malibu Black,750mL,1,14.99,14.99,2024-11-09,750.0,1,0.79,17035,PERNOD RICARD USA          
61_AETHELNEY_350,61,350,Courvoisier VS Gift Pak,750mL,1,22.99,22.99,2024-11-07,750.0,1,0.79,12546,JIM BEAM BRANDS COMPANY    
10_HORNSEY_857,10,857,Kahlua,Liter,6,143.94,23.99,2024-01-21,1000.0,1,6.3,17035,PERNOD RICARD USA          
68_SOLARIS_5356,68,5356,Kahlua,375mL,1,9.99,9.99,2024-11-30,375.0,1,0.39,17035,PERNOD RICARD USA          
59_CLAETHORPES_24098,59,24098,Gallo Copperidge Wh Znfdl,1.5L,2,13.98,6.99,2024-06-14,1500.0,2,0.45,3252,E & J GALLO WINERY         
19_WINTERVALE_5138,19,5138,Fireball Cinnamon Whisky,750mL,6,83.94,13.99,2024-07-02,750.0,1,4.72,8004,SAZERAC CO INC             
64_CESTERFIELD_2062,64,2062,Woodford Reserve Bourbon,1.75L,1,60.99,60.99,2024-08-26,1750.0,1,1.84,1128,BROWN-FORMAN CORP          
74_PAENTMARWY_5502,74,5502,RumChata Liqueur,50mL,4,3.96,0.99,2024-03-20,50.0,1,0.21,6213,MHW LTD                    
9_BLACKPOOL_8018,9,8018,La Vieille Ferme Red Ventoux,750mL,5,34.95,6.99,2024-10-28,750.0,2,0.56,1587,VINEYARD BRANDS INC        
76_DONCASTER_42642,76,42642,The Monterey Vyds Pnt Nr,750mL,1,12.99,12.99,2024-02-22,750.0,2,0.11,1590,DIAGEO CHATEAU ESTATE WINES
33_HORNSEY_8576,33,8576,E & J Brandy VS,375mL,1,4.99,4.99,2024-10-19,375.0,1,0.39,3252,E & J GALLO WINERY         
60_IRRAGIN_4018,60,4018,Papa's Pilar Dark Rum,750mL,1,36.99,36.99,2024-09-16,750.0,1,0.79,9165,ULTRA BEVERAGE COMPANY LLP 
16_LUNDY_3253,16,3253,Gilbeys London Dry,1.75L,2,24.98,12.49,2024-07-28,1750.0,1,3.67,12546,JIM BEAM BRANDS COMPANY    
10_HORNSEY_2751,10,2751,Johnnie Walker Black Label,375mL,2,39.98,19.99,2024-01-16,375.0,1,0.79,3960,DIAGEO NORTH AMERICA INC   
60_IRRAGIN_5353,60,5353,Grand Marnier,375mL,1,18.99,18.99,2024-11-07,375.0,1,0.39,8112,MOET HENNESSY USA INC      
34_PITMERDEN_5096,34,5096,DeKuyper Peachtree Schnapps,750mL,1,10.99,10.99,2024-06-14,750.0,1,0.79,12546,JIM BEAM BRANDS COMPANY    
4_EANVERNESS_34905,4,34905,Smoking Loon Merlot,750mL,1,6.79,6.79,2024-12-29,750.0,2,0.11,9552,M S WALKER INC             
56_BEGGAR'S HOLE_5877,56,5877,Ryans Irish Cream,50mL,4,3.96,0.99,2024-05-07,50.0,1,0.21,8004,SAZERAC CO INC             
67_EANVERNESS_20167,67,20167,Plungerhead Lodi Cab Svgn,750mL,1,13.99,13.99,2024-05-13,750.0,2,0.11,653,STATE WINE & SPIRITS   
67_EANVERNESS_4187,67,4187,Kraken Black Spiced Rum,750mL,3,53.97,17.99,2024-06-12,750.0,1,2.36,7245,PROXIMO SPIRITS INC.       
66_EANVERNESS_8623,66,8623,Casamigos Anejo Tequila,50mL,1,2.99,2.99,2024-04-15,50.0,1,0.05,6213,MHW LTD                    
56_BEGGAR'S HOLE_4265,56,4265,Capt Morgan Spiced Rum,375mL,1,10.99,10.99,2024-03-29,375.0,1,0.39,3960,DIAGEO NORTH AMERICA INC   
14_BROMWICH_4262,14,4262,Capt Morgan Spiced Rum,750mL,1,16.99,16.99,2024-04-21,750.0,1,0.79,3960,DIAGEO NORTH AMERICA INC   
8_ALNERWICK_3652,8,3652,Ciroc Pineapple Vodka,1.75L,1,48.99,48.99,2024-03-24,1750.0,1,1.84,3960,DIAGEO NORTH AMERICA INC   
71_CLARCTON_3970,71,3970,El Toro Gold,750mL,1,9.29,9.29,2024-08-05,750.0,1,0.79,660,SAZERAC NORTH AMERICA INC. 
66_EANVERNESS_3636,66,3636,Dr McGillicuddy's Mentholmnt,375mL,7,52.43,7.49,2024-02-13,375.0,1,2.76,8004,SAZERAC CO INC             
7_STANMORE_8112,7,8112,Stolichnaya,1.75L,2,49.98,24.99,2024-04-05,1750.0,1,3.67,8664,"STOLI GROUP,(USA) LLC      "
69_MOUNTMEND_3345,69,3345,Bombay Sapphire Gin,50mL,3,5.97,1.99,2024-08-25,50.0,1,0.16,480,BACARDI USA INC            
1_HARDERSFIELD_4261,1,4261,Capt Morgan Spiced Rum,1.75L,6,125.94,20.99,2024-12-04,1750.0,1,11.02,3960,DIAGEO NORTH AMERICA INC   
1_HARDERSFIELD_4227,1,4227,Bacardi Superior Rum Trav,1.75L,10,179.9,17.99,2024-01-17,1750.0,1,18.38,480,BACARDI USA INC            
66_EANVERNESS_4313,66,4313,Sauza Blue Silver Tequila,1.75L,3,80.97,26.99,2024-09-30,1750.0,1,5.51,12546,JIM BEAM BRANDS COMPANY    
64_CESTERFIELD_16794,64,16794,Freakshow Cab Svgn,750mL,1,18.99,18.99,2024-01-16,750.0,2,0.11,4425,MARTIGNETTI COMPANIES
33_HORNSEY_44838,33,44838,Flora Springs Cab Svgn Napa,750mL,1,37.99,37.99,2024-02-13,750.0,2,0.11,4425,MARTIGNETTI COMPANIES
33_HORNSEY_12663,33,12663,Zin 91 Old Vine Znfdl CA,750mL,1,7.99,7.99,2024-03-26,750.0,2,0.11,9165,ULTRA BEVERAGE COMPANY LLP 
1_HARDERSFIELD_37984,1,37984,Barone Fini Pnt Gr Valdadige,750mL,1,9.99,9.99,2024-10-11,750.0,2,0.11,4425,MARTIGNETTI COMPANIES
59_CLAETHORPES_27596,59,27596,MezzaCorona Pnt Grigio,750mL,1,7.99,7.99,2024-02-06,750.0,2,0.11,9165,ULTRA BEVERAGE COMPANY LLP 
27_MOUNTMEND_5929,27,5929,RumChata Liqueur,1.75L,1,44.99,44.99,2024-01-22,1750.0,1,1.84,6213,MHW LTD                    
34_PITMERDEN_12697,34,12697,Tapiz Malbec Mendoza,750mL,2,23.98,11.99,2024-10-02,750.0,2,0.22,653,STATE WINE & SPIRITS   
62_KILMARNOCK_2661,62,2661,Laphroaig Cask Strength 10Yr,750mL,1,70.99,70.99,2024-12-18,750.0,1,0.79,12546,JIM BEAM BRANDS COMPANY    
10_HORNSEY_2547,10,2547,WhistlePig 10Yr Straight Rye,50mL,1,6.99,6.99,2024-07-13,50.0,1,0.05,10754,PERFECTA WINES             
50_MOUNTMEND_5440,50,5440,Jagermeister Liqueur,1.75L,2,65.98,32.99,2024-10-24,1750.0,1,3.67,3089,SIDNEY FRANK IMPORTING CO  
60_IRRAGIN_408,60,408,Wild Turkey American Honey,750mL,1,19.99,19.99,2024-07-21,750.0,1,0.79,11567,CAMPARI AMERICA            
58_HARTLEPOOL_6590,58,6590,Almaden B/B Wh Znfdl Cal,5L,1,14.99,14.99,2024-02-09,5000.0,2,0.75,9815,WINE GROUP INC             
11_CARDEND_4437,11,4437,Mount Gay Eclipse,1.75L,2,79.98,39.99,2024-09-18,1750.0,1,3.67,7239,REMY COINTREAU USA INC     
9_BLACKPOOL_28579,9,28579,R M Woodbridge Merlot Cal,750mL,2,9.9,4.95,2024-09-26,750.0,2,0.22,1392,CONSTELLATION BRANDS INC   
44_PORTHCRAWL_5333,44,5333,Jenkins Amaretto,1.75L,1,12.99,12.99,2024-07-25,1750.0,1,1.84,9552,M S WALKER INC             
55_DRY GULCH_32906,55,32906,Sterling Vintners Cab Svgn C,750mL,4,47.96,11.99,2024-01-06,750.0,2,0.45,1590,DIAGEO CHATEAU ESTATE WINES
2_ASHBORNE_44038,2,44038,Barefoot Pnt Grigio Cal,1.5L,1,11.99,11.99,2024-09-12,1500.0,2,0.22,3252,E & J GALLO WINERY         
73_DONCASTER_46380,73,46380,Ghost Pines Chard L Martini,750mL,1,16.99,16.99,2024-05-12,750.0,2,0.11,3252,E & J GALLO WINERY         
60_IRRAGIN_35664,60,35664,Redwood Creek Cab Svgn Cal,1.5L,1,9.99,9.99,2024-05-14,1500.0,2,0.22,3252,E & J GALLO WINERY         
74_PAENTMARWY_8691,74,8691,Jose Cuervo Especial,750mL,1,16.99,16.99,2024-04-10,750.0,1,0.79,7245,PROXIMO SPIRITS INC.       
73_DONCASTER_4221,73,4221,Bacardi Gold Rum Traveler,1.75L,7,125.93,17.99,2024-08-19,1750.0,1,12.86,480,BACARDI USA INC            
23_ARBINGTON_35913,23,35913,Stone Cellars Cab Svgn,1.5L,2,17.98,8.99,2024-11-10,1500.0,2,0.45,9819,TREASURY WINE ESTATES      
75_BARNCOMBE_5491,75,5491,Rumpleminze,50mL,5,9.95,1.99,2024-07-03,50.0,1,0.26,3960,DIAGEO NORTH AMERICA INC   
54_GUTHRAM_1195,54,1195,Baileys Pumpkin Spice,50mL,4,3.96,0.99,2024-10-26,50.0,1,0.21,3960,DIAGEO NORTH AMERICA INC   
72_HARDERSFIELD_1962,72,1962,Jim Beam Apple,750mL,4,59.96,14.99,2024-10-29,750.0,1,3.15,12546,JIM BEAM BRANDS COMPANY    
58_HARTLEPOOL_3896,58,3896,Zhenka Vodka,375mL,1,3.29,3.29,2024-07-24,375.0,1,0.39,9552,M S WALKER INC             
1_HARDERSFIELD_4229,1,4229,Bacardi Black,1.75L,1,23.99,23.99,2024-03-25,1750.0,1,1.84,480,BACARDI USA INC            
20_BREDWARDINE_8693,20,8693,Ezra Brooks,750mL,1,10.99,10.99,2024-10-07,750.0,1,0.79,8352,LUXCO INC                  
1_HARDERSFIELD_42789,1,42789,Greg Norman Pnt Nr Cal Est,750mL,1,17.99,17.99,2024-09-16,750.0,2,0.11,9819,TREASURY WINE ESTATES      
6_GOULCREST_8361,6,8361,Carlo Rossi Chablis Calif,4L,2,29.98,14.99,2024-07-05,4000.0,2,1.2,3252,E & J GALLO WINERY         
38_GOULCREST_46023,38,46023,Spellbound Petite Sirah Cal,750mL,1,12.99,12.99,2024-08-22,750.0,2,0.11,9165,ULTRA BEVERAGE COMPANY LLP 
48_NORFOLK_3372,48,3372,Smirnoff Sourced Pineapple,750mL,1,10.99,10.99,2024-08-07,750.0,1,0.79,3960,DIAGEO NORTH AMERICA INC   
51_ABERDEEN_16843,51,16843,Barefoot Cellars Red Moscato,750mL,2,9.98,4.99,2024-12-10,750.0,2,0.22,3252,E & J GALLO WINERY         
4_EANVERNESS_12666,4,12666,Carpineto Dogajolo Tuscan Wh,750mL,1,11.99,11.99,2024-02-08,750.0,2,0.11,9165,ULTRA BEVERAGE COMPANY LLP 
7_STANMORE_8700,7,8700,Beringer Knights Vly Cab Svg,750mL,1,34.99,34.99,2024-03-25,750.0,2,0.11,9819,TREASURY WINE ESTATES      
30_CULCHETH_6174,30,6174,Columbia Crest Grand Merlot,750mL,4,39.96,9.99,2024-07-01,750.0,2,0.45,8673,STE MICHELLE WINE ESTATES  
69_MOUNTMEND_25141,69,25141,The Federalist 1776 Zinfande,750mL,1,15.99,15.99,2024-08-30,750.0,2,0.11,4425,MARTIGNETTI COMPANIES
66_EANVERNESS_32294,66,32294,Dom Chandon Brut,187mL,2,8.98,4.49,2024-04-29,187.0,2,0.06,8112,MOET HENNESSY USA INC      
79_BALLYMENA_24779,79,24779,Straccali Chianti,1.5L,2,19.98,9.99,2024-10-20,1500.0,2,0.45,6785,PALM BAY INTERNATIONAL INC 
60_IRRAGIN_6862,60,6862,Vecchia Romagna Nera Brandy,750mL,1,27.99,27.99,2024-02-27,750.0,1,0.79,9552,M S WALKER INC             
50_MOUNTMEND_6431,50,6431,Boones Sangria,750mL,1,2.99,2.99,2024-11-16,750.0,2,0.11,3252,E & J GALLO WINERY         
49_GARIGILL_16175,49,16175,The Naked Grape Moscato,750mL,1,6.99,6.99,2024-05-12,750.0,2,0.11,3252,E & J GALLO WINERY         
51_ABERDEEN_3348,51,3348,Bombay Sapphire Gin,1.75L,2,59.98,29.99,2024-12-03,1750.0,1,3.67,480,BACARDI USA INC            
49_GARIGILL_8064,49,8064,Canadian Club,50mL,13,12.87,0.99,2024-02-04,50.0,1,0.68,12546,JIM BEAM BRANDS COMPANY    
15_WANBORNE_46764,15,46764,Clayhouse Adobe Red Paso Rbl,750mL,1,12.99,12.99,2024-11-16,750.0,2,0.11,4425,MARTIGNETTI COMPANIES
13_TARMSWORTH_42462,13,42462,Gnarly Head Old Vine Znfdl,750mL,2,19.98,9.99,2024-12-08,750.0,2,0.22,2242,DELICATO VINEYARDS INC     
73_DONCASTER_4563,73,4563,Christian Bros Brandy,1.75L,1,16.99,16.99,2024-11-09,1750.0,1,1.84,3924,HEAVEN HILL DISTILLERIES   
68_SOLARIS_34825,68,34825,J Vineyards Pnt Gris,750mL,1,12.99,12.99,2024-08-29,750.0,2,0.11,3252,E & J GALLO WINERY         
60_IRRAGIN_10058,60,10058,F Coppola Dmd Ivry Cab Svgn,750mL,1,12.95,12.95,2024-11-26,750.0,2,0.11,2000,SOUTHERN WINE & SPIRITS NE 
38_GOULCREST_2114,38,2114,Black Velvet Canadian Whisky,1.75L,8,127.92,15.99,2024-02-11,1750.0,1,14.7,1392,CONSTELLATION BRANDS INC   
34_PITMERDEN_4732,34,4732,Remy Martin VSOP Cognac,1.75L,2,169.98,84.99,2024-11-19,1750.0,1,3.67,7239,REMY COINTREAU USA INC     
38_GOULCREST_2973,38,2973,Eagle Rare Single Barrel Bo,750mL,1,27.99,27.99,2024-06-24,750.0,1,0.79,8004,SAZERAC CO INC             
54_GUTHRAM_28548,54,28548,St Francis Old Vines Znfdl,750mL,1,16.99,16.99,2024-05-22,750.0,2,0.11,4692,KOBRAND CORPORATION        
73_DONCASTER_4390,73,4390,Ron Zacapa 23 Yr Old Rum,750mL,1,45.99,45.99,2024-01-13,750.0,1,0.79,3960,DIAGEO NORTH AMERICA INC   
12_LEESIDE_6234,12,6234,C Y Toro Front Cab/Merlot,1.5L,1,8.99,8.99,2024-05-07,1500.0,2,0.22,516,BANFI PRODUCTS CORP        
76_DONCASTER_3727,76,3727,Absolut Citron,50mL,3,5.97,1.99,2024-05-28,50.0,1,0.16,17035,PERNOD RICARD USA          
74_PAENTMARWY_26250,74,26250,Roederer Est Brut,750mL,1,21.99,21.99,2024-09-07,750.0,2,0.11,2000,SOUTHERN WINE & SPIRITS NE 
9_BLACKPOOL_5891,9,5891,Ryans Irish Cream,1.75L,3,47.97,15.99,2024-05-23,1750.0,1,5.51,8004,SAZERAC CO INC             
63_SWORDBREAK_1135,63,1135,Rebel Reserve Bourbon,750mL,1,19.99,19.99,2024-05-11,750.0,1,0.79,8352,LUXCO INC                  
45_VERITAS_6288,45,6288,Almaden Chablis B/B,5L,2,29.98,14.99,2024-12-30,5000.0,2,1.5,9815,WINE GROUP INC             
53_HILLFAR_115,53,115,Belvedere Vodka,Liter,1,27.99,27.99,2024-01-23,1000.0,1,1.05,8112,MOET HENNESSY USA INC      
30_CULCHETH_4404,30,4404,Bacardi Gold Rum,375mL,1,7.99,7.99,2024-06-10,375.0,1,0.39,480,BACARDI USA INC            
24_PALPERROTH_38549,24,38549,Stemmari Nero D'Avola,750mL,1,6.99,6.99,2024-05-20,750.0,2,0.11,9165,ULTRA BEVERAGE COMPANY LLP 
59_CLAETHORPES_5828,59,5828,Ryans Irish Cream,750mL,1,8.99,8.99,2024-01-02,750.0,1,0.79,8004,SAZERAC CO INC             
38_GOULCREST_22326,38,22326,Saved Red,750mL,1,19.99,19.99,2024-10-23,750.0,2,0.11,1392,CONSTELLATION BRANDS INC   
25_CAERSHIRE_14895,25,14895,Vendange Pnt Grigio,1.5L,1,7.99,7.99,2024-11-11,1500.0,2,0.22,1392,CONSTELLATION BRANDS INC   
73_DONCASTER_10666,73,10666,Clayhouse Adobe Cntrl Cst Wh,750mL,1,12.99,12.99,2024-04-07,750.0,2,0.11,4425,MARTIGNETTI COMPANIES
68_SOLARIS_8496,68,8496,Jadot Chardonnay,750mL,1,14.99,14.99,2024-10-12,750.0,1,0.79,4692,KOBRAND CORPORATION        
21_BALERNO_13665,21,13665,Josh Cellars Chard,750mL,4,51.96,12.99,2024-04-03,750.0,2,0.45,4425,MARTIGNETTI COMPANIES
33_HORNSEY_6938,33,6938,Vendange Chard,1.5L,2,19.98,9.99,2024-01-17,1500.0,2,0.45,1392,CONSTELLATION BRANDS INC   
34_PITMERDEN_18641,34,18641,Yellow Tail Big Bold Red,1.5L,9,80.55,8.95,2024-06-30,1500.0,2,2.02,4425,MARTIGNETTI COMPANIES
66_EANVERNESS_3062,66,3062,Russian Standard Platinum,750mL,1,24.99,24.99,2024-10-07,750.0,1,0.79,10050,Russian Standard Vodka     
8_ALNERWICK_5138,8,5138,Fireball Cinnamon Whisky,750mL,2,27.98,13.99,2024-11-10,750.0,1,1.57,8004,SAZERAC CO INC             
9_BLACKPOOL_3683,9,3683,Stolichnaya Ohranj,750mL,1,19.99,19.99,2024-02-24,750.0,1,0.79,8664,"STOLI GROUP,(USA) LLC      "
21_BALERNO_24787,21,24787,Rodney Strong Chard Sonoma C,750mL,1,19.99,19.99,2024-09-11,750.0,2,0.11,4425,MARTIGNETTI COMPANIES
31_HORNSEY_2585,31,2585,Jameson Irish Whiskey,750mL,2,51.98,25.99,2024-12-07,750.0,1,1.57,17035,PERNOD RICARD USA          
10_HORNSEY_4278,10,4278,Capt Morgan Parrot Bay Cocnt,750mL,1,11.99,11.99,2024-11-29,750.0,1,0.79,3960,DIAGEO NORTH AMERICA INC   
76_DONCASTER_253,76,253,Poland Spring Vodka,Liter,1,5.79,5.79,2024-06-12,1000.0,1,1.05,9552,M S WALKER INC             
51_ABERDEEN_5399,51,5399,Goldschlager Cinnamon Schna,50mL,2,3.98,1.99,2024-07-05,50.0,1,0.1,3960,DIAGEO NORTH AMERICA INC   
56_BEGGAR'S HOLE_5365,56,5365,Kahlua,750mL,2,39.98,19.99,2024-09-21,750.0,1,1.57,17035,PERNOD RICARD USA          
2_ASHBORNE_1168,2,1168,Old Grand Dad Bonded,750mL,1,17.99,17.99,2024-04-28,750.0,1,0.79,12546,JIM BEAM BRANDS COMPANY    
58_HARTLEPOOL_2834,58,2834,Old Smuggler P E T,1.75L,1,16.99,16.99,2024-05-17,1750.0,1,1.84,8320,SHAW ROSS INT L IMP LTD    
39_EASTHALLOW_26134,39,26134,Clos du Bois Znfdl Sonoma,750mL,1,8.99,8.99,2024-10-21,750.0,2,0.11,1392,CONSTELLATION BRANDS INC   
47_PELLA'S WISH_14006,47,14006,Apothic Winemakers Red Blend,750mL,3,29.97,9.99,2024-06-17,750.0,2,0.34,3252,E & J GALLO WINERY         
69_MOUNTMEND_38652,69,38652,Carpineto Chianti Clsc RSV,750mL,1,21.99,21.99,2024-03-25,750.0,2,0.11,9165,ULTRA BEVERAGE COMPANY LLP 
69_MOUNTMEND_35442,69,35442,Borsao Tres Picos Garnacha,750mL,2,27.98,13.99,2024-07-10,750.0,2,0.22,9552,M S WALKER INC             
9_BLACKPOOL_11825,9,11825,Cupcake Cab Svgn,750mL,1,8.99,8.99,2024-09-10,750.0,2,0.11,9815,WINE GROUP INC             
76_DONCASTER_4153,76,4153,Jenkins Rum,1.75L,10,119.9,11.99,2024-01-28,1750.0,1,18.38,9552,M S WALKER INC             
33_HORNSEY_13303,33,13303,Plungerhead Znfdl Lodi,750mL,2,27.98,13.99,2024-06-14,750.0,2,0.22,653,STATE WINE & SPIRITS   
64_CESTERFIELD_8033,64,8033,Jack Daniels No 7 Black,50mL,2,5.98,2.99,2024-01-19,50.0,1,0.1,1128,BROWN-FORMAN CORP          
15_WANBORNE_13430,15,13430,Agua de Piedra Malbec Selccn,750mL,2,21.98,10.99,2024-04-26,750.0,2,0.22,7153,PINE STATE TRADING CO      
8_ALNERWICK_7302,8,7302,Marques de Caceres Rioja Re,750mL,1,12.99,12.99,2024-04-17,750.0,2,0.11,1587,VINEYARD BRANDS INC        
41_LARNWICK_6575,41,6575,Kendall Jackson RSV Svgn Bl,750mL,3,29.97,9.99,2024-12-01,750.0,2,0.34,10000,MAJESTIC FINE WINES        
27_MOUNTMEND_8513,27,8513,Baileys Irish Cream Mini's 4,100mL 4 Pk,5,44.95,8.99,2024-12-10,100.0,1,0.52,3960,DIAGEO NORTH AMERICA INC   
75_BARNCOMBE_5539,75,5539,DeKuyper Hot Damn 100*,750mL,5,64.95,12.99,2024-04-01,750.0,1,3.94,12546,JIM BEAM BRANDS COMPANY    
54_GUTHRAM_5656,54,5656,Cabin Fever Maple Liqueur,50mL,1,1.49,1.49,2024-07-10,50.0,1,0.05,3960,DIAGEO NORTH AMERICA INC   
77_TAMWORTH_8517,77,8517,Baileys Salted Caramel,750mL,1,21.99,21.99,2024-04-16,750.0,1,0.79,3960,DIAGEO NORTH AMERICA INC   
30_CULCHETH_5491,30,5491,Rumpleminze,50mL,3,5.97,1.99,2024-01-27,50.0,1,0.16,3960,DIAGEO NORTH AMERICA INC   
56_BEGGAR'S HOLE_38772,56,38772,Rob Stuart Big Fire Pnt Nr,750mL,1,17.99,17.99,2024-05-05,750.0,2,0.11,653,STATE WINE & SPIRITS   
76_DONCASTER_5817,76,5817,GranGala Triple Orange,1.75L,1,29.99,29.99,2024-12-26,1750.0,1,1.84,8004,SAZERAC CO INC             
7_STANMORE_41251,7,41251,Beringer Classic Pnt Grigio,750mL,4,19.96,4.99,2024-04-30,750.0,2,0.45,9819,TREASURY WINE ESTATES      
54_GUTHRAM_5359,54,5359,Distroya Spiced Liqueur,750mL,1,19.99,19.99,2024-02-04,750.0,1,0.79,9165,ULTRA BEVERAGE COMPANY LLP 
31_HORNSEY_5353,31,5353,Grand Marnier,375mL,1,18.99,18.99,2024-05-08,375.0,1,0.39,8112,MOET HENNESSY USA INC      
41_LARNWICK_3876,41,3876,Smirnoff 80 Proof,1.75L,2,33.98,16.99,2024-12-08,1750.0,1,3.67,3960,DIAGEO NORTH AMERICA INC   
15_WANBORNE_31186,15,31186,Almaden Merlot Cal B/B,5L,2,35.98,17.99,2024-03-13,5000.0,2,1.5,9815,WINE GROUP INC             
79_BALLYMENA_6651,79,6651,Rocca Delle Macie Chianti C,750mL,1,11.99,11.99,2024-12-19,750.0,2,0.11,6785,PALM BAY INTERNATIONAL INC 
62_KILMARNOCK_6569,62,6569,W Hill Chard Napa,750mL,1,19.99,19.99,2024-04-08,750.0,2,0.11,3252,E & J GALLO WINERY         
10_HORNSEY_3295,10,3295,Tito's Handmade Vodka,375mL,2,23.98,11.99,2024-03-11,375.0,1,0.79,4425,MARTIGNETTI COMPANIES
60_IRRAGIN_23229,60,23229,Ch St Jean Belle Terre Chard,750mL,1,14.99,14.99,2024-02-04,750.0,2,0.11,9819,TREASURY WINE ESTATES      
34_PITMERDEN_8609,34,8609,Duboeuf Beaujolais Villages,750mL,1,12.99,12.99,2024-06-06,750.0,2,0.11,4425,MARTIGNETTI COMPANIES
42_BLACK HOLLOW_19848,42,19848,Carnivor Cab Svgn,750mL,1,9.99,9.99,2024-02-12,750.0,2,0.11,3252,E & J GALLO WINERY         
10_HORNSEY_41254,10,41254,Ch St Jean Merlot Cal,750mL,2,17.9,8.95,2024-12-03,750.0,2,0.22,9819,TREASURY WINE ESTATES      
77_TAMWORTH_34904,77,34904,Smoking Loon Chard,750mL,6,40.74,6.79,2024-07-19,750.0,2,0.68,9552,M S WALKER INC             
38_GOULCREST_1278,38,1278,Jim Beam Black,1.75L,1,34.99,34.99,2024-05-21,1750.0,1,1.84,12546,JIM BEAM BRANDS COMPANY    
39_EASTHALLOW_5403,39,5403,Amaretto di Amore,750mL,1,8.49,8.49,2024-03-15,750.0,1,0.79,660,SAZERAC NORTH AMERICA INC. 
55_DRY GULCH_27259,55,27259,Cooper & Thief Cellarmasters,750mL,1,24.99,24.99,2024-12-07,750.0,2,0.11,1392,CONSTELLATION BRANDS INC   
64_CESTERFIELD_4796,64,4796,Caravella Limoncello,750mL,1,16.99,16.99,2024-01-27,750.0,1,0.79,660,SAZERAC NORTH AMERICA INC. 
32_MOUNTMEND_3423,32,3423,Beefeater,1.75L,3,80.97,26.99,2024-08-27,1750.0,1,5.51,17035,PERNOD RICARD USA          
41_LARNWICK_3800,41,3800,Don Julio Anejo Tequila,750mL,1,54.99,54.99,2024-05-28,750.0,1,0.79,3960,DIAGEO NORTH AMERICA INC   
58_HARTLEPOOL_6565,58,6565,Clos du Bois Cab Svgn N Cst,750mL,1,8.99,8.99,2024-04-20,750.0,2,0.11,1392,CONSTELLATION BRANDS INC   
43_WOLFORD_5242,43,5242,Cointreau Liqueur,750mL,1,29.99,29.99,2024-03-24,750.0,1,0.79,7239,REMY COINTREAU USA INC     
59_CLAETHORPES_3821,59,3821,Smirnoff Vanilla Vodka,750mL,3,38.97,12.99,2024-02-05,750.0,1,2.36,3960,DIAGEO NORTH AMERICA INC   
9_BLACKPOOL_3820,9,3820,Smirnoff Citrus Vodka,1.75L,2,39.98,19.99,2024-04-14,1750.0,1,3.67,3960,DIAGEO NORTH AMERICA INC   
56_BEGGAR'S HOLE_5708,56,5708,Dr McGillicuddy's Root Beer,50mL,2,1.98,0.99,2024-08-18,50.0,1,0.1,8004,SAZERAC CO INC             
15_WANBORNE_2646,15,2646,Chivas Regal,1.75L,1,59.99,59.99,2024-01-10,1750.0,1,1.84,17035,PERNOD RICARD USA          
33_HORNSEY_3405,33,3405,Tito's Handmade Vodka,1.75L,5,139.75,27.95,2024-05-01,1750.0,1,9.19,4425,MARTIGNETTI COMPANIES
34_PITMERDEN_7159,34,7159,Ruffino Chianti,750mL,4,31.96,7.99,2024-09-13,750.0,2,0.45,1392,CONSTELLATION BRANDS INC   
40_BULLMAR_5921,40,5921,RumChata Liqueur,750mL,1,23.99,23.99,2024-05-06,750.0,1,0.79,6213,MHW LTD                    
71_CLARCTON_4054,71,4054,Patron XO Cafe Liqueur,375mL,4,51.96,12.99,2024-10-16,375.0,1,1.57,9165,ULTRA BEVERAGE COMPANY LLP 
77_TAMWORTH_6362,77,6362,Totts Brut Calif,750mL,2,15.98,7.99,2024-12-21,750.0,2,0.22,3252,E & J GALLO WINERY         
1_HARDERSFIELD_4062,1,4062,Goslings Dark'N Stormy RTD,250mL 4 Pk,1,7.99,7.99,2024-07-31,250.0,1,0.26,1485,CASTLE BRANDS CORP.        
25_CAERSHIRE_35914,25,35914,Stone Cellars Chard,1.5L,1,8.99,8.99,2024-05-21,1500.0,2,0.22,9819,TREASURY WINE ESTATES      
50_MOUNTMEND_3455,50,3455,Stolichnaya Gluten Free 80*,750mL,1,16.99,16.99,2024-08-19,750.0,1,0.79,8664,"STOLI GROUP,(USA) LLC      "
71_CLARCTON_40621,71,40621,Santa Margherita Prosecco V,750mL,1,18.99,18.99,2024-12-24,750.0,2,0.11,4425,MARTIGNETTI COMPANIES
78_EASTHAVEN_2656,78,2656,Cutty Sark,1.75L,1,24.99,24.99,2024-01-16,1750.0,1,1.84,2561,EDRINGTON AMERICAS         
13_TARMSWORTH_523,13,523,Castello Del Poggio Moscato,750mL,1,9.99,9.99,2024-06-28,750.0,2,0.11,4425,MARTIGNETTI COMPANIES
42_BLACK HOLLOW_1001,42,1001,Bailey's 50mL 4 Pack,50mL 4 Pk,1,5.99,5.99,2024-12-16,50.0,1,0.05,3960,DIAGEO NORTH AMERICA INC   
10_HORNSEY_3041,10,3041,Zhenka Pink Lemonade Vodka,1.75L,4,35.96,8.99,2024-08-22,1750.0,1,7.35,9552,M S WALKER INC             
26_KNIFE'S EDGE_27350,26,27350,Almaden Cab Svgn Cal B/B,5L,1,17.99,17.99,2024-05-03,5000.0,2,0.75,9815,WINE GROUP INC             
1_HARDERSFIELD_28658,1,28658,R Mondavi Pnt Nr Pvt Sel,750mL,15,119.85,7.99,2024-04-19,750.0,2,1.69,1392,CONSTELLATION BRANDS INC   
76_DONCASTER_37842,76,37842,Dona Paula Malbec Mendoza,750mL,3,35.97,11.99,2024-07-09,750.0,2,0.34,8892,TRINCHERO FAMILY ESTATES   
25_CAERSHIRE_8506,25,8506,Myers Original Dark Rum,1.75L,1,32.99,32.99,2024-05-03,1750.0,1,1.84,3960,DIAGEO NORTH AMERICA INC   
2_ASHBORNE_3938,2,3938,Stolichnaya,750mL,2,33.98,16.99,2024-11-22,750.0,1,1.57,8664,"STOLI GROUP,(USA) LLC      "
56_BEGGAR'S HOLE_44266,56,44266,Mommys Time Out Garganega/P,750mL,4,35.96,8.99,2024-03-11,750.0,2,0.45,653,STATE WINE & SPIRITS   
25_CAERSHIRE_25504,25,25504,Renwood Clarion Red,750mL,1,10.99,10.99,2024-04-28,750.0,2,0.11,4425,MARTIGNETTI COMPANIES
34_PITMERDEN_4243,34,4243,Bacardi Superior Rum,1.75L,12,287.88,23.99,2024-04-17,1750.0,1,22.05,480,BACARDI USA INC            
54_GUTHRAM_38771,54,38771,Rob Stuart Big Fire Pnt Gris,750mL,1,16.99,16.99,2024-03-25,750.0,2,0.11,653,STATE WINE & SPIRITS   
38_GOULCREST_20532,38,20532,Bread & Butter Pnt Nr,750mL,1,12.99,12.99,2024-08-05,750.0,2,0.11,653,STATE WINE & SPIRITS   
55_DRY GULCH_4226,55,4226,Bacardi Superior Rum Trav,750mL,2,19.98,9.99,2024-11-14,750.0,1,1.57,480,BACARDI USA INC            
69_MOUNTMEND_8155,69,8155,Black Velvet Plastic,375mL,1,4.49,4.49,2024-03-13,375.0,1,0.39,1392,CONSTELLATION BRANDS INC   
58_HARTLEPOOL_1180,58,1180,Evan Williams Black Label B,1.75L,1,20.99,20.99,2024-05-19,1750.0,1,1.84,3924,HEAVEN HILL DISTILLERIES   
68_SOLARIS_26383,68,26383,Buehler Chard RRV,750mL,1,11.99,11.99,2024-07-31,750.0,2,0.11,4425,MARTIGNETTI COMPANIES
11_CARDEND_46093,11,46093,Mouton Cadet Rose,750mL,1,9.99,9.99,2024-04-24,750.0,2,0.11,1392,CONSTELLATION BRANDS INC   
71_CLARCTON_44756,71,44756,Duck Pond Syrah Columbia,750mL,1,21.99,21.99,2024-03-08,750.0,2,0.11,10754,PERFECTA WINES             
23_ARBINGTON_44038,23,44038,Barefoot Pnt Grigio Cal,1.5L,1,11.99,11.99,2024-03-25,1500.0,2,0.22,3252,E & J GALLO WINERY         
69_MOUNTMEND_46947,69,46947,Murphy-Goode Merlot Alexandr,750mL,1,10.99,10.99,2024-06-11,750.0,2,0.11,9552,M S WALKER INC             
59_CLAETHORPES_25286,59,25286,A Bichot Morgon Les Charmes,750mL,1,18.99,18.99,2024-08-29,750.0,2,0.11,9165,ULTRA BEVERAGE COMPANY LLP 
21_BALERNO_37842,21,37842,Dona Paula Malbec Mendoza,750mL,2,23.98,11.99,2024-03-10,750.0,2,0.22,8892,TRINCHERO FAMILY ESTATES   
67_EANVERNESS_16918,67,16918,Villa Pozzi Moscato,750mL,1,9.99,9.99,2024-08-04,750.0,2,0.11,4425,MARTIGNETTI COMPANIES
66_EANVERNESS_41032,66,41032,Folie A Deux Amador Znfdl,750mL,1,16.99,16.99,2024-06-13,750.0,2,0.11,8892,TRINCHERO FAMILY ESTATES   
41_LARNWICK_5730,41,5730,Galliano L'Autentico Liqueur,50mL,1,1.99,1.99,2024-09-22,50.0,1,0.05,6213,MHW LTD                    
34_PITMERDEN_4939,34,4939,Kapali Coffee,1.75L,2,31.98,15.99,2024-09-24,1750.0,1,3.67,8004,SAZERAC CO INC             
34_PITMERDEN_6021,34,6021,Jackson Morgan Pepmint Mocha,750mL,1,22.99,22.99,2024-03-17,750.0,1,0.79,4425,MARTIGNETTI COMPANIES
19_WINTERVALE_5221,19,5221,RumChata Liqueur,375mL,2,21.98,10.99,2024-02-20,375.0,1,0.79,6213,MHW LTD                    
34_PITMERDEN_5277,34,5277,Arrow Sloe Gin,750mL,1,7.99,7.99,2024-07-05,750.0,1,0.79,8352,LUXCO INC                  
67_EANVERNESS_1623,67,1623,Bulleit 95 Rye,375mL,1,12.99,12.99,2024-02-01,375.0,1,0.39,3960,DIAGEO NORTH AMERICA INC   
67_EANVERNESS_46428,67,46428,Villa Pozzi Nero D'Avola,750mL,2,19.98,9.99,2024-08-30,750.0,2,0.22,4425,MARTIGNETTI COMPANIES
69_MOUNTMEND_3054,69,3054,Smirnoff Kissed Caramel,750mL,1,12.99,12.99,2024-05-19,750.0,1,0.79,3960,DIAGEO NORTH AMERICA INC   
60_IRRAGIN_2879,60,2879,Corner Creek Rsv Bourbon,750mL,1,29.99,29.99,2024-03-26,750.0,1,0.79,4425,MARTIGNETTI COMPANIES
74_PAENTMARWY_4262,74,4262,Capt Morgan Spiced Rum,750mL,2,29.98,14.99,2024-01-06,750.0,1,1.57,3960,DIAGEO NORTH AMERICA INC   
66_EANVERNESS_7868,66,7868,Mumm Cordon Rouge Brut,750mL,1,32.99,32.99,2024-02-16,750.0,2,0.11,17035,PERNOD RICARD USA          
30_CULCHETH_19748,30,19748,Clos du Bois Chard,1.5L,10,159.9,15.99,2024-10-02,1500.0,2,2.25,1392,CONSTELLATION BRANDS INC   
10_HORNSEY_3348,10,3348,Bombay Sapphire Gin,1.75L,3,110.97,36.99,2024-01-23,1750.0,1,5.51,480,BACARDI USA INC            
22_SHARNWICK_3364,22,3364,Absolut Ruby Red,1.75L,1,24.99,24.99,2024-03-01,1750.0,1,1.84,17035,PERNOD RICARD USA          
51_ABERDEEN_4343,51,4343,Cruzan Blueberry Lemonade,750mL,1,9.99,9.99,2024-06-01,750.0,1,0.79,12546,JIM BEAM BRANDS COMPANY    
20_BREDWARDINE_8838,20,8838,Ch Ste Michelle Cab Svgn Col,750mL,2,25.9,12.95,2024-08-16,750.0,2,0.22,8673,STE MICHELLE WINE ESTATES  
68_SOLARIS_8101,68,8101,Tanqueray,50mL,2,3.98,1.99,2024-01-23,50.0,1,0.1,3960,DIAGEO NORTH AMERICA INC   
2_ASHBORNE_35294,2,35294,Mionetto Prosecco Brut,187mL,6,28.44,4.74,2024-02-05,187.0,2,0.17,9552,M S WALKER INC             
61_AETHELNEY_6824,61,6824,Kendall Jackson Pnt Nr Vtnr,750mL,2,29.98,14.99,2024-07-09,750.0,2,0.22,10000,MAJESTIC FINE WINES        
38_GOULCREST_7254,38,7254,Cribari Marsala,750mL,3,23.97,7.99,2024-03-14,750.0,2,0.34,1392,CONSTELLATION BRANDS INC   
14_BROMWICH_3218,14,3218,Firefly Sweet Tea Vodka,750mL,2,25.98,12.99,2024-07-29,750.0,1,1.57,8004,SAZERAC CO INC             
15_WANBORNE_14006,15,14006,Apothic Winemakers Red Blend,750mL,2,19.98,9.99,2024-10-07,750.0,2,0.22,3252,E & J GALLO WINERY         
35_HALIVAARA_25994,35,25994,Rodney Strong Merlot Sonoma,750mL,1,17.99,17.99,2024-01-24,750.0,2,0.11,4425,MARTIGNETTI COMPANIES
69_MOUNTMEND_4787,69,4787,Appleton Special Gold Rum,1.75L,1,22.99,22.99,2024-09-13,1750.0,1,1.84,11567,CAMPARI AMERICA            
48_NORFOLK_7978,48,7978,M & R X Dry Vermouth,750mL,3,16.47,5.49,2024-07-17,750.0,1,2.36,480,BACARDI USA INC            
1_HARDERSFIELD_41033,1,41033,Menage a Trois White,750mL,1,8.99,8.99,2024-08-05,750.0,2,0.11,8892,TRINCHERO FAMILY ESTATES   
34_PITMERDEN_4358,34,4358,Mr Boston Light Rum,750mL,1,4.49,4.49,2024-08-24,750.0,1,0.79,660,SAZERAC NORTH AMERICA INC. 
65_LUTON_3608,65,3608,Smirnoff Orange Vodka,50mL,2,1.98,0.99,2024-08-14,50.0,1,0.1,3960,DIAGEO NORTH AMERICA INC   
77_TAMWORTH_20863,77,20863,W Hill Est Chard N Coast,750mL,2,21.98,10.99,2024-11-07,750.0,2,0.22,3252,E & J GALLO WINERY         
67_EANVERNESS_23271,67,23271,Darkhorse Merlot,750mL,1,7.99,7.99,2024-08-03,750.0,2,0.11,3252,E & J GALLO WINERY         
27_MOUNTMEND_6660,27,6660,Carlo Rossi Paisano Calif,4L,1,14.99,14.99,2024-10-22,4000.0,2,0.6,3252,E & J GALLO WINERY         
71_CLARCTON_4218,71,4218,Sailor Jerry Spiced Navy Rum,750mL,1,16.99,16.99,2024-01-17,750.0,1,0.79,3664,WILLIAM GRANT & SONS INC   
67_EANVERNESS_8057,67,8057,Corazon de Agave Blanco,750mL,1,24.99,24.99,2024-02-19,750.0,1,0.79,8004,SAZERAC CO INC             
56_BEGGAR'S HOLE_25515,56,25515,Bootstrap Red,750mL,1,7.99,7.99,2024-04-30,750.0,2,0.11,10754,PERFECTA WINES             
33_HORNSEY_261,33,261,Svedka Citron Vodka,Liter,1,12.99,12.99,2024-05-06,1000.0,1,1.05,1392,CONSTELLATION BRANDS INC   
24_PALPERROTH_27808,24,27808,Blackstone Chard Monterey,750mL,4,31.96,7.99,2024-03-07,750.0,2,0.45,1392,CONSTELLATION BRANDS INC   
74_PAENTMARWY_24840,74,24840,Honig Svgn Bl Napa,750mL,1,14.99,14.99,2024-07-19,750.0,2,0.11,7153,PINE STATE TRADING CO      
7_STANMORE_8023,7,8023,DeKuyper Triple Sec,750mL,1,4.49,4.49,2024-08-06,750.0,1,0.79,12546,JIM BEAM BRANDS COMPANY    
50_MOUNTMEND_6174,50,6174,Columbia Crest Grand Merlot,750mL,24,239.76,9.99,2024-06-28,750.0,2,2.7,8673,STE MICHELLE WINE ESTATES  
51_ABERDEEN_3180,51,3180,New Amsterdam Vodka,1.75L,2,33.98,16.99,2024-04-09,1750.0,1,3.67,3252,E & J GALLO WINERY         
59_CLAETHORPES_8746,59,8746,Cavit Pinot Grigio,750mL,1,6.99,6.99,2024-02-18,750.0,2,0.11,6785,PALM BAY INTERNATIONAL INC 
23_ARBINGTON_35999,23,35999,Fanal Madeira Full Rich,750mL,1,12.99,12.99,2024-07-03,750.0,2,0.11,10754,PERFECTA WINES             
15_WANBORNE_6455,15,6455,Folonari Pinot Grigio Venez,1.5L,1,11.99,11.99,2024-06-26,1500.0,2,0.22,9744,FREDERICK WILDMAN & SONS   
38_GOULCREST_4198,38,4198,Sailor Jerry Spiced Navy Rum,1.75L,3,74.97,24.99,2024-01-15,1750.0,1,5.51,3664,WILLIAM GRANT & SONS INC   
15_WANBORNE_4181,15,4181,Calypso Spiced Rum,1.75L,4,43.96,10.99,2024-08-21,1750.0,1,7.35,660,SAZERAC NORTH AMERICA INC. 
66_EANVERNESS_25290,66,25290,Notre Dame Cousignac CdR 13,750mL,2,19.98,9.99,2024-06-21,750.0,2,0.22,9165,ULTRA BEVERAGE COMPANY LLP 
49_GARIGILL_8961,49,8961,Jose Cuervo Especial,50mL,17,25.33,1.49,2024-12-24,50.0,1,0.89,7245,PROXIMO SPIRITS INC.       
41_LARNWICK_8746,41,8746,Cavit Pinot Grigio,750mL,2,13.98,6.99,2024-01-17,750.0,2,0.22,6785,PALM BAY INTERNATIONAL INC 
73_DONCASTER_3216,73,3216,Fleischmanns X Dry Gin,1.75L,3,29.97,9.99,2024-06-04,1750.0,1,5.51,660,SAZERAC NORTH AMERICA INC. 
59_CLAETHORPES_10579,59,10579,High Note Malbec Mendoza,750mL,2,23.98,11.99,2024-02-08,750.0,2,0.22,7153,PINE STATE TRADING CO      
41_LARNWICK_3226,41,3226,Ciroc Mango Vodka,375mL,2,23.98,11.99,2024-10-22,375.0,1,0.79,3960,DIAGEO NORTH AMERICA INC   
66_EANVERNESS_32367,66,32367,Cavit Pinot Noir Delle Vene,750mL,1,6.99,6.99,2024-07-12,750.0,2,0.11,6785,PALM BAY INTERNATIONAL INC 
56_BEGGAR'S HOLE_3276,56,3276,Gordons London Dry,1.75L,6,77.94,12.99,2024-07-28,1750.0,1,11.02,3960,DIAGEO NORTH AMERICA INC   
10_HORNSEY_8822,10,8822,Absolut 80 Proof,50mL,7,13.93,1.99,2024-05-28,50.0,1,0.37,17035,PERNOD RICARD USA          
72_HARDERSFIELD_28260,72,28260,Nathanson Creek Chard,1.5L,1,7.99,7.99,2024-10-04,1500.0,2,0.22,1392,CONSTELLATION BRANDS INC   
59_CLAETHORPES_1545,59,1545,Gentleman Jack,750mL,1,29.99,29.99,2024-03-08,750.0,1,0.79,1128,BROWN-FORMAN CORP          
30_CULCHETH_5058,30,5058,Capt Morgan Long Isl Tea RTD,1.75L,1,14.99,14.99,2024-07-18,1750.0,1,1.84,3960,DIAGEO NORTH AMERICA INC   
8_ALNERWICK_8027,8,8027,Absolut Mandrin,50mL,1,1.99,1.99,2024-11-09,50.0,1,0.05,17035,PERNOD RICARD USA          
66_EANVERNESS_11209,66,11209,Pezzi King Svgn Bl Dry Creek,750mL,1,12.99,12.99,2024-03-11,750.0,2,0.11,9165,ULTRA BEVERAGE COMPANY LLP 
53_HILLFAR_3980,53,3980,Hornitos Reposado Tequila,1.75L,1,39.99,39.99,2024-03-05,1750.0,1,1.84,12546,JIM BEAM BRANDS COMPANY    
14_BROMWICH_4313,14,4313,Sauza Blue Silver Tequila,1.75L,1,26.99,26.99,2024-04-15,1750.0,1,1.84,12546,JIM BEAM BRANDS COMPANY    
7_STANMORE_8452,7,8452,Cruzan Aged Light Rum,1.75L,1,16.99,16.99,2024-06-22,1750.0,1,1.84,12546,JIM BEAM BRANDS COMPANY    
39_EASTHALLOW_7293,39,7293,Chi Chi's Skinny Margarita,1.75L,2,15.98,7.99,2024-06-25,1750.0,1,3.67,660,SAZERAC NORTH AMERICA INC. 
67_EANVERNESS_44081,67,44081,Wente Riva Ranch Chard,750mL,3,56.97,18.99,2024-12-18,750.0,2,0.34,2000,SOUTHERN WINE & SPIRITS NE 
47_PELLA'S WISH_18743,47,18743,Ca'Momi Merlot Napa Valley,750mL,1,9.99,9.99,2024-05-07,750.0,2,0.11,10754,PERFECTA WINES             
35_HALIVAARA_8368,35,8368,Bacardi Superior Rum,100mL,2,3.98,1.99,2024-08-15,100.0,1,0.21,480,BACARDI USA INC            
81_PEMBROKE_42421,81,42421,Firesteed Pnt Gris Ore,750mL,1,13.99,13.99,2024-12-28,750.0,2,0.11,10754,PERFECTA WINES             
19_WINTERVALE_6296,19,6296,Taylor Sherry,1.5L,1,7.79,7.79,2024-12-13,1500.0,2,0.22,1392,CONSTELLATION BRANDS INC   
31_HORNSEY_3161,31,3161,New Amsterdam Red Berry,750mL,1,9.99,9.99,2024-09-23,750.0,1,0.79,3252,E & J GALLO WINERY         
76_DONCASTER_1258,76,1258,Jim Beam Black,750mL,1,24.99,24.99,2024-09-01,750.0,1,0.79,12546,JIM BEAM BRANDS COMPANY    
38_GOULCREST_40054,38,40054,Campo Viejo Tempranillo RSV,750mL,2,25.98,12.99,2024-02-05,750.0,2,0.22,17035,PERNOD RICARD USA          
14_BROMWICH_4243,14,4243,Bacardi Superior Rum,1.75L,13,259.87,19.99,2024-12-13,1750.0,1,23.89,480,BACARDI USA INC            
69_MOUNTMEND_32989,69,32989,Barefoot Cab Svgn Cal,1.5L,2,21.98,10.99,2024-01-01,1500.0,2,0.45,3252,E & J GALLO WINERY         
13_TARMSWORTH_1232,13,1232,Jack Daniels No 7 Black,750mL,4,107.96,26.99,2024-05-09,750.0,1,3.15,1128,BROWN-FORMAN CORP          
6_GOULCREST_5202,6,5202,Dr McGillicuddy's Vanilla,750mL,1,13.99,13.99,2024-12-01,750.0,1,0.79,8004,SAZERAC CO INC             
11_CARDEND_8680,11,8680,Crown Royal,1.75L,1,39.99,39.99,2024-10-22,1750.0,1,1.84,3960,DIAGEO NORTH AMERICA INC   
27_MOUNTMEND_3295,27,3295,Tito's Handmade Vodka,375mL,1,9.99,9.99,2024-07-04,375.0,1,0.39,4425,MARTIGNETTI COMPANIES
27_MOUNTMEND_3989,27,3989,Deep Eddy Lemon Vodka,750mL,2,35.98,17.99,2024-11-01,750.0,1,1.57,3924,HEAVEN HILL DISTILLERIES   
41_LARNWICK_3791,41,3791,Jose Cuervo Especial Silver,375mL,1,10.99,10.99,2024-12-26,375.0,1,0.39,7245,PROXIMO SPIRITS INC.       
54_GUTHRAM_32648,54,32648,Beringer Classic Wh Znfdl,1.5L,2,15.98,7.99,2024-12-09,1500.0,2,0.45,9819,TREASURY WINE ESTATES      
60_IRRAGIN_2177,60,2177,Canadian Hunter Rye,50mL,9,8.91,0.99,2024-07-08,50.0,1,0.47,8004,SAZERAC CO INC             
48_NORFOLK_3498,48,3498,Baileys Vanilla Cinnamon,750mL,2,37.98,18.99,2024-05-22,750.0,1,1.57,3960,DIAGEO NORTH AMERICA INC   
68_SOLARIS_43662,68,43662,L'Ecole No 41 Cab Svgn Clmba,750mL,1,29.99,29.99,2024-11-08,750.0,2,0.11,10754,PERFECTA WINES             
11_CARDEND_11440,11,11440,Peter Vella Sangria B/B,5L,1,14.99,14.99,2024-06-03,5000.0,2,0.75,3252,E & J GALLO WINERY         
76_DONCASTER_20731,76,20731,Villa Jolanda Strwby Moscato,750mL,2,19.98,9.99,2024-09-12,750.0,2,0.22,7153,PINE STATE TRADING CO      
32_MOUNTMEND_5333,32,5333,Jenkins Amaretto,1.75L,1,12.99,12.99,2024-05-11,1750.0,1,1.84,9552,M S WALKER INC             
2_ASHBORNE_18592,2,18592,Deadbolt Red,750mL,1,8.99,8.99,2024-12-09,750.0,2,0.11,17035,PERNOD RICARD USA          
63_SWORDBREAK_8064,63,8064,Canadian Club,50mL,10,9.9,0.99,2024-08-05,50.0,1,0.52,12546,JIM BEAM BRANDS COMPANY    
73_DONCASTER_1817,73,1817,Irishman Founders RSV Whisky,750mL,1,21.99,21.99,2024-11-04,750.0,1,0.79,6785,PALM BAY INTERNATIONAL INC 
77_TAMWORTH_6570,77,6570,Kendall Jackson Chard Vt RSV,750mL,2,23.98,11.99,2024-10-07,750.0,2,0.22,10000,MAJESTIC FINE WINES        
14_BROMWICH_4187,14,4187,Kraken Black Spiced Rum,750mL,1,19.99,19.99,2024-01-16,750.0,1,0.79,7245,PROXIMO SPIRITS INC.       
65_LUTON_6396,65,6396,Taylor Dry Sherry,1.5L,1,7.79,7.79,2024-10-28,1500.0,2,0.22,1392,CONSTELLATION BRANDS INC   
15_WANBORNE_2607,15,2607,Grand MacNish 12 Yr Old,750mL,1,21.99,21.99,2024-09-28,750.0,1,0.79,9552,M S WALKER INC             
68_SOLARIS_18347,68,18347,Banfi Pnt Grigio San Angelo,750mL,2,27.98,13.99,2024-01-31,750.0,2,0.22,516,BANFI PRODUCTS CORP        
79_BALLYMENA_19848,79,19848,Carnivor Cab Svgn,750mL,2,19.98,9.99,2024-02-10,750.0,2,0.22,3252,E & J GALLO WINERY         
19_WINTERVALE_27202,19,27202,DeLoach Sonoma Cnty Chard,750mL,12,119.88,9.99,2024-10-25,750.0,2,1.35,4425,MARTIGNETTI COMPANIES
34_PITMERDEN_45770,34,45770,Bonterra Mendocino Org Znfdl,750mL,1,13.99,13.99,2024-12-03,750.0,2,0.11,9165,ULTRA BEVERAGE COMPANY LLP 
72_HARDERSFIELD_31866,72,31866,F Coppola Diamond Merlot,750mL,1,17.99,17.99,2024-10-20,750.0,2,0.11,2000,SOUTHERN WINE & SPIRITS NE 
43_WOLFORD_44719,43,44719,Cavit Prosecco Lunetta,750mL,1,9.99,9.99,2024-07-22,750.0,2,0.11,6785,PALM BAY INTERNATIONAL INC 
70_KELD_2443,70,2443,Seagrams VO,1.75L,2,41.98,20.99,2024-10-15,1750.0,1,3.67,3960,DIAGEO NORTH AMERICA INC   
30_CULCHETH_46098,30,46098,Ch Ste Michelle Rsl Dry Colu,750mL,2,17.98,8.99,2024-02-21,750.0,2,0.22,8673,STE MICHELLE WINE ESTATES  
21_BALERNO_3351,21,3351,Pinnacle Whipped Vodka,1.75L,6,101.94,16.99,2024-10-05,1750.0,1,11.02,12546,JIM BEAM BRANDS COMPANY    
60_IRRAGIN_8082,60,8082,Baileys Irish Cream,1.75L,2,65.98,32.99,2024-03-09,1750.0,1,3.67,3960,DIAGEO NORTH AMERICA INC   
6_GOULCREST_3161,6,3161,New Amsterdam Red Berry,750mL,1,9.99,9.99,2024-04-13,750.0,1,0.79,3252,E & J GALLO WINERY         
76_DONCASTER_14818,76,14818,Simi Pnt Nr Sonoma Cnty,750mL,1,19.99,19.99,2024-06-13,750.0,2,0.11,1392,CONSTELLATION BRANDS INC   
6_GOULCREST_46447,6,46447,Gascon Malbec Mendoza,750mL,1,10.99,10.99,2024-02-07,750.0,2,0.11,3252,E & J GALLO WINERY         
50_MOUNTMEND_20763,50,20763,Sassoregaule Maremma Toscana,750mL,3,41.97,13.99,2024-09-19,750.0,2,0.34,2000,SOUTHERN WINE & SPIRITS NE 
66_EANVERNESS_8033,66,8033,Jack Daniels No 7 Black,50mL,1,2.99,2.99,2024-10-19,50.0,1,0.05,1128,BROWN-FORMAN CORP          
71_CLARCTON_32915,71,32915,Kim Crawford Svgn Bl Marlbro,750mL,1,17.99,17.99,2024-10-01,750.0,2,0.11,1392,CONSTELLATION BRANDS INC   
35_HALIVAARA_966,35,966,Patron Citronge Orange Liqu,750mL,1,20.99,20.99,2024-12-31,750.0,1,0.79,9165,ULTRA BEVERAGE COMPANY LLP 
38_GOULCREST_31320,38,31320,La Vieille Ferme Rose Vntoux,750mL,1,7.49,7.49,2024-04-14,750.0,2,0.11,1587,VINEYARD BRANDS INC        
38_GOULCREST_17748,38,17748,Black Box Pnt Grigio,500mL,3,14.97,4.99,2024-06-04,500.0,2,0.22,1392,CONSTELLATION BRANDS INC   
48_NORFOLK_44340,48,44340,Irony Pnt Nr Monterey,750mL,1,12.99,12.99,2024-12-26,750.0,2,0.11,2242,DELICATO VINEYARDS INC     
23_ARBINGTON_3607,23,3607,Smirnoff Citrus Vodka,50mL,2,1.98,0.99,2024-01-23,50.0,1,0.1,3960,DIAGEO NORTH AMERICA INC   
64_CESTERFIELD_4243,64,4243,Bacardi Superior Rum,1.75L,1,19.99,19.99,2024-08-01,1750.0,1,1.84,480,BACARDI USA INC            
2_ASHBORNE_3834,2,3834,Skyy Vodka,750mL,1,11.99,11.99,2024-10-15,750.0,1,0.79,11567,CAMPARI AMERICA            
69_MOUNTMEND_24095,69,24095,Gallo Copperidge Cab Svgn,750mL,12,47.88,3.99,2024-07-12,750.0,2,1.35,3252,E & J GALLO WINERY         
59_CLAETHORPES_3802,59,3802,Three Olives Vodka,1.75L,3,56.97,18.99,2024-08-13,1750.0,1,5.51,7245,PROXIMO SPIRITS INC.       
43_WOLFORD_2759,43,2759,Johnnie Walker Red Label,375mL,1,13.99,13.99,2024-03-06,375.0,1,0.39,3960,DIAGEO NORTH AMERICA INC   
66_EANVERNESS_24146,66,24146,Louis Latour 12 Marsannay Bl,750mL,2,39.98,19.99,2024-05-05,750.0,2,0.22,9552,M S WALKER INC             
66_EANVERNESS_17316,66,17316,Damilano Lecinquevgne Barolo,750mL,3,98.97,32.99,2024-03-22,750.0,2,0.34,9552,M S WALKER INC             
66_EANVERNESS_24392,66,24392,Ch Fuisse Pouilly Fuisse Tet,750mL,1,35.99,35.99,2024-07-16,750.0,2,0.11,9744,FREDERICK WILDMAN & SONS   
12_LEESIDE_41252,12,41252,Beringer Classic Pnt Grigio,1.5L,3,29.97,9.99,2024-10-07,1500.0,2,0.68,9819,TREASURY WINE ESTATES      
2_ASHBORNE_45322,2,45322,Zabrin de Fuego Garnacha,750mL,1,6.99,6.99,2024-06-01,750.0,2,0.11,9552,M S WALKER INC             
35_HALIVAARA_6349,35,6349,Glen Ellen Chard RSV,1.5L,2,13.98,6.99,2024-02-20,1500.0,2,0.45,9815,WINE GROUP INC             
26_KNIFE'S EDGE_3837,26,3837,Skyy Vodka,50mL,2,1.98,0.99,2024-12-23,50.0,1,0.1,11567,CAMPARI AMERICA            
31_HORNSEY_8680,31,8680,Crown Royal,1.75L,1,39.99,39.99,2024-07-20,1750.0,1,1.84,3960,DIAGEO NORTH AMERICA INC   
21_BALERNO_4270,21,4270,Brugal Anejo Rum,750mL,1,16.99,16.99,2024-07-09,750.0,1,0.79,2561,EDRINGTON AMERICAS         
6_GOULCREST_822,6,822,Tanqueray,Liter,6,161.94,26.99,2024-05-21,1000.0,1,6.3,3960,DIAGEO NORTH AMERICA INC   
38_GOULCREST_16441,38,16441,Bota Box RedVolution,3L,1,19.99,19.99,2024-09-23,3000.0,2,0.45,2242,DELICATO VINEYARDS INC     
2_ASHBORNE_2753,2,2753,Johnnie Walker Black Label,1.75L,2,123.98,61.99,2024-09-23,1750.0,1,3.67,3960,DIAGEO NORTH AMERICA INC   
15_WANBORNE_4550,15,4550,E & J XO Brandy,750mL,2,25.98,12.99,2024-11-25,750.0,1,1.57,3252,E & J GALLO WINERY         
74_PAENTMARWY_14342,74,14342,Cupcake Pnt Nr,750mL,2,14.98,7.49,2024-10-16,750.0,2,0.22,9815,WINE GROUP INC             
31_HORNSEY_1663,31,1663,Jim Beam Maple,50mL,1,0.99,0.99,2024-03-31,50.0,1,0.05,12546,JIM BEAM BRANDS COMPANY    
16_LUNDY_4251,16,4251,Havana Club Anejo Clsco Gold,50mL,4,3.96,0.99,2024-11-23,50.0,1,0.21,480,BACARDI USA INC            
79_BALLYMENA_4317,79,4317,Pyrat XO Reserve Rum,750mL,1,32.99,32.99,2024-12-24,750.0,1,0.79,9165,ULTRA BEVERAGE COMPANY LLP 
74_PAENTMARWY_41537,74,41537,Mer Soleil Chard Central Cst,750mL,1,27.99,27.99,2024-12-14,750.0,2,0.11,4425,MARTIGNETTI COMPANIES
39_EASTHALLOW_5153,39,5153,Fireball Cinn Whisky Trav,750mL,2,31.98,15.99,2024-06-28,750.0,1,1.57,8004,SAZERAC CO INC             
11_CARDEND_25046,11,25046,Bully Hill Love My Goat Rd,750mL,1,8.99,8.99,2024-10-20,750.0,2,0.11,2000,SOUTHERN WINE & SPIRITS NE 
59_CLAETHORPES_24829,59,24829,Cecchi Chianti Classico,750mL,2,19.98,9.99,2024-10-21,750.0,2,0.22,9165,ULTRA BEVERAGE COMPANY LLP 
54_GUTHRAM_32907,54,32907,Sterling Vintners Cltn Chard,750mL,1,7.99,7.99,2024-07-25,750.0,2,0.11,1590,DIAGEO CHATEAU ESTATE WINES
10_HORNSEY_14663,10,14663,Spellbound Merlot,750mL,3,38.97,12.99,2024-11-10,750.0,2,0.34,9165,ULTRA BEVERAGE COMPANY LLP 
55_DRY GULCH_32749,55,32749,Brancott Svgn Bl Marlboro,750mL,1,9.99,9.99,2024-05-02,750.0,2,0.11,17035,PERNOD RICARD USA          
9_BLACKPOOL_14054,9,14054,Seaglass Rsl,750mL,1,8.99,8.99,2024-09-02,750.0,2,0.11,8892,TRINCHERO FAMILY ESTATES   
24_PALPERROTH_1025,24,1025,Fulton's Harvest Pumpkin Liq,750mL,2,19.98,9.99,2024-10-25,750.0,1,1.57,3924,HEAVEN HILL DISTILLERIES   
49_GARIGILL_4313,49,4313,Sauza Blue Silver Tequila,1.75L,1,26.99,26.99,2024-12-16,1750.0,1,1.84,12546,JIM BEAM BRANDS COMPANY    
49_GARIGILL_17177,49,17177,Beringer Classic Merlot,1.5L,6,59.94,9.99,2024-11-17,1500.0,2,1.35,9819,TREASURY WINE ESTATES      
47_PELLA'S WISH_4224,47,4224,Goslings Black Seal Rum 80,750mL,3,47.97,15.99,2024-07-29,750.0,1,2.36,1485,CASTLE BRANDS CORP.        
63_SWORDBREAK_3348,63,3348,Bombay Sapphire Gin,1.75L,2,59.98,29.99,2024-05-29,1750.0,1,3.67,480,BACARDI USA INC            
27_MOUNTMEND_5735,27,5735,Malibu Rum,750mL,1,11.99,11.99,2024-07-29,750.0,1,0.79,17035,PERNOD RICARD USA          
41_LARNWICK_18642,41,18642,Yellow Tail Pink Moscato,1.5L,3,26.85,8.95,2024-06-18,1500.0,2,0.68,4425,MARTIGNETTI COMPANIES
50_MOUNTMEND_8473,50,8473,1800 Silver Tequila,1.75L,2,65.98,32.99,2024-04-07,1750.0,1,3.67,7245,PROXIMO SPIRITS INC.       
67_EANVERNESS_14279,67,14279,Movendo Moscato,750mL,2,21.98,10.99,2024-10-18,750.0,2,0.22,516,BANFI PRODUCTS CORP        
79_BALLYMENA_4241,79,4241,Capt Morgan Spiced Rum,50mL,5,9.95,1.99,2024-02-04,50.0,1,0.26,3960,DIAGEO NORTH AMERICA INC   
21_BALERNO_8413,21,8413,St Elder Elderflower Liqueur,750mL,2,35.98,17.99,2024-06-30,750.0,1,1.57,9552,M S WALKER INC             
60_IRRAGIN_5109,60,5109,Dr McGillicuddy's Menth Trav,750mL,1,13.99,13.99,2024-01-12,750.0,1,0.79,8004,SAZERAC CO INC             
66_EANVERNESS_24392,66,24392,Ch Fuisse Pouilly Fuisse Tet,750mL,1,35.99,35.99,2024-07-22,750.0,2,0.11,9744,FREDERICK WILDMAN & SONS   
53_HILLFAR_31320,53,31320,La Vieille Ferme Rose Vntoux,750mL,1,6.99,6.99,2024-08-12,750.0,2,0.11,1587,VINEYARD BRANDS INC        
18_FURNESS_4358,18,4358,Mr Boston Light Rum,750mL,1,5.99,5.99,2024-08-19,750.0,1,0.79,660,SAZERAC NORTH AMERICA INC. 
75_BARNCOMBE_4153,75,4153,Jenkins Rum,1.75L,1,11.99,11.99,2024-03-30,1750.0,1,1.84,9552,M S WALKER INC             
38_GOULCREST_18951,38,18951,Caymus Conundrum Red,750mL,15,344.85,22.99,2024-05-06,750.0,2,1.69,4425,MARTIGNETTI COMPANIES
76_DONCASTER_3894,76,3894,Zhenka Vodka 100 Proof,1.75L,6,77.94,12.99,2024-09-05,1750.0,1,11.02,9552,M S WALKER INC             
66_EANVERNESS_37311,66,37311,Salmon Run NY Chard,750mL,1,9.99,9.99,2024-06-17,750.0,2,0.11,10754,PERFECTA WINES             
73_DONCASTER_16816,73,16816,H3 Horse Heaven Hills Merlot,750mL,1,11.99,11.99,2024-12-16,750.0,2,0.11,8673,STE MICHELLE WINE ESTATES  
38_GOULCREST_17906,38,17906,Kim Crawford Chard Unoaked,750mL,1,14.99,14.99,2024-11-12,750.0,2,0.11,1392,CONSTELLATION BRANDS INC   
72_HARDERSFIELD_3987,72,3987,Smirnoff Peppermint Twist,750mL,2,21.98,10.99,2024-12-09,750.0,1,1.57,3960,DIAGEO NORTH AMERICA INC   
69_MOUNTMEND_7320,69,7320,Malibu Rum Punch RTD,1.75L,1,17.99,17.99,2024-11-28,1750.0,1,1.84,17035,PERNOD RICARD USA          
38_GOULCREST_28260,38,28260,Nathanson Creek Chard,1.5L,1,7.99,7.99,2024-02-10,1500.0,2,0.22,1392,CONSTELLATION BRANDS INC   
40_BULLMAR_8082,40,8082,Baileys Irish Cream,1.75L,1,34.99,34.99,2024-07-20,1750.0,1,1.84,3960,DIAGEO NORTH AMERICA INC   
34_PITMERDEN_27802,34,27802,Moet & Chandon Imperial,375mL,1,24.49,24.49,2024-01-30,375.0,2,0.06,8112,MOET HENNESSY USA INC      
66_EANVERNESS_23438,66,23438,Frost Bitten Ice Rsl,375mL,2,29.98,14.99,2024-04-04,375.0,2,0.11,10754,PERFECTA WINES             
71_CLARCTON_3385,71,3385,Pinnacle Strawbry Kiwi Vodka,1.75L,1,16.99,16.99,2024-07-02,1750.0,1,1.84,12546,JIM BEAM BRANDS COMPANY    
33_HORNSEY_38133,33,38133,Il Bastardo Sangiovese Tosc,750mL,1,7.99,7.99,2024-02-01,750.0,2,0.11,10754,PERFECTA WINES             
44_PORTHCRAWL_8421,44,8421,Beringer Classic Wh Znfdl,750mL,3,16.95,5.65,2024-10-01,750.0,2,0.34,9819,TREASURY WINE ESTATES      
25_CAERSHIRE_4157,25,4157,Smirnoff Green Apple Vodka,50mL,6,5.94,0.99,2024-04-20,50.0,1,0.32,3960,DIAGEO NORTH AMERICA INC   
79_BALLYMENA_8694,79,8694,Skinnygirl Cosmopolitan,750mL,2,19.98,9.99,2024-08-06,750.0,1,1.57,12546,JIM BEAM BRANDS COMPANY    
73_DONCASTER_8149,73,8149,Sebastiani Cab Svgn Sonoma,750mL,1,19.99,19.99,2024-07-03,750.0,2,0.11,4425,MARTIGNETTI COMPANIES
38_GOULCREST_3608,38,3608,Smirnoff Orange Vodka,50mL,12,11.88,0.99,2024-01-18,50.0,1,0.63,3960,DIAGEO NORTH AMERICA INC   
49_GARIGILL_8626,49,8626,Ezra Brooks,1.75L,1,17.99,17.99,2024-04-09,1750.0,1,1.84,8352,LUXCO INC                  
16_LUNDY_2585,16,2585,Jameson Irish Whiskey,750mL,3,68.97,22.99,2024-11-04,750.0,1,2.36,17035,PERNOD RICARD USA          
13_TARMSWORTH_1376,13,1376,Jim Beam,1.75L,3,68.97,22.99,2024-01-20,1750.0,1,5.51,12546,JIM BEAM BRANDS COMPANY    
5_SUTTON_17041,5,17041,Sutter Home Pink Moscato,1.5L,6,59.94,9.99,2024-11-07,1500.0,2,1.35,8892,TRINCHERO FAMILY ESTATES   
75_BARNCOMBE_3584,75,3584,Absolut Raspberri,750mL,2,35.98,17.99,2024-02-06,750.0,1,1.57,17035,PERNOD RICARD USA          
63_SWORDBREAK_8512,63,8512,Baileys Irish Cream,750mL,6,119.94,19.99,2024-11-20,750.0,1,4.72,3960,DIAGEO NORTH AMERICA INC   
40_BULLMAR_2164,40,2164,New Amsterdam Gin,1.75L,1,16.99,16.99,2024-08-01,1750.0,1,1.84,3252,E & J GALLO WINERY         
72_HARDERSFIELD_3835,72,3835,Smirnoff Raspberry Vodka,750mL,1,10.99,10.99,2024-07-13,750.0,1,0.79,3960,DIAGEO NORTH AMERICA INC   
30_CULCHETH_8910,30,8910,Finlandia Vodka,50mL,1,0.99,0.99,2024-10-04,50.0,1,0.05,1128,BROWN-FORMAN CORP          
6_GOULCREST_14054,6,14054,Seaglass Rsl,750mL,1,8.99,8.99,2024-10-21,750.0,2,0.11,8892,TRINCHERO FAMILY ESTATES   
68_SOLARIS_1378,68,1378,Jim Beam,375mL,1,9.49,9.49,2024-07-25,375.0,1,0.39,12546,JIM BEAM BRANDS COMPANY    
50_MOUNTMEND_23355,50,23355,Paul Dolan 12 Cab Svgn,750mL,1,14.99,14.99,2024-03-10,750.0,2,0.11,9552,M S WALKER INC             
15_WANBORNE_4624,15,4624,Meukow 90,750mL,1,19.99,19.99,2024-12-22,750.0,1,0.79,660,SAZERAC NORTH AMERICA INC. 
32_MOUNTMEND_1385,32,1385,Makers Mark,750mL,7,174.93,24.99,2024-12-08,750.0,1,5.51,12546,JIM BEAM BRANDS COMPANY    
11_CARDEND_17967,11,17967,Banfi Principessa Gavia Gav,750mL,1,13.99,13.99,2024-05-13,750.0,2,0.11,516,BANFI PRODUCTS CORP        
38_GOULCREST_6264,38,6264,Cooks Extra Dry,750mL,10,79.9,7.99,2024-04-08,750.0,2,1.12,1392,CONSTELLATION BRANDS INC   
77_TAMWORTH_5230,77,5230,Bacardi Party Drinks Bahama,1.75L,1,12.99,12.99,2024-08-13,1750.0,1,1.84,480,BACARDI USA INC            
22_SHARNWICK_1385,22,1385,Makers Mark,750mL,3,74.97,24.99,2024-11-13,750.0,1,2.36,12546,JIM BEAM BRANDS COMPANY    
57_LANTEGLOS_8658,57,8658,Absente 'Absinthe Refined',750mL,1,33.99,33.99,2024-09-03,750.0,1,0.79,6213,MHW LTD                    
38_GOULCREST_39087,38,39087,Corbett Canyon Pnt Grigio,3L,3,32.97,10.99,2024-04-13,3000.0,2,1.35,9815,WINE GROUP INC             
15_WANBORNE_38483,15,38483,Sharpe Hill Ballet of Angel,750mL,1,10.99,10.99,2024-05-17,750.0,2,0.11,10754,PERFECTA WINES             
8_ALNERWICK_19270,8,19270,Veuve Clicquot Brut Yellow,375mL,1,24.99,24.99,2024-10-08,375.0,2,0.06,8112,MOET HENNESSY USA INC      
41_LARNWICK_8847,41,8847,J Roget Extra Dry,750mL,4,23.96,5.99,2024-11-04,750.0,2,0.45,1392,CONSTELLATION BRANDS INC   
66_EANVERNESS_40559,66,40559,McManis Cab Svgn Cal,750mL,3,35.97,11.99,2024-09-14,750.0,2,0.34,653,STATE WINE & SPIRITS   
53_HILLFAR_3089,53,3089,Evan Williams Honey Reserve,750mL,1,10.99,10.99,2024-12-03,750.0,1,0.79,3924,HEAVEN HILL DISTILLERIES   
69_MOUNTMEND_34428,69,34428,Frei Bros RSV Chard RRV,750mL,2,29.9,14.95,2024-10-06,750.0,2,0.22,3252,E & J GALLO WINERY         
30_CULCHETH_8159,30,8159,Jose Cuervo Especial,1.75L,2,53.98,26.99,2024-04-19,1750.0,1,3.67,7245,PROXIMO SPIRITS INC.       
74_PAENTMARWY_3871,74,3871,Smirnoff Watermelon Vodka,750mL,1,12.99,12.99,2024-10-29,750.0,1,0.79,3960,DIAGEO NORTH AMERICA INC   
44_PORTHCRAWL_23401,44,23401,Bridlewood Slct Pnt Nr Lucia,750mL,1,15.99,15.99,2024-03-20,750.0,2,0.11,3252,E & J GALLO WINERY         
69_MOUNTMEND_20725,69,20725,Chronic Cellars Purple Parad,750mL,2,29.98,14.99,2024-08-10,750.0,2,0.22,7153,PINE STATE TRADING CO      
47_PELLA'S WISH_5107,47,5107,St Remy XO Napoleon Brandy,750mL,1,14.99,14.99,2024-05-28,750.0,1,0.79,7239,REMY COINTREAU USA INC     
48_NORFOLK_5491,48,5491,Rumpleminze,50mL,2,3.98,1.99,2024-03-07,50.0,1,0.1,3960,DIAGEO NORTH AMERICA INC   
18_FURNESS_35414,18,35414,Yellow Tail Shiraz Ausl,1.5L,1,14.99,14.99,2024-02-19,1500.0,2,0.22,4425,MARTIGNETTI COMPANIES
60_IRRAGIN_3488,60,3488,Tanqueray,750mL,2,47.98,23.99,2024-07-30,750.0,1,1.57,3960,DIAGEO NORTH AMERICA INC   
65_LUTON_24327,65,24327,La Crema Pnt Nr Sonoma Cst,750mL,4,87.96,21.99,2024-09-02,750.0,2,0.45,10000,MAJESTIC FINE WINES        
15_WANBORNE_2047,15,2047,Sheep Dip Scotch,750mL,1,34.99,34.99,2024-09-17,750.0,1,0.79,9744,FREDERICK WILDMAN & SONS   
78_EASTHAVEN_33874,78,33874,Bella Sera Pinot Grigio Del,1.5L,1,10.99,10.99,2024-07-21,1500.0,2,0.22,3252,E & J GALLO WINERY         
53_HILLFAR_3728,53,3728,Absolut Citron,1.75L,2,49.98,24.99,2024-04-07,1750.0,1,3.67,17035,PERNOD RICARD USA          
71_CLARCTON_27735,71,27735,Bogle Cab Svgn Cal,750mL,1,8.95,8.95,2024-12-02,750.0,2,0.11,4425,MARTIGNETTI COMPANIES
69_MOUNTMEND_5527,69,5527,Fernet Gancia Liqueur,750mL,1,22.99,22.99,2024-12-03,750.0,1,0.79,10050,Russian Standard Vodka     
20_BREDWARDINE_5597,20,5597,DeKuyper Watermelon Pucker,750mL,1,9.99,9.99,2024-10-19,750.0,1,0.79,12546,JIM BEAM BRANDS COMPANY    
76_DONCASTER_15266,76,15266,The Naked Grape Chard,750mL,1,6.99,6.99,2024-07-22,750.0,2,0.11,3252,E & J GALLO WINERY         
81_PEMBROKE_8498,81,8498,R M Woodbridge Svgn Bl Cal,1.5L,1,8.99,8.99,2024-12-28,1500.0,2,0.22,1392,CONSTELLATION BRANDS INC   
51_ABERDEEN_41546,51,41546,Monkey Bay Svgn Bl,750mL,2,17.98,8.99,2024-01-19,750.0,2,0.22,1392,CONSTELLATION BRANDS INC   
60_IRRAGIN_16837,60,16837,Beringer Classic Pink Moscat,750mL,2,11.98,5.99,2024-11-26,750.0,2,0.22,9819,TREASURY WINE ESTATES      
76_DONCASTER_3235,76,3235,Absolut Berri Acai,750mL,1,16.99,16.99,2024-09-04,750.0,1,0.79,17035,PERNOD RICARD USA          
20_BREDWARDINE_20406,20,20406,Tenuta Santo Pietro Percept,750mL,1,20.99,20.99,2024-10-03,750.0,2,0.11,7255,PSP WINES 
74_PAENTMARWY_482,74,482,Absolut 80 Proof,Liter,2,43.98,21.99,2024-12-17,1000.0,1,2.1,17035,PERNOD RICARD USA          
81_PEMBROKE_1025,81,1025,Fulton's Harvest Pumpkin Liq,750mL,1,9.99,9.99,2024-09-24,750.0,1,0.79,3924,HEAVEN HILL DISTILLERIES   
42_BLACK HOLLOW_8103,42,8103,Sauza Gold Tequila,50mL,1,0.99,0.99,2024-11-13,50.0,1,0.05,12546,JIM BEAM BRANDS COMPANY    
57_LANTEGLOS_4241,57,4241,Capt Morgan Spiced Rum,50mL,4,7.96,1.99,2024-09-18,50.0,1,0.21,3960,DIAGEO NORTH AMERICA INC   
22_SHARNWICK_21864,22,21864,Dom Carneros Brut,750mL,6,179.94,29.99,2024-07-31,750.0,2,0.68,4692,KOBRAND CORPORATION        
5_SUTTON_41034,5,41034,Menage a Trois Red,750mL,1,8.99,8.99,2024-05-24,750.0,2,0.11,8892,TRINCHERO FAMILY ESTATES   
74_PAENTMARWY_3511,74,3511,New Amsterdam Vodka,750mL,3,29.97,9.99,2024-04-16,750.0,1,2.36,3252,E & J GALLO WINERY         
67_EANVERNESS_7982,67,7982,M & R Sweet Vermouth,750mL,3,22.47,7.49,2024-09-11,750.0,1,2.36,480,BACARDI USA INC            
72_HARDERSFIELD_27735,72,27735,Bogle Cab Svgn Cal,750mL,4,43.96,10.99,2024-08-20,750.0,2,0.45,4425,MARTIGNETTI COMPANIES
34_PITMERDEN_3583,34,3583,Smirnoff Orange Vodka,1.75L,1,19.99,19.99,2024-08-08,1750.0,1,1.84,3960,DIAGEO NORTH AMERICA INC   
51_ABERDEEN_3780,51,3780,Three Olives Raspberry Vodk,750mL,1,12.99,12.99,2024-11-18,750.0,1,0.79,7245,PROXIMO SPIRITS INC.       
54_GUTHRAM_29407,54,29407,Wild Horse CC Merlot,750mL,2,31.98,15.99,2024-12-19,750.0,2,0.22,1392,CONSTELLATION BRANDS INC   
41_LARNWICK_3879,41,3879,Smirnoff 80 Proof Traveler,750mL,1,10.99,10.99,2024-04-24,750.0,1,0.79,3960,DIAGEO NORTH AMERICA INC   
13_TARMSWORTH_3982,13,3982,Hornitos Reposado Tequila,750mL,2,41.98,20.99,2024-10-19,750.0,1,1.57,12546,JIM BEAM BRANDS COMPANY    
42_BLACK HOLLOW_5124,42,5124,Cointreau Liqueur,1.75L,1,64.99,64.99,2024-09-08,1750.0,1,1.84,7239,REMY COINTREAU USA INC     
64_CESTERFIELD_38370,64,38370,Oyster Bay Svgn Bl Marlboro,750mL,1,11.99,11.99,2024-11-22,750.0,2,0.11,4425,MARTIGNETTI COMPANIES
22_SHARNWICK_3566,22,3566,Pinnacle Raspberry,50mL,1,0.99,0.99,2024-10-16,50.0,1,0.05,12546,JIM BEAM BRANDS COMPANY    
67_EANVERNESS_14439,67,14439,Barefoot Sweet Red,750mL,2,12.58,6.29,2024-07-06,750.0,2,0.22,3252,E & J GALLO WINERY         
73_DONCASTER_27203,73,27203,DeLoach Ethans Vyd Znfdl,750mL,3,38.97,12.99,2024-12-01,750.0,2,0.34,4425,MARTIGNETTI COMPANIES
7_STANMORE_6660,7,6660,Carlo Rossi Paisano Calif,4L,1,14.99,14.99,2024-04-23,4000.0,2,0.6,3252,E & J GALLO WINERY         
64_CESTERFIELD_1003,64,1003,Crown Royal +2 Reusable Cups,750mL,1,22.99,22.99,2024-11-26,750.0,1,0.79,3960,DIAGEO NORTH AMERICA INC   
34_PITMERDEN_22170,34,22170,Bone Shaker Znfdl,750mL,2,39.98,19.99,2024-02-22,750.0,2,0.22,7153,PINE STATE TRADING CO      
25_CAERSHIRE_8653,25,8653,M & R Extra Dry Vermouth,375mL,1,5.29,5.29,2024-11-16,375.0,2,0.06,480,BACARDI USA INC            
1_HARDERSFIELD_4241,1,4241,Capt Morgan Spiced Rum,50mL,2,3.98,1.99,2024-04-04,50.0,1,0.1,3960,DIAGEO NORTH AMERICA INC   
78_EASTHAVEN_4222,78,4222,Bacardi Gold Rum,750mL,2,27.98,13.99,2024-04-27,750.0,1,1.57,480,BACARDI USA INC            
9_BLACKPOOL_2979,9,2979,Bowmore 12-Yr Scotch,750mL,1,44.99,44.99,2024-08-25,750.0,1,0.79,12546,JIM BEAM BRANDS COMPANY    
72_HARDERSFIELD_77,72,77,Three Olives Espresso Vodka,750mL,1,12.99,12.99,2024-02-03,750.0,1,0.79,7245,PROXIMO SPIRITS INC.       
56_BEGGAR'S HOLE_46424,56,46424,Hob Nob Pnt Nr VDP D'Oc,750mL,1,9.99,9.99,2024-08-26,750.0,2,0.11,4425,MARTIGNETTI COMPANIES
58_HARTLEPOOL_4257,58,4257,Bacardi Grapefruit Rum,50mL,5,4.95,0.99,2024-07-31,50.0,1,0.26,480,BACARDI USA INC            
12_LEESIDE_3879,12,3879,Smirnoff 80 Proof Traveler,750mL,1,12.99,12.99,2024-05-12,750.0,1,0.79,3960,DIAGEO NORTH AMERICA INC   
69_MOUNTMEND_17876,69,17876,Darkhorse Cab Svgn,750mL,1,7.99,7.99,2024-02-19,750.0,2,0.11,3252,E & J GALLO WINERY         
21_BALERNO_2757,21,2757,Johnnie Walker Red Label,1.75L,3,89.97,29.99,2024-06-21,1750.0,1,5.51,3960,DIAGEO NORTH AMERICA INC   
11_CARDEND_5952,11,5952,Jagermeister Liqueur,50mL,1,1.99,1.99,2024-06-17,50.0,1,0.05,3089,SIDNEY FRANK IMPORTING CO  
48_NORFOLK_2114,48,2114,Black Velvet Canadian Whisky,1.75L,12,155.88,12.99,2024-05-07,1750.0,1,22.05,1392,CONSTELLATION BRANDS INC   
32_MOUNTMEND_5297,32,5297,Southern Comfort,750mL,3,41.97,13.99,2024-04-29,750.0,1,2.36,1128,BROWN-FORMAN CORP          
53_HILLFAR_5490,53,5490,DeKuyper Hot Damn Cinnamon,50mL,2,1.98,0.99,2024-12-04,50.0,1,0.1,12546,JIM BEAM BRANDS COMPANY    
76_DONCASTER_11227,76,11227,Girard Svgn Bl Napa Vly,750mL,3,44.97,14.99,2024-08-24,750.0,2,0.34,4425,MARTIGNETTI COMPANIES
37_PAETHSMOUTH_5714,37,5714,Jose Cuervo Lime Margarita,200mL 4 Pk,1,9.99,9.99,2024-01-16,200.0,1,0.21,7245,PROXIMO SPIRITS INC.       
70_KELD_2924,70,2924,Speyburn 10-Yr Single Malt,750mL,1,24.99,24.99,2024-06-29,750.0,1,0.79,8004,SAZERAC CO INC             
73_DONCASTER_2302,73,2302,St George Botanivore Gin,750mL,2,59.98,29.99,2024-02-07,750.0,1,1.57,9165,ULTRA BEVERAGE COMPANY LLP 
34_PITMERDEN_5337,34,5337,Drambuie,750mL,5,149.95,29.99,2024-03-31,750.0,1,3.94,3664,WILLIAM GRANT & SONS INC   
73_DONCASTER_3769,73,3769,Jenkins Vodka,1.75L,4,35.96,8.99,2024-01-29,1750.0,1,7.35,9552,M S WALKER INC             
55_DRY GULCH_3348,55,3348,Bombay Sapphire Gin,1.75L,3,110.97,36.99,2024-09-15,1750.0,1,5.51,480,BACARDI USA INC            
42_BLACK HOLLOW_2586,42,2586,Jameson Irish Whiskey,50mL,3,8.97,2.99,2024-08-04,50.0,1,0.16,17035,PERNOD RICARD USA          
61_AETHELNEY_18743,61,18743,Ca'Momi Merlot Napa Valley,750mL,2,19.98,9.99,2024-05-16,750.0,2,0.22,10754,PERFECTA WINES             
66_EANVERNESS_1961,66,1961,Everclear 151,1.75L,2,65.98,32.99,2024-04-17,1750.0,1,3.67,8352,LUXCO INC                  
10_HORNSEY_5242,10,5242,Cointreau Liqueur,750mL,1,29.99,29.99,2024-04-12,750.0,1,0.79,7239,REMY COINTREAU USA INC     
14_BROMWICH_2418,14,2418,Crown Royal Regal Apple,750mL,2,45.98,22.99,2024-03-22,750.0,1,1.57,3960,DIAGEO NORTH AMERICA INC   
34_PITMERDEN_25853,34,25853,Purple Heart Red,750mL,1,16.99,16.99,2024-07-14,750.0,2,0.11,2000,SOUTHERN WINE & SPIRITS NE 
76_DONCASTER_8021,76,8021,Glenfiddich Special Rsv 12,750mL,1,47.99,47.99,2024-01-10,750.0,1,0.79,3664,WILLIAM GRANT & SONS INC   
67_EANVERNESS_4269,67,4269,Calico Jack Spiced Rum,1.75L,2,25.98,12.99,2024-01-21,1750.0,1,3.67,12546,JIM BEAM BRANDS COMPANY    
50_MOUNTMEND_22515,50,22515,Justin Vyds 13 Svgn Bl C Cst,750mL,1,14.99,14.99,2024-04-02,750.0,2,0.11,9552,M S WALKER INC             
73_DONCASTER_5070,73,5070,Russo Limoncello,750mL,1,25.99,25.99,2024-12-24,750.0,1,0.79,7153,PINE STATE TRADING CO      
32_MOUNTMEND_10927,32,10927,Barefoot Sparklng Pnt Grigio,750mL,1,9.99,9.99,2024-07-16,750.0,2,0.11,3252,E & J GALLO WINERY         
62_KILMARNOCK_1883,62,1883,Seagrams 7 Crown,1.75L,2,35.98,17.99,2024-10-28,1750.0,1,3.67,3960,DIAGEO NORTH AMERICA INC   
52_GRAYCOTT_966,52,966,Patron Citronge Orange Liqu,750mL,1,20.99,20.99,2024-07-18,750.0,1,0.79,9165,ULTRA BEVERAGE COMPANY LLP 
30_CULCHETH_5146,30,5146,Pama Pomegranate Liqueur,750mL,1,19.99,19.99,2024-09-14,750.0,1,0.79,3924,HEAVEN HILL DISTILLERIES   
69_MOUNTMEND_1003,69,1003,Crown Royal +2 Reusable Cups,750mL,4,91.96,22.99,2024-11-22,750.0,1,3.15,3960,DIAGEO NORTH AMERICA INC   
34_PITMERDEN_44038,34,44038,Barefoot Pnt Grigio Cal,1.5L,3,26.25,8.75,2024-07-31,1500.0,2,0.68,3252,E & J GALLO WINERY         
66_EANVERNESS_5365,66,5365,Kahlua,750mL,10,189.9,18.99,2024-08-13,750.0,1,7.87,17035,PERNOD RICARD USA          
14_BROMWICH_4494,14,4494,Jenkins French Brandy,1.75L,2,37.98,18.99,2024-04-26,1750.0,1,3.67,9552,M S WALKER INC             
79_BALLYMENA_2644,79,2644,Chivas Regal 18-Yr Scotch,750mL,1,74.99,74.99,2024-12-24,750.0,1,0.79,17035,PERNOD RICARD USA          
9_BLACKPOOL_4105,9,4105,Patron XO Cafe Variety 3 Pak,50mL 3 Pk,1,6.99,6.99,2024-07-16,50.0,1,0.05,9165,ULTRA BEVERAGE COMPANY LLP 
73_DONCASTER_27831,73,27831,Wild Horse CC Chard,750mL,2,21.98,10.99,2024-04-10,750.0,2,0.22,1392,CONSTELLATION BRANDS INC   
56_BEGGAR'S HOLE_2753,56,2753,Johnnie Walker Black Label,1.75L,1,59.99,59.99,2024-12-07,1750.0,1,1.84,3960,DIAGEO NORTH AMERICA INC   
45_VERITAS_6105,45,6105,Midnight Moon,750mL,1,19.99,19.99,2024-04-30,750.0,1,0.79,9165,ULTRA BEVERAGE COMPANY LLP 
42_BLACK HOLLOW_8203,42,8203,Grand Marnier,50mL,6,17.94,2.99,2024-01-15,50.0,1,0.32,8112,MOET HENNESSY USA INC      
50_MOUNTMEND_46985,50,46985,Rodney Strong Cab Svgn Alexa,750mL,2,49.98,24.99,2024-02-07,750.0,2,0.22,4425,MARTIGNETTI COMPANIES
1_HARDERSFIELD_171,1,171,Gentleman Jack,1.75L,1,49.99,49.99,2024-03-23,1750.0,1,1.84,1128,BROWN-FORMAN CORP          
64_CESTERFIELD_27854,64,27854,F Coppola Black Label Claret,750mL,4,63.96,15.99,2024-09-28,750.0,2,0.45,2000,SOUTHERN WINE & SPIRITS NE 
66_EANVERNESS_4124,66,4124,Blue Chair Bay Banana Cream,50mL,18,17.82,0.99,2024-11-04,50.0,1,0.94,6213,MHW LTD                    
25_CAERSHIRE_24086,25,24086,Hess Select Chard,750mL,7,69.65,9.95,2024-11-18,750.0,2,0.79,4425,MARTIGNETTI COMPANIES
59_CLAETHORPES_8693,59,8693,Ezra Brooks,750mL,3,29.97,9.99,2024-07-31,750.0,1,2.36,8352,LUXCO INC                  
12_LEESIDE_4382,12,4382,Admiral Nelson Spiced Rum,1.75L,1,18.99,18.99,2024-10-22,1750.0,1,1.84,3924,HEAVEN HILL DISTILLERIES   
55_DRY GULCH_3272,55,3272,Sobieski Vodka,1.75L,3,53.97,17.99,2024-07-11,1750.0,1,5.51,9552,M S WALKER INC             
66_EANVERNESS_1269,66,1269,Jeffersons Bourbon,750mL,3,80.97,26.99,2024-08-20,750.0,1,2.36,1485,CASTLE BRANDS CORP.        
52_GRAYCOTT_6314,52,6314,Livingston Burgundy Calif,3L,1,11.99,11.99,2024-04-15,3000.0,2,0.45,3252,E & J GALLO WINERY         
38_GOULCREST_44734,38,44734,Casa Liliana Good Pnt Grg,750mL,2,15.98,7.99,2024-09-22,750.0,2,0.22,90024,VINILANDIA USA             
38_GOULCREST_42886,38,42886,Clos de Los Siete Mendoza,750mL,2,39.98,19.99,2024-12-24,750.0,2,0.22,4425,MARTIGNETTI COMPANIES
73_DONCASTER_38541,73,38541,Avalon Cab Svgn Napa,750mL,1,19.99,19.99,2024-04-23,750.0,2,0.11,9552,M S WALKER INC             
76_DONCASTER_10400,76,10400,Rodney Strong Symmetry,750mL,1,57.99,57.99,2024-09-23,750.0,2,0.11,4425,MARTIGNETTI COMPANIES
38_GOULCREST_5146,38,5146,Pama Pomegranate Liqueur,750mL,2,39.98,19.99,2024-07-29,750.0,1,1.57,3924,HEAVEN HILL DISTILLERIES   
76_DONCASTER_4227,76,4227,Bacardi Superior Rum Trav,1.75L,7,125.93,17.99,2024-08-29,1750.0,1,12.86,480,BACARDI USA INC            
27_MOUNTMEND_8130,27,8130,Bacardi Superior Rum,50mL,6,7.74,1.29,2024-09-05,50.0,1,0.32,480,BACARDI USA INC            
77_TAMWORTH_1278,77,1278,Jim Beam Black,1.75L,1,34.99,34.99,2024-02-07,1750.0,1,1.84,12546,JIM BEAM BRANDS COMPANY    
32_MOUNTMEND_18027,32,18027,Banfi Rosa Regale,750mL,1,13.95,13.95,2024-11-27,750.0,2,0.11,516,BANFI PRODUCTS CORP        
55_DRY GULCH_4233,55,4233,Castillo Silver Label Rum,1.75L,1,12.99,12.99,2024-05-20,1750.0,1,1.84,480,BACARDI USA INC            
32_MOUNTMEND_8223,32,8223,Dom Chandon Blanc de Noir C,750mL,2,27.98,13.99,2024-12-27,750.0,1,1.57,8112,MOET HENNESSY USA INC      
12_LEESIDE_14652,12,14652,Cambria Katherine Vyd Chard,750mL,12,191.88,15.99,2024-06-23,750.0,2,1.35,9552,M S WALKER INC             
32_MOUNTMEND_3913,32,3913,Svedka Vodka,1.75L,1,22.99,22.99,2024-04-12,1750.0,1,1.84,1392,CONSTELLATION BRANDS INC   
76_DONCASTER_26558,76,26558,King Est Pnt Nr Ore,750mL,2,53.98,26.99,2024-09-17,750.0,2,0.22,4425,MARTIGNETTI COMPANIES
50_MOUNTMEND_24712,50,24712,Ennuk Red Terra Alta,750mL,1,18.99,18.99,2024-08-20,750.0,2,0.11,90024,VINILANDIA USA             
16_LUNDY_3762,16,3762,Patron Silver Tequila,50mL,1,5.99,5.99,2024-05-21,50.0,1,0.05,9165,ULTRA BEVERAGE COMPANY LLP 
69_MOUNTMEND_1359,69,1359,Knob Creek Rye,750mL,2,55.98,27.99,2024-02-06,750.0,1,1.57,12546,JIM BEAM BRANDS COMPANY    
38_GOULCREST_41212,38,41212,A to Z Pnt Gris Ore,750mL,1,14.99,14.99,2024-11-18,750.0,2,0.11,9165,ULTRA BEVERAGE COMPANY LLP 
39_EASTHALLOW_12213,39,12213,Evodia Garnacha Old Vine,750mL,2,15.98,7.99,2024-06-10,750.0,2,0.22,9552,M S WALKER INC             
23_ARBINGTON_13708,23,13708,Bota Box Cab Svgn,3L,1,19.99,19.99,2024-09-11,3000.0,2,0.45,2242,DELICATO VINEYARDS INC     
60_IRRAGIN_1956,60,1956,Balvenie 12 Yr Doublewood S,750mL,1,54.99,54.99,2024-12-07,750.0,1,0.79,3664,WILLIAM GRANT & SONS INC   
49_GARIGILL_5676,49,5676,Kinky Liqueur,50mL,1,1.99,1.99,2024-05-04,50.0,1,0.05,7153,PINE STATE TRADING CO      
41_LARNWICK_3871,41,3871,Smirnoff Watermelon Vodka,750mL,3,38.97,12.99,2024-08-05,750.0,1,2.36,3960,DIAGEO NORTH AMERICA INC   
39_EASTHALLOW_24648,39,24648,Mumm Napa Bl de Blanc,750mL,1,16.99,16.99,2024-08-15,750.0,2,0.11,17035,PERNOD RICARD USA          
12_LEESIDE_24829,12,24829,Cecchi Chianti Classico,750mL,1,10.99,10.99,2024-01-11,750.0,2,0.11,9165,ULTRA BEVERAGE COMPANY LLP 
69_MOUNTMEND_19662,69,19662,Santa Rita 120 Svgn Bl,750mL,2,11.98,5.99,2024-02-04,750.0,2,0.22,6785,PALM BAY INTERNATIONAL INC 
76_DONCASTER_20800,76,20800,Talamonti Moda Montepulciano,750mL,1,8.99,8.99,2024-10-03,750.0,2,0.11,9552,M S WALKER INC             
7_STANMORE_2932,7,2932,Jameson Black Barrel,750mL,2,67.98,33.99,2024-12-22,750.0,1,1.57,17035,PERNOD RICARD USA          
38_GOULCREST_567,38,567,Ketel One Vodka,Liter,1,28.99,28.99,2024-06-19,1000.0,1,1.05,3960,DIAGEO NORTH AMERICA INC   
57_LANTEGLOS_7535,57,7535,Gekkeikan Sake,750mL,1,5.99,5.99,2024-01-02,750.0,1,0.79,8320,SHAW ROSS INT L IMP LTD    
48_NORFOLK_2432,48,2432,Crown Royal,750mL,2,49.98,24.99,2024-09-28,750.0,1,1.57,3960,DIAGEO NORTH AMERICA INC   
77_TAMWORTH_28947,77,28947,R M Woodbridge Merlot Cal,1.5L,5,49.95,9.99,2024-10-13,1500.0,2,1.12,1392,CONSTELLATION BRANDS INC   
39_EASTHALLOW_4280,39,4280,Capt Morgan Parrot Bay Coco,1.75L,1,23.99,23.99,2024-12-24,1750.0,1,1.84,3960,DIAGEO NORTH AMERICA INC   
75_BARNCOMBE_3427,75,3427,Stolichnaya Blueberi,1.75L,3,74.97,24.99,2024-12-31,1750.0,1,5.51,8664,"STOLI GROUP,(USA) LLC      "
64_CESTERFIELD_5365,64,5365,Kahlua,750mL,2,37.98,18.99,2024-06-18,750.0,1,1.57,17035,PERNOD RICARD USA          
32_MOUNTMEND_1770,32,1770,Jack Daniels Tennessee Fire,1.75L,1,37.99,37.99,2024-11-06,1750.0,1,1.84,1128,BROWN-FORMAN CORP          
14_BROMWICH_3834,14,3834,Skyy Vodka,750mL,1,12.99,12.99,2024-03-31,750.0,1,0.79,11567,CAMPARI AMERICA            
15_WANBORNE_26399,15,26399,Trapiche Malbec Mendoza Oak,750mL,2,15.98,7.99,2024-01-30,750.0,2,0.22,9815,WINE GROUP INC             
66_EANVERNESS_35607,66,35607,Castle Rock Merlot Cal,750mL,1,9.99,9.99,2024-06-10,750.0,2,0.11,4425,MARTIGNETTI COMPANIES
72_HARDERSFIELD_5018,72,5018,E&J Apple Brandy,50mL,6,5.94,0.99,2024-11-25,50.0,1,0.32,3252,E & J GALLO WINERY         
41_LARNWICK_8910,41,8910,Finlandia Vodka,50mL,10,9.9,0.99,2024-11-21,50.0,1,0.52,1128,BROWN-FORMAN CORP          
53_HILLFAR_7716,53,7716,Andre Brut,750mL,5,29.95,5.99,2024-11-23,750.0,2,0.56,3252,E & J GALLO WINERY         
49_GARIGILL_1389,49,1389,Makers Mark,50mL,2,5.98,2.99,2024-12-09,50.0,1,0.1,12546,JIM BEAM BRANDS COMPANY    
37_PAETHSMOUTH_6861,37,6861,Sutter Home Clsc Wh Znfdl,187mL 4 Pk,3,17.97,5.99,2024-08-06,187.0,2,0.08,8892,TRINCHERO FAMILY ESTATES   
73_DONCASTER_12951,73,12951,Purple Cowboy Red,750mL,2,21.98,10.99,2024-10-15,750.0,2,0.22,9165,ULTRA BEVERAGE COMPANY LLP 
25_CAERSHIRE_6937,25,6937,Cavit Pinot Grigio,1.5L,4,59.96,14.99,2024-06-27,1500.0,2,0.9,6785,PALM BAY INTERNATIONAL INC 
61_AETHELNEY_2591,61,2591,Cardhu Scotch,750mL,1,39.99,39.99,2024-12-09,750.0,1,0.79,3960,DIAGEO NORTH AMERICA INC   
69_MOUNTMEND_15444,69,15444,Riff Pnt Grigio,750mL,1,9.99,9.99,2024-03-26,750.0,2,0.11,4425,MARTIGNETTI COMPANIES
51_ABERDEEN_3512,51,3512,Pinnacle Vodka,1.75L,4,63.96,15.99,2024-11-25,1750.0,1,7.35,12546,JIM BEAM BRANDS COMPANY    
66_EANVERNESS_17707,66,17707,Smoking Loon Steelbird Chard,750mL,2,13.58,6.79,2024-07-19,750.0,2,0.22,9552,M S WALKER INC             
60_IRRAGIN_27735,60,27735,Bogle Cab Svgn Cal,750mL,4,43.96,10.99,2024-06-15,750.0,2,0.45,4425,MARTIGNETTI COMPANIES
25_CAERSHIRE_8053,25,8053,Seagrams 7 Crown,50mL,5,4.95,0.99,2024-09-12,50.0,1,0.26,3960,DIAGEO NORTH AMERICA INC   
42_BLACK HOLLOW_1388,42,1388,Red Stag by Jim Beam,1.75L,1,23.99,23.99,2024-07-15,1750.0,1,1.84,12546,JIM BEAM BRANDS COMPANY    
37_PAETHSMOUTH_3896,37,3896,Zhenka Vodka,375mL,1,3.29,3.29,2024-01-05,375.0,1,0.39,9552,M S WALKER INC             
27_MOUNTMEND_1883,27,1883,Seagrams 7 Crown,1.75L,2,35.98,17.99,2024-01-08,1750.0,1,3.67,3960,DIAGEO NORTH AMERICA INC   
51_ABERDEEN_6987,51,6987,Rosemount Shiraz/Cab Svgn,750mL,1,9.99,9.99,2024-03-15,750.0,2,0.11,4425,MARTIGNETTI COMPANIES
66_EANVERNESS_38263,66,38263,Orleans Hill Syrah Lodi,750mL,2,19.98,9.99,2024-08-20,750.0,2,0.22,7153,PINE STATE TRADING CO      
43_WOLFORD_1231,43,1231,Jack Daniels No 7 Black,375mL,1,10.99,10.99,2024-10-28,375.0,1,0.39,1128,BROWN-FORMAN CORP          
77_TAMWORTH_5102,77,5102,Brinley Shipwreck Coconut Cr,750mL,1,19.99,19.99,2024-09-28,750.0,1,0.79,9165,ULTRA BEVERAGE COMPANY LLP 
64_CESTERFIELD_13793,64,13793,Yellow Tail Svgn Bl,1.5L,1,9.99,9.99,2024-11-28,1500.0,2,0.22,4425,MARTIGNETTI COMPANIES
64_CESTERFIELD_1396,64,1396,Old Crow,1.75L,2,31.98,15.99,2024-06-22,1750.0,1,3.67,12546,JIM BEAM BRANDS COMPANY    
50_MOUNTMEND_17296,50,17296,Monte Velho Tinto Alentejo R,750mL,1,10.99,10.99,2024-11-23,750.0,2,0.11,90010,VINEXTRA INC               
43_WOLFORD_4157,43,4157,Smirnoff Green Apple Vodka,50mL,17,16.83,0.99,2024-11-03,50.0,1,0.89,3960,DIAGEO NORTH AMERICA INC   
54_GUTHRAM_26787,54,26787,Moet & Chandon Imperial,187mL,7,73.43,10.49,2024-12-31,187.0,2,0.2,8112,MOET HENNESSY USA INC      
73_DONCASTER_5242,73,5242,Cointreau Liqueur,750mL,10,299.9,29.99,2024-07-02,750.0,1,7.87,7239,REMY COINTREAU USA INC     
38_GOULCREST_24887,38,24887,Novelty Hill Svgn Bl,750mL,2,19.98,9.99,2024-08-11,750.0,2,0.22,9165,ULTRA BEVERAGE COMPANY LLP 
36_LEWES_5105,36,5105,Dr McGillicuddy's Mentholmnt,1.75L,1,19.99,19.99,2024-12-30,1750.0,1,1.84,8004,SAZERAC CO INC             
44_PORTHCRAWL_38771,44,38771,Rob Stuart Big Fire Pnt Gris,750mL,2,29.98,14.99,2024-08-13,750.0,2,0.22,653,STATE WINE & SPIRITS   
2_ASHBORNE_8178,2,8178,Bulleit Bourbon,750mL,26,675.74,25.99,2024-01-17,750.0,1,20.47,3960,DIAGEO NORTH AMERICA INC   
38_GOULCREST_4679,38,4679,Courvoisier VS Cognac,375mL,2,26.98,13.49,2024-09-20,375.0,1,0.79,12546,JIM BEAM BRANDS COMPANY    
7_STANMORE_12123,7,12123,Barefoot Cellars Rsl,750mL,1,6.29,6.29,2024-02-22,750.0,2,0.11,3252,E & J GALLO WINERY         
73_DONCASTER_3782,73,3782,Grey Goose Le Citron Vodka,750mL,2,47.98,23.99,2024-06-04,750.0,1,1.57,480,BACARDI USA INC            
69_MOUNTMEND_6650,69,6650,Simi Chard,750mL,2,21.98,10.99,2024-01-25,750.0,2,0.22,1392,CONSTELLATION BRANDS INC   
4_EANVERNESS_6213,4,6213,Taylor Red Port,1.5L,1,7.99,7.99,2024-04-06,1500.0,2,0.22,1392,CONSTELLATION BRANDS INC   
28_LARNWICK_3871,28,3871,Smirnoff Watermelon Vodka,750mL,1,12.99,12.99,2024-08-03,750.0,1,0.79,3960,DIAGEO NORTH AMERICA INC   
37_PAETHSMOUTH_8342,37,8342,Korbel X Dry,750mL,1,11.99,11.99,2024-11-22,750.0,2,0.11,1128,BROWN-FORMAN CORP          
1_HARDERSFIELD_25832,1,25832,Dry Creek Fume Bl Sonoma,750mL,1,10.99,10.99,2024-01-20,750.0,2,0.11,7153,PINE STATE TRADING CO      
41_LARNWICK_35393,41,35393,Tohu Svgn Bl Marlboro,750mL,1,13.99,13.99,2024-10-09,750.0,2,0.11,9552,M S WALKER INC             
46_TYWARDREATH_8480,46,8480,Clan MacGregor,1.75L,1,14.99,14.99,2024-02-24,1750.0,1,1.84,3664,WILLIAM GRANT & SONS INC   
76_DONCASTER_5891,76,5891,Ryans Irish Cream,1.75L,1,15.99,15.99,2024-05-29,1750.0,1,1.84,8004,SAZERAC CO INC             
73_DONCASTER_44072,73,44072,Bogle Russian River Pnt Nr,750mL,1,13.99,13.99,2024-09-24,750.0,2,0.11,4425,MARTIGNETTI COMPANIES
20_BREDWARDINE_4959,20,4959,Bacardi Tangerine,50mL,2,1.98,0.99,2024-03-26,50.0,1,0.1,480,BACARDI USA INC            
67_EANVERNESS_36344,67,36344,Latour Pinot Noir Valmoissin,750mL,1,12.99,12.99,2024-04-19,750.0,2,0.11,9552,M S WALKER INC             
65_LUTON_8619,65,8619,Canadian Club,375mL,1,5.99,5.99,2024-01-17,375.0,1,0.39,12546,JIM BEAM BRANDS COMPANY    
22_SHARNWICK_3724,22,3724,Absolut Citron,750mL,1,17.99,17.99,2024-11-21,750.0,1,0.79,17035,PERNOD RICARD USA          
5_SUTTON_3687,5,3687,Fleischmanns Royal Traveler,750mL,1,5.99,5.99,2024-11-08,750.0,1,0.79,660,SAZERAC NORTH AMERICA INC. 
15_WANBORNE_6692,15,6692,Jaboulet Cotes du Rhone Par,750mL,1,10.99,10.99,2024-06-10,750.0,2,0.11,9744,FREDERICK WILDMAN & SONS   
67_EANVERNESS_3498,67,3498,Baileys Vanilla Cinnamon,750mL,2,43.98,21.99,2024-09-25,750.0,1,1.57,3960,DIAGEO NORTH AMERICA INC   
71_CLARCTON_3921,71,3921,Espolon Reposado Tequila,750mL,1,23.99,23.99,2024-06-09,750.0,1,0.79,11567,CAMPARI AMERICA            
48_NORFOLK_8673,48,8673,Skinnygirl Margarita,750mL,3,29.97,9.99,2024-08-09,750.0,1,2.36,12546,JIM BEAM BRANDS COMPANY    
24_PALPERROTH_8562,24,8562,DeKuyper Peachtree Trav,1.75L,1,16.99,16.99,2024-01-16,1750.0,1,1.84,12546,JIM BEAM BRANDS COMPANY    
35_HALIVAARA_4135,35,4135,Smirnoff Blueberry Vodka,50mL,9,8.91,0.99,2024-08-08,50.0,1,0.47,3960,DIAGEO NORTH AMERICA INC   
41_LARNWICK_39681,41,39681,Jaume Serra Cristalino Brut,187mL,4,15.96,3.99,2024-11-25,187.0,2,0.11,4425,MARTIGNETTI COMPANIES
21_BALERNO_20167,21,20167,Plungerhead Lodi Cab Svgn,750mL,1,12.99,12.99,2024-11-05,750.0,2,0.11,653,STATE WINE & SPIRITS   
8_ALNERWICK_5445,8,5445,Jagermeister Liqueur,750mL,3,53.97,17.99,2024-02-05,750.0,1,2.36,3089,SIDNEY FRANK IMPORTING CO  
78_EASTHAVEN_26092,78,26092,Blackstone Merlot Cal,750mL,2,15.98,7.99,2024-04-09,750.0,2,0.22,1392,CONSTELLATION BRANDS INC   
61_AETHELNEY_4734,61,4734,Capt Morgan Cannon Blast,750mL,1,14.99,14.99,2024-08-13,750.0,1,0.79,3960,DIAGEO NORTH AMERICA INC   
66_EANVERNESS_6385,66,6385,Fetzer Sundial Chard,1.5L,2,19.98,9.99,2024-04-28,1500.0,2,0.45,9165,ULTRA BEVERAGE COMPANY LLP 
19_WINTERVALE_516,19,516,Kamora Coffee Liqueur,Liter,1,10.99,10.99,2024-12-31,1000.0,1,1.05,12546,JIM BEAM BRANDS COMPANY    
64_CESTERFIELD_6579,64,6579,J Lohr Riverstone Chard,750mL,2,21.98,10.99,2024-03-23,750.0,2,0.22,4425,MARTIGNETTI COMPANIES
67_EANVERNESS_2547,67,2547,WhistlePig 10Yr Straight Rye,50mL,2,13.98,6.99,2024-06-11,50.0,1,0.1,10754,PERFECTA WINES             
23_ARBINGTON_24020,23,24020,Rosenblum Vntr Cve XXX Znfdl,750mL,2,25.98,12.99,2024-10-14,750.0,2,0.22,1590,DIAGEO CHATEAU ESTATE WINES
67_EANVERNESS_18427,67,18427,Duckhorn Decoy Merlot Sonoma,750mL,1,19.99,19.99,2024-12-26,750.0,2,0.11,4425,MARTIGNETTI COMPANIES
15_WANBORNE_3728,15,3728,Absolut Citron,1.75L,1,24.99,24.99,2024-12-17,1750.0,1,1.84,17035,PERNOD RICARD USA          
38_GOULCREST_25838,38,25838,Dry Creek Cab Svgn Sonoma,750mL,1,19.99,19.99,2024-09-30,750.0,2,0.11,7153,PINE STATE TRADING CO      
19_WINTERVALE_2164,19,2164,New Amsterdam Gin,1.75L,1,18.99,18.99,2024-06-20,1750.0,1,1.84,3252,E & J GALLO WINERY         
1_HARDERSFIELD_5111,1,5111,Dr McGillicuddy's Mentholmnt,50mL,8,7.92,0.99,2024-10-10,50.0,1,0.42,8004,SAZERAC CO INC             
38_GOULCREST_33731,38,33731,Hopler Gruner Veltliner,750mL,2,25.98,12.99,2024-05-22,750.0,2,0.22,10754,PERFECTA WINES             
76_DONCASTER_21985,76,21985,Menage a Trois Midnight,750mL,9,89.55,9.95,2024-12-29,750.0,2,1.01,8892,TRINCHERO FAMILY ESTATES   
20_BREDWARDINE_1789,20,1789,Jack Daniels Tennesse Fire,750mL,2,45.98,22.99,2024-08-04,750.0,1,1.57,1128,BROWN-FORMAN CORP          
27_MOUNTMEND_3609,27,3609,Smirnoff Vanilla Vodka,50mL,5,4.95,0.99,2024-01-15,50.0,1,0.26,3960,DIAGEO NORTH AMERICA INC   
78_EASTHAVEN_5138,78,5138,Fireball Cinnamon Whisky,750mL,1,15.99,15.99,2024-09-28,750.0,1,0.79,8004,SAZERAC CO INC             
20_BREDWARDINE_3237,20,3237,Firefly Sweet Tea Vodka,1.75L,1,24.99,24.99,2024-06-29,1750.0,1,1.84,8004,SAZERAC CO INC             
69_MOUNTMEND_10420,69,10420,Barefoot Moscato Cal,750mL,2,12.58,6.29,2024-08-12,750.0,2,0.22,3252,E & J GALLO WINERY         
25_CAERSHIRE_16393,25,16393,Alamos Red Mendoza,750mL,2,19.98,9.99,2024-07-20,750.0,2,0.22,3252,E & J GALLO WINERY         
69_MOUNTMEND_4160,69,4160,Bacardi Gran Reserva Maestro,750mL,1,19.99,19.99,2024-09-02,750.0,1,0.79,480,BACARDI USA INC            
76_DONCASTER_15812,76,15812,Diseno Torrontes Salta,750mL,1,6.99,6.99,2024-04-25,750.0,2,0.11,1392,CONSTELLATION BRANDS INC   
51_ABERDEEN_3726,51,3726,Gilbeys Vodka Traveler,750mL,1,5.99,5.99,2024-10-27,750.0,1,0.79,12546,JIM BEAM BRANDS COMPANY    
76_DONCASTER_4692,76,4692,Ron Barcelo Anejo Rum,750mL,1,15.99,15.99,2024-07-09,750.0,1,0.79,8320,SHAW ROSS INT L IMP LTD    
54_GUTHRAM_4262,54,4262,Capt Morgan Spiced Rum,750mL,1,14.99,14.99,2024-05-11,750.0,1,0.79,3960,DIAGEO NORTH AMERICA INC   
17_OLDHAM_3650,17,3650,Patron Silver Tequila,750mL,1,49.99,49.99,2024-01-29,750.0,1,0.79,9165,ULTRA BEVERAGE COMPANY LLP 
19_WINTERVALE_1178,19,1178,Evan Williams Black Label B,750mL,2,22.98,11.49,2024-12-27,750.0,1,1.57,3924,HEAVEN HILL DISTILLERIES   
41_LARNWICK_37678,41,37678,Castle Rock Pnt Nr,750mL,2,21.98,10.99,2024-02-11,750.0,2,0.22,4425,MARTIGNETTI COMPANIES
74_PAENTMARWY_10175,74,10175,Big House Birdman Pnt Grigio,750mL,2,15.98,7.99,2024-12-18,750.0,2,0.22,9815,WINE GROUP INC             
63_SWORDBREAK_1883,63,1883,Seagrams 7 Crown,1.75L,1,17.99,17.99,2024-08-27,1750.0,1,1.84,3960,DIAGEO NORTH AMERICA INC   
78_EASTHAVEN_4265,78,4265,Capt Morgan Spiced Rum,375mL,1,10.99,10.99,2024-01-13,375.0,1,0.39,3960,DIAGEO NORTH AMERICA INC   
9_BLACKPOOL_6933,9,6933,Ch Ste Michelle Svgn Bl,750mL,2,17.98,8.99,2024-02-23,750.0,2,0.22,8673,STE MICHELLE WINE ESTATES  
34_PITMERDEN_6660,34,6660,Carlo Rossi Paisano Calif,4L,1,14.99,14.99,2024-07-19,4000.0,2,0.6,3252,E & J GALLO WINERY         
53_HILLFAR_4152,53,4152,Jenkins Rum,750mL,2,11.98,5.99,2024-07-22,750.0,1,1.57,9552,M S WALKER INC             
56_BEGGAR'S HOLE_361,56,361,Effen Cucumber Vodka,750mL,1,19.99,19.99,2024-07-08,750.0,1,0.79,12546,JIM BEAM BRANDS COMPANY    
50_MOUNTMEND_32749,50,32749,Brancott Svgn Bl Marlboro,750mL,2,19.98,9.99,2024-02-19,750.0,2,0.22,17035,PERNOD RICARD USA          
31_HORNSEY_6854,31,6854,Carlo Rossi Burgundy Calif,4L,1,14.99,14.99,2024-10-26,4000.0,2,0.6,3252,E & J GALLO WINERY         
63_SWORDBREAK_5364,63,5364,Kahlua,1.75L,1,31.99,31.99,2024-01-28,1750.0,1,1.84,17035,PERNOD RICARD USA          
34_PITMERDEN_21686,34,21686,Cameron Hughes Cam Coll Char,750mL,2,31.98,15.99,2024-11-22,750.0,2,0.22,653,STATE WINE & SPIRITS   
22_SHARNWICK_12216,22,12216,Da Vinci Pnt Grigio,750mL,2,19.98,9.99,2024-08-23,750.0,2,0.22,3252,E & J GALLO WINERY         
70_KELD_3695,70,3695,Rain Organics Vodka,750mL,5,59.95,11.99,2024-09-14,750.0,1,3.94,8004,SAZERAC CO INC             
18_FURNESS_3405,18,3405,Tito's Handmade Vodka,1.75L,3,86.97,28.99,2024-11-25,1750.0,1,5.51,4425,MARTIGNETTI COMPANIES
34_PITMERDEN_20404,34,20404,Tenuta Santo Pietro Pio Il C,750mL,1,9.99,9.99,2024-05-20,750.0,2,0.11,7255,PSP WINES 
11_CARDEND_16695,11,16695,Ch Hyot Brdx Castillon,750mL,1,15.99,15.99,2024-12-01,750.0,2,0.11,4425,MARTIGNETTI COMPANIES
39_EASTHALLOW_4066,39,4066,Bacardi Oakheart Spiced Rum,1.75L,1,21.99,21.99,2024-05-29,1750.0,1,1.84,480,BACARDI USA INC            
55_DRY GULCH_2958,55,2958,Dalwhinnie 15-Yr Single Mal,750mL,1,61.99,61.99,2024-02-27,750.0,1,0.79,3960,DIAGEO NORTH AMERICA INC   
67_EANVERNESS_10236,67,10236,Layer Cake Malbec Mendoza,750mL,1,14.99,14.99,2024-10-21,750.0,2,0.11,4425,MARTIGNETTI COMPANIES
38_GOULCREST_3837,38,3837,Skyy Vodka,50mL,26,25.74,0.99,2024-11-04,50.0,1,1.36,11567,CAMPARI AMERICA            
75_BARNCOMBE_7993,75,7993,Stock Italian X Dry Vermouth,750mL,1,6.49,6.49,2024-05-09,750.0,1,0.79,8352,LUXCO INC                  
25_CAERSHIRE_5952,25,5952,Jagermeister Liqueur,50mL,1,1.99,1.99,2024-01-11,50.0,1,0.05,3089,SIDNEY FRANK IMPORTING CO  
32_MOUNTMEND_5739,32,5739,Malibu Rum,50mL,1,1.99,1.99,2024-04-29,50.0,1,0.05,17035,PERNOD RICARD USA          
8_ALNERWICK_5299,8,5299,Southern Comfort,1.75L,1,21.99,21.99,2024-02-28,1750.0,1,1.84,1128,BROWN-FORMAN CORP          
27_MOUNTMEND_8033,27,8033,Jack Daniels No 7 Black,50mL,4,11.96,2.99,2024-05-12,50.0,1,0.21,1128,BROWN-FORMAN CORP          
52_GRAYCOTT_2117,52,2117,Black Velvet Traveler,750mL,1,7.99,7.99,2024-09-16,750.0,1,0.79,1392,CONSTELLATION BRANDS INC   
50_MOUNTMEND_2661,50,2661,Laphroaig Cask Strength 10Yr,750mL,1,74.99,74.99,2024-08-04,750.0,1,0.79,12546,JIM BEAM BRANDS COMPANY    
33_HORNSEY_41546,33,41546,Monkey Bay Svgn Bl,750mL,1,7.99,7.99,2024-08-24,750.0,2,0.11,1392,CONSTELLATION BRANDS INC   
68_SOLARIS_1378,68,1378,Jim Beam,375mL,1,9.49,9.49,2024-05-05,375.0,1,0.39,12546,JIM BEAM BRANDS COMPANY    
12_LEESIDE_18988,12,18988,Franzia Chillable Red Tap,5L,3,38.97,12.99,2024-04-18,5000.0,2,2.25,9815,WINE GROUP INC             
22_SHARNWICK_3781,22,3781,Three Olives Vanilla Vodka,750mL,1,11.99,11.99,2024-02-06,750.0,1,0.79,7245,PROXIMO SPIRITS INC.       
6_GOULCREST_4522,6,4522,Lairds Apple Jack,750mL,1,15.99,15.99,2024-06-09,750.0,1,0.79,4848,LAIRD & CO                 
29_AYLESBURY_31494,29,31494,Barefoot Merlot Cal,1.5L,2,23.98,11.99,2024-09-20,1500.0,2,0.45,3252,E & J GALLO WINERY         
66_EANVERNESS_3643,66,3643,Caldwells Vodka,1.75L,1,9.49,9.49,2024-09-30,1750.0,1,1.84,9552,M S WALKER INC             
14_BROMWICH_3667,14,3667,Boru Original Irish Vodka,1.75L,1,16.99,16.99,2024-03-31,1750.0,1,1.84,1485,CASTLE BRANDS CORP.        
50_MOUNTMEND_39335,50,39335,Phillips Seven Deadly Znfdl,750mL,1,13.99,13.99,2024-11-18,750.0,2,0.11,4425,MARTIGNETTI COMPANIES
66_EANVERNESS_3488,66,3488,Tanqueray,750mL,1,23.99,23.99,2024-10-04,750.0,1,0.79,3960,DIAGEO NORTH AMERICA INC   
60_IRRAGIN_5334,60,5334,Kahlua Especial,750mL,4,91.96,22.99,2024-08-15,750.0,1,3.15,17035,PERNOD RICARD USA          
38_GOULCREST_24604,38,24604,Dark Horse Pnt Nr,750mL,1,7.99,7.99,2024-05-25,750.0,2,0.11,3252,E & J GALLO WINERY         
50_MOUNTMEND_19845,50,19845,The Rule Cab Svgn Napa Vly,750mL,1,12.99,12.99,2024-09-23,750.0,2,0.11,10754,PERFECTA WINES             
2_ASHBORNE_24456,2,24456,Franciscan Est Chard Napa,750mL,1,14.99,14.99,2024-04-03,750.0,2,0.11,1392,CONSTELLATION BRANDS INC   
2_ASHBORNE_5587,2,5587,Jose Cuervo Golden Margarita,1.75L,1,19.99,19.99,2024-10-04,1750.0,1,1.84,7245,PROXIMO SPIRITS INC.       
22_SHARNWICK_3042,22,3042,Ciroc Red Berry Vodka,375mL,2,23.98,11.99,2024-05-14,375.0,1,0.79,3960,DIAGEO NORTH AMERICA INC   
49_GARIGILL_4264,49,4264,Capt Morgan Spiced Rum Trav,750mL,1,16.99,16.99,2024-09-02,750.0,1,0.79,3960,DIAGEO NORTH AMERICA INC   
76_DONCASTER_26492,76,26492,Chene Bleu Rose,750mL,2,59.98,29.99,2024-06-17,750.0,2,0.22,4425,MARTIGNETTI COMPANIES
77_TAMWORTH_26948,77,26948,Ferrari-Carano Chard,750mL,14,265.86,18.99,2024-05-30,750.0,2,1.57,2000,SOUTHERN WINE & SPIRITS NE 
11_CARDEND_27412,11,27412,Peter Paul Bennett Vy Svgn B,750mL,3,35.97,11.99,2024-11-02,750.0,2,0.34,10754,PERFECTA WINES             
30_CULCHETH_12994,30,12994,Acrobat Pnt Gris Oregon,750mL,2,23.98,11.99,2024-11-09,750.0,2,0.22,4425,MARTIGNETTI COMPANIES
21_BALERNO_43489,21,43489,Ken Forrester Petit Chenin B,750mL,1,13.99,13.99,2024-10-02,750.0,2,0.11,10754,PERFECTA WINES             
11_CARDEND_24049,11,24049,Ozeki Hana Awaka Sprkl Sake,250mL,1,8.99,8.99,2024-12-31,250.0,2,0.04,10754,PERFECTA WINES             
38_GOULCREST_33982,38,33982,Lyeth Estate Meritage N Cst,750mL,7,55.93,7.99,2024-08-19,750.0,2,0.79,4425,MARTIGNETTI COMPANIES
36_LEWES_1376,36,1376,Jim Beam,1.75L,1,25.99,25.99,2024-02-06,1750.0,1,1.84,12546,JIM BEAM BRANDS COMPANY    
34_PITMERDEN_1081,34,1081,Chivas Regal with2 50mLs,750mL + 2/,3,95.97,31.99,2024-10-07,750.0,1,2.36,17035,PERNOD RICARD USA          
21_BALERNO_5747,21,5747,Malibu Pineapple Rum,750mL,1,12.99,12.99,2024-09-01,750.0,1,0.79,17035,PERNOD RICARD USA          
66_EANVERNESS_6096,66,6096,Kinky Blue Liqueur,750mL,2,33.98,16.99,2024-12-30,750.0,1,1.57,7153,PINE STATE TRADING CO      
30_CULCHETH_3388,30,3388,Seagrams Extra Dry Gin,750mL,2,19.98,9.99,2024-12-15,750.0,1,1.57,17035,PERNOD RICARD USA          
45_VERITAS_8822,45,8822,Absolut 80 Proof,50mL,6,11.94,1.99,2024-01-30,50.0,1,0.32,17035,PERNOD RICARD USA          
55_DRY GULCH_10957,55,10957,Seaglass Svgn Bl Snt Barbara,750mL,1,8.99,8.99,2024-12-20,750.0,2,0.11,8892,TRINCHERO FAMILY ESTATES   
6_GOULCREST_3042,6,3042,Ciroc Red Berry Vodka,375mL,2,30.98,15.49,2024-01-01,375.0,1,0.79,3960,DIAGEO NORTH AMERICA INC   
66_EANVERNESS_6433,66,6433,Avion Anejo Tequila,750mL,1,49.99,49.99,2024-01-03,750.0,1,0.79,17035,PERNOD RICARD USA          
9_BLACKPOOL_4370,9,4370,Ron Virgin White,1.75L,1,10.99,10.99,2024-11-11,1750.0,1,1.84,9552,M S WALKER INC             
66_EANVERNESS_21510,66,21510,Mezzacorona Cab Svgn,1.5L,1,10.99,10.99,2024-03-08,1500.0,2,0.22,9165,ULTRA BEVERAGE COMPANY LLP 
7_STANMORE_4198,7,4198,Sailor Jerry Spiced Navy Rum,1.75L,3,70.47,23.49,2024-08-06,1750.0,1,5.51,3664,WILLIAM GRANT & SONS INC   
47_PELLA'S WISH_3607,47,3607,Smirnoff Citrus Vodka,50mL,3,2.97,0.99,2024-07-15,50.0,1,0.16,3960,DIAGEO NORTH AMERICA INC   
79_BALLYMENA_21985,79,21985,Menage a Trois Midnight,750mL,2,23.98,11.99,2024-09-18,750.0,2,0.22,8892,TRINCHERO FAMILY ESTATES   
58_HARTLEPOOL_13708,58,13708,Bota Box Cab Svgn,3L,1,17.99,17.99,2024-03-17,3000.0,2,0.45,2242,DELICATO VINEYARDS INC     
70_KELD_1376,70,1376,Jim Beam,1.75L,3,74.97,24.99,2024-09-27,1750.0,1,5.51,12546,JIM BEAM BRANDS COMPANY    
4_EANVERNESS_6918,4,6918,Franzia Tap Cab Svgn,5L,1,15.99,15.99,2024-04-01,5000.0,2,0.75,9815,WINE GROUP INC             
66_EANVERNESS_5255,66,5255,TGI Fridays Ultimte Mudslide,1.75L,1,12.99,12.99,2024-09-03,1750.0,1,1.84,4466,AMERICAN VINTAGE BEVERAGE  
59_CLAETHORPES_3834,59,3834,Skyy Vodka,750mL,1,12.99,12.99,2024-02-02,750.0,1,0.79,11567,CAMPARI AMERICA            
60_IRRAGIN_3879,60,3879,Smirnoff 80 Proof Traveler,750mL,1,12.99,12.99,2024-08-21,750.0,1,0.79,3960,DIAGEO NORTH AMERICA INC   
74_PAENTMARWY_2665,74,2665,Dewars White Label,750mL,2,39.98,19.99,2024-04-01,750.0,1,1.57,480,BACARDI USA INC            
66_EANVERNESS_3959,66,3959,Hornitos Black Barrel,750mL,2,53.98,26.99,2024-12-30,750.0,1,1.57,12546,JIM BEAM BRANDS COMPANY    
10_HORNSEY_1232,10,1232,Jack Daniels No 7 Black,750mL,4,107.96,26.99,2024-05-03,750.0,1,3.15,1128,BROWN-FORMAN CORP          
34_PITMERDEN_4664,34,4664,Hennessy Black Cognac,750mL,2,77.98,38.99,2024-06-04,750.0,1,1.57,8112,MOET HENNESSY USA INC      
66_EANVERNESS_2258,66,2258,Dewars Special Reserve 12 Yr,375mL,3,38.97,12.99,2024-03-26,375.0,1,1.18,480,BACARDI USA INC            
15_WANBORNE_27017,15,27017,Bouchard Aine & Fils Pnt Nr,750mL,1,10.99,10.99,2024-09-29,750.0,2,0.11,10754,PERFECTA WINES             
25_CAERSHIRE_8032,25,8032,Ballatore Gran Spumante,750mL,3,23.97,7.99,2024-07-26,750.0,2,0.34,3252,E & J GALLO WINERY         
17_OLDHAM_5382,17,5382,Ice 101 Peppermint Schnapps,750mL,1,13.99,13.99,2024-05-29,750.0,1,0.79,8004,SAZERAC CO INC             
39_EASTHALLOW_36378,39,36378,MezzaCorona Pnt Grigio,1.5L,6,56.94,9.49,2024-07-24,1500.0,2,1.35,9165,ULTRA BEVERAGE COMPANY LLP 
60_IRRAGIN_3667,60,3667,Boru Original Irish Vodka,1.75L,1,17.99,17.99,2024-12-30,1750.0,1,1.84,1485,CASTLE BRANDS CORP.        
75_BARNCOMBE_4296,75,4296,Ronrico Silver Rum,1.75L,2,25.98,12.99,2024-06-17,1750.0,1,3.67,12546,JIM BEAM BRANDS COMPANY    
72_HARDERSFIELD_5713,72,5713,DeKuyper Sour Apple Pucker,1.75L,1,14.99,14.99,2024-07-12,1750.0,1,1.84,12546,JIM BEAM BRANDS COMPANY    
71_CLARCTON_35666,71,35666,Redwood Creek Chard Cal,1.5L,1,9.99,9.99,2024-07-18,1500.0,2,0.22,3252,E & J GALLO WINERY         
67_EANVERNESS_5693,67,5693,P & J Cold Soaked Berries,375mL,1,13.99,13.99,2024-01-18,375.0,1,0.39,7153,PINE STATE TRADING CO      
25_CAERSHIRE_25021,25,25021,Mark West Black Pnt Nr,750mL,2,21.98,10.99,2024-12-16,750.0,2,0.22,1392,CONSTELLATION BRANDS INC   
42_BLACK HOLLOW_22194,42,22194,Placido Pinot Grigio Venezi,1.5L,1,10.99,10.99,2024-05-20,1500.0,2,0.22,516,BANFI PRODUCTS CORP        
62_KILMARNOCK_34905,62,34905,Smoking Loon Merlot,750mL,2,15.98,7.99,2024-02-10,750.0,2,0.22,9552,M S WALKER INC             
15_WANBORNE_9145,15,9145,Smirnoff Kissed Caramel,50mL,10,9.9,0.99,2024-03-10,50.0,1,0.52,3960,DIAGEO NORTH AMERICA INC   
54_GUTHRAM_40097,54,40097,Black Box Chard,3L,6,95.94,15.99,2024-06-23,3000.0,2,2.7,1392,CONSTELLATION BRANDS INC   
61_AETHELNEY_25832,61,25832,Dry Creek Fume Bl Sonoma,750mL,2,17.98,8.99,2024-07-30,750.0,2,0.22,7153,PINE STATE TRADING CO      
71_CLARCTON_538,71,538,Amaretto DiSaronno,375mL,1,13.99,13.99,2024-12-11,375.0,1,0.39,2555,DISARONNO INTERNATIONAL LLC
8_ALNERWICK_3836,8,3836,Smirnoff Citrus Vodka,750mL,1,12.99,12.99,2024-10-03,750.0,1,0.79,3960,DIAGEO NORTH AMERICA INC   
56_BEGGAR'S HOLE_8504,56,8504,R M Woodbridge Cab Svgn Cal,1.5L,15,134.85,8.99,2024-03-05,1500.0,2,3.37,1392,CONSTELLATION BRANDS INC   
26_KNIFE'S EDGE_16806,26,16806,Apothic Winemakers White,750mL,1,9.99,9.99,2024-01-06,750.0,2,0.11,3252,E & J GALLO WINERY         
34_PITMERDEN_14895,34,14895,Vendange Pnt Grigio,1.5L,3,22.47,7.49,2024-09-20,1500.0,2,0.68,1392,CONSTELLATION BRANDS INC   
40_BULLMAR_12520,40,12520,Pavao Vinho Verde Adegas Wh,750mL,2,15.98,7.99,2024-06-22,750.0,2,0.22,9552,M S WALKER INC             
25_CAERSHIRE_28889,25,28889,Peter Vella Chard Cal B/B,5L,1,15.49,15.49,2024-07-10,5000.0,2,0.75,3252,E & J GALLO WINERY         
71_CLARCTON_31454,71,31454,Foxhorn SE Chard Australia,1.5L,1,6.99,6.99,2024-12-17,1500.0,2,0.22,9815,WINE GROUP INC             
75_BARNCOMBE_23523,75,23523,19 Crimes Cab Svgn,750mL,5,49.95,9.99,2024-11-19,750.0,2,0.56,9819,TREASURY WINE ESTATES      
59_CLAETHORPES_13940,59,13940,Black Box Malbec,3L,1,18.99,18.99,2024-05-25,3000.0,2,0.45,1392,CONSTELLATION BRANDS INC   
63_SWORDBREAK_5491,63,5491,Rumpleminze,50mL,1,1.99,1.99,2024-09-11,50.0,1,0.05,3960,DIAGEO NORTH AMERICA INC   
76_DONCASTER_3997,76,3997,Hornitos Plata Tequila,750mL,4,83.96,20.99,2024-12-26,750.0,1,3.15,12546,JIM BEAM BRANDS COMPANY    
55_DRY GULCH_2752,55,2752,Johnnie Walker Black Label,750mL,1,39.99,39.99,2024-06-17,750.0,1,0.79,3960,DIAGEO NORTH AMERICA INC   
32_MOUNTMEND_46458,32,46458,Layer Cake Barosa Shiraz,750mL,3,47.97,15.99,2024-01-11,750.0,2,0.34,4425,MARTIGNETTI COMPANIES
66_EANVERNESS_2890,66,2890,Four Roses Bourbon,750mL,1,29.99,29.99,2024-01-08,750.0,1,0.79,9552,M S WALKER INC             
59_CLAETHORPES_27351,59,27351,Almaden Chard Cal B/B,5L,7,111.93,15.99,2024-08-16,5000.0,2,5.25,9815,WINE GROUP INC             
20_BREDWARDINE_8032,20,8032,Ballatore Gran Spumante,750mL,8,63.92,7.99,2024-09-17,750.0,2,0.9,3252,E & J GALLO WINERY         
10_HORNSEY_3511,10,3511,New Amsterdam Vodka,750mL,3,32.97,10.99,2024-03-06,750.0,1,2.36,3252,E & J GALLO WINERY         
26_KNIFE'S EDGE_5539,26,5539,DeKuyper Hot Damn 100*,750mL,1,12.99,12.99,2024-09-24,750.0,1,0.79,12546,JIM BEAM BRANDS COMPANY    
33_HORNSEY_3349,33,3349,Russian Standard Vodka,50mL,4,3.96,0.99,2024-03-16,50.0,1,0.21,10050,Russian Standard Vodka     
64_CESTERFIELD_8077,64,8077,Sheffield Very Dry Sherry,1.5L,1,9.99,9.99,2024-01-23,1500.0,2,0.22,3252,E & J GALLO WINERY         
60_IRRAGIN_16814,60,16814,H3 Horse Heaven Hills Red Co,750mL,1,11.99,11.99,2024-08-31,750.0,2,0.11,8673,STE MICHELLE WINE ESTATES  
5_SUTTON_5502,5,5502,RumChata Liqueur,50mL,35,34.65,0.99,2024-12-01,50.0,1,1.84,6213,MHW LTD                    
51_ABERDEEN_8469,51,8469,1800 Reposado Gold Tequila,750mL,1,22.99,22.99,2024-01-02,750.0,1,0.79,7245,PROXIMO SPIRITS INC.       
9_BLACKPOOL_4062,9,4062,Goslings Dark'N Stormy RTD,250mL 4 Pk,1,7.99,7.99,2024-09-23,250.0,1,0.26,1485,CASTLE BRANDS CORP.        
71_CLARCTON_34904,71,34904,Smoking Loon Chard,750mL,3,20.37,6.79,2024-03-23,750.0,2,0.34,9552,M S WALKER INC             
73_DONCASTER_14622,73,14622,La Marca Prosecco,750mL,31,340.69,10.99,2024-09-03,750.0,2,3.49,3252,E & J GALLO WINERY         
23_ARBINGTON_8187,23,8187,Wild Turkey,750mL,3,59.97,19.99,2024-12-31,750.0,1,2.36,11567,CAMPARI AMERICA            
11_CARDEND_1127,11,1127,Granny's Gingerbread Cream,750mL,1,11.99,11.99,2024-12-05,750.0,1,0.79,8004,SAZERAC CO INC             
69_MOUNTMEND_2037,69,2037,Jim Beam Honey,50mL,6,5.94,0.99,2024-05-13,50.0,1,0.32,12546,JIM BEAM BRANDS COMPANY    
44_PORTHCRAWL_1883,44,1883,Seagrams 7 Crown,1.75L,1,17.99,17.99,2024-01-25,1750.0,1,1.84,3960,DIAGEO NORTH AMERICA INC   
69_MOUNTMEND_24907,69,24907,Bogle Old Vine Znfdl Cal,750mL,1,10.99,10.99,2024-10-26,750.0,2,0.11,4425,MARTIGNETTI COMPANIES
67_EANVERNESS_3534,67,3534,Milagro Silver Tequila,750mL,1,24.99,24.99,2024-01-28,750.0,1,0.79,3664,WILLIAM GRANT & SONS INC   
7_STANMORE_2258,7,2258,Dewars Special Reserve 12 Yr,375mL,1,12.99,12.99,2024-07-23,375.0,1,0.39,480,BACARDI USA INC            
48_NORFOLK_8068,48,8068,Absolut 80 Proof,1.75L,21,493.29,23.49,2024-06-23,1750.0,1,38.59,17035,PERNOD RICARD USA          
20_BREDWARDINE_3356,20,3356,Svedka Vodka,375mL,1,5.99,5.99,2024-03-09,375.0,1,0.39,1392,CONSTELLATION BRANDS INC   
60_IRRAGIN_7353,60,7353,1800 Ultimate Peach Margrita,1.75L,2,33.98,16.99,2024-11-13,1750.0,1,3.67,7245,PROXIMO SPIRITS INC.       
39_EASTHALLOW_3857,39,3857,Grey Goose Vodka,1.75L,2,115.98,57.99,2024-05-25,1750.0,1,3.67,480,BACARDI USA INC            
23_ARBINGTON_24291,23,24291,Dom Fond Croze La Croix Coq,750mL,1,17.99,17.99,2024-02-12,750.0,2,0.11,4425,MARTIGNETTI COMPANIES
76_DONCASTER_36262,76,36262,Newton Chard Napa/Sonoma,750mL,4,67.96,16.99,2024-11-22,750.0,2,0.45,8112,MOET HENNESSY USA INC      
16_LUNDY_4438,16,4438,Cruzan Black Cherry Rum,750mL,1,9.99,9.99,2024-08-21,750.0,1,0.79,12546,JIM BEAM BRANDS COMPANY    
49_GARIGILL_3257,49,3257,Gilbeys London Dry Trav,750mL,1,5.99,5.99,2024-09-08,750.0,1,0.79,12546,JIM BEAM BRANDS COMPANY    
59_CLAETHORPES_4858,59,4858,Kraken Black Spiced Rum,50mL,2,3.98,1.99,2024-09-11,50.0,1,0.1,7245,PROXIMO SPIRITS INC.       
69_MOUNTMEND_25901,69,25901,Cupcake Prosecco,187mL 3 Pk,1,9.99,9.99,2024-12-23,187.0,2,0.03,9815,WINE GROUP INC             
67_EANVERNESS_12147,67,12147,Sterling Vintners CA Meritag,750mL,3,29.97,9.99,2024-07-01,750.0,2,0.34,1590,DIAGEO CHATEAU ESTATE WINES
38_GOULCREST_4565,38,4565,Christian Bros VS Brandy,750mL,1,10.49,10.49,2024-10-15,750.0,1,0.79,3924,HEAVEN HILL DISTILLERIES   
66_EANVERNESS_13981,66,13981,Alverdi Pnt Grigio,750mL,1,7.99,7.99,2024-05-13,750.0,2,0.11,9165,ULTRA BEVERAGE COMPANY LLP 
76_DONCASTER_5221,76,5221,RumChata Liqueur,375mL,2,23.98,11.99,2024-04-03,375.0,1,0.79,6213,MHW LTD                    
57_LANTEGLOS_1061,57,1061,Christian Bros Holiday Nog,750mL,1,6.99,6.99,2024-11-25,750.0,1,0.79,3924,HEAVEN HILL DISTILLERIES   
61_AETHELNEY_2287,61,2287,Johnnie Walker Double Black,750mL,1,39.99,39.99,2024-11-23,750.0,1,0.79,3960,DIAGEO NORTH AMERICA INC   
44_PORTHCRAWL_25709,44,25709,Hallowed Ground Proprtry Red,750mL,1,15.99,15.99,2024-11-18,750.0,2,0.11,4425,MARTIGNETTI COMPANIES
22_SHARNWICK_32906,22,32906,Sterling Vintners Cab Svgn C,750mL,4,39.96,9.99,2024-07-09,750.0,2,0.45,1590,DIAGEO CHATEAU ESTATE WINES
72_HARDERSFIELD_3625,72,3625,Absolut 80 Proof,750mL,4,71.96,17.99,2024-10-15,750.0,1,3.15,17035,PERNOD RICARD USA          
68_SOLARIS_17011,68,17011,La Maialina Gertrude Red,750mL,9,125.91,13.99,2024-10-01,750.0,2,1.01,10754,PERFECTA WINES             
34_PITMERDEN_2894,34,2894,Scoresby Rare,1.75L,1,17.99,17.99,2024-01-30,1750.0,1,1.84,3960,DIAGEO NORTH AMERICA INC   
69_MOUNTMEND_8203,69,8203,Grand Marnier,50mL,14,41.86,2.99,2024-06-16,50.0,1,0.74,8112,MOET HENNESSY USA INC      
49_GARIGILL_435,49,435,Il Tramonto Limoncello,750mL,2,31.98,15.99,2024-05-12,750.0,1,1.57,7153,PINE STATE TRADING CO      
13_TARMSWORTH_31487,13,31487,Barefoot Bubbly Brut Cve,750mL,2,19.98,9.99,2024-01-23,750.0,2,0.22,3252,E & J GALLO WINERY         
11_CARDEND_24188,11,24188,St Francis Cab Svgn Sonoma,750mL,4,67.96,16.99,2024-01-14,750.0,2,0.45,4692,KOBRAND CORPORATION        
64_CESTERFIELD_1081,64,1081,Chivas Regal with2 50mLs,750mL + 2/,1,31.99,31.99,2024-10-30,750.0,1,0.79,17035,PERNOD RICARD USA          
60_IRRAGIN_4252,60,4252,Bacardi Limon Rum,50mL,8,7.92,0.99,2024-04-10,50.0,1,0.42,480,BACARDI USA INC            
32_MOUNTMEND_31487,32,31487,Barefoot Bubbly Brut Cve,750mL,8,63.92,7.99,2024-03-26,750.0,2,0.9,3252,E & J GALLO WINERY         
39_EASTHALLOW_24188,39,24188,St Francis Cab Svgn Sonoma,750mL,1,16.99,16.99,2024-09-19,750.0,2,0.11,4692,KOBRAND CORPORATION        
54_GUTHRAM_3390,54,3390,Cold River Blueberry Vodka,750mL,1,34.99,34.99,2024-06-20,750.0,1,0.79,4425,MARTIGNETTI COMPANIES
38_GOULCREST_6575,38,6575,Kendall Jackson RSV Svgn Bl,750mL,1,9.99,9.99,2024-04-08,750.0,2,0.11,10000,MAJESTIC FINE WINES        
2_ASHBORNE_4411,2,4411,Fabrizia's Italian Margarita,750mL,1,9.99,9.99,2024-01-28,750.0,1,0.79,1655,FABRIZIA SPIRITS LLC       
6_GOULCREST_8370,6,8370,Chi Chi's Margarita,1.75L,2,15.98,7.99,2024-06-07,1750.0,1,3.67,660,SAZERAC NORTH AMERICA INC. 
1_HARDERSFIELD_3089,1,3089,Evan Williams Honey Reserve,750mL,1,9.99,9.99,2024-07-26,750.0,1,0.79,3924,HEAVEN HILL DISTILLERIES   
41_LARNWICK_8910,41,8910,Finlandia Vodka,50mL,2,1.98,0.99,2024-07-06,50.0,1,0.1,1128,BROWN-FORMAN CORP          
63_SWORDBREAK_6859,63,6859,C Y Toro Frontera Chard,1.5L,1,8.99,8.99,2024-09-09,1500.0,2,0.22,516,BANFI PRODUCTS CORP        
56_BEGGAR'S HOLE_26945,56,26945,Ferrari-Carano Fume Bl,750mL,1,16.99,16.99,2024-02-16,750.0,2,0.11,2000,SOUTHERN WINE & SPIRITS NE 
23_ARBINGTON_6937,23,6937,Cavit Pinot Grigio,1.5L,1,14.99,14.99,2024-06-30,1500.0,2,0.22,6785,PALM BAY INTERNATIONAL INC 
64_CESTERFIELD_3876,64,3876,Smirnoff 80 Proof,1.75L,5,94.95,18.99,2024-10-22,1750.0,1,9.19,3960,DIAGEO NORTH AMERICA INC   
64_CESTERFIELD_1734,64,1734,Duggans Dew O Kirkintilloch,1.75L,2,45.98,22.99,2024-05-02,1750.0,1,3.67,2496,DUGGANS DISTILLED PRODUCTS 
15_WANBORNE_6174,15,6174,Columbia Crest Grand Merlot,750mL,1,9.99,9.99,2024-06-23,750.0,2,0.11,8673,STE MICHELLE WINE ESTATES  
77_TAMWORTH_3858,77,3858,Grey Goose Vodka,750mL,2,47.98,23.99,2024-01-16,750.0,1,1.57,480,BACARDI USA INC            
19_WINTERVALE_661,19,661,Red Stag by Jim Beam,750mL,1,14.99,14.99,2024-07-08,750.0,1,0.79,12546,JIM BEAM BRANDS COMPANY    
72_HARDERSFIELD_11141,72,11141,C K Mondavi Chard,1.5L,1,10.99,10.99,2024-10-15,1500.0,2,0.22,2000,SOUTHERN WINE & SPIRITS NE 
23_ARBINGTON_4368,23,4368,Capt Morgan Private Stock,1.75L,1,34.99,34.99,2024-10-07,1750.0,1,1.84,3960,DIAGEO NORTH AMERICA INC   
39_EASTHALLOW_19224,39,19224,Miraval Cotes de Prvnce Rose,750mL,1,19.99,19.99,2024-11-25,750.0,2,0.11,1587,VINEYARD BRANDS INC        
34_PITMERDEN_3326,34,3326,Jenkins Gin,1.75L,1,9.99,9.99,2024-01-16,1750.0,1,1.84,9552,M S WALKER INC             
58_HARTLEPOOL_5296,58,5296,Southern Comfort 100 Proof,1.75L,1,28.99,28.99,2024-09-02,1750.0,1,1.84,8004,SAZERAC CO INC             
60_IRRAGIN_2704,60,2704,Serpent's Bite Cider Whiskey,50mL,4,3.96,0.99,2024-04-13,50.0,1,0.21,1392,CONSTELLATION BRANDS INC   
50_MOUNTMEND_23229,50,23229,Ch St Jean Belle Terre Chard,750mL,3,44.97,14.99,2024-07-01,750.0,2,0.34,9819,TREASURY WINE ESTATES      
66_EANVERNESS_4054,66,4054,Patron XO Cafe Liqueur,375mL,1,12.99,12.99,2024-12-15,375.0,1,0.39,9165,ULTRA BEVERAGE COMPANY LLP 
41_LARNWICK_5312,41,5312,Amaretto DiSaronno,750mL,1,24.99,24.99,2024-09-22,750.0,1,0.79,2555,DISARONNO INTERNATIONAL LLC
61_AETHELNEY_10236,61,10236,Layer Cake Malbec Mendoza,750mL,1,14.99,14.99,2024-07-22,750.0,2,0.11,4425,MARTIGNETTI COMPANIES
68_SOLARIS_14342,68,14342,Cupcake Pnt Nr,750mL,1,8.49,8.49,2024-01-05,750.0,2,0.11,9815,WINE GROUP INC             
1_HARDERSFIELD_4903,1,4903,Bacardi Superior Rum,200mL,7,27.93,3.99,2024-02-18,200.0,1,1.47,480,BACARDI USA INC            
32_MOUNTMEND_9145,32,9145,Smirnoff Kissed Caramel,50mL,13,12.87,0.99,2024-04-22,50.0,1,0.68,3960,DIAGEO NORTH AMERICA INC   
19_WINTERVALE_12220,19,12220,Angeline Pnt Nr,750mL,1,10.99,10.99,2024-10-10,750.0,2,0.11,9552,M S WALKER INC             
76_DONCASTER_6593,76,6593,Souverain Chard N Cst,750mL,1,9.99,9.99,2024-08-21,750.0,2,0.11,3252,E & J GALLO WINERY         
38_GOULCREST_1355,38,1355,Knob Creek Bourbon,50mL,3,11.97,3.99,2024-08-29,50.0,1,0.16,12546,JIM BEAM BRANDS COMPANY    
76_DONCASTER_8660,76,8660,Drambuie Liqueur,375mL,4,47.96,11.99,2024-07-14,375.0,1,1.57,3664,WILLIAM GRANT & SONS INC   
34_PITMERDEN_4370,34,4370,Ron Virgin White,1.75L,1,10.99,10.99,2024-12-29,1750.0,1,1.84,9552,M S WALKER INC             
23_ARBINGTON_4938,23,4938,Kapali Coffee,750mL,1,8.99,8.99,2024-10-06,750.0,1,0.79,8004,SAZERAC CO INC             
34_PITMERDEN_5921,34,5921,RumChata Liqueur,750mL,3,59.97,19.99,2024-02-07,750.0,1,2.36,6213,MHW LTD                    
41_LARNWICK_3412,41,3412,Skyy Infusions Pineapple,750mL,1,9.99,9.99,2024-06-15,750.0,1,0.79,11567,CAMPARI AMERICA            
75_BARNCOMBE_4345,75,4345,Capt Morgan Tattoo Rum,750mL,1,19.99,19.99,2024-09-02,750.0,1,0.79,3960,DIAGEO NORTH AMERICA INC   
54_GUTHRAM_2692,54,2692,Glenmorangie 10 Yr Scotch,750mL,1,34.99,34.99,2024-08-18,750.0,1,0.79,8112,MOET HENNESSY USA INC      
4_EANVERNESS_35916,4,35916,Stone Cellars Merlot,1.5L,3,23.97,7.99,2024-01-08,1500.0,2,0.68,9819,TREASURY WINE ESTATES      
53_HILLFAR_14706,53,14706,Cupcake Prosecco,750mL,1,7.49,7.49,2024-12-27,750.0,2,0.11,9815,WINE GROUP INC             
21_BALERNO_77,21,77,Three Olives Espresso Vodka,750mL,3,38.97,12.99,2024-05-30,750.0,1,2.36,7245,PROXIMO SPIRITS INC.       
52_GRAYCOTT_2465,52,2465,Crown Royal Mini,50mL,4,11.96,2.99,2024-01-30,50.0,1,0.21,3960,DIAGEO NORTH AMERICA INC   
34_PITMERDEN_5903,34,5903,Ole Smoky Hunch Punch Moonsh,50mL,3,5.97,1.99,2024-12-22,50.0,1,0.16,6359,OLE SMOKY DISTILLERY LLC   
34_PITMERDEN_8323,34,8323,Jose Cuervo Gold w/Marg Mix,750mL,3,44.97,14.99,2024-09-09,750.0,1,2.36,7245,PROXIMO SPIRITS INC.       
21_BALERNO_23095,21,23095,Glen Ellen Cab Svgn RSV,1.5L,1,6.99,6.99,2024-12-12,1500.0,2,0.22,9815,WINE GROUP INC             
7_STANMORE_11196,7,11196,Angelini Pnt Grigio Veneto,750mL,2,19.98,9.99,2024-12-02,750.0,2,0.22,7153,PINE STATE TRADING CO      
27_MOUNTMEND_8626,27,8626,Ezra Brooks,1.75L,1,15.99,15.99,2024-09-02,1750.0,1,1.84,8352,LUXCO INC                  
17_OLDHAM_1231,17,1231,Jack Daniels No 7 Black,375mL,1,12.99,12.99,2024-04-23,375.0,1,0.39,1128,BROWN-FORMAN CORP          
35_HALIVAARA_32108,35,32108,Erath Pnt Nr Oregon,750mL,1,14.95,14.95,2024-11-04,750.0,2,0.11,8673,STE MICHELLE WINE ESTATES  
70_KELD_5952,70,5952,Jagermeister Liqueur,50mL,1,1.99,1.99,2024-10-09,50.0,1,0.05,3089,SIDNEY FRANK IMPORTING CO  
45_VERITAS_5096,45,5096,DeKuyper Peachtree Schnapps,750mL,1,9.99,9.99,2024-05-23,750.0,1,0.79,12546,JIM BEAM BRANDS COMPANY    
78_EASTHAVEN_32054,78,32054,Greg Norman Lmstn Cab/Merlot,750mL,1,14.99,14.99,2024-02-25,750.0,2,0.11,9819,TREASURY WINE ESTATES      
73_DONCASTER_6595,73,6595,Bogle Merlot,750mL,16,127.2,7.95,2024-11-20,750.0,2,1.8,4425,MARTIGNETTI COMPANIES
25_CAERSHIRE_3876,25,3876,Smirnoff 80 Proof,1.75L,7,118.93,16.99,2024-11-13,1750.0,1,12.86,3960,DIAGEO NORTH AMERICA INC   
78_EASTHAVEN_6524,78,6524,Rosemount Diamond Shiraz,750mL,1,6.99,6.99,2024-10-26,750.0,2,0.11,4425,MARTIGNETTI COMPANIES
38_GOULCREST_8130,38,8130,Bacardi Superior Rum,50mL,4,5.16,1.29,2024-04-18,50.0,1,0.21,480,BACARDI USA INC            
78_EASTHAVEN_5952,78,5952,Jagermeister Liqueur,50mL,5,9.95,1.99,2024-10-04,50.0,1,0.26,3089,SIDNEY FRANK IMPORTING CO  
74_PAENTMARWY_2494,74,2494,Crown Royal Regal Apple,1.75L,1,46.99,46.99,2024-12-22,1750.0,1,1.84,3960,DIAGEO NORTH AMERICA INC   
9_BLACKPOOL_5337,9,5337,Drambuie,750mL,1,26.99,26.99,2024-07-30,750.0,1,0.79,3664,WILLIAM GRANT & SONS INC   
69_MOUNTMEND_24458,69,24458,Franciscan Magnificat Red,750mL,3,116.97,38.99,2024-04-29,750.0,2,0.34,1392,CONSTELLATION BRANDS INC   
6_GOULCREST_1634,6,1634,The Famous Grouse,1.75L,1,27.99,27.99,2024-08-18,1750.0,1,1.84,2561,EDRINGTON AMERICAS         
46_TYWARDREATH_21419,46,21419,Round Hill Comm Man Cab Svgn,750mL,12,95.88,7.99,2024-01-01,750.0,2,1.35,4425,MARTIGNETTI COMPANIES
38_GOULCREST_20699,38,20699,Fantini Monteplciano D'Abruz,750mL,1,11.99,11.99,2024-07-23,750.0,2,0.11,4425,MARTIGNETTI COMPANIES
40_BULLMAR_43809,40,43809,R M Woodbridge Pnt Nr,1.5L,3,26.97,8.99,2024-07-29,1500.0,2,0.68,1392,CONSTELLATION BRANDS INC   
67_EANVERNESS_8184,67,8184,Kahlua,50mL,7,13.93,1.99,2024-10-22,50.0,1,0.37,17035,PERNOD RICARD USA          
4_EANVERNESS_3745,4,3745,Taaka Vodka Traveler,750mL,2,9.98,4.99,2024-08-06,750.0,1,1.57,8004,SAZERAC CO INC             
73_DONCASTER_2598,73,2598,Firefly Apple Pie Moonshine,750mL,1,16.99,16.99,2024-08-07,750.0,1,0.79,8004,SAZERAC CO INC             
42_BLACK HOLLOW_5921,42,5921,RumChata Liqueur,750mL,1,19.99,19.99,2024-06-18,750.0,1,0.79,6213,MHW LTD                    
67_EANVERNESS_15205,67,15205,Beringer Cab Svgn Napa Vly,750mL,2,69.98,34.99,2024-10-30,750.0,2,0.22,9819,TREASURY WINE ESTATES      
34_PITMERDEN_8370,34,8370,Chi Chi's Margarita,1.75L,1,8.99,8.99,2024-01-21,1750.0,1,1.84,660,SAZERAC NORTH AMERICA INC. 
75_BARNCOMBE_8200,75,8200,Chambord Liqueur de France,50mL,2,5.98,2.99,2024-07-16,50.0,1,0.1,1128,BROWN-FORMAN CORP          
15_WANBORNE_8961,15,8961,Jose Cuervo Especial,50mL,3,4.47,1.49,2024-07-19,50.0,1,0.16,7245,PROXIMO SPIRITS INC.       
47_PELLA'S WISH_26945,47,26945,Ferrari-Carano Fume Bl,750mL,3,38.97,12.99,2024-06-11,750.0,2,0.34,2000,SOUTHERN WINE & SPIRITS NE 
38_GOULCREST_39750,38,39750,Red Diamond Merlot Wash,750mL,2,23.98,11.99,2024-01-13,750.0,2,0.22,8673,STE MICHELLE WINE ESTATES  
38_GOULCREST_1964,38,1964,Jim Beam Single Barrel,750mL,2,59.98,29.99,2024-08-26,750.0,1,1.57,12546,JIM BEAM BRANDS COMPANY    
61_AETHELNEY_8053,61,8053,Seagrams 7 Crown,50mL,4,3.96,0.99,2024-11-17,50.0,1,0.21,3960,DIAGEO NORTH AMERICA INC   
11_CARDEND_4226,11,4226,Bacardi Superior Rum Trav,750mL,1,9.99,9.99,2024-11-07,750.0,1,0.79,480,BACARDI USA INC            
11_CARDEND_11826,11,11826,Cupcake Chard,750mL,7,59.43,8.49,2024-01-13,750.0,2,0.79,9815,WINE GROUP INC             
67_EANVERNESS_44148,67,44148,Polka Dot Rsl Pfalz,750mL,1,6.99,6.99,2024-10-02,750.0,2,0.11,3252,E & J GALLO WINERY         
31_HORNSEY_2520,31,2520,The Macallan 12 Yr Old,750mL,1,65.99,65.99,2024-08-18,750.0,1,0.79,2561,EDRINGTON AMERICAS         
42_BLACK HOLLOW_40096,42,40096,Black Box Cab Svgn,3L,1,15.99,15.99,2024-07-15,3000.0,2,0.45,1392,CONSTELLATION BRANDS INC   
66_EANVERNESS_7262,66,7262,Gallo Sweet Vermouth,750mL,1,5.49,5.49,2024-06-22,750.0,2,0.11,3252,E & J GALLO WINERY         
33_HORNSEY_1746,33,1746,Tomatin 12 Yr Old Scotch,750mL,2,53.98,26.99,2024-04-30,750.0,1,1.57,9206,PHILLIPS PRODUCTS CO.      
30_CULCHETH_8815,30,8815,Ch Ste Michelle Chard Colmbi,750mL,1,8.99,8.99,2024-07-12,750.0,2,0.11,8673,STE MICHELLE WINE ESTATES  
55_DRY GULCH_33874,55,33874,Bella Sera Pinot Grigio Del,1.5L,3,35.97,11.99,2024-11-03,1500.0,2,0.68,3252,E & J GALLO WINERY         
38_GOULCREST_3594,38,3594,Pinnacle Tropical Punch,50mL,3,2.97,0.99,2024-08-12,50.0,1,0.16,12546,JIM BEAM BRANDS COMPANY    
17_OLDHAM_3627,17,3627,Absolut 80 Proof,375mL,1,11.99,11.99,2024-12-23,375.0,1,0.39,17035,PERNOD RICARD USA          
2_ASHBORNE_9358,2,9358,KAH Reposado Tequila,750mL,1,54.99,54.99,2024-04-24,750.0,1,0.79,9165,ULTRA BEVERAGE COMPANY LLP 
22_SHARNWICK_1748,22,1748,William Grant Scotch,750mL,2,27.98,13.99,2024-02-21,750.0,1,1.57,3664,WILLIAM GRANT & SONS INC   
50_MOUNTMEND_38483,50,38483,Sharpe Hill Ballet of Angel,750mL,2,21.98,10.99,2024-12-19,750.0,2,0.22,10754,PERFECTA WINES             
5_SUTTON_4939,5,4939,Kapali Coffee,1.75L,1,17.99,17.99,2024-02-27,1750.0,1,1.84,8004,SAZERAC CO INC             
68_SOLARIS_38179,68,38179,Rex Goliath Chard,750mL,2,11.98,5.99,2024-05-15,750.0,2,0.22,1392,CONSTELLATION BRANDS INC   
33_HORNSEY_7716,33,7716,Andre Brut,750mL,1,5.99,5.99,2024-11-10,750.0,2,0.11,3252,E & J GALLO WINERY         
67_EANVERNESS_3386,67,3386,Skyy Infusions Cranberry,50mL,3,2.97,0.99,2024-12-08,50.0,1,0.16,11567,CAMPARI AMERICA            
67_EANVERNESS_4225,67,4225,Goslings Black Seal Bermuda,1.75L,1,25.99,25.99,2024-03-28,1750.0,1,1.84,1485,CASTLE BRANDS CORP.        
56_BEGGAR'S HOLE_44714,56,44714,Buehler Znfdl Napa,750mL,1,11.99,11.99,2024-11-07,750.0,2,0.11,4425,MARTIGNETTI COMPANIES
30_CULCHETH_18533,30,18533,Candia Vyds Diamond,750mL,1,14.99,14.99,2024-01-24,750.0,2,0.11,90046,CANDIA VINEYARDS           
9_BLACKPOOL_41751,9,41751,Clos du Bois Pnt Grigio Cal,750mL,1,8.99,8.99,2024-08-10,750.0,2,0.11,1392,CONSTELLATION BRANDS INC   
34_PITMERDEN_4664,34,4664,Hennessy Black Cognac,750mL,5,179.95,35.99,2024-11-25,750.0,1,3.94,8112,MOET HENNESSY USA INC      
23_ARBINGTON_4229,23,4229,Bacardi Black,1.75L,2,39.98,19.99,2024-11-01,1750.0,1,3.67,480,BACARDI USA INC            
38_GOULCREST_17459,38,17459,Skinnygirl Red Wine,750mL,1,8.99,8.99,2024-01-08,750.0,2,0.11,12546,JIM BEAM BRANDS COMPANY    
67_EANVERNESS_23197,67,23197,Yellow Tail Sangria Blanco,1.5L,1,14.99,14.99,2024-10-23,1500.0,2,0.22,4425,MARTIGNETTI COMPANIES
15_WANBORNE_18817,15,18817,The Dreaming Tree Everyday,750mL,1,12.99,12.99,2024-03-30,750.0,2,0.11,1392,CONSTELLATION BRANDS INC   
67_EANVERNESS_2164,67,2164,New Amsterdam Gin,1.75L,1,16.99,16.99,2024-12-05,1750.0,1,1.84,3252,E & J GALLO WINERY         
55_DRY GULCH_8393,55,8393,Casamigos Reposado,750mL,1,49.99,49.99,2024-07-23,750.0,1,0.79,6213,MHW LTD                    
22_SHARNWICK_5891,22,5891,Ryans Irish Cream,1.75L,1,15.99,15.99,2024-07-19,1750.0,1,1.84,8004,SAZERAC CO INC             
23_ARBINGTON_4218,23,4218,Sailor Jerry Spiced Navy Rum,750mL,1,16.99,16.99,2024-07-31,750.0,1,0.79,3664,WILLIAM GRANT & SONS INC   
66_EANVERNESS_6654,66,6654,Veuve Clicquot Brut Yellow,750mL,4,183.96,45.99,2024-09-12,750.0,2,0.45,8112,MOET HENNESSY USA INC      
11_CARDEND_18535,11,18535,Candia Vyds Ice Storm,375mL,1,27.99,27.99,2024-07-06,375.0,2,0.06,90046,CANDIA VINEYARDS           
68_SOLARIS_19453,68,19453,Wente Southern Hill Cab Svgn,750mL,1,13.99,13.99,2024-10-31,750.0,2,0.11,2000,SOUTHERN WINE & SPIRITS NE 
11_CARDEND_1346,11,1346,Knob Creek Bourbon,750mL,1,29.99,29.99,2024-01-17,750.0,1,0.79,12546,JIM BEAM BRANDS COMPANY    
74_PAENTMARWY_16656,74,16656,Dom Bousquet Malbec Mendoza,750mL,1,10.99,10.99,2024-12-20,750.0,2,0.11,10754,PERFECTA WINES             
28_LARNWICK_26092,28,26092,Blackstone Merlot Cal,750mL,1,7.99,7.99,2024-08-22,750.0,2,0.11,1392,CONSTELLATION BRANDS INC   
1_HARDERSFIELD_1748,1,1748,William Grant Scotch,750mL,1,17.99,17.99,2024-08-18,750.0,1,0.79,3664,WILLIAM GRANT & SONS INC   
77_TAMWORTH_4149,77,4149,Sailor Jerry Spiced Navy Rum,50mL,1,1.49,1.49,2024-03-11,50.0,1,0.05,3664,WILLIAM GRANT & SONS INC   
76_DONCASTER_6846,76,6846,Stock Limonce,750mL,1,14.99,14.99,2024-12-09,750.0,1,0.79,8352,LUXCO INC                  
65_LUTON_20533,65,20533,Bread & Butter Chard,750mL,1,12.99,12.99,2024-07-01,750.0,2,0.11,653,STATE WINE & SPIRITS   
20_BREDWARDINE_6499,20,6499,Kinky Liqueur,750mL,1,17.99,17.99,2024-04-09,750.0,1,0.79,7153,PINE STATE TRADING CO      
15_WANBORNE_3244,15,3244,Burnetts Vodka,750mL,2,11.58,5.79,2024-01-09,750.0,1,1.57,3924,HEAVEN HILL DISTILLERIES   
75_BARNCOMBE_4478,75,4478,Myers Original Dark Rum,750mL,1,17.99,17.99,2024-07-06,750.0,1,0.79,3960,DIAGEO NORTH AMERICA INC   
50_MOUNTMEND_18427,50,18427,Duckhorn Decoy Merlot Sonoma,750mL,1,19.99,19.99,2024-10-15,750.0,2,0.11,4425,MARTIGNETTI COMPANIES
76_DONCASTER_3343,76,3343,Bombay Sapphire Gin,375mL,1,12.99,12.99,2024-06-03,375.0,1,0.39,480,BACARDI USA INC            
76_DONCASTER_32924,76,32924,Silverado Cab Svgn Napa,750mL,8,359.92,44.99,2024-06-30,750.0,2,0.9,4425,MARTIGNETTI COMPANIES
2_ASHBORNE_5734,2,5734,Malibu Rum,1.75L,2,43.98,21.99,2024-08-13,1750.0,1,3.67,17035,PERNOD RICARD USA          
15_WANBORNE_8036,15,8036,Livingston Chablis Cal,3L,1,11.99,11.99,2024-09-09,3000.0,2,0.45,3252,E & J GALLO WINERY         
34_PITMERDEN_20398,34,20398,I Lauri Bajo Montepul d'Abru,750mL,1,8.99,8.99,2024-04-16,750.0,2,0.11,7255,PSP WINES 
14_BROMWICH_8504,14,8504,R M Woodbridge Cab Svgn Cal,1.5L,5,49.95,9.99,2024-10-14,1500.0,2,1.12,1392,CONSTELLATION BRANDS INC   
78_EASTHAVEN_5401,78,5401,Jagermeister Liqueur,200mL,2,11.98,5.99,2024-05-20,200.0,1,0.42,3089,SIDNEY FRANK IMPORTING CO  
16_LUNDY_39384,16,39384,F Coppola Diamond Pnt Nr,750mL,1,12.95,12.95,2024-10-31,750.0,2,0.11,2000,SOUTHERN WINE & SPIRITS NE 
19_WINTERVALE_5137,19,5137,Irish Manor Irish Cream,750mL,1,9.99,9.99,2024-09-19,750.0,1,0.79,4380,CHARLES JACQUIN ET CIE INC 
6_GOULCREST_2757,6,2757,Johnnie Walker Red Label,1.75L,3,89.97,29.99,2024-02-06,1750.0,1,5.51,3960,DIAGEO NORTH AMERICA INC   
2_ASHBORNE_4225,2,4225,Goslings Black Seal Bermuda,1.75L,1,24.99,24.99,2024-01-13,1750.0,1,1.84,1485,CASTLE BRANDS CORP.        
30_CULCHETH_1233,30,1233,Jack Daniels No 7 Black,1.75L,2,75.98,37.99,2024-10-23,1750.0,1,3.67,1128,BROWN-FORMAN CORP          
15_WANBORNE_2132,15,2132,Lord Calvert Canadian,1.75L,1,12.99,12.99,2024-09-16,1750.0,1,1.84,8352,LUXCO INC                  
9_BLACKPOOL_5391,9,5391,Kamora Coffee,1.75L,1,19.99,19.99,2024-05-13,1750.0,1,1.84,12546,JIM BEAM BRANDS COMPANY    
1_HARDERSFIELD_5438,1,5438,Emmets Irish Cream,750mL,1,9.99,9.99,2024-05-14,750.0,1,0.79,3960,DIAGEO NORTH AMERICA INC   
35_HALIVAARA_4157,35,4157,Smirnoff Green Apple Vodka,50mL,4,3.96,0.99,2024-04-01,50.0,1,0.21,3960,DIAGEO NORTH AMERICA INC   
60_IRRAGIN_8581,60,8581,Stagg Jr Bourbon,750mL,2,99.98,49.99,2024-08-12,750.0,1,1.57,8004,SAZERAC CO INC             
32_MOUNTMEND_5805,32,5805,Jose Cuervo Light Margaritas,1.75L,1,13.99,13.99,2024-08-27,1750.0,1,1.84,7245,PROXIMO SPIRITS INC.       
58_HARTLEPOOL_1771,58,1771,Jack Daniels Tennessee Fire,50mL,2,5.98,2.99,2024-10-23,50.0,1,0.1,1128,BROWN-FORMAN CORP          
78_EASTHAVEN_8606,78,8606,Baileys Espresso Creme,50mL,2,1.98,0.99,2024-03-20,50.0,1,0.1,3960,DIAGEO NORTH AMERICA INC   
30_CULCHETH_2589,30,2589,Jameson Irish Whiskey,1.75L,1,39.99,39.99,2024-07-10,1750.0,1,1.84,17035,PERNOD RICARD USA          
67_EANVERNESS_5480,67,5480,E & J Superior RSV VSOP,750mL,1,10.99,10.99,2024-08-24,750.0,1,0.79,3252,E & J GALLO WINERY         
20_BREDWARDINE_11821,20,11821,Slingshot Cab Svgn,750mL,1,17.99,17.99,2024-09-02,750.0,2,0.11,9165,ULTRA BEVERAGE COMPANY LLP 
69_MOUNTMEND_26399,69,26399,Trapiche Malbec Mendoza Oak,750mL,2,17.98,8.99,2024-02-06,750.0,2,0.22,9815,WINE GROUP INC             
69_MOUNTMEND_36524,69,36524,Ch de Ribebon Brdx,750mL,1,14.99,14.99,2024-01-17,750.0,2,0.11,4425,MARTIGNETTI COMPANIES
1_HARDERSFIELD_8368,1,8368,Bacardi Superior Rum,100mL,1,1.99,1.99,2024-06-28,100.0,1,0.1,480,BACARDI USA INC            
31_HORNSEY_1070,31,1070,Three Olives Vodka w3 50mls,750mL + 3/,1,14.99,14.99,2024-12-12,750.0,1,0.79,7245,PROXIMO SPIRITS INC.       
51_ABERDEEN_28947,51,28947,R M Woodbridge Merlot Cal,1.5L,4,39.96,9.99,2024-06-21,1500.0,2,0.9,1392,CONSTELLATION BRANDS INC   
5_SUTTON_1867,5,1867,Jack Daniels Tennessee Honey,50mL,1,2.99,2.99,2024-12-09,50.0,1,0.05,1128,BROWN-FORMAN CORP          
21_BALERNO_38546,21,38546,Mark West Pnt Nr Sonoma,750mL,4,39.96,9.99,2024-01-11,750.0,2,0.45,1392,CONSTELLATION BRANDS INC   
23_ARBINGTON_1728,23,1728,Aberlour 16 Year Old Single,750mL,1,59.99,59.99,2024-11-12,750.0,1,0.79,17035,PERNOD RICARD USA          
60_IRRAGIN_2609,60,2609,Pigs Nose Scotch,750mL,1,24.99,24.99,2024-08-12,750.0,1,0.79,9744,FREDERICK WILDMAN & SONS   
41_LARNWICK_17235,41,17235,B & G Vouvray,750mL,2,21.98,10.99,2024-08-12,750.0,2,0.22,8735,SURVILLE ENTERPRISES CORP  
72_HARDERSFIELD_3356,72,3356,Svedka Vodka,375mL,1,5.99,5.99,2024-02-15,375.0,1,0.39,1392,CONSTELLATION BRANDS INC   
60_IRRAGIN_284,60,284,Milagro Tequila Anejo SBR,750mL,1,77.99,77.99,2024-12-02,750.0,1,0.79,3664,WILLIAM GRANT & SONS INC   
32_MOUNTMEND_29835,32,29835,Casal Garcia Vinho Verde Wh,750mL,1,7.99,7.99,2024-06-21,750.0,2,0.11,4425,MARTIGNETTI COMPANIES
4_EANVERNESS_3636,4,3636,Dr McGillicuddy's Mentholmnt,375mL,1,7.49,7.49,2024-02-20,375.0,1,0.39,8004,SAZERAC CO INC             
37_PAETHSMOUTH_26732,37,26732,Bonterra Cab Svgn Organic,750mL,1,13.99,13.99,2024-01-23,750.0,2,0.11,9165,ULTRA BEVERAGE COMPANY LLP 
81_PEMBROKE_38850,81,38850,Ravenswood Vntrs Bl Cab Svgn,750mL,1,7.99,7.99,2024-10-07,750.0,2,0.11,1392,CONSTELLATION BRANDS INC   
50_MOUNTMEND_14006,50,14006,Apothic Winemakers Red Blend,750mL,12,119.88,9.99,2024-08-26,750.0,2,1.35,3252,E & J GALLO WINERY         
58_HARTLEPOOL_4882,58,4882,Arrow Coffee Brandy,750mL,1,6.49,6.49,2024-12-05,750.0,1,0.79,8352,LUXCO INC                  
24_PALPERROTH_8124,24,8124,Mouton Cadet White Brdx,750mL,1,10.99,10.99,2024-11-03,750.0,2,0.11,1392,CONSTELLATION BRANDS INC   
74_PAENTMARWY_25445,74,25445,Maynard's 10 Yr Tawny Port,750mL,1,19.99,19.99,2024-07-19,750.0,2,0.11,7153,PINE STATE TRADING CO      
45_VERITAS_5735,45,5735,Malibu Rum,750mL,2,25.98,12.99,2024-01-30,750.0,1,1.57,17035,PERNOD RICARD USA          
68_SOLARIS_3815,68,3815,Solid Granite Vodka,750mL,1,27.99,27.99,2024-06-24,750.0,1,0.79,28750,SMOKY QUARTZ DISTILLERY LLC
74_PAENTMARWY_4724,74,4724,Patron Citronge Lime Liqueur,750mL,3,62.97,20.99,2024-12-16,750.0,1,2.36,9165,ULTRA BEVERAGE COMPANY LLP 
49_GARIGILL_6967,49,6967,Santa Margherita Pnt Grigio,750mL,1,19.99,19.99,2024-02-07,750.0,2,0.11,4425,MARTIGNETTI COMPANIES
49_GARIGILL_15575,49,15575,Monte Faliesi Falanghina,750mL,1,8.99,8.99,2024-07-30,750.0,2,0.11,9165,ULTRA BEVERAGE COMPANY LLP 
67_EANVERNESS_2654,67,2654,Tanqueray Bloomsbury,Liter,1,28.99,28.99,2024-01-05,1000.0,1,1.05,3960,DIAGEO NORTH AMERICA INC   
39_EASTHALLOW_39593,39,39593,Redwood Creek Pnt Nr Cal,1.5L,3,29.97,9.99,2024-02-12,1500.0,2,0.68,3252,E & J GALLO WINERY         
22_SHARNWICK_1269,22,1269,Jeffersons Bourbon,750mL,1,25.99,25.99,2024-11-23,750.0,1,0.79,1485,CASTLE BRANDS CORP.        
37_PAETHSMOUTH_8265,37,8265,Cockburns Fine Ruby Port,750mL,1,9.99,9.99,2024-12-23,750.0,2,0.11,7240,"PREMIUM PORT WINES, INC.   "
38_GOULCREST_23211,38,23211,Wild Horse Pnt Gris CC,750mL,1,11.99,11.99,2024-08-16,750.0,2,0.11,1392,CONSTELLATION BRANDS INC   
42_BLACK HOLLOW_3896,42,3896,Zhenka Vodka,375mL,1,3.29,3.29,2024-05-17,375.0,1,0.39,9552,M S WALKER INC             
60_IRRAGIN_13491,60,13491,Barefoot Cellars Rsl,1.5L,1,8.75,8.75,2024-06-20,1500.0,2,0.22,3252,E & J GALLO WINERY         
66_EANVERNESS_5891,66,5891,Ryans Irish Cream,1.75L,2,31.98,15.99,2024-01-13,1750.0,1,3.67,8004,SAZERAC CO INC             
62_KILMARNOCK_4267,62,4267,Bacardi Limon Rum,1.75L,1,19.99,19.99,2024-12-27,1750.0,1,1.84,480,BACARDI USA INC            
24_PALPERROTH_5399,24,5399,Goldschlager Cinnamon Schna,50mL,1,1.99,1.99,2024-06-15,50.0,1,0.05,3960,DIAGEO NORTH AMERICA INC   
49_GARIGILL_35412,49,35412,Yellow Tail Chard Ausl,1.5L,3,26.85,8.95,2024-08-11,1500.0,2,0.68,4425,MARTIGNETTI COMPANIES
43_WOLFORD_3562,43,3562,Pearl Vodka,50mL,2,1.98,0.99,2024-05-21,50.0,1,0.1,8352,LUXCO INC                  
73_DONCASTER_31581,73,31581,Ch Graville Lacoste Graves,750mL,1,15.99,15.99,2024-06-27,750.0,2,0.11,4425,MARTIGNETTI COMPANIES
71_CLARCTON_676,71,676,Pinnacle Whipped Vodka,750mL,1,12.99,12.99,2024-04-01,750.0,1,0.79,12546,JIM BEAM BRANDS COMPANY    
1_HARDERSFIELD_15827,1,15827,Frisk Prickly Rsl,750mL,1,9.99,9.99,2024-05-14,750.0,2,0.11,4425,MARTIGNETTI COMPANIES
38_GOULCREST_19926,38,19926,Santa Rita RSV Svgn Bl,750mL,2,19.98,9.99,2024-08-03,750.0,2,0.22,6785,PALM BAY INTERNATIONAL INC 
8_ALNERWICK_3746,8,3746,Gordons Vodka 80 Proof,1.75L,5,54.95,10.99,2024-07-23,1750.0,1,9.19,3960,DIAGEO NORTH AMERICA INC   
43_WOLFORD_23095,43,23095,Glen Ellen Cab Svgn RSV,1.5L,1,6.99,6.99,2024-01-23,1500.0,2,0.22,9815,WINE GROUP INC             
67_EANVERNESS_3827,67,3827,Popov Vodka,1.75L,1,12.99,12.99,2024-10-02,1750.0,1,1.84,3960,DIAGEO NORTH AMERICA INC   
57_LANTEGLOS_3696,57,3696,Gilbeys Vodka,1.75L,3,31.47,10.49,2024-09-28,1750.0,1,5.51,12546,JIM BEAM BRANDS COMPANY    
74_PAENTMARWY_2496,74,2496,Crown Royal Black,1.75L,1,52.99,52.99,2024-01-28,1750.0,1,1.84,3960,DIAGEO NORTH AMERICA INC   
32_MOUNTMEND_4385,32,4385,Parrot Bay 90 Coconut Capt,1.75L,1,24.99,24.99,2024-11-02,1750.0,1,1.84,3960,DIAGEO NORTH AMERICA INC   
76_DONCASTER_15916,76,15916,Simply Naked Pnt Grigio,750mL,2,13.98,6.99,2024-05-22,750.0,2,0.22,1392,CONSTELLATION BRANDS INC   
50_MOUNTMEND_8725,50,8725,Chambord Royale de France,375mL,2,31.98,15.99,2024-12-20,375.0,1,0.79,1128,BROWN-FORMAN CORP          
50_MOUNTMEND_2859,50,2859,Bushmills Irish Honey,750mL,1,21.99,21.99,2024-03-01,750.0,1,0.79,7245,PROXIMO SPIRITS INC.       
55_DRY GULCH_6854,55,6854,Carlo Rossi Burgundy Calif,4L,1,14.99,14.99,2024-05-25,4000.0,2,0.6,3252,E & J GALLO WINERY         
10_HORNSEY_3982,10,3982,Hornitos Reposado Tequila,750mL,2,49.98,24.99,2024-03-25,750.0,1,1.57,12546,JIM BEAM BRANDS COMPANY    
50_MOUNTMEND_5399,50,5399,Goldschlager Cinnamon Schna,50mL,9,17.91,1.99,2024-05-02,50.0,1,0.47,3960,DIAGEO NORTH AMERICA INC   
20_BREDWARDINE_32136,20,32136,Warre's 20-Yr Tawny Port,750mL,1,44.99,44.99,2024-11-23,750.0,2,0.11,1587,VINEYARD BRANDS INC        
21_BALERNO_14539,21,14539,Dom de Dionysos La Deveze,750mL,1,14.99,14.99,2024-04-09,750.0,2,0.11,4425,MARTIGNETTI COMPANIES
50_MOUNTMEND_4152,50,4152,Jenkins Rum,750mL,1,4.99,4.99,2024-12-13,750.0,1,0.79,9552,M S WALKER INC             
42_BLACK HOLLOW_8590,42,8590,Arrow Peppermint Schnapps,750mL,1,7.99,7.99,2024-08-08,750.0,1,0.79,8352,LUXCO INC                  
30_CULCHETH_4260,30,4260,Capt Morgan Original Barrel,1.75L,3,59.97,19.99,2024-06-02,1750.0,1,5.51,3960,DIAGEO NORTH AMERICA INC   
15_WANBORNE_4267,15,4267,Bacardi Limon Rum,1.75L,1,19.99,19.99,2024-12-02,1750.0,1,1.84,480,BACARDI USA INC            
61_AETHELNEY_4113,61,4113,Capt Morgan White,50mL,4,3.96,0.99,2024-03-15,50.0,1,0.21,3960,DIAGEO NORTH AMERICA INC   
34_PITMERDEN_4066,34,4066,Bacardi Oakheart Spiced Rum,1.75L,1,19.99,19.99,2024-12-13,1750.0,1,1.84,480,BACARDI USA INC            
35_HALIVAARA_3405,35,3405,Tito's Handmade Vodka,1.75L,2,59.98,29.99,2024-08-17,1750.0,1,3.67,4425,MARTIGNETTI COMPANIES
54_GUTHRAM_34903,54,34903,Smoking Loon Cab Svgn,750mL,2,13.58,6.79,2024-12-29,750.0,2,0.22,9552,M S WALKER INC             
54_GUTHRAM_5080,54,5080,Hpnotiq Harmonie,750mL,1,19.99,19.99,2024-04-20,750.0,1,0.79,3924,HEAVEN HILL DISTILLERIES   
6_GOULCREST_3298,6,3298,Bully Boy Boston Rum,750mL,1,26.99,26.99,2024-06-17,750.0,1,0.79,1189,BULLY BOY DISTILLERS       
67_EANVERNESS_676,67,676,Pinnacle Whipped Vodka,750mL,1,9.99,9.99,2024-12-17,750.0,1,0.79,12546,JIM BEAM BRANDS COMPANY    
31_HORNSEY_8323,31,8323,Jose Cuervo Gold w/Marg Mix,750mL,2,29.98,14.99,2024-07-22,750.0,1,1.57,7245,PROXIMO SPIRITS INC.       
23_ARBINGTON_16327,23,16327,Black Box Merlot,500mL,2,7.98,3.99,2024-04-21,500.0,2,0.15,1392,CONSTELLATION BRANDS INC   
60_IRRAGIN_3462,60,3462,Absolut Ruby Red,750mL,1,16.99,16.99,2024-09-02,750.0,1,0.79,17035,PERNOD RICARD USA          
53_HILLFAR_5364,53,5364,Kahlua,1.75L,14,419.86,29.99,2024-12-31,1750.0,1,25.72,17035,PERNOD RICARD USA          
66_EANVERNESS_37235,66,37235,Mionetto Il Prosecco Spklg,750mL,4,47.96,11.99,2024-07-05,750.0,2,0.45,9552,M S WALKER INC             
55_DRY GULCH_16159,55,16159,Gnarly Head Authentic Red,750mL,1,8.99,8.99,2024-10-07,750.0,2,0.11,2242,DELICATO VINEYARDS INC     
31_HORNSEY_3054,31,3054,Smirnoff Kissed Caramel,750mL,1,12.99,12.99,2024-09-23,750.0,1,0.79,3960,DIAGEO NORTH AMERICA INC   
74_PAENTMARWY_2690,74,2690,Black Velvet Reserve,750mL,1,9.99,9.99,2024-08-05,750.0,1,0.79,1392,CONSTELLATION BRANDS INC   
68_SOLARIS_34134,68,34134,Turning Leaf RSV Chard Cal,1.5L,1,8.99,8.99,2024-01-06,1500.0,2,0.22,3252,E & J GALLO WINERY         
12_LEESIDE_3606,12,3606,Smirnoff Raspberry Vodka,50mL,11,10.89,0.99,2024-06-14,50.0,1,0.58,3960,DIAGEO NORTH AMERICA INC   
32_MOUNTMEND_5033,32,5033,Fireball Cinnamon Whisky,Liter,1,17.99,17.99,2024-11-15,1000.0,1,1.05,8004,SAZERAC CO INC             
40_BULLMAR_5109,40,5109,Dr McGillicuddy's Menth Trav,750mL,1,12.99,12.99,2024-04-08,750.0,1,0.79,8004,SAZERAC CO INC             
34_PITMERDEN_824,34,824,Dewars White Label Scotch,Liter,4,107.96,26.99,2024-07-12,1000.0,1,4.2,480,BACARDI USA INC            
8_ALNERWICK_1378,8,1378,Jim Beam,375mL,1,9.49,9.49,2024-05-22,375.0,1,0.39,12546,JIM BEAM BRANDS COMPANY    
2_ASHBORNE_24419,2,24419,Bonterra Mendocino Org Chard,750mL,1,11.99,11.99,2024-07-04,750.0,2,0.11,9165,ULTRA BEVERAGE COMPANY LLP 
66_EANVERNESS_12213,66,12213,Evodia Garnacha Old Vine,750mL,1,8.99,8.99,2024-12-22,750.0,2,0.11,9552,M S WALKER INC             
33_HORNSEY_15428,33,15428,Ruffino Prosecco Sparkling,750mL,1,12.99,12.99,2024-10-29,750.0,2,0.11,1392,CONSTELLATION BRANDS INC   
76_DONCASTER_25522,76,25522,Sutter Home Clsc Cab Svgn,187mL 4 Pk,2,11.98,5.99,2024-03-14,187.0,2,0.06,8892,TRINCHERO FAMILY ESTATES   
66_EANVERNESS_653,66,653,Dom de Canton Ginger Liqueur,750mL,1,29.99,29.99,2024-07-12,750.0,1,0.79,3924,HEAVEN HILL DISTILLERIES   
47_PELLA'S WISH_17345,47,17345,Bogle Essential Red,750mL,1,10.99,10.99,2024-02-03,750.0,2,0.11,4425,MARTIGNETTI COMPANIES
67_EANVERNESS_1345,67,1345,Basil Hayden Bourbon,750mL,2,75.98,37.99,2024-08-25,750.0,1,1.57,12546,JIM BEAM BRANDS COMPANY    
74_PAENTMARWY_5060,74,5060,Dr McGillicuddy's Butterscth,750mL,3,41.97,13.99,2024-09-23,750.0,1,2.36,8004,SAZERAC CO INC             
34_PITMERDEN_3102,34,3102,Smirnoff Traveler,1.75L,19,322.81,16.99,2024-11-29,1750.0,1,34.91,3960,DIAGEO NORTH AMERICA INC   
50_MOUNTMEND_19989,50,19989,Querceto Sangiovese,750mL,9,62.91,6.99,2024-09-23,750.0,2,1.01,9165,ULTRA BEVERAGE COMPANY LLP 
8_ALNERWICK_3405,8,3405,Tito's Handmade Vodka,1.75L,1,32.99,32.99,2024-03-13,1750.0,1,1.84,4425,MARTIGNETTI COMPANIES
69_MOUNTMEND_1468,69,1468,Knob Creek Single Barrel Rsv,750mL,1,41.99,41.99,2024-09-16,750.0,1,0.79,12546,JIM BEAM BRANDS COMPANY    
41_LARNWICK_1366,41,1366,Red Stag by Jim Beam,50mL,5,6.45,1.29,2024-10-12,50.0,1,0.26,12546,JIM BEAM BRANDS COMPANY    
21_BALERNO_8441,21,8441,Baileys Irish Cream,375mL,1,12.49,12.49,2024-01-22,375.0,1,0.39,3960,DIAGEO NORTH AMERICA INC   
13_TARMSWORTH_3769,13,3769,Jenkins Vodka,1.75L,1,8.99,8.99,2024-08-16,1750.0,1,1.84,9552,M S WALKER INC             
30_CULCHETH_14191,30,14191,Ch Fage Graves de Vayres,750mL,1,11.99,11.99,2024-04-16,750.0,2,0.11,7153,PINE STATE TRADING CO      
65_LUTON_31909,65,31909,Catena Lunlunta Malbec Argn,750mL,1,17.99,17.99,2024-07-03,750.0,2,0.11,9552,M S WALKER INC             
68_SOLARIS_6579,68,6579,J Lohr Riverstone Chard,750mL,25,249.75,9.99,2024-08-25,750.0,2,2.81,4425,MARTIGNETTI COMPANIES
5_SUTTON_8815,5,8815,Ch Ste Michelle Chard Colmbi,750mL,3,23.85,7.95,2024-11-11,750.0,2,0.34,8673,STE MICHELLE WINE ESTATES  
32_MOUNTMEND_32054,32,32054,Greg Norman Lmstn Cab/Merlot,750mL,2,25.98,12.99,2024-04-06,750.0,2,0.22,9819,TREASURY WINE ESTATES      
67_EANVERNESS_1738,67,1738,Ole Smoky Moonshine Cherries,750mL,4,75.96,18.99,2024-07-11,750.0,1,3.15,6359,OLE SMOKY DISTILLERY LLC   
43_WOLFORD_3041,43,3041,Zhenka Pink Lemonade Vodka,1.75L,1,8.99,8.99,2024-02-03,1750.0,1,1.84,9552,M S WALKER INC             
76_DONCASTER_6581,76,6581,Ch Ste Michelle Merlot Colum,750mL,1,12.99,12.99,2024-12-28,750.0,2,0.11,8673,STE MICHELLE WINE ESTATES  
50_MOUNTMEND_3858,50,3858,Grey Goose Vodka,750mL,29,681.21,23.49,2024-11-26,750.0,1,22.84,480,BACARDI USA INC            
69_MOUNTMEND_4798,69,4798,Sambuca Romana Liqueur,50mL,12,23.88,1.99,2024-04-28,50.0,1,0.63,3960,DIAGEO NORTH AMERICA INC   
25_CAERSHIRE_33874,25,33874,Bella Sera Pinot Grigio Del,1.5L,1,10.99,10.99,2024-12-18,1500.0,2,0.22,3252,E & J GALLO WINERY         
58_HARTLEPOOL_3505,58,3505,Tito's Handmade Vodka,750mL,3,56.97,18.99,2024-08-12,750.0,1,2.36,4425,MARTIGNETTI COMPANIES
21_BALERNO_3276,21,3276,Gordons London Dry,1.75L,1,14.99,14.99,2024-06-12,1750.0,1,1.84,3960,DIAGEO NORTH AMERICA INC   
31_HORNSEY_31203,31,31203,Beringer Fndrs Est Merlot,750mL,2,17.98,8.99,2024-04-21,750.0,2,0.22,9819,TREASURY WINE ESTATES      
23_ARBINGTON_8606,23,8606,Baileys Espresso Creme,50mL,5,4.95,0.99,2024-01-24,50.0,1,0.26,3960,DIAGEO NORTH AMERICA INC   
64_CESTERFIELD_18641,64,18641,Yellow Tail Big Bold Red,1.5L,1,14.99,14.99,2024-01-07,1500.0,2,0.22,4425,MARTIGNETTI COMPANIES
74_PAENTMARWY_4265,74,4265,Capt Morgan Spiced Rum,375mL,4,43.96,10.99,2024-01-22,375.0,1,1.57,3960,DIAGEO NORTH AMERICA INC   
71_CLARCTON_3857,71,3857,Grey Goose Vodka,1.75L,1,49.99,49.99,2024-12-08,1750.0,1,1.84,480,BACARDI USA INC            
49_GARIGILL_1962,49,1962,Jim Beam Apple,750mL,1,16.99,16.99,2024-06-20,750.0,1,0.79,12546,JIM BEAM BRANDS COMPANY    
32_MOUNTMEND_31231,32,31231,Nobilo Svgn Bl MarlborougH,750mL,2,19.98,9.99,2024-03-10,750.0,2,0.22,1392,CONSTELLATION BRANDS INC   
59_CLAETHORPES_2373,59,2373,Jim Beam Maple,750mL,1,14.99,14.99,2024-11-22,750.0,1,0.79,12546,JIM BEAM BRANDS COMPANY    
73_DONCASTER_8059,73,8059,Corazon de Agave Anejo,750mL,1,27.99,27.99,2024-08-13,750.0,1,0.79,8004,SAZERAC CO INC             
38_GOULCREST_8068,38,8068,Absolut 80 Proof,1.75L,12,299.88,24.99,2024-02-02,1750.0,1,22.05,17035,PERNOD RICARD USA          
19_WINTERVALE_40425,19,40425,Mionetto Prosecco Brut,750mL,1,14.99,14.99,2024-10-30,750.0,2,0.11,9552,M S WALKER INC             
73_DONCASTER_19645,73,19645,Line 39 Pnt Nr,750mL,4,39.96,9.99,2024-10-08,750.0,2,0.45,7153,PINE STATE TRADING CO      
56_BEGGAR'S HOLE_14991,56,14991,Banshee Pnt Nr Sonoma Cnty,750mL,2,35.98,17.99,2024-08-20,750.0,2,0.22,9552,M S WALKER INC             
68_SOLARIS_5105,68,5105,Dr McGillicuddy's Mentholmnt,1.75L,1,25.99,25.99,2024-10-06,1750.0,1,1.84,8004,SAZERAC CO INC             
71_CLARCTON_12216,71,12216,Da Vinci Pnt Grigio,750mL,1,9.99,9.99,2024-08-07,750.0,2,0.11,3252,E & J GALLO WINERY         
73_DONCASTER_36268,73,36268,Montinore Pnt Nr Ore,750mL,1,16.99,16.99,2024-07-07,750.0,2,0.11,4425,MARTIGNETTI COMPANIES
8_ALNERWICK_1542,8,1542,Bowen's American Whiskey,750mL,1,24.99,24.99,2024-04-03,750.0,1,0.79,9751,VINEDREA WINES LLC         
76_DONCASTER_4062,76,4062,Goslings Dark'N Stormy RTD,250mL 4 Pk,4,35.96,8.99,2024-11-02,250.0,1,1.05,1485,CASTLE BRANDS CORP.        
76_DONCASTER_2841,76,2841,High West Double Rye Whiskey,750mL,3,89.97,29.99,2024-08-12,750.0,1,2.36,9165,ULTRA BEVERAGE COMPANY LLP 
40_BULLMAR_6575,40,6575,Kendall Jackson RSV Svgn Bl,750mL,1,9.99,9.99,2024-12-18,750.0,2,0.11,10000,MAJESTIC FINE WINES        
19_WINTERVALE_3882,19,3882,Smirnoff Strawberry Vodka,750mL,1,12.99,12.99,2024-11-05,750.0,1,0.79,3960,DIAGEO NORTH AMERICA INC   
71_CLARCTON_3315,71,3315,Smirnoff Sorbet Rasp/Pomegra,50mL,4,3.96,0.99,2024-03-31,50.0,1,0.21,3960,DIAGEO NORTH AMERICA INC   
76_DONCASTER_2086,76,2086,Jefferson's Rsv Groth Resrve,750mL,2,159.98,79.99,2024-07-03,750.0,1,1.57,1485,CASTLE BRANDS CORP.        
71_CLARCTON_6960,71,6960,Cooks Brut,750mL,1,7.99,7.99,2024-09-11,750.0,2,0.11,1392,CONSTELLATION BRANDS INC   
76_DONCASTER_25750,76,25750,Moulin Gassac Guilhm Rose 15,750mL,3,23.97,7.99,2024-06-30,750.0,2,0.34,9165,ULTRA BEVERAGE COMPANY LLP 
14_BROMWICH_6524,14,6524,Rosemount Diamond Shiraz,750mL,1,6.99,6.99,2024-05-16,750.0,2,0.11,4425,MARTIGNETTI COMPANIES
47_PELLA'S WISH_3295,47,3295,Tito's Handmade Vodka,375mL,1,11.99,11.99,2024-10-15,375.0,1,0.39,4425,MARTIGNETTI COMPANIES
19_WINTERVALE_3614,19,3614,Finlandia Vodka,1.75L,1,22.99,22.99,2024-09-07,1750.0,1,1.84,1128,BROWN-FORMAN CORP          
10_HORNSEY_38441,10,38441,Toasted Head Cab Svgn,750mL,1,11.99,11.99,2024-01-15,750.0,2,0.11,1392,CONSTELLATION BRANDS INC   
24_PALPERROTH_2127,24,2127,Canadian Ltd,1.75L,3,31.47,10.49,2024-05-27,1750.0,1,5.51,660,SAZERAC NORTH AMERICA INC. 
54_GUTHRAM_40621,54,40621,Santa Margherita Prosecco V,750mL,1,18.99,18.99,2024-11-23,750.0,2,0.11,4425,MARTIGNETTI COMPANIES
2_ASHBORNE_5627,2,5627,Flag Hill Sugar Maple Liquer,375mL,2,31.98,15.99,2024-10-28,375.0,1,0.79,17031,FLAG HILL WINERY & VINEYARD
55_DRY GULCH_10236,55,10236,Layer Cake Malbec Mendoza,750mL,2,29.98,14.99,2024-02-25,750.0,2,0.22,4425,MARTIGNETTI COMPANIES
41_LARNWICK_8848,41,8848,Deep Eddy Lemon Vodka,50mL,1,0.99,0.99,2024-11-30,50.0,1,0.05,3924,HEAVEN HILL DISTILLERIES   
69_MOUNTMEND_3579,69,3579,Ciroc Pineapple Vodka,375mL,1,11.99,11.99,2024-03-05,375.0,1,0.39,3960,DIAGEO NORTH AMERICA INC   
10_HORNSEY_4235,10,4235,Sailor Jerry Spiced Rum,375mL,3,29.97,9.99,2024-12-03,375.0,1,1.18,3664,WILLIAM GRANT & SONS INC   
72_HARDERSFIELD_13461,72,13461,R M Woodbridge Moscato,1.5L,2,19.98,9.99,2024-08-25,1500.0,2,0.45,1392,CONSTELLATION BRANDS INC   
64_CESTERFIELD_17433,64,17433,Vino Pnt Grigio,750mL,2,23.98,11.99,2024-07-15,750.0,2,0.22,10754,PERFECTA WINES             
14_BROMWICH_415,14,415,Jose Cuervo Especial,Liter,4,87.96,21.99,2024-12-28,1000.0,1,4.2,7245,PROXIMO SPIRITS INC.       
62_KILMARNOCK_1375,62,1375,Jim Beam,750mL,1,14.99,14.99,2024-07-14,750.0,1,0.79,12546,JIM BEAM BRANDS COMPANY    
66_EANVERNESS_41868,66,41868,Goldeneye Anderson Pnt Nr,750mL,1,49.99,49.99,2024-06-12,750.0,2,0.11,4425,MARTIGNETTI COMPANIES
4_EANVERNESS_1125,4,1125,Jack Daniels Equity VAP,750mL,2,53.98,26.99,2024-12-15,750.0,1,1.57,1128,BROWN-FORMAN CORP          
64_CESTERFIELD_8626,64,8626,Ezra Brooks,1.75L,2,31.98,15.99,2024-09-03,1750.0,1,3.67,8352,LUXCO INC                  
11_CARDEND_2432,11,2432,Crown Royal,750mL,1,25.99,25.99,2024-03-19,750.0,1,0.79,3960,DIAGEO NORTH AMERICA INC   
21_BALERNO_23479,21,23479,Handcraft Pnt Grigio,750mL,1,9.99,9.99,2024-07-01,750.0,2,0.11,2242,DELICATO VINEYARDS INC     
15_WANBORNE_6624,15,6624,Poli Sarpa Grappa,750mL,1,49.99,49.99,2024-01-19,750.0,2,0.11,2000,SOUTHERN WINE & SPIRITS NE 
15_WANBORNE_3485,15,3485,Luksusowa Potato Vodka,1.75L,2,39.98,19.99,2024-08-08,1750.0,1,3.67,4425,MARTIGNETTI COMPANIES
39_EASTHALLOW_2668,39,2668,Dewars White Label,375mL,1,11.99,11.99,2024-06-13,375.0,1,0.39,480,BACARDI USA INC            
9_BLACKPOOL_26683,9,26683,Heritance Svgn Bl,750mL,1,8.99,8.99,2024-11-10,750.0,2,0.11,6785,PALM BAY INTERNATIONAL INC 
66_EANVERNESS_24987,66,24987,Rock Wall 12 Monte Rosso Znf,750mL,1,39.99,39.99,2024-12-23,750.0,2,0.11,9552,M S WALKER INC             
30_CULCHETH_10443,30,10443,Charles Smith Kung Fu Girl R,750mL,1,11.99,11.99,2024-09-13,750.0,2,0.11,10754,PERFECTA WINES             
73_DONCASTER_1556,73,1556,Kahlua w/50mL Absolut+Glass,750mL,1,18.99,18.99,2024-03-05,750.0,1,0.79,17035,PERNOD RICARD USA          
47_PELLA'S WISH_5872,47,5872,Godiva Chocolate Liqueur,50mL,1,2.99,2.99,2024-05-14,50.0,1,0.05,3960,DIAGEO NORTH AMERICA INC   
76_DONCASTER_7341,76,7341,Smirnoff Watermelon,50mL,8,7.92,0.99,2024-11-10,50.0,1,0.42,3960,DIAGEO NORTH AMERICA INC   
21_BALERNO_10579,21,10579,High Note Malbec Mendoza,750mL,2,21.98,10.99,2024-09-26,750.0,2,0.22,7153,PINE STATE TRADING CO      
46_TYWARDREATH_523,46,523,Castello Del Poggio Moscato,750mL,1,10.49,10.49,2024-01-04,750.0,2,0.11,4425,MARTIGNETTI COMPANIES
24_PALPERROTH_2143,24,2143,Canadian Mist,1.75L,1,13.99,13.99,2024-08-09,1750.0,1,1.84,1128,BROWN-FORMAN CORP          
76_DONCASTER_40175,76,40175,M & R Asti 4 Pak,187mL 4 Pk,1,11.99,11.99,2024-06-13,187.0,2,0.03,480,BACARDI USA INC            
10_HORNSEY_6478,10,6478,C Y Toro Frontera Merlot,1.5L,2,21.98,10.99,2024-12-08,1500.0,2,0.45,516,BANFI PRODUCTS CORP        
41_LARNWICK_1366,41,1366,Red Stag by Jim Beam,50mL,6,7.74,1.29,2024-01-03,50.0,1,0.32,12546,JIM BEAM BRANDS COMPANY    
35_HALIVAARA_3529,35,3529,U V Vodka,1.75L,2,35.98,17.99,2024-10-28,1750.0,1,3.67,9206,PHILLIPS PRODUCTS CO.      
5_SUTTON_5676,5,5676,Kinky Liqueur,50mL,4,7.96,1.99,2024-09-22,50.0,1,0.21,7153,PINE STATE TRADING CO      
43_WOLFORD_5826,43,5826,DeKuyper Razzmatazz,750mL,1,8.99,8.99,2024-03-18,750.0,1,0.79,12546,JIM BEAM BRANDS COMPANY    
32_MOUNTMEND_44717,32,44717,Dom Chandon Rose Spklg,750mL,1,17.99,17.99,2024-10-08,750.0,2,0.11,8112,MOET HENNESSY USA INC      
65_LUTON_1180,65,1180,Evan Williams Black Label B,1.75L,1,20.99,20.99,2024-05-25,1750.0,1,1.84,3924,HEAVEN HILL DISTILLERIES   
78_EASTHAVEN_3726,78,3726,Gilbeys Vodka Traveler,750mL,4,19.96,4.99,2024-02-03,750.0,1,3.15,12546,JIM BEAM BRANDS COMPANY    
73_DONCASTER_5312,73,5312,Amaretto DiSaronno,750mL,4,91.96,22.99,2024-07-19,750.0,1,3.15,2555,DISARONNO INTERNATIONAL LLC
42_BLACK HOLLOW_8413,42,8413,St Elder Elderflower Liqueur,750mL,1,17.99,17.99,2024-08-04,750.0,1,0.79,9552,M S WALKER INC             
67_EANVERNESS_3951,67,3951,Hornitos Reposado Tequila,50mL,2,4.98,2.49,2024-08-27,50.0,1,0.1,12546,JIM BEAM BRANDS COMPANY    
23_ARBINGTON_8905,23,8905,Livingston Cellars Red Rose,3L,1,11.99,11.99,2024-08-31,3000.0,2,0.45,3252,E & J GALLO WINERY         
76_DONCASTER_8342,76,8342,Korbel X Dry,750mL,7,83.93,11.99,2024-11-20,750.0,2,0.79,1128,BROWN-FORMAN CORP          
69_MOUNTMEND_3314,69,3314,El Jimador Blanco Tequila,1.75L,1,25.99,25.99,2024-12-29,1750.0,1,1.84,1128,BROWN-FORMAN CORP          
50_MOUNTMEND_12110,50,12110,La Crema Chardonnay Monterey,750mL,3,47.97,15.99,2024-04-21,750.0,2,0.34,10000,MAJESTIC FINE WINES        
59_CLAETHORPES_32915,59,32915,Kim Crawford Svgn Bl Marlbro,750mL,6,89.94,14.99,2024-03-12,750.0,2,0.68,1392,CONSTELLATION BRANDS INC   
78_EASTHAVEN_3899,78,3899,Platinum 7X Distilled Vodka,375mL,1,3.99,3.99,2024-08-14,375.0,1,0.39,8004,SAZERAC CO INC             
73_DONCASTER_15092,73,15092,Anne Amie Pnt Nr,750mL,1,27.99,27.99,2024-07-28,750.0,2,0.11,90047,CRUSH WINES                
34_PITMERDEN_1282,34,1282,Small Batch 1792,750mL,1,27.99,27.99,2024-06-04,750.0,1,0.79,660,SAZERAC NORTH AMERICA INC. 
51_ABERDEEN_16262,51,16262,The Dreaming Tree Crush Red,750mL,2,23.98,11.99,2024-08-06,750.0,2,0.22,1392,CONSTELLATION BRANDS INC   
39_EASTHALLOW_10727,39,10727,Starborough Svgn Bl Marlboro,750mL,1,8.99,8.99,2024-12-02,750.0,2,0.11,3252,E & J GALLO WINERY         
64_CESTERFIELD_34428,64,34428,Frei Bros RSV Chard RRV,750mL,7,111.93,15.99,2024-05-08,750.0,2,0.79,3252,E & J GALLO WINERY         
23_ARBINGTON_13793,23,13793,Yellow Tail Svgn Bl,1.5L,1,9.99,9.99,2024-12-12,1500.0,2,0.22,4425,MARTIGNETTI COMPANIES
55_DRY GULCH_23239,55,23239,Hay Maker Svgn Bl,750mL,1,9.99,9.99,2024-07-15,750.0,2,0.11,2000,SOUTHERN WINE & SPIRITS NE 
42_BLACK HOLLOW_3996,42,3996,Deep Eddy Peach Vodka,750mL,1,17.99,17.99,2024-12-23,750.0,1,0.79,3924,HEAVEN HILL DISTILLERIES   
43_WOLFORD_7715,43,7715,Andre Extra Dry,750mL,1,5.99,5.99,2024-02-26,750.0,2,0.11,3252,E & J GALLO WINERY         
57_LANTEGLOS_1479,57,1479,Ten High,1.75L,1,14.99,14.99,2024-10-30,1750.0,1,1.84,660,SAZERAC NORTH AMERICA INC. 
4_EANVERNESS_11827,4,11827,Cupcake Merlot,750mL,5,34.95,6.99,2024-11-22,750.0,2,0.56,9815,WINE GROUP INC             
76_DONCASTER_5251,76,5251,DeKuyper Buttershots Schnpps,50mL,4,3.96,0.99,2024-08-03,50.0,1,0.21,12546,JIM BEAM BRANDS COMPANY    
67_EANVERNESS_8678,67,8678,Banfi Chianti Clsc RSV,750mL,1,15.99,15.99,2024-07-05,750.0,2,0.11,516,BANFI PRODUCTS CORP        
77_TAMWORTH_7221,77,7221,M & R Sweet Vermouth,1.5L,1,10.49,10.49,2024-10-10,1500.0,2,0.22,480,BACARDI USA INC            
73_DONCASTER_3760,73,3760,Absolut Pears,750mL,1,17.99,17.99,2024-03-22,750.0,1,0.79,17035,PERNOD RICARD USA          
41_LARNWICK_2753,41,2753,Johnnie Walker Black Label,1.75L,4,239.96,59.99,2024-11-13,1750.0,1,7.35,3960,DIAGEO NORTH AMERICA INC   
52_GRAYCOTT_8262,52,8262,Metcalfe's Vermont Maple,750mL,1,21.99,21.99,2024-05-08,750.0,1,0.79,9165,ULTRA BEVERAGE COMPANY LLP 
69_MOUNTMEND_910,69,910,Goldschlager Cinnamon Schnps,Liter,1,22.99,22.99,2024-03-25,1000.0,1,1.05,3960,DIAGEO NORTH AMERICA INC   
73_DONCASTER_2057,73,2057,Rebel Yell Root Beer Bourbon,50mL,2,1.98,0.99,2024-10-17,50.0,1,0.1,8352,LUXCO INC                  
12_LEESIDE_16261,12,16261,The Dreaming Tree CC Chard,750mL,1,12.99,12.99,2024-06-19,750.0,2,0.11,1392,CONSTELLATION BRANDS INC   
53_HILLFAR_6565,53,6565,Clos du Bois Cab Svgn N Cst,750mL,7,62.93,8.99,2024-04-22,750.0,2,0.79,1392,CONSTELLATION BRANDS INC   
7_STANMORE_3437,7,3437,Bombay Dry Gin,750mL,1,19.99,19.99,2024-04-27,750.0,1,0.79,480,BACARDI USA INC            
20_BREDWARDINE_7224,20,7224,Jagermeister Spice,750mL,1,15.99,15.99,2024-07-29,750.0,1,0.79,3089,SIDNEY FRANK IMPORTING CO  
11_CARDEND_22899,11,22899,Simi Svgn Bl,750mL,1,14.99,14.99,2024-10-17,750.0,2,0.11,1392,CONSTELLATION BRANDS INC   
33_HORNSEY_13708,33,13708,Bota Box Cab Svgn,3L,1,17.99,17.99,2024-06-06,3000.0,2,0.45,2242,DELICATO VINEYARDS INC     
20_BREDWARDINE_21019,20,21019,Black Box Pnt Nr,3L,1,18.99,18.99,2024-12-02,3000.0,2,0.45,1392,CONSTELLATION BRANDS INC   
64_CESTERFIELD_8504,64,8504,R M Woodbridge Cab Svgn Cal,1.5L,9,80.91,8.99,2024-03-05,1500.0,2,2.02,1392,CONSTELLATION BRANDS INC   
41_LARNWICK_20731,41,20731,Villa Jolanda Strwby Moscato,750mL,1,9.99,9.99,2024-11-05,750.0,2,0.11,7153,PINE STATE TRADING CO      
69_MOUNTMEND_3607,69,3607,Smirnoff Citrus Vodka,50mL,8,7.92,0.99,2024-06-04,50.0,1,0.42,3960,DIAGEO NORTH AMERICA INC   
66_EANVERNESS_2722,66,2722,J & B Rare,750mL,1,21.99,21.99,2024-10-01,750.0,1,0.79,3960,DIAGEO NORTH AMERICA INC   
27_MOUNTMEND_3025,27,3025,Ciroc Snap Frost Vodka,375mL,3,35.97,11.99,2024-06-11,375.0,1,1.18,3960,DIAGEO NORTH AMERICA INC   
21_BALERNO_21271,21,21271,Kentia Albarino Rias Baixas,750mL,1,13.99,13.99,2024-04-10,750.0,2,0.11,9552,M S WALKER INC             
11_CARDEND_3746,11,3746,Gordons Vodka 80 Proof,1.75L,7,90.93,12.99,2024-10-14,1750.0,1,12.86,3960,DIAGEO NORTH AMERICA INC   
15_WANBORNE_37785,15,37785,Lindemans Bin 40 Merlot,1.5L,1,11.99,11.99,2024-05-02,1500.0,2,0.22,4425,MARTIGNETTI COMPANIES
41_LARNWICK_6654,41,6654,Veuve Clicquot Brut Yellow,750mL,4,159.96,39.99,2024-08-13,750.0,2,0.45,8112,MOET HENNESSY USA INC      
9_BLACKPOOL_5348,9,5348,St Brendans Irish Cream,750mL,1,10.99,10.99,2024-12-24,750.0,1,0.79,8352,LUXCO INC                  
11_CARDEND_4066,11,4066,Bacardi Oakheart Spiced Rum,1.75L,2,43.98,21.99,2024-06-16,1750.0,1,3.67,480,BACARDI USA INC            
49_GARIGILL_8744,49,8744,Jadot Bourgogne Pinot Noir,750mL,2,35.98,17.99,2024-05-28,750.0,2,0.22,4692,KOBRAND CORPORATION        
49_GARIGILL_35414,49,35414,Yellow Tail Shiraz Ausl,1.5L,3,44.97,14.99,2024-01-20,1500.0,2,0.68,4425,MARTIGNETTI COMPANIES
54_GUTHRAM_8725,54,8725,Chambord Royale de France,375mL,1,15.99,15.99,2024-11-25,375.0,1,0.39,1128,BROWN-FORMAN CORP          
4_EANVERNESS_23022,4,23022,Jarhead Chard,750mL,1,13.99,13.99,2024-06-04,750.0,2,0.11,7153,PINE STATE TRADING CO      
22_SHARNWICK_6938,22,6938,Vendange Chard,1.5L,2,15.98,7.99,2024-02-28,1500.0,2,0.45,1392,CONSTELLATION BRANDS INC   
71_CLARCTON_3571,71,3571,Absolut Vanilia,50mL,2,3.98,1.99,2024-08-31,50.0,1,0.1,17035,PERNOD RICARD USA          
57_LANTEGLOS_18988,57,18988,Franzia Chillable Red Tap,5L,3,44.97,14.99,2024-04-03,5000.0,2,2.25,9815,WINE GROUP INC             
33_HORNSEY_3427,33,3427,Stolichnaya Blueberi,1.75L,1,24.99,24.99,2024-06-30,1750.0,1,1.84,8664,"STOLI GROUP,(USA) LLC      "
1_HARDERSFIELD_8491,1,8491,Forbidden Secret Dark Mocha,750mL,1,22.99,22.99,2024-02-22,750.0,1,0.79,4425,MARTIGNETTI COMPANIES
52_GRAYCOTT_44511,52,44511,MacMurray Ranch C Cst Pnt Nr,750mL,2,30.98,15.49,2024-05-07,750.0,2,0.22,3252,E & J GALLO WINERY         
79_BALLYMENA_3039,79,3039,Stoli Salted Karamel,750mL,1,16.99,16.99,2024-11-25,750.0,1,0.79,8664,"STOLI GROUP,(USA) LLC      "
60_IRRAGIN_32908,60,32908,Sterling Vintners Cltn Merlo,750mL,1,9.99,9.99,2024-07-15,750.0,2,0.11,1590,DIAGEO CHATEAU ESTATE WINES
23_ARBINGTON_35472,23,35472,R M Woodbridge Pnt Grigio,1.5L,11,109.89,9.99,2024-11-23,1500.0,2,2.47,1392,CONSTELLATION BRANDS INC   
41_LARNWICK_5311,41,5311,Amaretto DiSaronno,1.75L,1,35.99,35.99,2024-02-08,1750.0,1,1.84,2555,DISARONNO INTERNATIONAL LLC
75_BARNCOMBE_4227,75,4227,Bacardi Superior Rum Trav,1.75L,4,71.96,17.99,2024-08-16,1750.0,1,7.35,480,BACARDI USA INC            
67_EANVERNESS_4480,67,4480,Appleton Special Gold Rum,750mL,1,12.99,12.99,2024-02-12,750.0,1,0.79,11567,CAMPARI AMERICA            
34_PITMERDEN_32090,34,32090,Rutherford Ranch Cab Svgn,750mL,2,43.98,21.99,2024-08-06,750.0,2,0.22,4425,MARTIGNETTI COMPANIES
54_GUTHRAM_46621,54,46621,Erath Pnt Nr Estate OR,750mL,1,23.99,23.99,2024-08-16,750.0,2,0.11,8673,STE MICHELLE WINE ESTATES  
73_DONCASTER_6361,73,6361,Totts Extra Dry,750mL,1,7.99,7.99,2024-05-28,750.0,2,0.11,3252,E & J GALLO WINERY         
7_STANMORE_6879,7,6879,Maurice's Mentholated Mint,50mL,5,4.95,0.99,2024-08-27,50.0,1,0.26,9552,M S WALKER INC             
38_GOULCREST_4389,38,4389,Amaro Montenegro Liqueur,750mL,2,45.98,22.99,2024-04-16,750.0,1,1.57,9552,M S WALKER INC             
60_IRRAGIN_4903,60,4903,Bacardi Superior Rum,200mL,1,3.99,3.99,2024-03-03,200.0,1,0.21,480,BACARDI USA INC            
62_KILMARNOCK_3368,62,3368,Pinnacle Grape Vodka,1.75L,1,16.99,16.99,2024-10-15,1750.0,1,1.84,12546,JIM BEAM BRANDS COMPANY    
9_BLACKPOOL_807,9,807,Jim Beam,Liter,4,79.96,19.99,2024-05-20,1000.0,1,4.2,12546,JIM BEAM BRANDS COMPANY    
21_BALERNO_6524,21,6524,Rosemount Diamond Shiraz,750mL,1,6.99,6.99,2024-12-08,750.0,2,0.11,4425,MARTIGNETTI COMPANIES
69_MOUNTMEND_4264,69,4264,Capt Morgan Spiced Rum Trav,750mL,5,74.95,14.99,2024-07-16,750.0,1,3.94,3960,DIAGEO NORTH AMERICA INC   
70_KELD_2547,70,2547,WhistlePig 10Yr Straight Rye,50mL,1,6.99,6.99,2024-11-25,50.0,1,0.05,10754,PERFECTA WINES             
51_ABERDEEN_3863,51,3863,Evan Williams Honey Reserve,1.75L,1,24.99,24.99,2024-11-18,1750.0,1,1.84,3924,HEAVEN HILL DISTILLERIES   
27_MOUNTMEND_1373,27,1373,Jim Beam Honey,750mL,1,14.49,14.49,2024-01-29,750.0,1,0.79,12546,JIM BEAM BRANDS COMPANY    
77_TAMWORTH_2445,77,2445,Seagrams VO,750mL,1,11.99,11.99,2024-10-22,750.0,1,0.79,3960,DIAGEO NORTH AMERICA INC   
15_WANBORNE_3180,15,3180,New Amsterdam Vodka,1.75L,3,50.97,16.99,2024-12-20,1750.0,1,5.51,3252,E & J GALLO WINERY         
40_BULLMAR_8082,40,8082,Baileys Irish Cream,1.75L,4,135.96,33.99,2024-07-01,1750.0,1,7.35,3960,DIAGEO NORTH AMERICA INC   
41_LARNWICK_5977,41,5977,Absinthe Ordinaire,750mL,1,22.99,22.99,2024-01-01,750.0,1,0.79,6213,MHW LTD                    
7_STANMORE_2120,7,2120,Canadian Club,1.75L,14,251.86,17.99,2024-06-08,1750.0,1,25.72,12546,JIM BEAM BRANDS COMPANY    
23_ARBINGTON_1789,23,1789,Jack Daniels Tennesse Fire,750mL,4,91.96,22.99,2024-01-16,750.0,1,3.15,1128,BROWN-FORMAN CORP          
66_EANVERNESS_4130,66,4130,Kraken Black Spiced Rum,375mL,1,10.99,10.99,2024-06-02,375.0,1,0.39,7245,PROXIMO SPIRITS INC.       
4_EANVERNESS_3224,4,3224,New Amsterdam Apple Vodka,50mL,2,1.98,0.99,2024-10-27,50.0,1,0.1,3252,E & J GALLO WINERY         
10_HORNSEY_6735,10,6735,Gallo Twin Valley Chard Cal,1.5L,2,19.98,9.99,2024-02-04,1500.0,2,0.45,3252,E & J GALLO WINERY         
15_WANBORNE_3776,15,3776,Jose Cuervo Especial Silver,1.75L,3,80.97,26.99,2024-06-22,1750.0,1,5.51,7245,PROXIMO SPIRITS INC.       
14_BROMWICH_19870,14,19870,Yellow Tail Sangria,1.5L,1,8.95,8.95,2024-07-12,1500.0,2,0.22,4425,MARTIGNETTI COMPANIES
20_BREDWARDINE_13708,20,13708,Bota Box Cab Svgn,3L,1,17.99,17.99,2024-09-02,3000.0,2,0.45,2242,DELICATO VINEYARDS INC     
70_KELD_3876,70,3876,Smirnoff 80 Proof,1.75L,3,59.97,19.99,2024-05-01,1750.0,1,5.51,3960,DIAGEO NORTH AMERICA INC   
34_PITMERDEN_24357,34,24357,Bota Box Nighthawk Dark Red,3L,3,53.97,17.99,2024-12-15,3000.0,2,1.35,2242,DELICATO VINEYARDS INC     
72_HARDERSFIELD_4218,72,4218,Sailor Jerry Spiced Navy Rum,750mL,2,33.98,16.99,2024-12-11,750.0,1,1.57,3664,WILLIAM GRANT & SONS INC   
54_GUTHRAM_15094,54,15094,Butter Chard,750mL,1,13.99,13.99,2024-01-26,750.0,2,0.11,9165,ULTRA BEVERAGE COMPANY LLP 
77_TAMWORTH_1373,77,1373,Jim Beam Honey,750mL,1,14.99,14.99,2024-12-02,750.0,1,0.79,12546,JIM BEAM BRANDS COMPANY    
52_GRAYCOTT_4313,52,4313,Sauza Blue Silver Tequila,1.75L,1,26.99,26.99,2024-07-13,1750.0,1,1.84,12546,JIM BEAM BRANDS COMPANY    
58_HARTLEPOOL_5401,58,5401,Jagermeister Liqueur,200mL,2,11.98,5.99,2024-01-21,200.0,1,0.42,3089,SIDNEY FRANK IMPORTING CO  
50_MOUNTMEND_33879,50,33879,Gallo Twin Valley Wh Merlot,1.5L,6,59.94,9.99,2024-07-26,1500.0,2,1.35,3252,E & J GALLO WINERY         
5_SUTTON_18893,5,18893,19 Crimes Red,750mL,4,35.96,8.99,2024-09-14,750.0,2,0.45,9819,TREASURY WINE ESTATES      
8_ALNERWICK_6918,8,6918,Franzia Tap Cab Svgn,5L,1,15.99,15.99,2024-09-25,5000.0,2,0.75,9815,WINE GROUP INC             
65_LUTON_4359,65,4359,Mr Boston Light Rum,1.75L,2,21.98,10.99,2024-02-12,1750.0,1,3.67,660,SAZERAC NORTH AMERICA INC. 
79_BALLYMENA_8696,79,8696,Gekkeikan Plum Wine,750mL,1,10.99,10.99,2024-04-08,750.0,2,0.11,8320,SHAW ROSS INT L IMP LTD    
27_MOUNTMEND_19821,27,19821,Castello Chianti Classico,750mL,2,33.98,16.99,2024-06-17,750.0,2,0.22,4425,MARTIGNETTI COMPANIES
44_PORTHCRAWL_3444,44,3444,Hornitos Plata Tequila,1.75L,2,79.98,39.99,2024-07-15,1750.0,1,3.67,12546,JIM BEAM BRANDS COMPANY    
17_OLDHAM_2143,17,2143,Canadian Mist,1.75L,3,41.97,13.99,2024-02-05,1750.0,1,5.51,1128,BROWN-FORMAN CORP          
55_DRY GULCH_35464,55,35464,Stags Leap Artemis Cab Svgn,750mL,1,47.99,47.99,2024-07-17,750.0,2,0.11,8673,STE MICHELLE WINE ESTATES  
6_GOULCREST_7254,6,7254,Cribari Marsala,750mL,2,15.98,7.99,2024-05-12,750.0,2,0.22,1392,CONSTELLATION BRANDS INC   
38_GOULCREST_18106,38,18106,Barefoot Cellars Pink Moscat,1.5L,1,8.75,8.75,2024-06-04,1500.0,2,0.22,3252,E & J GALLO WINERY         
76_DONCASTER_44334,76,44334,Noble Vines 337 Cab Svgn,750mL,4,47.96,11.99,2024-10-08,750.0,2,0.45,2242,DELICATO VINEYARDS INC     
42_BLACK HOLLOW_8172,42,8172,DK Burst Blustery Peppermint,50mL,1,0.99,0.99,2024-10-21,50.0,1,0.05,12546,JIM BEAM BRANDS COMPANY    
56_BEGGAR'S HOLE_1637,56,1637,Fleischmanns Preferred,1.75L,2,21.98,10.99,2024-01-11,1750.0,1,3.67,660,SAZERAC NORTH AMERICA INC. 
23_ARBINGTON_32835,23,32835,Mionetto Prosecco Superiore,750mL,1,17.99,17.99,2024-11-10,750.0,2,0.11,9552,M S WALKER INC             
79_BALLYMENA_4062,79,4062,Goslings Dark'N Stormy RTD,250mL 4 Pk,1,7.99,7.99,2024-02-23,250.0,1,0.26,1485,CASTLE BRANDS CORP.        
55_DRY GULCH_4639,55,4639,Jeffersons  Ocean Bourbon,750mL,1,79.99,79.99,2024-08-26,750.0,1,0.79,1485,CASTLE BRANDS CORP.        
69_MOUNTMEND_40097,69,40097,Black Box Chard,3L,2,31.98,15.99,2024-07-27,3000.0,2,0.9,1392,CONSTELLATION BRANDS INC   
14_BROMWICH_5597,14,5597,DeKuyper Watermelon Pucker,750mL,2,19.98,9.99,2024-02-07,750.0,1,1.57,12546,JIM BEAM BRANDS COMPANY    
44_PORTHCRAWL_3580,44,3580,Smirnoff Orange Vodka,750mL,1,12.99,12.99,2024-11-08,750.0,1,0.79,3960,DIAGEO NORTH AMERICA INC   
54_GUTHRAM_24875,54,24875,Glen Ellen Merlot RSV,1.5L,1,6.99,6.99,2024-05-09,1500.0,2,0.22,9815,WINE GROUP INC             
45_VERITAS_12465,45,12465,Cline Cashmere Red Cal,750mL,12,107.88,8.99,2024-01-15,750.0,2,1.35,4425,MARTIGNETTI COMPANIES
68_SOLARIS_15743,68,15743,Bodegas Izadi Tempranillo Rd,750mL,1,15.99,15.99,2024-01-29,750.0,2,0.11,9552,M S WALKER INC             
8_ALNERWICK_3924,8,3924,Espolon Blanco Tequila,750mL,1,26.99,26.99,2024-08-21,750.0,1,0.79,11567,CAMPARI AMERICA            
2_ASHBORNE_43223,2,43223,Ch Beauchene Cotes du Rhone,750mL,2,21.98,10.99,2024-09-30,750.0,2,0.22,10754,PERFECTA WINES             
74_PAENTMARWY_37420,74,37420,Provenance Napa Merlot,750mL,3,53.97,17.99,2024-11-22,750.0,2,0.34,1590,DIAGEO CHATEAU ESTATE WINES
60_IRRAGIN_31487,60,31487,Barefoot Bubbly Brut Cve,750mL,1,7.99,7.99,2024-07-23,750.0,2,0.11,3252,E & J GALLO WINERY         
41_LARNWICK_8064,41,8064,Canadian Club,50mL,22,21.78,0.99,2024-07-04,50.0,1,1.16,12546,JIM BEAM BRANDS COMPANY    
60_IRRAGIN_3606,60,3606,Smirnoff Raspberry Vodka,50mL,10,9.9,0.99,2024-05-24,50.0,1,0.52,3960,DIAGEO NORTH AMERICA INC   
34_PITMERDEN_38180,34,38180,Rex Goliath Merlot,750mL,1,5.99,5.99,2024-08-28,750.0,2,0.11,1392,CONSTELLATION BRANDS INC   
38_GOULCREST_3743,38,3743,Smirnoff Sorbet Pine/Coconut,750mL,1,12.99,12.99,2024-12-30,750.0,1,0.79,3960,DIAGEO NORTH AMERICA INC   
69_MOUNTMEND_4229,69,4229,Bacardi Black,1.75L,2,47.98,23.99,2024-05-09,1750.0,1,3.67,480,BACARDI USA INC            
73_DONCASTER_3656,73,3656,Stolichnaya Vanil,1.75L,1,25.99,25.99,2024-09-30,1750.0,1,1.84,8664,"STOLI GROUP,(USA) LLC      "
50_MOUNTMEND_3876,50,3876,Smirnoff 80 Proof,1.75L,2,37.98,18.99,2024-10-09,1750.0,1,3.67,3960,DIAGEO NORTH AMERICA INC   
52_GRAYCOTT_35414,52,35414,Yellow Tail Shiraz Ausl,1.5L,1,8.95,8.95,2024-07-24,1500.0,2,0.22,4425,MARTIGNETTI COMPANIES
42_BLACK HOLLOW_281,42,281,Kamora Coffee Gift Pack,750mL,1,10.99,10.99,2024-12-04,750.0,1,0.79,12546,JIM BEAM BRANDS COMPANY    
8_ALNERWICK_2440,8,2440,Platte Valley Fireshine,750mL,1,16.99,16.99,2024-02-09,750.0,1,0.79,5992,MCCORMICK DISTILLING CO    
54_GUTHRAM_1892,54,1892,Yukon Jack,50mL,13,12.87,0.99,2024-02-18,50.0,1,0.68,3960,DIAGEO NORTH AMERICA INC   
73_DONCASTER_6864,73,6864,St Francis Chard,750mL,1,10.99,10.99,2024-08-08,750.0,2,0.11,4692,KOBRAND CORPORATION        
39_EASTHALLOW_40337,39,40337,Da Vinci Chianti Tuscany,750mL,1,10.99,10.99,2024-09-15,750.0,2,0.11,3252,E & J GALLO WINERY         
42_BLACK HOLLOW_5445,42,5445,Jagermeister Liqueur,750mL,1,14.99,14.99,2024-11-03,750.0,1,0.79,3089,SIDNEY FRANK IMPORTING CO  
67_EANVERNESS_32809,67,32809,Flag Hill Marechal Foch NH,750mL,1,12.99,12.99,2024-04-03,750.0,2,0.11,17031,FLAG HILL WINERY & VINEYARD
53_HILLFAR_5316,53,5316,Amaretto DiSaronno,50mL,1,2.29,2.29,2024-02-21,50.0,1,0.05,2555,DISARONNO INTERNATIONAL LLC
48_NORFOLK_8200,48,8200,Chambord Liqueur de France,50mL,1,2.99,2.99,2024-07-20,50.0,1,0.05,1128,BROWN-FORMAN CORP          
19_WINTERVALE_3527,19,3527,Reyka Vodka,1.75L,2,59.98,29.99,2024-03-25,1750.0,1,3.67,3664,WILLIAM GRANT & SONS INC   
74_PAENTMARWY_23349,74,23349,Guigal Cotes du Rhone Rose,750mL,2,29.98,14.99,2024-06-18,750.0,2,0.22,4425,MARTIGNETTI COMPANIES
77_TAMWORTH_36771,77,36771,Yellow Tail Merlot Ausl,1.5L,2,19.98,9.99,2024-11-30,1500.0,2,0.45,4425,MARTIGNETTI COMPANIES
34_PITMERDEN_17188,34,17188,The Messenger Telegram Red 1,750mL,1,18.99,18.99,2024-07-03,750.0,2,0.11,10754,PERFECTA WINES             
60_IRRAGIN_8339,60,8339,The Glenlivet 12 Yr Single,750mL,2,87.98,43.99,2024-02-26,750.0,1,1.57,17035,PERNOD RICARD USA          
50_MOUNTMEND_42462,50,42462,Gnarly Head Old Vine Znfdl,750mL,2,19.98,9.99,2024-12-06,750.0,2,0.22,2242,DELICATO VINEYARDS INC     
57_LANTEGLOS_5105,57,5105,Dr McGillicuddy's Mentholmnt,1.75L,1,21.99,21.99,2024-09-10,1750.0,1,1.84,8004,SAZERAC CO INC             
62_KILMARNOCK_8590,62,8590,Arrow Peppermint Schnapps,750mL,1,7.99,7.99,2024-03-01,750.0,1,0.79,8352,LUXCO INC                  
35_HALIVAARA_24875,35,24875,Glen Ellen Merlot RSV,1.5L,3,20.97,6.99,2024-02-14,1500.0,2,0.68,9815,WINE GROUP INC             
35_HALIVAARA_5103,35,5103,Fireball Cinnamon Whisky,1.75L,1,24.99,24.99,2024-08-14,1750.0,1,1.84,8004,SAZERAC CO INC             
2_ASHBORNE_3522,2,3522,Platinum 7X Distilled Vodka,1.75L,2,25.98,12.99,2024-04-29,1750.0,1,3.67,8004,SAZERAC CO INC             
62_KILMARNOCK_3505,62,3505,Tito's Handmade Vodka,750mL,5,94.95,18.99,2024-12-31,750.0,1,3.94,4425,MARTIGNETTI COMPANIES
25_CAERSHIRE_8066,25,8066,DeKuyper Triple Sec,1.75L,1,8.99,8.99,2024-04-16,1750.0,1,1.84,12546,JIM BEAM BRANDS COMPANY    
69_MOUNTMEND_2177,69,2177,Canadian Hunter Rye,50mL,1,0.99,0.99,2024-09-03,50.0,1,0.05,8004,SAZERAC CO INC             
25_CAERSHIRE_3437,25,3437,Bombay Dry Gin,750mL,2,39.98,19.99,2024-04-16,750.0,1,1.57,480,BACARDI USA INC            
69_MOUNTMEND_11196,69,11196,Angelini Pnt Grigio Veneto,750mL,3,26.97,8.99,2024-05-18,750.0,2,0.34,7153,PINE STATE TRADING CO      
15_WANBORNE_38133,15,38133,Il Bastardo Sangiovese Tosc,750mL,3,26.97,8.99,2024-10-01,750.0,2,0.34,10754,PERFECTA WINES             
25_CAERSHIRE_19270,25,19270,Veuve Clicquot Brut Yellow,375mL,1,24.99,24.99,2024-08-28,375.0,2,0.06,8112,MOET HENNESSY USA INC      
43_WOLFORD_6857,43,6857,Sutter Home Wh Znfdl,1.5L,6,59.94,9.99,2024-07-21,1500.0,2,1.35,8892,TRINCHERO FAMILY ESTATES   
55_DRY GULCH_38850,55,38850,Ravenswood Vntrs Bl Cab Svgn,750mL,1,6.79,6.79,2024-02-07,750.0,2,0.11,1392,CONSTELLATION BRANDS INC   
59_CLAETHORPES_8637,59,8637,Metaxa Ouzo,750mL,1,16.99,16.99,2024-04-11,750.0,1,0.79,7239,REMY COINTREAU USA INC     
11_CARDEND_44712,11,44712,Sonoma-Cutrer Chard Sonoma,750mL,2,47.98,23.99,2024-10-22,750.0,2,0.22,1128,BROWN-FORMAN CORP          
57_LANTEGLOS_34134,57,34134,Turning Leaf RSV Chard Cal,1.5L,2,19.98,9.99,2024-05-08,1500.0,2,0.45,3252,E & J GALLO WINERY         
34_PITMERDEN_8338,34,8338,The Glenlivet 12 Yr Single,375mL,3,59.97,19.99,2024-04-08,375.0,1,1.18,17035,PERNOD RICARD USA          
8_ALNERWICK_1465,8,1465,Woodford Rsv Bourbon,375mL,1,14.99,14.99,2024-01-30,375.0,1,0.39,1128,BROWN-FORMAN CORP          
49_GARIGILL_3427,49,3427,Stolichnaya Blueberi,1.75L,3,74.97,24.99,2024-09-02,1750.0,1,5.51,8664,"STOLI GROUP,(USA) LLC      "
68_SOLARIS_13933,68,13933,Canyon Rd Pnt Grigio,1.5L,12,107.88,8.99,2024-08-19,1500.0,2,2.7,3252,E & J GALLO WINERY         
50_MOUNTMEND_32294,50,32294,Dom Chandon Brut,187mL,3,14.97,4.99,2024-10-15,187.0,2,0.08,8112,MOET HENNESSY USA INC      
38_GOULCREST_26318,38,26318,House Wine Cab Svgn,3L,1,17.99,17.99,2024-09-08,3000.0,2,0.45,10754,PERFECTA WINES             
48_NORFOLK_4141,48,4141,Wild Turkey American Honey,50mL,1,0.99,0.99,2024-09-16,50.0,1,0.05,11567,CAMPARI AMERICA            
33_HORNSEY_8590,33,8590,Arrow Peppermint Schnapps,750mL,1,5.99,5.99,2024-02-18,750.0,1,0.79,8352,LUXCO INC                  
8_ALNERWICK_6649,8,6649,Wente Morning Fog Chard,750mL,6,71.94,11.99,2024-03-04,750.0,2,0.68,2000,SOUTHERN WINE & SPIRITS NE 
10_HORNSEY_1269,10,1269,Jeffersons Bourbon,750mL,2,53.98,26.99,2024-02-29,750.0,1,1.57,1485,CASTLE BRANDS CORP.        
60_IRRAGIN_42420,60,42420,Yellow Tail Pnt Grigio Ausl,750mL,2,13.98,6.99,2024-01-04,750.0,2,0.22,4425,MARTIGNETTI COMPANIES
20_BREDWARDINE_13723,20,13723,Big House Red,3L,6,101.94,16.99,2024-12-30,3000.0,2,2.7,9815,WINE GROUP INC             
74_PAENTMARWY_44208,74,44208,Black Box Pnt Grigio,3L,2,37.98,18.99,2024-04-09,3000.0,2,0.9,1392,CONSTELLATION BRANDS INC   
41_LARNWICK_2435,41,2435,Crown Royal RSV,750mL,1,40.99,40.99,2024-09-30,750.0,1,0.79,3960,DIAGEO NORTH AMERICA INC   
69_MOUNTMEND_3150,69,3150,Svedka Mango Pineapple Vodka,750mL,1,10.99,10.99,2024-02-05,750.0,1,0.79,1392,CONSTELLATION BRANDS INC   
15_WANBORNE_6581,15,6581,Ch Ste Michelle Merlot Colum,750mL,2,23.9,11.95,2024-11-26,750.0,2,0.22,8673,STE MICHELLE WINE ESTATES  
1_HARDERSFIELD_16761,1,16761,Dolin Dry White Vermouth,750mL,2,27.98,13.99,2024-05-13,750.0,2,0.22,653,STATE WINE & SPIRITS   
50_MOUNTMEND_7143,50,7143,Smirnoff Watermelon Vodka,1.75L,1,18.99,18.99,2024-12-06,1750.0,1,1.84,3960,DIAGEO NORTH AMERICA INC   
66_EANVERNESS_21985,66,21985,Menage a Trois Midnight,750mL,4,43.96,10.99,2024-10-30,750.0,2,0.45,8892,TRINCHERO FAMILY ESTATES   
59_CLAETHORPES_29407,59,29407,Wild Horse CC Merlot,750mL,1,15.99,15.99,2024-03-19,750.0,2,0.11,1392,CONSTELLATION BRANDS INC   
59_CLAETHORPES_5391,59,5391,Kamora Coffee,1.75L,1,16.99,16.99,2024-03-28,1750.0,1,1.84,12546,JIM BEAM BRANDS COMPANY    
67_EANVERNESS_24493,67,24493,Buehler Cab Svgn Napa,750mL,1,23.99,23.99,2024-07-17,750.0,2,0.11,4425,MARTIGNETTI COMPANIES
2_ASHBORNE_44362,2,44362,Cusumano Nero D'Avola Sicily,750mL,4,43.96,10.99,2024-03-04,750.0,2,0.45,9165,ULTRA BEVERAGE COMPANY LLP 
27_MOUNTMEND_3612,27,3612,Taaka Vodka,1.75L,1,8.99,8.99,2024-11-14,1750.0,1,1.84,8004,SAZERAC CO INC             
44_PORTHCRAWL_14006,44,14006,Apothic Winemakers Red Blend,750mL,4,39.96,9.99,2024-06-04,750.0,2,0.45,3252,E & J GALLO WINERY         
19_WINTERVALE_6499,19,6499,Kinky Liqueur,750mL,1,16.99,16.99,2024-07-30,750.0,1,0.79,7153,PINE STATE TRADING CO      
69_MOUNTMEND_3278,69,3278,Gordons London Dry,750mL,13,103.87,7.99,2024-02-24,750.0,1,10.24,3960,DIAGEO NORTH AMERICA INC   
63_SWORDBREAK_5382,63,5382,Ice 101 Peppermint Schnapps,750mL,1,13.99,13.99,2024-03-09,750.0,1,0.79,8004,SAZERAC CO INC             
73_DONCASTER_44547,73,44547,Silver Oak Cab Svgn Alex Vly,750mL,8,599.92,74.99,2024-12-04,750.0,2,0.9,4425,MARTIGNETTI COMPANIES
51_ABERDEEN_3893,51,3893,Zhenka 80 Proof,1.75L,3,29.97,9.99,2024-06-20,1750.0,1,5.51,9552,M S WALKER INC             
69_MOUNTMEND_13422,69,13422,Gnarly Head Pnt Nr,750mL,2,19.98,9.99,2024-12-24,750.0,2,0.22,2242,DELICATO VINEYARDS INC     
67_EANVERNESS_782,67,782,Remy Martin 1738 Accord Ryl,750mL,3,170.97,56.99,2024-06-26,750.0,1,2.36,7239,REMY COINTREAU USA INC     
1_HARDERSFIELD_8111,1,8111,Smirnoff 80 Proof,50mL,6,5.94,0.99,2024-09-06,50.0,1,0.32,3960,DIAGEO NORTH AMERICA INC   
57_LANTEGLOS_3321,57,3321,Rosita Tequila Gold,Liter,4,37.16,9.29,2024-09-30,1000.0,1,4.2,3924,HEAVEN HILL DISTILLERIES   
73_DONCASTER_39413,73,39413,Mirassou Pnt Nr Cntrl Coast,750mL,1,9.99,9.99,2024-10-21,750.0,2,0.11,3252,E & J GALLO WINERY         
43_WOLFORD_3522,43,3522,Platinum 7X Distilled Vodka,1.75L,4,51.96,12.99,2024-11-05,1750.0,1,7.35,8004,SAZERAC CO INC             
30_CULCHETH_2570,30,2570,Johnnie Walker Gold Rsv,750mL,6,479.94,79.99,2024-07-27,750.0,1,4.72,3960,DIAGEO NORTH AMERICA INC   
57_LANTEGLOS_2443,57,2443,Seagrams VO,1.75L,5,84.95,16.99,2024-07-12,1750.0,1,9.19,3960,DIAGEO NORTH AMERICA INC   
64_CESTERFIELD_1355,64,1355,Knob Creek Bourbon,50mL,2,7.98,3.99,2024-11-10,50.0,1,0.1,12546,JIM BEAM BRANDS COMPANY    
50_MOUNTMEND_3776,50,3776,Jose Cuervo Especial Silver,1.75L,9,233.91,25.99,2024-08-20,1750.0,1,16.54,7245,PROXIMO SPIRITS INC.       
28_LARNWICK_4224,28,4224,Goslings Black Seal Rum 80,750mL,1,15.99,15.99,2024-07-15,750.0,1,0.79,1485,CASTLE BRANDS CORP.        
68_SOLARIS_39479,68,39479,Barefoot Premium X-Dry,750mL,3,20.85,6.95,2024-08-23,750.0,2,0.34,3252,E & J GALLO WINERY         
38_GOULCREST_3630,38,3630,Stolichnaya Razberi,1.75L,4,99.96,24.99,2024-05-19,1750.0,1,7.35,8664,"STOLI GROUP,(USA) LLC      "
66_EANVERNESS_19668,66,19668,Gnarly Head Malbec,750mL,1,12.99,12.99,2024-01-30,750.0,2,0.11,2242,DELICATO VINEYARDS INC     
8_ALNERWICK_1766,8,1766,Duggans Dew O Kirkintilloch,50mL,1,0.99,0.99,2024-11-01,50.0,1,0.05,2496,DUGGANS DISTILLED PRODUCTS 
64_CESTERFIELD_15980,64,15980,Moonlight Meadery Apple Pie,375mL,1,12.99,12.99,2024-10-13,375.0,2,0.06,6215,MOONLIGHT MEADERY          
75_BARNCOMBE_3746,75,3746,Gordons Vodka 80 Proof,1.75L,1,12.99,12.99,2024-04-25,1750.0,1,1.84,3960,DIAGEO NORTH AMERICA INC   
9_BLACKPOOL_15824,9,15824,Nozzole Chianti Clsc RSV,750mL,1,16.99,16.99,2024-02-08,750.0,2,0.11,4692,KOBRAND CORPORATION        
73_DONCASTER_4343,73,4343,Cruzan Blueberry Lemonade,750mL,5,49.95,9.99,2024-08-23,750.0,1,3.94,12546,JIM BEAM BRANDS COMPANY    
72_HARDERSFIELD_4673,72,4673,Hennessy VS Cognac,1.75L,2,139.98,69.99,2024-01-29,1750.0,1,3.67,8112,MOET HENNESSY USA INC      
76_DONCASTER_27835,76,27835,Wild Horse CC Pnt Nr,750mL,3,59.97,19.99,2024-05-27,750.0,2,0.34,1392,CONSTELLATION BRANDS INC   
16_LUNDY_41251,16,41251,Beringer Classic Pnt Grigio,750mL,1,4.99,4.99,2024-09-03,750.0,2,0.11,9819,TREASURY WINE ESTATES      
66_EANVERNESS_6879,66,6879,Maurice's Mentholated Mint,50mL,5,4.95,0.99,2024-02-28,50.0,1,0.26,9552,M S WALKER INC             
56_BEGGAR'S HOLE_14130,56,14130,14 Hands Hot to Trot White,750mL,1,8.99,8.99,2024-02-24,750.0,2,0.11,8673,STE MICHELLE WINE ESTATES  
5_SUTTON_4245,5,4245,Bacardi Superior Rum,750mL,2,19.98,9.99,2024-06-21,750.0,1,1.57,480,BACARDI USA INC            
47_PELLA'S WISH_1892,47,1892,Yukon Jack,50mL,5,4.95,0.99,2024-05-21,50.0,1,0.26,3960,DIAGEO NORTH AMERICA INC   
34_PITMERDEN_8515,34,8515,Baileys Chocolate Cherry,750mL,1,21.99,21.99,2024-01-20,750.0,1,0.79,3960,DIAGEO NORTH AMERICA INC   
73_DONCASTER_25984,73,25984,C Y Toro Casa Diablo Svgn Bl,750mL,9,80.91,8.99,2024-05-28,750.0,2,1.01,516,BANFI PRODUCTS CORP        
69_MOUNTMEND_775,69,775,Barton Light Rum,Liter,4,25.16,6.29,2024-07-08,1000.0,1,4.2,660,SAZERAC NORTH AMERICA INC. 
34_PITMERDEN_25570,34,25570,Steele Wines Scarlet Lake Cn,750mL,1,6.99,6.99,2024-06-29,750.0,2,0.11,9552,M S WALKER INC             
1_HARDERSFIELD_1220,1,1220,Woodford Reserve Bourbon,750mL,2,69.98,34.99,2024-01-15,750.0,1,1.57,1128,BROWN-FORMAN CORP          
17_OLDHAM_7715,17,7715,Andre Extra Dry,750mL,3,13.47,4.49,2024-03-12,750.0,2,0.34,3252,E & J GALLO WINERY         
55_DRY GULCH_36380,55,36380,Sebastiani Znfdl Sonoma Cnty,750mL,3,29.97,9.99,2024-03-01,750.0,2,0.34,4425,MARTIGNETTI COMPANIES
42_BLACK HOLLOW_3802,42,3802,Three Olives Vodka,1.75L,2,35.98,17.99,2024-01-05,1750.0,1,3.67,7245,PROXIMO SPIRITS INC.       
12_LEESIDE_3405,12,3405,Tito's Handmade Vodka,1.75L,11,362.89,32.99,2024-10-09,1750.0,1,20.21,4425,MARTIGNETTI COMPANIES
34_PITMERDEN_18106,34,18106,Barefoot Cellars Pink Moscat,1.5L,14,153.86,10.99,2024-12-31,1500.0,2,3.15,3252,E & J GALLO WINERY         
12_LEESIDE_2125,12,2125,Glenfiddich 14 Yr Barrel Rsv,750mL,1,54.99,54.99,2024-06-17,750.0,1,0.79,3664,WILLIAM GRANT & SONS INC   
1_HARDERSFIELD_6918,1,6918,Franzia Tap Cab Svgn,5L,3,47.97,15.99,2024-01-08,5000.0,2,2.25,9815,WINE GROUP INC             
73_DONCASTER_37541,73,37541,Frogs Leap Cab Svgn Napa,750mL,1,54.99,54.99,2024-12-22,750.0,2,0.11,4425,MARTIGNETTI COMPANIES
20_BREDWARDINE_1081,20,1081,Chivas Regal with2 50mLs,750mL + 2/,1,29.99,29.99,2024-12-17,750.0,1,0.79,17035,PERNOD RICARD USA          
67_EANVERNESS_26399,67,26399,Trapiche Malbec Mendoza Oak,750mL,1,7.99,7.99,2024-10-03,750.0,2,0.11,9815,WINE GROUP INC             
38_GOULCREST_3924,38,3924,Espolon Blanco Tequila,750mL,1,26.99,26.99,2024-01-29,750.0,1,0.79,11567,CAMPARI AMERICA            
52_GRAYCOTT_6873,52,6873,Guigal Cotes du Rhone Red,750mL,2,29.98,14.99,2024-02-20,750.0,2,0.22,4425,MARTIGNETTI COMPANIES
60_IRRAGIN_5893,60,5893,Ole Smoky Wh Lightin'Moonshn,50mL,9,17.91,1.99,2024-08-21,50.0,1,0.47,6359,OLE SMOKY DISTILLERY LLC   
71_CLARCTON_3612,71,3612,Taaka Vodka,1.75L,1,8.99,8.99,2024-01-11,1750.0,1,1.84,8004,SAZERAC CO INC             
13_TARMSWORTH_4346,13,4346,Mr Boston Dark Rum,1.75L,2,19.98,9.99,2024-10-27,1750.0,1,3.67,660,SAZERAC NORTH AMERICA INC. 
60_IRRAGIN_41927,60,41927,Ch Lamothe de Haux Brdx Wh,750mL,1,14.99,14.99,2024-12-01,750.0,2,0.11,90024,VINILANDIA USA             
16_LUNDY_5103,16,5103,Fireball Cinnamon Whisky,1.75L,1,23.99,23.99,2024-12-31,1750.0,1,1.84,8004,SAZERAC CO INC             
76_DONCASTER_35646,76,35646,D'Arenberg Footbolt Shiraz,750mL,2,37.98,18.99,2024-03-11,750.0,2,0.22,4425,MARTIGNETTI COMPANIES
68_SOLARIS_1465,68,1465,Woodford Rsv Bourbon,375mL,1,18.99,18.99,2024-10-20,375.0,1,0.39,1128,BROWN-FORMAN CORP          
22_SHARNWICK_21019,22,21019,Black Box Pnt Nr,3L,1,15.99,15.99,2024-05-31,3000.0,2,0.45,1392,CONSTELLATION BRANDS INC   
40_BULLMAR_31866,40,31866,F Coppola Diamond Merlot,750mL,2,27.98,13.99,2024-05-14,750.0,2,0.22,2000,SOUTHERN WINE & SPIRITS NE 
19_WINTERVALE_19671,19,19671,14 Hands Pinot Grigio,750mL,1,7.99,7.99,2024-12-23,750.0,2,0.11,8673,STE MICHELLE WINE ESTATES  
49_GARIGILL_5042,49,5042,Tequila Rose Liqueur,750mL,1,14.99,14.99,2024-09-06,750.0,1,0.79,5992,MCCORMICK DISTILLING CO    
50_MOUNTMEND_19258,50,19258,The Beach House Chard,750mL,1,9.99,9.99,2024-05-28,750.0,2,0.11,653,STATE WINE & SPIRITS   
27_MOUNTMEND_26463,27,26463,Ravenswood Vints Blend Znfdl,750mL,1,7.99,7.99,2024-04-08,750.0,2,0.11,1392,CONSTELLATION BRANDS INC   
34_PITMERDEN_24558,34,24558,Dom La Fage Cve Nicholas VdP,750mL,2,21.98,10.99,2024-02-12,750.0,2,0.22,9552,M S WALKER INC             
79_BALLYMENA_3667,79,3667,Boru Original Irish Vodka,1.75L,1,17.99,17.99,2024-05-08,1750.0,1,1.84,1485,CASTLE BRANDS CORP.        
11_CARDEND_4277,11,4277,Bacardi Limon Rum,375mL,1,4.49,4.49,2024-09-07,375.0,1,0.39,480,BACARDI USA INC            
25_CAERSHIRE_27596,25,27596,MezzaCorona Pnt Grigio,750mL,2,17.98,8.99,2024-09-30,750.0,2,0.22,9165,ULTRA BEVERAGE COMPANY LLP 
38_GOULCREST_44337,38,44337,Irony Cab Svgn,750mL,1,14.99,14.99,2024-02-16,750.0,2,0.11,2242,DELICATO VINEYARDS INC     
49_GARIGILL_2656,49,2656,Cutty Sark,1.75L,2,49.98,24.99,2024-09-11,1750.0,1,3.67,2561,EDRINGTON AMERICAS         
34_PITMERDEN_25694,34,25694,Cornerstone Pnt Gris 13 Napa,750mL,6,59.94,9.99,2024-07-26,750.0,2,0.68,9165,ULTRA BEVERAGE COMPANY LLP 
68_SOLARIS_15171,68,15171,Cecchi Litorale Vermentino,750mL,2,29.98,14.99,2024-08-05,750.0,2,0.22,9165,ULTRA BEVERAGE COMPANY LLP 
9_BLACKPOOL_42212,9,42212,Rex Goliath Pnt Grigio,750mL,2,11.98,5.99,2024-12-06,750.0,2,0.22,1392,CONSTELLATION BRANDS INC   
24_PALPERROTH_4157,24,4157,Smirnoff Green Apple Vodka,50mL,2,1.98,0.99,2024-11-21,50.0,1,0.1,3960,DIAGEO NORTH AMERICA INC   
55_DRY GULCH_6682,55,6682,R M Woodbridge Chard Cal,1.5L,1,9.99,9.99,2024-10-03,1500.0,2,0.22,1392,CONSTELLATION BRANDS INC   
46_TYWARDREATH_6455,46,6455,Folonari Pinot Grigio Venez,1.5L,1,9.95,9.95,2024-05-13,1500.0,2,0.22,9744,FREDERICK WILDMAN & SONS   
38_GOULCREST_2287,38,2287,Johnnie Walker Double Black,750mL,1,40.99,40.99,2024-09-11,750.0,1,0.79,3960,DIAGEO NORTH AMERICA INC   
76_DONCASTER_16327,76,16327,Black Box Merlot,500mL,1,4.99,4.99,2024-09-10,500.0,2,0.08,1392,CONSTELLATION BRANDS INC   
73_DONCASTER_32988,73,32988,Barefoot Cab Svgn Cal,750mL,2,9.98,4.99,2024-12-21,750.0,2,0.22,3252,E & J GALLO WINERY         
64_CESTERFIELD_11827,64,11827,Cupcake Merlot,750mL,1,7.49,7.49,2024-10-26,750.0,2,0.11,9815,WINE GROUP INC             
3_HORNSEY_3878,3,3878,Smirnoff 80 Proof,750mL,4,43.96,10.99,2024-11-26,750.0,1,3.15,3960,DIAGEO NORTH AMERICA INC   
27_MOUNTMEND_1231,27,1231,Jack Daniels No 7 Black,375mL,2,25.98,12.99,2024-01-29,375.0,1,0.79,1128,BROWN-FORMAN CORP          
35_HALIVAARA_32908,35,32908,Sterling Vintners Cltn Merlo,750mL,1,9.99,9.99,2024-08-10,750.0,2,0.11,1590,DIAGEO CHATEAU ESTATE WINES
40_BULLMAR_3503,40,3503,Smirnoff Sorbet Rasp/Pomegra,750mL,1,10.99,10.99,2024-07-24,750.0,1,0.79,3960,DIAGEO NORTH AMERICA INC   
66_EANVERNESS_6593,66,6593,Souverain Chard N Cst,750mL,1,10.89,10.89,2024-02-15,750.0,2,0.11,3252,E & J GALLO WINERY         
44_PORTHCRAWL_36771,44,36771,Yellow Tail Merlot Ausl,1.5L,2,17.9,8.95,2024-08-22,1500.0,2,0.45,4425,MARTIGNETTI COMPANIES
18_FURNESS_3102,18,3102,Smirnoff Traveler,1.75L,3,50.97,16.99,2024-06-30,1750.0,1,5.51,3960,DIAGEO NORTH AMERICA INC   
56_BEGGAR'S HOLE_2057,56,2057,Rebel Yell Root Beer Bourbon,50mL,5,4.95,0.99,2024-09-24,50.0,1,0.26,8352,LUXCO INC                  
43_WOLFORD_8155,43,8155,Black Velvet Plastic,375mL,1,5.49,5.49,2024-09-06,375.0,1,0.39,1392,CONSTELLATION BRANDS INC   
76_DONCASTER_5233,76,5233,Cointreau Liqueur,375mL,1,20.99,20.99,2024-01-17,375.0,1,0.39,7239,REMY COINTREAU USA INC     
66_EANVERNESS_8101,66,8101,Tanqueray,50mL,2,3.98,1.99,2024-04-24,50.0,1,0.1,3960,DIAGEO NORTH AMERICA INC   
38_GOULCREST_41212,38,41212,A to Z Pnt Gris Ore,750mL,1,15.99,15.99,2024-01-12,750.0,2,0.11,9165,ULTRA BEVERAGE COMPANY LLP 
61_AETHELNEY_4257,61,4257,Bacardi Grapefruit Rum,50mL,3,2.97,0.99,2024-08-26,50.0,1,0.16,480,BACARDI USA INC            
67_EANVERNESS_18507,67,18507,Cakebread Cab Svgn,750mL,1,64.99,64.99,2024-07-30,750.0,2,0.11,4692,KOBRAND CORPORATION        
11_CARDEND_2788,11,2788,Laphroaig 10 Yr Single Malt,750mL,1,44.99,44.99,2024-05-28,750.0,1,0.79,12546,JIM BEAM BRANDS COMPANY    
43_WOLFORD_26732,43,26732,Bonterra Cab Svgn Organic,750mL,1,13.99,13.99,2024-07-11,750.0,2,0.11,9165,ULTRA BEVERAGE COMPANY LLP 
35_HALIVAARA_7341,35,7341,Smirnoff Watermelon,50mL,6,5.94,0.99,2024-10-14,50.0,1,0.32,3960,DIAGEO NORTH AMERICA INC   
23_ARBINGTON_5297,23,5297,Southern Comfort,750mL,2,27.98,13.99,2024-01-03,750.0,1,1.57,1128,BROWN-FORMAN CORP          
50_MOUNTMEND_2100,50,2100,Canadian Regal,1.75L,2,19.98,9.99,2024-03-26,1750.0,1,3.67,9552,M S WALKER INC             
38_GOULCREST_8273,38,8273,El Mayor Reposado Tequila,750mL,1,21.99,21.99,2024-08-14,750.0,1,0.79,8352,LUXCO INC                  
21_BALERNO_23143,21,23143,Bogle Chard,750mL,20,149.8,7.49,2024-06-10,750.0,2,2.25,4425,MARTIGNETTI COMPANIES
76_DONCASTER_34388,76,34388,Kesselstatt Rsl RK QbA Mosel,750mL,1,13.99,13.99,2024-07-30,750.0,2,0.11,10754,PERFECTA WINES             
44_PORTHCRAWL_822,44,822,Tanqueray,Liter,1,26.99,26.99,2024-05-29,1000.0,1,1.05,3960,DIAGEO NORTH AMERICA INC   
16_LUNDY_18856,16,18856,Barefoot Refresh Sweet White,750mL,1,5.99,5.99,2024-05-26,750.0,2,0.11,3252,E & J GALLO WINERY         
42_BLACK HOLLOW_3680,42,3680,Stolichnaya Ohranj,1.75L,1,24.99,24.99,2024-12-02,1750.0,1,1.84,8664,"STOLI GROUP,(USA) LLC      "
68_SOLARIS_8064,68,8064,Canadian Club,50mL,4,3.96,0.99,2024-08-01,50.0,1,0.21,12546,JIM BEAM BRANDS COMPANY    
73_DONCASTER_211,73,211,Cold River Gin,750mL,2,53.98,26.99,2024-09-19,750.0,1,1.57,4425,MARTIGNETTI COMPANIES
49_GARIGILL_16159,49,16159,Gnarly Head Authentic Red,750mL,1,9.99,9.99,2024-07-27,750.0,2,0.11,2242,DELICATO VINEYARDS INC     
76_DONCASTER_26701,76,26701,O Leflaive Bourgne Setill 14,750mL,1,22.99,22.99,2024-11-12,750.0,2,0.11,9744,FREDERICK WILDMAN & SONS   
7_STANMORE_4478,7,4478,Myers Original Dark Rum,750mL,1,17.99,17.99,2024-09-28,750.0,1,0.79,3960,DIAGEO NORTH AMERICA INC   
51_ABERDEEN_6824,51,6824,Kendall Jackson Pnt Nr Vtnr,750mL,1,12.99,12.99,2024-04-19,750.0,2,0.11,10000,MAJESTIC FINE WINES        
48_NORFOLK_3827,48,3827,Popov Vodka,1.75L,6,77.94,12.99,2024-02-06,1750.0,1,11.02,3960,DIAGEO NORTH AMERICA INC   
33_HORNSEY_855,33,855,Black Velvet,Liter,2,21.98,10.99,2024-08-26,1000.0,1,2.1,1392,CONSTELLATION BRANDS INC   
67_EANVERNESS_21469,67,21469,St Supery Cab Svgn,750mL,1,32.99,32.99,2024-12-18,750.0,2,0.11,4425,MARTIGNETTI COMPANIES
56_BEGGAR'S HOLE_3410,56,3410,American Harvest Organic,750mL,2,33.98,16.99,2024-02-20,750.0,1,1.57,3089,SIDNEY FRANK IMPORTING CO  
32_MOUNTMEND_8124,32,8124,Mouton Cadet White Brdx,750mL,1,9.99,9.99,2024-04-23,750.0,2,0.11,1392,CONSTELLATION BRANDS INC   
33_HORNSEY_37527,33,37527,Redwood Creek Pnt Grigio,1.5L,1,10.99,10.99,2024-03-05,1500.0,2,0.22,3252,E & J GALLO WINERY         
74_PAENTMARWY_8111,74,8111,Smirnoff 80 Proof,50mL,16,15.84,0.99,2024-03-24,50.0,1,0.84,3960,DIAGEO NORTH AMERICA INC   
73_DONCASTER_8149,73,8149,Sebastiani Cab Svgn Sonoma,750mL,2,39.98,19.99,2024-09-26,750.0,2,0.22,4425,MARTIGNETTI COMPANIES
73_DONCASTER_22448,73,22448,Jam Cab Svgn,750mL,1,17.99,17.99,2024-11-08,750.0,2,0.11,9165,ULTRA BEVERAGE COMPANY LLP 
50_MOUNTMEND_4243,50,4243,Bacardi Superior Rum,1.75L,8,159.92,19.99,2024-12-05,1750.0,1,14.7,480,BACARDI USA INC            
14_BROMWICH_3706,14,3706,Pinnacle Citrus Vodka,1.75L,1,16.99,16.99,2024-04-21,1750.0,1,1.84,12546,JIM BEAM BRANDS COMPANY    
69_MOUNTMEND_41159,69,41159,Phillips Earthquake Ld Znfdl,750mL,2,49.98,24.99,2024-12-31,750.0,2,0.22,4425,MARTIGNETTI COMPANIES
76_DONCASTER_4410,76,4410,Cruzan Mango Flavored Rum,750mL,2,19.98,9.99,2024-06-20,750.0,1,1.57,12546,JIM BEAM BRANDS COMPANY    
2_ASHBORNE_5070,2,5070,Russo Limoncello,750mL,1,26.99,26.99,2024-04-30,750.0,1,0.79,7153,PINE STATE TRADING CO      
73_DONCASTER_3388,73,3388,Seagrams Extra Dry Gin,750mL,1,8.99,8.99,2024-05-22,750.0,1,0.79,17035,PERNOD RICARD USA          
9_BLACKPOOL_497,9,497,Capt Morgan Spiced Rum,Liter,2,39.98,19.99,2024-09-09,1000.0,1,2.1,3960,DIAGEO NORTH AMERICA INC   
55_DRY GULCH_38726,55,38726,McWilliams Hanwood Cab Svgn,750mL,1,6.99,6.99,2024-03-09,750.0,2,0.11,9552,M S WALKER INC             
36_LEWES_8819,36,8819,Leroux Blackberry Brandy,750mL,1,7.99,7.99,2024-06-09,750.0,1,0.79,12546,JIM BEAM BRANDS COMPANY    
11_CARDEND_5490,11,5490,DeKuyper Hot Damn Cinnamon,50mL,10,9.9,0.99,2024-08-05,50.0,1,0.52,12546,JIM BEAM BRANDS COMPANY    
67_EANVERNESS_16692,67,16692,Chartron Trebuchet Chard Bou,750mL,2,35.98,17.99,2024-06-01,750.0,2,0.22,4425,MARTIGNETTI COMPANIES
12_LEESIDE_3210,12,3210,Smirnoff Sourced Pineapple,50mL,4,3.96,0.99,2024-08-13,50.0,1,0.21,3960,DIAGEO NORTH AMERICA INC   
73_DONCASTER_3389,73,3389,Seagrams Extra Dry Gin,1.75L,2,33.98,16.99,2024-12-13,1750.0,1,3.67,17035,PERNOD RICARD USA          
14_BROMWICH_3174,14,3174,Cold River Vodka,750mL,1,29.99,29.99,2024-08-04,750.0,1,0.79,4425,MARTIGNETTI COMPANIES
51_ABERDEEN_5191,51,5191,Fireball Cinnamon Whiskey,375mL,2,19.98,9.99,2024-03-03,375.0,1,0.79,8004,SAZERAC CO INC             
2_ASHBORNE_16806,2,16806,Apothic Winemakers White,750mL,1,9.99,9.99,2024-07-14,750.0,2,0.11,3252,E & J GALLO WINERY         
22_SHARNWICK_3326,22,3326,Jenkins Gin,1.75L,1,9.49,9.49,2024-12-21,1750.0,1,1.84,9552,M S WALKER INC             
67_EANVERNESS_3584,67,3584,Absolut Raspberri,750mL,1,17.99,17.99,2024-04-04,750.0,1,0.79,17035,PERNOD RICARD USA          
34_PITMERDEN_35048,34,35048,Castell Del Remei Gotim Bru,750mL,4,55.96,13.99,2024-10-02,750.0,2,0.45,9552,M S WALKER INC             
45_VERITAS_3456,45,3456,Tanqueray Sterling Vodka,1.75L,1,19.99,19.99,2024-12-16,1750.0,1,1.84,3960,DIAGEO NORTH AMERICA INC   
4_EANVERNESS_4260,4,4260,Capt Morgan Original Barrel,1.75L,14,279.86,19.99,2024-06-17,1750.0,1,25.72,3960,DIAGEO NORTH AMERICA INC   
56_BEGGAR'S HOLE_16794,56,16794,Freakshow Cab Svgn,750mL,2,37.98,18.99,2024-02-24,750.0,2,0.22,4425,MARTIGNETTI COMPANIES
1_HARDERSFIELD_12951,1,12951,Purple Cowboy Red,750mL,1,11.99,11.99,2024-12-24,750.0,2,0.11,9165,ULTRA BEVERAGE COMPANY LLP 
76_DONCASTER_2579,76,2579,Stillhouse Apple Crisp Moons,750mL,1,22.99,22.99,2024-12-17,750.0,1,0.79,6830,PARK STREET IMPORTS LLC    
69_MOUNTMEND_4414,69,4414,Cruzan Pineapple Rum,750mL,1,9.99,9.99,2024-07-13,750.0,1,0.79,12546,JIM BEAM BRANDS COMPANY    
24_PALPERROTH_3894,24,3894,Zhenka Vodka 100 Proof,1.75L,1,11.99,11.99,2024-11-20,1750.0,1,1.84,9552,M S WALKER INC             
14_BROMWICH_3637,14,3637,Zhenka Vodka Plastic,750mL,5,26.45,5.29,2024-08-05,750.0,1,3.94,9552,M S WALKER INC             
73_DONCASTER_27802,73,27802,Moet & Chandon Imperial,375mL,1,24.49,24.49,2024-04-04,375.0,2,0.06,8112,MOET HENNESSY USA INC      
38_GOULCREST_43434,38,43434,Phillips Earthquake Cab Svgn,750mL,1,22.99,22.99,2024-06-06,750.0,2,0.11,4425,MARTIGNETTI COMPANIES
53_HILLFAR_8619,53,8619,Canadian Club,375mL,1,5.99,5.99,2024-01-10,375.0,1,0.39,12546,JIM BEAM BRANDS COMPANY    
79_BALLYMENA_3503,79,3503,Smirnoff Sorbet Rasp/Pomegra,750mL,1,10.99,10.99,2024-06-24,750.0,1,0.79,3960,DIAGEO NORTH AMERICA INC   
10_HORNSEY_8562,10,8562,DeKuyper Peachtree Trav,1.75L,2,33.98,16.99,2024-12-01,1750.0,1,3.67,12546,JIM BEAM BRANDS COMPANY    
2_ASHBORNE_31618,2,31618,Chartron La Fleur Brdx Whit,750mL,1,11.99,11.99,2024-12-28,750.0,2,0.11,9552,M S WALKER INC             
72_HARDERSFIELD_8653,72,8653,M & R Extra Dry Vermouth,375mL,1,5.29,5.29,2024-07-09,375.0,2,0.06,480,BACARDI USA INC            
73_DONCASTER_5185,73,5185,Irish Manor Irish Cream,1.75L,2,39.98,19.99,2024-09-11,1750.0,1,3.67,4380,CHARLES JACQUIN ET CIE INC 
50_MOUNTMEND_3837,50,3837,Skyy Vodka,50mL,8,7.92,0.99,2024-04-23,50.0,1,0.42,11567,CAMPARI AMERICA            
64_CESTERFIELD_8840,64,8840,Burnetts Gin,1.75L,2,23.98,11.99,2024-04-12,1750.0,1,3.67,3924,HEAVEN HILL DISTILLERIES   
40_BULLMAR_3883,40,3883,Hornitos Lime Shot Tequila,750mL,1,22.99,22.99,2024-11-28,750.0,1,0.79,12546,JIM BEAM BRANDS COMPANY    
55_DRY GULCH_21422,55,21422,Beso Del Sol Sangria,3L,2,35.98,17.99,2024-07-21,3000.0,2,0.9,9552,M S WALKER INC             
53_HILLFAR_34133,53,34133,Turning Leaf RSV Cab Svgn,1.5L,2,17.98,8.99,2024-01-19,1500.0,2,0.45,3252,E & J GALLO WINERY         
69_MOUNTMEND_4260,69,4260,Capt Morgan Original Barrel,1.75L,42,923.58,21.99,2024-08-26,1750.0,1,77.17,3960,DIAGEO NORTH AMERICA INC   
55_DRY GULCH_644,55,644,Amaretto DiSaronno,Liter,1,27.99,27.99,2024-06-17,1000.0,1,1.05,2555,DISARONNO INTERNATIONAL LLC
17_OLDHAM_4246,17,4246,Bacardi Superior Rum,375mL,1,7.99,7.99,2024-02-17,375.0,1,0.39,480,BACARDI USA INC            
15_WANBORNE_1345,15,1345,Basil Hayden Bourbon,750mL,1,37.99,37.99,2024-03-28,750.0,1,0.79,12546,JIM BEAM BRANDS COMPANY    
49_GARIGILL_4932,49,4932,Arrow Ginger Brandy,750mL,2,15.98,7.99,2024-12-22,750.0,1,1.57,8352,LUXCO INC                  
57_LANTEGLOS_41251,57,41251,Beringer Classic Pnt Grigio,750mL,1,4.99,4.99,2024-07-03,750.0,2,0.11,9819,TREASURY WINE ESTATES      
77_TAMWORTH_1136,77,1136,Malibu 50ml Sampler Pack,50mL 5 Pk,1,4.99,4.99,2024-07-19,50.0,1,0.05,17035,PERNOD RICARD USA          
66_EANVERNESS_7254,66,7254,Cribari Marsala,750mL,1,7.99,7.99,2024-10-01,750.0,2,0.11,1392,CONSTELLATION BRANDS INC   
64_CESTERFIELD_3545,64,3545,Ketel One Vodka,1.75L,4,119.96,29.99,2024-12-04,1750.0,1,7.35,3960,DIAGEO NORTH AMERICA INC   
4_EANVERNESS_3788,4,3788,Patron Silver Tequila,375mL,2,55.98,27.99,2024-10-22,375.0,1,0.79,9165,ULTRA BEVERAGE COMPANY LLP 
50_MOUNTMEND_17163,50,17163,Menage a Trois Cab Svgn,750mL,1,10.99,10.99,2024-05-30,750.0,2,0.11,8892,TRINCHERO FAMILY ESTATES   
65_LUTON_8082,65,8082,Baileys Irish Cream,1.75L,1,32.99,32.99,2024-03-24,1750.0,1,1.84,3960,DIAGEO NORTH AMERICA INC   
48_NORFOLK_42099,48,42099,Bota Box Pnt Grigio Cal,3L,2,35.98,17.99,2024-11-25,3000.0,2,0.9,2242,DELICATO VINEYARDS INC     
72_HARDERSFIELD_8654,72,8654,M & R Sweet Vermouth,375mL,2,10.58,5.29,2024-08-26,375.0,2,0.11,480,BACARDI USA INC            
6_GOULCREST_3608,6,3608,Smirnoff Orange Vodka,50mL,5,4.95,0.99,2024-10-09,50.0,1,0.26,3960,DIAGEO NORTH AMERICA INC   
25_CAERSHIRE_14622,25,14622,La Marca Prosecco,750mL,1,14.99,14.99,2024-02-22,750.0,2,0.11,3252,E & J GALLO WINERY         
78_EASTHAVEN_3687,78,3687,Fleischmanns Royal Traveler,750mL,3,14.97,4.99,2024-01-01,750.0,1,2.36,660,SAZERAC NORTH AMERICA INC. 
38_GOULCREST_26463,38,26463,Ravenswood Vints Blend Znfdl,750mL,3,20.37,6.79,2024-09-24,750.0,2,0.34,1392,CONSTELLATION BRANDS INC   
66_EANVERNESS_17329,66,17329,Sean Minor 4B Paso Cab Svgn,750mL,2,25.98,12.99,2024-06-11,750.0,2,0.22,4425,MARTIGNETTI COMPANIES
44_PORTHCRAWL_2795,44,2795,George Dickel Rye,750mL,1,24.99,24.99,2024-12-24,750.0,1,0.79,3960,DIAGEO NORTH AMERICA INC   
31_HORNSEY_8057,31,8057,Corazon de Agave Blanco,750mL,1,19.99,19.99,2024-12-09,750.0,1,0.79,8004,SAZERAC CO INC             
1_HARDERSFIELD_46021,1,46021,Spellbound Cab Svgn Cal,750mL,1,13.99,13.99,2024-01-23,750.0,2,0.11,9165,ULTRA BEVERAGE COMPANY LLP 
20_BREDWARDINE_1261,20,1261,Jim Beam Kentucky Fire,50mL,4,3.96,0.99,2024-06-09,50.0,1,0.21,12546,JIM BEAM BRANDS COMPANY    
12_LEESIDE_3423,12,3423,Beefeater,1.75L,2,53.98,26.99,2024-03-31,1750.0,1,3.67,17035,PERNOD RICARD USA          
69_MOUNTMEND_5458,69,5458,After Shock Hot & Cool Cinmn,750mL,1,15.99,15.99,2024-07-01,750.0,1,0.79,12546,JIM BEAM BRANDS COMPANY    
71_CLARCTON_3787,71,3787,Jose Cuervo Especial Silver,750mL,1,16.99,16.99,2024-04-14,750.0,1,0.79,7245,PROXIMO SPIRITS INC.       
4_EANVERNESS_5233,4,5233,Cointreau Liqueur,375mL,1,19.99,19.99,2024-07-01,375.0,1,0.39,7239,REMY COINTREAU USA INC     
27_MOUNTMEND_5458,27,5458,After Shock Hot & Cool Cinmn,750mL,1,15.99,15.99,2024-05-01,750.0,1,0.79,12546,JIM BEAM BRANDS COMPANY    
39_EASTHALLOW_446,39,446,St Urbans-Hof Rsl,750mL,1,14.99,14.99,2024-07-07,750.0,2,0.11,10754,PERFECTA WINES             
35_HALIVAARA_2585,35,2585,Jameson Irish Whiskey,750mL,7,160.93,22.99,2024-11-23,750.0,1,5.51,17035,PERNOD RICARD USA          
76_DONCASTER_24029,76,24029,W Hill Est Cntrl Cst Pnt Nr,750mL,2,29.98,14.99,2024-09-24,750.0,2,0.22,3252,E & J GALLO WINERY         
58_HARTLEPOOL_3608,58,3608,Smirnoff Orange Vodka,50mL,8,7.92,0.99,2024-02-25,50.0,1,0.42,3960,DIAGEO NORTH AMERICA INC   
27_MOUNTMEND_31494,27,31494,Barefoot Merlot Cal,1.5L,1,10.99,10.99,2024-12-04,1500.0,2,0.22,3252,E & J GALLO WINERY         
59_CLAETHORPES_5027,59,5027,99 Apples Schnapps Liqueur,750mL,1,11.99,11.99,2024-10-16,750.0,1,0.79,660,SAZERAC NORTH AMERICA INC. 
69_MOUNTMEND_5962,69,5962,Vermont Ice Maple Creme,750mL,1,24.99,24.99,2024-11-19,750.0,1,0.79,9165,ULTRA BEVERAGE COMPANY LLP 
39_EASTHALLOW_1278,39,1278,Jim Beam Black,1.75L,4,139.96,34.99,2024-08-16,1750.0,1,7.35,12546,JIM BEAM BRANDS COMPANY    
73_DONCASTER_32988,73,32988,Barefoot Cab Svgn Cal,750mL,1,6.29,6.29,2024-07-31,750.0,2,0.11,3252,E & J GALLO WINERY         
76_DONCASTER_45876,76,45876,Frei Bros RSV Svgn Bl RRV,750mL,2,31.98,15.99,2024-08-03,750.0,2,0.22,3252,E & J GALLO WINERY         
35_HALIVAARA_3591,35,3591,Absolut Vanilia,750mL,1,17.99,17.99,2024-11-16,750.0,1,0.79,17035,PERNOD RICARD USA          
14_BROMWICH_3527,14,3527,Reyka Vodka,1.75L,1,34.99,34.99,2024-05-05,1750.0,1,1.84,3664,WILLIAM GRANT & SONS INC   
41_LARNWICK_8627,41,8627,Jadot Beaujolais Villages,750mL,4,31.92,7.98,2024-12-21,750.0,2,0.45,4692,KOBRAND CORPORATION        
60_IRRAGIN_8124,60,8124,Mouton Cadet White Brdx,750mL,1,10.99,10.99,2024-06-28,750.0,2,0.11,1392,CONSTELLATION BRANDS INC   
60_IRRAGIN_1347,60,1347,Bakers Bourbon,750mL,1,39.99,39.99,2024-12-27,750.0,1,0.79,12546,JIM BEAM BRANDS COMPANY    
39_EASTHALLOW_26947,39,26947,Ferrari-Carano Merlot,750mL,1,20.99,20.99,2024-07-16,750.0,2,0.11,2000,SOUTHERN WINE & SPIRITS NE 
13_TARMSWORTH_2975,13,2975,Bird Dog Blackberry Whiskey,750mL,1,14.99,14.99,2024-12-01,750.0,1,0.79,9625,WESTERN SPIRITS BEVERAGE CO
40_BULLMAR_5254,40,5254,DeKuyper Buttershots Schnpps,750mL,1,9.99,9.99,2024-09-17,750.0,1,0.79,12546,JIM BEAM BRANDS COMPANY    
2_ASHBORNE_2432,2,2432,Crown Royal,750mL,1,20.99,20.99,2024-06-28,750.0,1,0.79,3960,DIAGEO NORTH AMERICA INC   
49_GARIGILL_24697,49,24697,Schmitt Sohne Relax Pink Ros,750mL,1,9.99,9.99,2024-04-25,750.0,2,0.11,9552,M S WALKER INC             
1_HARDERSFIELD_3522,1,3522,Platinum 7X Distilled Vodka,1.75L,10,129.9,12.99,2024-04-07,1750.0,1,18.38,8004,SAZERAC CO INC             
70_KELD_8654,70,8654,M & R Sweet Vermouth,375mL,1,5.29,5.29,2024-09-05,375.0,2,0.06,480,BACARDI USA INC            
15_WANBORNE_6451,15,6451,Columbia Crest G E Cab Svgn,750mL,2,19.98,9.99,2024-12-20,750.0,2,0.22,8673,STE MICHELLE WINE ESTATES  
77_TAMWORTH_3427,77,3427,Stolichnaya Blueberi,1.75L,1,24.99,24.99,2024-11-11,1750.0,1,1.84,8664,"STOLI GROUP,(USA) LLC      "
42_BLACK HOLLOW_3233,42,3233,Belvedere Wild Berry,750mL,1,26.99,26.99,2024-01-30,750.0,1,0.79,8112,MOET HENNESSY USA INC      
7_STANMORE_4066,7,4066,Bacardi Oakheart Spiced Rum,1.75L,1,18.99,18.99,2024-01-05,1750.0,1,1.84,480,BACARDI USA INC            
61_AETHELNEY_3347,61,3347,Milagro Silver Tequila,1.75L,1,39.99,39.99,2024-03-05,1750.0,1,1.84,3664,WILLIAM GRANT & SONS INC   
64_CESTERFIELD_8265,64,8265,Cockburns Fine Ruby Port,750mL,1,9.99,9.99,2024-08-25,750.0,2,0.11,7240,"PREMIUM PORT WINES, INC.   "
73_DONCASTER_5187,73,5187,Arrow White Creme de Cacao,750mL,1,7.99,7.99,2024-10-05,750.0,1,0.79,8352,LUXCO INC                  
76_DONCASTER_24088,76,24088,Hess Select Cab Svgn,750mL,1,16.99,16.99,2024-02-20,750.0,2,0.11,4425,MARTIGNETTI COMPANIES
72_HARDERSFIELD_3834,72,3834,Skyy Vodka,750mL,9,116.91,12.99,2024-12-31,750.0,1,7.09,11567,CAMPARI AMERICA            
69_MOUNTMEND_16794,69,16794,Freakshow Cab Svgn,750mL,1,18.99,18.99,2024-07-02,750.0,2,0.11,4425,MARTIGNETTI COMPANIES
50_MOUNTMEND_6854,50,6854,Carlo Rossi Burgundy Calif,4L,3,44.97,14.99,2024-02-06,4000.0,2,1.8,3252,E & J GALLO WINERY         
27_MOUNTMEND_7878,27,7878,Allens Coffee Brandy,1.75L,1,13.99,13.99,2024-02-09,1750.0,1,1.84,9552,M S WALKER INC             
69_MOUNTMEND_12234,69,12234,Beringer Classic Svgn Bl,750mL,1,4.99,4.99,2024-08-24,750.0,2,0.11,9819,TREASURY WINE ESTATES      
66_EANVERNESS_2152,66,2152,New Amsterdam Gin,750mL,1,10.99,10.99,2024-10-07,750.0,1,0.79,3252,E & J GALLO WINERY         
19_WINTERVALE_4223,19,4223,Bacardi Gold Rum,1.75L,5,99.95,19.99,2024-12-31,1750.0,1,9.19,480,BACARDI USA INC            
69_MOUNTMEND_1424,69,1424,Bulleit Bourbon,375mL,1,12.99,12.99,2024-04-05,375.0,1,0.39,3960,DIAGEO NORTH AMERICA INC   
20_BREDWARDINE_1178,20,1178,Evan Williams Black Label B,750mL,1,11.49,11.49,2024-04-16,750.0,1,0.79,3924,HEAVEN HILL DISTILLERIES   
41_LARNWICK_2760,41,2760,Jack Daniels Tennessee Honey,1.75L,2,79.98,39.99,2024-09-25,1750.0,1,3.67,1128,BROWN-FORMAN CORP          
27_MOUNTMEND_5872,27,5872,Godiva Chocolate Liqueur,50mL,3,8.97,2.99,2024-10-16,50.0,1,0.16,3960,DIAGEO NORTH AMERICA INC   
22_SHARNWICK_20731,22,20731,Villa Jolanda Strwby Moscato,750mL,1,9.99,9.99,2024-05-13,750.0,2,0.11,7153,PINE STATE TRADING CO      
34_PITMERDEN_508,34,508,Bacardi Superior Rum,Liter,2,30.98,15.49,2024-06-17,1000.0,1,2.1,480,BACARDI USA INC            
30_CULCHETH_15264,30,15264,Bridlewood Cab Svgn,750mL,2,21.98,10.99,2024-08-23,750.0,2,0.22,3252,E & J GALLO WINERY         
66_EANVERNESS_46734,66,46734,Gnarly Head Cab Svgn Cal,750mL,4,35.8,8.95,2024-03-17,750.0,2,0.45,2242,DELICATO VINEYARDS INC     
66_EANVERNESS_10451,66,10451,Line 39 Cab Svgn Lake Cnty,750mL,1,9.99,9.99,2024-05-05,750.0,2,0.11,7153,PINE STATE TRADING CO      
5_SUTTON_5404,5,5404,E & J Superior Rsv VSOP,375mL,2,10.98,5.49,2024-07-14,375.0,1,0.79,3252,E & J GALLO WINERY         
75_BARNCOMBE_4265,75,4265,Capt Morgan Spiced Rum,375mL,1,10.99,10.99,2024-11-25,375.0,1,0.39,3960,DIAGEO NORTH AMERICA INC   
77_TAMWORTH_8101,77,8101,Tanqueray,50mL,1,1.99,1.99,2024-04-23,50.0,1,0.05,3960,DIAGEO NORTH AMERICA INC   
63_SWORDBREAK_15503,63,15503,Opici Sangria,3L,1,13.99,13.99,2024-10-21,3000.0,2,0.45,9165,ULTRA BEVERAGE COMPANY LLP 
79_BALLYMENA_6595,79,6595,Bogle Merlot,750mL,3,22.47,7.49,2024-06-12,750.0,2,0.34,4425,MARTIGNETTI COMPANIES
55_DRY GULCH_19269,55,19269,Peter Paul Live Free or Die,750mL,1,24.99,24.99,2024-09-25,750.0,2,0.11,10754,PERFECTA WINES             
71_CLARCTON_8053,71,8053,Seagrams 7 Crown,50mL,3,2.97,0.99,2024-07-17,50.0,1,0.16,3960,DIAGEO NORTH AMERICA INC   
76_DONCASTER_443,76,443,St Germain Liqueur,750mL,5,174.95,34.99,2024-12-30,750.0,1,3.94,480,BACARDI USA INC            
18_FURNESS_20357,18,20357,Apothic Dark,750mL,1,7.99,7.99,2024-12-13,750.0,2,0.11,3252,E & J GALLO WINERY         
38_GOULCREST_3650,38,3650,Patron Silver Tequila,750mL,1,49.99,49.99,2024-09-12,750.0,1,0.79,9165,ULTRA BEVERAGE COMPANY LLP 
76_DONCASTER_12944,76,12944,Middle Sister Rebel Red,750mL,3,29.97,9.99,2024-02-13,750.0,2,0.34,9165,ULTRA BEVERAGE COMPANY LLP 
59_CLAETHORPES_2665,59,2665,Dewars White Label,750mL,48,959.52,19.99,2024-09-24,750.0,1,37.8,480,BACARDI USA INC            
34_PITMERDEN_7868,34,7868,Mumm Cordon Rouge Brut,750mL,1,32.99,32.99,2024-04-20,750.0,2,0.11,17035,PERNOD RICARD USA          
73_DONCASTER_19419,73,19419,Kendall Jackson Vnts RSV Cab,375mL,1,9.99,9.99,2024-04-08,375.0,2,0.06,10000,MAJESTIC FINE WINES        
23_ARBINGTON_834,23,834,Bols Brown Creme de Cacao,Liter,1,9.99,9.99,2024-08-21,1000.0,1,1.05,6213,MHW LTD                    
23_ARBINGTON_25290,23,25290,Notre Dame Cousignac CdR 13,750mL,1,9.99,9.99,2024-07-22,750.0,2,0.11,9165,ULTRA BEVERAGE COMPANY LLP 
30_CULCHETH_4262,30,4262,Capt Morgan Spiced Rum,750mL,1,16.99,16.99,2024-10-18,750.0,1,0.79,3960,DIAGEO NORTH AMERICA INC   
67_EANVERNESS_5735,67,5735,Malibu Rum,750mL,9,116.91,12.99,2024-08-28,750.0,1,7.09,17035,PERNOD RICARD USA          
72_HARDERSFIELD_4798,72,4798,Sambuca Romana Liqueur,50mL,2,3.98,1.99,2024-06-04,50.0,1,0.1,3960,DIAGEO NORTH AMERICA INC   
40_BULLMAR_3456,40,3456,Tanqueray Sterling Vodka,1.75L,1,17.99,17.99,2024-11-02,1750.0,1,1.84,3960,DIAGEO NORTH AMERICA INC   
71_CLARCTON_8693,71,8693,Ezra Brooks,750mL,1,10.99,10.99,2024-04-20,750.0,1,0.79,8352,LUXCO INC                  
19_WINTERVALE_7302,19,7302,Marques de Caceres Rioja Re,750mL,1,11.75,11.75,2024-09-27,750.0,2,0.11,1587,VINEYARD BRANDS INC        
31_HORNSEY_8450,31,8450,E & J Brandy VS,1.75L,2,37.98,18.99,2024-01-24,1750.0,1,3.67,3252,E & J GALLO WINERY         
40_BULLMAR_27854,40,27854,F Coppola Black Label Claret,750mL,1,15.99,15.99,2024-06-13,750.0,2,0.11,2000,SOUTHERN WINE & SPIRITS NE 
39_EASTHALLOW_7990,39,7990,Noilly Prat Sweet Vermouth,Liter,2,19.98,9.99,2024-02-04,1000.0,1,2.1,480,BACARDI USA INC            
23_ARBINGTON_8498,23,8498,R M Woodbridge Svgn Bl Cal,1.5L,1,13.99,13.99,2024-09-16,1500.0,2,0.22,1392,CONSTELLATION BRANDS INC   
76_DONCASTER_159,76,159,Glenmorangie Original VAP,750mL + 2/,1,34.99,34.99,2024-10-25,750.0,1,0.79,8112,MOET HENNESSY USA INC      
41_LARNWICK_3637,41,3637,Zhenka Vodka Plastic,750mL,3,15.87,5.29,2024-12-27,750.0,1,2.36,9552,M S WALKER INC             
55_DRY GULCH_23143,55,23143,Bogle Chard,750mL,5,37.45,7.49,2024-05-08,750.0,2,0.56,4425,MARTIGNETTI COMPANIES
48_NORFOLK_8092,48,8092,Johnnie Walker Red Label,50mL,17,38.93,2.29,2024-06-20,50.0,1,0.89,3960,DIAGEO NORTH AMERICA INC   
10_HORNSEY_1692,10,1692,Everclear 151,750mL,1,19.99,19.99,2024-06-18,750.0,1,0.79,8352,LUXCO INC                  
33_HORNSEY_3837,33,3837,Skyy Vodka,50mL,12,11.88,0.99,2024-01-10,50.0,1,0.63,11567,CAMPARI AMERICA            
38_GOULCREST_3924,38,3924,Espolon Blanco Tequila,750mL,1,23.99,23.99,2024-12-06,750.0,1,0.79,11567,CAMPARI AMERICA            
19_WINTERVALE_2142,19,2142,Bird Dog Apple Whiskey,750mL,1,17.99,17.99,2024-03-14,750.0,1,0.79,9625,WESTERN SPIRITS BEVERAGE CO
2_ASHBORNE_2182,2,2182,McClelland Islay Single Mal,750mL,2,39.98,19.99,2024-10-09,750.0,1,1.57,12546,JIM BEAM BRANDS COMPANY    
76_DONCASTER_5694,76,5694,Ice Box Mudslide,1.75L,1,9.99,9.99,2024-10-30,1750.0,1,1.84,8004,SAZERAC CO INC             
76_DONCASTER_28156,76,28156,Sauvion Vouvray,750mL,1,12.99,12.99,2024-02-28,750.0,2,0.11,4425,MARTIGNETTI COMPANIES
10_HORNSEY_6565,10,6565,Clos du Bois Cab Svgn N Cst,750mL,4,35.96,8.99,2024-03-18,750.0,2,0.45,1392,CONSTELLATION BRANDS INC   
71_CLARCTON_25125,71,25125,Zorvino Vyds Mango Magnifico,750mL,1,12.49,12.49,2024-08-18,750.0,2,0.11,90058,ZORVINO VINEYARDS          
47_PELLA'S WISH_33143,47,33143,Our Daily Red,750mL,1,8.99,8.99,2024-11-21,750.0,2,0.11,7153,PINE STATE TRADING CO      
19_WINTERVALE_33149,19,33149,Alamos Ridge Malbec Mendoza,750mL,1,8.99,8.99,2024-12-23,750.0,2,0.11,3252,E & J GALLO WINERY         
48_NORFOLK_8103,48,8103,Sauza Gold Tequila,50mL,15,14.85,0.99,2024-07-02,50.0,1,0.79,12546,JIM BEAM BRANDS COMPANY    
64_CESTERFIELD_18812,64,18812,Sweet Baby Vyds Strawberry,750mL,2,24.98,12.49,2024-06-27,750.0,2,0.22,90056,SWEET BABY VINEYARD        
19_WINTERVALE_802,19,802,Bacardi Torched Cherry Rum,750mL,1,11.99,11.99,2024-10-28,750.0,1,0.79,480,BACARDI USA INC            
70_KELD_2656,70,2656,Cutty Sark,1.75L,2,49.98,24.99,2024-04-22,1750.0,1,3.67,2561,EDRINGTON AMERICAS         
23_ARBINGTON_753,23,753,LaBelle Winery Blueberry,750mL,1,19.99,19.99,2024-09-25,750.0,2,0.11,90032,LABELLE VYDS AND WINERY    
41_LARNWICK_4152,41,4152,Jenkins Rum,750mL,1,5.99,5.99,2024-09-26,750.0,1,0.79,9552,M S WALKER INC             
74_PAENTMARWY_2438,74,2438,Crown Royal Special Reserve,1.75L,1,72.99,72.99,2024-12-19,1750.0,1,1.84,3960,DIAGEO NORTH AMERICA INC   
32_MOUNTMEND_22515,32,22515,Justin Vyds 13 Svgn Bl C Cst,750mL,1,12.99,12.99,2024-05-20,750.0,2,0.11,9552,M S WALKER INC             
49_GARIGILL_37821,49,37821,Frescobaldi Sangiovese Remo,750mL,2,13.98,6.99,2024-05-19,750.0,2,0.22,9165,ULTRA BEVERAGE COMPANY LLP 
32_MOUNTMEND_3405,32,3405,Tito's Handmade Vodka,1.75L,16,463.84,28.99,2024-12-10,1750.0,1,29.4,4425,MARTIGNETTI COMPANIES
4_EANVERNESS_1737,4,1737,Makers Mark,1.75L,1,52.99,52.99,2024-06-03,1750.0,1,1.84,12546,JIM BEAM BRANDS COMPANY    
74_PAENTMARWY_3826,74,3826,Skyy Vodka,1.75L,3,59.97,19.99,2024-12-13,1750.0,1,5.51,11567,CAMPARI AMERICA            
66_EANVERNESS_18551,66,18551,Antigal Uno Malbec Mendoza,750mL,5,74.95,14.99,2024-09-03,750.0,2,0.56,9552,M S WALKER INC             
62_KILMARNOCK_38322,62,38322,Fuki Sake,750mL,1,11.99,11.99,2024-08-21,750.0,2,0.11,7153,PINE STATE TRADING CO      
58_HARTLEPOOL_37735,58,37735,Walnut Crest Vnto Pnt Grigio,1.5L,2,21.98,10.99,2024-08-22,1500.0,2,0.45,516,BANFI PRODUCTS CORP        
54_GUTHRAM_7982,54,7982,M & R Sweet Vermouth,750mL,1,7.49,7.49,2024-01-28,750.0,1,0.79,480,BACARDI USA INC            
27_MOUNTMEND_2170,27,2170,Woodford Reserve Bourbon,50mL,3,10.47,3.49,2024-04-09,50.0,1,0.16,1128,BROWN-FORMAN CORP          
74_PAENTMARWY_8451,74,8451,Cruzan Aged Dark Rum,1.75L,3,50.97,16.99,2024-04-28,1750.0,1,5.51,12546,JIM BEAM BRANDS COMPANY    
76_DONCASTER_25269,76,25269,R Mondavi Cab Svgn Pvt Sel,750mL,2,15.98,7.99,2024-01-03,750.0,2,0.22,1392,CONSTELLATION BRANDS INC   
67_EANVERNESS_16829,67,16829,C Y Toro Gran Reserva Cab Sv,750mL,1,13.49,13.49,2024-08-15,750.0,2,0.11,516,BANFI PRODUCTS CORP        
69_MOUNTMEND_31465,69,31465,Franzia Tap Chard,5L,2,35.98,17.99,2024-08-28,5000.0,2,1.5,9815,WINE GROUP INC             
74_PAENTMARWY_4939,74,4939,Kapali Coffee,1.75L,1,15.99,15.99,2024-09-23,1750.0,1,1.84,8004,SAZERAC CO INC             
36_LEWES_7345,36,7345,M & R Asti,750mL,1,13.99,13.99,2024-10-18,750.0,2,0.11,480,BACARDI USA INC            
77_TAMWORTH_3505,77,3505,Tito's Handmade Vodka,750mL,1,21.99,21.99,2024-01-18,750.0,1,0.79,4425,MARTIGNETTI COMPANIES
30_CULCHETH_7302,30,7302,Marques de Caceres Rioja Re,750mL,1,10.99,10.99,2024-11-02,750.0,2,0.11,1587,VINEYARD BRANDS INC        
73_DONCASTER_6855,73,6855,Midnight Moon Apple Pie,750mL,3,59.97,19.99,2024-07-18,750.0,1,2.36,9165,ULTRA BEVERAGE COMPANY LLP 
44_PORTHCRAWL_44719,44,44719,Cavit Prosecco Lunetta,750mL,2,23.98,11.99,2024-10-28,750.0,2,0.22,6785,PALM BAY INTERNATIONAL INC 
23_ARBINGTON_3687,23,3687,Fleischmanns Royal Traveler,750mL,3,17.97,5.99,2024-01-11,750.0,1,2.36,660,SAZERAC NORTH AMERICA INC. 
68_SOLARIS_18637,68,18637,Iris Vineyard Pnt Nr,750mL,1,19.99,19.99,2024-04-01,750.0,2,0.11,9165,ULTRA BEVERAGE COMPANY LLP 
74_PAENTMARWY_22087,74,22087,Juxtapoz Red North Cst,750mL,1,14.99,14.99,2024-06-10,750.0,2,0.11,2242,DELICATO VINEYARDS INC     
58_HARTLEPOOL_5490,58,5490,DeKuyper Hot Damn Cinnamon,50mL,2,1.98,0.99,2024-01-15,50.0,1,0.1,12546,JIM BEAM BRANDS COMPANY    
41_LARNWICK_4890,41,4890,Skyy Infusion Tropical Mango,50mL,3,2.97,0.99,2024-10-28,50.0,1,0.16,11567,CAMPARI AMERICA            
33_HORNSEY_2585,33,2585,Jameson Irish Whiskey,750mL,3,71.97,23.99,2024-09-04,750.0,1,2.36,17035,PERNOD RICARD USA          
46_TYWARDREATH_5628,46,5628,Baja Rosa Strawberry Liqueur,750mL,1,9.99,9.99,2024-06-12,750.0,1,0.79,8004,SAZERAC CO INC             
49_GARIGILL_15265,49,15265,The Naked Grape Cab Svgn,750mL,1,5.99,5.99,2024-08-06,750.0,2,0.11,3252,E & J GALLO WINERY         
66_EANVERNESS_1748,66,1748,William Grant Scotch,750mL,2,29.98,14.99,2024-11-11,750.0,1,1.57,3664,WILLIAM GRANT & SONS INC   
74_PAENTMARWY_8078,74,8078,Glenfiddich Special Rsv 12Yr,375mL,1,21.99,21.99,2024-07-27,375.0,1,0.39,3664,WILLIAM GRANT & SONS INC   
38_GOULCREST_5765,38,5765,Jose Cuervo Lime Margarita,1.75L,1,13.99,13.99,2024-05-15,1750.0,1,1.84,7245,PROXIMO SPIRITS INC.       
52_GRAYCOTT_79,52,79,Three Olives Loopy Vodka,750mL,3,38.97,12.99,2024-08-19,750.0,1,2.36,7245,PROXIMO SPIRITS INC.       
7_STANMORE_3668,7,3668,Belvedere Polish Vodka,1.75L,2,85.98,42.99,2024-09-02,1750.0,1,3.67,8112,MOET HENNESSY USA INC      
56_BEGGAR'S HOLE_44712,56,44712,Sonoma-Cutrer Chard Sonoma,750mL,1,23.99,23.99,2024-07-03,750.0,2,0.11,1128,BROWN-FORMAN CORP          
78_EASTHAVEN_4135,78,4135,Smirnoff Blueberry Vodka,50mL,6,5.94,0.99,2024-08-14,50.0,1,0.32,3960,DIAGEO NORTH AMERICA INC   
60_IRRAGIN_5697,60,5697,Metcalfe's Maple Liqueur,750mL,6,119.94,19.99,2024-03-16,750.0,1,4.72,9165,ULTRA BEVERAGE COMPANY LLP 
38_GOULCREST_15215,38,15215,Migration Duckhorn Chard,750mL,1,29.99,29.99,2024-06-11,750.0,2,0.11,4425,MARTIGNETTI COMPANIES
52_GRAYCOTT_8691,52,8691,Jose Cuervo Especial,750mL,1,16.99,16.99,2024-01-27,750.0,1,0.79,7245,PROXIMO SPIRITS INC.       
48_NORFOLK_35976,48,35976,Zeller Schwarze Rsl Valcknbg,750mL,3,29.97,9.99,2024-07-07,750.0,2,0.34,10754,PERFECTA WINES             
41_LARNWICK_43809,41,43809,R M Woodbridge Pnt Nr,1.5L,5,44.95,8.99,2024-03-10,1500.0,2,1.12,1392,CONSTELLATION BRANDS INC   
67_EANVERNESS_42423,67,42423,Firesteed Willamette Pnt Nr,750mL,1,30.99,30.99,2024-10-29,750.0,2,0.11,10754,PERFECTA WINES             
49_GARIGILL_20706,49,20706,A Proper Claret,750mL,1,9.99,9.99,2024-06-13,750.0,2,0.11,4425,MARTIGNETTI COMPANIES
27_MOUNTMEND_4299,27,4299,Capt Morgan White Grapefruit,750mL,1,12.99,12.99,2024-08-20,750.0,1,0.79,3960,DIAGEO NORTH AMERICA INC   
58_HARTLEPOOL_43223,58,43223,Ch Beauchene Cotes du Rhone,750mL,2,17.98,8.99,2024-08-19,750.0,2,0.22,10754,PERFECTA WINES             
67_EANVERNESS_5826,67,5826,DeKuyper Razzmatazz,750mL,1,8.99,8.99,2024-09-28,750.0,1,0.79,12546,JIM BEAM BRANDS COMPANY    
33_HORNSEY_5539,33,5539,DeKuyper Hot Damn 100*,750mL,1,10.99,10.99,2024-06-18,750.0,1,0.79,12546,JIM BEAM BRANDS COMPANY    
5_SUTTON_8184,5,8184,Kahlua,50mL,2,3.98,1.99,2024-04-05,50.0,1,0.1,17035,PERNOD RICARD USA          
9_BLACKPOOL_5168,9,5168,Kahlua French Vanilla,750mL,1,18.99,18.99,2024-08-13,750.0,1,0.79,17035,PERNOD RICARD USA          
33_HORNSEY_17345,33,17345,Bogle Essential Red,750mL,2,17.9,8.95,2024-11-12,750.0,2,0.22,4425,MARTIGNETTI COMPANIES
58_HARTLEPOOL_15619,58,15619,Beringer Classic Red Moscato,750mL,1,5.99,5.99,2024-11-12,750.0,2,0.11,9819,TREASURY WINE ESTATES      
25_CAERSHIRE_1385,25,1385,Makers Mark,750mL,1,30.99,30.99,2024-09-29,750.0,1,0.79,12546,JIM BEAM BRANDS COMPANY    
71_CLARCTON_8642,71,8642,Jose Cuervo RTD Pink Lemonad,1.75L,2,27.98,13.99,2024-06-17,1750.0,1,3.67,7245,PROXIMO SPIRITS INC.       
71_CLARCTON_3522,71,3522,Platinum 7X Distilled Vodka,1.75L,5,59.95,11.99,2024-05-08,1750.0,1,9.19,8004,SAZERAC CO INC             
5_SUTTON_254,5,254,DeKuyper Root Beer Schnapps,Liter,1,10.99,10.99,2024-06-04,1000.0,1,1.05,12546,JIM BEAM BRANDS COMPANY    
76_DONCASTER_12154,76,12154,Cousino Macul RSV Cab Svgn,750mL,3,47.97,15.99,2024-04-11,750.0,2,0.34,9552,M S WALKER INC             
54_GUTHRAM_8452,54,8452,Cruzan Aged Light Rum,1.75L,1,17.99,17.99,2024-10-11,1750.0,1,1.84,12546,JIM BEAM BRANDS COMPANY    
76_DONCASTER_5447,76,5447,Jagermeister Liqueur,375mL,1,9.99,9.99,2024-09-05,375.0,1,0.39,3089,SIDNEY FRANK IMPORTING CO  
45_VERITAS_6285,45,6285,Gallo Twin Valley Wh Znfdl C,1.5L,1,9.99,9.99,2024-11-15,1500.0,2,0.22,3252,E & J GALLO WINERY         
4_EANVERNESS_3545,4,3545,Ketel One Vodka,1.75L,1,33.99,33.99,2024-05-16,1750.0,1,1.84,3960,DIAGEO NORTH AMERICA INC   
57_LANTEGLOS_5676,57,5676,Kinky Liqueur,50mL,7,13.93,1.99,2024-08-19,50.0,1,0.37,7153,PINE STATE TRADING CO      
41_LARNWICK_41159,41,41159,Phillips Earthquake Ld Znfdl,750mL,2,46.94,23.47,2024-09-15,750.0,2,0.22,4425,MARTIGNETTI COMPANIES
4_EANVERNESS_7860,4,7860,Sutter Home Wh Znfdl,750mL,3,17.97,5.99,2024-09-20,750.0,2,0.34,8892,TRINCHERO FAMILY ESTATES   
38_GOULCREST_1365,38,1365,Stoli Mini Bar 5/50mLs Pack,50mL 5 Pk,3,23.97,7.99,2024-12-04,50.0,1,0.16,8664,"STOLI GROUP,(USA) LLC      "
50_MOUNTMEND_1956,50,1956,Balvenie 12 Yr Doublewood S,750mL,1,59.99,59.99,2024-01-23,750.0,1,0.79,3664,WILLIAM GRANT & SONS INC   
33_HORNSEY_4152,33,4152,Jenkins Rum,750mL,4,19.96,4.99,2024-11-01,750.0,1,3.15,9552,M S WALKER INC             
58_HARTLEPOOL_3743,58,3743,Smirnoff Sorbet Pine/Coconut,750mL,1,12.99,12.99,2024-03-31,750.0,1,0.79,3960,DIAGEO NORTH AMERICA INC   
17_OLDHAM_5897,17,5897,99 Bananas,750mL,2,27.98,13.99,2024-09-14,750.0,1,1.57,660,SAZERAC NORTH AMERICA INC. 
42_BLACK HOLLOW_3607,42,3607,Smirnoff Citrus Vodka,50mL,1,0.99,0.99,2024-08-25,50.0,1,0.05,3960,DIAGEO NORTH AMERICA INC   
70_KELD_6567,70,6567,Clos du Bois Merlot N Cst,750mL,1,8.99,8.99,2024-10-18,750.0,2,0.11,1392,CONSTELLATION BRANDS INC   
39_EASTHALLOW_3209,39,3209,Hammer & Sickle Vodka,750mL,1,19.99,19.99,2024-10-22,750.0,1,0.79,4550,KLIN SPIRITS LLC           
74_PAENTMARWY_8452,74,8452,Cruzan Aged Light Rum,1.75L,2,35.98,17.99,2024-09-28,1750.0,1,3.67,12546,JIM BEAM BRANDS COMPANY    
68_SOLARIS_28147,68,28147,Kris Pnt Grigio Alto Adige,750mL,2,21.98,10.99,2024-07-29,750.0,2,0.22,2000,SOUTHERN WINE & SPIRITS NE 
66_EANVERNESS_2035,66,2035,Glen Moray Classic Scotch,750mL,1,19.99,19.99,2024-07-12,750.0,1,0.79,7153,PINE STATE TRADING CO      
68_SOLARIS_5490,68,5490,DeKuyper Hot Damn Cinnamon,50mL,2,1.98,0.99,2024-12-01,50.0,1,0.1,12546,JIM BEAM BRANDS COMPANY    
50_MOUNTMEND_38191,50,38191,Argiola Vermentino Costamol,750mL,2,15.58,7.79,2024-10-16,750.0,2,0.22,2000,SOUTHERN WINE & SPIRITS NE 
33_HORNSEY_14838,33,14838,Layer Cake Cab Svgn,750mL,1,15.99,15.99,2024-03-18,750.0,2,0.11,4425,MARTIGNETTI COMPANIES
47_PELLA'S WISH_18347,47,18347,Banfi Pnt Grigio San Angelo,750mL,1,14.99,14.99,2024-02-29,750.0,2,0.11,516,BANFI PRODUCTS CORP        
18_FURNESS_39479,18,39479,Barefoot Premium X-Dry,750mL,2,19.98,9.99,2024-02-27,750.0,2,0.22,3252,E & J GALLO WINERY         
50_MOUNTMEND_2035,50,2035,Glen Moray Classic Scotch,750mL,1,19.99,19.99,2024-01-18,750.0,1,0.79,7153,PINE STATE TRADING CO      
31_HORNSEY_3054,31,3054,Smirnoff Kissed Caramel,750mL,1,12.99,12.99,2024-01-30,750.0,1,0.79,3960,DIAGEO NORTH AMERICA INC   
69_MOUNTMEND_8512,69,8512,Baileys Irish Cream,750mL,9,170.91,18.99,2024-01-01,750.0,1,7.09,3960,DIAGEO NORTH AMERICA INC   
76_DONCASTER_8442,76,8442,1800 Silver Tequila,375mL,1,14.49,14.49,2024-06-25,375.0,1,0.39,7245,PROXIMO SPIRITS INC.       
76_DONCASTER_3417,76,3417,Six Saints Caribbean Rum,750mL,1,19.99,19.99,2024-07-22,750.0,1,0.79,9165,ULTRA BEVERAGE COMPANY LLP 
73_DONCASTER_28919,73,28919,Gallo Twin Valley Merlot Cal,1.5L,1,9.99,9.99,2024-03-03,1500.0,2,0.22,3252,E & J GALLO WINERY         
60_IRRAGIN_13958,60,13958,Charles & Charles Red,750mL,3,32.97,10.99,2024-06-17,750.0,2,0.34,8892,TRINCHERO FAMILY ESTATES   
38_GOULCREST_8212,38,8212,Krupnik Spiced Honey Liqueur,375mL,1,22.99,22.99,2024-06-04,375.0,1,0.39,2450,DJINN SPIRITS LLC          
44_PORTHCRAWL_5219,44,5219,Sambuca Romana Black,750mL,1,19.99,19.99,2024-02-06,750.0,1,0.79,3960,DIAGEO NORTH AMERICA INC   
57_LANTEGLOS_3754,57,3754,Smirnoff Blueberry Vodka,750mL,1,12.99,12.99,2024-10-19,750.0,1,0.79,3960,DIAGEO NORTH AMERICA INC   
6_GOULCREST_821,6,821,Grand Marnier,Liter,2,77.98,38.99,2024-02-13,1000.0,1,2.1,8112,MOET HENNESSY USA INC      
60_IRRAGIN_6269,60,6269,Sutter Home Cab Svgn,1.5L,9,71.55,7.95,2024-01-24,1500.0,2,2.02,8892,TRINCHERO FAMILY ESTATES   
28_LARNWICK_34428,28,34428,Frei Bros RSV Chard RRV,750mL,1,15.99,15.99,2024-06-12,750.0,2,0.11,3252,E & J GALLO WINERY         
26_KNIFE'S EDGE_3522,26,3522,Platinum 7X Distilled Vodka,1.75L,6,77.94,12.99,2024-11-13,1750.0,1,11.02,8004,SAZERAC CO INC             
67_EANVERNESS_33149,67,33149,Alamos Ridge Malbec Mendoza,750mL,4,35.96,8.99,2024-07-10,750.0,2,0.45,3252,E & J GALLO WINERY         
70_KELD_3632,70,3632,Ashuelot Vodka,750mL,1,28.49,28.49,2024-05-07,750.0,1,0.79,172662,SWEETWATER FARM         
27_MOUNTMEND_1121,27,1121,Old St Andrews Tumbler Pack,50mL,1,3.99,3.99,2024-11-27,50.0,1,0.05,6355,NICHE W & S                
45_VERITAS_1883,45,1883,Seagrams 7 Crown,1.75L,1,17.99,17.99,2024-07-11,1750.0,1,1.84,3960,DIAGEO NORTH AMERICA INC   
51_ABERDEEN_8202,51,8202,Sambuca Romana,750mL,5,89.95,17.99,2024-12-20,750.0,1,3.94,3960,DIAGEO NORTH AMERICA INC   
73_DONCASTER_8654,73,8654,M & R Sweet Vermouth,375mL,1,5.29,5.29,2024-11-17,375.0,2,0.06,480,BACARDI USA INC            
47_PELLA'S WISH_5669,47,5669,Fabrizia Blood Orange,750mL,1,16.99,16.99,2024-06-27,750.0,1,0.79,1655,FABRIZIA SPIRITS LLC       
40_BULLMAR_34134,40,34134,Turning Leaf RSV Chard Cal,1.5L,1,8.99,8.99,2024-01-18,1500.0,2,0.22,3252,E & J GALLO WINERY         
22_SHARNWICK_3826,22,3826,Skyy Vodka,1.75L,6,119.94,19.99,2024-09-03,1750.0,1,11.02,11567,CAMPARI AMERICA            
19_WINTERVALE_3650,19,3650,Patron Silver Tequila,750mL,3,146.97,48.99,2024-04-30,750.0,1,2.36,9165,ULTRA BEVERAGE COMPANY LLP 
2_ASHBORNE_4565,2,4565,Christian Bros VS Brandy,750mL,1,8.99,8.99,2024-06-28,750.0,1,0.79,3924,HEAVEN HILL DISTILLERIES   
69_MOUNTMEND_3545,69,3545,Ketel One Vodka,1.75L,2,59.98,29.99,2024-01-21,1750.0,1,3.67,3960,DIAGEO NORTH AMERICA INC   
67_EANVERNESS_6581,67,6581,Ch Ste Michelle Merlot Colum,750mL,1,12.95,12.95,2024-09-05,750.0,2,0.11,8673,STE MICHELLE WINE ESTATES  
71_CLARCTON_812,71,812,Jagermeister Liqueur,Liter,1,20.99,20.99,2024-10-26,1000.0,1,1.05,3089,SIDNEY FRANK IMPORTING CO  
61_AETHELNEY_4450,61,4450,Leblon Natural Cane Cachaca,750mL,3,86.97,28.99,2024-02-20,750.0,1,2.36,480,BACARDI USA INC            
54_GUTHRAM_19224,54,19224,Miraval Cotes de Prvnce Rose,750mL,3,59.97,19.99,2024-01-23,750.0,2,0.34,1587,VINEYARD BRANDS INC        
12_LEESIDE_3512,12,3512,Pinnacle Vodka,1.75L,3,47.97,15.99,2024-09-08,1750.0,1,5.51,12546,JIM BEAM BRANDS COMPANY    
19_WINTERVALE_3726,19,3726,Gilbeys Vodka Traveler,750mL,1,5.99,5.99,2024-03-26,750.0,1,0.79,12546,JIM BEAM BRANDS COMPANY    
25_CAERSHIRE_5780,25,5780,Malibu Black,750mL,1,13.99,13.99,2024-03-30,750.0,1,0.79,17035,PERNOD RICARD USA          
38_GOULCREST_5149,38,5149,Hpnotiq Liqueur,1.75L,1,34.99,34.99,2024-12-30,1750.0,1,1.84,3924,HEAVEN HILL DISTILLERIES   
21_BALERNO_1276,21,1276,Jack Daniels Single Barrel,50mL,1,4.99,4.99,2024-06-04,50.0,1,0.05,1128,BROWN-FORMAN CORP          
2_ASHBORNE_2100,2,2100,Canadian Regal,1.75L,1,9.99,9.99,2024-03-30,1750.0,1,1.84,9552,M S WALKER INC             
52_GRAYCOTT_13052,52,13052,Ch Ste Michelle Gewurz Colum,750mL,1,6.99,6.99,2024-08-28,750.0,2,0.11,8673,STE MICHELLE WINE ESTATES  
41_LARNWICK_8469,41,8469,1800 Reposado Gold Tequila,750mL,3,68.97,22.99,2024-12-10,750.0,1,2.36,7245,PROXIMO SPIRITS INC.       
67_EANVERNESS_19127,67,19127,Saracco Moscato d'Asti,750mL,2,31.98,15.99,2024-01-30,750.0,2,0.22,2000,SOUTHERN WINE & SPIRITS NE 
7_STANMORE_41033,7,41033,Menage a Trois White,750mL,1,8.99,8.99,2024-10-05,750.0,2,0.11,8892,TRINCHERO FAMILY ESTATES   
52_GRAYCOTT_7254,52,7254,Cribari Marsala,750mL,1,7.99,7.99,2024-09-30,750.0,2,0.11,1392,CONSTELLATION BRANDS INC   
11_CARDEND_39254,11,39254,Las Rocas Garnacha San Alej,750mL,2,23.98,11.99,2024-07-12,750.0,2,0.22,3252,E & J GALLO WINERY         
44_PORTHCRAWL_3058,44,3058,Three Olives Vodka,50mL,3,2.97,0.99,2024-01-18,50.0,1,0.16,7245,PROXIMO SPIRITS INC.       
47_PELLA'S WISH_6150,47,6150,Midnight Moon Blackberry,750mL,2,39.98,19.99,2024-01-20,750.0,1,1.57,9165,ULTRA BEVERAGE COMPANY LLP 
6_GOULCREST_2932,6,2932,Jameson Black Barrel,750mL,2,63.98,31.99,2024-02-07,750.0,1,1.57,17035,PERNOD RICARD USA          
73_DONCASTER_43877,73,43877,Duckhorn Svgn Bl Napa,750mL,1,25.99,25.99,2024-03-06,750.0,2,0.11,4425,MARTIGNETTI COMPANIES
76_DONCASTER_19908,76,19908,Ravenswood Besieged Red,750mL,1,13.99,13.99,2024-09-12,750.0,2,0.11,1392,CONSTELLATION BRANDS INC   
69_MOUNTMEND_31561,69,31561,Fess Parker Snt Barbr Pnt Nr,750mL,1,22.99,22.99,2024-11-12,750.0,2,0.11,7153,PINE STATE TRADING CO      
73_DONCASTER_24119,73,24119,Cecchi La Mora Vermentino,750mL,1,13.99,13.99,2024-01-17,750.0,2,0.11,9165,ULTRA BEVERAGE COMPANY LLP 
64_CESTERFIELD_2973,64,2973,Eagle Rare Single Barrel Bo,750mL,2,55.98,27.99,2024-09-02,750.0,1,1.57,8004,SAZERAC CO INC             
21_BALERNO_1180,21,1180,Evan Williams Black Label B,1.75L,2,35.98,17.99,2024-01-09,1750.0,1,3.67,3924,HEAVEN HILL DISTILLERIES   
55_DRY GULCH_2514,55,2514,Bird Dog Peach Whiskey,750mL,1,14.99,14.99,2024-08-27,750.0,1,0.79,9625,WESTERN SPIRITS BEVERAGE CO
69_MOUNTMEND_25269,69,25269,R Mondavi Cab Svgn Pvt Sel,750mL,4,35.96,8.99,2024-01-13,750.0,2,0.45,1392,CONSTELLATION BRANDS INC   
53_HILLFAR_5312,53,5312,Amaretto DiSaronno,750mL,2,39.98,19.99,2024-12-05,750.0,1,1.57,2555,DISARONNO INTERNATIONAL LLC
38_GOULCREST_15156,38,15156,Yago Sant'Gria Red,3L,1,15.99,15.99,2024-02-16,3000.0,2,0.45,8352,LUXCO INC                  
3_HORNSEY_3295,3,3295,Tito's Handmade Vodka,375mL,2,23.98,11.99,2024-01-12,375.0,1,0.79,4425,MARTIGNETTI COMPANIES
33_HORNSEY_4897,33,4897,Remy Martin VSOP Cognac,50mL,1,4.49,4.49,2024-10-03,50.0,1,0.05,7239,REMY COINTREAU USA INC     
34_PITMERDEN_34133,34,34133,Turning Leaf RSV Cab Svgn,1.5L,4,43.96,10.99,2024-08-12,1500.0,2,0.9,3252,E & J GALLO WINERY         
7_STANMORE_2219,7,2219,Crown Royal Vanilla,50mL,2,3.98,1.99,2024-12-01,50.0,1,0.1,3960,DIAGEO NORTH AMERICA INC   
34_PITMERDEN_17875,34,17875,Darkhorse Chard,750mL,9,71.91,7.99,2024-05-31,750.0,2,1.01,3252,E & J GALLO WINERY         
79_BALLYMENA_497,79,497,Capt Morgan Spiced Rum,Liter,3,59.97,19.99,2024-04-05,1000.0,1,3.15,3960,DIAGEO NORTH AMERICA INC   
41_LARNWICK_23917,41,23917,Mionetto Prosecco DOC Brut,1.5L,1,27.99,27.99,2024-06-11,1500.0,2,0.22,9552,M S WALKER INC             
34_PITMERDEN_22192,34,22192,Placido Chianti,1.5L,5,64.95,12.99,2024-07-15,1500.0,2,1.12,516,BANFI PRODUCTS CORP        
66_EANVERNESS_25581,66,25581,BV Coastal Estate Merlot,750mL,1,8.99,8.99,2024-06-25,750.0,2,0.11,1590,DIAGEO CHATEAU ESTATE WINES
34_PITMERDEN_18893,34,18893,19 Crimes Red,750mL,1,12.99,12.99,2024-10-14,750.0,2,0.11,9819,TREASURY WINE ESTATES      
15_WANBORNE_3608,15,3608,Smirnoff Orange Vodka,50mL,1,0.99,0.99,2024-07-21,50.0,1,0.05,3960,DIAGEO NORTH AMERICA INC   
21_BALERNO_41537,21,41537,Mer Soleil Chard Central Cst,750mL,1,27.99,27.99,2024-01-24,750.0,2,0.11,4425,MARTIGNETTI COMPANIES
32_MOUNTMEND_8678,32,8678,Banfi Chianti Clsc RSV,750mL,1,15.99,15.99,2024-04-22,750.0,2,0.11,516,BANFI PRODUCTS CORP        
34_PITMERDEN_3684,34,3684,Fleischmanns Royal Vodka,1.75L,2,19.98,9.99,2024-05-12,1750.0,1,3.67,660,SAZERAC NORTH AMERICA INC. 
38_GOULCREST_8515,38,8515,Baileys Chocolate Cherry,750mL,2,43.98,21.99,2024-06-02,750.0,1,1.57,3960,DIAGEO NORTH AMERICA INC   
23_ARBINGTON_35668,23,35668,Redwood Creek Merlot Cal,1.5L,1,10.99,10.99,2024-06-19,1500.0,2,0.22,3252,E & J GALLO WINERY         
32_MOUNTMEND_3960,32,3960,Tortilla Gold Tequila Liquer,1.75L,1,13.99,13.99,2024-08-03,1750.0,1,1.84,8004,SAZERAC CO INC             
60_IRRAGIN_7320,60,7320,Malibu Rum Punch RTD,1.75L,1,17.99,17.99,2024-04-29,1750.0,1,1.84,17035,PERNOD RICARD USA          
10_HORNSEY_25587,10,25587,Geyser Peak Znfdl,750mL,1,7.99,7.99,2024-08-31,750.0,2,0.11,2000,SOUTHERN WINE & SPIRITS NE 
10_HORNSEY_2663,10,2663,Dewars White Label,1.75L,3,89.97,29.99,2024-05-02,1750.0,1,5.51,480,BACARDI USA INC            
35_HALIVAARA_4246,35,4246,Bacardi Superior Rum,375mL,2,10.98,5.49,2024-12-19,375.0,1,0.79,480,BACARDI USA INC            
66_EANVERNESS_3630,66,3630,Stolichnaya Razberi,1.75L,3,77.97,25.99,2024-02-13,1750.0,1,5.51,8664,"STOLI GROUP,(USA) LLC      "
2_ASHBORNE_8018,2,8018,La Vieille Ferme Red Ventoux,750mL,3,20.97,6.99,2024-12-08,750.0,2,0.34,1587,VINEYARD BRANDS INC        
73_DONCASTER_8726,73,8726,Baileys Irish Cream,50mL,6,11.94,1.99,2024-08-30,50.0,1,0.32,3960,DIAGEO NORTH AMERICA INC   
69_MOUNTMEND_7413,69,7413,Manischewitz Blackberry Kshr,1.5L,1,7.99,7.99,2024-04-23,1500.0,2,0.22,1392,CONSTELLATION BRANDS INC   
13_TARMSWORTH_8680,13,8680,Crown Royal,1.75L,1,36.99,36.99,2024-11-25,1750.0,1,1.84,3960,DIAGEO NORTH AMERICA INC   
78_EASTHAVEN_7320,78,7320,Malibu Rum Punch RTD,1.75L,1,19.99,19.99,2024-02-15,1750.0,1,1.84,17035,PERNOD RICARD USA          
76_DONCASTER_3857,76,3857,Grey Goose Vodka,1.75L,12,599.88,49.99,2024-04-29,1750.0,1,22.05,480,BACARDI USA INC            
12_LEESIDE_8962,12,8962,Pimms Cup No 1,750mL,1,19.99,19.99,2024-07-02,750.0,1,0.79,3960,DIAGEO NORTH AMERICA INC   
66_EANVERNESS_26359,66,26359,Fizz 56 Sparkling Red,375mL,3,11.97,3.99,2024-07-02,375.0,2,0.17,4425,MARTIGNETTI COMPANIES
42_BLACK HOLLOW_3276,42,3276,Gordons London Dry,1.75L,10,129.9,12.99,2024-07-30,1750.0,1,18.38,3960,DIAGEO NORTH AMERICA INC   
1_HARDERSFIELD_1226,1,1226,Lexington Bourbon,750mL,1,23.99,23.99,2024-12-21,750.0,1,0.79,9625,WESTERN SPIRITS BEVERAGE CO
16_LUNDY_5054,16,5054,Jagermeister Spice,50mL,1,1.99,1.99,2024-02-06,50.0,1,0.05,3089,SIDNEY FRANK IMPORTING CO  
60_IRRAGIN_3837,60,3837,Skyy Vodka,50mL,3,2.97,0.99,2024-04-22,50.0,1,0.16,11567,CAMPARI AMERICA            
72_HARDERSFIELD_5253,72,5253,Kahlua Original Mudslide RTD,1.75L,2,35.98,17.99,2024-09-09,1750.0,1,3.67,17035,PERNOD RICARD USA          
67_EANVERNESS_37049,67,37049,Argyle Willamette Pnt Nr,750mL,1,19.99,19.99,2024-07-05,750.0,2,0.11,4425,MARTIGNETTI COMPANIES
65_LUTON_8746,65,8746,Cavit Pinot Grigio,750mL,4,23.96,5.99,2024-07-02,750.0,2,0.45,6785,PALM BAY INTERNATIONAL INC 
69_MOUNTMEND_2704,69,2704,Serpent's Bite Cider Whiskey,50mL,2,1.98,0.99,2024-05-13,50.0,1,0.1,1392,CONSTELLATION BRANDS INC   
50_MOUNTMEND_2432,50,2432,Crown Royal,750mL,10,209.9,20.99,2024-07-25,750.0,1,7.87,3960,DIAGEO NORTH AMERICA INC   
2_ASHBORNE_5903,2,5903,Ole Smoky Hunch Punch Moonsh,50mL,37,73.63,1.99,2024-05-07,50.0,1,1.94,6359,OLE SMOKY DISTILLERY LLC   
44_PORTHCRAWL_5877,44,5877,Ryans Irish Cream,50mL,2,1.98,0.99,2024-10-23,50.0,1,0.1,8004,SAZERAC CO INC             
22_SHARNWICK_35664,22,35664,Redwood Creek Cab Svgn Cal,1.5L,2,19.98,9.99,2024-03-14,1500.0,2,0.45,3252,E & J GALLO WINERY         
14_BROMWICH_5297,14,5297,Southern Comfort,750mL,1,13.99,13.99,2024-12-13,750.0,1,0.79,8004,SAZERAC CO INC             
14_BROMWICH_3643,14,3643,Caldwells Vodka,1.75L,1,10.49,10.49,2024-05-01,1750.0,1,1.84,9552,M S WALKER INC             
66_EANVERNESS_8653,66,8653,M & R Extra Dry Vermouth,375mL,3,15.87,5.29,2024-06-30,375.0,2,0.17,480,BACARDI USA INC            
74_PAENTMARWY_5031,74,5031,DeKuyper Peppermint Schnapp,1.75L,1,14.99,14.99,2024-05-01,1750.0,1,1.84,12546,JIM BEAM BRANDS COMPANY    
50_MOUNTMEND_15007,50,15007,Sean Minor Carneros Pnt Nr,750mL,1,19.99,19.99,2024-12-06,750.0,2,0.11,4425,MARTIGNETTI COMPANIES
60_IRRAGIN_5285,60,5285,Jacquin Triple Sec,750mL,1,9.29,9.29,2024-02-23,750.0,1,0.79,4380,CHARLES JACQUIN ET CIE INC 
27_MOUNTMEND_966,27,966,Patron Citronge Orange Liqu,750mL,1,20.99,20.99,2024-10-14,750.0,1,0.79,9165,ULTRA BEVERAGE COMPANY LLP 
7_STANMORE_4198,7,4198,Sailor Jerry Spiced Navy Rum,1.75L,5,124.95,24.99,2024-11-23,1750.0,1,9.19,3664,WILLIAM GRANT & SONS INC   
74_PAENTMARWY_5399,74,5399,Goldschlager Cinnamon Schna,50mL,6,11.94,1.99,2024-10-20,50.0,1,0.32,3960,DIAGEO NORTH AMERICA INC   
79_BALLYMENA_8730,79,8730,Ruffino Orvieto Clsc,750mL,2,15.98,7.99,2024-05-22,750.0,1,1.57,1392,CONSTELLATION BRANDS INC   
37_PAETHSMOUTH_31465,37,31465,Franzia Tap Chard,5L,3,47.97,15.99,2024-03-05,5000.0,2,2.25,9815,WINE GROUP INC             
10_HORNSEY_8838,10,8838,Ch Ste Michelle Cab Svgn Col,750mL,1,12.95,12.95,2024-08-04,750.0,2,0.11,8673,STE MICHELLE WINE ESTATES  
42_BLACK HOLLOW_2640,42,2640,Michter's Small Batch Bourbn,750mL,1,44.99,44.99,2024-11-18,750.0,1,0.79,4425,MARTIGNETTI COMPANIES
71_CLARCTON_3804,71,3804,Svedka Vodka,750mL,3,29.97,9.99,2024-09-09,750.0,1,2.36,1392,CONSTELLATION BRANDS INC   
31_HORNSEY_8815,31,8815,Ch Ste Michelle Chard Colmbi,750mL,2,15.9,7.95,2024-11-07,750.0,2,0.22,8673,STE MICHELLE WINE ESTATES  
69_MOUNTMEND_17611,69,17611,True Myth Chard,750mL,1,12.99,12.99,2024-09-29,750.0,2,0.11,90047,CRUSH WINES                
10_HORNSEY_3025,10,3025,Ciroc Snap Frost Vodka,375mL,4,47.96,11.99,2024-03-18,375.0,1,1.57,3960,DIAGEO NORTH AMERICA INC   
66_EANVERNESS_23870,66,23870,Col-di-Sasso Sangiovese/Cab,750mL,1,8.99,8.99,2024-07-14,750.0,2,0.11,516,BANFI PRODUCTS CORP        
53_HILLFAR_5401,53,5401,Jagermeister Liqueur,200mL,1,5.99,5.99,2024-02-04,200.0,1,0.21,3089,SIDNEY FRANK IMPORTING CO  
56_BEGGAR'S HOLE_1379,56,1379,Jim Beam Traveler,750mL,2,28.98,14.49,2024-04-09,750.0,1,1.57,12546,JIM BEAM BRANDS COMPANY    
74_PAENTMARWY_8506,74,8506,Myers Original Dark Rum,1.75L,1,29.99,29.99,2024-06-18,1750.0,1,1.84,3960,DIAGEO NORTH AMERICA INC   
42_BLACK HOLLOW_8152,42,8152,Skinnygirl Mojito RTD,750mL,2,21.98,10.99,2024-04-23,750.0,1,1.57,12546,JIM BEAM BRANDS COMPANY    
77_TAMWORTH_22079,77,22079,C Y Toro Casa Diblo Cab Svgn,750mL,2,19.98,9.99,2024-04-03,750.0,2,0.22,516,BANFI PRODUCTS CORP        
55_DRY GULCH_6859,55,6859,C Y Toro Frontera Chard,1.5L,2,17.98,8.99,2024-01-23,1500.0,2,0.45,516,BANFI PRODUCTS CORP        
67_EANVERNESS_8111,67,8111,Smirnoff 80 Proof,50mL,15,14.85,0.99,2024-08-29,50.0,1,0.79,3960,DIAGEO NORTH AMERICA INC   
60_IRRAGIN_22339,60,22339,Heartland Spice Trader Sh/CS,750mL,2,31.98,15.99,2024-10-14,750.0,2,0.22,4425,MARTIGNETTI COMPANIES
6_GOULCREST_33149,6,33149,Alamos Ridge Malbec Mendoza,750mL,3,26.97,8.99,2024-05-15,750.0,2,0.34,3252,E & J GALLO WINERY         
71_CLARCTON_8626,71,8626,Ezra Brooks,1.75L,1,15.99,15.99,2024-07-29,1750.0,1,1.84,8352,LUXCO INC                  
63_SWORDBREAK_3326,63,3326,Jenkins Gin,1.75L,6,56.94,9.49,2024-07-14,1750.0,1,11.02,9552,M S WALKER INC             
67_EANVERNESS_34123,67,34123,Freixenet Cordon Negro Brut,187mL,1,3.99,3.99,2024-12-31,187.0,2,0.03,4425,MARTIGNETTI COMPANIES
33_HORNSEY_38370,33,38370,Oyster Bay Svgn Bl Marlboro,750mL,11,98.45,8.95,2024-08-12,750.0,2,1.24,4425,MARTIGNETTI COMPANIES
51_ABERDEEN_5342,51,5342,Grand Marnier,750mL,1,29.99,29.99,2024-11-12,750.0,1,0.79,8112,MOET HENNESSY USA INC      
50_MOUNTMEND_23259,50,23259,Vegan Vines Chard,750mL,1,8.99,8.99,2024-02-19,750.0,2,0.11,653,STATE WINE & SPIRITS   
15_WANBORNE_5891,15,5891,Ryans Irish Cream,1.75L,1,15.99,15.99,2024-02-21,1750.0,1,1.84,8004,SAZERAC CO INC             
15_WANBORNE_1956,15,1956,Balvenie 12 Yr Doublewood S,750mL,2,109.98,54.99,2024-12-04,750.0,1,1.57,3664,WILLIAM GRANT & SONS INC   
30_CULCHETH_4174,30,4174,Kraken Black Spiced Rum,1.75L,1,30.99,30.99,2024-08-27,1750.0,1,1.84,7245,PROXIMO SPIRITS INC.       
55_DRY GULCH_6349,55,6349,Glen Ellen Chard RSV,1.5L,3,20.97,6.99,2024-03-28,1500.0,2,0.68,9815,WINE GROUP INC             
38_GOULCREST_4429,38,4429,Capt Morgan Silver Spicd Rum,1.75L,1,21.99,21.99,2024-02-07,1750.0,1,1.84,3960,DIAGEO NORTH AMERICA INC   
10_HORNSEY_1398,10,1398,Blantons Sgl Barrel Bourbon,750mL,1,56.99,56.99,2024-01-29,750.0,1,0.79,8004,SAZERAC CO INC             
2_ASHBORNE_10579,2,10579,High Note Malbec Mendoza,750mL,1,11.99,11.99,2024-04-20,750.0,2,0.11,7153,PINE STATE TRADING CO      
50_MOUNTMEND_8112,50,8112,Stolichnaya,1.75L,8,199.92,24.99,2024-05-23,1750.0,1,14.7,8664,"STOLI GROUP,(USA) LLC      "
64_CESTERFIELD_3609,64,3609,Smirnoff Vanilla Vodka,50mL,10,9.9,0.99,2024-06-25,50.0,1,0.52,3960,DIAGEO NORTH AMERICA INC   
2_ASHBORNE_2100,2,2100,Canadian Regal,1.75L,1,9.99,9.99,2024-08-22,1750.0,1,1.84,9552,M S WALKER INC             
21_BALERNO_3363,21,3363,Lunazul Reposado Tequila,750mL,1,13.99,13.99,2024-11-21,750.0,1,0.79,3924,HEAVEN HILL DISTILLERIES   
37_PAETHSMOUTH_3012,37,3012,Pinnacle Vodka,50mL,2,1.98,0.99,2024-04-17,50.0,1,0.1,12546,JIM BEAM BRANDS COMPANY    
69_MOUNTMEND_22441,69,22441,Omaka Springs Svgn Bl,750mL,1,14.99,14.99,2024-06-11,750.0,2,0.11,9165,ULTRA BEVERAGE COMPANY LLP 
66_EANVERNESS_21576,66,21576,Chalk Hill Chard,750mL,1,19.99,19.99,2024-05-27,750.0,2,0.11,4425,MARTIGNETTI COMPANIES
6_GOULCREST_3306,6,3306,Hammer & Sickle Vodka,1.75L,2,79.98,39.99,2024-10-06,1750.0,1,3.67,4550,KLIN SPIRITS LLC           
19_WINTERVALE_3979,19,3979,Vesica Potato Vodka,1.75L,3,50.97,16.99,2024-09-16,1750.0,1,5.51,60,ADAMBA IMPORTS INTL INC    
66_EANVERNESS_15466,66,15466,Mirassou Moscato,750mL,1,9.99,9.99,2024-09-30,750.0,2,0.11,3252,E & J GALLO WINERY         
50_MOUNTMEND_4528,50,4528,Remy Martin XO Cognac,750mL,1,159.99,159.99,2024-09-06,750.0,1,0.79,7239,REMY COINTREAU USA INC     
9_BLACKPOOL_12775,9,12775,Joel Gott Svgn Bl,750mL,2,19.98,9.99,2024-02-25,750.0,2,0.22,8892,TRINCHERO FAMILY ESTATES   
36_LEWES_3612,36,3612,Taaka Vodka,1.75L,1,10.99,10.99,2024-04-03,1750.0,1,1.84,8004,SAZERAC CO INC             
36_LEWES_12586,36,12586,C Y Toro Frontera Malbec,1.5L,2,21.98,10.99,2024-04-15,1500.0,2,0.45,516,BANFI PRODUCTS CORP        
69_MOUNTMEND_8654,69,8654,M & R Sweet Vermouth,375mL,2,10.58,5.29,2024-08-13,375.0,2,0.11,480,BACARDI USA INC            
55_DRY GULCH_43809,55,43809,R M Woodbridge Pnt Nr,1.5L,2,27.98,13.99,2024-05-02,1500.0,2,0.45,1392,CONSTELLATION BRANDS INC   
8_ALNERWICK_508,8,508,Bacardi Superior Rum,Liter,1,15.49,15.49,2024-06-03,1000.0,1,1.05,480,BACARDI USA INC            
49_GARIGILL_3879,49,3879,Smirnoff 80 Proof Traveler,750mL,8,87.92,10.99,2024-07-29,750.0,1,6.3,3960,DIAGEO NORTH AMERICA INC   
2_ASHBORNE_4257,2,4257,Bacardi Grapefruit Rum,50mL,5,4.95,0.99,2024-07-14,50.0,1,0.26,480,BACARDI USA INC            
49_GARIGILL_35088,49,35088,Newport Vyds Great White RI,750mL,2,23.98,11.99,2024-09-16,750.0,2,0.22,7153,PINE STATE TRADING CO      
76_DONCASTER_25373,76,25373,Sella & Mosca RSV Cannonau,750mL,2,25.98,12.99,2024-09-13,750.0,2,0.22,6785,PALM BAY INTERNATIONAL INC 
10_HORNSEY_24453,10,24453,Estancia Meritage,750mL,6,155.94,25.99,2024-09-27,750.0,2,0.68,1392,CONSTELLATION BRANDS INC   
33_HORNSEY_32084,33,32084,Heidsieck Brut Monopole Epe,750mL,3,80.97,26.99,2024-12-23,750.0,2,0.34,1601,VRANKEN AMERICA            
77_TAMWORTH_37792,77,37792,Blackstone Pnt Nr Monterey,750mL,1,6.99,6.99,2024-10-15,750.0,2,0.11,1392,CONSTELLATION BRANDS INC   
56_BEGGAR'S HOLE_1748,56,1748,William Grant Scotch,750mL,1,13.99,13.99,2024-06-23,750.0,1,0.79,3664,WILLIAM GRANT & SONS INC   
30_CULCHETH_39087,30,39087,Corbett Canyon Pnt Grigio,3L,7,69.93,9.99,2024-08-28,3000.0,2,3.15,9815,WINE GROUP INC             
9_BLACKPOOL_10421,9,10421,Barefoot Moscato Cal,1.5L,1,11.99,11.99,2024-02-12,1500.0,2,0.22,3252,E & J GALLO WINERY         
68_SOLARIS_32969,68,32969,Alice White Shiraz Ausl,1.5L,3,32.97,10.99,2024-11-23,1500.0,2,0.68,1392,CONSTELLATION BRANDS INC   
33_HORNSEY_23739,33,23739,Liberty School Cab Svgn,750mL,2,23.9,11.95,2024-07-09,750.0,2,0.22,4425,MARTIGNETTI COMPANIES
50_MOUNTMEND_3534,50,3534,Milagro Silver Tequila,750mL,1,25.99,25.99,2024-11-26,750.0,1,0.79,3664,WILLIAM GRANT & SONS INC   
73_DONCASTER_32479,73,32479,Danzante Del Vnzi Pnt Grigio,750mL,2,19.98,9.99,2024-05-12,750.0,2,0.22,9165,ULTRA BEVERAGE COMPANY LLP 
72_HARDERSFIELD_5872,72,5872,Godiva Chocolate Liqueur,50mL,1,2.99,2.99,2024-09-14,50.0,1,0.05,3960,DIAGEO NORTH AMERICA INC   
32_MOUNTMEND_3020,32,3020,Pinnacle Blueberry Vodka,750mL,1,10.99,10.99,2024-02-09,750.0,1,0.79,12546,JIM BEAM BRANDS COMPANY    
15_WANBORNE_8473,15,8473,1800 Silver Tequila,1.75L,2,65.98,32.99,2024-04-23,1750.0,1,3.67,7245,PROXIMO SPIRITS INC.       
7_STANMORE_8513,7,8513,Baileys Irish Cream Mini's 4,100mL 4 Pk,6,53.94,8.99,2024-12-04,100.0,1,0.63,3960,DIAGEO NORTH AMERICA INC   
79_BALLYMENA_29433,79,29433,Clos du Val Carneros Chard,750mL,1,19.99,19.99,2024-08-20,750.0,2,0.11,4425,MARTIGNETTI COMPANIES
46_TYWARDREATH_5219,46,5219,Sambuca Romana Black,750mL,1,19.99,19.99,2024-05-19,750.0,1,0.79,3960,DIAGEO NORTH AMERICA INC   
64_CESTERFIELD_8498,64,8498,R M Woodbridge Svgn Bl Cal,1.5L,1,8.99,8.99,2024-12-30,1500.0,2,0.22,1392,CONSTELLATION BRANDS INC   
32_MOUNTMEND_5153,32,5153,Fireball Cinn Whisky Trav,750mL,1,15.99,15.99,2024-09-24,750.0,1,0.79,8004,SAZERAC CO INC             
78_EASTHAVEN_4265,78,4265,Capt Morgan Spiced Rum,375mL,1,10.99,10.99,2024-12-12,375.0,1,0.39,3960,DIAGEO NORTH AMERICA INC   
72_HARDERSFIELD_3154,72,3154,New Amsterdam Peach Vodka,750mL,1,10.99,10.99,2024-11-04,750.0,1,0.79,3252,E & J GALLO WINERY         
69_MOUNTMEND_3352,69,3352,Ciroc Coconut Vodka,750mL,12,299.88,24.99,2024-04-30,750.0,1,9.45,3960,DIAGEO NORTH AMERICA INC   
26_KNIFE'S EDGE_2792,26,2792,Jim Beam Apple,50mL,8,7.92,0.99,2024-05-14,50.0,1,0.42,12546,JIM BEAM BRANDS COMPANY    
60_IRRAGIN_36383,60,36383,F Coppola Sofia Bl de Bl,750mL,3,44.97,14.99,2024-05-21,750.0,2,0.34,2000,SOUTHERN WINE & SPIRITS NE 
79_BALLYMENA_12479,79,12479,Geyser Peak Cab Svgn,750mL,1,13.99,13.99,2024-07-18,750.0,2,0.11,2000,SOUTHERN WINE & SPIRITS NE 
20_BREDWARDINE_6682,20,6682,R M Woodbridge Chard Cal,1.5L,4,55.96,13.99,2024-05-03,1500.0,2,0.9,1392,CONSTELLATION BRANDS INC   
38_GOULCREST_2445,38,2445,Seagrams VO,750mL,1,11.99,11.99,2024-02-17,750.0,1,0.79,3960,DIAGEO NORTH AMERICA INC   
66_EANVERNESS_5539,66,5539,DeKuyper Hot Damn 100*,750mL,2,25.98,12.99,2024-05-23,750.0,1,1.57,12546,JIM BEAM BRANDS COMPANY    
72_HARDERSFIELD_3512,72,3512,Pinnacle Vodka,1.75L,12,191.88,15.99,2024-09-25,1750.0,1,22.05,12546,JIM BEAM BRANDS COMPANY    
75_BARNCOMBE_33210,75,33210,Sycamore Lane Cab Svgn Cal,1.5L,1,8.49,8.49,2024-02-19,1500.0,2,0.22,8892,TRINCHERO FAMILY ESTATES   
41_LARNWICK_6249,41,6249,Rodney Strong Chard,750mL,2,31.98,15.99,2024-05-06,750.0,2,0.22,4425,MARTIGNETTI COMPANIES
74_PAENTMARWY_43808,74,43808,R M Woodbridge Pnt Nr Cal,750mL,9,44.55,4.95,2024-09-18,750.0,2,1.01,1392,CONSTELLATION BRANDS INC   
21_BALERNO_18593,21,18593,Barefoot Bubbly Red Moscato,750mL,1,9.99,9.99,2024-05-15,750.0,2,0.11,3252,E & J GALLO WINERY         
56_BEGGAR'S HOLE_1376,56,1376,Jim Beam,1.75L,13,298.87,22.99,2024-08-04,1750.0,1,23.89,12546,JIM BEAM BRANDS COMPANY    
73_DONCASTER_5828,73,5828,Ryans Irish Cream,750mL,5,44.95,8.99,2024-12-11,750.0,1,3.94,8004,SAZERAC CO INC             
72_HARDERSFIELD_16261,72,16261,The Dreaming Tree CC Chard,750mL,1,12.99,12.99,2024-07-18,750.0,2,0.11,1392,CONSTELLATION BRANDS INC   
76_DONCASTER_3545,76,3545,Ketel One Vodka,1.75L,44,1407.56,31.99,2024-08-14,1750.0,1,80.85,3960,DIAGEO NORTH AMERICA INC   
16_LUNDY_5096,16,5096,DeKuyper Peachtree Schnapps,750mL,1,9.99,9.99,2024-03-11,750.0,1,0.79,12546,JIM BEAM BRANDS COMPANY    
73_DONCASTER_27064,73,27064,A Bichot Morey St Denis 14 S,750mL,1,72.99,72.99,2024-08-27,750.0,2,0.11,9165,ULTRA BEVERAGE COMPANY LLP 
46_TYWARDREATH_4145,46,4145,Don Q Cristal Rum,1.75L,1,16.99,16.99,2024-03-28,1750.0,1,1.84,98450,Serralles Usa LLC          
55_DRY GULCH_17297,55,17297,Clos du Bois Rouge,750mL,1,8.99,8.99,2024-11-19,750.0,2,0.11,1392,CONSTELLATION BRANDS INC   
10_HORNSEY_2246,10,2246,Speyburn Brandan Orach,750mL,1,18.99,18.99,2024-07-08,750.0,1,0.79,8004,SAZERAC CO INC             
31_HORNSEY_4195,31,4195,Calico Jack Spiced Rum No 94,750mL,1,10.99,10.99,2024-05-29,750.0,1,0.79,12546,JIM BEAM BRANDS COMPANY    
77_TAMWORTH_41711,77,41711,Fish Eye Cab Svgn,750mL,3,17.97,5.99,2024-12-23,750.0,2,0.34,9815,WINE GROUP INC             
8_ALNERWICK_5801,8,5801,Dr McGillicuddy's Peppermint,50mL,2,1.98,0.99,2024-11-06,50.0,1,0.1,8004,SAZERAC CO INC             
50_MOUNTMEND_24933,50,24933,Lancaster Est Cab Svgn,750mL,1,39.99,39.99,2024-05-10,750.0,2,0.11,4425,MARTIGNETTI COMPANIES
8_ALNERWICK_3684,8,3684,Fleischmanns Royal Vodka,1.75L,12,119.88,9.99,2024-05-15,1750.0,1,22.05,660,SAZERAC NORTH AMERICA INC. 
38_GOULCREST_15859,38,15859,Roland Lavantureux Chablis,750mL,1,27.99,27.99,2024-07-17,750.0,2,0.11,4425,MARTIGNETTI COMPANIES
66_EANVERNESS_8726,66,8726,Baileys Irish Cream,50mL,1,1.99,1.99,2024-02-15,50.0,1,0.05,3960,DIAGEO NORTH AMERICA INC   
76_DONCASTER_25704,76,25704,Murphy-Goode Chard Sonoma,750mL,1,12.99,12.99,2024-07-25,750.0,2,0.11,9552,M S WALKER INC             
64_CESTERFIELD_15428,64,15428,Ruffino Prosecco Sparkling,750mL,1,14.99,14.99,2024-06-24,750.0,2,0.11,1392,CONSTELLATION BRANDS INC   
33_HORNSEY_32907,33,32907,Sterling Vintners Cltn Chard,750mL,2,17.98,8.99,2024-02-01,750.0,2,0.22,1590,DIAGEO CHATEAU ESTATE WINES
40_BULLMAR_8628,40,8628,Jadot Macon Villages Blanc,750mL,2,23.98,11.99,2024-08-06,750.0,2,0.22,4692,KOBRAND CORPORATION        
47_PELLA'S WISH_1378,47,1378,Jim Beam,375mL,1,9.49,9.49,2024-07-06,375.0,1,0.39,12546,JIM BEAM BRANDS COMPANY    
62_KILMARNOCK_3726,62,3726,Gilbeys Vodka Traveler,750mL,2,9.98,4.99,2024-07-08,750.0,1,1.57,12546,JIM BEAM BRANDS COMPANY    
55_DRY GULCH_3238,55,3238,Hendrick's Gin,750mL,1,33.99,33.99,2024-02-06,750.0,1,0.79,3664,WILLIAM GRANT & SONS INC   
10_HORNSEY_3390,10,3390,Cold River Blueberry Vodka,750mL,1,34.99,34.99,2024-07-01,750.0,1,0.79,4425,MARTIGNETTI COMPANIES
20_BREDWARDINE_3038,20,3038,Zhenka Raspberry Vodka,1.75L,3,26.97,8.99,2024-09-16,1750.0,1,5.51,9552,M S WALKER INC             
54_GUTHRAM_14701,54,14701,Cupcake Red Velvet,750mL,1,6.99,6.99,2024-11-06,750.0,2,0.11,9815,WINE GROUP INC             
76_DONCASTER_1883,76,1883,Seagrams 7 Crown,1.75L,3,53.97,17.99,2024-04-02,1750.0,1,5.51,3960,DIAGEO NORTH AMERICA INC   
64_CESTERFIELD_2609,64,2609,Pigs Nose Scotch,750mL,1,25.99,25.99,2024-02-06,750.0,1,0.79,9744,FREDERICK WILDMAN & SONS   
76_DONCASTER_4264,76,4264,Capt Morgan Spiced Rum Trav,750mL,3,50.97,16.99,2024-03-05,750.0,1,2.36,3960,DIAGEO NORTH AMERICA INC   
66_EANVERNESS_749,66,749,Stolichnaya Hot Vodka,750mL,4,39.96,9.99,2024-11-21,750.0,1,3.15,8664,"STOLI GROUP,(USA) LLC      "
24_PALPERROTH_3808,24,3808,Three Olives Vodka,750mL,1,12.99,12.99,2024-11-26,750.0,1,0.79,7245,PROXIMO SPIRITS INC.       
61_AETHELNEY_8339,61,8339,The Glenlivet 12 Yr Single,750mL,1,43.99,43.99,2024-05-07,750.0,1,0.79,17035,PERNOD RICARD USA          
2_ASHBORNE_1379,2,1379,Jim Beam Traveler,750mL,2,28.98,14.49,2024-02-15,750.0,1,1.57,12546,JIM BEAM BRANDS COMPANY    
20_BREDWARDINE_14975,20,14975,Cavit Moscato,750mL,2,17.98,8.99,2024-09-11,750.0,2,0.22,6785,PALM BAY INTERNATIONAL INC 
60_IRRAGIN_8910,60,8910,Finlandia Vodka,50mL,5,4.95,0.99,2024-03-01,50.0,1,0.26,1128,BROWN-FORMAN CORP          
78_EASTHAVEN_5342,78,5342,Grand Marnier,750mL,2,59.98,29.99,2024-10-29,750.0,1,1.57,8112,MOET HENNESSY USA INC      
79_BALLYMENA_25269,79,25269,R Mondavi Cab Svgn Pvt Sel,750mL,2,13.96,6.98,2024-10-14,750.0,2,0.22,1392,CONSTELLATION BRANDS INC   
10_HORNSEY_1346,10,1346,Knob Creek Bourbon,750mL,1,30.99,30.99,2024-03-01,750.0,1,0.79,12546,JIM BEAM BRANDS COMPANY    
37_PAETHSMOUTH_2196,37,2196,Canadian Hunter Whiskey,1.75L,2,23.98,11.99,2024-11-05,1750.0,1,3.67,8004,SAZERAC CO INC             
15_WANBORNE_19329,15,19329,Ca Del Monte Amarone Red,750mL,1,45.99,45.99,2024-11-22,750.0,2,0.11,10754,PERFECTA WINES             
22_SHARNWICK_2760,22,2760,Jack Daniels Tennessee Honey,1.75L,1,38.99,38.99,2024-05-07,1750.0,1,1.84,1128,BROWN-FORMAN CORP          
6_GOULCREST_5096,6,5096,DeKuyper Peachtree Schnapps,750mL,3,29.97,9.99,2024-03-09,750.0,1,2.36,12546,JIM BEAM BRANDS COMPANY    
41_LARNWICK_3314,41,3314,El Jimador Blanco Tequila,1.75L,1,29.99,29.99,2024-05-30,1750.0,1,1.84,1128,BROWN-FORMAN CORP          
76_DONCASTER_8677,76,8677,Wild Turkey Rare Breed,750mL,1,35.99,35.99,2024-06-24,750.0,1,0.79,11567,CAMPARI AMERICA            
9_BLACKPOOL_3238,9,3238,Hendrick's Gin,750mL,1,29.99,29.99,2024-01-01,750.0,1,0.79,3664,WILLIAM GRANT & SONS INC   
70_KELD_4141,70,4141,Wild Turkey American Honey,50mL,1,0.99,0.99,2024-10-09,50.0,1,0.05,11567,CAMPARI AMERICA            
68_SOLARIS_443,68,443,St Germain Liqueur,750mL,1,33.99,33.99,2024-02-13,750.0,1,0.79,480,BACARDI USA INC            
10_HORNSEY_3487,10,3487,Stolichnaya Blueberi,750mL,1,16.99,16.99,2024-12-31,750.0,1,0.79,8664,"STOLI GROUP,(USA) LLC      "
67_EANVERNESS_32968,67,32968,Alice White Chard Ausl,1.5L,1,13.99,13.99,2024-10-18,1500.0,2,0.22,1392,CONSTELLATION BRANDS INC   
33_HORNSEY_6183,33,6183,Clos du Bois Svgn Bl N Cst,750mL,1,8.99,8.99,2024-11-26,750.0,2,0.11,1392,CONSTELLATION BRANDS INC   
49_GARIGILL_3913,49,3913,Svedka Vodka,1.75L,4,75.96,18.99,2024-03-31,1750.0,1,7.35,1392,CONSTELLATION BRANDS INC   
9_BLACKPOOL_3827,9,3827,Popov Vodka,1.75L,1,12.99,12.99,2024-05-17,1750.0,1,1.84,3960,DIAGEO NORTH AMERICA INC   
57_LANTEGLOS_8778,57,8778,Bulleit Bourbon,1.75L,1,47.99,47.99,2024-05-21,1750.0,1,1.84,3960,DIAGEO NORTH AMERICA INC   
66_EANVERNESS_8877,66,8877,Latour Beaujolais Villages,750mL,2,31.98,15.99,2024-02-25,750.0,2,0.22,9552,M S WALKER INC             
54_GUTHRAM_4370,54,4370,Ron Virgin White,1.75L,1,12.99,12.99,2024-06-21,1750.0,1,1.84,9552,M S WALKER INC             
37_PAETHSMOUTH_6725,37,6725,Franzia Crisp White Tap,5L,1,12.99,12.99,2024-10-03,5000.0,2,0.75,9815,WINE GROUP INC             
41_LARNWICK_5348,41,5348,St Brendans Irish Cream,750mL,1,13.99,13.99,2024-05-22,750.0,1,0.79,8352,LUXCO INC                  
64_CESTERFIELD_3486,64,3486,Tanqueray,375mL,1,12.99,12.99,2024-08-08,375.0,1,0.39,3960,DIAGEO NORTH AMERICA INC   
47_PELLA'S WISH_6876,47,6876,Sutter Home Clsc Chard,187mL 4 Pk,1,5.99,5.99,2024-08-13,187.0,2,0.03,8892,TRINCHERO FAMILY ESTATES   
1_HARDERSFIELD_5270,1,5270,Southern Comfort,50mL,2,3.98,1.99,2024-06-03,50.0,1,0.1,1128,BROWN-FORMAN CORP          
2_ASHBORNE_3709,2,3709,Aslanoff Vodka,1.75L,1,13.99,13.99,2024-09-26,1750.0,1,1.84,2496,DUGGANS DISTILLED PRODUCTS 
60_IRRAGIN_3998,60,3998,Monte Alban Mezcal,750mL,2,29.98,14.99,2024-02-12,750.0,1,1.57,660,SAZERAC NORTH AMERICA INC. 
15_WANBORNE_7716,15,7716,Andre Brut,750mL,3,17.97,5.99,2024-07-27,750.0,2,0.34,3252,E & J GALLO WINERY         
38_GOULCREST_11367,38,11367,Two Oceans WstrnCape Svgn Bl,750mL,2,17.98,8.99,2024-06-02,750.0,2,0.22,9165,ULTRA BEVERAGE COMPANY LLP 
74_PAENTMARWY_15889,74,15889,R M Woodbridge Malbec,1.5L,1,13.99,13.99,2024-09-23,1500.0,2,0.22,1392,CONSTELLATION BRANDS INC   
51_ABERDEEN_3385,51,3385,Pinnacle Strawbry Kiwi Vodka,1.75L,1,16.99,16.99,2024-09-16,1750.0,1,1.84,12546,JIM BEAM BRANDS COMPANY    
33_HORNSEY_32749,33,32749,Brancott Svgn Bl Marlboro,750mL,1,9.99,9.99,2024-12-06,750.0,2,0.11,17035,PERNOD RICARD USA          
15_WANBORNE_485,15,485,Seagrams 7 Crown,Liter,3,38.97,12.99,2024-01-27,1000.0,1,3.15,3960,DIAGEO NORTH AMERICA INC   
8_ALNERWICK_24840,8,24840,Honig Svgn Bl Napa,750mL,1,15.99,15.99,2024-11-09,750.0,2,0.11,7153,PINE STATE TRADING CO      
76_DONCASTER_17432,76,17432,Predator Old Vine Znfdl Lodi,750mL,1,14.99,14.99,2024-06-26,750.0,2,0.11,4425,MARTIGNETTI COMPANIES
10_HORNSEY_5858,10,5858,Ole Smoky Apple Pie Moonshin,50mL,5,9.95,1.99,2024-06-05,50.0,1,0.26,6359,OLE SMOKY DISTILLERY LLC   
37_PAETHSMOUTH_8068,37,8068,Absolut 80 Proof,1.75L,2,46.98,23.49,2024-11-01,1750.0,1,3.67,17035,PERNOD RICARD USA          
35_HALIVAARA_24188,35,24188,St Francis Cab Svgn Sonoma,750mL,1,15.99,15.99,2024-02-19,750.0,2,0.11,4692,KOBRAND CORPORATION        
17_OLDHAM_3545,17,3545,Ketel One Vodka,1.75L,2,59.98,29.99,2024-12-31,1750.0,1,3.67,3960,DIAGEO NORTH AMERICA INC   
78_EASTHAVEN_2645,78,2645,Chivas Regal,750mL,1,31.99,31.99,2024-02-11,750.0,1,0.79,17035,PERNOD RICARD USA          
30_CULCHETH_8737,30,8737,Freixenet Cordon Negro Brut,750mL,3,32.97,10.99,2024-04-02,750.0,2,0.34,4425,MARTIGNETTI COMPANIES
35_HALIVAARA_5491,35,5491,Rumpleminze,50mL,7,13.93,1.99,2024-11-05,50.0,1,0.37,3960,DIAGEO NORTH AMERICA INC   
32_MOUNTMEND_4241,32,4241,Capt Morgan Spiced Rum,50mL,7,13.93,1.99,2024-04-30,50.0,1,0.37,3960,DIAGEO NORTH AMERICA INC   
7_STANMORE_3780,7,3780,Three Olives Raspberry Vodk,750mL,1,12.99,12.99,2024-06-28,750.0,1,0.79,7245,PROXIMO SPIRITS INC.       
50_MOUNTMEND_8450,50,8450,E & J Brandy VS,1.75L,2,39.98,19.99,2024-09-10,1750.0,1,3.67,3252,E & J GALLO WINERY         
69_MOUNTMEND_1921,69,1921,Glenfiddich Special Rsv 12,1.75L,5,349.95,69.99,2024-10-08,1750.0,1,9.19,3664,WILLIAM GRANT & SONS INC   
69_MOUNTMEND_2879,69,2879,Corner Creek Rsv Bourbon,750mL,1,29.99,29.99,2024-01-11,750.0,1,0.79,4425,MARTIGNETTI COMPANIES
9_BLACKPOOL_4897,9,4897,Remy Martin VSOP Cognac,50mL,1,4.49,4.49,2024-07-08,50.0,1,0.05,7239,REMY COINTREAU USA INC     
60_IRRAGIN_3257,60,3257,Gilbeys London Dry Trav,750mL,1,5.99,5.99,2024-06-12,750.0,1,0.79,12546,JIM BEAM BRANDS COMPANY    
66_EANVERNESS_10957,66,10957,Seaglass Svgn Bl Snt Barbara,750mL,3,26.97,8.99,2024-08-05,750.0,2,0.34,8892,TRINCHERO FAMILY ESTATES   
10_HORNSEY_8236,10,8236,Jim Beam,50mL,7,10.43,1.49,2024-02-16,50.0,1,0.37,12546,JIM BEAM BRANDS COMPANY    
14_BROMWICH_3630,14,3630,Stolichnaya Razberi,1.75L,1,26.99,26.99,2024-03-12,1750.0,1,1.84,8664,"STOLI GROUP,(USA) LLC      "
20_BREDWARDINE_14439,20,14439,Barefoot Sweet Red,750mL,1,6.29,6.29,2024-05-24,750.0,2,0.11,3252,E & J GALLO WINERY         
30_CULCHETH_26275,30,26275,Fathom Merlot 13,750mL,2,25.98,12.99,2024-11-14,750.0,2,0.22,9165,ULTRA BEVERAGE COMPANY LLP 
33_HORNSEY_4157,33,4157,Smirnoff Green Apple Vodka,50mL,11,10.89,0.99,2024-03-18,50.0,1,0.58,3960,DIAGEO NORTH AMERICA INC   
23_ARBINGTON_21609,23,21609,Josh Cellars Legacy Red,750mL,1,15.99,15.99,2024-04-29,750.0,2,0.11,4425,MARTIGNETTI COMPANIES
21_BALERNO_15892,21,15892,Red Guitar Sangria,750mL,1,5.99,5.99,2024-04-30,750.0,2,0.11,1392,CONSTELLATION BRANDS INC   
49_GARIGILL_1385,49,1385,Makers Mark,750mL,2,49.98,24.99,2024-11-25,750.0,1,1.57,12546,JIM BEAM BRANDS COMPANY    
41_LARNWICK_3682,41,3682,Belvedere Vodka,750mL,1,26.99,26.99,2024-01-30,750.0,1,0.79,8112,MOET HENNESSY USA INC      
21_BALERNO_4670,21,4670,Bacardi Dragon Berry Rum,375mL,1,5.99,5.99,2024-04-13,375.0,1,0.39,480,BACARDI USA INC            
11_CARDEND_25539,11,25539,Three Knights Svgn Bl,750mL,3,29.97,9.99,2024-06-17,750.0,2,0.34,653,STATE WINE & SPIRITS   
42_BLACK HOLLOW_8200,42,8200,Chambord Liqueur de France,50mL,1,2.99,2.99,2024-12-28,50.0,1,0.05,1128,BROWN-FORMAN CORP          
20_BREDWARDINE_249,20,249,Massenez Creme de Cassis,750mL,1,21.99,21.99,2024-12-24,750.0,1,0.79,9552,M S WALKER INC             
71_CLARCTON_44038,71,44038,Barefoot Pnt Grigio Cal,1.5L,1,10.99,10.99,2024-05-13,1500.0,2,0.22,3252,E & J GALLO WINERY         
49_GARIGILL_34460,49,34460,Dr Loosen Rsl 'Dr L' M,750mL,5,64.95,12.99,2024-04-24,750.0,2,0.56,4425,MARTIGNETTI COMPANIES
56_BEGGAR'S HOLE_38850,56,38850,Ravenswood Vntrs Bl Cab Svgn,750mL,6,40.74,6.79,2024-10-02,750.0,2,0.68,1392,CONSTELLATION BRANDS INC   
51_ABERDEEN_4111,51,4111,Bird Dog Strawberry Whiskey,50mL,26,25.74,0.99,2024-09-22,50.0,1,1.36,9625,WESTERN SPIRITS BEVERAGE CO
28_LARNWICK_3683,28,3683,Stolichnaya Ohranj,750mL,2,39.98,19.99,2024-10-30,750.0,1,1.57,8664,"STOLI GROUP,(USA) LLC      "
41_LARNWICK_6572,41,6572,Ch Greysac,750mL,6,101.94,16.99,2024-12-28,750.0,2,0.68,6785,PALM BAY INTERNATIONAL INC 
61_AETHELNEY_8421,61,8421,Beringer Classic Wh Znfdl,750mL,1,4.99,4.99,2024-06-18,750.0,2,0.11,9819,TREASURY WINE ESTATES      
67_EANVERNESS_9256,67,9256,Don Ramon Silver Tequila,750mL,1,32.99,32.99,2024-09-10,750.0,1,0.79,9165,ULTRA BEVERAGE COMPANY LLP 
27_MOUNTMEND_2672,27,2672,Dewars White Label,50mL,3,6.87,2.29,2024-04-07,50.0,1,0.16,480,BACARDI USA INC            
42_BLACK HOLLOW_1595,42,1595,Gentleman Jack,375mL,1,15.99,15.99,2024-09-23,375.0,1,0.39,1128,BROWN-FORMAN CORP          
30_CULCHETH_4478,30,4478,Myers Original Dark Rum,750mL,2,35.98,17.99,2024-07-11,750.0,1,1.57,3960,DIAGEO NORTH AMERICA INC   
79_BALLYMENA_3660,79,3660,Deep Eddy Ruby Red Vodka,1.75L,1,24.99,24.99,2024-11-04,1750.0,1,1.84,3924,HEAVEN HILL DISTILLERIES   
6_GOULCREST_41713,6,41713,Fish Eye Merlot,750mL,1,4.99,4.99,2024-01-31,750.0,2,0.11,9815,WINE GROUP INC             
73_DONCASTER_3658,73,3658,Patron Anejo Tequila,750mL,1,58.99,58.99,2024-08-09,750.0,1,0.79,9165,ULTRA BEVERAGE COMPANY LLP 
50_MOUNTMEND_2432,50,2432,Crown Royal,750mL,15,344.85,22.99,2024-12-24,750.0,1,11.81,3960,DIAGEO NORTH AMERICA INC   
76_DONCASTER_2646,76,2646,Chivas Regal,1.75L,2,109.98,54.99,2024-05-07,1750.0,1,3.67,17035,PERNOD RICARD USA          
34_PITMERDEN_1962,34,1962,Jim Beam Apple,750mL,2,29.98,14.99,2024-05-02,750.0,1,1.57,12546,JIM BEAM BRANDS COMPANY    
31_HORNSEY_4291,31,4291,Ronrico Gold,1.75L,1,12.99,12.99,2024-01-27,1750.0,1,1.84,12546,JIM BEAM BRANDS COMPANY    
74_PAENTMARWY_24325,74,24325,La Crema Chard Sonoma Cst,750mL,1,15.99,15.99,2024-07-25,750.0,2,0.11,10000,MAJESTIC FINE WINES        
63_SWORDBREAK_4089,63,4089,Capt Morgan White,1.75L,1,19.99,19.99,2024-04-18,1750.0,1,1.84,3960,DIAGEO NORTH AMERICA INC   
34_PITMERDEN_8254,34,8254,Mateus Rose,1.5L,1,14.49,14.49,2024-11-25,1500.0,2,0.22,7153,PINE STATE TRADING CO      
40_BULLMAR_35412,40,35412,Yellow Tail Chard Ausl,1.5L,2,17.9,8.95,2024-06-12,1500.0,2,0.45,4425,MARTIGNETTI COMPANIES
11_CARDEND_32084,11,32084,Heidsieck Brut Monopole Epe,750mL,1,29.99,29.99,2024-07-26,750.0,2,0.11,1601,VRANKEN AMERICA            
24_PALPERROTH_3502,24,3502,Pinnacle Vodka,750mL,1,10.99,10.99,2024-11-13,750.0,1,0.79,12546,JIM BEAM BRANDS COMPANY    
29_AYLESBURY_41034,29,41034,Menage a Trois Red,750mL,1,7.99,7.99,2024-04-23,750.0,2,0.11,8892,TRINCHERO FAMILY ESTATES   
7_STANMORE_46379,7,46379,Ghost Pine Cab Svgn LMartini,750mL,6,89.94,14.99,2024-03-26,750.0,2,0.68,3252,E & J GALLO WINERY         
59_CLAETHORPES_3214,59,3214,Ciroc Mango Vodka,750mL,1,24.99,24.99,2024-12-17,750.0,1,0.79,3960,DIAGEO NORTH AMERICA INC   
38_GOULCREST_2015,38,2015,Jack Daniels Tennessee Honey,750mL,6,137.94,22.99,2024-11-19,750.0,1,4.72,1128,BROWN-FORMAN CORP          
39_EASTHALLOW_31915,39,31915,F Coppola Diamond Chard,750mL,1,9.95,9.95,2024-02-10,750.0,2,0.11,2000,SOUTHERN WINE & SPIRITS NE 
78_EASTHAVEN_1385,78,1385,Makers Mark,750mL,1,27.99,27.99,2024-07-17,750.0,1,0.79,12546,JIM BEAM BRANDS COMPANY    
26_KNIFE'S EDGE_2432,26,2432,Crown Royal,750mL,1,26.99,26.99,2024-08-09,750.0,1,0.79,3960,DIAGEO NORTH AMERICA INC   
66_EANVERNESS_41537,66,41537,Mer Soleil Chard Central Cst,750mL,3,83.97,27.99,2024-12-23,750.0,2,0.34,4425,MARTIGNETTI COMPANIES
41_LARNWICK_25236,41,25236,Horseshoes & Handgrenades Re,750mL,1,14.99,14.99,2024-06-25,750.0,2,0.11,90047,CRUSH WINES                
41_LARNWICK_2663,41,2663,Dewars White Label,1.75L,7,279.93,39.99,2024-03-23,1750.0,1,12.86,480,BACARDI USA INC            
38_GOULCREST_26016,38,26016,Kuleto Native Son Napa Red,750mL,4,55.96,13.99,2024-11-05,750.0,2,0.45,4425,MARTIGNETTI COMPANIES
2_ASHBORNE_8680,2,8680,Crown Royal,1.75L,1,41.99,41.99,2024-02-22,1750.0,1,1.84,3960,DIAGEO NORTH AMERICA INC   
15_WANBORNE_3727,15,3727,Absolut Citron,50mL,1,1.99,1.99,2024-05-23,50.0,1,0.05,17035,PERNOD RICARD USA          
6_GOULCREST_3808,6,3808,Three Olives Vodka,750mL,1,14.99,14.99,2024-09-16,750.0,1,0.79,7245,PROXIMO SPIRITS INC.       
49_GARIGILL_7865,49,7865,Moet & Chandon Imperial,750mL,1,34.99,34.99,2024-09-05,750.0,2,0.11,8112,MOET HENNESSY USA INC      
34_PITMERDEN_2436,34,2436,Crown Royal,375mL,2,29.98,14.99,2024-07-26,375.0,1,0.79,3960,DIAGEO NORTH AMERICA INC   
23_ARBINGTON_3609,23,3609,Smirnoff Vanilla Vodka,50mL,3,2.97,0.99,2024-04-09,50.0,1,0.16,3960,DIAGEO NORTH AMERICA INC   
26_KNIFE'S EDGE_41546,26,41546,Monkey Bay Svgn Bl,750mL,1,7.99,7.99,2024-10-19,750.0,2,0.11,1392,CONSTELLATION BRANDS INC   
62_KILMARNOCK_3221,62,3221,Pinnacle Raspberry Vodka,750mL,1,9.99,9.99,2024-04-18,750.0,1,0.79,12546,JIM BEAM BRANDS COMPANY    
61_AETHELNEY_6479,61,6479,Clos du Bois Chard,750mL,3,26.97,8.99,2024-07-18,750.0,2,0.34,1392,CONSTELLATION BRANDS INC   
60_IRRAGIN_45322,60,45322,Zabrin de Fuego Garnacha,750mL,2,17.98,8.99,2024-02-16,750.0,2,0.22,9552,M S WALKER INC             
2_ASHBORNE_6570,2,6570,Kendall Jackson Chard Vt RSV,750mL,4,47.96,11.99,2024-10-29,750.0,2,0.45,10000,MAJESTIC FINE WINES        
49_GARIGILL_29169,49,29169,Franzia Tap Merlot,5L,1,15.99,15.99,2024-12-04,5000.0,2,0.75,9815,WINE GROUP INC             
35_HALIVAARA_4227,35,4227,Bacardi Superior Rum Trav,1.75L,1,17.99,17.99,2024-02-24,1750.0,1,1.84,480,BACARDI USA INC            
37_PAETHSMOUTH_2116,37,2116,Sapling Maple Bourbon,750mL,1,40.99,40.99,2024-11-19,750.0,1,0.79,9165,ULTRA BEVERAGE COMPANY LLP 
74_PAENTMARWY_3104,74,3104,Smirnoff Whipped Cream,750mL,2,21.98,10.99,2024-10-29,750.0,1,1.57,3960,DIAGEO NORTH AMERICA INC   
34_PITMERDEN_3039,34,3039,Stoli Salted Karamel,750mL,3,50.97,16.99,2024-09-30,750.0,1,2.36,8664,"STOLI GROUP,(USA) LLC      "
15_WANBORNE_19000,15,19000,L'Ardi Dolcetto D'Acqui,750mL,1,12.99,12.99,2024-07-06,750.0,2,0.11,516,BANFI PRODUCTS CORP        
56_BEGGAR'S HOLE_6270,56,6270,Shady Fruit Valencia Orange,50mL,2,1.98,0.99,2024-03-29,50.0,1,0.1,3960,DIAGEO NORTH AMERICA INC   
10_HORNSEY_859,10,859,Beefeater Gin,Liter,1,22.99,22.99,2024-05-11,1000.0,1,1.05,17035,PERNOD RICARD USA          
8_ALNERWICK_8450,8,8450,E & J Brandy VS,1.75L,1,19.99,19.99,2024-05-27,1750.0,1,1.84,3252,E & J GALLO WINERY         
32_MOUNTMEND_6855,32,6855,Midnight Moon Apple Pie,750mL,1,19.99,19.99,2024-11-19,750.0,1,0.79,9165,ULTRA BEVERAGE COMPANY LLP 
32_MOUNTMEND_3236,32,3236,Pinnacle Pecan Pie,750mL,1,9.49,9.49,2024-02-07,750.0,1,0.79,12546,JIM BEAM BRANDS COMPANY    
38_GOULCREST_10421,38,10421,Barefoot Moscato Cal,1.5L,2,23.98,11.99,2024-08-07,1500.0,2,0.45,3252,E & J GALLO WINERY         
11_CARDEND_26732,11,26732,Bonterra Cab Svgn Organic,750mL,2,27.98,13.99,2024-01-30,750.0,2,0.22,9165,ULTRA BEVERAGE COMPANY LLP 
73_DONCASTER_13661,73,13661,Duckhorn Decoy Pnt Nr,750mL,1,19.99,19.99,2024-02-11,750.0,2,0.11,4425,MARTIGNETTI COMPANIES
50_MOUNTMEND_14363,50,14363,Educated Guess Cab Svgn Napa,750mL,1,20.99,20.99,2024-01-28,750.0,2,0.11,4425,MARTIGNETTI COMPANIES
74_PAENTMARWY_31909,74,31909,Catena Lunlunta Malbec Argn,750mL,1,18.99,18.99,2024-10-10,750.0,2,0.11,9552,M S WALKER INC             
15_WANBORNE_1766,15,1766,Duggans Dew O Kirkintilloch,50mL,2,1.98,0.99,2024-08-31,50.0,1,0.1,2496,DUGGANS DISTILLED PRODUCTS 
7_STANMORE_5401,7,5401,Jagermeister Liqueur,200mL,2,11.98,5.99,2024-10-21,200.0,1,0.42,3089,SIDNEY FRANK IMPORTING CO  
10_HORNSEY_1770,10,1770,Jack Daniels Tennessee Fire,1.75L,1,38.99,38.99,2024-01-28,1750.0,1,1.84,1128,BROWN-FORMAN CORP          
67_EANVERNESS_25588,67,25588,High Valley Znfdl,750mL,1,13.99,13.99,2024-09-24,750.0,2,0.11,2000,SOUTHERN WINE & SPIRITS NE 
6_GOULCREST_32263,6,32263,Lindemans Bin 65 Chard,1.5L,1,8.95,8.95,2024-10-17,1500.0,2,0.22,4425,MARTIGNETTI COMPANIES
65_LUTON_4241,65,4241,Capt Morgan Spiced Rum,50mL,3,5.97,1.99,2024-01-01,50.0,1,0.16,3960,DIAGEO NORTH AMERICA INC   
44_PORTHCRAWL_3246,44,3246,Bentley's Vodka,1.75L,1,8.79,8.79,2024-11-12,1750.0,1,1.84,8004,SAZERAC CO INC             
39_EASTHALLOW_8232,39,8232,Riunite Lambrusco,1.5L,2,15.98,7.99,2024-03-11,1500.0,2,0.45,516,BANFI PRODUCTS CORP        
49_GARIGILL_31524,49,31524,Rosemount Pnt Nr Ausl,750mL,1,9.99,9.99,2024-01-14,750.0,2,0.11,4425,MARTIGNETTI COMPANIES
41_LARNWICK_3050,41,3050,Bowman Vodka,1.75L,1,8.99,8.99,2024-06-05,1750.0,1,1.84,8004,SAZERAC CO INC             
15_WANBORNE_40097,15,40097,Black Box Chard,3L,2,37.98,18.99,2024-05-07,3000.0,2,0.9,1392,CONSTELLATION BRANDS INC   
10_HORNSEY_46447,10,46447,Gascon Malbec Mendoza,750mL,1,11.99,11.99,2024-11-08,750.0,2,0.11,3252,E & J GALLO WINERY         
66_EANVERNESS_16327,66,16327,Black Box Merlot,500mL,5,19.95,3.99,2024-07-28,500.0,2,0.37,1392,CONSTELLATION BRANDS INC   
60_IRRAGIN_5713,60,5713,DeKuyper Sour Apple Pucker,1.75L,5,74.95,14.99,2024-03-28,1750.0,1,9.19,12546,JIM BEAM BRANDS COMPANY    
14_BROMWICH_3701,14,3701,UV Sangria Vodka,50mL,1,0.99,0.99,2024-03-23,50.0,1,0.05,9206,PHILLIPS PRODUCTS CO.      
50_MOUNTMEND_3987,50,3987,Smirnoff Peppermint Twist,750mL,1,12.99,12.99,2024-09-05,750.0,1,0.79,3960,DIAGEO NORTH AMERICA INC   
76_DONCASTER_45474,76,45474,Belle Glos Alturas Pnt Nr,750mL,1,54.99,54.99,2024-12-26,750.0,2,0.11,4425,MARTIGNETTI COMPANIES
34_PITMERDEN_24533,34,24533,Joseph Drouhin Santenay Red,750mL,1,29.99,29.99,2024-06-16,750.0,2,0.11,4425,MARTIGNETTI COMPANIES
2_ASHBORNE_5364,2,5364,Kahlua,1.75L,1,31.99,31.99,2024-05-01,1750.0,1,1.84,17035,PERNOD RICARD USA          
50_MOUNTMEND_8178,50,8178,Bulleit Bourbon,750mL,2,49.98,24.99,2024-09-26,750.0,1,1.57,3960,DIAGEO NORTH AMERICA INC   
78_EASTHAVEN_24303,78,24303,Cupcake Black Forest,750mL,1,8.99,8.99,2024-09-15,750.0,2,0.11,9815,WINE GROUP INC             
65_LUTON_8840,65,8840,Burnetts Gin,1.75L,1,10.99,10.99,2024-07-06,1750.0,1,1.84,3924,HEAVEN HILL DISTILLERIES   
39_EASTHALLOW_3896,39,3896,Zhenka Vodka,375mL,1,3.29,3.29,2024-02-13,375.0,1,0.39,9552,M S WALKER INC             
73_DONCASTER_2841,73,2841,High West Double Rye Whiskey,750mL,1,32.99,32.99,2024-03-19,750.0,1,0.79,9165,ULTRA BEVERAGE COMPANY LLP 
1_HARDERSFIELD_2646,1,2646,Chivas Regal,1.75L,1,56.99,56.99,2024-02-13,1750.0,1,1.84,17035,PERNOD RICARD USA          
66_EANVERNESS_4198,66,4198,Sailor Jerry Spiced Navy Rum,1.75L,4,115.96,28.99,2024-02-26,1750.0,1,7.35,3664,WILLIAM GRANT & SONS INC   
19_WINTERVALE_661,19,661,Red Stag by Jim Beam,750mL,1,14.99,14.99,2024-11-09,750.0,1,0.79,12546,JIM BEAM BRANDS COMPANY    
58_HARTLEPOOL_4135,58,4135,Smirnoff Blueberry Vodka,50mL,1,0.99,0.99,2024-10-19,50.0,1,0.05,3960,DIAGEO NORTH AMERICA INC   
24_PALPERROTH_8680,24,8680,Crown Royal,1.75L,5,199.95,39.99,2024-08-19,1750.0,1,9.19,3960,DIAGEO NORTH AMERICA INC   
21_BALERNO_4174,21,4174,Kraken Black Spiced Rum,1.75L,2,61.98,30.99,2024-09-10,1750.0,1,3.67,7245,PROXIMO SPIRITS INC.       
15_WANBORNE_497,15,497,Capt Morgan Spiced Rum,Liter,1,19.99,19.99,2024-10-29,1000.0,1,1.05,3960,DIAGEO NORTH AMERICA INC   
23_ARBINGTON_426,23,426,Crystal Head Vodka,50mL,2,15.98,7.99,2024-10-22,50.0,1,0.1,9165,ULTRA BEVERAGE COMPANY LLP 
15_WANBORNE_2520,15,2520,The Macallan 12 Yr Old,750mL,1,62.99,62.99,2024-02-13,750.0,1,0.79,2561,EDRINGTON AMERICAS         
65_LUTON_1867,65,1867,Jack Daniels Tennessee Honey,50mL,2,5.98,2.99,2024-02-07,50.0,1,0.1,1128,BROWN-FORMAN CORP          
43_WOLFORD_8619,43,8619,Canadian Club,375mL,1,5.99,5.99,2024-08-16,375.0,1,0.39,12546,JIM BEAM BRANDS COMPANY    
53_HILLFAR_4679,53,4679,Courvoisier VS Cognac,375mL,1,11.99,11.99,2024-01-02,375.0,1,0.39,12546,JIM BEAM BRANDS COMPANY    
30_CULCHETH_8110,30,8110,Tribuno Dry Vermouth,1.5L,1,8.99,8.99,2024-01-27,1500.0,1,1.57,9815,WINE GROUP INC             
76_DONCASTER_15876,76,15876,3 Brooms Svgn Bl Marlborough,750mL,1,13.99,13.99,2024-11-07,750.0,2,0.11,10754,PERFECTA WINES             
11_CARDEND_7716,11,7716,Andre Brut,750mL,4,23.96,5.99,2024-07-04,750.0,2,0.45,3252,E & J GALLO WINERY         
55_DRY GULCH_3834,55,3834,Skyy Vodka,750mL,1,12.99,12.99,2024-11-11,750.0,1,0.79,11567,CAMPARI AMERICA            
54_GUTHRAM_45240,54,45240,Nino Franco Prosecco Rustic,750mL,1,16.99,16.99,2024-04-08,750.0,2,0.11,9165,ULTRA BEVERAGE COMPANY LLP 
49_GARIGILL_1388,49,1388,Red Stag by Jim Beam,1.75L,1,27.99,27.99,2024-12-04,1750.0,1,1.84,12546,JIM BEAM BRANDS COMPANY    
44_PORTHCRAWL_24612,44,24612,Estancia Pnt Nr Monterey,750mL,1,9.49,9.49,2024-08-18,750.0,2,0.11,1392,CONSTELLATION BRANDS INC   
79_BALLYMENA_812,79,812,Jagermeister Liqueur,Liter,1,22.99,22.99,2024-06-15,1000.0,1,1.05,3089,SIDNEY FRANK IMPORTING CO  
65_LUTON_8472,65,8472,1800 Silver Tequila,750mL,2,41.98,20.99,2024-05-20,750.0,1,1.57,7245,PROXIMO SPIRITS INC.       
24_PALPERROTH_23595,24,23595,Almaden Burgundy B/B,5L,1,16.99,16.99,2024-07-19,5000.0,2,0.75,9815,WINE GROUP INC             
67_EANVERNESS_20729,67,20729,Villa Jolanda Peach Moscato,750mL,7,69.93,9.99,2024-07-30,750.0,2,0.79,7153,PINE STATE TRADING CO      
21_BALERNO_438,21,438,Licor 43 Vanilla Liqueur,750mL,1,17.99,17.99,2024-11-09,750.0,1,0.79,4425,MARTIGNETTI COMPANIES
79_BALLYMENA_40051,79,40051,Concannon Select Vyds Pnt Nr,750mL,1,7.99,7.99,2024-04-07,750.0,2,0.11,9815,WINE GROUP INC             
27_MOUNTMEND_5401,27,5401,Jagermeister Liqueur,200mL,1,5.99,5.99,2024-07-09,200.0,1,0.21,3089,SIDNEY FRANK IMPORTING CO  
55_DRY GULCH_24208,55,24208,R M Woodbridge Znfdl Cal,1.5L,1,13.99,13.99,2024-02-25,1500.0,2,0.22,1392,CONSTELLATION BRANDS INC   
15_WANBORNE_41405,15,41405,La Posta Angel Plucci Malbec,750mL,1,15.99,15.99,2024-11-28,750.0,2,0.11,653,STATE WINE & SPIRITS   
29_AYLESBURY_10443,29,10443,Charles Smith Kung Fu Girl R,750mL,2,23.98,11.99,2024-11-08,750.0,2,0.22,10754,PERFECTA WINES             
28_LARNWICK_1896,28,1896,The Glenlivet 18 Yr Single,750mL,1,99.99,99.99,2024-04-08,750.0,1,0.79,17035,PERNOD RICARD USA          
13_TARMSWORTH_2585,13,2585,Jameson Irish Whiskey,750mL,2,45.98,22.99,2024-02-26,750.0,1,1.57,17035,PERNOD RICARD USA          
15_WANBORNE_32907,15,32907,Sterling Vintners Cltn Chard,750mL,3,29.97,9.99,2024-06-18,750.0,2,0.34,1590,DIAGEO CHATEAU ESTATE WINES
19_WINTERVALE_5747,19,5747,Malibu Pineapple Rum,750mL,1,12.99,12.99,2024-06-11,750.0,1,0.79,17035,PERNOD RICARD USA          
76_DONCASTER_5296,76,5296,Southern Comfort 100 Proof,1.75L,1,28.99,28.99,2024-11-01,1750.0,1,1.84,8004,SAZERAC CO INC             
34_PITMERDEN_3821,34,3821,Smirnoff Vanilla Vodka,750mL,2,25.98,12.99,2024-02-20,750.0,1,1.57,3960,DIAGEO NORTH AMERICA INC   
19_WINTERVALE_41159,19,41159,Phillips Earthquake Ld Znfdl,750mL,1,24.99,24.99,2024-08-13,750.0,2,0.11,4425,MARTIGNETTI COMPANIES
34_PITMERDEN_7485,34,7485,M D 20/20,750mL,1,3.99,3.99,2024-03-21,750.0,1,0.79,9815,WINE GROUP INC             
2_ASHBORNE_5134,2,5134,Dr McGillicuddy's Cherry,750mL,5,64.95,12.99,2024-04-12,750.0,1,3.94,8004,SAZERAC CO INC             
37_PAETHSMOUTH_2760,37,2760,Jack Daniels Tennessee Honey,1.75L,1,37.99,37.99,2024-11-05,1750.0,1,1.84,1128,BROWN-FORMAN CORP          
64_CESTERFIELD_20357,64,20357,Apothic Dark,750mL,1,9.99,9.99,2024-03-21,750.0,2,0.11,3252,E & J GALLO WINERY         
34_PITMERDEN_3667,34,3667,Boru Original Irish Vodka,1.75L,1,16.99,16.99,2024-03-15,1750.0,1,1.84,1485,CASTLE BRANDS CORP.        
76_DONCASTER_1868,76,1868,Lagavulin Single Malt 16-Yr,750mL,1,73.99,73.99,2024-02-20,750.0,1,0.79,3960,DIAGEO NORTH AMERICA INC   
76_DONCASTER_14552,76,14552,Dom de Dionysos Cairanne Cig,750mL,3,53.97,17.99,2024-11-14,750.0,2,0.34,4425,MARTIGNETTI COMPANIES
41_LARNWICK_1663,41,1663,Jim Beam Maple,50mL,6,5.94,0.99,2024-04-05,50.0,1,0.32,12546,JIM BEAM BRANDS COMPANY    
33_HORNSEY_43450,33,43450,Fish Eye Pnt Grigio,3L,1,16.99,16.99,2024-09-15,3000.0,2,0.45,9815,WINE GROUP INC             
58_HARTLEPOOL_8485,58,8485,Gozio Amaretto,750mL,1,17.99,17.99,2024-04-09,750.0,1,0.79,1485,CASTLE BRANDS CORP.        
23_ARBINGTON_4264,23,4264,Capt Morgan Spiced Rum Trav,750mL,1,14.99,14.99,2024-09-12,750.0,1,0.79,3960,DIAGEO NORTH AMERICA INC   
54_GUTHRAM_12220,54,12220,Angeline Pnt Nr,750mL,1,7.95,7.95,2024-02-03,750.0,2,0.11,9552,M S WALKER INC             
54_GUTHRAM_8068,54,8068,Absolut 80 Proof,1.75L,11,285.89,25.99,2024-09-07,1750.0,1,20.21,17035,PERNOD RICARD USA          
41_LARNWICK_3020,41,3020,Pinnacle Blueberry Vodka,750mL,1,9.99,9.99,2024-03-04,750.0,1,0.79,12546,JIM BEAM BRANDS COMPANY    
55_DRY GULCH_3089,55,3089,Evan Williams Honey Reserve,750mL,1,13.99,13.99,2024-10-14,750.0,1,0.79,3924,HEAVEN HILL DISTILLERIES   
31_HORNSEY_5197,31,5197,Southern Comfort,375mL,3,23.97,7.99,2024-06-14,375.0,1,1.18,1128,BROWN-FORMAN CORP          
50_MOUNTMEND_21080,50,21080,Landmark Overlook Pnt Nr,750mL,1,29.99,29.99,2024-09-23,750.0,2,0.11,9552,M S WALKER INC             
34_PITMERDEN_19174,34,19174,Cavicchioli Sw Italian Spkln,750mL,1,10.99,10.99,2024-02-20,750.0,2,0.11,9744,FREDERICK WILDMAN & SONS   
38_GOULCREST_4269,38,4269,Calico Jack Spiced Rum,1.75L,1,12.99,12.99,2024-09-24,1750.0,1,1.84,12546,JIM BEAM BRANDS COMPANY    
67_EANVERNESS_3012,67,3012,Pinnacle Vodka,50mL,1,0.99,0.99,2024-05-20,50.0,1,0.05,12546,JIM BEAM BRANDS COMPANY    
50_MOUNTMEND_5765,50,5765,Jose Cuervo Lime Margarita,1.75L,1,13.99,13.99,2024-03-16,1750.0,1,1.84,7245,PROXIMO SPIRITS INC.       
5_SUTTON_14006,5,14006,Apothic Winemakers Red Blend,750mL,1,9.99,9.99,2024-03-30,750.0,2,0.11,3252,E & J GALLO WINERY         
66_EANVERNESS_5348,66,5348,St Brendans Irish Cream,750mL,1,10.99,10.99,2024-11-04,750.0,1,0.79,8352,LUXCO INC                  
58_HARTLEPOOL_3505,58,3505,Tito's Handmade Vodka,750mL,1,21.99,21.99,2024-04-10,750.0,1,0.79,4425,MARTIGNETTI COMPANIES
2_ASHBORNE_6224,2,6224,La Belle Orange Liqueur,750mL,1,16.99,16.99,2024-04-17,750.0,1,0.79,8004,SAZERAC CO INC             
75_BARNCOMBE_11213,75,11213,Meiomi Pnt Nr,750mL,1,18.99,18.99,2024-02-27,750.0,2,0.11,1392,CONSTELLATION BRANDS INC   
14_BROMWICH_2723,14,2723,J & B Rare,1.75L,1,34.99,34.99,2024-04-30,1750.0,1,1.84,3960,DIAGEO NORTH AMERICA INC   
14_BROMWICH_25504,14,25504,Renwood Clarion Red,750mL,1,10.99,10.99,2024-07-28,750.0,2,0.11,4425,MARTIGNETTI COMPANIES
1_HARDERSFIELD_8442,1,8442,1800 Silver Tequila,375mL,1,12.49,12.49,2024-08-19,375.0,1,0.39,7245,PROXIMO SPIRITS INC.       
50_MOUNTMEND_39146,50,39146,Matua Svgn Bl Marlboro,750mL,1,11.99,11.99,2024-01-24,750.0,2,0.11,9819,TREASURY WINE ESTATES      
41_LARNWICK_5232,41,5232,DeKuyper Buttershots Schnaps,1.75L,2,29.98,14.99,2024-12-29,1750.0,1,3.67,12546,JIM BEAM BRANDS COMPANY    
71_CLARCTON_18533,71,18533,Candia Vyds Diamond,750mL,1,14.99,14.99,2024-01-02,750.0,2,0.11,90046,CANDIA VINEYARDS           
48_NORFOLK_3684,48,3684,Fleischmanns Royal Vodka,1.75L,14,139.86,9.99,2024-03-05,1750.0,1,25.72,660,SAZERAC NORTH AMERICA INC. 
11_CARDEND_4226,11,4226,Bacardi Superior Rum Trav,750mL,1,11.99,11.99,2024-02-20,750.0,1,0.79,480,BACARDI USA INC            
41_LARNWICK_7865,41,7865,Moet & Chandon Imperial,750mL,4,151.96,37.99,2024-09-09,750.0,2,0.45,8112,MOET HENNESSY USA INC      
61_AETHELNEY_2131,61,2131,Jack Daniels No 7 Black Trav,375mL,1,12.99,12.99,2024-08-24,375.0,1,0.39,1128,BROWN-FORMAN CORP          
15_WANBORNE_4226,15,4226,Bacardi Superior Rum Trav,750mL,1,11.99,11.99,2024-10-12,750.0,1,0.79,480,BACARDI USA INC            
22_SHARNWICK_27460,22,27460,Ecco Domani Merlot Venezie,750mL,1,9.99,9.99,2024-01-10,750.0,2,0.11,3252,E & J GALLO WINERY         
4_EANVERNESS_3746,4,3746,Gordons Vodka 80 Proof,1.75L,1,12.99,12.99,2024-11-17,1750.0,1,1.84,3960,DIAGEO NORTH AMERICA INC   
24_PALPERROTH_4194,24,4194,Calico Jack Coconut Rum,1.75L,1,12.99,12.99,2024-02-04,1750.0,1,1.84,12546,JIM BEAM BRANDS COMPANY    
58_HARTLEPOOL_3879,58,3879,Smirnoff 80 Proof Traveler,750mL,1,10.99,10.99,2024-02-14,750.0,1,0.79,3960,DIAGEO NORTH AMERICA INC   
11_CARDEND_42766,11,42766,14 Hands Merlot Wash,750mL,4,35.96,8.99,2024-12-22,750.0,2,0.45,8673,STE MICHELLE WINE ESTATES  
73_DONCASTER_19636,73,19636,Ch St Jean Chard Sonoma Cst,750mL,3,35.97,11.99,2024-02-20,750.0,2,0.34,9819,TREASURY WINE ESTATES      
38_GOULCREST_4223,38,4223,Bacardi Gold Rum,1.75L,1,19.99,19.99,2024-06-05,1750.0,1,1.84,480,BACARDI USA INC            
25_CAERSHIRE_8184,25,8184,Kahlua,50mL,1,1.99,1.99,2024-02-08,50.0,1,0.05,17035,PERNOD RICARD USA          
78_EASTHAVEN_5134,78,5134,Dr McGillicuddy's Cherry,750mL,1,13.99,13.99,2024-01-10,750.0,1,0.79,8004,SAZERAC CO INC             
2_ASHBORNE_1744,2,1744,Old Forester 100 Bourbon,750mL,1,21.99,21.99,2024-01-27,750.0,1,0.79,1128,BROWN-FORMAN CORP          
71_CLARCTON_44038,71,44038,Barefoot Pnt Grigio Cal,1.5L,3,35.97,11.99,2024-03-12,1500.0,2,0.68,3252,E & J GALLO WINERY         
27_MOUNTMEND_26821,27,26821,Estancia Merlot Central Cst,750mL,2,19.98,9.99,2024-01-30,750.0,2,0.22,1392,CONSTELLATION BRANDS INC   
55_DRY GULCH_42766,55,42766,14 Hands Merlot Wash,750mL,2,17.98,8.99,2024-12-21,750.0,2,0.22,8673,STE MICHELLE WINE ESTATES  
41_LARNWICK_8746,41,8746,Cavit Pinot Grigio,750mL,1,6.99,6.99,2024-05-24,750.0,2,0.11,6785,PALM BAY INTERNATIONAL INC 
73_DONCASTER_4280,73,4280,Capt Morgan Parrot Bay Coco,1.75L,1,23.99,23.99,2024-06-21,1750.0,1,1.84,3960,DIAGEO NORTH AMERICA INC   
6_GOULCREST_5242,6,5242,Cointreau Liqueur,750mL,4,119.96,29.99,2024-12-20,750.0,1,3.15,7239,REMY COINTREAU USA INC     
55_DRY GULCH_5765,55,5765,Jose Cuervo Lime Margarita,1.75L,2,31.98,15.99,2024-07-04,1750.0,1,3.67,7245,PROXIMO SPIRITS INC.       
66_EANVERNESS_32074,66,32074,Warre's Kings Tawny Porto,750mL,2,25.98,12.99,2024-12-23,750.0,2,0.22,1587,VINEYARD BRANDS INC        
38_GOULCREST_24753,38,24753,Girl & Dragon Cab Svgn,750mL,1,10.99,10.99,2024-06-19,750.0,2,0.11,9165,ULTRA BEVERAGE COMPANY LLP 
53_HILLFAR_4390,53,4390,Ron Zacapa 23 Yr Old Rum,750mL,1,45.99,45.99,2024-01-16,750.0,1,0.79,3960,DIAGEO NORTH AMERICA INC   
31_HORNSEY_3858,31,3858,Grey Goose Vodka,750mL,4,91.96,22.99,2024-06-29,750.0,1,3.15,480,BACARDI USA INC            
76_DONCASTER_8515,76,8515,Baileys Chocolate Cherry,750mL,4,87.96,21.99,2024-09-04,750.0,1,3.15,3960,DIAGEO NORTH AMERICA INC   
39_EASTHALLOW_3497,39,3497,Johnnie Walker Platinum,750mL,1,94.99,94.99,2024-05-22,750.0,1,0.79,3960,DIAGEO NORTH AMERICA INC   
48_NORFOLK_5444,48,5444,E & J Superior RSV VSOP,1.75L,1,19.99,19.99,2024-05-26,1750.0,1,1.84,3252,E & J GALLO WINERY         
21_BALERNO_28147,21,28147,Kris Pnt Grigio Alto Adige,750mL,1,11.99,11.99,2024-04-23,750.0,2,0.11,2000,SOUTHERN WINE & SPIRITS NE 
37_PAETHSMOUTH_1281,37,1281,Benchmark Old #8 Bourbon,1.75L,3,53.97,17.99,2024-10-15,1750.0,1,5.51,8004,SAZERAC CO INC             
33_HORNSEY_36771,33,36771,Yellow Tail Merlot Ausl,1.5L,6,53.7,8.95,2024-12-24,1500.0,2,1.35,4425,MARTIGNETTI COMPANIES
10_HORNSEY_3104,10,3104,Smirnoff Whipped Cream,750mL,1,12.99,12.99,2024-06-07,750.0,1,0.79,3960,DIAGEO NORTH AMERICA INC   
67_EANVERNESS_2467,67,2467,Catskill Most Righteous Brbn,375mL,1,22.99,22.99,2024-01-20,375.0,1,0.39,7153,PINE STATE TRADING CO      
56_BEGGAR'S HOLE_8562,56,8562,DeKuyper Peachtree Trav,1.75L,1,14.99,14.99,2024-02-21,1750.0,1,1.84,12546,JIM BEAM BRANDS COMPANY    
25_CAERSHIRE_22515,25,22515,Justin Vyds 13 Svgn Bl C Cst,750mL,1,12.99,12.99,2024-10-07,750.0,2,0.11,9552,M S WALKER INC             
59_CLAETHORPES_3904,59,3904,Svedka Cucumber Lime Vodka,50mL,2,1.98,0.99,2024-08-15,50.0,1,0.1,1392,CONSTELLATION BRANDS INC   
15_WANBORNE_26787,15,26787,Moet & Chandon Imperial,187mL,1,11.99,11.99,2024-08-29,187.0,2,0.03,8112,MOET HENNESSY USA INC      
34_PITMERDEN_32908,34,32908,Sterling Vintners Cltn Merlo,750mL,3,29.97,9.99,2024-12-04,750.0,2,0.34,1590,DIAGEO CHATEAU ESTATE WINES
60_IRRAGIN_1378,60,1378,Jim Beam,375mL,2,18.98,9.49,2024-02-12,375.0,1,0.79,12546,JIM BEAM BRANDS COMPANY    
66_EANVERNESS_13097,66,13097,Menage a Trois Chard,750mL,1,8.99,8.99,2024-05-28,750.0,2,0.11,8892,TRINCHERO FAMILY ESTATES   
75_BARNCOMBE_3040,75,3040,Tito's Handmade Vodka,Liter,1,22.99,22.99,2024-01-01,1000.0,1,1.05,4425,MARTIGNETTI COMPANIES
32_MOUNTMEND_3427,32,3427,Stolichnaya Blueberi,1.75L,1,24.99,24.99,2024-11-29,1750.0,1,1.84,8664,"STOLI GROUP,(USA) LLC      "
34_PITMERDEN_36524,34,36524,Ch de Ribebon Brdx,750mL,1,14.99,14.99,2024-08-07,750.0,2,0.11,4425,MARTIGNETTI COMPANIES
23_ARBINGTON_8393,23,8393,Casamigos Reposado,750mL,1,56.99,56.99,2024-01-29,750.0,1,0.79,6213,MHW LTD                    
76_DONCASTER_4478,76,4478,Myers Original Dark Rum,750mL,4,71.96,17.99,2024-02-13,750.0,1,3.15,3960,DIAGEO NORTH AMERICA INC   
69_MOUNTMEND_3682,69,3682,Belvedere Vodka,750mL,1,26.99,26.99,2024-01-08,750.0,1,0.79,8112,MOET HENNESSY USA INC      
76_DONCASTER_19357,76,19357,Kendall Jackson Vntnr Rsv Ch,375mL,5,29.95,5.99,2024-07-31,375.0,2,0.28,10000,MAJESTIC FINE WINES        
39_EASTHALLOW_5616,39,5616,Emmets Irish Cream,1.75L,1,19.99,19.99,2024-07-15,1750.0,1,1.84,3960,DIAGEO NORTH AMERICA INC   
64_CESTERFIELD_2704,64,2704,Serpent's Bite Cider Whiskey,50mL,2,1.98,0.99,2024-05-21,50.0,1,0.1,1392,CONSTELLATION BRANDS INC   
53_HILLFAR_3893,53,3893,Zhenka 80 Proof,1.75L,5,49.95,9.99,2024-12-29,1750.0,1,9.19,9552,M S WALKER INC             
58_HARTLEPOOL_36770,58,36770,Yellow Tail Cab Svgn Ausl,1.5L,2,17.9,8.95,2024-03-10,1500.0,2,0.45,4425,MARTIGNETTI COMPANIES
11_CARDEND_6581,11,6581,Ch Ste Michelle Merlot Colum,750mL,1,11.95,11.95,2024-11-18,750.0,2,0.11,8673,STE MICHELLE WINE ESTATES  
59_CLAETHORPES_3609,59,3609,Smirnoff Vanilla Vodka,50mL,9,8.91,0.99,2024-06-19,50.0,1,0.47,3960,DIAGEO NORTH AMERICA INC   
69_MOUNTMEND_7341,69,7341,Smirnoff Watermelon,50mL,32,31.68,0.99,2024-11-12,50.0,1,1.68,3960,DIAGEO NORTH AMERICA INC   
76_DONCASTER_13619,76,13619,Quinta do Noval Black Port,750mL,1,19.99,19.99,2024-05-09,750.0,2,0.11,4425,MARTIGNETTI COMPANIES
38_GOULCREST_4211,38,4211,Cruzan Passion Fruit Rum,750mL,3,29.97,9.99,2024-04-17,750.0,1,2.36,12546,JIM BEAM BRANDS COMPANY    
71_CLARCTON_8819,71,8819,Leroux Blackberry Brandy,750mL,1,7.99,7.99,2024-06-17,750.0,1,0.79,12546,JIM BEAM BRANDS COMPANY    
73_DONCASTER_2591,73,2591,Cardhu Scotch,750mL,1,39.99,39.99,2024-11-14,750.0,1,0.79,3960,DIAGEO NORTH AMERICA INC   
39_EASTHALLOW_13258,39,13258,ChocoVine,750mL,1,9.99,9.99,2024-12-24,750.0,2,0.11,9165,ULTRA BEVERAGE COMPANY LLP 
32_MOUNTMEND_33731,32,33731,Hopler Gruner Veltliner,750mL,1,10.99,10.99,2024-10-22,750.0,2,0.11,10754,PERFECTA WINES             
40_BULLMAR_3837,40,3837,Skyy Vodka,50mL,1,0.99,0.99,2024-03-02,50.0,1,0.05,11567,CAMPARI AMERICA            
73_DONCASTER_41321,73,41321,Bogle Phantom Red Cal,750mL,2,37.98,18.99,2024-10-16,750.0,2,0.22,4425,MARTIGNETTI COMPANIES
59_CLAETHORPES_6967,59,6967,Santa Margherita Pnt Grigio,750mL,2,45.98,22.99,2024-03-06,750.0,2,0.22,4425,MARTIGNETTI COMPANIES
36_LEWES_3804,36,3804,Svedka Vodka,750mL,1,9.99,9.99,2024-01-11,750.0,1,0.79,1392,CONSTELLATION BRANDS INC   
34_PITMERDEN_6735,34,6735,Gallo Twin Valley Chard Cal,1.5L,2,19.98,9.99,2024-11-23,1500.0,2,0.45,3252,E & J GALLO WINERY         
79_BALLYMENA_2808,79,2808,Uisce Beatha Irish Whisky,750mL,1,29.99,29.99,2024-09-23,750.0,1,0.79,5455,MARSALLE COMPANY           
9_BLACKPOOL_3488,9,3488,Tanqueray,750mL,1,23.99,23.99,2024-10-27,750.0,1,0.79,3960,DIAGEO NORTH AMERICA INC   
69_MOUNTMEND_31346,69,31346,Florio Dry Marsala Italy,750mL,1,10.99,10.99,2024-01-20,750.0,2,0.11,516,BANFI PRODUCTS CORP        
73_DONCASTER_5070,73,5070,Russo Limoncello,750mL,1,25.99,25.99,2024-07-20,750.0,1,0.79,7153,PINE STATE TRADING CO      
68_SOLARIS_3728,68,3728,Absolut Citron,1.75L,10,249.9,24.99,2024-03-24,1750.0,1,18.38,17035,PERNOD RICARD USA          
4_EANVERNESS_17175,4,17175,Beringer Classic Cab Svgn,1.5L,1,9.99,9.99,2024-04-28,1500.0,2,0.22,9819,TREASURY WINE ESTATES      
10_HORNSEY_41033,10,41033,Menage a Trois White,750mL,1,8.99,8.99,2024-05-19,750.0,2,0.11,8892,TRINCHERO FAMILY ESTATES   
60_IRRAGIN_4806,60,4806,Leroux Blackberry Brandy,1.75L,1,14.99,14.99,2024-01-22,1750.0,1,1.84,12546,JIM BEAM BRANDS COMPANY    
13_TARMSWORTH_8203,13,8203,Grand Marnier,50mL,1,2.99,2.99,2024-07-04,50.0,1,0.05,8112,MOET HENNESSY USA INC      
20_BREDWARDINE_4157,20,4157,Smirnoff Green Apple Vodka,50mL,17,16.83,0.99,2024-02-20,50.0,1,0.89,3960,DIAGEO NORTH AMERICA INC   
10_HORNSEY_8506,10,8506,Myers Original Dark Rum,1.75L,2,55.98,27.99,2024-11-27,1750.0,1,3.67,3960,DIAGEO NORTH AMERICA INC   
30_CULCHETH_2753,30,2753,Johnnie Walker Black Label,1.75L,1,61.99,61.99,2024-10-14,1750.0,1,1.84,3960,DIAGEO NORTH AMERICA INC   
38_GOULCREST_11488,38,11488,C K Mondavi Cab Svgn,1.5L,2,21.98,10.99,2024-10-13,1500.0,2,0.45,2000,SOUTHERN WINE & SPIRITS NE 
73_DONCASTER_45769,73,45769,Bonterra Svgn Bl Organic,750mL,2,23.98,11.99,2024-04-14,750.0,2,0.22,9165,ULTRA BEVERAGE COMPANY LLP 
30_CULCHETH_2131,30,2131,Jack Daniels No 7 Black Trav,375mL,2,25.98,12.99,2024-04-30,375.0,1,0.79,1128,BROWN-FORMAN CORP          
25_CAERSHIRE_5138,25,5138,Fireball Cinnamon Whisky,750mL,5,69.95,13.99,2024-05-28,750.0,1,3.94,8004,SAZERAC CO INC             
76_DONCASTER_1231,76,1231,Jack Daniels No 7 Black,375mL,9,98.91,10.99,2024-10-07,375.0,1,3.54,1128,BROWN-FORMAN CORP          
34_PITMERDEN_23205,34,23205,M & R Prosecco Frizzante,187mL 4 Pk,1,15.99,15.99,2024-11-22,187.0,2,0.03,480,BACARDI USA INC            
38_GOULCREST_23866,38,23866,Landhaus Mayer Gruner Veltli,750mL,1,11.99,11.99,2024-08-19,750.0,2,0.11,9552,M S WALKER INC             
61_AETHELNEY_5153,61,5153,Fireball Cinn Whisky Trav,750mL,6,83.94,13.99,2024-10-29,750.0,1,4.72,8004,SAZERAC CO INC             
40_BULLMAR_8040,40,8040,Bols Blue Curacao,750mL,1,7.99,7.99,2024-12-07,750.0,1,0.79,6213,MHW LTD                    
49_GARIGILL_11828,49,11828,Cupcake Svgn Bl,750mL,2,17.98,8.99,2024-09-25,750.0,2,0.22,9815,WINE GROUP INC             
30_CULCHETH_8910,30,8910,Finlandia Vodka,50mL,24,23.76,0.99,2024-04-20,50.0,1,1.26,1128,BROWN-FORMAN CORP          
71_CLARCTON_3325,71,3325,Pinnacle Caramel Apple Vodka,750mL,4,43.96,10.99,2024-10-08,750.0,1,3.15,12546,JIM BEAM BRANDS COMPANY    
41_LARNWICK_36845,41,36845,Frey Natural Red Organic Ca,750mL,2,19.98,9.99,2024-10-03,750.0,2,0.22,10754,PERFECTA WINES             
2_ASHBORNE_3617,2,3617,Olmeca Altos Reposado,750mL,1,21.99,21.99,2024-08-07,750.0,1,0.79,17035,PERNOD RICARD USA          
60_IRRAGIN_3209,60,3209,Hammer & Sickle Vodka,750mL,1,19.99,19.99,2024-03-01,750.0,1,0.79,4550,KLIN SPIRITS LLC           
69_MOUNTMEND_8627,69,8627,Jadot Beaujolais Villages,750mL,3,29.97,9.99,2024-08-16,750.0,2,0.34,4692,KOBRAND CORPORATION        
72_HARDERSFIELD_6983,72,6983,J Lohr Seven Oaks Cab Svgn,750mL,2,27.98,13.99,2024-07-27,750.0,2,0.22,4425,MARTIGNETTI COMPANIES
24_PALPERROTH_3726,24,3726,Gilbeys Vodka Traveler,750mL,1,4.99,4.99,2024-08-30,750.0,1,0.79,12546,JIM BEAM BRANDS COMPANY    
71_CLARCTON_273,71,273,Sauza Extra Gold Tequila,1.75L,1,21.99,21.99,2024-09-01,1750.0,1,1.84,12546,JIM BEAM BRANDS COMPANY    
77_TAMWORTH_3726,77,3726,Gilbeys Vodka Traveler,750mL,1,5.99,5.99,2024-06-08,750.0,1,0.79,12546,JIM BEAM BRANDS COMPANY    
74_PAENTMARWY_44818,74,44818,Red Guitar Temp/Garnacha Nvr,750mL,1,11.99,11.99,2024-10-25,750.0,2,0.11,1392,CONSTELLATION BRANDS INC   
53_HILLFAR_1233,53,1233,Jack Daniels No 7 Black,1.75L,8,287.92,35.99,2024-02-19,1750.0,1,14.7,1128,BROWN-FORMAN CORP          
74_PAENTMARWY_523,74,523,Castello Del Poggio Moscato,750mL,3,29.97,9.99,2024-07-28,750.0,2,0.34,4425,MARTIGNETTI COMPANIES
21_BALERNO_5103,21,5103,Fireball Cinnamon Whisky,1.75L,1,24.99,24.99,2024-04-13,1750.0,1,1.84,8004,SAZERAC CO INC             
50_MOUNTMEND_2752,50,2752,Johnnie Walker Black Label,750mL,6,215.94,35.99,2024-12-14,750.0,1,4.72,3960,DIAGEO NORTH AMERICA INC   
78_EASTHAVEN_8064,78,8064,Canadian Club,50mL,8,7.92,0.99,2024-09-23,50.0,1,0.42,12546,JIM BEAM BRANDS COMPANY    
28_LARNWICK_3989,28,3989,Deep Eddy Lemon Vodka,750mL,1,16.99,16.99,2024-04-15,750.0,1,0.79,3924,HEAVEN HILL DISTILLERIES   
11_CARDEND_45330,11,45330,Cono Sur Cab Svgn Cntrl Vly,750mL,1,7.99,7.99,2024-07-27,750.0,2,0.11,1587,VINEYARD BRANDS INC        
38_GOULCREST_12089,38,12089,Northstar Merlot Walla Walla,750mL,2,75.98,37.99,2024-08-25,750.0,2,0.22,8673,STE MICHELLE WINE ESTATES  
34_PITMERDEN_8815,34,8815,Ch Ste Michelle Chard Colmbi,750mL,3,35.97,11.99,2024-03-12,750.0,2,0.34,8673,STE MICHELLE WINE ESTATES  
10_HORNSEY_17176,10,17176,Beringer Classic Chard,1.5L,3,29.97,9.99,2024-02-20,1500.0,2,0.68,9819,TREASURY WINE ESTATES      
64_CESTERFIELD_39335,64,39335,Phillips Seven Deadly Znfdl,750mL,2,23.9,11.95,2024-08-13,750.0,2,0.22,4425,MARTIGNETTI COMPANIES
40_BULLMAR_1734,40,1734,Duggans Dew O Kirkintilloch,1.75L,1,19.99,19.99,2024-10-22,1750.0,1,1.84,2496,DUGGANS DISTILLED PRODUCTS 
7_STANMORE_497,7,497,Capt Morgan Spiced Rum,Liter,1,19.99,19.99,2024-01-03,1000.0,1,1.05,3960,DIAGEO NORTH AMERICA INC   
66_EANVERNESS_46554,66,46554,Atteca Garnacha Old Vines,750mL,1,15.99,15.99,2024-01-16,750.0,2,0.11,9552,M S WALKER INC             
6_GOULCREST_162,6,162,Stolichnaya Vanil,Liter,1,22.99,22.99,2024-04-22,1000.0,1,1.05,8664,"STOLI GROUP,(USA) LLC      "
39_EASTHALLOW_14706,39,14706,Cupcake Prosecco,750mL,1,8.99,8.99,2024-03-05,750.0,2,0.11,9815,WINE GROUP INC             
56_BEGGAR'S HOLE_7865,56,7865,Moet & Chandon Imperial,750mL,5,174.95,34.99,2024-12-24,750.0,2,0.56,8112,MOET HENNESSY USA INC      
14_BROMWICH_4198,14,4198,Sailor Jerry Spiced Navy Rum,1.75L,3,74.97,24.99,2024-07-29,1750.0,1,5.51,3664,WILLIAM GRANT & SONS INC   
49_GARIGILL_3409,49,3409,Crystal Head Vodka,750mL,1,44.99,44.99,2024-12-02,750.0,1,0.79,9165,ULTRA BEVERAGE COMPANY LLP 
66_EANVERNESS_19531,66,19531,Claude Riffault Les Boucauds,750mL,2,49.98,24.99,2024-01-30,750.0,2,0.22,9552,M S WALKER INC             
9_BLACKPOOL_2760,9,2760,Jack Daniels Tennessee Honey,1.75L,1,37.99,37.99,2024-10-12,1750.0,1,1.84,1128,BROWN-FORMAN CORP          
13_TARMSWORTH_4152,13,4152,Jenkins Rum,750mL,2,11.98,5.99,2024-03-14,750.0,1,1.57,9552,M S WALKER INC             
78_EASTHAVEN_42099,78,42099,Bota Box Pnt Grigio Cal,3L,1,17.99,17.99,2024-06-17,3000.0,2,0.45,2242,DELICATO VINEYARDS INC     
15_WANBORNE_3805,15,3805,Cuervo Silver Rolling Stones,750mL,3,44.97,14.99,2024-01-04,750.0,1,2.36,7245,PROXIMO SPIRITS INC.       
2_ASHBORNE_21985,2,21985,Menage a Trois Midnight,750mL,2,21.98,10.99,2024-07-22,750.0,2,0.22,8892,TRINCHERO FAMILY ESTATES   
69_MOUNTMEND_4382,69,4382,Admiral Nelson Spiced Rum,1.75L,1,13.99,13.99,2024-04-01,1750.0,1,1.84,3924,HEAVEN HILL DISTILLERIES   
38_GOULCREST_1770,38,1770,Jack Daniels Tennessee Fire,1.75L,1,38.99,38.99,2024-02-26,1750.0,1,1.84,1128,BROWN-FORMAN CORP          
34_PITMERDEN_14930,34,14930,Yellow Tail Moscato,1.5L,8,79.92,9.99,2024-11-23,1500.0,2,1.8,4425,MARTIGNETTI COMPANIES
38_GOULCREST_16816,38,16816,H3 Horse Heaven Hills Merlot,750mL,1,11.99,11.99,2024-01-08,750.0,2,0.11,8673,STE MICHELLE WINE ESTATES  
52_GRAYCOTT_2114,52,2114,Black Velvet Canadian Whisky,1.75L,1,11.99,11.99,2024-09-17,1750.0,1,1.84,1392,CONSTELLATION BRANDS INC   
6_GOULCREST_6249,6,6249,Rodney Strong Chard,750mL,4,43.8,10.95,2024-12-30,750.0,2,0.45,4425,MARTIGNETTI COMPANIES
78_EASTHAVEN_35916,78,35916,Stone Cellars Merlot,1.5L,1,10.99,10.99,2024-09-08,1500.0,2,0.22,9819,TREASURY WINE ESTATES      
15_WANBORNE_18642,15,18642,Yellow Tail Pink Moscato,1.5L,4,35.8,8.95,2024-08-23,1500.0,2,0.9,4425,MARTIGNETTI COMPANIES
62_KILMARNOCK_2120,62,2120,Canadian Club,1.75L,4,63.96,15.99,2024-11-19,1750.0,1,7.35,12546,JIM BEAM BRANDS COMPANY    
69_MOUNTMEND_8339,69,8339,The Glenlivet 12 Yr Single,750mL,1,43.99,43.99,2024-08-28,750.0,1,0.79,17035,PERNOD RICARD USA          
79_BALLYMENA_3878,79,3878,Smirnoff 80 Proof,750mL,3,32.97,10.99,2024-03-25,750.0,1,2.36,3960,DIAGEO NORTH AMERICA INC   
69_MOUNTMEND_821,69,821,Grand Marnier,Liter,1,38.99,38.99,2024-02-18,1000.0,1,1.05,8112,MOET HENNESSY USA INC      
11_CARDEND_870,11,870,Carpano Antica Formula,Liter,1,29.99,29.99,2024-06-09,1000.0,2,0.15,9165,ULTRA BEVERAGE COMPANY LLP 
57_LANTEGLOS_6285,57,6285,Gallo Twin Valley Wh Znfdl C,1.5L,1,9.99,9.99,2024-09-10,1500.0,2,0.22,3252,E & J GALLO WINERY         
33_HORNSEY_821,33,821,Grand Marnier,Liter,1,38.99,38.99,2024-10-18,1000.0,1,1.05,8112,MOET HENNESSY USA INC      
73_DONCASTER_1323,73,1323,Early Times,1.75L,1,17.99,17.99,2024-08-14,1750.0,1,1.84,1128,BROWN-FORMAN CORP          
23_ARBINGTON_6293,23,6293,Fetzer Gewurz,750mL,2,19.98,9.99,2024-03-04,750.0,2,0.22,9165,ULTRA BEVERAGE COMPANY LLP 
33_HORNSEY_5490,33,5490,DeKuyper Hot Damn Cinnamon,50mL,1,0.99,0.99,2024-06-07,50.0,1,0.05,12546,JIM BEAM BRANDS COMPANY    
14_BROMWICH_3876,14,3876,Smirnoff 80 Proof,1.75L,13,259.87,19.99,2024-04-22,1750.0,1,23.89,3960,DIAGEO NORTH AMERICA INC   
65_LUTON_3726,65,3726,Gilbeys Vodka Traveler,750mL,1,4.99,4.99,2024-12-05,750.0,1,0.79,12546,JIM BEAM BRANDS COMPANY    
57_LANTEGLOS_3779,57,3779,Three Olives Cherry Vodka,750mL,1,12.99,12.99,2024-04-06,750.0,1,0.79,7245,PROXIMO SPIRITS INC.       
22_SHARNWICK_8203,22,8203,Grand Marnier,50mL,2,5.98,2.99,2024-11-08,50.0,1,0.1,8112,MOET HENNESSY USA INC      
64_CESTERFIELD_27556,64,27556,Querceto Chianti Clsc RSV,750mL,6,77.94,12.99,2024-09-12,750.0,2,0.68,9165,ULTRA BEVERAGE COMPANY LLP 
10_HORNSEY_13052,10,13052,Ch Ste Michelle Gewurz Colum,750mL,1,7.99,7.99,2024-07-15,750.0,2,0.11,8673,STE MICHELLE WINE ESTATES  
10_HORNSEY_311,10,311,The Glenlivet 12 Yr Gift Pk,750mL,1,42.99,42.99,2024-11-25,750.0,1,0.79,17035,PERNOD RICARD USA          
57_LANTEGLOS_2607,57,2607,Grand MacNish 12 Yr Old,750mL,1,21.99,21.99,2024-06-13,750.0,1,0.79,9552,M S WALKER INC             
67_EANVERNESS_3652,67,3652,Ciroc Pineapple Vodka,1.75L,1,48.99,48.99,2024-07-08,1750.0,1,1.84,3960,DIAGEO NORTH AMERICA INC   
33_HORNSEY_21791,33,21791,Michael David Svgn Bl,750mL,3,29.97,9.99,2024-07-08,750.0,2,0.34,4425,MARTIGNETTI COMPANIES
60_IRRAGIN_17016,60,17016,Picpoul d Pinet HB Languedoc,750mL,2,25.98,12.99,2024-02-01,750.0,2,0.22,10754,PERFECTA WINES             
68_SOLARIS_3996,68,3996,Deep Eddy Peach Vodka,750mL,2,31.98,15.99,2024-10-30,750.0,1,1.57,3924,HEAVEN HILL DISTILLERIES   
19_WINTERVALE_15292,19,15292,Flip Flop Chard,750mL,1,5.99,5.99,2024-07-26,750.0,2,0.11,9815,WINE GROUP INC             
34_PITMERDEN_1637,34,1637,Fleischmanns Preferred,1.75L,2,25.98,12.99,2024-06-10,1750.0,1,3.67,660,SAZERAC NORTH AMERICA INC. 
27_MOUNTMEND_6879,27,6879,Maurice's Mentholated Mint,50mL,1,0.99,0.99,2024-12-07,50.0,1,0.05,9552,M S WALKER INC             
1_HARDERSFIELD_15824,1,15824,Nozzole Chianti Clsc RSV,750mL,4,67.96,16.99,2024-09-16,750.0,2,0.45,4692,KOBRAND CORPORATION        
38_GOULCREST_2794,38,2794,Bird Dog Bourbon,750mL,1,14.99,14.99,2024-04-23,750.0,1,0.79,9625,WESTERN SPIRITS BEVERAGE CO
55_DRY GULCH_13491,55,13491,Barefoot Cellars Rsl,1.5L,1,11.99,11.99,2024-10-11,1500.0,2,0.22,3252,E & J GALLO WINERY         
72_HARDERSFIELD_5767,72,5767,Jose Cuervo Strawberry Marg,1.75L,1,13.99,13.99,2024-07-09,1750.0,1,1.84,7245,PROXIMO SPIRITS INC.       
77_TAMWORTH_4522,77,4522,Lairds Apple Jack,750mL,1,15.99,15.99,2024-11-15,750.0,1,0.79,4848,LAIRD & CO                 
14_BROMWICH_3583,14,3583,Smirnoff Orange Vodka,1.75L,2,37.98,18.99,2024-11-04,1750.0,1,3.67,3960,DIAGEO NORTH AMERICA INC   
73_DONCASTER_23848,73,23848,Dom Cherrier Sancerre,750mL,5,79.95,15.99,2024-07-31,750.0,2,0.56,1587,VINEYARD BRANDS INC        
73_DONCASTER_10581,73,10581,Fat Bastard Pnt Nr,750mL,1,10.99,10.99,2024-10-29,750.0,2,0.11,7153,PINE STATE TRADING CO      
78_EASTHAVEN_37071,78,37071,Caymus Conundrum White,750mL,1,22.99,22.99,2024-10-28,750.0,2,0.11,4425,MARTIGNETTI COMPANIES
52_GRAYCOTT_6983,52,6983,J Lohr Seven Oaks Cab Svgn,750mL,4,59.96,14.99,2024-10-12,750.0,2,0.45,4425,MARTIGNETTI COMPANIES
45_VERITAS_3253,45,3253,Gilbeys London Dry,1.75L,1,12.49,12.49,2024-10-23,1750.0,1,1.84,12546,JIM BEAM BRANDS COMPANY    
73_DONCASTER_4130,73,4130,Kraken Black Spiced Rum,375mL,1,10.99,10.99,2024-01-09,375.0,1,0.39,7245,PROXIMO SPIRITS INC.       
54_GUTHRAM_2114,54,2114,Black Velvet Canadian Whisky,1.75L,2,25.98,12.99,2024-05-06,1750.0,1,3.67,1392,CONSTELLATION BRANDS INC   
34_PITMERDEN_8111,34,8111,Smirnoff 80 Proof,50mL,29,28.71,0.99,2024-09-20,50.0,1,1.52,3960,DIAGEO NORTH AMERICA INC   
23_ARBINGTON_6322,23,6322,Rene Junot Red,1.5L,1,12.99,12.99,2024-10-16,1500.0,2,0.22,7239,REMY COINTREAU USA INC     
72_HARDERSFIELD_8184,72,8184,Kahlua,50mL,1,1.99,1.99,2024-01-04,50.0,1,0.05,17035,PERNOD RICARD USA          
38_GOULCREST_2443,38,2443,Seagrams VO,1.75L,5,104.95,20.99,2024-05-16,1750.0,1,9.19,3960,DIAGEO NORTH AMERICA INC   
27_MOUNTMEND_1375,27,1375,Jim Beam,750mL,2,32.98,16.49,2024-03-24,750.0,1,1.57,12546,JIM BEAM BRANDS COMPANY    
73_DONCASTER_22593,73,22593,The Divining Rod Red,750mL,3,32.97,10.99,2024-11-14,750.0,2,0.34,2000,SOUTHERN WINE & SPIRITS NE 
55_DRY GULCH_3356,55,3356,Svedka Vodka,375mL,1,5.99,5.99,2024-02-16,375.0,1,0.39,1392,CONSTELLATION BRANDS INC   
50_MOUNTMEND_3486,50,3486,Tanqueray,375mL,2,25.98,12.99,2024-06-03,375.0,1,0.79,3960,DIAGEO NORTH AMERICA INC   
56_BEGGAR'S HOLE_32679,56,32679,Pepperwood Grove Merlot Cal,750mL,1,6.99,6.99,2024-07-24,750.0,2,0.11,9552,M S WALKER INC             
26_KNIFE'S EDGE_3893,26,3893,Zhenka 80 Proof,1.75L,1,9.99,9.99,2024-08-09,1750.0,1,1.84,9552,M S WALKER INC             
35_HALIVAARA_4959,35,4959,Bacardi Tangerine,50mL,2,1.98,0.99,2024-06-11,50.0,1,0.1,480,BACARDI USA INC            
34_PITMERDEN_2723,34,2723,J & B Rare,1.75L,2,55.98,27.99,2024-12-05,1750.0,1,3.67,3960,DIAGEO NORTH AMERICA INC   
66_EANVERNESS_4270,66,4270,Brugal Anejo Rum,750mL,1,16.99,16.99,2024-07-07,750.0,1,0.79,2561,EDRINGTON AMERICAS         
12_LEESIDE_8345,12,8345,R M Woodbridge Cab Svgn Cal,750mL,2,11.98,5.99,2024-06-14,750.0,2,0.22,1392,CONSTELLATION BRANDS INC   
30_CULCHETH_3529,30,3529,U V Vodka,1.75L,1,13.99,13.99,2024-09-21,1750.0,1,1.84,9206,PHILLIPS PRODUCTS CO.      
64_CESTERFIELD_3172,64,3172,Skyy Infusions Blood Orange,750mL,1,12.99,12.99,2024-10-07,750.0,1,0.79,11567,CAMPARI AMERICA            
21_BALERNO_8078,21,8078,Glenfiddich Special Rsv 12Yr,375mL,1,21.99,21.99,2024-10-29,375.0,1,0.39,3664,WILLIAM GRANT & SONS INC   
31_HORNSEY_8082,31,8082,Baileys Irish Cream,1.75L,9,260.91,28.99,2024-12-31,1750.0,1,16.54,3960,DIAGEO NORTH AMERICA INC   
49_GARIGILL_5316,49,5316,Amaretto DiSaronno,50mL,1,2.29,2.29,2024-11-09,50.0,1,0.05,2555,DISARONNO INTERNATIONAL LLC
32_MOUNTMEND_115,32,115,Belvedere Vodka,Liter,1,27.99,27.99,2024-03-12,1000.0,1,1.05,8112,MOET HENNESSY USA INC      
73_DONCASTER_7788,73,7788,Piehole Apple Pie,750mL,1,14.99,14.99,2024-07-03,750.0,1,0.79,3960,DIAGEO NORTH AMERICA INC   
62_KILMARNOCK_25046,62,25046,Bully Hill Love My Goat Rd,750mL,1,8.99,8.99,2024-12-21,750.0,2,0.11,2000,SOUTHERN WINE & SPIRITS NE 
76_DONCASTER_16320,76,16320,Ninety+Cellars Lot 42 Pnt Gr,750mL,7,76.93,10.99,2024-08-11,750.0,2,0.79,4950,LATITUDE BEVERAGE COMPANY  
64_CESTERFIELD_26243,64,26243,A Proper Pink,750mL,1,12.99,12.99,2024-07-17,750.0,2,0.11,4425,MARTIGNETTI COMPANIES
8_ALNERWICK_5197,8,5197,Southern Comfort,375mL,2,15.98,7.99,2024-01-15,375.0,1,0.79,1128,BROWN-FORMAN CORP          
9_BLACKPOOL_3969,9,3969,Jose Cuervo Tradicional,750mL,1,18.49,18.49,2024-07-24,750.0,1,0.79,7245,PROXIMO SPIRITS INC.       
71_CLARCTON_3878,71,3878,Smirnoff 80 Proof,750mL,1,12.99,12.99,2024-09-27,750.0,1,0.79,3960,DIAGEO NORTH AMERICA INC   
74_PAENTMARWY_3221,74,3221,Pinnacle Raspberry Vodka,750mL,1,9.99,9.99,2024-11-03,750.0,1,0.79,12546,JIM BEAM BRANDS COMPANY    
30_CULCHETH_6288,30,6288,Almaden Chablis B/B,5L,1,16.99,16.99,2024-07-23,5000.0,2,0.75,9815,WINE GROUP INC             
60_IRRAGIN_31494,60,31494,Barefoot Merlot Cal,1.5L,2,23.98,11.99,2024-04-10,1500.0,2,0.45,3252,E & J GALLO WINERY         
30_CULCHETH_3102,30,3102,Smirnoff Traveler,1.75L,26,441.74,16.99,2024-12-17,1750.0,1,47.77,3960,DIAGEO NORTH AMERICA INC   
73_DONCASTER_2847,73,2847,The Quiet Man Irish Whiskey,750mL,1,29.99,29.99,2024-08-21,750.0,1,0.79,8352,LUXCO INC                  
38_GOULCREST_6593,38,6593,Souverain Chard N Cst,750mL,1,12.99,12.99,2024-05-04,750.0,2,0.11,3252,E & J GALLO WINERY         
67_EANVERNESS_3760,67,3760,Absolut Pears,750mL,1,17.99,17.99,2024-04-17,750.0,1,0.79,17035,PERNOD RICARD USA          
76_DONCASTER_4066,76,4066,Bacardi Oakheart Spiced Rum,1.75L,1,21.99,21.99,2024-05-21,1750.0,1,1.84,480,BACARDI USA INC            
12_LEESIDE_25883,12,25883,Honig Cab Svgn Napa,750mL,1,39.99,39.99,2024-10-01,750.0,2,0.11,7153,PINE STATE TRADING CO      
48_NORFOLK_3899,48,3899,Platinum 7X Distilled Vodka,375mL,2,7.98,3.99,2024-01-30,375.0,1,0.79,8004,SAZERAC CO INC             
50_MOUNTMEND_4634,50,4634,Gold Crown Wh Rum,1.75L,1,10.99,10.99,2024-10-20,1750.0,1,1.84,9552,M S WALKER INC             
76_DONCASTER_4062,76,4062,Goslings Dark'N Stormy RTD,250mL 4 Pk,2,15.98,7.99,2024-09-04,250.0,1,0.52,1485,CASTLE BRANDS CORP.        
73_DONCASTER_42422,73,42422,Firesteed Pnt Nr Ore,750mL,6,77.94,12.99,2024-12-20,750.0,2,0.68,10754,PERFECTA WINES             
45_VERITAS_2120,45,2120,Canadian Club,1.75L,2,33.98,16.99,2024-05-30,1750.0,1,3.67,12546,JIM BEAM BRANDS COMPANY    
27_MOUNTMEND_8815,27,8815,Ch Ste Michelle Chard Colmbi,750mL,2,23.98,11.99,2024-01-05,750.0,2,0.22,8673,STE MICHELLE WINE ESTATES  
24_PALPERROTH_3607,24,3607,Smirnoff Citrus Vodka,50mL,1,0.99,0.99,2024-01-26,50.0,1,0.05,3960,DIAGEO NORTH AMERICA INC   
33_HORNSEY_5233,33,5233,Cointreau Liqueur,375mL,1,21.99,21.99,2024-10-01,375.0,1,0.39,7239,REMY COINTREAU USA INC     
66_EANVERNESS_6565,66,6565,Clos du Bois Cab Svgn N Cst,750mL,8,71.92,8.99,2024-07-24,750.0,2,0.9,1392,CONSTELLATION BRANDS INC   
74_PAENTMARWY_17345,74,17345,Bogle Essential Red,750mL,4,35.8,8.95,2024-05-20,750.0,2,0.45,4425,MARTIGNETTI COMPANIES
79_BALLYMENA_1004,79,1004,Jim Beam w/2 Rocks Glasses,750mL,1,22.99,22.99,2024-11-09,750.0,1,0.79,12546,JIM BEAM BRANDS COMPANY    
32_MOUNTMEND_4225,32,4225,Goslings Black Seal Bermuda,1.75L,1,26.99,26.99,2024-09-16,1750.0,1,1.84,1485,CASTLE BRANDS CORP.        
69_MOUNTMEND_16318,69,16318,Noble Vines 667 Pnt Nr Mntry,750mL,2,23.98,11.99,2024-06-30,750.0,2,0.22,2242,DELICATO VINEYARDS INC     
41_LARNWICK_2287,41,2287,Johnnie Walker Double Black,750mL,3,119.97,39.99,2024-12-11,750.0,1,2.36,3960,DIAGEO NORTH AMERICA INC   
55_DRY GULCH_8184,55,8184,Kahlua,50mL,2,3.98,1.99,2024-04-13,50.0,1,0.1,17035,PERNOD RICARD USA          
49_GARIGILL_5124,49,5124,Cointreau Liqueur,1.75L,1,66.99,66.99,2024-03-30,1750.0,1,1.84,7239,REMY COINTREAU USA INC     
70_KELD_3689,70,3689,Stolichnaya Vanil,750mL,1,19.99,19.99,2024-10-20,750.0,1,0.79,8664,"STOLI GROUP,(USA) LLC      "
25_CAERSHIRE_19270,25,19270,Veuve Clicquot Brut Yellow,375mL,1,24.99,24.99,2024-08-26,375.0,2,0.06,8112,MOET HENNESSY USA INC      
8_ALNERWICK_6349,8,6349,Glen Ellen Chard RSV,1.5L,4,27.96,6.99,2024-05-04,1500.0,2,0.9,9815,WINE GROUP INC             
9_BLACKPOOL_5403,9,5403,Amaretto di Amore,750mL,1,8.49,8.49,2024-04-03,750.0,1,0.79,660,SAZERAC NORTH AMERICA INC. 
14_BROMWICH_5297,14,5297,Southern Comfort,750mL,1,13.99,13.99,2024-10-07,750.0,1,0.79,8004,SAZERAC CO INC             
33_HORNSEY_28548,33,28548,St Francis Old Vines Znfdl,750mL,4,67.96,16.99,2024-11-17,750.0,2,0.45,4692,KOBRAND CORPORATION        
19_WINTERVALE_8482,19,8482,Cabot Trail Cana Cream Maple,750mL,4,71.96,17.99,2024-11-21,750.0,1,3.15,9165,ULTRA BEVERAGE COMPANY LLP 
11_CARDEND_39716,11,39716,Ravenswood Vntrs Blnd Shiraz,750mL,4,35.96,8.99,2024-11-22,750.0,2,0.45,1392,CONSTELLATION BRANDS INC   
7_STANMORE_4563,7,4563,Christian Bros Brandy,1.75L,1,16.99,16.99,2024-05-28,1750.0,1,1.84,3924,HEAVEN HILL DISTILLERIES   
7_STANMORE_5440,7,5440,Jagermeister Liqueur,1.75L,3,98.97,32.99,2024-10-26,1750.0,1,5.51,3089,SIDNEY FRANK IMPORTING CO  
6_GOULCREST_7077,6,7077,Smirnoff Strawberry Vodka,50mL,2,1.98,0.99,2024-07-02,50.0,1,0.1,3960,DIAGEO NORTH AMERICA INC   
60_IRRAGIN_5359,60,5359,Distroya Spiced Liqueur,750mL,1,19.99,19.99,2024-09-08,750.0,1,0.79,9165,ULTRA BEVERAGE COMPANY LLP 
44_PORTHCRAWL_21319,44,21319,Wlm Hill Est No Cst Svgn Bl,750mL,1,10.99,10.99,2024-06-29,750.0,2,0.11,3252,E & J GALLO WINERY         
55_DRY GULCH_35606,55,35606,Castle Rock Chard Cntrl Cst,750mL,1,9.99,9.99,2024-10-11,750.0,2,0.11,4425,MARTIGNETTI COMPANIES
50_MOUNTMEND_24241,50,24241,Tenet Syrah Le Fervent,750mL,1,12.49,12.49,2024-09-17,750.0,2,0.11,8673,STE MICHELLE WINE ESTATES  
49_GARIGILL_5353,49,5353,Grand Marnier,375mL,2,37.98,18.99,2024-05-21,375.0,1,0.79,8112,MOET HENNESSY USA INC      
67_EANVERNESS_175,67,175,1800 Anejo Tequila,750mL,1,41.99,41.99,2024-07-31,750.0,1,0.79,7245,PROXIMO SPIRITS INC.       
50_MOUNTMEND_3486,50,3486,Tanqueray,375mL,1,12.99,12.99,2024-06-09,375.0,1,0.39,3960,DIAGEO NORTH AMERICA INC   
15_WANBORNE_11152,15,11152,Stemmari Pt Nr,750mL,1,8.99,8.99,2024-11-22,750.0,2,0.11,9165,ULTRA BEVERAGE COMPANY LLP 
66_EANVERNESS_1657,66,1657,Dalwhinnie Distillers Edtion,750mL,1,69.99,69.99,2024-04-13,750.0,1,0.79,3960,DIAGEO NORTH AMERICA INC   
50_MOUNTMEND_17504,50,17504,Butternut Chard,750mL,8,95.92,11.99,2024-03-25,750.0,2,0.9,10754,PERFECTA WINES             
58_HARTLEPOOL_4829,58,4829,Mr Boston Blackberry Brandy,1.75L,1,13.99,13.99,2024-08-13,1750.0,1,1.84,660,SAZERAC NORTH AMERICA INC. 
67_EANVERNESS_1896,67,1896,The Glenlivet 18 Yr Single,750mL,1,109.99,109.99,2024-12-11,750.0,1,0.79,17035,PERNOD RICARD USA          
33_HORNSEY_6579,33,6579,J Lohr Riverstone Chard,750mL,12,119.88,9.99,2024-08-10,750.0,2,1.35,4425,MARTIGNETTI COMPANIES
50_MOUNTMEND_2704,50,2704,Serpent's Bite Cider Whiskey,50mL,1,0.99,0.99,2024-01-16,50.0,1,0.05,1392,CONSTELLATION BRANDS INC   
37_PAETHSMOUTH_5491,37,5491,Rumpleminze,50mL,4,7.96,1.99,2024-11-19,50.0,1,0.21,3960,DIAGEO NORTH AMERICA INC   
73_DONCASTER_126,73,126,Grey Goose Vodka,Liter,6,173.94,28.99,2024-07-19,1000.0,1,6.3,480,BACARDI USA INC            
55_DRY GULCH_5417,55,5417,Bols Triple Sec,Liter,12,95.88,7.99,2024-03-05,1000.0,1,12.6,6213,MHW LTD                    
18_FURNESS_8498,18,8498,R M Woodbridge Svgn Bl Cal,1.5L,1,9.99,9.99,2024-08-14,1500.0,2,0.22,1392,CONSTELLATION BRANDS INC   
19_WINTERVALE_3684,19,3684,Fleischmanns Royal Vodka,1.75L,11,109.89,9.99,2024-12-02,1750.0,1,20.21,660,SAZERAC NORTH AMERICA INC. 
15_WANBORNE_34647,15,34647,Terrazas Alto Malbec Argn,750mL,2,20.98,10.49,2024-06-24,750.0,2,0.22,8112,MOET HENNESSY USA INC      
65_LUTON_11828,65,11828,Cupcake Svgn Bl,750mL,2,15.98,7.99,2024-03-23,750.0,2,0.22,9815,WINE GROUP INC             
4_EANVERNESS_46447,4,46447,Gascon Malbec Mendoza,750mL,3,32.97,10.99,2024-08-21,750.0,2,0.34,3252,E & J GALLO WINERY         
13_TARMSWORTH_3878,13,3878,Smirnoff 80 Proof,750mL,6,65.94,10.99,2024-12-03,750.0,1,4.72,3960,DIAGEO NORTH AMERICA INC   
78_EASTHAVEN_3779,78,3779,Three Olives Cherry Vodka,750mL,1,12.99,12.99,2024-01-16,750.0,1,0.79,7245,PROXIMO SPIRITS INC.       
69_MOUNTMEND_35442,69,35442,Borsao Tres Picos Garnacha,750mL,1,14.99,14.99,2024-06-05,750.0,2,0.11,9552,M S WALKER INC             
6_GOULCREST_2398,6,2398,Tullamore Dew,750mL,2,43.98,21.99,2024-10-20,750.0,1,1.57,3664,WILLIAM GRANT & SONS INC   
22_SHARNWICK_3682,22,3682,Belvedere Vodka,750mL,1,22.99,22.99,2024-12-14,750.0,1,0.79,8112,MOET HENNESSY USA INC      
6_GOULCREST_39798,6,39798,R M Woodbridge Pnt Grigio,187mL 4 Pk,1,6.99,6.99,2024-12-19,187.0,2,0.03,1392,CONSTELLATION BRANDS INC   
53_HILLFAR_8462,53,8462,Frangelico Hazelnut Liqueur,750mL,1,21.99,21.99,2024-10-14,750.0,1,0.79,11567,CAMPARI AMERICA            
48_NORFOLK_15399,48,15399,Lobster Reef Svgn Bl,750mL,1,11.99,11.99,2024-03-30,750.0,2,0.11,9552,M S WALKER INC             
30_CULCHETH_5735,30,5735,Malibu Rum,750mL,1,12.99,12.99,2024-01-14,750.0,1,0.79,17035,PERNOD RICARD USA          
76_DONCASTER_3794,76,3794,Cabo Wabo Reposado Tequila,750mL,1,36.99,36.99,2024-05-16,750.0,1,0.79,11567,CAMPARI AMERICA            
73_DONCASTER_25797,73,25797,GH Mumm Rose,750mL,2,59.98,29.99,2024-08-06,750.0,2,0.22,17035,PERNOD RICARD USA          
71_CLARCTON_5983,71,5983,Flag Hill Spiced Rum,750mL,1,29.99,29.99,2024-01-15,750.0,1,0.79,17031,FLAG HILL WINERY & VINEYARD
69_MOUNTMEND_3883,69,3883,Hornitos Lime Shot Tequila,750mL,1,24.99,24.99,2024-03-13,750.0,1,0.79,12546,JIM BEAM BRANDS COMPANY    
10_HORNSEY_21573,10,21573,Casal Garcia Vinho Verde Ros,750mL,1,6.99,6.99,2024-07-30,750.0,2,0.11,4425,MARTIGNETTI COMPANIES
67_EANVERNESS_8626,67,8626,Ezra Brooks,1.75L,1,19.99,19.99,2024-11-12,1750.0,1,1.84,8352,LUXCO INC                  
60_IRRAGIN_6553,60,6553,Harveys Bristol Cream Sherry,750mL,1,13.99,13.99,2024-11-28,750.0,2,0.11,12546,JIM BEAM BRANDS COMPANY    
66_EANVERNESS_41899,66,41899,Marietta Old Vine Cve Cal Rd,750mL,2,23.98,11.99,2024-10-28,750.0,2,0.22,7153,PINE STATE TRADING CO      
74_PAENTMARWY_5747,74,5747,Malibu Pineapple Rum,750mL,2,25.98,12.99,2024-09-03,750.0,1,1.57,17035,PERNOD RICARD USA          
77_TAMWORTH_2173,77,2173,Canadian Club Rye,750mL,1,17.99,17.99,2024-12-31,750.0,1,0.79,12546,JIM BEAM BRANDS COMPANY    
27_MOUNTMEND_18877,27,18877,Di Padrino Sweet Vermouth,1.5L,1,7.99,7.99,2024-07-25,1500.0,2,0.22,8004,SAZERAC CO INC             
34_PITMERDEN_14706,34,14706,Cupcake Prosecco,750mL,1,9.99,9.99,2024-05-23,750.0,2,0.11,9815,WINE GROUP INC             
69_MOUNTMEND_6647,69,6647,Estancia Chard,750mL,3,35.97,11.99,2024-09-10,750.0,2,0.34,1392,CONSTELLATION BRANDS INC   
51_ABERDEEN_5713,51,5713,DeKuyper Sour Apple Pucker,1.75L,1,16.99,16.99,2024-12-20,1750.0,1,1.84,12546,JIM BEAM BRANDS COMPANY    
34_PITMERDEN_41157,34,41157,Phillips Sixth Sense Syrah,750mL,1,15.99,15.99,2024-07-26,750.0,2,0.11,4425,MARTIGNETTI COMPANIES
50_MOUNTMEND_3300,50,3300,Smirnoff Sorbet Mango/Pasion,50mL,3,2.97,0.99,2024-01-23,50.0,1,0.16,3960,DIAGEO NORTH AMERICA INC   
34_PITMERDEN_43922,34,43922,Farnum Hill Farmhouse Cider,750mL,1,8.99,8.99,2024-09-01,750.0,2,0.11,90027,POVERTY LANE ORCHARDS      
50_MOUNTMEND_3981,50,3981,Three Olives Berry Vodka,750mL,2,23.98,11.99,2024-02-13,750.0,1,1.57,7245,PROXIMO SPIRITS INC.       
34_PITMERDEN_6183,34,6183,Clos du Bois Svgn Bl N Cst,750mL,1,12.99,12.99,2024-02-03,750.0,2,0.11,1392,CONSTELLATION BRANDS INC   
37_PAETHSMOUTH_6281,37,6281,Franzia Sunset Blush Tap,5L,1,12.99,12.99,2024-10-21,5000.0,2,0.75,9815,WINE GROUP INC             
51_ABERDEEN_5337,51,5337,Drambuie,750mL,1,26.99,26.99,2024-01-21,750.0,1,0.79,3664,WILLIAM GRANT & SONS INC   
34_PITMERDEN_16877,34,16877,Ninety+Cellars Lot 53 Cab Sv,750mL,1,10.99,10.99,2024-11-23,750.0,2,0.11,4950,LATITUDE BEVERAGE COMPANY  
42_BLACK HOLLOW_3728,42,3728,Absolut Citron,1.75L,1,24.99,24.99,2024-04-22,1750.0,1,1.84,17035,PERNOD RICARD USA          
50_MOUNTMEND_8892,50,8892,R Mondavi Cab Svgn Napa,750mL,1,30.99,30.99,2024-05-07,750.0,2,0.11,1392,CONSTELLATION BRANDS INC   
43_WOLFORD_3769,43,3769,Jenkins Vodka,1.75L,4,35.96,8.99,2024-12-24,1750.0,1,7.35,9552,M S WALKER INC             
73_DONCASTER_1955,73,1955,Jack Daniels Tennessee Honey,375mL,3,38.97,12.99,2024-02-26,375.0,1,1.18,1128,BROWN-FORMAN CORP          
33_HORNSEY_7254,33,7254,Cribari Marsala,750mL,4,31.96,7.99,2024-09-15,750.0,2,0.45,1392,CONSTELLATION BRANDS INC   
49_GARIGILL_4178,49,4178,Fabrizia Limoncello,375mL,25,324.75,12.99,2024-05-10,375.0,1,9.84,1655,FABRIZIA SPIRITS LLC       
21_BALERNO_10727,21,10727,Starborough Svgn Bl Marlboro,750mL,4,35.96,8.99,2024-12-01,750.0,2,0.45,3252,E & J GALLO WINERY         
60_IRRAGIN_41072,60,41072,Angeline Pnt Nr Rsv,750mL,5,59.95,11.99,2024-12-29,750.0,2,0.56,9552,M S WALKER INC             
15_WANBORNE_31787,15,31787,Peter Vella Merlot Calif B/B,5L,1,16.99,16.99,2024-06-23,5000.0,2,0.75,3252,E & J GALLO WINERY         
35_HALIVAARA_4247,35,4247,Bacardi Limon Rum,750mL,1,11.99,11.99,2024-02-03,750.0,1,0.79,480,BACARDI USA INC            
40_BULLMAR_39479,40,39479,Barefoot Premium X-Dry,750mL,1,6.95,6.95,2024-09-02,750.0,2,0.11,3252,E & J GALLO WINERY         
61_AETHELNEY_6967,61,6967,Santa Margherita Pnt Grigio,750mL,1,21.11,21.11,2024-09-09,750.0,2,0.11,4425,MARTIGNETTI COMPANIES
76_DONCASTER_19224,76,19224,Miraval Cotes de Prvnce Rose,750mL,1,21.99,21.99,2024-10-15,750.0,2,0.11,1587,VINEYARD BRANDS INC        
71_CLARCTON_42764,71,42764,14 Hands Cab Svgn Wash,750mL,3,26.97,8.99,2024-12-29,750.0,2,0.34,8673,STE MICHELLE WINE ESTATES  
76_DONCASTER_25603,76,25603,Verrazzano Chianti Clsc,750mL,2,33.98,16.99,2024-10-05,750.0,2,0.22,6785,PALM BAY INTERNATIONAL INC 
9_BLACKPOOL_8200,9,8200,Chambord Liqueur de France,50mL,1,2.99,2.99,2024-05-21,50.0,1,0.05,1128,BROWN-FORMAN CORP          
71_CLARCTON_26945,71,26945,Ferrari-Carano Fume Bl,750mL,2,19.98,9.99,2024-12-18,750.0,2,0.22,2000,SOUTHERN WINE & SPIRITS NE 
38_GOULCREST_46762,38,46762,Clayhouse Cab Svgn Paso Rbls,750mL,1,14.99,14.99,2024-05-18,750.0,2,0.11,4425,MARTIGNETTI COMPANIES
17_OLDHAM_5828,17,5828,Ryans Irish Cream,750mL,1,8.99,8.99,2024-05-18,750.0,1,0.79,8004,SAZERAC CO INC             
33_HORNSEY_800,33,800,Jameson Irish Whiskey,Liter,1,31.99,31.99,2024-03-07,1000.0,1,1.05,17035,PERNOD RICARD USA          
66_EANVERNESS_1848,66,1848,Oban Little Bay Single Malt,750mL,1,59.99,59.99,2024-11-13,750.0,1,0.79,3960,DIAGEO NORTH AMERICA INC   
30_CULCHETH_35913,30,35913,Stone Cellars Cab Svgn,1.5L,1,8.99,8.99,2024-04-16,1500.0,2,0.22,9819,TREASURY WINE ESTATES      
34_PITMERDEN_17176,34,17176,Beringer Classic Chard,1.5L,3,29.97,9.99,2024-11-12,1500.0,2,0.68,9819,TREASURY WINE ESTATES      
78_EASTHAVEN_18027,78,18027,Banfi Rosa Regale,750mL,1,16.99,16.99,2024-02-20,750.0,2,0.11,516,BANFI PRODUCTS CORP        
55_DRY GULCH_858,55,858,Canadian Club,Liter,3,35.97,11.99,2024-05-20,1000.0,1,3.15,12546,JIM BEAM BRANDS COMPANY    
68_SOLARIS_178,68,178,Wild Turkey Russell's RSV,750mL,1,26.99,26.99,2024-12-30,750.0,1,0.79,11567,CAMPARI AMERICA            
10_HORNSEY_2468,10,2468,Crown Royal Nrth Harvest Rye,750mL,2,59.98,29.99,2024-01-22,750.0,1,1.57,3960,DIAGEO NORTH AMERICA INC   
72_HARDERSFIELD_46763,72,46763,Clayhouse Svgn Bl Paso Roble,750mL,1,11.99,11.99,2024-12-03,750.0,2,0.11,4425,MARTIGNETTI COMPANIES
34_PITMERDEN_25704,34,25704,Murphy-Goode Chard Sonoma,750mL,1,10.99,10.99,2024-06-25,750.0,2,0.11,9552,M S WALKER INC             
41_LARNWICK_2258,41,2258,Dewars Special Reserve 12 Yr,375mL,1,16.99,16.99,2024-09-24,375.0,1,0.39,480,BACARDI USA INC            
10_HORNSEY_8623,10,8623,Casamigos Anejo Tequila,50mL,1,2.99,2.99,2024-02-17,50.0,1,0.05,6213,MHW LTD                    
17_OLDHAM_32648,17,32648,Beringer Classic Wh Znfdl,1.5L,1,9.99,9.99,2024-08-11,1500.0,2,0.22,9819,TREASURY WINE ESTATES      
66_EANVERNESS_5587,66,5587,Jose Cuervo Golden Margarita,1.75L,1,16.99,16.99,2024-08-07,1750.0,1,1.84,7245,PROXIMO SPIRITS INC.       
1_HARDERSFIELD_3802,1,3802,Three Olives Vodka,1.75L,4,75.96,18.99,2024-10-31,1750.0,1,7.35,7245,PROXIMO SPIRITS INC.       
66_EANVERNESS_32508,66,32508,C Krug Merlot Napa,750mL,1,22.99,22.99,2024-04-10,750.0,2,0.11,2000,SOUTHERN WINE & SPIRITS NE 
69_MOUNTMEND_1359,69,1359,Knob Creek Rye,750mL,1,29.99,29.99,2024-12-08,750.0,1,0.79,12546,JIM BEAM BRANDS COMPANY    
28_LARNWICK_6420,28,6420,R M Woodbridge Chard Cal,750mL,10,59.9,5.99,2024-05-27,750.0,2,1.12,1392,CONSTELLATION BRANDS INC   
1_HARDERSFIELD_8691,1,8691,Jose Cuervo Especial,750mL,2,29.98,14.99,2024-02-03,750.0,1,1.57,7245,PROXIMO SPIRITS INC.       
33_HORNSEY_33149,33,33149,Alamos Ridge Malbec Mendoza,750mL,1,9.99,9.99,2024-12-03,750.0,2,0.11,3252,E & J GALLO WINERY         
11_CARDEND_37313,11,37313,Salmon Run NY Rsl,750mL,2,23.98,11.99,2024-03-02,750.0,2,0.22,10754,PERFECTA WINES             
43_WOLFORD_36770,43,36770,Yellow Tail Cab Svgn Ausl,1.5L,5,44.75,8.95,2024-12-23,1500.0,2,1.12,4425,MARTIGNETTI COMPANIES
23_ARBINGTON_8961,23,8961,Jose Cuervo Especial,50mL,1,1.49,1.49,2024-05-11,50.0,1,0.05,7245,PROXIMO SPIRITS INC.       
73_DONCASTER_3694,73,3694,Stolichnaya Razberi,750mL,1,19.99,19.99,2024-02-03,750.0,1,0.79,8664,"STOLI GROUP,(USA) LLC      "
2_ASHBORNE_14622,2,14622,La Marca Prosecco,750mL,3,38.97,12.99,2024-09-22,750.0,2,0.34,3252,E & J GALLO WINERY         
39_EASTHALLOW_25932,39,25932,Gabbiano Chianti Clsc,750mL,1,9.99,9.99,2024-12-16,750.0,2,0.11,9819,TREASURY WINE ESTATES      
15_WANBORNE_2752,15,2752,Johnnie Walker Black Label,750mL,1,34.99,34.99,2024-01-14,750.0,1,0.79,3960,DIAGEO NORTH AMERICA INC   
14_BROMWICH_27867,14,27867,Vendange Merlot,1.5L,2,15.98,7.99,2024-09-01,1500.0,2,0.45,1392,CONSTELLATION BRANDS INC   
34_PITMERDEN_4225,34,4225,Goslings Black Seal Bermuda,1.75L,4,103.96,25.99,2024-06-27,1750.0,1,7.35,1485,CASTLE BRANDS CORP.        
55_DRY GULCH_1730,55,1730,La Collection NH Summer,750mL,1,29.99,29.99,2024-07-12,750.0,2,0.11,9165,ULTRA BEVERAGE COMPANY LLP 
71_CLARCTON_5165,71,5165,Hpnotiq Liqueur,750mL,1,17.99,17.99,2024-08-22,750.0,1,0.79,3924,HEAVEN HILL DISTILLERIES   
66_EANVERNESS_3085,66,3085,Absolut Mini Bar 5/50mls,50mL 5 Pk,2,11.98,5.99,2024-03-12,50.0,1,0.1,17035,PERNOD RICARD USA          
67_EANVERNESS_8793,67,8793,Fabrizia's Margarita RTD,1.75L,1,18.99,18.99,2024-06-12,1750.0,1,1.84,1655,FABRIZIA SPIRITS LLC       
76_DONCASTER_2841,76,2841,High West Double Rye Whiskey,750mL,4,119.96,29.99,2024-06-26,750.0,1,3.15,9165,ULTRA BEVERAGE COMPANY LLP 
34_PITMERDEN_12994,34,12994,Acrobat Pnt Gris Oregon,750mL,2,25.98,12.99,2024-01-03,750.0,2,0.22,4425,MARTIGNETTI COMPANIES
55_DRY GULCH_4413,55,4413,Casamigos Blanco,50mL,3,5.97,1.99,2024-01-17,50.0,1,0.16,6213,MHW LTD                    
59_CLAETHORPES_1379,59,1379,Jim Beam Traveler,750mL,1,14.49,14.49,2024-02-19,750.0,1,0.79,12546,JIM BEAM BRANDS COMPANY    
10_HORNSEY_8579,10,8579,Chi Chi's Orange Cream RTD,1.75L,1,8.99,8.99,2024-01-07,1750.0,1,1.84,660,SAZERAC NORTH AMERICA INC. 
7_STANMORE_40337,7,40337,Da Vinci Chianti Tuscany,750mL,2,19.98,9.99,2024-07-02,750.0,2,0.22,3252,E & J GALLO WINERY         
34_PITMERDEN_8205,34,8205,Frangelico Hazelnut Liqueur,50mL,2,5.98,2.99,2024-03-20,50.0,1,0.1,11567,CAMPARI AMERICA            
15_WANBORNE_1892,15,1892,Yukon Jack,50mL,28,27.72,0.99,2024-06-06,50.0,1,1.47,3960,DIAGEO NORTH AMERICA INC   
72_HARDERSFIELD_3344,72,3344,Bombay Sapphire Gin,750mL,1,19.99,19.99,2024-05-10,750.0,1,0.79,480,BACARDI USA INC            
23_ARBINGTON_3951,23,3951,Hornitos Reposado Tequila,50mL,1,2.49,2.49,2024-03-12,50.0,1,0.05,12546,JIM BEAM BRANDS COMPANY    
9_BLACKPOOL_5254,9,5254,DeKuyper Buttershots Schnpps,750mL,1,10.99,10.99,2024-06-20,750.0,1,0.79,12546,JIM BEAM BRANDS COMPANY    
15_WANBORNE_3980,15,3980,Hornitos Reposado Tequila,1.75L,1,32.99,32.99,2024-08-30,1750.0,1,1.84,12546,JIM BEAM BRANDS COMPANY    
68_SOLARIS_284,68,284,Milagro Tequila Anejo SBR,750mL,1,76.99,76.99,2024-06-04,750.0,1,0.79,3664,WILLIAM GRANT & SONS INC   
54_GUTHRAM_3893,54,3893,Zhenka 80 Proof,1.75L,2,19.98,9.99,2024-01-13,1750.0,1,3.67,9552,M S WALKER INC             
30_CULCHETH_28658,30,28658,R Mondavi Pnt Nr Pvt Sel,750mL,6,41.88,6.98,2024-10-07,750.0,2,0.68,1392,CONSTELLATION BRANDS INC   
67_EANVERNESS_870,67,870,Carpano Antica Formula,Liter,1,29.99,29.99,2024-06-28,1000.0,2,0.15,9165,ULTRA BEVERAGE COMPANY LLP 
66_EANVERNESS_8498,66,8498,R M Woodbridge Svgn Bl Cal,1.5L,5,49.95,9.99,2024-09-03,1500.0,2,1.12,1392,CONSTELLATION BRANDS INC   
62_KILMARNOCK_3348,62,3348,Bombay Sapphire Gin,1.75L,2,63.98,31.99,2024-10-07,1750.0,1,3.67,480,BACARDI USA INC            
75_BARNCOMBE_3638,75,3638,Pinnacle Whipped,50mL,4,3.96,0.99,2024-10-23,50.0,1,0.21,12546,JIM BEAM BRANDS COMPANY    
37_PAETHSMOUTH_8848,37,8848,Deep Eddy Lemon Vodka,50mL,1,0.99,0.99,2024-12-22,50.0,1,0.05,3924,HEAVEN HILL DISTILLERIES   
56_BEGGAR'S HOLE_2114,56,2114,Black Velvet Canadian Whisky,1.75L,2,25.98,12.99,2024-06-19,1750.0,1,3.67,1392,CONSTELLATION BRANDS INC   
10_HORNSEY_44037,10,44037,Barefoot Pnt Grigio Cal,750mL,2,12.58,6.29,2024-07-07,750.0,2,0.22,3252,E & J GALLO WINERY         
49_GARIGILL_8691,49,8691,Jose Cuervo Especial,750mL,1,16.99,16.99,2024-04-17,750.0,1,0.79,7245,PROXIMO SPIRITS INC.       
12_LEESIDE_1737,12,1737,Makers Mark,1.75L,1,52.99,52.99,2024-10-29,1750.0,1,1.84,12546,JIM BEAM BRANDS COMPANY    
34_PITMERDEN_4221,34,4221,Bacardi Gold Rum Traveler,1.75L,2,35.98,17.99,2024-01-25,1750.0,1,3.67,480,BACARDI USA INC            
67_EANVERNESS_5776,67,5776,Malibu Black,1.75L,1,22.99,22.99,2024-10-23,1750.0,1,1.84,17035,PERNOD RICARD USA          
63_SWORDBREAK_2757,63,2757,Johnnie Walker Red Label,1.75L,5,144.95,28.99,2024-11-19,1750.0,1,9.19,3960,DIAGEO NORTH AMERICA INC   
23_ARBINGTON_12213,23,12213,Evodia Garnacha Old Vine,750mL,1,8.99,8.99,2024-07-20,750.0,2,0.11,9552,M S WALKER INC             
60_IRRAGIN_7956,60,7956,Bayou Satsuma Rum Liqueur,50mL,1,0.99,0.99,2024-10-16,50.0,1,0.05,8664,"STOLI GROUP,(USA) LLC      "
5_SUTTON_24327,5,24327,La Crema Pnt Nr Sonoma Cst,750mL,1,19.99,19.99,2024-03-24,750.0,2,0.11,10000,MAJESTIC FINE WINES        
48_NORFOLK_3246,48,3246,Bentley's Vodka,1.75L,2,17.58,8.79,2024-06-23,1750.0,1,3.67,8004,SAZERAC CO INC             
55_DRY GULCH_8522,55,8522,Dekuyper Peachtree Scnapps,50mL,1,0.99,0.99,2024-12-16,50.0,1,0.05,12546,JIM BEAM BRANDS COMPANY    
50_MOUNTMEND_6648,50,6648,Marcus James Merlot Mendoza,1.5L,1,7.99,7.99,2024-12-27,1500.0,2,0.22,1392,CONSTELLATION BRANDS INC   
51_ABERDEEN_4678,51,4678,Courvoisier VS Cognac,750mL,2,45.98,22.99,2024-12-11,750.0,1,1.57,12546,JIM BEAM BRANDS COMPANY    
9_BLACKPOOL_44334,9,44334,Noble Vines 337 Cab Svgn,750mL,1,11.99,11.99,2024-12-22,750.0,2,0.11,2242,DELICATO VINEYARDS INC     
54_GUTHRAM_3396,54,3396,Smirnoff Vanilla Vodka,1.75L,1,18.99,18.99,2024-12-16,1750.0,1,1.84,3960,DIAGEO NORTH AMERICA INC   
31_HORNSEY_4857,31,4857,Skyy Infusions Grapefuit,50mL,2,1.98,0.99,2024-02-29,50.0,1,0.1,11567,CAMPARI AMERICA            
6_GOULCREST_3598,6,3598,Ice Pik Vodka,750mL,13,181.87,13.99,2024-07-21,750.0,1,10.24,8150,SEA HAGG DISTILLERY LLC    
77_TAMWORTH_11970,77,11970,Zaccagnini Montepulciano Rsv,750mL,2,29.98,14.99,2024-02-06,750.0,2,0.22,2000,SOUTHERN WINE & SPIRITS NE 
49_GARIGILL_8064,49,8064,Canadian Club,50mL,6,5.94,0.99,2024-02-27,50.0,1,0.32,12546,JIM BEAM BRANDS COMPANY    
52_GRAYCOTT_3511,52,3511,New Amsterdam Vodka,750mL,2,19.98,9.99,2024-06-04,750.0,1,1.57,3252,E & J GALLO WINERY         
79_BALLYMENA_3859,79,3859,Smirnoff 80 Proof,375mL,1,8.99,8.99,2024-01-13,375.0,1,0.39,3960,DIAGEO NORTH AMERICA INC   
2_ASHBORNE_5872,2,5872,Godiva Chocolate Liqueur,50mL,1,2.99,2.99,2024-04-09,50.0,1,0.05,3960,DIAGEO NORTH AMERICA INC   
60_IRRAGIN_8023,60,8023,DeKuyper Triple Sec,750mL,1,4.99,4.99,2024-03-06,750.0,1,0.79,12546,JIM BEAM BRANDS COMPANY    
10_HORNSEY_3637,10,3637,Zhenka Vodka Plastic,750mL,12,63.48,5.29,2024-09-30,750.0,1,9.45,9552,M S WALKER INC             
47_PELLA'S WISH_40545,47,40545,Whitehaven Svgn Bl Marlboro,750mL,6,89.94,14.99,2024-10-31,750.0,2,0.68,3252,E & J GALLO WINERY         
50_MOUNTMEND_25740,50,25740,Oberon Chardonnay,750mL,2,25.58,12.79,2024-11-21,750.0,2,0.22,9165,ULTRA BEVERAGE COMPANY LLP 
79_BALLYMENA_6479,79,6479,Clos du Bois Chard,750mL,16,143.84,8.99,2024-04-24,750.0,2,1.8,1392,CONSTELLATION BRANDS INC   
45_VERITAS_2117,45,2117,Black Velvet Traveler,750mL,3,26.97,8.99,2024-06-07,750.0,1,2.36,1392,CONSTELLATION BRANDS INC   
48_NORFOLK_5759,48,5759,Malibu Tropical Banana Rum,750mL,1,14.99,14.99,2024-09-17,750.0,1,0.79,17035,PERNOD RICARD USA          
20_BREDWARDINE_24325,20,24325,La Crema Chard Sonoma Cst,750mL,1,16.99,16.99,2024-08-24,750.0,2,0.11,10000,MAJESTIC FINE WINES        
62_KILMARNOCK_5391,62,5391,Kamora Coffee,1.75L,2,31.98,15.99,2024-10-30,1750.0,1,3.67,12546,JIM BEAM BRANDS COMPANY    
34_PITMERDEN_41034,34,41034,Menage a Trois Red,750mL,6,53.94,8.99,2024-10-21,750.0,2,0.68,8892,TRINCHERO FAMILY ESTATES   
9_BLACKPOOL_8626,9,8626,Ezra Brooks,1.75L,3,47.97,15.99,2024-01-02,1750.0,1,5.51,8352,LUXCO INC                  
20_BREDWARDINE_20398,20,20398,I Lauri Bajo Montepul d'Abru,750mL,3,26.97,8.99,2024-03-30,750.0,2,0.34,7255,PSP WINES 
66_EANVERNESS_19223,66,19223,Trimbach Pnt Bl,750mL,2,27.98,13.99,2024-09-21,750.0,2,0.22,6785,PALM BAY INTERNATIONAL INC 
59_CLAETHORPES_8627,59,8627,Jadot Beaujolais Villages,750mL,1,9.99,9.99,2024-11-05,750.0,2,0.11,4692,KOBRAND CORPORATION        
79_BALLYMENA_8172,79,8172,DK Burst Blustery Peppermint,50mL,4,3.96,0.99,2024-07-07,50.0,1,0.21,12546,JIM BEAM BRANDS COMPANY    
10_HORNSEY_17146,10,17146,Honeymaker Dry Mead,750mL,3,44.97,14.99,2024-07-08,750.0,2,0.34,9165,ULTRA BEVERAGE COMPANY LLP 
23_ARBINGTON_35913,23,35913,Stone Cellars Cab Svgn,1.5L,1,7.99,7.99,2024-01-09,1500.0,2,0.22,9819,TREASURY WINE ESTATES      
60_IRRAGIN_3637,60,3637,Zhenka Vodka Plastic,750mL,1,5.29,5.29,2024-11-08,750.0,1,0.79,9552,M S WALKER INC             
50_MOUNTMEND_5232,50,5232,DeKuyper Buttershots Schnaps,1.75L,1,14.99,14.99,2024-08-14,1750.0,1,1.84,12546,JIM BEAM BRANDS COMPANY    
61_AETHELNEY_4187,61,4187,Kraken Black Spiced Rum,750mL,1,17.99,17.99,2024-06-03,750.0,1,0.79,7245,PROXIMO SPIRITS INC.       
74_PAENTMARWY_32908,74,32908,Sterling Vintners Cltn Merlo,750mL,1,9.99,9.99,2024-07-12,750.0,2,0.11,1590,DIAGEO CHATEAU ESTATE WINES
42_BLACK HOLLOW_3728,42,3728,Absolut Citron,1.75L,1,24.99,24.99,2024-08-25,1750.0,1,1.84,17035,PERNOD RICARD USA          
49_GARIGILL_8694,49,8694,Skinnygirl Cosmopolitan,750mL,1,10.99,10.99,2024-11-05,750.0,1,0.79,12546,JIM BEAM BRANDS COMPANY    
9_BLACKPOOL_3682,9,3682,Belvedere Vodka,750mL,3,68.97,22.99,2024-09-16,750.0,1,2.36,8112,MOET HENNESSY USA INC      
41_LARNWICK_19453,41,19453,Wente Southern Hill Cab Svgn,750mL,4,55.96,13.99,2024-12-24,750.0,2,0.45,2000,SOUTHERN WINE & SPIRITS NE 
73_DONCASTER_13663,73,13663,Duckhorn Decoy Znfdl Napa Vl,750mL,1,19.99,19.99,2024-05-22,750.0,2,0.11,4425,MARTIGNETTI COMPANIES
69_MOUNTMEND_4343,69,4343,Cruzan Blueberry Lemonade,750mL,1,9.99,9.99,2024-09-18,750.0,1,0.79,12546,JIM BEAM BRANDS COMPANY    
21_BALERNO_21534,21,21534,Broadbent Vinho Verde Rose,750mL,1,11.99,11.99,2024-05-26,750.0,2,0.11,90024,VINILANDIA USA             
75_BARNCOMBE_5315,75,5315,B & B Liqueur Dom,750mL,1,28.99,28.99,2024-10-28,750.0,1,0.79,480,BACARDI USA INC            
68_SOLARIS_3768,68,3768,Jenkins Vodka,750mL,1,4.99,4.99,2024-06-15,750.0,1,0.79,9552,M S WALKER INC             
78_EASTHAVEN_3776,78,3776,Jose Cuervo Especial Silver,1.75L,3,77.97,25.99,2024-02-09,1750.0,1,5.51,7245,PROXIMO SPIRITS INC.       
60_IRRAGIN_3085,60,3085,Absolut Mini Bar 5/50mls,50mL 5 Pk,1,5.99,5.99,2024-02-15,50.0,1,0.05,17035,PERNOD RICARD USA          
9_BLACKPOOL_3630,9,3630,Stolichnaya Razberi,1.75L,1,24.99,24.99,2024-06-01,1750.0,1,1.84,8664,"STOLI GROUP,(USA) LLC      "
73_DONCASTER_4634,73,4634,Gold Crown Wh Rum,1.75L,3,32.97,10.99,2024-03-10,1750.0,1,5.51,9552,M S WALKER INC             
8_ALNERWICK_3837,8,3837,Skyy Vodka,50mL,10,9.9,0.99,2024-02-06,50.0,1,0.52,11567,CAMPARI AMERICA            
71_CLARCTON_3568,71,3568,Pearl Cucumber Vodka,50mL,1,0.99,0.99,2024-03-05,50.0,1,0.05,8352,LUXCO INC                  
72_HARDERSFIELD_8112,72,8112,Stolichnaya,1.75L,11,263.89,23.99,2024-12-23,1750.0,1,20.21,8664,"STOLI GROUP,(USA) LLC      "
38_GOULCREST_6273,38,6273,Vendange Wh Znfdl,1.5L,1,7.99,7.99,2024-11-01,1500.0,2,0.22,1392,CONSTELLATION BRANDS INC   
23_ARBINGTON_3072,23,3072,Ciroc Peach Vodka,750mL,2,47.98,23.99,2024-06-29,750.0,1,1.57,3960,DIAGEO NORTH AMERICA INC   
49_GARIGILL_4260,49,4260,Capt Morgan Original Barrel,1.75L,4,79.96,19.99,2024-06-13,1750.0,1,7.35,3960,DIAGEO NORTH AMERICA INC   
81_PEMBROKE_5725,81,5725,DeKuyper Sour Apple Pucker,750mL,4,39.96,9.99,2024-12-31,750.0,1,3.15,12546,JIM BEAM BRANDS COMPANY    
20_BREDWARDINE_4149,20,4149,Sailor Jerry Spiced Navy Rum,50mL,4,5.96,1.49,2024-06-08,50.0,1,0.21,3664,WILLIAM GRANT & SONS INC   
60_IRRAGIN_16320,60,16320,Ninety+Cellars Lot 42 Pnt Gr,750mL,5,44.95,8.99,2024-06-05,750.0,2,0.56,4950,LATITUDE BEVERAGE COMPANY  
61_AETHELNEY_5111,61,5111,Dr McGillicuddy's Mentholmnt,50mL,2,1.98,0.99,2024-12-27,50.0,1,0.1,8004,SAZERAC CO INC             
19_WINTERVALE_31231,19,31231,Nobilo Svgn Bl MarlborougH,750mL,2,21.98,10.99,2024-10-02,750.0,2,0.22,1392,CONSTELLATION BRANDS INC   
34_PITMERDEN_4091,34,4091,Mount Gay Black Barrel Rum,750mL,1,29.99,29.99,2024-09-30,750.0,1,0.79,7239,REMY COINTREAU USA INC     
64_CESTERFIELD_39348,64,39348,Sterling Vintners Cltn Pnt N,750mL,1,9.99,9.99,2024-08-31,750.0,2,0.11,1590,DIAGEO CHATEAU ESTATE WINES
19_WINTERVALE_8370,19,8370,Chi Chi's Margarita,1.75L,1,7.99,7.99,2024-08-25,1750.0,1,1.84,660,SAZERAC NORTH AMERICA INC. 
67_EANVERNESS_2890,67,2890,Four Roses Bourbon,750mL,2,53.98,26.99,2024-02-27,750.0,1,1.57,9552,M S WALKER INC             
2_ASHBORNE_5153,2,5153,Fireball Cinn Whisky Trav,750mL,2,31.98,15.99,2024-03-26,750.0,1,1.57,8004,SAZERAC CO INC             
31_HORNSEY_18106,31,18106,Barefoot Cellars Pink Moscat,1.5L,1,10.99,10.99,2024-05-06,1500.0,2,0.22,3252,E & J GALLO WINERY         
52_GRAYCOTT_24779,52,24779,Straccali Chianti,1.5L,5,49.95,9.99,2024-09-03,1500.0,2,1.12,6785,PALM BAY INTERNATIONAL INC 
12_LEESIDE_45240,12,45240,Nino Franco Prosecco Rustic,750mL,1,15.99,15.99,2024-06-08,750.0,2,0.11,9165,ULTRA BEVERAGE COMPANY LLP 
73_DONCASTER_5191,73,5191,Fireball Cinnamon Whiskey,375mL,1,9.99,9.99,2024-07-06,375.0,1,0.39,8004,SAZERAC CO INC             
49_GARIGILL_24829,49,24829,Cecchi Chianti Classico,750mL,2,25.98,12.99,2024-09-29,750.0,2,0.22,9165,ULTRA BEVERAGE COMPANY LLP 
73_DONCASTER_19381,73,19381,O Wines Chard,750mL,1,9.99,9.99,2024-10-13,750.0,2,0.11,8673,STE MICHELLE WINE ESTATES  
14_BROMWICH_8788,14,8788,Stolichnaya,50mL,1,1.99,1.99,2024-01-17,50.0,1,0.05,8664,"STOLI GROUP,(USA) LLC      "
48_NORFOLK_3243,48,3243,Burnetts Vodka,1.75L,5,69.95,13.99,2024-09-16,1750.0,1,9.19,3924,HEAVEN HILL DISTILLERIES   
56_BEGGAR'S HOLE_822,56,822,Tanqueray,Liter,1,26.99,26.99,2024-07-25,1000.0,1,1.05,3960,DIAGEO NORTH AMERICA INC   
34_PITMERDEN_1238,34,1238,The Glenlivet 12 Yr Single,50mL,1,4.99,4.99,2024-12-30,50.0,1,0.05,17035,PERNOD RICARD USA          
6_GOULCREST_8910,6,8910,Finlandia Vodka,50mL,7,6.93,0.99,2024-01-16,50.0,1,0.37,1128,BROWN-FORMAN CORP          
40_BULLMAR_18893,40,18893,19 Crimes Red,750mL,2,19.98,9.99,2024-05-19,750.0,2,0.22,9819,TREASURY WINE ESTATES      
68_SOLARIS_6579,68,6579,J Lohr Riverstone Chard,750mL,20,219.8,10.99,2024-04-01,750.0,2,2.25,4425,MARTIGNETTI COMPANIES
33_HORNSEY_8023,33,8023,DeKuyper Triple Sec,750mL,1,4.49,4.49,2024-08-03,750.0,1,0.79,12546,JIM BEAM BRANDS COMPANY    
60_IRRAGIN_4313,60,4313,Sauza Blue Silver Tequila,1.75L,1,26.99,26.99,2024-04-17,1750.0,1,1.84,12546,JIM BEAM BRANDS COMPANY    
58_HARTLEPOOL_3747,58,3747,Gordons Vodka Traveler,750mL,2,13.98,6.99,2024-04-29,750.0,1,1.57,3960,DIAGEO NORTH AMERICA INC   
76_DONCASTER_6429,76,6429,C Y Toro Frontera Svgn Bl,1.5L,1,8.99,8.99,2024-09-23,1500.0,2,0.22,516,BANFI PRODUCTS CORP        
31_HORNSEY_5219,31,5219,Sambuca Romana Black,750mL,3,59.97,19.99,2024-12-28,750.0,1,2.36,3960,DIAGEO NORTH AMERICA INC   
67_EANVERNESS_3472,67,3472,Cazadores Blanco Tequila,750mL,1,14.99,14.99,2024-01-02,750.0,1,0.79,480,BACARDI USA INC            
2_ASHBORNE_5311,2,5311,Amaretto DiSaronno,1.75L,1,37.99,37.99,2024-08-15,1750.0,1,1.84,2555,DISARONNO INTERNATIONAL LLC
76_DONCASTER_6319,76,6319,Santa Cristina Toscana,750mL,1,13.99,13.99,2024-03-20,750.0,2,0.11,8673,STE MICHELLE WINE ESTATES  
8_ALNERWICK_8497,8,8497,Kamora Coffee,750mL,1,9.99,9.99,2024-10-06,750.0,1,0.79,12546,JIM BEAM BRANDS COMPANY    
47_PELLA'S WISH_4268,47,4268,Capt Morgan Private Stock,750mL,1,22.99,22.99,2024-06-10,750.0,1,0.79,3960,DIAGEO NORTH AMERICA INC   
34_PITMERDEN_26501,34,26501,Rodney Strong Knotty Vn Znfl,750mL,1,20.99,20.99,2024-04-25,750.0,2,0.11,4425,MARTIGNETTI COMPANIES
43_WOLFORD_8064,43,8064,Canadian Club,50mL,10,9.9,0.99,2024-10-21,50.0,1,0.52,12546,JIM BEAM BRANDS COMPANY    
73_DONCASTER_16695,73,16695,Ch Hyot Brdx Castillon,750mL,2,31.98,15.99,2024-04-05,750.0,2,0.22,4425,MARTIGNETTI COMPANIES
32_MOUNTMEND_41251,32,41251,Beringer Classic Pnt Grigio,750mL,1,6.99,6.99,2024-12-26,750.0,2,0.11,9819,TREASURY WINE ESTATES      
43_WOLFORD_12495,43,12495,Cupcake Malbec,750mL,1,8.99,8.99,2024-06-04,750.0,2,0.11,9815,WINE GROUP INC             
58_HARTLEPOOL_8513,58,8513,Baileys Irish Cream Mini's 4,100mL 4 Pk,1,10.99,10.99,2024-08-10,100.0,1,0.1,3960,DIAGEO NORTH AMERICA INC   
47_PELLA'S WISH_7715,47,7715,Andre Extra Dry,750mL,1,4.49,4.49,2024-07-22,750.0,2,0.11,3252,E & J GALLO WINERY         
22_SHARNWICK_6281,22,6281,Franzia Sunset Blush Tap,5L,1,12.99,12.99,2024-10-01,5000.0,2,0.75,9815,WINE GROUP INC             
42_BLACK HOLLOW_7978,42,7978,M & R X Dry Vermouth,750mL,1,7.49,7.49,2024-03-11,750.0,1,0.79,480,BACARDI USA INC            
59_CLAETHORPES_3140,59,3140,TGI Fridays Orange Dream,1.75L,2,25.98,12.99,2024-07-23,1750.0,1,3.67,4466,AMERICAN VINTAGE BEVERAGE  
15_WANBORNE_1744,15,1744,Old Forester 100 Bourbon,750mL,1,21.99,21.99,2024-10-05,750.0,1,0.79,1128,BROWN-FORMAN CORP          
59_CLAETHORPES_25808,59,25808,Edna Valley Chard,750mL,1,11.99,11.99,2024-02-18,750.0,2,0.11,3252,E & J GALLO WINERY         
58_HARTLEPOOL_2418,58,2418,Crown Royal Regal Apple,750mL,3,71.97,23.99,2024-08-20,750.0,1,2.36,3960,DIAGEO NORTH AMERICA INC   
69_MOUNTMEND_3512,69,3512,Pinnacle Vodka,1.75L,3,50.97,16.99,2024-05-10,1750.0,1,5.51,12546,JIM BEAM BRANDS COMPANY    
17_OLDHAM_3310,17,3310,Pinnacle Vodka,375mL,1,5.99,5.99,2024-01-22,375.0,1,0.39,12546,JIM BEAM BRANDS COMPANY    
76_DONCASTER_27854,76,27854,F Coppola Black Label Claret,750mL,8,103.6,12.95,2024-05-08,750.0,2,0.9,2000,SOUTHERN WINE & SPIRITS NE 
66_EANVERNESS_7872,66,7872,Piper Heidsieck Brut,750mL,1,44.99,44.99,2024-04-26,750.0,2,0.11,4425,MARTIGNETTI COMPANIES
71_CLARCTON_42948,71,42948,Root 1 Cab Svgn,750mL,1,11.99,11.99,2024-03-22,750.0,2,0.11,7153,PINE STATE TRADING CO      
20_BREDWARDINE_35464,20,35464,Stags Leap Artemis Cab Svgn,750mL,2,97.98,48.99,2024-04-21,750.0,2,0.22,8673,STE MICHELLE WINE ESTATES  
76_DONCASTER_44228,76,44228,Clean Slate Rsl Mosel,750mL,1,11.99,11.99,2024-02-15,750.0,2,0.11,7153,PINE STATE TRADING CO      
40_BULLMAR_17345,40,17345,Bogle Essential Red,750mL,3,41.97,13.99,2024-01-04,750.0,2,0.34,4425,MARTIGNETTI COMPANIES
78_EASTHAVEN_23739,78,23739,Liberty School Cab Svgn,750mL,2,23.98,11.99,2024-08-19,750.0,2,0.22,4425,MARTIGNETTI COMPANIES
35_HALIVAARA_28889,35,28889,Peter Vella Chard Cal B/B,5L,1,15.49,15.49,2024-11-19,5000.0,2,0.75,3252,E & J GALLO WINERY         
2_ASHBORNE_39631,2,39631,Red Truck Cal,750mL,1,8.99,8.99,2024-06-27,750.0,2,0.11,4425,MARTIGNETTI COMPANIES
21_BALERNO_1892,21,1892,Yukon Jack,50mL,10,9.9,0.99,2024-06-17,50.0,1,0.52,3960,DIAGEO NORTH AMERICA INC   
61_AETHELNEY_5031,61,5031,DeKuyper Peppermint Schnapp,1.75L,2,29.98,14.99,2024-12-27,1750.0,1,3.67,12546,JIM BEAM BRANDS COMPANY    
34_PITMERDEN_25565,34,25565,Black Box Pnt Nr,500mL,4,15.96,3.99,2024-08-13,500.0,2,0.3,1392,CONSTELLATION BRANDS INC   
60_IRRAGIN_4414,60,4414,Cruzan Pineapple Rum,750mL,1,9.99,9.99,2024-08-11,750.0,1,0.79,12546,JIM BEAM BRANDS COMPANY    
76_DONCASTER_23479,76,23479,Handcraft Pnt Grigio,750mL,5,49.95,9.99,2024-02-28,750.0,2,0.56,2242,DELICATO VINEYARDS INC     
48_NORFOLK_3745,48,3745,Taaka Vodka Traveler,750mL,1,4.99,4.99,2024-08-28,750.0,1,0.79,8004,SAZERAC CO INC             
39_EASTHALLOW_16477,39,16477,Cupcake Angel Food,750mL,4,27.96,6.99,2024-07-12,750.0,2,0.45,9815,WINE GROUP INC             
77_TAMWORTH_4303,77,4303,Calico Jack Spiced Rum,750mL,1,7.99,7.99,2024-05-09,750.0,1,0.79,12546,JIM BEAM BRANDS COMPANY    
63_SWORDBREAK_15393,63,15393,Cupcake Pnt Grigio,750mL,1,7.99,7.99,2024-02-20,750.0,2,0.11,9815,WINE GROUP INC             
59_CLAETHORPES_45524,59,45524,Natura Valle Cab Svgn Cntrl,750mL,1,11.99,11.99,2024-03-26,750.0,2,0.11,516,BANFI PRODUCTS CORP        
75_BARNCOMBE_4916,75,4916,Mr Boston Coffee Brandy,1.75L,2,27.98,13.99,2024-06-19,1750.0,1,3.67,660,SAZERAC NORTH AMERICA INC. 
41_LARNWICK_3658,41,3658,Patron Anejo Tequila,750mL,1,58.99,58.99,2024-10-23,750.0,1,0.79,9165,ULTRA BEVERAGE COMPANY LLP 
66_EANVERNESS_3039,66,3039,Stoli Salted Karamel,750mL,2,39.98,19.99,2024-08-13,750.0,1,1.57,8664,"STOLI GROUP,(USA) LLC      "
24_PALPERROTH_32368,24,32368,Cavit Pinot Noir Delle Vene,1.5L,1,9.99,9.99,2024-03-15,1500.0,2,0.22,6785,PALM BAY INTERNATIONAL INC 
11_CARDEND_1220,11,1220,Woodford Reserve Bourbon,750mL,2,69.98,34.99,2024-03-13,750.0,1,1.57,1128,BROWN-FORMAN CORP          
64_CESTERFIELD_44719,64,44719,Cavit Prosecco Lunetta,750mL,3,29.97,9.99,2024-08-30,750.0,2,0.34,6785,PALM BAY INTERNATIONAL INC 
56_BEGGAR'S HOLE_6725,56,6725,Franzia Crisp White Tap,5L,2,29.98,14.99,2024-01-14,5000.0,2,1.5,9815,WINE GROUP INC             
2_ASHBORNE_34428,2,34428,Frei Bros RSV Chard RRV,750mL,1,16.99,16.99,2024-09-14,750.0,2,0.11,3252,E & J GALLO WINERY         
73_DONCASTER_3679,73,3679,Chopin Vodka,750mL,1,21.99,21.99,2024-03-17,750.0,1,0.79,6213,MHW LTD                    
7_STANMORE_41254,7,41254,Ch St Jean Merlot Cal,750mL,1,9.95,9.95,2024-02-27,750.0,2,0.11,9819,TREASURY WINE ESTATES      
34_PITMERDEN_24686,34,24686,Barco Negro Douro,750mL,1,7.99,7.99,2024-09-16,750.0,2,0.11,9165,ULTRA BEVERAGE COMPANY LLP 
38_GOULCREST_44038,38,44038,Barefoot Pnt Grigio Cal,1.5L,3,32.97,10.99,2024-01-15,1500.0,2,0.68,3252,E & J GALLO WINERY         
30_CULCHETH_6126,30,6126,Sogno di Sorrento Crema Lem,750mL,1,27.99,27.99,2024-02-06,750.0,1,0.79,9165,ULTRA BEVERAGE COMPANY LLP 
34_PITMERDEN_6869,34,6869,Benziger Chard,750mL,1,9.99,9.99,2024-01-22,750.0,2,0.11,9815,WINE GROUP INC             
12_LEESIDE_8778,12,8778,Bulleit Bourbon,1.75L,1,47.99,47.99,2024-06-22,1750.0,1,1.84,3960,DIAGEO NORTH AMERICA INC   
23_ARBINGTON_3246,23,3246,Bentley's Vodka,1.75L,8,70.32,8.79,2024-02-14,1750.0,1,14.7,8004,SAZERAC CO INC             
1_HARDERSFIELD_6879,1,6879,Maurice's Mentholated Mint,50mL,6,5.94,0.99,2024-07-08,50.0,1,0.32,9552,M S WALKER INC             
56_BEGGAR'S HOLE_6547,56,6547,Walnut Crest Cab Svgn Rapel,1.5L,1,9.99,9.99,2024-01-08,1500.0,2,0.22,516,BANFI PRODUCTS CORP        
68_SOLARIS_3591,68,3591,Absolut Vanilia,750mL,1,17.99,17.99,2024-12-23,750.0,1,0.79,17035,PERNOD RICARD USA          
69_MOUNTMEND_24664,69,24664,M Chiarlo 10 Chiarlo Rosso,750mL,1,9.99,9.99,2024-01-21,750.0,2,0.11,4692,KOBRAND CORPORATION        
30_CULCHETH_14672,30,14672,Duckhorn Decoy Cab Svgn,750mL,7,139.93,19.99,2024-10-15,750.0,2,0.79,4425,MARTIGNETTI COMPANIES
2_ASHBORNE_2525,2,2525,Bird Dog Kentucky Whiskey,750mL,1,12.99,12.99,2024-12-15,750.0,1,0.79,9625,WESTERN SPIRITS BEVERAGE CO
17_OLDHAM_6937,17,6937,Cavit Pinot Grigio,1.5L,1,14.99,14.99,2024-04-25,1500.0,2,0.22,6785,PALM BAY INTERNATIONAL INC 
69_MOUNTMEND_8171,69,8171,Leroux Blackberry Brandy,50mL,3,2.97,0.99,2024-12-15,50.0,1,0.16,12546,JIM BEAM BRANDS COMPANY    
62_KILMARNOCK_8562,62,8562,DeKuyper Peachtree Trav,1.75L,1,16.99,16.99,2024-05-07,1750.0,1,1.84,12546,JIM BEAM BRANDS COMPANY    
23_ARBINGTON_8359,23,8359,R M Woodbridge Svgn Bl Cal,750mL,1,6.99,6.99,2024-09-02,750.0,2,0.11,1392,CONSTELLATION BRANDS INC   
75_BARNCOMBE_46830,75,46830,Pacific Rim Sweet Rsl,750mL,1,9.99,9.99,2024-03-12,750.0,2,0.11,9165,ULTRA BEVERAGE COMPANY LLP 
32_MOUNTMEND_2630,32,2630,Old Pulteney Single Malt Sc,750mL,1,41.99,41.99,2024-03-25,750.0,1,0.79,8004,SAZERAC CO INC             
30_CULCHETH_19748,30,19748,Clos du Bois Chard,1.5L,4,55.96,13.99,2024-06-24,1500.0,2,0.9,1392,CONSTELLATION BRANDS INC   
76_DONCASTER_31458,76,31458,Foxhorn Wh Znfdl Cal,1.5L,1,7.99,7.99,2024-04-30,1500.0,2,0.22,9815,WINE GROUP INC             
31_HORNSEY_41714,31,41714,Fish Eye Pnt Grigio,750mL,1,4.99,4.99,2024-09-29,750.0,2,0.11,9815,WINE GROUP INC             
4_EANVERNESS_6933,4,6933,Ch Ste Michelle Svgn Bl,750mL,1,7.95,7.95,2024-08-10,750.0,2,0.11,8673,STE MICHELLE WINE ESTATES  
9_BLACKPOOL_8780,9,8780,Sandeman Fine Rich Madeira,750mL,1,15.99,15.99,2024-12-16,750.0,2,0.11,17035,PERNOD RICARD USA          
34_PITMERDEN_3724,34,3724,Absolut Citron,750mL,1,17.99,17.99,2024-02-25,750.0,1,0.79,17035,PERNOD RICARD USA          
79_BALLYMENA_8143,79,8143,Perrier Jouet Grand Brut,750mL,4,131.8,32.95,2024-03-18,750.0,2,0.45,17035,PERNOD RICARD USA          
70_KELD_2586,70,2586,Jameson Irish Whiskey,50mL,1,2.99,2.99,2024-01-26,50.0,1,0.05,17035,PERNOD RICARD USA          
44_PORTHCRAWL_3606,44,3606,Smirnoff Raspberry Vodka,50mL,8,7.92,0.99,2024-12-02,50.0,1,0.42,3960,DIAGEO NORTH AMERICA INC   
67_EANVERNESS_7261,67,7261,Gallo X Dry Vermouth,750mL,1,5.49,5.49,2024-08-04,750.0,2,0.11,3252,E & J GALLO WINERY         
6_GOULCREST_8612,6,8612,Grand Marnier,1.75L,1,67.99,67.99,2024-05-18,1750.0,1,1.84,8112,MOET HENNESSY USA INC      
67_EANVERNESS_8082,67,8082,Baileys Irish Cream,1.75L,13,389.87,29.99,2024-10-09,1750.0,1,23.89,3960,DIAGEO NORTH AMERICA INC   
32_MOUNTMEND_5662,32,5662,Skinnygirl W Peach Margarita,750mL,1,10.99,10.99,2024-12-11,750.0,1,0.79,12546,JIM BEAM BRANDS COMPANY    
12_LEESIDE_28946,12,28946,Silverado Merlot Napa,750mL,2,69.98,34.99,2024-03-05,750.0,2,0.22,4425,MARTIGNETTI COMPANIES
27_MOUNTMEND_1886,27,1886,Seagrams 7 Crown,750mL,1,10.99,10.99,2024-02-20,750.0,1,0.79,3960,DIAGEO NORTH AMERICA INC   
41_LARNWICK_5399,41,5399,Goldschlager Cinnamon Schna,50mL,4,7.96,1.99,2024-07-20,50.0,1,0.21,3960,DIAGEO NORTH AMERICA INC   
32_MOUNTMEND_5333,32,5333,Jenkins Amaretto,1.75L,2,25.98,12.99,2024-05-04,1750.0,1,3.67,9552,M S WALKER INC             
6_GOULCREST_4222,6,4222,Bacardi Gold Rum,750mL,2,19.98,9.99,2024-12-30,750.0,1,1.57,480,BACARDI USA INC            
32_MOUNTMEND_7629,32,7629,Barenjager Honey & Bourbon,750mL,12,191.88,15.99,2024-03-08,750.0,1,9.45,6355,NICHE W & S                
1_HARDERSFIELD_4945,1,4945,Jacquin Ginger Brandy,750mL,4,37.96,9.49,2024-12-23,750.0,1,3.15,4380,CHARLES JACQUIN ET CIE INC 
30_CULCHETH_3100,30,3100,Ciroc Red Berry Vodka,1.75L,1,48.99,48.99,2024-12-24,1750.0,1,1.84,3960,DIAGEO NORTH AMERICA INC   
25_CAERSHIRE_4678,25,4678,Courvoisier VS Cognac,750mL,1,22.99,22.99,2024-12-19,750.0,1,0.79,12546,JIM BEAM BRANDS COMPANY    
50_MOUNTMEND_4246,50,4246,Bacardi Superior Rum,375mL,6,32.94,5.49,2024-12-16,375.0,1,2.36,480,BACARDI USA INC            
19_WINTERVALE_8620,19,8620,Sambuca Romana,375mL,1,11.99,11.99,2024-06-05,375.0,1,0.39,3960,DIAGEO NORTH AMERICA INC   
14_BROMWICH_3769,14,3769,Jenkins Vodka,1.75L,8,71.92,8.99,2024-11-12,1750.0,1,14.7,9552,M S WALKER INC             
6_GOULCREST_4225,6,4225,Goslings Black Seal Bermuda,1.75L,1,25.99,25.99,2024-10-10,1750.0,1,1.84,1485,CASTLE BRANDS CORP.        
45_VERITAS_3102,45,3102,Smirnoff Traveler,1.75L,2,35.98,17.99,2024-02-28,1750.0,1,3.67,3960,DIAGEO NORTH AMERICA INC   
49_GARIGILL_5597,49,5597,DeKuyper Watermelon Pucker,750mL,2,21.98,10.99,2024-07-22,750.0,1,1.57,12546,JIM BEAM BRANDS COMPANY    
4_EANVERNESS_5316,4,5316,Amaretto DiSaronno,50mL,1,2.29,2.29,2024-11-22,50.0,1,0.05,2555,DISARONNO INTERNATIONAL LLC
38_GOULCREST_8218,38,8218,Camarena Reposado Tequila,1.75L,1,31.99,31.99,2024-06-09,1750.0,1,1.84,3252,E & J GALLO WINERY         
54_GUTHRAM_16877,54,16877,Ninety+Cellars Lot 53 Cab Sv,750mL,4,43.96,10.99,2024-04-09,750.0,2,0.45,4950,LATITUDE BEVERAGE COMPANY  
41_LARNWICK_6448,41,6448,Dubonnet Rouge,750mL,2,20.98,10.49,2024-01-22,750.0,2,0.22,3924,HEAVEN HILL DISTILLERIES   
25_CAERSHIRE_4265,25,4265,Capt Morgan Spiced Rum,375mL,2,21.98,10.99,2024-01-08,375.0,1,0.79,3960,DIAGEO NORTH AMERICA INC   
11_CARDEND_2973,11,2973,Eagle Rare Single Barrel Bo,750mL,1,27.99,27.99,2024-01-12,750.0,1,0.79,8004,SAZERAC CO INC             
2_ASHBORNE_1358,2,1358,Knob Creek Bourbon,1.75L,1,59.99,59.99,2024-12-30,1750.0,1,1.84,12546,JIM BEAM BRANDS COMPANY    
68_SOLARIS_3503,68,3503,Smirnoff Sorbet Rasp/Pomegra,750mL,1,10.99,10.99,2024-06-17,750.0,1,0.79,3960,DIAGEO NORTH AMERICA INC   
19_WINTERVALE_2117,19,2117,Black Velvet Traveler,750mL,1,7.99,7.99,2024-11-28,750.0,1,0.79,1392,CONSTELLATION BRANDS INC   
61_AETHELNEY_38946,61,38946,Bully Hill Sweet Walter Rd,750mL,2,17.98,8.99,2024-11-02,750.0,2,0.22,2000,SOUTHERN WINE & SPIRITS NE 
67_EANVERNESS_31790,67,31790,Dominio de Eguren Protocolo,750mL,1,9.99,9.99,2024-09-06,750.0,2,0.11,9552,M S WALKER INC             
73_DONCASTER_5661,73,5661,Dr McGillicuddy's Root Beer,750mL,4,55.96,13.99,2024-03-09,750.0,1,3.15,8004,SAZERAC CO INC             
45_VERITAS_8504,45,8504,R M Woodbridge Cab Svgn Cal,1.5L,2,27.98,13.99,2024-01-25,1500.0,2,0.45,1392,CONSTELLATION BRANDS INC   
27_MOUNTMEND_4932,27,4932,Arrow Ginger Brandy,750mL,1,7.99,7.99,2024-02-19,750.0,1,0.79,8352,LUXCO INC                  
32_MOUNTMEND_31494,32,31494,Barefoot Merlot Cal,1.5L,1,11.99,11.99,2024-09-07,1500.0,2,0.22,3252,E & J GALLO WINERY         
52_GRAYCOTT_5713,52,5713,DeKuyper Sour Apple Pucker,1.75L,1,14.99,14.99,2024-09-09,1750.0,1,1.84,12546,JIM BEAM BRANDS COMPANY    
73_DONCASTER_23523,73,23523,19 Crimes Cab Svgn,750mL,12,119.88,9.99,2024-12-30,750.0,2,1.35,9819,TREASURY WINE ESTATES      
9_BLACKPOOL_36770,9,36770,Yellow Tail Cab Svgn Ausl,1.5L,1,14.99,14.99,2024-02-25,1500.0,2,0.22,4425,MARTIGNETTI COMPANIES
72_HARDERSFIELD_8184,72,8184,Kahlua,50mL,2,3.98,1.99,2024-01-13,50.0,1,0.1,17035,PERNOD RICARD USA          
71_CLARCTON_3356,71,3356,Svedka Vodka,375mL,3,17.97,5.99,2024-02-18,375.0,1,1.18,1392,CONSTELLATION BRANDS INC   
19_WINTERVALE_41033,19,41033,Menage a Trois White,750mL,1,10.99,10.99,2024-01-29,750.0,2,0.11,8892,TRINCHERO FAMILY ESTATES   
65_LUTON_32649,65,32649,Beringer Classic Wh Merlot,1.5L,1,9.99,9.99,2024-02-18,1500.0,2,0.22,9819,TREASURY WINE ESTATES      
6_GOULCREST_38370,6,38370,Oyster Bay Svgn Bl Marlboro,750mL,23,205.85,8.95,2024-06-30,750.0,2,2.59,4425,MARTIGNETTI COMPANIES
76_DONCASTER_5855,76,5855,Kahlua Salted Caramel,750mL,1,18.99,18.99,2024-04-05,750.0,1,0.79,17035,PERNOD RICARD USA          
38_GOULCREST_3498,38,3498,Baileys Vanilla Cinnamon,750mL,1,21.99,21.99,2024-06-07,750.0,1,0.79,3960,DIAGEO NORTH AMERICA INC   
11_CARDEND_8258,11,8258,Campari,750mL,3,89.97,29.99,2024-02-19,750.0,1,2.36,11567,CAMPARI AMERICA            
25_CAERSHIRE_19453,25,19453,Wente Southern Hill Cab Svgn,750mL,4,55.96,13.99,2024-09-03,750.0,2,0.45,2000,SOUTHERN WINE & SPIRITS NE 
24_PALPERROTH_5828,24,5828,Ryans Irish Cream,750mL,1,8.99,8.99,2024-05-15,750.0,1,0.79,8004,SAZERAC CO INC             
72_HARDERSFIELD_8746,72,8746,Cavit Pinot Grigio,750mL,2,13.98,6.99,2024-08-29,750.0,2,0.22,6785,PALM BAY INTERNATIONAL INC 
19_WINTERVALE_5702,19,5702,Art In The Age Root Liqueur,750mL,1,29.99,29.99,2024-12-09,750.0,1,0.79,3664,WILLIAM GRANT & SONS INC   
30_CULCHETH_7716,30,7716,Andre Brut,750mL,10,54.9,5.49,2024-08-04,750.0,2,1.12,3252,E & J GALLO WINERY         
34_PITMERDEN_6579,34,6579,J Lohr Riverstone Chard,750mL,2,19.98,9.99,2024-08-09,750.0,2,0.22,4425,MARTIGNETTI COMPANIES
41_LARNWICK_5165,41,5165,Hpnotiq Liqueur,750mL,4,79.96,19.99,2024-07-03,750.0,1,3.15,3924,HEAVEN HILL DISTILLERIES   
54_GUTHRAM_5921,54,5921,RumChata Liqueur,750mL,1,21.99,21.99,2024-12-03,750.0,1,0.79,6213,MHW LTD                    
68_SOLARIS_4264,68,4264,Capt Morgan Spiced Rum Trav,750mL,1,14.99,14.99,2024-10-20,750.0,1,0.79,3960,DIAGEO NORTH AMERICA INC   
47_PELLA'S WISH_28092,47,28092,Cline Ancient Vin Znfdl,750mL,1,15.99,15.99,2024-03-10,750.0,2,0.11,4425,MARTIGNETTI COMPANIES
57_LANTEGLOS_31866,57,31866,F Coppola Diamond Merlot,750mL,1,13.99,13.99,2024-05-29,750.0,2,0.11,2000,SOUTHERN WINE & SPIRITS NE 
7_STANMORE_4404,7,4404,Bacardi Gold Rum,375mL,2,15.98,7.99,2024-06-30,375.0,1,0.79,480,BACARDI USA INC            
19_WINTERVALE_8670,19,8670,Arrow Coffee Brandy,1.75L,4,43.96,10.99,2024-07-08,1750.0,1,7.35,8352,LUXCO INC                  
62_KILMARNOCK_1261,62,1261,Jim Beam Kentucky Fire,50mL,2,1.98,0.99,2024-02-18,50.0,1,0.1,12546,JIM BEAM BRANDS COMPANY    
12_LEESIDE_8264,12,8264,Ch Ste Michelle Rsl,750mL,1,11.99,11.99,2024-03-05,750.0,2,0.11,8673,STE MICHELLE WINE ESTATES  
74_PAENTMARWY_4282,74,4282,Capt Morgan White Pineapple,750mL,1,12.99,12.99,2024-11-26,750.0,1,0.79,3960,DIAGEO NORTH AMERICA INC   
23_ARBINGTON_3386,23,3386,Skyy Infusions Cranberry,50mL,5,4.95,0.99,2024-12-07,50.0,1,0.26,11567,CAMPARI AMERICA            
15_WANBORNE_10927,15,10927,Barefoot Sparklng Pnt Grigio,750mL,1,9.99,9.99,2024-09-23,750.0,2,0.11,3252,E & J GALLO WINERY         
69_MOUNTMEND_36378,69,36378,MezzaCorona Pnt Grigio,1.5L,7,76.93,10.99,2024-12-27,1500.0,2,1.57,9165,ULTRA BEVERAGE COMPANY LLP 
51_ABERDEEN_8822,51,8822,Absolut 80 Proof,50mL,6,11.94,1.99,2024-10-28,50.0,1,0.32,17035,PERNOD RICARD USA          
59_CLAETHORPES_14006,59,14006,Apothic Winemakers Red Blend,750mL,3,29.97,9.99,2024-10-22,750.0,2,0.34,3252,E & J GALLO WINERY         
67_EANVERNESS_11826,67,11826,Cupcake Chard,750mL,4,31.96,7.99,2024-03-15,750.0,2,0.45,9815,WINE GROUP INC             
23_ARBINGTON_3640,23,3640,Belvedere Cytrus Vodka,750mL,1,19.99,19.99,2024-02-12,750.0,1,0.79,8112,MOET HENNESSY USA INC      
1_HARDERSFIELD_7982,1,7982,M & R Sweet Vermouth,750mL,1,7.49,7.49,2024-11-18,750.0,1,0.79,480,BACARDI USA INC            
10_HORNSEY_6568,10,6568,Gallo Twin Valley Wh Znfdl C,750mL,1,4.99,4.99,2024-09-15,750.0,2,0.11,3252,E & J GALLO WINERY         
45_VERITAS_5364,45,5364,Kahlua,1.75L,2,63.98,31.99,2024-04-08,1750.0,1,3.67,17035,PERNOD RICARD USA          
33_HORNSEY_27212,33,27212,R Mondavi Cab Svgn Oakville,750mL,1,54.99,54.99,2024-09-30,750.0,2,0.11,1392,CONSTELLATION BRANDS INC   
46_TYWARDREATH_42764,46,42764,14 Hands Cab Svgn Wash,750mL,4,39.96,9.99,2024-04-04,750.0,2,0.45,8673,STE MICHELLE WINE ESTATES  
32_MOUNTMEND_3102,32,3102,Smirnoff Traveler,1.75L,12,215.88,17.99,2024-09-03,1750.0,1,22.05,3960,DIAGEO NORTH AMERICA INC   
68_SOLARIS_8567,68,8567,Cribari Chianti,3L,1,10.99,10.99,2024-06-10,3000.0,2,0.45,1392,CONSTELLATION BRANDS INC   
50_MOUNTMEND_3356,50,3356,Svedka Vodka,375mL,3,17.97,5.99,2024-01-18,375.0,1,1.18,1392,CONSTELLATION BRANDS INC   
30_CULCHETH_3545,30,3545,Ketel One Vodka,1.75L,6,203.94,33.99,2024-05-27,1750.0,1,11.02,3960,DIAGEO NORTH AMERICA INC   
22_SHARNWICK_3913,22,3913,Svedka Vodka,1.75L,1,17.99,17.99,2024-01-29,1750.0,1,1.84,1392,CONSTELLATION BRANDS INC   
38_GOULCREST_17162,38,17162,Menage a Trois Pnt Grigio,750mL,7,76.93,10.99,2024-09-23,750.0,2,0.79,8892,TRINCHERO FAMILY ESTATES   
33_HORNSEY_19645,33,19645,Line 39 Pnt Nr,750mL,1,10.99,10.99,2024-04-02,750.0,2,0.11,7153,PINE STATE TRADING CO      
74_PAENTMARWY_26352,74,26352,Armas de Guerra Rosado Mncia,750mL,1,13.99,13.99,2024-08-11,750.0,2,0.11,10754,PERFECTA WINES             
32_MOUNTMEND_3201,32,3201,Plymouth Gin,750mL,1,29.99,29.99,2024-06-05,750.0,1,0.79,17035,PERNOD RICARD USA          
52_GRAYCOTT_34428,52,34428,Frei Bros RSV Chard RRV,750mL,3,50.97,16.99,2024-11-11,750.0,2,0.34,3252,E & J GALLO WINERY         
66_EANVERNESS_1389,66,1389,Makers Mark,50mL,6,17.94,2.99,2024-03-04,50.0,1,0.32,12546,JIM BEAM BRANDS COMPANY    
67_EANVERNESS_31384,67,31384,Benton Lane Pnt Nr Ore,750mL,1,26.99,26.99,2024-05-01,750.0,2,0.11,4425,MARTIGNETTI COMPANIES 
17_OLDHAM_2373,17,2373,Jim Beam Maple,750mL,2,29.98,14.99,2024-10-15,750.0,1,1.57,12546,JIM BEAM BRANDS COMPANY    
10_HORNSEY_168,10,168,Three Olives Strawberry,750mL,1,12.99,12.99,2024-06-04,750.0,1,0.79,7245,PROXIMO SPIRITS INC.       
73_DONCASTER_5308,73,5308,Paul Masson Red Berry Brandy,50mL,2,1.98,0.99,2024-09-03,50.0,1,0.1,1392,CONSTELLATION BRANDS INC   
64_CESTERFIELD_13638,64,13638,Charles Smith Velvet Dev Mer,750mL,1,11.99,11.99,2024-12-11,750.0,2,0.11,10754,PERFECTA WINES             
14_BROMWICH_35976,14,35976,Zeller Schwarze Rsl Valcknbg,750mL,1,9.99,9.99,2024-12-19,750.0,2,0.11,10754,PERFECTA WINES             
48_NORFOLK_3485,48,3485,Luksusowa Potato Vodka,1.75L,2,45.98,22.99,2024-05-30,1750.0,1,3.67,4425,MARTIGNETTI COMPANIES
73_DONCASTER_40193,73,40193,Mark West Chard Sonoma Cnty,750mL,16,119.84,7.49,2024-05-08,750.0,2,1.8,1392,CONSTELLATION BRANDS INC   
69_MOUNTMEND_7363,69,7363,BeatBox Fruit Punch,5L,1,19.99,19.99,2024-09-25,5000.0,1,5.25,9165,ULTRA BEVERAGE COMPANY LLP 
48_NORFOLK_6879,48,6879,Maurice's Mentholated Mint,50mL,1,0.99,0.99,2024-03-14,50.0,1,0.05,9552,M S WALKER INC             
69_MOUNTMEND_2749,69,2749,John Begg Blue Cap,1.75L,5,84.95,16.99,2024-01-27,1750.0,1,9.19,3960,DIAGEO NORTH AMERICA INC   
23_ARBINGTON_3040,23,3040,Tito's Handmade Vodka,Liter,2,47.98,23.99,2024-08-08,1000.0,1,2.1,4425,MARTIGNETTI COMPANIES
38_GOULCREST_24535,38,24535,Giesen Svgn Bl,750mL,13,129.87,9.99,2024-05-05,750.0,2,1.46,653,STATE WINE & SPIRITS   
53_HILLFAR_5616,53,5616,Emmets Irish Cream,1.75L,1,19.99,19.99,2024-09-19,1750.0,1,1.84,3960,DIAGEO NORTH AMERICA INC   
61_AETHELNEY_35442,61,35442,Borsao Tres Picos Garnacha,750mL,1,14.99,14.99,2024-10-27,750.0,2,0.11,9552,M S WALKER INC             
17_OLDHAM_5103,17,5103,Fireball Cinnamon Whisky,1.75L,2,49.98,24.99,2024-11-15,1750.0,1,3.67,8004,SAZERAC CO INC             
23_ARBINGTON_1468,23,1468,Knob Creek Single Barrel Rsv,750mL,1,41.99,41.99,2024-06-04,750.0,1,0.79,12546,JIM BEAM BRANDS COMPANY    
79_BALLYMENA_8016,79,8016,La Vieille Ferme Wh Rhone,750mL,1,6.99,6.99,2024-02-06,750.0,2,0.11,1587,VINEYARD BRANDS INC        
24_PALPERROTH_3456,24,3456,Tanqueray Sterling Vodka,1.75L,1,16.99,16.99,2024-03-11,1750.0,1,1.84,3960,DIAGEO NORTH AMERICA INC   
22_SHARNWICK_6319,22,6319,Santa Cristina Toscana,750mL,1,9.95,9.95,2024-05-04,750.0,2,0.11,8673,STE MICHELLE WINE ESTATES  
15_WANBORNE_1545,15,1545,Gentleman Jack,750mL,1,31.99,31.99,2024-09-15,750.0,1,0.79,1128,BROWN-FORMAN CORP          
45_VERITAS_6213,45,6213,Taylor Red Port,1.5L,2,15.98,7.99,2024-10-15,1500.0,2,0.45,1392,CONSTELLATION BRANDS INC   
47_PELLA'S WISH_39356,47,39356,Bota Box Chard Cal,3L,2,39.98,19.99,2024-10-01,3000.0,2,0.9,2242,DELICATO VINEYARDS INC     
34_PITMERDEN_5891,34,5891,Ryans Irish Cream,1.75L,7,111.93,15.99,2024-10-20,1750.0,1,12.86,8004,SAZERAC CO INC             
79_BALLYMENA_45885,79,45885,Mer Soleil Silver Chard,750mL,1,19.99,19.99,2024-06-28,750.0,2,0.11,4425,MARTIGNETTI COMPANIES
27_MOUNTMEND_8155,27,8155,Black Velvet Plastic,375mL,1,5.49,5.49,2024-11-06,375.0,1,0.39,1392,CONSTELLATION BRANDS INC   
49_GARIGILL_4696,49,4696,Blue Chair Bay Banana Rum,750mL,1,16.99,16.99,2024-02-26,750.0,1,0.79,6213,MHW LTD                    
60_IRRAGIN_5490,60,5490,DeKuyper Hot Damn Cinnamon,50mL,9,8.91,0.99,2024-12-23,50.0,1,0.47,12546,JIM BEAM BRANDS COMPANY    
17_OLDHAM_4784,17,4784,Presidente Solera Brandy,750mL,1,18.99,18.99,2024-06-16,750.0,1,0.79,17035,PERNOD RICARD USA          
34_PITMERDEN_7269,34,7269,Gallo Fairbanks Wh Port,1.5L,1,7.99,7.99,2024-04-16,1500.0,2,0.22,3252,E & J GALLO WINERY         
38_GOULCREST_5626,38,5626,Baja Luna Black Raspberry,750mL,2,19.98,9.99,2024-10-29,750.0,1,1.57,8004,SAZERAC CO INC             
65_LUTON_5187,65,5187,Arrow White Creme de Cacao,750mL,1,7.99,7.99,2024-08-20,750.0,1,0.79,8352,LUXCO INC                  
47_PELLA'S WISH_2105,47,2105,Black Velvet Toasted Caramel,750mL,2,19.98,9.99,2024-09-04,750.0,1,1.57,1392,CONSTELLATION BRANDS INC   
50_MOUNTMEND_8623,50,8623,Casamigos Anejo Tequila,50mL,1,2.99,2.99,2024-12-19,50.0,1,0.05,6213,MHW LTD                    
54_GUTHRAM_11213,54,11213,Meiomi Pnt Nr,750mL,2,35.98,17.99,2024-10-17,750.0,2,0.22,1392,CONSTELLATION BRANDS INC   
21_BALERNO_43877,21,43877,Duckhorn Svgn Bl Napa,750mL,1,26.99,26.99,2024-05-23,750.0,2,0.11,4425,MARTIGNETTI COMPANIES
48_NORFOLK_8441,48,8441,Baileys Irish Cream,375mL,1,12.99,12.99,2024-09-23,375.0,1,0.39,3960,DIAGEO NORTH AMERICA INC   
66_EANVERNESS_2245,66,2245,DUKE Kentucky Bourbon,750mL,1,39.99,39.99,2024-08-10,750.0,1,0.79,4425,MARTIGNETTI COMPANIES
35_HALIVAARA_3776,35,3776,Jose Cuervo Especial Silver,1.75L,1,26.99,26.99,2024-11-12,1750.0,1,1.84,7245,PROXIMO SPIRITS INC.       
42_BLACK HOLLOW_6938,42,6938,Vendange Chard,1.5L,1,7.99,7.99,2024-02-19,1500.0,2,0.22,1392,CONSTELLATION BRANDS INC   
1_HARDERSFIELD_5191,1,5191,Fireball Cinnamon Whiskey,375mL,2,19.98,9.99,2024-08-06,375.0,1,0.79,8004,SAZERAC CO INC             
27_MOUNTMEND_3687,27,3687,Fleischmanns Royal Traveler,750mL,5,24.95,4.99,2024-02-19,750.0,1,3.94,660,SAZERAC NORTH AMERICA INC. 
15_WANBORNE_2585,15,2585,Jameson Irish Whiskey,750mL,13,311.87,23.99,2024-01-12,750.0,1,10.24,17035,PERNOD RICARD USA          
73_DONCASTER_42422,73,42422,Firesteed Pnt Nr Ore,750mL,6,68.94,11.49,2024-09-29,750.0,2,0.68,10754,PERFECTA WINES             
68_SOLARIS_35412,68,35412,Yellow Tail Chard Ausl,1.5L,6,53.7,8.95,2024-06-09,1500.0,2,1.35,4425,MARTIGNETTI COMPANIES
67_EANVERNESS_34428,67,34428,Frei Bros RSV Chard RRV,750mL,2,31.98,15.99,2024-03-06,750.0,2,0.22,3252,E & J GALLO WINERY         
68_SOLARIS_3517,68,3517,Smirnoff Sorbet Mango/Pasion,750mL,2,18.98,9.49,2024-06-17,750.0,1,1.57,3960,DIAGEO NORTH AMERICA INC   
6_GOULCREST_8691,6,8691,Jose Cuervo Especial,750mL,1,14.99,14.99,2024-09-19,750.0,1,0.79,7245,PROXIMO SPIRITS INC.       
66_EANVERNESS_13497,66,13497,Mohua Svgn Bl Marlboro,750mL,7,83.93,11.99,2024-09-10,750.0,2,0.79,1587,VINEYARD BRANDS INC        
78_EASTHAVEN_3913,78,3913,Svedka Vodka,1.75L,2,37.98,18.99,2024-03-15,1750.0,1,3.67,1392,CONSTELLATION BRANDS INC   
12_LEESIDE_17748,12,17748,Black Box Pnt Grigio,500mL,1,3.99,3.99,2024-11-29,500.0,2,0.08,1392,CONSTELLATION BRANDS INC   
57_LANTEGLOS_1869,57,1869,Oban 14-Yr Single Malt,750mL,1,63.99,63.99,2024-10-30,750.0,1,0.79,3960,DIAGEO NORTH AMERICA INC   
50_MOUNTMEND_18950,50,18950,Schug Pnt Nr Carneros,750mL,4,71.96,17.99,2024-01-21,750.0,2,0.45,4425,MARTIGNETTI COMPANIES
68_SOLARIS_5765,68,5765,Jose Cuervo Lime Margarita,1.75L,2,27.98,13.99,2024-03-12,1750.0,1,3.67,7245,PROXIMO SPIRITS INC.       
76_DONCASTER_8184,76,8184,Kahlua,50mL,2,3.98,1.99,2024-11-02,50.0,1,0.1,17035,PERNOD RICARD USA          
24_PALPERROTH_3826,24,3826,Skyy Vodka,1.75L,1,19.99,19.99,2024-06-24,1750.0,1,1.84,11567,CAMPARI AMERICA            
69_MOUNTMEND_12520,69,12520,Pavao Vinho Verde Adegas Wh,750mL,1,7.99,7.99,2024-08-01,750.0,2,0.11,9552,M S WALKER INC             
72_HARDERSFIELD_5491,72,5491,Rumpleminze,50mL,2,3.98,1.99,2024-01-02,50.0,1,0.1,3960,DIAGEO NORTH AMERICA INC   
34_PITMERDEN_21627,34,21627,Ferrari Carano Pnt Grigio,750mL,2,27.98,13.99,2024-08-18,750.0,2,0.22,2000,SOUTHERN WINE & SPIRITS NE 
66_EANVERNESS_1375,66,1375,Jim Beam,750mL,4,59.96,14.99,2024-05-27,750.0,1,3.15,12546,JIM BEAM BRANDS COMPANY    
6_GOULCREST_4103,6,4103,Capt Morgan White,750mL,1,12.99,12.99,2024-09-20,750.0,1,0.79,3960,DIAGEO NORTH AMERICA INC   
67_EANVERNESS_3505,67,3505,Tito's Handmade Vodka,750mL,1,21.99,21.99,2024-04-12,750.0,1,0.79,4425,MARTIGNETTI COMPANIES
25_CAERSHIRE_33037,25,33037,Beringer Fndrs Est Cab Svgn,1.5L,1,15.99,15.99,2024-09-20,1500.0,2,0.22,9819,TREASURY WINE ESTATES      
18_FURNESS_10420,18,10420,Barefoot Moscato Cal,750mL,1,4.99,4.99,2024-12-14,750.0,2,0.11,3252,E & J GALLO WINERY         
38_GOULCREST_4066,38,4066,Bacardi Oakheart Spiced Rum,1.75L,1,19.99,19.99,2024-12-28,1750.0,1,1.84,480,BACARDI USA INC            
34_PITMERDEN_43685,34,43685,Babich Svgn Bl Marlboro,750mL,4,55.96,13.99,2024-09-21,750.0,2,0.45,4425,MARTIGNETTI COMPANIES
61_AETHELNEY_5765,61,5765,Jose Cuervo Lime Margarita,1.75L,1,15.99,15.99,2024-09-22,1750.0,1,1.84,7245,PROXIMO SPIRITS INC.       
21_BALERNO_3696,21,3696,Gilbeys Vodka,1.75L,1,10.49,10.49,2024-07-27,1750.0,1,1.84,12546,JIM BEAM BRANDS COMPANY    
66_EANVERNESS_10298,66,10298,Alamos Torrontes,750mL,1,9.99,9.99,2024-07-08,750.0,2,0.11,3252,E & J GALLO WINERY         
69_MOUNTMEND_25109,69,25109,Tomaiolo Toscana,750mL,2,21.98,10.99,2024-11-22,750.0,2,0.22,7153,PINE STATE TRADING CO      
49_GARIGILL_3837,49,3837,Skyy Vodka,50mL,9,8.91,0.99,2024-02-26,50.0,1,0.47,11567,CAMPARI AMERICA            
34_PITMERDEN_8114,34,8114,Arrow Creme de Strawberry,750mL,1,7.99,7.99,2024-08-19,750.0,1,0.79,8352,LUXCO INC                  
10_HORNSEY_45266,10,45266,XYZin Old Vines Znfdl,750mL,2,25.98,12.99,2024-02-05,750.0,2,0.22,2000,SOUTHERN WINE & SPIRITS NE 
71_CLARCTON_41070,71,41070,Angeline Chard RRV,750mL,2,25.98,12.99,2024-11-23,750.0,2,0.22,9552,M S WALKER INC             
64_CESTERFIELD_6213,64,6213,Taylor Red Port,1.5L,3,23.97,7.99,2024-12-08,1500.0,2,0.68,1392,CONSTELLATION BRANDS INC   
76_DONCASTER_25520,76,25520,Nobilo Chard,750mL,4,43.96,10.99,2024-04-19,750.0,2,0.45,1392,CONSTELLATION BRANDS INC   
23_ARBINGTON_36844,23,36844,Frey Chard Organic Mendocino,750mL,1,12.99,12.99,2024-10-07,750.0,2,0.11,10754,PERFECTA WINES             
61_AETHELNEY_4241,61,4241,Capt Morgan Spiced Rum,50mL,3,5.97,1.99,2024-08-02,50.0,1,0.16,3960,DIAGEO NORTH AMERICA INC   
76_DONCASTER_6213,76,6213,Taylor Red Port,1.5L,2,15.98,7.99,2024-12-07,1500.0,2,0.45,1392,CONSTELLATION BRANDS INC   
25_CAERSHIRE_25522,25,25522,Sutter Home Clsc Cab Svgn,187mL 4 Pk,1,5.99,5.99,2024-09-15,187.0,2,0.03,8892,TRINCHERO FAMILY ESTATES   
31_HORNSEY_5877,31,5877,Ryans Irish Cream,50mL,4,3.96,0.99,2024-10-21,50.0,1,0.21,8004,SAZERAC CO INC             
56_BEGGAR'S HOLE_23947,56,23947,Ch Larose Trintaudon 09,750mL,1,23.99,23.99,2024-08-19,750.0,2,0.11,7153,PINE STATE TRADING CO      
50_MOUNTMEND_6650,50,6650,Simi Chard,750mL,2,29.98,14.99,2024-10-10,750.0,2,0.22,1392,CONSTELLATION BRANDS INC   
50_MOUNTMEND_8171,50,8171,Leroux Blackberry Brandy,50mL,4,3.96,0.99,2024-07-25,50.0,1,0.21,12546,JIM BEAM BRANDS COMPANY    
56_BEGGAR'S HOLE_8103,56,8103,Sauza Gold Tequila,50mL,1,0.99,0.99,2024-07-02,50.0,1,0.05,12546,JIM BEAM BRANDS COMPANY    
47_PELLA'S WISH_3982,47,3982,Hornitos Reposado Tequila,750mL,1,20.99,20.99,2024-06-20,750.0,1,0.79,12546,JIM BEAM BRANDS COMPANY    
33_HORNSEY_5725,33,5725,DeKuyper Sour Apple Pucker,750mL,1,10.99,10.99,2024-07-05,750.0,1,0.79,12546,JIM BEAM BRANDS COMPANY    
76_DONCASTER_8599,76,8599,Jenkins Amaretto,750mL,3,23.97,7.99,2024-07-08,750.0,1,2.36,9552,M S WALKER INC             
69_MOUNTMEND_25808,69,25808,Edna Valley Chard,750mL,6,71.94,11.99,2024-10-02,750.0,2,0.68,3252,E & J GALLO WINERY         
66_EANVERNESS_19269,66,19269,Peter Paul Live Free or Die,750mL,1,22.99,22.99,2024-07-21,750.0,2,0.11,10754,PERFECTA WINES             
12_LEESIDE_36161,12,36161,Ch Ste Michelle Pnt Gris Was,750mL,4,39.96,9.99,2024-06-23,750.0,2,0.45,8673,STE MICHELLE WINE ESTATES  
77_TAMWORTH_41034,77,41034,Menage a Trois Red,750mL,1,9.99,9.99,2024-02-09,750.0,2,0.11,8892,TRINCHERO FAMILY ESTATES   
4_EANVERNESS_6876,4,6876,Sutter Home Clsc Chard,187mL 4 Pk,1,5.99,5.99,2024-05-01,187.0,2,0.03,8892,TRINCHERO FAMILY ESTATES   
51_ABERDEEN_3123,51,3123,Booths London Dry Gin,1.75L,1,14.99,14.99,2024-08-31,1750.0,1,1.84,3960,DIAGEO NORTH AMERICA INC   
79_BALLYMENA_3326,79,3326,Jenkins Gin,1.75L,1,10.99,10.99,2024-03-26,1750.0,1,1.84,9552,M S WALKER INC             
48_NORFOLK_2494,48,2494,Crown Royal Regal Apple,1.75L,1,46.99,46.99,2024-08-18,1750.0,1,1.84,3960,DIAGEO NORTH AMERICA INC   
59_CLAETHORPES_24455,59,24455,Franciscan Cab Svgn Napa,750mL,9,197.91,21.99,2024-09-29,750.0,2,1.01,1392,CONSTELLATION BRANDS INC   
33_HORNSEY_4478,33,4478,Myers Original Dark Rum,750mL,1,17.99,17.99,2024-12-19,750.0,1,0.79,3960,DIAGEO NORTH AMERICA INC   
76_DONCASTER_13268,76,13268,Backhouse Chard,750mL,1,6.99,6.99,2024-09-01,750.0,2,0.11,7153,PINE STATE TRADING CO      
54_GUTHRAM_31203,54,31203,Beringer Fndrs Est Merlot,750mL,2,19.98,9.99,2024-07-30,750.0,2,0.22,9819,TREASURY WINE ESTATES      
34_PITMERDEN_24953,34,24953,Chloe Prosecco,750mL,2,21.98,10.99,2024-03-21,750.0,2,0.22,9815,WINE GROUP INC             
60_IRRAGIN_5877,60,5877,Ryans Irish Cream,50mL,2,1.98,0.99,2024-08-28,50.0,1,0.1,8004,SAZERAC CO INC             
22_SHARNWICK_2143,22,2143,Canadian Mist,1.75L,1,13.99,13.99,2024-07-01,1750.0,1,1.84,1128,BROWN-FORMAN CORP          
6_GOULCREST_17293,6,17293,Defesa Branco White Alentejo,750mL,1,12.99,12.99,2024-09-01,750.0,2,0.11,90010,VINEXTRA INC               
44_PORTHCRAWL_46202,44,46202,Yellow Tail Pnt Grigio Ausl,1.5L,1,8.95,8.95,2024-07-31,1500.0,2,0.22,4425,MARTIGNETTI COMPANIES
48_NORFOLK_16669,48,16669,Sweet Baby Vyds Blueberry,750mL,1,12.99,12.99,2024-04-22,750.0,2,0.11,90056,SWEET BABY VINEYARD        
24_PALPERROTH_8815,24,8815,Ch Ste Michelle Chard Colmbi,750mL,4,31.8,7.95,2024-08-06,750.0,2,0.45,8673,STE MICHELLE WINE ESTATES  
50_MOUNTMEND_24664,50,24664,M Chiarlo 10 Chiarlo Rosso,750mL,5,49.95,9.99,2024-01-22,750.0,2,0.56,4692,KOBRAND CORPORATION        
72_HARDERSFIELD_1397,72,1397,Jim Beam Kentucky Fire,750mL,1,14.99,14.99,2024-09-10,750.0,1,0.79,12546,JIM BEAM BRANDS COMPANY    
34_PITMERDEN_6579,34,6579,J Lohr Riverstone Chard,750mL,7,76.93,10.99,2024-01-29,750.0,2,0.79,4425,MARTIGNETTI COMPANIES
14_BROMWICH_3607,14,3607,Smirnoff Citrus Vodka,50mL,4,3.96,0.99,2024-12-02,50.0,1,0.21,3960,DIAGEO NORTH AMERICA INC   
76_DONCASTER_1692,76,1692,Everclear 151,750mL,2,35.98,17.99,2024-12-26,750.0,1,1.57,8352,LUXCO INC                  
15_WANBORNE_3614,15,3614,Finlandia Vodka,1.75L,1,19.99,19.99,2024-09-02,1750.0,1,1.84,1128,BROWN-FORMAN CORP          
64_CESTERFIELD_46580,64,46580,Gode'II Rosso di Toscana,750mL,1,7.99,7.99,2024-07-06,750.0,2,0.11,90024,VINILANDIA USA             
73_DONCASTER_12586,73,12586,C Y Toro Frontera Malbec,1.5L,1,8.99,8.99,2024-11-17,1500.0,2,0.22,516,BANFI PRODUCTS CORP        
32_MOUNTMEND_3899,32,3899,Platinum 7X Distilled Vodka,375mL,1,3.99,3.99,2024-05-05,375.0,1,0.39,8004,SAZERAC CO INC             
73_DONCASTER_376,73,376,Aperol Liqueur,750mL,2,57.98,28.99,2024-06-08,750.0,1,1.57,11567,CAMPARI AMERICA            
73_DONCASTER_8819,73,8819,Leroux Blackberry Brandy,750mL,2,13.98,6.99,2024-08-06,750.0,1,1.57,12546,JIM BEAM BRANDS COMPANY    
1_HARDERSFIELD_25046,1,25046,Bully Hill Love My Goat Rd,750mL,1,8.99,8.99,2024-12-08,750.0,2,0.11,2000,SOUTHERN WINE & SPIRITS NE 
66_EANVERNESS_46763,66,46763,Clayhouse Svgn Bl Paso Roble,750mL,1,11.99,11.99,2024-09-23,750.0,2,0.11,4425,MARTIGNETTI COMPANIES
44_PORTHCRAWL_4264,44,4264,Capt Morgan Spiced Rum Trav,750mL,1,14.99,14.99,2024-04-30,750.0,1,0.79,3960,DIAGEO NORTH AMERICA INC   
61_AETHELNEY_3040,61,3040,Tito's Handmade Vodka,Liter,1,23.99,23.99,2024-11-17,1000.0,1,1.05,4425,MARTIGNETTI COMPANIES
66_EANVERNESS_8143,66,8143,Perrier Jouet Grand Brut,750mL,1,39.99,39.99,2024-06-25,750.0,2,0.11,17035,PERNOD RICARD USA          
50_MOUNTMEND_8823,50,8823,Leroux Apricot Brandy,750mL,4,27.96,6.99,2024-04-09,750.0,1,3.15,12546,JIM BEAM BRANDS COMPANY    
43_WOLFORD_3512,43,3512,Pinnacle Vodka,1.75L,2,33.98,16.99,2024-05-22,1750.0,1,3.67,12546,JIM BEAM BRANDS COMPANY    
60_IRRAGIN_5285,60,5285,Jacquin Triple Sec,750mL,1,8.29,8.29,2024-08-09,750.0,1,0.79,4380,CHARLES JACQUIN ET CIE INC 
20_BREDWARDINE_1767,20,1767,Buffalo Trace Bourbon,750mL,1,24.99,24.99,2024-10-01,750.0,1,0.79,8004,SAZERAC CO INC             
23_ARBINGTON_6861,23,6861,Sutter Home Clsc Wh Znfdl,187mL 4 Pk,2,11.98,5.99,2024-09-19,187.0,2,0.06,8892,TRINCHERO FAMILY ESTATES   
7_STANMORE_24303,7,24303,Cupcake Black Forest,750mL,3,26.97,8.99,2024-10-01,750.0,2,0.34,9815,WINE GROUP INC             
32_MOUNTMEND_3840,32,3840,Smirnoff Raspberry Vodka,1.75L,1,18.99,18.99,2024-12-28,1750.0,1,1.84,3960,DIAGEO NORTH AMERICA INC   
2_ASHBORNE_45460,2,45460,New Harbor Svgn Bl Marlboro,750mL,1,9.99,9.99,2024-09-03,750.0,2,0.11,1590,DIAGEO CHATEAU ESTATE WINES
44_PORTHCRAWL_1384,44,1384,Bulleit 95 Rye,750mL,1,27.99,27.99,2024-02-05,750.0,1,0.79,3960,DIAGEO NORTH AMERICA INC   
50_MOUNTMEND_18107,50,18107,Barefoot Cellars Pink Moscat,750mL,1,6.29,6.29,2024-01-24,750.0,2,0.11,3252,E & J GALLO WINERY         
14_BROMWICH_5138,14,5138,Fireball Cinnamon Whisky,750mL,13,181.87,13.99,2024-12-03,750.0,1,10.24,8004,SAZERAC CO INC             
63_SWORDBREAK_1663,63,1663,Jim Beam Maple,50mL,1,0.99,0.99,2024-05-31,50.0,1,0.05,12546,JIM BEAM BRANDS COMPANY    
23_ARBINGTON_1770,23,1770,Jack Daniels Tennessee Fire,1.75L,1,37.99,37.99,2024-07-28,1750.0,1,1.84,1128,BROWN-FORMAN CORP          
73_DONCASTER_13956,73,13956,Gouleyant Malbec Cahors,750mL,1,12.99,12.99,2024-11-25,750.0,2,0.11,10754,PERFECTA WINES             
73_DONCASTER_2170,73,2170,Woodford Reserve Bourbon,50mL,2,6.98,3.49,2024-10-26,50.0,1,0.1,1128,BROWN-FORMAN CORP          
40_BULLMAR_3343,40,3343,Bombay Sapphire Gin,375mL,1,12.99,12.99,2024-05-05,375.0,1,0.39,480,BACARDI USA INC            
78_EASTHAVEN_28658,78,28658,R Mondavi Pnt Nr Pvt Sel,750mL,1,7.99,7.99,2024-09-03,750.0,2,0.11,1392,CONSTELLATION BRANDS INC   
55_DRY GULCH_5921,55,5921,RumChata Liqueur,750mL,3,59.97,19.99,2024-12-10,750.0,1,2.36,6213,MHW LTD                    
38_GOULCREST_2611,38,2611,Dewar's 15 Yr Old Rsv,750mL,1,51.99,51.99,2024-06-24,750.0,1,0.79,480,BACARDI USA INC            
40_BULLMAR_7865,40,7865,Moet & Chandon Imperial,750mL,1,34.99,34.99,2024-12-20,750.0,2,0.11,8112,MOET HENNESSY USA INC      
9_BLACKPOOL_3896,9,3896,Zhenka Vodka,375mL,9,29.61,3.29,2024-06-20,375.0,1,3.54,9552,M S WALKER INC             
21_BALERNO_35578,21,35578,Alamos Ridge Cab Svgn Mendza,750mL,18,125.1,6.95,2024-04-24,750.0,2,2.02,3252,E & J GALLO WINERY         
7_STANMORE_4422,7,4422,Jenkins Spiced Rum,1.75L,1,13.99,13.99,2024-04-02,1750.0,1,1.84,9552,M S WALKER INC             
66_EANVERNESS_4897,66,4897,Remy Martin VSOP Cognac,50mL,2,8.98,4.49,2024-10-28,50.0,1,0.1,7239,REMY COINTREAU USA INC     
73_DONCASTER_37984,73,37984,Barone Fini Pnt Gr Valdadige,750mL,6,71.94,11.99,2024-09-23,750.0,2,0.68,4425,MARTIGNETTI COMPANIES
38_GOULCREST_1961,38,1961,Everclear 151,1.75L,1,32.99,32.99,2024-12-06,1750.0,1,1.84,8352,LUXCO INC                  
73_DONCASTER_8189,73,8189,Camarena Silver Tequila,1.75L,1,31.99,31.99,2024-08-08,1750.0,1,1.84,3252,E & J GALLO WINERY         
14_BROMWICH_16878,14,16878,Goosebump Velvety Red,750mL,2,15.98,7.99,2024-05-13,750.0,2,0.22,9165,ULTRA BEVERAGE COMPANY LLP 
79_BALLYMENA_4125,79,4125,Bird Dog Kentucky Whiskey,50mL,2,1.98,0.99,2024-10-02,50.0,1,0.1,9625,WESTERN SPIRITS BEVERAGE CO
10_HORNSEY_2675,10,2675,Crown Royal XO,750mL,2,89.98,44.99,2024-12-09,750.0,1,1.57,3960,DIAGEO NORTH AMERICA INC   
50_MOUNTMEND_8553,50,8553,Dekuyper Blue Curacao,750mL,4,27.96,6.99,2024-10-10,750.0,1,3.15,12546,JIM BEAM BRANDS COMPANY    
27_MOUNTMEND_2436,27,2436,Crown Royal,375mL,1,14.99,14.99,2024-03-24,375.0,1,0.39,3960,DIAGEO NORTH AMERICA INC   
15_WANBORNE_37913,15,37913,Pouilly Fume Minet Vls Vgns,750mL,1,19.99,19.99,2024-08-29,750.0,2,0.11,4425,MARTIGNETTI COMPANIES
13_TARMSWORTH_2114,13,2114,Black Velvet Canadian Whisky,1.75L,4,63.96,15.99,2024-04-05,1750.0,1,7.35,1392,CONSTELLATION BRANDS INC   
71_CLARCTON_2015,71,2015,Jack Daniels Tennessee Honey,750mL,1,22.99,22.99,2024-09-18,750.0,1,0.79,1128,BROWN-FORMAN CORP          
22_SHARNWICK_14386,22,14386,Tarima Monastrell Jumilla,750mL,1,8.99,8.99,2024-08-12,750.0,2,0.11,9552,M S WALKER INC             
2_ASHBORNE_6958,2,6958,Vendange Svgn Bl,1.5L,1,7.99,7.99,2024-03-31,1500.0,2,0.22,1392,CONSTELLATION BRANDS INC   
59_CLAETHORPES_32749,59,32749,Brancott Svgn Bl Marlboro,750mL,3,29.97,9.99,2024-05-13,750.0,2,0.34,17035,PERNOD RICARD USA          
21_BALERNO_6958,21,6958,Vendange Svgn Bl,1.5L,1,7.99,7.99,2024-05-28,1500.0,2,0.22,1392,CONSTELLATION BRANDS INC   
1_HARDERSFIELD_14393,1,14393,Ch Montaud Cotes de Prov Rse,750mL,15,149.85,9.99,2024-05-17,750.0,2,1.69,7153,PINE STATE TRADING CO      
37_PAETHSMOUTH_8082,37,8082,Baileys Irish Cream,1.75L,1,32.99,32.99,2024-03-09,1750.0,1,1.84,3960,DIAGEO NORTH AMERICA INC   
39_EASTHALLOW_28681,39,28681,F Coppola Rosso Bianco Rosso,750mL,1,11.99,11.99,2024-01-15,750.0,2,0.11,2000,SOUTHERN WINE & SPIRITS NE 
39_EASTHALLOW_6725,39,6725,Franzia Crisp White Tap,5L,1,14.99,14.99,2024-07-20,5000.0,2,0.75,9815,WINE GROUP INC             
52_GRAYCOTT_31186,52,31186,Almaden Merlot Cal B/B,5L,1,15.99,15.99,2024-04-25,5000.0,2,0.75,9815,WINE GROUP INC             
32_MOUNTMEND_3679,32,3679,Chopin Vodka,750mL,2,43.98,21.99,2024-05-04,750.0,1,1.57,6213,MHW LTD                    
38_GOULCREST_4197,38,4197,Sailor Jerry Spiced Rum Trav,750mL,1,16.99,16.99,2024-09-17,750.0,1,0.79,3664,WILLIAM GRANT & SONS INC   
51_ABERDEEN_3410,51,3410,American Harvest Organic,750mL,1,16.99,16.99,2024-03-05,750.0,1,0.79,3089,SIDNEY FRANK IMPORTING CO  
55_DRY GULCH_4359,55,4359,Mr Boston Light Rum,1.75L,7,69.93,9.99,2024-05-13,1750.0,1,12.86,660,SAZERAC NORTH AMERICA INC. 
76_DONCASTER_6586,76,6586,Citra Montepulciano,1.5L,1,10.99,10.99,2024-03-25,1500.0,2,0.22,6785,PALM BAY INTERNATIONAL INC 
22_SHARNWICK_7221,22,7221,M & R Sweet Vermouth,1.5L,2,20.98,10.49,2024-09-11,1500.0,2,0.45,480,BACARDI USA INC            
44_PORTHCRAWL_1738,44,1738,Ole Smoky Moonshine Cherries,750mL,1,19.99,19.99,2024-06-19,750.0,1,0.79,6359,OLE SMOKY DISTILLERY LLC   
50_MOUNTMEND_5101,50,5101,Dr McGillicuddy's Mentholmnt,750mL,1,13.99,13.99,2024-06-14,750.0,1,0.79,8004,SAZERAC CO INC             
58_HARTLEPOOL_32648,58,32648,Beringer Classic Wh Znfdl,1.5L,2,19.98,9.99,2024-04-16,1500.0,2,0.45,9819,TREASURY WINE ESTATES      
43_WOLFORD_4124,43,4124,Blue Chair Bay Banana Cream,50mL,2,1.98,0.99,2024-11-12,50.0,1,0.1,6213,MHW LTD                    
20_BREDWARDINE_21033,20,21033,Taylor Fladgate 20-Yr Tawny,750mL,1,41.99,41.99,2024-12-03,750.0,2,0.11,4692,KOBRAND CORPORATION        
67_EANVERNESS_36874,67,36874,Yellow Tail Merlot Ausl,750mL,1,6.99,6.99,2024-04-27,750.0,2,0.11,4425,MARTIGNETTI COMPANIES
71_CLARCTON_5230,71,5230,Bacardi Party Drinks Bahama,1.75L,1,15.99,15.99,2024-02-27,1750.0,1,1.84,480,BACARDI USA INC            
50_MOUNTMEND_35668,50,35668,Redwood Creek Merlot Cal,1.5L,3,32.97,10.99,2024-08-31,1500.0,2,0.68,3252,E & J GALLO WINERY         
51_ABERDEEN_3253,51,3253,Gilbeys London Dry,1.75L,1,12.49,12.49,2024-10-09,1750.0,1,1.84,12546,JIM BEAM BRANDS COMPANY    
54_GUTHRAM_21254,54,21254,Renwood Timberline Znfdl,750mL,1,21.99,21.99,2024-07-23,750.0,2,0.11,4425,MARTIGNETTI COMPANIES
12_LEESIDE_1384,12,1384,Bulleit 95 Rye,750mL,1,28.99,28.99,2024-10-07,750.0,1,0.79,3960,DIAGEO NORTH AMERICA INC   
50_MOUNTMEND_21552,50,21552,Vindicated Cab Svgn,750mL,6,131.94,21.99,2024-02-03,750.0,2,0.68,9165,ULTRA BEVERAGE COMPANY LLP 
57_LANTEGLOS_3776,57,3776,Jose Cuervo Especial Silver,1.75L,1,25.99,25.99,2024-09-08,1750.0,1,1.84,7245,PROXIMO SPIRITS INC.       
67_EANVERNESS_24419,67,24419,Bonterra Mendocino Org Chard,750mL,2,21.98,10.99,2024-03-21,750.0,2,0.22,9165,ULTRA BEVERAGE COMPANY LLP 
33_HORNSEY_126,33,126,Grey Goose Vodka,Liter,1,28.99,28.99,2024-07-20,1000.0,1,1.05,480,BACARDI USA INC            
30_CULCHETH_6727,30,6727,Antinori Toscana Rd,750mL,1,17.99,17.99,2024-12-01,750.0,2,0.11,8673,STE MICHELLE WINE ESTATES  
79_BALLYMENA_23253,79,23253,Summers Cab Svgn Rsv,750mL,1,19.99,19.99,2024-07-01,750.0,2,0.11,653,STATE WINE & SPIRITS   
45_VERITAS_2436,45,2436,Crown Royal,375mL,1,14.99,14.99,2024-11-28,375.0,1,0.39,3960,DIAGEO NORTH AMERICA INC   
34_PITMERDEN_25540,34,25540,Richard Grant Cuvee Rose Brt,750mL,1,13.99,13.99,2024-06-30,750.0,2,0.11,653,STATE WINE & SPIRITS   
51_ABERDEEN_13940,51,13940,Black Box Malbec,3L,2,37.98,18.99,2024-04-08,3000.0,2,0.9,1392,CONSTELLATION BRANDS INC   
47_PELLA'S WISH_3726,47,3726,Gilbeys Vodka Traveler,750mL,1,4.99,4.99,2024-04-27,750.0,1,0.79,12546,JIM BEAM BRANDS COMPANY    
61_AETHELNEY_3566,61,3566,Pinnacle Raspberry,50mL,4,3.96,0.99,2024-10-19,50.0,1,0.21,12546,JIM BEAM BRANDS COMPANY    
32_MOUNTMEND_5285,32,5285,Jacquin Triple Sec,750mL,2,18.58,9.29,2024-06-16,750.0,1,1.57,4380,CHARLES JACQUIN ET CIE INC 
6_GOULCREST_3455,6,3455,Stolichnaya Gluten Free 80*,750mL,1,16.99,16.99,2024-08-19,750.0,1,0.79,8664,"STOLI GROUP,(USA) LLC      "
69_MOUNTMEND_8040,69,8040,Bols Blue Curacao,750mL,8,79.92,9.99,2024-04-29,750.0,1,6.3,6213,MHW LTD                    
79_BALLYMENA_4979,79,4979,Patron Silver Tequila,Liter,1,79.99,79.99,2024-06-25,1000.0,1,1.05,9165,ULTRA BEVERAGE COMPANY LLP 
17_OLDHAM_4269,17,4269,Calico Jack Spiced Rum,1.75L,4,51.96,12.99,2024-10-03,1750.0,1,7.35,12546,JIM BEAM BRANDS COMPANY    
58_HARTLEPOOL_2663,58,2663,Dewars White Label,1.75L,1,29.99,29.99,2024-11-14,1750.0,1,1.84,480,BACARDI USA INC            
41_LARNWICK_29248,41,29248,Toasted Head Chard,750mL,1,10.99,10.99,2024-06-04,750.0,2,0.11,1392,CONSTELLATION BRANDS INC   
1_HARDERSFIELD_4233,1,4233,Castillo Silver Label Rum,1.75L,2,25.98,12.99,2024-02-25,1750.0,1,3.67,480,BACARDI USA INC            
68_SOLARIS_3637,68,3637,Zhenka Vodka Plastic,750mL,2,10.58,5.29,2024-01-04,750.0,1,1.57,9552,M S WALKER INC             
77_TAMWORTH_415,77,415,Jose Cuervo Especial,Liter,1,17.99,17.99,2024-09-20,1000.0,1,1.05,7245,PROXIMO SPIRITS INC.       
67_EANVERNESS_2854,67,2854,Talisker 10-Yr Single Malt,750mL,2,109.98,54.99,2024-07-17,750.0,1,1.57,3960,DIAGEO NORTH AMERICA INC   
81_PEMBROKE_21100,81,21100,Robert Hall 13 Syrah,750mL,1,13.99,13.99,2024-10-22,750.0,2,0.11,653,STATE WINE & SPIRITS   
48_NORFOLK_42420,48,42420,Yellow Tail Pnt Grigio Ausl,750mL,1,6.99,6.99,2024-01-11,750.0,2,0.11,4425,MARTIGNETTI COMPANIES
75_BARNCOMBE_2862,75,2862,Pinch 15-Yr by Haig & Haig,750mL,2,73.98,36.99,2024-08-19,750.0,1,1.57,3960,DIAGEO NORTH AMERICA INC   
19_WINTERVALE_3161,19,3161,New Amsterdam Red Berry,750mL,1,9.99,9.99,2024-01-18,750.0,1,0.79,3252,E & J GALLO WINERY         
60_IRRAGIN_35472,60,35472,R M Woodbridge Pnt Grigio,1.5L,14,125.86,8.99,2024-12-22,1500.0,2,3.15,1392,CONSTELLATION BRANDS INC   
65_LUTON_3276,65,3276,Gordons London Dry,1.75L,1,14.99,14.99,2024-05-15,1750.0,1,1.84,3960,DIAGEO NORTH AMERICA INC   
48_NORFOLK_2760,48,2760,Jack Daniels Tennessee Honey,1.75L,3,116.97,38.99,2024-03-19,1750.0,1,5.51,1128,BROWN-FORMAN CORP          
6_GOULCREST_39256,6,39256,Schmitt Sohne Relax Mosel,750mL,1,9.99,9.99,2024-05-08,750.0,2,0.11,9552,M S WALKER INC             
23_ARBINGTON_6162,23,6162,Jadot Pouilly Fuisse,750mL,5,109.95,21.99,2024-07-23,750.0,2,0.56,4692,KOBRAND CORPORATION        
33_HORNSEY_8910,33,8910,Finlandia Vodka,50mL,13,12.87,0.99,2024-12-14,50.0,1,0.68,1128,BROWN-FORMAN CORP          
48_NORFOLK_8642,48,8642,Jose Cuervo RTD Pink Lemonad,1.75L,1,13.99,13.99,2024-11-09,1750.0,1,1.84,7245,PROXIMO SPIRITS INC.       
61_AETHELNEY_3278,61,3278,Gordons London Dry,750mL,24,191.76,7.99,2024-08-11,750.0,1,18.9,3960,DIAGEO NORTH AMERICA INC   
67_EANVERNESS_7423,67,7423,Manischewitz Concord Kosher,1.5L,2,17.98,8.99,2024-05-14,1500.0,2,0.45,1392,CONSTELLATION BRANDS INC   
7_STANMORE_32915,7,32915,Kim Crawford Svgn Bl Marlbro,750mL,1,14.99,14.99,2024-03-14,750.0,2,0.11,1392,CONSTELLATION BRANDS INC   
53_HILLFAR_3951,53,3951,Hornitos Reposado Tequila,50mL,3,7.47,2.49,2024-08-02,50.0,1,0.16,12546,JIM BEAM BRANDS COMPANY    
1_HARDERSFIELD_1389,1,1389,Makers Mark,50mL,1,2.99,2.99,2024-02-07,50.0,1,0.05,12546,JIM BEAM BRANDS COMPANY    
27_MOUNTMEND_3612,27,3612,Taaka Vodka,1.75L,4,43.96,10.99,2024-03-11,1750.0,1,7.35,8004,SAZERAC CO INC             
56_BEGGAR'S HOLE_7130,56,7130,Smirnoff Green Apple Vodka,1.75L,1,19.99,19.99,2024-10-24,1750.0,1,1.84,3960,DIAGEO NORTH AMERICA INC   
10_HORNSEY_1961,10,1961,Everclear 151,1.75L,1,34.99,34.99,2024-02-20,1750.0,1,1.84,8352,LUXCO INC                  
73_DONCASTER_5138,73,5138,Fireball Cinnamon Whisky,750mL,3,47.97,15.99,2024-03-26,750.0,1,2.36,8004,SAZERAC CO INC             
74_PAENTMARWY_29619,74,29619,Schmitt Sohne Auslese,750mL,1,13.99,13.99,2024-03-18,750.0,2,0.11,9552,M S WALKER INC             
76_DONCASTER_2834,76,2834,Old Smuggler P E T,1.75L,7,118.93,16.99,2024-04-22,1750.0,1,12.86,8320,SHAW ROSS INT L IMP LTD    
50_MOUNTMEND_5447,50,5447,Jagermeister Liqueur,375mL,1,9.99,9.99,2024-05-13,375.0,1,0.39,3089,SIDNEY FRANK IMPORTING CO  
73_DONCASTER_3498,73,3498,Baileys Vanilla Cinnamon,750mL,1,19.99,19.99,2024-02-03,750.0,1,0.79,3960,DIAGEO NORTH AMERICA INC   
69_MOUNTMEND_3185,69,3185,Grey Goose L'Orange Vodka,1.75L,1,46.99,46.99,2024-02-04,1750.0,1,1.84,480,BACARDI USA INC            
69_MOUNTMEND_23954,69,23954,Notre Dame Luberon Rose,750mL,1,9.99,9.99,2024-07-17,750.0,2,0.11,9165,ULTRA BEVERAGE COMPANY LLP 
34_PITMERDEN_1023,34,1023,Hennessy VSOP Cognac + 50mL,750mL,12,563.88,46.99,2024-05-03,750.0,1,9.45,8112,MOET HENNESSY USA INC      
23_ARBINGTON_2366,23,2366,Templeton Rye Whiskey,750mL,2,79.98,39.99,2024-01-29,750.0,1,1.57,9165,ULTRA BEVERAGE COMPANY LLP 
56_BEGGAR'S HOLE_3606,56,3606,Smirnoff Raspberry Vodka,50mL,15,14.85,0.99,2024-06-09,50.0,1,0.79,3960,DIAGEO NORTH AMERICA INC   
23_ARBINGTON_2783,23,2783,Lauders Scotch,1.75L,2,27.98,13.99,2024-10-29,1750.0,1,3.67,660,SAZERAC NORTH AMERICA INC. 
49_GARIGILL_14279,49,14279,Movendo Moscato,750mL,1,10.99,10.99,2024-10-10,750.0,2,0.11,516,BANFI PRODUCTS CORP        
67_EANVERNESS_8441,67,8441,Baileys Irish Cream,375mL,3,38.97,12.99,2024-12-18,375.0,1,1.18,3960,DIAGEO NORTH AMERICA INC   
76_DONCASTER_10735,76,10735,Ch Beauchene Rose,750mL,1,13.99,13.99,2024-06-20,750.0,2,0.11,10754,PERFECTA WINES             
13_TARMSWORTH_3781,13,3781,Three Olives Vanilla Vodka,750mL,1,12.99,12.99,2024-04-26,750.0,1,0.79,7245,PROXIMO SPIRITS INC.       
76_DONCASTER_24771,76,24771,Les Darons Lang J Carrel Rou,750mL,1,12.99,12.99,2024-01-31,750.0,2,0.11,10754,PERFECTA WINES             
66_EANVERNESS_5789,66,5789,Tomahawk Maple Cream Liqueur,750mL,1,17.49,17.49,2024-07-21,750.0,1,0.79,7153,PINE STATE TRADING CO      
74_PAENTMARWY_6846,74,6846,Stock Limonce,750mL,1,14.99,14.99,2024-12-30,750.0,1,0.79,8352,LUXCO INC                  
11_CARDEND_6319,11,6319,Santa Cristina Toscana,750mL,1,11.99,11.99,2024-04-22,750.0,2,0.11,8673,STE MICHELLE WINE ESTATES  
34_PITMERDEN_12123,34,12123,Barefoot Cellars Rsl,750mL,5,24.95,4.99,2024-12-04,750.0,2,0.56,3252,E & J GALLO WINERY         
71_CLARCTON_4349,71,4349,Sauza Blue Silver,750mL,1,15.99,15.99,2024-03-26,750.0,1,0.79,12546,JIM BEAM BRANDS COMPANY    
77_TAMWORTH_7995,77,7995,Patron Reposado Tequila,50mL,1,6.49,6.49,2024-03-19,50.0,1,0.05,9165,ULTRA BEVERAGE COMPANY LLP 
30_CULCHETH_23712,30,23712,Bell'Agio Chianti Flask,750mL,2,19.98,9.99,2024-09-08,750.0,2,0.22,516,BANFI PRODUCTS CORP        
10_HORNSEY_8462,10,8462,Frangelico Hazelnut Liqueur,750mL,2,49.98,24.99,2024-01-22,750.0,1,1.57,11567,CAMPARI AMERICA            
27_MOUNTMEND_58,27,58,Gekkeikan Black & Gold Sake,750mL,1,12.99,12.99,2024-05-04,750.0,1,0.79,8320,SHAW ROSS INT L IMP LTD    
73_DONCASTER_23595,73,23595,Almaden Burgundy B/B,5L,1,16.99,16.99,2024-07-10,5000.0,2,0.75,9815,WINE GROUP INC             
47_PELLA'S WISH_1385,47,1385,Makers Mark,750mL,2,55.98,27.99,2024-07-05,750.0,1,1.57,12546,JIM BEAM BRANDS COMPANY    
52_GRAYCOTT_3505,52,3505,Tito's Handmade Vodka,750mL,1,18.99,18.99,2024-05-19,750.0,1,0.79,4425,MARTIGNETTI COMPANIES
46_TYWARDREATH_3310,46,3310,Pinnacle Vodka,375mL,2,11.98,5.99,2024-01-25,375.0,1,0.79,12546,JIM BEAM BRANDS COMPANY    
54_GUTHRAM_4878,54,4878,Allens Coffee Brandy,750mL,1,7.99,7.99,2024-08-18,750.0,1,0.79,9552,M S WALKER INC             
22_SHARNWICK_4346,22,4346,Mr Boston Dark Rum,1.75L,1,10.99,10.99,2024-02-10,1750.0,1,1.84,660,SAZERAC NORTH AMERICA INC. 
69_MOUNTMEND_19947,69,19947,Josh Cellars Svgn Bl,750mL,2,27.98,13.99,2024-04-29,750.0,2,0.22,4425,MARTIGNETTI COMPANIES
43_WOLFORD_5111,43,5111,Dr McGillicuddy's Mentholmnt,50mL,10,9.9,0.99,2024-05-27,50.0,1,0.52,8004,SAZERAC CO INC             
13_TARMSWORTH_39146,13,39146,Matua Svgn Bl Marlboro,750mL,1,10.99,10.99,2024-12-22,750.0,2,0.11,9819,TREASURY WINE ESTATES      
49_GARIGILL_13363,49,13363,Newton Red Label Cab Svgn,750mL,3,50.97,16.99,2024-12-15,750.0,2,0.34,8112,MOET HENNESSY USA INC      
1_HARDERSFIELD_2121,1,2121,Canadian Club Traveler,750mL,3,29.97,9.99,2024-09-27,750.0,1,2.36,12546,JIM BEAM BRANDS COMPANY    
76_DONCASTER_15859,76,15859,Roland Lavantureux Chablis,750mL,2,47.98,23.99,2024-10-02,750.0,2,0.22,4425,MARTIGNETTI COMPANIES
51_ABERDEEN_3265,51,3265,Firefly Sweet Tea Vodka,50mL,10,4.9,0.49,2024-06-26,50.0,1,0.52,8004,SAZERAC CO INC             
65_LUTON_4153,65,4153,Jenkins Rum,1.75L,1,11.99,11.99,2024-07-26,1750.0,1,1.84,9552,M S WALKER INC             
13_TARMSWORTH_5747,13,5747,Malibu Pineapple Rum,750mL,1,12.99,12.99,2024-08-16,750.0,1,0.79,17035,PERNOD RICARD USA          
19_WINTERVALE_42462,19,42462,Gnarly Head Old Vine Znfdl,750mL,2,25.98,12.99,2024-09-15,750.0,2,0.22,2242,DELICATO VINEYARDS INC     
2_ASHBORNE_6650,2,6650,Simi Chard,750mL,14,151.06,10.79,2024-12-17,750.0,2,1.57,1392,CONSTELLATION BRANDS INC   
19_WINTERVALE_28114,19,28114,Steele Chard Cal,750mL,1,16.99,16.99,2024-10-21,750.0,2,0.11,9552,M S WALKER INC             
61_AETHELNEY_16314,61,16314,Line 39 Chard,750mL,1,9.99,9.99,2024-10-27,750.0,2,0.11,7153,PINE STATE TRADING CO      
50_MOUNTMEND_3210,50,3210,Smirnoff Sourced Pineapple,50mL,1,0.99,0.99,2024-10-25,50.0,1,0.05,3960,DIAGEO NORTH AMERICA INC   
42_BLACK HOLLOW_8111,42,8111,Smirnoff 80 Proof,50mL,4,3.96,0.99,2024-12-04,50.0,1,0.21,3960,DIAGEO NORTH AMERICA INC   
1_HARDERSFIELD_3436,1,3436,Bombay Dry Gin,1.75L,1,24.99,24.99,2024-12-08,1750.0,1,1.84,480,BACARDI USA INC            
2_ASHBORNE_41034,2,41034,Menage a Trois Red,750mL,1,8.95,8.95,2024-12-30,750.0,2,0.11,8892,TRINCHERO FAMILY ESTATES   
54_GUTHRAM_4480,54,4480,Appleton Special Gold Rum,750mL,1,12.99,12.99,2024-07-06,750.0,1,0.79,11567,CAMPARI AMERICA            
76_DONCASTER_41990,76,41990,Heitz Cab Svgn Napa,750mL,2,109.98,54.99,2024-08-05,750.0,2,0.22,4425,MARTIGNETTI COMPANIES
7_STANMORE_32989,7,32989,Barefoot Cab Svgn Cal,1.5L,1,10.99,10.99,2024-12-14,1500.0,2,0.22,3252,E & J GALLO WINERY         
67_EANVERNESS_10451,67,10451,Line 39 Cab Svgn Lake Cnty,750mL,1,8.99,8.99,2024-06-13,750.0,2,0.11,7153,PINE STATE TRADING CO      
11_CARDEND_3405,11,3405,Tito's Handmade Vodka,1.75L,4,119.96,29.99,2024-06-03,1750.0,1,7.35,4425,MARTIGNETTI COMPANIES
76_DONCASTER_39593,76,39593,Redwood Creek Pnt Nr Cal,1.5L,2,19.98,9.99,2024-10-22,1500.0,2,0.45,3252,E & J GALLO WINERY         
76_DONCASTER_26236,76,26236,Marques de Caceres Rose,750mL,5,44.95,8.99,2024-03-24,750.0,2,0.56,1587,VINEYARD BRANDS INC        
19_WINTERVALE_822,19,822,Tanqueray,Liter,2,53.98,26.99,2024-08-12,1000.0,1,2.1,3960,DIAGEO NORTH AMERICA INC   
38_GOULCREST_27831,38,27831,Wild Horse CC Chard,750mL,1,11.99,11.99,2024-09-15,750.0,2,0.11,1392,CONSTELLATION BRANDS INC   
50_MOUNTMEND_10874,50,10874,Cantine Maschio Prosecco Brt,750mL,1,10.99,10.99,2024-12-01,750.0,2,0.11,516,BANFI PRODUCTS CORP        
15_WANBORNE_2890,15,2890,Four Roses Bourbon,750mL,1,26.99,26.99,2024-03-18,750.0,1,0.79,9552,M S WALKER INC             
65_LUTON_17756,65,17756,Cline Cool Climate Pnt Nr,750mL,3,47.97,15.99,2024-11-23,750.0,2,0.34,4425,MARTIGNETTI COMPANIES
65_LUTON_3871,65,3871,Smirnoff Watermelon Vodka,750mL,1,10.99,10.99,2024-03-29,750.0,1,0.79,3960,DIAGEO NORTH AMERICA INC   
77_TAMWORTH_3545,77,3545,Ketel One Vodka,1.75L,3,95.97,31.99,2024-03-02,1750.0,1,5.51,3960,DIAGEO NORTH AMERICA INC   
45_VERITAS_2114,45,2114,Black Velvet Canadian Whisky,1.75L,2,25.98,12.99,2024-08-01,1750.0,1,3.67,1392,CONSTELLATION BRANDS INC   
7_STANMORE_3390,7,3390,Cold River Blueberry Vodka,750mL,1,34.99,34.99,2024-05-27,750.0,1,0.79,4425,MARTIGNETTI COMPANIES
56_BEGGAR'S HOLE_42099,56,42099,Bota Box Pnt Grigio Cal,3L,1,17.99,17.99,2024-02-27,3000.0,2,0.45,2242,DELICATO VINEYARDS INC     
2_ASHBORNE_6570,2,6570,Kendall Jackson Chard Vt RSV,750mL,3,32.97,10.99,2024-05-31,750.0,2,0.34,10000,MAJESTIC FINE WINES        
66_EANVERNESS_19276,66,19276,Pali Tower 15 The Winery,750mL,1,13.99,13.99,2024-02-27,750.0,2,0.11,653,STATE WINE & SPIRITS   
32_MOUNTMEND_3997,32,3997,Hornitos Plata Tequila,750mL,1,20.99,20.99,2024-12-08,750.0,1,0.79,12546,JIM BEAM BRANDS COMPANY    
15_WANBORNE_5103,15,5103,Fireball Cinnamon Whisky,1.75L,8,199.92,24.99,2024-10-21,1750.0,1,14.7,8004,SAZERAC CO INC             
68_SOLARIS_3452,68,3452,Vanya Light Vodka,1.75L,1,7.29,7.29,2024-06-20,1750.0,1,1.84,9552,M S WALKER INC             
63_SWORDBREAK_7341,63,7341,Smirnoff Watermelon,50mL,5,4.95,0.99,2024-09-12,50.0,1,0.26,3960,DIAGEO NORTH AMERICA INC   
70_KELD_9160,70,9160,Deep Eddy Peach Vodka,50mL,3,2.97,0.99,2024-06-24,50.0,1,0.16,3924,HEAVEN HILL DISTILLERIES   
72_HARDERSFIELD_370,72,370,Finlandia Vodka,Liter,1,13.99,13.99,2024-06-21,1000.0,1,1.05,1128,BROWN-FORMAN CORP          
64_CESTERFIELD_27512,64,27512,Warre's Late Bottled Vintage,750mL,1,22.99,22.99,2024-07-30,750.0,2,0.11,1587,VINEYARD BRANDS INC        
68_SOLARIS_3980,68,3980,Hornitos Reposado Tequila,1.75L,1,32.99,32.99,2024-06-21,1750.0,1,1.84,12546,JIM BEAM BRANDS COMPANY    
11_CARDEND_21750,11,21750,Santos Sangria,1.5L,1,9.99,9.99,2024-09-09,1500.0,2,0.22,10754,PERFECTA WINES             
29_AYLESBURY_4269,29,4269,Calico Jack Spiced Rum,1.75L,1,12.99,12.99,2024-01-28,1750.0,1,1.84,12546,JIM BEAM BRANDS COMPANY    
72_HARDERSFIELD_13458,72,13458,Ch Ste Michelle Harvest Rsl,750mL,2,17.98,8.99,2024-04-18,750.0,2,0.22,8673,STE MICHELLE WINE ESTATES  
50_MOUNTMEND_15393,50,15393,Cupcake Pnt Grigio,750mL,14,97.86,6.99,2024-07-23,750.0,2,1.57,9815,WINE GROUP INC             
57_LANTEGLOS_8512,57,8512,Baileys Irish Cream,750mL,1,19.99,19.99,2024-10-04,750.0,1,0.79,3960,DIAGEO NORTH AMERICA INC   
38_GOULCREST_5219,38,5219,Sambuca Romana Black,750mL,1,19.99,19.99,2024-11-12,750.0,1,0.79,3960,DIAGEO NORTH AMERICA INC   
77_TAMWORTH_28070,77,28070,Sutter Home Moscato Cal,1.5L,1,9.99,9.99,2024-11-20,1500.0,2,0.22,8892,TRINCHERO FAMILY ESTATES   
40_BULLMAR_14975,40,14975,Cavit Moscato,750mL,2,13.98,6.99,2024-06-06,750.0,2,0.22,6785,PALM BAY INTERNATIONAL INC 
8_ALNERWICK_3882,8,3882,Smirnoff Strawberry Vodka,750mL,1,12.99,12.99,2024-11-08,750.0,1,0.79,3960,DIAGEO NORTH AMERICA INC   
34_PITMERDEN_1744,34,1744,Old Forester 100 Bourbon,750mL,1,24.99,24.99,2024-03-07,750.0,1,0.79,1128,BROWN-FORMAN CORP          
10_HORNSEY_4050,10,4050,Bacardi Oakheart Spiced Rum,750mL,1,13.99,13.99,2024-05-10,750.0,1,0.79,480,BACARDI USA INC            
19_WINTERVALE_3982,19,3982,Hornitos Reposado Tequila,750mL,2,41.98,20.99,2024-07-02,750.0,1,1.57,12546,JIM BEAM BRANDS COMPANY    
38_GOULCREST_26318,38,26318,House Wine Cab Svgn,3L,2,35.98,17.99,2024-08-07,3000.0,2,0.9,10754,PERFECTA WINES             
13_TARMSWORTH_2672,13,2672,Dewars White Label,50mL,6,13.74,2.29,2024-06-01,50.0,1,0.32,480,BACARDI USA INC            
6_GOULCREST_6349,6,6349,Glen Ellen Chard RSV,1.5L,4,27.96,6.99,2024-10-14,1500.0,2,0.9,9815,WINE GROUP INC             
74_PAENTMARWY_13991,74,13991,Colombo Cape Bleue Rose VdP,750mL,2,19.98,9.99,2024-08-06,750.0,2,0.22,6785,PALM BAY INTERNATIONAL INC 
49_GARIGILL_14129,49,14129,14 Hands Hot to Trot Red,750mL,1,7.99,7.99,2024-02-16,750.0,2,0.11,8673,STE MICHELLE WINE ESTATES  
18_FURNESS_42601,18,42601,3 Blind Moose Cab Svgn Cal,750mL,1,10.99,10.99,2024-09-08,750.0,2,0.11,1392,CONSTELLATION BRANDS INC   
67_EANVERNESS_5828,67,5828,Ryans Irish Cream,750mL,3,26.97,8.99,2024-07-09,750.0,1,2.36,8004,SAZERAC CO INC             
58_HARTLEPOOL_27596,58,27596,MezzaCorona Pnt Grigio,750mL,2,15.98,7.99,2024-07-14,750.0,2,0.22,9165,ULTRA BEVERAGE COMPANY LLP 
20_BREDWARDINE_8408,20,8408,Wild Turkey American Honey,1.75L,1,34.99,34.99,2024-07-15,1750.0,1,1.84,11567,CAMPARI AMERICA            
47_PELLA'S WISH_3724,47,3724,Absolut Citron,750mL,1,17.99,17.99,2024-06-09,750.0,1,0.79,17035,PERNOD RICARD USA          
19_WINTERVALE_23917,19,23917,Mionetto Prosecco DOC Brut,1.5L,1,27.99,27.99,2024-07-17,1500.0,2,0.22,9552,M S WALKER INC             
2_ASHBORNE_2854,2,2854,Talisker 10-Yr Single Malt,750mL,1,54.99,54.99,2024-07-10,750.0,1,0.79,3960,DIAGEO NORTH AMERICA INC   
54_GUTHRAM_27042,54,27042,Luna di Luna Chard/Pnt Grigo,750mL,1,9.99,9.99,2024-01-06,750.0,2,0.11,9552,M S WALKER INC             
59_CLAETHORPES_8329,59,8329,R Mondavi Chard Pvt Sel,750mL,2,13.96,6.98,2024-10-20,750.0,2,0.22,1392,CONSTELLATION BRANDS INC   
38_GOULCREST_5316,38,5316,Amaretto DiSaronno,50mL,1,2.29,2.29,2024-09-13,50.0,1,0.05,2555,DISARONNO INTERNATIONAL LLC
67_EANVERNESS_1178,67,1178,Evan Williams Black Label B,750mL,2,20.98,10.49,2024-09-13,750.0,1,1.57,3924,HEAVEN HILL DISTILLERIES   
64_CESTERFIELD_2973,64,2973,Eagle Rare Single Barrel Bo,750mL,5,139.95,27.99,2024-12-23,750.0,1,3.94,8004,SAZERAC CO INC             
21_BALERNO_2034,21,2034,Glendalough Double Barrel,750mL,1,28.99,28.99,2024-10-01,750.0,1,0.79,388,ATLANTIC IMPORTING COMPANY 
20_BREDWARDINE_3859,20,3859,Smirnoff 80 Proof,375mL,4,35.96,8.99,2024-11-26,375.0,1,1.57,3960,DIAGEO NORTH AMERICA INC   
76_DONCASTER_6264,76,6264,Cooks Extra Dry,750mL,6,41.94,6.99,2024-02-26,750.0,2,0.68,1392,CONSTELLATION BRANDS INC   
33_HORNSEY_12212,33,12212,Black Box Svgn Bl,3L,4,75.96,18.99,2024-12-06,3000.0,2,1.8,1392,CONSTELLATION BRANDS INC   
43_WOLFORD_32989,43,32989,Barefoot Cab Svgn Cal,1.5L,1,10.99,10.99,2024-01-24,1500.0,2,0.22,3252,E & J GALLO WINERY         
32_MOUNTMEND_32831,32,32831,Carpineto Dogajolo Tuscan Rd,750mL,2,19.98,9.99,2024-10-14,750.0,2,0.22,9165,ULTRA BEVERAGE COMPANY LLP 
34_PITMERDEN_3100,34,3100,Ciroc Red Berry Vodka,1.75L,1,48.99,48.99,2024-05-06,1750.0,1,1.84,3960,DIAGEO NORTH AMERICA INC   
6_GOULCREST_1180,6,1180,Evan Williams Black Label B,1.75L,1,17.99,17.99,2024-04-19,1750.0,1,1.84,3924,HEAVEN HILL DISTILLERIES   
65_LUTON_6857,65,6857,Sutter Home Wh Znfdl,1.5L,2,15.9,7.95,2024-01-10,1500.0,2,0.45,8892,TRINCHERO FAMILY ESTATES   
13_TARMSWORTH_3835,13,3835,Smirnoff Raspberry Vodka,750mL,2,25.98,12.99,2024-06-03,750.0,1,1.57,3960,DIAGEO NORTH AMERICA INC   
32_MOUNTMEND_3787,32,3787,Jose Cuervo Especial Silver,750mL,1,16.99,16.99,2024-07-21,750.0,1,0.79,7245,PROXIMO SPIRITS INC.       
66_EANVERNESS_14622,66,14622,La Marca Prosecco,750mL,4,51.96,12.99,2024-06-18,750.0,2,0.45,3252,E & J GALLO WINERY         
38_GOULCREST_2366,38,2366,Templeton Rye Whiskey,750mL,1,39.99,39.99,2024-09-30,750.0,1,0.79,9165,ULTRA BEVERAGE COMPANY LLP 
34_PITMERDEN_23143,34,23143,Bogle Chard,750mL,3,35.97,11.99,2024-09-30,750.0,2,0.34,4425,MARTIGNETTI COMPANIES
67_EANVERNESS_2967,67,2967,Glenfiddich Solera 15-Yr RS,750mL,1,58.99,58.99,2024-07-04,750.0,1,0.79,3664,WILLIAM GRANT & SONS INC   
68_SOLARIS_3253,68,3253,Gilbeys London Dry,1.75L,1,12.49,12.49,2024-05-11,1750.0,1,1.84,12546,JIM BEAM BRANDS COMPANY    
38_GOULCREST_38181,38,38181,Rex Goliath Pnt Nr,750mL,4,23.96,5.99,2024-01-29,750.0,2,0.45,1392,CONSTELLATION BRANDS INC   
34_PITMERDEN_29810,34,29810,Fess Parker Chard,750mL,1,15.99,15.99,2024-09-17,750.0,2,0.11,7153,PINE STATE TRADING CO      
15_WANBORNE_24086,15,24086,Hess Select Chard,750mL,2,25.98,12.99,2024-06-28,750.0,2,0.22,4425,MARTIGNETTI COMPANIES
15_WANBORNE_8704,15,8704,Beringer Chard Napa Vly,750mL,2,29.98,14.99,2024-04-08,750.0,2,0.22,9819,TREASURY WINE ESTATES      
34_PITMERDEN_25725,34,25725,Prophecy Svgn Bl,750mL,1,9.99,9.99,2024-09-24,750.0,2,0.11,3252,E & J GALLO WINERY         
24_PALPERROTH_25539,24,25539,Three Knights Svgn Bl,750mL,2,19.98,9.99,2024-08-11,750.0,2,0.22,653,STATE WINE & SPIRITS   
38_GOULCREST_36493,38,36493,Dom Tempier Bandol Rose Pro,750mL,1,34.99,34.99,2024-06-28,750.0,2,0.11,4425,MARTIGNETTI COMPANIES
24_PALPERROTH_5191,24,5191,Fireball Cinnamon Whiskey,375mL,1,9.99,9.99,2024-07-28,375.0,1,0.39,8004,SAZERAC CO INC             
70_KELD_857,70,857,Kahlua,Liter,2,45.98,22.99,2024-08-19,1000.0,1,2.1,17035,PERNOD RICARD USA          
58_HARTLEPOOL_4330,58,4330,Capt Morgan Spiced Rum 100,1.75L,1,27.99,27.99,2024-08-21,1750.0,1,1.84,3960,DIAGEO NORTH AMERICA INC   
50_MOUNTMEND_6854,50,6854,Carlo Rossi Burgundy Calif,4L,1,14.99,14.99,2024-11-22,4000.0,2,0.6,3252,E & J GALLO WINERY         
74_PAENTMARWY_1180,74,1180,Evan Williams Black Label B,1.75L,3,62.97,20.99,2024-03-24,1750.0,1,5.51,3924,HEAVEN HILL DISTILLERIES   
60_IRRAGIN_4125,60,4125,Bird Dog Kentucky Whiskey,50mL,2,1.98,0.99,2024-12-15,50.0,1,0.1,9625,WESTERN SPIRITS BEVERAGE CO
60_IRRAGIN_1385,60,1385,Makers Mark,750mL,2,61.98,30.99,2024-04-17,750.0,1,1.57,12546,JIM BEAM BRANDS COMPANY    
30_CULCHETH_3650,30,3650,Patron Silver Tequila,750mL,2,93.98,46.99,2024-07-09,750.0,1,1.57,9165,ULTRA BEVERAGE COMPANY LLP 
49_GARIGILL_45460,49,45460,New Harbor Svgn Bl Marlboro,750mL,3,29.97,9.99,2024-03-18,750.0,2,0.34,1590,DIAGEO CHATEAU ESTATE WINES
5_SUTTON_19748,5,19748,Clos du Bois Chard,1.5L,2,29.98,14.99,2024-07-25,1500.0,2,0.45,1392,CONSTELLATION BRANDS INC   
27_MOUNTMEND_8815,27,8815,Ch Ste Michelle Chard Colmbi,750mL,1,8.99,8.99,2024-07-24,750.0,2,0.11,8673,STE MICHELLE WINE ESTATES  
71_CLARCTON_4798,71,4798,Sambuca Romana Liqueur,50mL,5,9.95,1.99,2024-06-24,50.0,1,0.26,3960,DIAGEO NORTH AMERICA INC   
33_HORNSEY_14006,33,14006,Apothic Winemakers Red Blend,750mL,5,49.95,9.99,2024-04-02,750.0,2,0.56,3252,E & J GALLO WINERY         
42_BLACK HOLLOW_4265,42,4265,Capt Morgan Spiced Rum,375mL,1,10.99,10.99,2024-06-12,375.0,1,0.39,3960,DIAGEO NORTH AMERICA INC   
15_WANBORNE_3979,15,3979,Vesica Potato Vodka,1.75L,1,16.99,16.99,2024-08-20,1750.0,1,1.84,60,ADAMBA IMPORTS INTL INC    
76_DONCASTER_6278,76,6278,Sterling Svgn Bl,750mL,1,13.99,13.99,2024-02-18,750.0,2,0.11,1590,DIAGEO CHATEAU ESTATE WINES
76_DONCASTER_1955,76,1955,Jack Daniels Tennessee Honey,375mL,1,10.99,10.99,2024-12-14,375.0,1,0.39,1128,BROWN-FORMAN CORP          
17_OLDHAM_3244,17,3244,Burnetts Vodka,750mL,1,6.79,6.79,2024-02-09,750.0,1,0.79,3924,HEAVEN HILL DISTILLERIES   
71_CLARCTON_4218,71,4218,Sailor Jerry Spiced Navy Rum,750mL,2,33.98,16.99,2024-11-17,750.0,1,1.57,3664,WILLIAM GRANT & SONS INC   
1_HARDERSFIELD_29212,1,29212,R Mondavi Merlot Pvt Sel,750mL,1,7.99,7.99,2024-09-01,750.0,2,0.11,1392,CONSTELLATION BRANDS INC   
59_CLAETHORPES_8612,59,8612,Grand Marnier,1.75L,1,59.99,59.99,2024-10-14,1750.0,1,1.84,8112,MOET HENNESSY USA INC      
69_MOUNTMEND_3835,69,3835,Smirnoff Raspberry Vodka,750mL,2,25.98,12.99,2024-02-12,750.0,1,1.57,3960,DIAGEO NORTH AMERICA INC   
66_EANVERNESS_5714,66,5714,Jose Cuervo Lime Margarita,200mL 4 Pk,5,49.95,9.99,2024-09-10,200.0,1,1.05,7245,PROXIMO SPIRITS INC.       
39_EASTHALLOW_3012,39,3012,Pinnacle Vodka,50mL,1,0.99,0.99,2024-12-22,50.0,1,0.05,12546,JIM BEAM BRANDS COMPANY    
57_LANTEGLOS_5364,57,5364,Kahlua,1.75L,8,239.92,29.99,2024-07-15,1750.0,1,14.7,17035,PERNOD RICARD USA          
69_MOUNTMEND_44529,69,44529,Salmon Run Chard/Rsl,750mL,2,19.98,9.99,2024-05-31,750.0,2,0.22,10754,PERFECTA WINES             
69_MOUNTMEND_18565,69,18565,Red Diamond Pnt Nr,750mL,1,8.99,8.99,2024-04-13,750.0,2,0.11,8673,STE MICHELLE WINE ESTATES  
15_WANBORNE_4304,15,4304,Bacardi Mango Fusion,50mL,1,0.99,0.99,2024-04-10,50.0,1,0.05,480,BACARDI USA INC            
35_HALIVAARA_36992,35,36992,Duck Pond Willamette Pnt Nr,750mL,1,19.99,19.99,2024-02-28,750.0,2,0.11,10754,PERFECTA WINES             
72_HARDERSFIELD_18013,72,18013,Cecchi Sangiovese,750mL,1,6.99,6.99,2024-01-30,750.0,2,0.11,9165,ULTRA BEVERAGE COMPANY LLP 
10_HORNSEY_8275,10,8275,El Mayor Anejo Tequila,750mL,1,36.99,36.99,2024-11-18,750.0,1,0.79,8352,LUXCO INC                  
73_DONCASTER_6240,73,6240,Riunite Raspberry,1.5L,3,26.97,8.99,2024-12-26,1500.0,2,0.68,516,BANFI PRODUCTS CORP        
76_DONCASTER_8265,76,8265,Cockburns Fine Ruby Port,750mL,3,29.97,9.99,2024-01-29,750.0,2,0.34,7240,"PREMIUM PORT WINES, INC.   "
33_HORNSEY_9160,33,9160,Deep Eddy Peach Vodka,50mL,2,1.98,0.99,2024-10-06,50.0,1,0.1,3924,HEAVEN HILL DISTILLERIES   
15_WANBORNE_19453,15,19453,Wente Southern Hill Cab Svgn,750mL,1,13.99,13.99,2024-03-24,750.0,2,0.11,2000,SOUTHERN WINE & SPIRITS NE 
38_GOULCREST_46947,38,46947,Murphy-Goode Merlot Alexandr,750mL,2,25.98,12.99,2024-07-13,750.0,2,0.22,9552,M S WALKER INC             
20_BREDWARDINE_31488,20,31488,Barefoot Chard Cal,750mL,3,18.87,6.29,2024-03-11,750.0,2,0.34,3252,E & J GALLO WINERY         
6_GOULCREST_21795,6,21795,Canyon Rd Cab Svgn,750mL,24,114.96,4.79,2024-04-27,750.0,2,2.7,3252,E & J GALLO WINERY         
64_CESTERFIELD_822,64,822,Tanqueray,Liter,1,26.99,26.99,2024-09-20,1000.0,1,1.05,3960,DIAGEO NORTH AMERICA INC   
48_NORFOLK_3455,48,3455,Stolichnaya Gluten Free 80*,750mL,1,19.99,19.99,2024-07-17,750.0,1,0.79,8664,"STOLI GROUP,(USA) LLC      "
62_KILMARNOCK_3650,62,3650,Patron Silver Tequila,750mL,1,46.99,46.99,2024-08-04,750.0,1,0.79,9165,ULTRA BEVERAGE COMPANY LLP 
21_BALERNO_44714,21,44714,Buehler Znfdl Napa,750mL,2,23.98,11.99,2024-08-18,750.0,2,0.22,4425,MARTIGNETTI COMPANIES
10_HORNSEY_5090,10,5090,El Charro Silver Tequila,750mL,6,77.94,12.99,2024-05-20,750.0,1,4.72,8004,SAZERAC CO INC             
73_DONCASTER_7320,73,7320,Malibu Rum Punch RTD,1.75L,2,35.98,17.99,2024-08-14,1750.0,1,3.67,17035,PERNOD RICARD USA          
40_BULLMAR_16289,40,16289,Barefoot Bubbly Pink Moscato,750mL,3,23.97,7.99,2024-03-05,750.0,2,0.34,3252,E & J GALLO WINERY         
77_TAMWORTH_5191,77,5191,Fireball Cinnamon Whiskey,375mL,2,19.98,9.99,2024-03-11,375.0,1,0.79,8004,SAZERAC CO INC             
38_GOULCREST_3476,38,3476,Reyka Vodka,750mL,1,22.99,22.99,2024-09-15,750.0,1,0.79,3664,WILLIAM GRANT & SONS INC   
25_CAERSHIRE_15548,25,15548,Seaglass Chard,750mL,5,44.95,8.99,2024-05-27,750.0,2,0.56,8892,TRINCHERO FAMILY ESTATES   
73_DONCASTER_7159,73,7159,Ruffino Chianti,750mL,3,20.97,6.99,2024-04-18,750.0,2,0.34,1392,CONSTELLATION BRANDS INC   
32_MOUNTMEND_8500,32,8500,Stolichnaya Chocolat Kokonut,750mL,1,8.79,8.79,2024-03-03,750.0,1,0.79,8664,"STOLI GROUP,(USA) LLC      "
67_EANVERNESS_3651,67,3651,Belvedere Vodka,50mL,5,19.95,3.99,2024-03-22,50.0,1,0.26,8112,MOET HENNESSY USA INC      
43_WOLFORD_3025,43,3025,Ciroc Snap Frost Vodka,375mL,1,11.99,11.99,2024-05-28,375.0,1,0.39,3960,DIAGEO NORTH AMERICA INC   
43_WOLFORD_5490,43,5490,DeKuyper Hot Damn Cinnamon,50mL,1,0.99,0.99,2024-09-13,50.0,1,0.05,12546,JIM BEAM BRANDS COMPANY    
67_EANVERNESS_273,67,273,Sauza Extra Gold Tequila,1.75L,1,21.99,21.99,2024-08-03,1750.0,1,1.84,12546,JIM BEAM BRANDS COMPANY    
2_ASHBORNE_14006,2,14006,Apothic Winemakers Red Blend,750mL,2,15.98,7.99,2024-11-02,750.0,2,0.22,3252,E & J GALLO WINERY         
1_HARDERSFIELD_24325,1,24325,La Crema Chard Sonoma Cst,750mL,5,79.95,15.99,2024-11-16,750.0,2,0.56,10000,MAJESTIC FINE WINES        
60_IRRAGIN_3354,60,3354,Ketel One Vodka,375mL,2,29.98,14.99,2024-06-17,375.0,1,0.79,3960,DIAGEO NORTH AMERICA INC   
67_EANVERNESS_13458,67,13458,Ch Ste Michelle Harvest Rsl,750mL,3,26.97,8.99,2024-12-14,750.0,2,0.34,8673,STE MICHELLE WINE ESTATES  
65_LUTON_29407,65,29407,Wild Horse CC Merlot,750mL,1,15.99,15.99,2024-10-28,750.0,2,0.11,1392,CONSTELLATION BRANDS INC   
39_EASTHALLOW_5817,39,5817,GranGala Triple Orange,1.75L,1,29.99,29.99,2024-10-07,1750.0,1,1.84,8004,SAZERAC CO INC             
25_CAERSHIRE_12181,25,12181,Cakebread Chard,750mL,2,75.98,37.99,2024-12-21,750.0,2,0.22,4692,KOBRAND CORPORATION        
6_GOULCREST_8068,6,8068,Absolut 80 Proof,1.75L,12,299.88,24.99,2024-04-21,1750.0,1,22.05,17035,PERNOD RICARD USA          
10_HORNSEY_1366,10,1366,Red Stag by Jim Beam,50mL,2,2.58,1.29,2024-04-03,50.0,1,0.1,12546,JIM BEAM BRANDS COMPANY    
30_CULCHETH_3877,30,3877,Smirnoff Green Apple Vodka,750mL,2,21.98,10.99,2024-03-28,750.0,1,1.57,3960,DIAGEO NORTH AMERICA INC   
9_BLACKPOOL_33149,9,33149,Alamos Ridge Malbec Mendoza,750mL,1,8.99,8.99,2024-05-20,750.0,2,0.11,3252,E & J GALLO WINERY         
56_BEGGAR'S HOLE_3924,56,3924,Espolon Blanco Tequila,750mL,1,23.99,23.99,2024-03-26,750.0,1,0.79,11567,CAMPARI AMERICA            
32_MOUNTMEND_3840,32,3840,Smirnoff Raspberry Vodka,1.75L,1,19.99,19.99,2024-10-27,1750.0,1,1.84,3960,DIAGEO NORTH AMERICA INC   
74_PAENTMARWY_2890,74,2890,Four Roses Bourbon,750mL,3,83.97,27.99,2024-09-24,750.0,1,2.36,9552,M S WALKER INC             
51_ABERDEEN_27644,51,27644,Cline Znfdl Cal,750mL,1,9.99,9.99,2024-07-10,750.0,2,0.11,4425,MARTIGNETTI COMPANIES
44_PORTHCRAWL_27831,44,27831,Wild Horse CC Chard,750mL,2,23.98,11.99,2024-10-14,750.0,2,0.22,1392,CONSTELLATION BRANDS INC   
7_STANMORE_5101,7,5101,Dr McGillicuddy's Mentholmnt,750mL,1,15.99,15.99,2024-04-03,750.0,1,0.79,8004,SAZERAC CO INC             
14_BROMWICH_1385,14,1385,Makers Mark,750mL,1,30.99,30.99,2024-05-29,750.0,1,0.79,12546,JIM BEAM BRANDS COMPANY    
50_MOUNTMEND_22902,50,22902,Hermann J Wiemer Semi Dry Rs,750mL,1,16.99,16.99,2024-09-08,750.0,2,0.11,9165,ULTRA BEVERAGE COMPANY LLP 
69_MOUNTMEND_28947,69,28947,R M Woodbridge Merlot Cal,1.5L,3,26.97,8.99,2024-07-23,1500.0,2,0.68,1392,CONSTELLATION BRANDS INC   
7_STANMORE_33334,7,33334,Cavit Pinot Grigio Delle Ve,187mL 4 Pk,1,8.99,8.99,2024-06-08,187.0,2,0.03,6785,PALM BAY INTERNATIONAL INC 
19_WINTERVALE_3630,19,3630,Stolichnaya Razberi,1.75L,2,49.98,24.99,2024-05-29,1750.0,1,3.67,8664,"STOLI GROUP,(USA) LLC      "
30_CULCHETH_8961,30,8961,Jose Cuervo Especial,50mL,4,5.96,1.49,2024-11-10,50.0,1,0.21,7245,PROXIMO SPIRITS INC.       
33_HORNSEY_2196,33,2196,Canadian Hunter Whiskey,1.75L,1,11.99,11.99,2024-10-27,1750.0,1,1.84,8004,SAZERAC CO INC             
34_PITMERDEN_23423,34,23423,Santa Rita RSV Chard,750mL,2,21.98,10.99,2024-05-22,750.0,2,0.22,6785,PALM BAY INTERNATIONAL INC 
73_DONCASTER_2045,73,2045,Monkey 47 Dry Gin,375mL,2,75.98,37.99,2024-07-31,375.0,1,0.79,3089,SIDNEY FRANK IMPORTING CO  
75_BARNCOMBE_8202,75,8202,Sambuca Romana,750mL,2,35.98,17.99,2024-12-17,750.0,1,1.57,3960,DIAGEO NORTH AMERICA INC   
57_LANTEGLOS_1233,57,1233,Jack Daniels No 7 Black,1.75L,4,139.96,34.99,2024-12-02,1750.0,1,7.35,1128,BROWN-FORMAN CORP          
59_CLAETHORPES_15393,59,15393,Cupcake Pnt Grigio,750mL,2,15.98,7.99,2024-05-27,750.0,2,0.22,9815,WINE GROUP INC             
56_BEGGAR'S HOLE_2589,56,2589,Jameson Irish Whiskey,1.75L,1,39.99,39.99,2024-07-11,1750.0,1,1.84,17035,PERNOD RICARD USA          
2_ASHBORNE_8691,2,8691,Jose Cuervo Especial,750mL,1,15.99,15.99,2024-12-01,750.0,1,0.79,7245,PROXIMO SPIRITS INC.       
15_WANBORNE_1023,15,1023,Hennessy VSOP Cognac + 50mL,750mL,2,93.98,46.99,2024-07-14,750.0,1,1.57,8112,MOET HENNESSY USA INC      
76_DONCASTER_28163,76,28163,Villa Maria Svgn Bl Pvt Bin,750mL,2,31.98,15.99,2024-05-06,750.0,2,0.22,8673,STE MICHELLE WINE ESTATES  
30_CULCHETH_36380,30,36380,Sebastiani Znfdl Sonoma Cnty,750mL,1,9.99,9.99,2024-02-07,750.0,2,0.11,4425,MARTIGNETTI COMPANIES
79_BALLYMENA_3329,79,3329,Seagrams Extra Smooth Vodka,1.75L,3,47.97,15.99,2024-12-15,1750.0,1,5.51,9165,ULTRA BEVERAGE COMPANY LLP 
2_ASHBORNE_126,2,126,Grey Goose Vodka,Liter,1,32.99,32.99,2024-08-09,1000.0,1,1.05,480,BACARDI USA INC            
76_DONCASTER_25522,76,25522,Sutter Home Clsc Cab Svgn,187mL 4 Pk,1,5.99,5.99,2024-12-03,187.0,2,0.03,8892,TRINCHERO FAMILY ESTATES   
59_CLAETHORPES_28856,59,28856,Seghesio Znfdl Sonoma,750mL,1,19.99,19.99,2024-07-10,750.0,2,0.11,4425,MARTIGNETTI COMPANIES
1_HARDERSFIELD_8413,1,8413,St Elder Elderflower Liqueur,750mL,1,17.99,17.99,2024-07-03,750.0,1,0.79,9552,M S WALKER INC             
20_BREDWARDINE_3257,20,3257,Gilbeys London Dry Trav,750mL,1,5.99,5.99,2024-11-21,750.0,1,0.79,12546,JIM BEAM BRANDS COMPANY    
75_BARNCOMBE_3606,75,3606,Smirnoff Raspberry Vodka,50mL,6,5.94,0.99,2024-06-10,50.0,1,0.32,3960,DIAGEO NORTH AMERICA INC   
4_EANVERNESS_3147,4,3147,Stolichnaya Chocolat Kokonut,50mL,1,0.99,0.99,2024-01-29,50.0,1,0.05,8664,"STOLI GROUP,(USA) LLC      "
78_EASTHAVEN_17175,78,17175,Beringer Classic Cab Svgn,1.5L,1,9.99,9.99,2024-11-15,1500.0,2,0.22,9819,TREASURY WINE ESTATES      
4_EANVERNESS_1375,4,1375,Jim Beam,750mL,2,29.98,14.99,2024-09-09,750.0,1,1.57,12546,JIM BEAM BRANDS COMPANY    
1_HARDERSFIELD_4939,1,4939,Kapali Coffee,1.75L,2,31.98,15.99,2024-01-03,1750.0,1,3.67,8004,SAZERAC CO INC             
62_KILMARNOCK_26948,62,26948,Ferrari-Carano Chard,750mL,1,18.99,18.99,2024-05-06,750.0,2,0.11,2000,SOUTHERN WINE & SPIRITS NE 
25_CAERSHIRE_8576,25,8576,E & J Brandy VS,375mL,1,4.99,4.99,2024-03-13,375.0,1,0.39,3252,E & J GALLO WINERY         
51_ABERDEEN_36770,51,36770,Yellow Tail Cab Svgn Ausl,1.5L,13,116.35,8.95,2024-03-03,1500.0,2,2.92,4425,MARTIGNETTI COMPANIES
72_HARDERSFIELD_8112,72,8112,Stolichnaya,1.75L,3,74.97,24.99,2024-11-18,1750.0,1,5.51,8664,"STOLI GROUP,(USA) LLC      "
15_WANBORNE_3829,15,3829,Three Olives Peach Vodka,750mL,2,23.98,11.99,2024-06-22,750.0,1,1.57,7245,PROXIMO SPIRITS INC.       
12_LEESIDE_3878,12,3878,Smirnoff 80 Proof,750mL,2,21.98,10.99,2024-09-02,750.0,1,1.57,3960,DIAGEO NORTH AMERICA INC   
16_LUNDY_3272,16,3272,Sobieski Vodka,1.75L,1,22.99,22.99,2024-04-01,1750.0,1,1.84,9552,M S WALKER INC             
14_BROMWICH_6396,14,6396,Taylor Dry Sherry,1.5L,1,7.79,7.79,2024-11-14,1500.0,2,0.22,1392,CONSTELLATION BRANDS INC   
31_HORNSEY_3594,31,3594,Pinnacle Tropical Punch,50mL,2,1.98,0.99,2024-11-16,50.0,1,0.1,12546,JIM BEAM BRANDS COMPANY    
58_HARTLEPOOL_2531,58,2531,WhistlePig 10 Yr Old Rye,750mL,1,69.99,69.99,2024-12-17,750.0,1,0.79,10754,PERFECTA WINES             
67_EANVERNESS_10735,67,10735,Ch Beauchene Rose,750mL,2,27.98,13.99,2024-07-27,750.0,2,0.22,10754,PERFECTA WINES             
51_ABERDEEN_1789,51,1789,Jack Daniels Tennesse Fire,750mL,1,22.99,22.99,2024-03-26,750.0,1,0.79,1128,BROWN-FORMAN CORP          
53_HILLFAR_1376,53,1376,Jim Beam,1.75L,9,215.91,23.99,2024-05-26,1750.0,1,16.54,12546,JIM BEAM BRANDS COMPANY    
1_HARDERSFIELD_26359,1,26359,Fizz 56 Sparkling Red,375mL,1,3.99,3.99,2024-07-31,375.0,2,0.06,4425,MARTIGNETTI COMPANIES
68_SOLARIS_3344,68,3344,Bombay Sapphire Gin,750mL,5,99.95,19.99,2024-12-31,750.0,1,3.94,480,BACARDI USA INC            
1_HARDERSFIELD_3857,1,3857,Grey Goose Vodka,1.75L,2,99.98,49.99,2024-12-18,1750.0,1,3.67,480,BACARDI USA INC            
8_ALNERWICK_4268,8,4268,Capt Morgan Private Stock,750mL,1,20.99,20.99,2024-09-12,750.0,1,0.79,3960,DIAGEO NORTH AMERICA INC   
58_HARTLEPOOL_8653,58,8653,M & R Extra Dry Vermouth,375mL,1,5.29,5.29,2024-06-11,375.0,2,0.06,480,BACARDI USA INC            
38_GOULCREST_13458,38,13458,Ch Ste Michelle Harvest Rsl,750mL,1,11.99,11.99,2024-01-21,750.0,2,0.11,8673,STE MICHELLE WINE ESTATES  
12_LEESIDE_1258,12,1258,Jim Beam Black,750mL,1,22.99,22.99,2024-01-03,750.0,1,0.79,12546,JIM BEAM BRANDS COMPANY    
70_KELD_3512,70,3512,Pinnacle Vodka,1.75L,1,16.99,16.99,2024-02-28,1750.0,1,1.84,12546,JIM BEAM BRANDS COMPANY    
11_CARDEND_10727,11,10727,Starborough Svgn Bl Marlboro,750mL,5,49.95,9.99,2024-03-19,750.0,2,0.56,3252,E & J GALLO WINERY         
73_DONCASTER_1870,73,1870,Oban Distiller's Edition,750mL,1,79.99,79.99,2024-02-13,750.0,1,0.79,3960,DIAGEO NORTH AMERICA INC   
32_MOUNTMEND_807,32,807,Jim Beam,Liter,1,17.99,17.99,2024-10-15,1000.0,1,1.05,12546,JIM BEAM BRANDS COMPANY    
76_DONCASTER_12415,76,12415,Callia Alta Pnt Grigio,750mL,1,8.99,8.99,2024-03-24,750.0,2,0.11,6785,PALM BAY INTERNATIONAL INC 
71_CLARCTON_1231,71,1231,Jack Daniels No 7 Black,375mL,1,10.99,10.99,2024-10-08,375.0,1,0.39,1128,BROWN-FORMAN CORP          
38_GOULCREST_3830,38,3830,Grey Goose L'Orange Vodka,750mL,4,95.96,23.99,2024-07-25,750.0,1,3.15,480,BACARDI USA INC            
74_PAENTMARWY_8082,74,8082,Baileys Irish Cream,1.75L,5,149.95,29.99,2024-10-16,1750.0,1,9.19,3960,DIAGEO NORTH AMERICA INC   
34_PITMERDEN_3089,34,3089,Evan Williams Honey Reserve,750mL,1,13.99,13.99,2024-10-21,750.0,1,0.79,3924,HEAVEN HILL DISTILLERIES   
55_DRY GULCH_26181,55,26181,Jaume Serra Cristalino Brut,750mL,1,7.95,7.95,2024-11-17,750.0,2,0.11,4425,MARTIGNETTI COMPANIES
10_HORNSEY_37842,10,37842,Dona Paula Malbec Mendoza,750mL,12,143.88,11.99,2024-08-03,750.0,2,1.35,8892,TRINCHERO FAMILY ESTATES   
2_ASHBORNE_1373,2,1373,Jim Beam Honey,750mL,1,14.49,14.49,2024-04-29,750.0,1,0.79,12546,JIM BEAM BRANDS COMPANY    
15_WANBORNE_44620,15,44620,A to Z Ore Chard,750mL,1,14.99,14.99,2024-08-19,750.0,2,0.11,9165,ULTRA BEVERAGE COMPANY LLP 
78_EASTHAVEN_3545,78,3545,Ketel One Vodka,1.75L,5,159.95,31.99,2024-10-15,1750.0,1,9.19,3960,DIAGEO NORTH AMERICA INC   
78_EASTHAVEN_1378,78,1378,Jim Beam,375mL,1,9.49,9.49,2024-11-04,375.0,1,0.39,12546,JIM BEAM BRANDS COMPANY    
33_HORNSEY_23145,33,23145,Ch de Chantegrive Graves Rou,750mL,1,28.99,28.99,2024-01-17,750.0,2,0.11,10754,PERFECTA WINES             
41_LARNWICK_36539,41,36539,Liberty Creek Prem RSV Chard,1.5L,1,7.99,7.99,2024-09-26,1500.0,2,0.22,3252,E & J GALLO WINERY         
41_LARNWICK_6596,41,6596,Kenwood Svgn Bl Sonoma,750mL,1,10.99,10.99,2024-12-09,750.0,2,0.11,17035,PERNOD RICARD USA          
77_TAMWORTH_46379,77,46379,Ghost Pine Cab Svgn LMartini,750mL,1,14.99,14.99,2024-03-24,750.0,2,0.11,3252,E & J GALLO WINERY         
43_WOLFORD_4269,43,4269,Calico Jack Spiced Rum,1.75L,1,11.99,11.99,2024-08-27,1750.0,1,1.84,12546,JIM BEAM BRANDS COMPANY    
12_LEESIDE_25883,12,25883,Honig Cab Svgn Napa,750mL,1,35.99,35.99,2024-01-15,750.0,2,0.11,7153,PINE STATE TRADING CO      
73_DONCASTER_3436,73,3436,Bombay Dry Gin,1.75L,6,149.94,24.99,2024-10-09,1750.0,1,11.02,480,BACARDI USA INC            
30_CULCHETH_4478,30,4478,Myers Original Dark Rum,750mL,1,17.99,17.99,2024-04-16,750.0,1,0.79,3960,DIAGEO NORTH AMERICA INC   
8_ALNERWICK_3502,8,3502,Pinnacle Vodka,750mL,1,10.99,10.99,2024-01-28,750.0,1,0.79,12546,JIM BEAM BRANDS COMPANY    
73_DONCASTER_45322,73,45322,Zabrin de Fuego Garnacha,750mL,5,44.95,8.99,2024-12-11,750.0,2,0.56,9552,M S WALKER INC             
53_HILLFAR_11888,53,11888,Penfolds Koonunga Hills Shir,750mL,1,14.99,14.99,2024-12-19,750.0,2,0.11,4425,MARTIGNETTI COMPANIES
55_DRY GULCH_2131,55,2131,Jack Daniels No 7 Black Trav,375mL,1,12.99,12.99,2024-07-11,375.0,1,0.39,1128,BROWN-FORMAN CORP          
51_ABERDEEN_3040,51,3040,Tito's Handmade Vodka,Liter,2,47.98,23.99,2024-07-02,1000.0,1,2.1,4425,MARTIGNETTI COMPANIES
19_WINTERVALE_7978,19,7978,M & R X Dry Vermouth,750mL,1,5.49,5.49,2024-07-30,750.0,1,0.79,480,BACARDI USA INC            
13_TARMSWORTH_5525,13,5525,Fernet-Branca Italian Liquer,750mL,1,24.99,24.99,2024-06-26,750.0,1,0.79,9165,ULTRA BEVERAGE COMPANY LLP 
52_GRAYCOTT_1892,52,1892,Yukon Jack,50mL,2,1.98,0.99,2024-12-02,50.0,1,0.1,3960,DIAGEO NORTH AMERICA INC   
55_DRY GULCH_3851,55,3851,Grey Goose Vodka,375mL,1,15.99,15.99,2024-02-27,375.0,1,0.39,480,BACARDI USA INC            
73_DONCASTER_2015,73,2015,Jack Daniels Tennessee Honey,750mL,12,275.88,22.99,2024-07-30,750.0,1,9.45,1128,BROWN-FORMAN CORP          
67_EANVERNESS_25522,67,25522,Sutter Home Clsc Cab Svgn,187mL 4 Pk,1,5.99,5.99,2024-03-12,187.0,2,0.03,8892,TRINCHERO FAMILY ESTATES   
34_PITMERDEN_1770,34,1770,Jack Daniels Tennessee Fire,1.75L,1,38.99,38.99,2024-01-21,1750.0,1,1.84,1128,BROWN-FORMAN CORP          
34_PITMERDEN_6651,34,6651,Rocca Delle Macie Chianti C,750mL,1,12.99,12.99,2024-09-23,750.0,2,0.11,6785,PALM BAY INTERNATIONAL INC 
9_BLACKPOOL_1868,9,1868,Lagavulin Single Malt 16-Yr,750mL,1,69.99,69.99,2024-07-26,750.0,1,0.79,3960,DIAGEO NORTH AMERICA INC   
23_ARBINGTON_4195,23,4195,Calico Jack Spiced Rum No 94,750mL,1,10.99,10.99,2024-09-08,750.0,1,0.79,12546,JIM BEAM BRANDS COMPANY    
33_HORNSEY_8970,33,8970,Ice Box Manhattan,1.75L,2,19.98,9.99,2024-12-23,1750.0,1,3.67,8004,SAZERAC CO INC             
53_HILLFAR_5292,53,5292,Rumpleminze,750mL,1,19.99,19.99,2024-01-19,750.0,1,0.79,3960,DIAGEO NORTH AMERICA INC   
72_HARDERSFIELD_2646,72,2646,Chivas Regal,1.75L,2,109.98,54.99,2024-12-14,1750.0,1,3.67,17035,PERNOD RICARD USA          
33_HORNSEY_26395,33,26395,Trapiche Cab Svgn Oak Cask,750mL,1,8.99,8.99,2024-11-22,750.0,2,0.11,9815,WINE GROUP INC             
34_PITMERDEN_3915,34,3915,Sauza Silver Tequila,750mL,1,12.99,12.99,2024-08-11,750.0,1,0.79,12546,JIM BEAM BRANDS COMPANY    
23_ARBINGTON_2155,23,2155,McClelland Islay Single Malt,1.75L,2,71.98,35.99,2024-04-14,1750.0,1,3.67,12546,JIM BEAM BRANDS COMPANY    
79_BALLYMENA_35670,79,35670,Redwood Creek Svgn Bl Cal,1.5L,1,10.99,10.99,2024-06-08,1500.0,2,0.22,3252,E & J GALLO WINERY         
72_HARDERSFIELD_6864,72,6864,St Francis Chard,750mL,1,10.99,10.99,2024-08-28,750.0,2,0.11,4692,KOBRAND CORPORATION        
16_LUNDY_3244,16,3244,Burnetts Vodka,750mL,2,13.58,6.79,2024-06-25,750.0,1,1.57,3924,HEAVEN HILL DISTILLERIES   
68_SOLARIS_21883,68,21883,Chusclan Les Genets CDR,750mL,1,6.99,6.99,2024-09-01,750.0,2,0.11,9165,ULTRA BEVERAGE COMPANY LLP 
76_DONCASTER_46950,76,46950,Alta Classe Mntplcno Abruzzo,750mL,1,7.99,7.99,2024-07-26,750.0,2,0.11,90033,FANTASY FINE WINES CORP    
53_HILLFAR_40098,53,40098,Black Box Merlot Cal,3L,2,37.98,18.99,2024-02-27,3000.0,2,0.9,1392,CONSTELLATION BRANDS INC   
74_PAENTMARWY_11196,74,11196,Angelini Pnt Grigio Veneto,750mL,2,21.98,10.99,2024-07-29,750.0,2,0.22,7153,PINE STATE TRADING CO      
37_PAETHSMOUTH_4858,37,4858,Kraken Black Spiced Rum,50mL,1,1.99,1.99,2024-10-08,50.0,1,0.05,7245,PROXIMO SPIRITS INC.       
67_EANVERNESS_1373,67,1373,Jim Beam Honey,750mL,2,28.98,14.49,2024-01-04,750.0,1,1.57,12546,JIM BEAM BRANDS COMPANY    
35_HALIVAARA_4343,35,4343,Cruzan Blueberry Lemonade,750mL,1,9.99,9.99,2024-11-05,750.0,1,0.79,12546,JIM BEAM BRANDS COMPANY    
60_IRRAGIN_5232,60,5232,DeKuyper Buttershots Schnaps,1.75L,1,16.99,16.99,2024-03-07,1750.0,1,1.84,12546,JIM BEAM BRANDS COMPANY    
49_GARIGILL_680,49,680,Midnight Moon Strawberry,750mL,1,19.99,19.99,2024-06-17,750.0,1,0.79,9165,ULTRA BEVERAGE COMPANY LLP 
32_MOUNTMEND_32907,32,32907,Sterling Vintners Cltn Chard,750mL,1,9.99,9.99,2024-09-07,750.0,2,0.11,1590,DIAGEO CHATEAU ESTATE WINES
37_PAETHSMOUTH_5747,37,5747,Malibu Pineapple Rum,750mL,1,12.99,12.99,2024-02-26,750.0,1,0.79,17035,PERNOD RICARD USA          
74_PAENTMARWY_23649,74,23649,Tom Gore Cabernet Svgn CA,750mL,1,12.99,12.99,2024-12-02,750.0,2,0.11,1392,CONSTELLATION BRANDS INC   
77_TAMWORTH_3699,77,3699,Chopin Vodka,1.75L,1,39.99,39.99,2024-08-13,1750.0,1,1.84,6213,MHW LTD                    
68_SOLARIS_5390,68,5390,Dr McGillicuddy's Peach,50mL,2,1.98,0.99,2024-02-01,50.0,1,0.1,8004,SAZERAC CO INC             
38_GOULCREST_19019,38,19019,Save Me San Francisco Merlot,750mL,2,21.98,10.99,2024-01-02,750.0,2,0.22,9815,WINE GROUP INC             
15_WANBORNE_7818,15,7818,Andre Cold Duck,750mL,2,10.98,5.49,2024-12-26,750.0,2,0.22,3252,E & J GALLO WINERY         
7_STANMORE_24088,7,24088,Hess Select Cab Svgn,750mL,1,12.95,12.95,2024-11-25,750.0,2,0.11,4425,MARTIGNETTI COMPANIES
21_BALERNO_41252,21,41252,Beringer Classic Pnt Grigio,1.5L,7,48.93,6.99,2024-06-11,1500.0,2,1.57,9819,TREASURY WINE ESTATES      
50_MOUNTMEND_13636,50,13636,Charles Smith C Smith Cab Sv,750mL,1,18.99,18.99,2024-01-29,750.0,2,0.11,10754,PERFECTA WINES             
34_PITMERDEN_5480,34,5480,E & J Superior RSV VSOP,750mL,1,10.99,10.99,2024-08-21,750.0,1,0.79,3252,E & J GALLO WINERY         
74_PAENTMARWY_8021,74,8021,Glenfiddich Special Rsv 12,750mL,2,85.98,42.99,2024-10-15,750.0,1,1.57,3664,WILLIAM GRANT & SONS INC   
64_CESTERFIELD_5368,64,5368,Midori Melon Liqueur,750mL,1,19.99,19.99,2024-10-20,750.0,1,0.79,12546,JIM BEAM BRANDS COMPANY    
40_BULLMAR_4201,40,4201,Calico Jack Silver Rum,1.75L,1,12.99,12.99,2024-04-22,1750.0,1,1.84,12546,JIM BEAM BRANDS COMPANY    
67_EANVERNESS_13940,67,13940,Black Box Malbec,3L,7,111.93,15.99,2024-06-28,3000.0,2,3.15,1392,CONSTELLATION BRANDS INC   
21_BALERNO_26818,21,26818,Ravenswood Znfdl Napa,750mL,1,15.99,15.99,2024-07-01,750.0,2,0.11,1392,CONSTELLATION BRANDS INC   
19_WINTERVALE_1883,19,1883,Seagrams 7 Crown,1.75L,2,35.98,17.99,2024-10-26,1750.0,1,3.67,3960,DIAGEO NORTH AMERICA INC   
76_DONCASTER_34439,76,34439,Toad Hollow Mendocino Chard,750mL,2,27.98,13.99,2024-01-29,750.0,2,0.22,9552,M S WALKER INC             
60_IRRAGIN_41072,60,41072,Angeline Pnt Nr Rsv,750mL,3,41.97,13.99,2024-10-08,750.0,2,0.34,9552,M S WALKER INC             
50_MOUNTMEND_2682,50,2682,The Glendronach 12 Yr Scotch,750mL,1,57.99,57.99,2024-08-30,750.0,1,0.79,9165,ULTRA BEVERAGE COMPANY LLP 
73_DONCASTER_3041,73,3041,Zhenka Pink Lemonade Vodka,1.75L,1,8.99,8.99,2024-02-12,1750.0,1,1.84,9552,M S WALKER INC             
41_LARNWICK_25590,41,25590,Cross Springs Pnt Nr Colusa,750mL,2,17.98,8.99,2024-07-12,750.0,2,0.22,2000,SOUTHERN WINE & SPIRITS NE 
67_EANVERNESS_3306,67,3306,Hammer & Sickle Vodka,1.75L,3,119.97,39.99,2024-09-02,1750.0,1,5.51,4550,KLIN SPIRITS LLC           
6_GOULCREST_8072,6,8072,Taittinger Brut La Francais,750mL,1,36.99,36.99,2024-11-06,750.0,2,0.11,4692,KOBRAND CORPORATION        
68_SOLARIS_8626,68,8626,Ezra Brooks,1.75L,1,15.99,15.99,2024-08-20,1750.0,1,1.84,8352,LUXCO INC                  
43_WOLFORD_5440,43,5440,Jagermeister Liqueur,1.75L,2,65.98,32.99,2024-10-28,1750.0,1,3.67,3089,SIDNEY FRANK IMPORTING CO  
67_EANVERNESS_2862,67,2862,Pinch 15-Yr by Haig & Haig,750mL,1,36.99,36.99,2024-06-30,750.0,1,0.79,3960,DIAGEO NORTH AMERICA INC   
34_PITMERDEN_3316,34,3316,Ciroc Peach Vodka,375mL,1,15.49,15.49,2024-02-18,375.0,1,0.39,3960,DIAGEO NORTH AMERICA INC   
77_TAMWORTH_14240,77,14240,Ninety+Cellars Lot 2 Svgn Bl,750mL,1,10.99,10.99,2024-09-24,750.0,2,0.11,4950,LATITUDE BEVERAGE COMPANY  
23_ARBINGTON_7341,23,7341,Smirnoff Watermelon,50mL,3,2.97,0.99,2024-03-26,50.0,1,0.16,3960,DIAGEO NORTH AMERICA INC   
6_GOULCREST_2838,6,2838,Calumet Bourbon,750mL,1,44.99,44.99,2024-04-30,750.0,1,0.79,9625,WESTERN SPIRITS BEVERAGE CO
66_EANVERNESS_2679,66,2679,Dewars Highlander Honey,750mL,1,19.99,19.99,2024-08-04,750.0,1,0.79,480,BACARDI USA INC            
9_BLACKPOOL_31487,9,31487,Barefoot Bubbly Brut Cve,750mL,3,20.85,6.95,2024-08-13,750.0,2,0.34,3252,E & J GALLO WINERY         
55_DRY GULCH_6479,55,6479,Clos du Bois Chard,750mL,3,26.97,8.99,2024-07-29,750.0,2,0.34,1392,CONSTELLATION BRANDS INC   
73_DONCASTER_4868,73,4868,Skyy Infusions Blueberry,50mL,3,2.97,0.99,2024-08-12,50.0,1,0.16,11567,CAMPARI AMERICA            
13_TARMSWORTH_24188,13,24188,St Francis Cab Svgn Sonoma,750mL,1,15.99,15.99,2024-06-24,750.0,2,0.11,4692,KOBRAND CORPORATION        
73_DONCASTER_10727,73,10727,Starborough Svgn Bl Marlboro,750mL,10,99.9,9.99,2024-10-09,750.0,2,1.12,3252,E & J GALLO WINERY         
68_SOLARIS_23255,68,23255,Balletto Vyds Pnt Gris,750mL,3,35.97,11.99,2024-07-23,750.0,2,0.34,653,STATE WINE & SPIRITS   
72_HARDERSFIELD_8110,72,8110,Tribuno Dry Vermouth,1.5L,1,8.99,8.99,2024-07-27,1500.0,1,1.57,9815,WINE GROUP INC             
54_GUTHRAM_8258,54,8258,Campari,750mL,1,29.99,29.99,2024-11-17,750.0,1,0.79,11567,CAMPARI AMERICA            
59_CLAETHORPES_2418,59,2418,Crown Royal Regal Apple,750mL,1,22.99,22.99,2024-01-28,750.0,1,0.79,3960,DIAGEO NORTH AMERICA INC   
42_BLACK HOLLOW_5694,42,5694,Ice Box Mudslide,1.75L,1,9.99,9.99,2024-10-24,1750.0,1,1.84,8004,SAZERAC CO INC             
64_CESTERFIELD_2790,64,2790,High West American Prairie,750mL,1,29.99,29.99,2024-12-21,750.0,1,0.79,9165,ULTRA BEVERAGE COMPANY LLP 
59_CLAETHORPES_3172,59,3172,Skyy Infusions Blood Orange,750mL,1,12.99,12.99,2024-11-10,750.0,1,0.79,11567,CAMPARI AMERICA            
34_PITMERDEN_46023,34,46023,Spellbound Petite Sirah Cal,750mL,2,25.98,12.99,2024-06-15,750.0,2,0.22,9165,ULTRA BEVERAGE COMPANY LLP 
71_CLARCTON_4391,71,4391,Matusalem Gran Reserva Rum,750mL,1,29.99,29.99,2024-02-06,750.0,1,0.79,7245,PROXIMO SPIRITS INC.       
56_BEGGAR'S HOLE_1535,56,1535,Gentleman Jack,50mL,2,7.98,3.99,2024-02-06,50.0,1,0.1,1128,BROWN-FORMAN CORP          
59_CLAETHORPES_2145,59,2145,WolfHound Irish Whiskey,750mL,1,16.99,16.99,2024-04-26,750.0,1,0.79,7153,PINE STATE TRADING CO      
50_MOUNTMEND_8970,50,8970,Ice Box Manhattan,1.75L,2,23.98,11.99,2024-10-02,1750.0,1,3.67,8004,SAZERAC CO INC             
77_TAMWORTH_43131,77,43131,Carpano Antica Formula,375mL,1,14.99,14.99,2024-12-31,375.0,2,0.06,9165,ULTRA BEVERAGE COMPANY LLP 
27_MOUNTMEND_1231,27,1231,Jack Daniels No 7 Black,375mL,6,77.94,12.99,2024-09-17,375.0,1,2.36,1128,BROWN-FORMAN CORP          
79_BALLYMENA_3423,79,3423,Beefeater,1.75L,1,24.99,24.99,2024-05-31,1750.0,1,1.84,17035,PERNOD RICARD USA          
71_CLARCTON_34427,71,34427,Frei Bros RSV Cab Svgn Alex,750mL,1,20.99,20.99,2024-11-06,750.0,2,0.11,3252,E & J GALLO WINERY         
77_TAMWORTH_3102,77,3102,Smirnoff Traveler,1.75L,6,101.94,16.99,2024-06-19,1750.0,1,11.02,3960,DIAGEO NORTH AMERICA INC   
